[Simulation Monitor: 106]
[2026-06-01 17:29:49.122 Z] [PROCESS] [cadence.virtuoso.ade.simulationMonitor] - Simulation Monitor has successfully started up. Trying to set up communication channels to other components ... {"hostname": "il2244vt26_hrahimi", "processid": 1518757, "logfile": "/home/hrahimi/projects/POTENTIOSTAT_26/logs_hrahimi/logs0/Job106.log"}
[2026-06-01 17:29:49.124 Z] [PROCESS] [cadence.virtuoso.ade.simulationMonitor] - Communication channels have been successfully set up. Start processing events ... {"hostname": "il2244vt26_hrahimi", "processid": 1518757, "logfile": "/home/hrahimi/projects/POTENTIOSTAT_26/logs_hrahimi/logs0/Job106.log"}
[2026-06-01 17:29:49.124 Z] [PROCESS] [cadence.virtuoso.ade.simulationMonitor] - Considering to start history {"hostname": "il2244vt26_hrahimi", "processid": 1518757, "history": "Interactive.322", "logfile": "/home/hrahimi/projects/POTENTIOSTAT_26/logs_hrahimi/logs0/Job106.log"}
[2026-06-01 17:29:49.131 Z] [PROCESS] [cadence.virtuoso.ade.simulationMonitor] - HostInfo:
Host name (type):	il2244vt26_hrahimi (x86_64)
Operating system:	Linux 5.15.0-164-generic #174-Ubuntu SMP Fri Nov 14 20:25:16 UTC 2025 {"hostname": "il2244vt26_hrahimi", "processid": 1518757, "history": "Interactive.322", "logfile": "/home/hrahimi/projects/POTENTIOSTAT_26/logs_hrahimi/logs0/Job106.log", "nodename": "il2244vt26_hrahimi", "domainname": "(none)", "machine": "x86_64", "sysname": "Linux", "release": "5.15.0-164-generic", "version": "#174-Ubuntu SMP Fri Nov 14 20:25:16 UTC 2025"}
[2026-06-01 17:29:49.131 Z] [PROCESS] [cadence.virtuoso.ade.simulationMonitor] - UsageInfo:
pid=1518757
totalPhysicalMemory=3023.749672GB,Used=2506.886753GB,totalVirtualMemory=3031.749668GB,Used=2506.931431GB
Cpu: Cores=48, Load average:7.840000,7.660000,6.820000 {"hostname": "il2244vt26_hrahimi", "processid": 1518757, "history": "Interactive.322", "logfile": "/home/hrahimi/projects/POTENTIOSTAT_26/logs_hrahimi/logs0/Job106.log", "pid": "1518757", "totalPhysicalMemory": "3023.749672", "physicalMemoryUsed": "2506.886753", "totalVirtualMemory": "3031.749668", "virtualMemoryUsed": "2506.931431", "cpuCores": "48", "processes": "29579", "loadAverage1": "7.840000", "loadAverage5": "7.660000", "loadAverage15": "6.820000", "loadAverage1Percent": "0.163333"}
[2026-06-01 17:29:49.133 Z] [EVENT] [cadence.virtuoso.ade.simulationMonitor] - NewPoint {"history": "Interactive.322", "point": 4, "testname": "Poten", "cornername": "CMOS_Temp_Res_Cap_BJT_2", "event": "NewPoint", "EventSource": "Simulation Monitor", "HistoryName": "Interactive.322", "logFile": "/home/hrahimi/projects/POTENTIOSTAT_26/logs_hrahimi/logs0/Job106.log", "logFileSize": "2288"}
[2026-06-01 17:29:49.234 Z] [EVENT] [cadence.virtuoso.ade.simulationMonitor] - NewPoint {"history": "Interactive.322", "point": 4, "testname": "Poten", "cornername": "CMOS_Temp_Res_Cap_BJT_2", "event": "NewPoint", "EventSource": "spectre", "HistoryName": "Interactive.322", "logFile": "/home/hrahimi/projects/POTENTIOSTAT_26/Sim/Potentiostat_Top/top/maestro/results/maestro/Interactive.322/4/Poten/psf/spectre.out", "logFileSize": "-1"}
[2026-06-01 17:29:49.734 Z] [PROCESS] [cadence.virtuoso.ade.simulationMonitor] - Simulator launched {"hostname": "il2244vt26_hrahimi", "processid": 1518757, "history": "Interactive.322", "testname": "Poten", "cornername": "CMOS_Temp_Res_Cap_BJT_2", "point": 4, "logfile": "/home/hrahimi/projects/POTENTIOSTAT_26/logs_hrahimi/logs0/Job106.log", "simid": "1"}
[2026-06-01 17:29:49.738 Z] [PROCESS] [cadence.virtuoso.ade.simulationMonitor] - Expression evaluator launched {"hostname": "il2244vt26_hrahimi", "processid": 1518757, "history": "Interactive.322", "testname": "Poten", "cornername": "CMOS_Temp_Res_Cap_BJT_2", "point": 4, "logfile": "/home/hrahimi/projects/POTENTIOSTAT_26/logs_hrahimi/logs0/Job106.log"}
[2026-06-01 17:29:49.808 Z] [PROCESS] [cadence.virtuoso.ade.simulationMonitor] - Started Simulation {"hostname": "il2244vt26_hrahimi", "processid": 1518757, "history": "Interactive.322", "testname": "Poten", "cornername": "CMOS_Temp_Res_Cap_BJT_2", "point": 4, "logfile": "/home/hrahimi/projects/POTENTIOSTAT_26/logs_hrahimi/logs0/Job106.log", "event": "started", "task": "simulation"}
[2026-06-01 17:29:50.809 Z] [WARN] [cadence.virtuoso.ade.simulationMonitor] -     WARNING (SPECTRE-691): This CPU processor does not support x86 advanced vector extensions instructions. This may affect math operations and slow down the simulation. {"history": "Interactive.322", "point": 4, "testname": "Poten", "cornername": "CMOS_Temp_Res_Cap_BJT_2"}
[2026-06-01 17:29:50.810 Z] [INFO] [cadence.virtuoso.ade.simulationMonitor] - Notice from spectre during circuit read-in.
    Pre_Configuration file used: /opt/tools/cadence/installs/SPECTRE241/tools.lnx86/spectre/etc/configs/preset.precfg
    Configuration file used: `/opt/tools/cadence/installs/SPECTRE241/tools.lnx86/spectre/etc/configs/preset.cfg'. {"history": "Interactive.322", "point": 4, "testname": "Poten", "cornername": "CMOS_Temp_Res_Cap_BJT_2"}
[2026-06-01 17:29:50.810 Z] [WARN] [cadence.virtuoso.ade.simulationMonitor] -     WARNING (SPECTRE-8360): line 1511: `ac' is an undefined primitive device. {"history": "Interactive.322", "point": 4, "testname": "Poten", "cornername": "CMOS_Temp_Res_Cap_BJT_2"}
[2026-06-01 17:29:50.810 Z] [WARN] [cadence.virtuoso.ade.simulationMonitor] -     WARNING (SPECTRE-8360): line 1512: `ac' is an undefined primitive device. {"history": "Interactive.322", "point": 4, "testname": "Poten", "cornername": "CMOS_Temp_Res_Cap_BJT_2"}
[2026-06-01 17:29:50.810 Z] [WARN] [cadence.virtuoso.ade.simulationMonitor] -     WARNING (SPECTRE-8360): line 1513: `ac' is an undefined primitive device. {"history": "Interactive.322", "point": 4, "testname": "Poten", "cornername": "CMOS_Temp_Res_Cap_BJT_2"}
[2026-06-01 17:29:50.811 Z] [WARN] [cadence.virtuoso.ade.simulationMonitor] -     WARNING (SPECTRE-8360): line 1514: `ac' is an undefined primitive device. {"history": "Interactive.322", "point": 4, "testname": "Poten", "cornername": "CMOS_Temp_Res_Cap_BJT_2"}
[2026-06-01 17:29:50.811 Z] [WARN] [cadence.virtuoso.ade.simulationMonitor] -     WARNING (SPECTRE-8360): line 1515: `ac' is an undefined primitive device.
        Further occurrences of this warning will be suppressed. {"history": "Interactive.322", "point": 4, "testname": "Poten", "cornername": "CMOS_Temp_Res_Cap_BJT_2"}
[2026-06-01 17:29:50.811 Z] [WARN] [cadence.virtuoso.ade.simulationMonitor] -     WARNING (VACOMP-2435): The environment variable CDS_AHDLCMI_ENABLE is no longer supported. Therefore, the simulator will use the default compiled C code flow. {"history": "Interactive.322", "point": 4, "testname": "Poten", "cornername": "CMOS_Temp_Res_Cap_BJT_2"}
[2026-06-01 17:29:50.811 Z] [INFO] [cadence.virtuoso.ade.simulationMonitor] - Peak resident memory used = 188 Mbytes. {"history": "Interactive.322", "point": 4, "testname": "Poten", "cornername": "CMOS_Temp_Res_Cap_BJT_2"}
[2026-06-01 17:29:50.811 Z] [WARN] [cadence.virtuoso.ade.simulationMonitor] -     WARNING (SFE-2649): Terminals of top-level instance `R50', in file`netlist', at line 28548, are connected. Remove the instance and rerun the simulation. {"history": "Interactive.322", "point": 4, "testname": "Poten", "cornername": "CMOS_Temp_Res_Cap_BJT_2"}
[2026-06-01 17:29:50.811 Z] [WARN] [cadence.virtuoso.ade.simulationMonitor] -     WARNING (SFE-2649): Terminals of top-level instance `R48', in file`netlist', at line 28590, are connected. Remove the instance and rerun the simulation. {"history": "Interactive.322", "point": 4, "testname": "Poten", "cornername": "CMOS_Temp_Res_Cap_BJT_2"}
[2026-06-01 17:29:51.312 Z] [WARN] [cadence.virtuoso.ade.simulationMonitor] -     WARNING (SFE-3012): The dummy device I0.I16.DLIB12 is removed. {"history": "Interactive.322", "point": 4, "testname": "Poten", "cornername": "CMOS_Temp_Res_Cap_BJT_2"}
[2026-06-01 17:29:51.312 Z] [WARN] [cadence.virtuoso.ade.simulationMonitor] -     WARNING (SFE-3012): The dummy device I0.I15.DLIB9 is removed. {"history": "Interactive.322", "point": 4, "testname": "Poten", "cornername": "CMOS_Temp_Res_Cap_BJT_2"}
[2026-06-01 17:29:51.313 Z] [WARN] [cadence.virtuoso.ade.simulationMonitor] -     WARNING (SFE-3012): The dummy device I0.I17.DLIB5 is removed. {"history": "Interactive.322", "point": 4, "testname": "Poten", "cornername": "CMOS_Temp_Res_Cap_BJT_2"}
[2026-06-01 17:29:51.313 Z] [WARN] [cadence.virtuoso.ade.simulationMonitor] -     WARNING (SFE-3012): The dummy device I0.I44.DLIB10 is removed. {"history": "Interactive.322", "point": 4, "testname": "Poten", "cornername": "CMOS_Temp_Res_Cap_BJT_2"}
[2026-06-01 17:29:51.313 Z] [WARN] [cadence.virtuoso.ade.simulationMonitor] -     WARNING (SFE-3012): The dummy device I2.I25.I33.MP24<0>_turbo_m34 is removed.
        Further occurrences of this warning will be suppressed. {"history": "Interactive.322", "point": 4, "testname": "Poten", "cornername": "CMOS_Temp_Res_Cap_BJT_2"}
[2026-06-01 17:29:51.313 Z] [WARN] [cadence.virtuoso.ade.simulationMonitor] -     WARNING (SFE-3029): The dummy capacitor I7.I4.R31.CS1 is removed. {"history": "Interactive.322", "point": 4, "testname": "Poten", "cornername": "CMOS_Temp_Res_Cap_BJT_2"}
[2026-06-01 17:29:51.313 Z] [WARN] [cadence.virtuoso.ade.simulationMonitor] -     WARNING (SFE-3029): The dummy capacitor I7.I0.R3.CS1 is removed. {"history": "Interactive.322", "point": 4, "testname": "Poten", "cornername": "CMOS_Temp_Res_Cap_BJT_2"}
[2026-06-01 17:29:51.313 Z] [WARN] [cadence.virtuoso.ade.simulationMonitor] -     WARNING (SFE-3027): The dangling resistor I2.I56.re1184 is removed. {"history": "Interactive.322", "point": 4, "testname": "Poten", "cornername": "CMOS_Temp_Res_Cap_BJT_2"}
[2026-06-01 17:29:51.313 Z] [WARN] [cadence.virtuoso.ade.simulationMonitor] -     WARNING (SFE-3029): The dummy capacitor I7.I10_turbo_m4.C0.C1 is removed. {"history": "Interactive.322", "point": 4, "testname": "Poten", "cornername": "CMOS_Temp_Res_Cap_BJT_2"}
[2026-06-01 17:29:51.314 Z] [WARN] [cadence.virtuoso.ade.simulationMonitor] -     WARNING (SFE-3027): The dangling resistor I2.I56.re1178 is removed. {"history": "Interactive.322", "point": 4, "testname": "Poten", "cornername": "CMOS_Temp_Res_Cap_BJT_2"}
[2026-06-01 17:29:51.314 Z] [WARN] [cadence.virtuoso.ade.simulationMonitor] -     WARNING (SFE-3029): The dummy capacitor I7.I1.R2.CS1 is removed. {"history": "Interactive.322", "point": 4, "testname": "Poten", "cornername": "CMOS_Temp_Res_Cap_BJT_2"}
[2026-06-01 17:29:51.314 Z] [WARN] [cadence.virtuoso.ade.simulationMonitor] -     WARNING (SFE-3029): The dummy capacitor I7.I13_turbo_m5.C0.C1 is removed.
        Further occurrences of this warning will be suppressed. {"history": "Interactive.322", "point": 4, "testname": "Poten", "cornername": "CMOS_Temp_Res_Cap_BJT_2"}
[2026-06-01 17:29:51.314 Z] [WARN] [cadence.virtuoso.ade.simulationMonitor] -     WARNING (SFE-3028): The floating resistor R8 is removed. {"history": "Interactive.322", "point": 4, "testname": "Poten", "cornername": "CMOS_Temp_Res_Cap_BJT_2"}
[2026-06-01 17:29:51.314 Z] [WARN] [cadence.virtuoso.ade.simulationMonitor] -     WARNING (SFE-3015): The dangling node I2.I56.192\:V_ptat_inv is removed. {"history": "Interactive.322", "point": 4, "testname": "Poten", "cornername": "CMOS_Temp_Res_Cap_BJT_2"}
[2026-06-01 17:29:51.314 Z] [WARN] [cadence.virtuoso.ade.simulationMonitor] -     WARNING (SFE-3015): The dangling node I2.I56.105\:net7 is removed. {"history": "Interactive.322", "point": 4, "testname": "Poten", "cornername": "CMOS_Temp_Res_Cap_BJT_2"}
[2026-06-01 17:29:51.315 Z] [WARN] [cadence.virtuoso.ade.simulationMonitor] -     WARNING (SFE-3016): The floating node net73 is removed. {"history": "Interactive.322", "point": 4, "testname": "Poten", "cornername": "CMOS_Temp_Res_Cap_BJT_2"}
[2026-06-01 17:29:51.315 Z] [WARN] [cadence.virtuoso.ade.simulationMonitor] -     WARNING (SFE-3016): The floating node net74 is removed. {"history": "Interactive.322", "point": 4, "testname": "Poten", "cornername": "CMOS_Temp_Res_Cap_BJT_2"}
[2026-06-01 17:29:51.315 Z] [INFO] [cadence.virtuoso.ade.simulationMonitor] - Notice from spectre during hierarchy flattening.
    Spectre X Parasitic Optimization enabled.
    Parasitic optimization will filter out parasitic nodes, nodes only connected to RCs, by default. To view individual parasitic nodes use individual save statements (i.e. save out), or use the 'savefilter=none' option to save all parasitic nodes. Saving all parasitic nodes may slow down simulation and create large waveform files. {"history": "Interactive.322", "point": 4, "testname": "Poten", "cornername": "CMOS_Temp_Res_Cap_BJT_2"}
[2026-06-01 17:29:51.315 Z] [INFO] [cadence.virtuoso.ade.simulationMonitor] - Peak resident memory used = 210 Mbytes. {"history": "Interactive.322", "point": 4, "testname": "Poten", "cornername": "CMOS_Temp_Res_Cap_BJT_2"}
[2026-06-01 17:29:51.315 Z] [INFO] [cadence.virtuoso.ade.simulationMonitor] - Notice from spectre during hierarchy flattening.
    The value 'psf' specified for the 'checklimitdest' option will no longer be supported in future releases. Use 'spectre -h' to see other recommended values for the 'checklimitdest' option.
    I0.I46.RLIB_GC1.CS0 of rpoly1c: `c' has the unusually small value of 634.694e-21 F.
    I0.I46.RLIB_GC1.CS1 of rpoly1c: `c' has the unusually small value of 634.694e-21 F.
    I0.I45.RLIB_GC1.CS0 of rpoly1c: `c' has the unusually small value of 634.694e-21 F.
    I0... {"history": "Interactive.322", "point": 4, "testname": "Poten", "cornername": "CMOS_Temp_Res_Cap_BJT_2"}
[2026-06-01 17:29:51.315 Z] [INFO] [cadence.virtuoso.ade.simulationMonitor] - Notice from spectre during hierarchy flattening.
    V8: `period' has the unusually large value of 100 s.
    V7: `period' has the unusually large value of 10 s.
    V3: `period' has the unusually large value of 6 s.
    I26: `period' has the unusually large value of 6 s. {"history": "Interactive.322", "point": 4, "testname": "Poten", "cornername": "CMOS_Temp_Res_Cap_BJT_2"}
[2026-06-01 17:29:51.316 Z] [INFO] [cadence.virtuoso.ade.simulationMonitor] - Peak resident memory used = 219 Mbytes. {"history": "Interactive.322", "point": 4, "testname": "Poten", "cornername": "CMOS_Temp_Res_Cap_BJT_2"}
[2026-06-01 17:29:51.316 Z] [WARN] [cadence.virtuoso.ade.simulationMonitor] -     WARNING (CMI-2425): I7.I4.C1<0>_turbo_m11: `Acde' = 2.393 is unusually large. {"history": "Interactive.322", "point": 4, "testname": "Poten", "cornername": "CMOS_Temp_Res_Cap_BJT_2"}
[2026-06-01 17:29:51.316 Z] [WARN] [cadence.virtuoso.ade.simulationMonitor] -     WARNING (CMI-2425): I7.I4.C1<0>_turbo_m11: `Noff' = 4.732 is unusually large. {"history": "Interactive.322", "point": 4, "testname": "Poten", "cornername": "CMOS_Temp_Res_Cap_BJT_2"}
[2026-06-01 17:29:51.316 Z] [WARN] [cadence.virtuoso.ade.simulationMonitor] -     WARNING (CMI-2424): I7.I4.C1<0>_turbo_m11: `Voffcv' = -867.4e-03 is unusually small. {"history": "Interactive.322", "point": 4, "testname": "Poten", "cornername": "CMOS_Temp_Res_Cap_BJT_2"}
[2026-06-01 17:29:51.316 Z] [WARN] [cadence.virtuoso.ade.simulationMonitor] -     WARNING (CMI-2425): I7.I3.C1<0>_turbo_m6: `Acde' = 2.393 is unusually large. {"history": "Interactive.322", "point": 4, "testname": "Poten", "cornername": "CMOS_Temp_Res_Cap_BJT_2"}
[2026-06-01 17:29:51.316 Z] [WARN] [cadence.virtuoso.ade.simulationMonitor] -     WARNING (CMI-2425): I7.I3.C1<0>_turbo_m6: `Noff' = 4.732 is unusually large. {"history": "Interactive.322", "point": 4, "testname": "Poten", "cornername": "CMOS_Temp_Res_Cap_BJT_2"}
[2026-06-01 17:29:51.317 Z] [WARN] [cadence.virtuoso.ade.simulationMonitor] -     WARNING (CMI-2424): I7.I3.C1<0>_turbo_m6: `Voffcv' = -867.4e-03 is unusually small. {"history": "Interactive.322", "point": 4, "testname": "Poten", "cornername": "CMOS_Temp_Res_Cap_BJT_2"}
[2026-06-01 17:29:51.317 Z] [WARN] [cadence.virtuoso.ade.simulationMonitor] -     WARNING (CMI-2425): I7.I0.C0<0>_turbo_m6: `Acde' = 2.393 is unusually large.
        Further occurrences of this warning will be suppressed. {"history": "Interactive.322", "point": 4, "testname": "Poten", "cornername": "CMOS_Temp_Res_Cap_BJT_2"}
[2026-06-01 17:29:51.317 Z] [WARN] [cadence.virtuoso.ade.simulationMonitor] -     WARNING (CMI-2424): I7.I0.C0<0>_turbo_m6: `Voffcv' = -867.4e-03 is unusually small. {"history": "Interactive.322", "point": 4, "testname": "Poten", "cornername": "CMOS_Temp_Res_Cap_BJT_2"}
[2026-06-01 17:29:51.317 Z] [WARN] [cadence.virtuoso.ade.simulationMonitor] -     WARNING (CMI-2424): I7.I0.C2: `Voffcv' = -867.4e-03 is unusually small. {"history": "Interactive.322", "point": 4, "testname": "Poten", "cornername": "CMOS_Temp_Res_Cap_BJT_2"}
[2026-06-01 17:29:51.317 Z] [WARN] [cadence.virtuoso.ade.simulationMonitor] -     WARNING (CMI-2424): I7.I0.C1: `Voffcv' = -867.4e-03 is unusually small.
        Further occurrences of this warning will be suppressed. {"history": "Interactive.322", "point": 4, "testname": "Poten", "cornername": "CMOS_Temp_Res_Cap_BJT_2"}
[2026-06-01 17:29:51.818 Z] [WARN] [cadence.virtuoso.ade.simulationMonitor] -     WARNING (SPECTRE-16460): SOAC_esdgcp5_vcpsub:Specified subcircuit master `esdgcp5' was not found. {"history": "Interactive.322", "point": 4, "testname": "Poten", "cornername": "CMOS_Temp_Res_Cap_BJT_2"}
[2026-06-01 17:29:51.818 Z] [WARN] [cadence.virtuoso.ade.simulationMonitor] -     WARNING (SPECTRE-16462): SOAC_esdgcp5_vcpsub:Error in specification of subcircuit master. Assert is ignored. {"history": "Interactive.322", "point": 4, "testname": "Poten", "cornername": "CMOS_Temp_Res_Cap_BJT_2"}
[2026-06-01 17:29:51.818 Z] [WARN] [cadence.virtuoso.ade.simulationMonitor] -     WARNING (SPECTRE-16460): SOAC_esdgcp5_vac:Specified subcircuit master `esdgcp5' was not found. {"history": "Interactive.322", "point": 4, "testname": "Poten", "cornername": "CMOS_Temp_Res_Cap_BJT_2"}
[2026-06-01 17:29:51.818 Z] [WARN] [cadence.virtuoso.ade.simulationMonitor] -     WARNING (SPECTRE-16462): SOAC_esdgcp5_vac:Error in specification of subcircuit master. Assert is ignored. {"history": "Interactive.322", "point": 4, "testname": "Poten", "cornername": "CMOS_Temp_Res_Cap_BJT_2"}
[2026-06-01 17:29:51.819 Z] [WARN] [cadence.virtuoso.ade.simulationMonitor] -     WARNING (SPECTRE-16460): SOAC_esdgcn5_vac:Specified subcircuit master `esdgcn5' was not found. {"history": "Interactive.322", "point": 4, "testname": "Poten", "cornername": "CMOS_Temp_Res_Cap_BJT_2"}
[2026-06-01 17:29:51.819 Z] [WARN] [cadence.virtuoso.ade.simulationMonitor] -     WARNING (SPECTRE-16462): SOAC_esdgcn5_vac:Error in specification of subcircuit master. Assert is ignored. {"history": "Interactive.322", "point": 4, "testname": "Poten", "cornername": "CMOS_Temp_Res_Cap_BJT_2"}
[2026-06-01 17:29:51.819 Z] [WARN] [cadence.virtuoso.ade.simulationMonitor] -     WARNING (SPECTRE-16460): SOAC_esdfdp5_vcpsub:Specified subcircuit master `esdfdp5' was not found. {"history": "Interactive.322", "point": 4, "testname": "Poten", "cornername": "CMOS_Temp_Res_Cap_BJT_2"}
[2026-06-01 17:29:51.819 Z] [WARN] [cadence.virtuoso.ade.simulationMonitor] -     WARNING (SPECTRE-16462): SOAC_esdfdp5_vcpsub:Error in specification of subcircuit master. Assert is ignored. {"history": "Interactive.322", "point": 4, "testname": "Poten", "cornername": "CMOS_Temp_Res_Cap_BJT_2"}
[2026-06-01 17:29:51.819 Z] [WARN] [cadence.virtuoso.ade.simulationMonitor] -     WARNING (SPECTRE-16460): SOAC_esdfdp5_vac:Specified subcircuit master `esdfdp5' was not found.
        Further occurrences of this warning will be suppressed. {"history": "Interactive.322", "point": 4, "testname": "Poten", "cornername": "CMOS_Temp_Res_Cap_BJT_2"}
[2026-06-01 17:29:51.819 Z] [WARN] [cadence.virtuoso.ade.simulationMonitor] -     WARNING (SPECTRE-16462): SOAC_esdfdp5_vac:Error in specification of subcircuit master. Assert is ignored.
        Further occurrences of this warning will be suppressed. {"history": "Interactive.322", "point": 4, "testname": "Poten", "cornername": "CMOS_Temp_Res_Cap_BJT_2"}
[2026-06-01 17:29:51.819 Z] [WARN] [cadence.virtuoso.ade.simulationMonitor] -     WARNING (SPECTRE-17607): Assert `SOAC_vert10_vsubpsub' is ignored because it contains an expression which is invalid or not supported by native evaluator.  {"history": "Interactive.322", "point": 4, "testname": "Poten", "cornername": "CMOS_Temp_Res_Cap_BJT_2"}
[2026-06-01 17:29:51.820 Z] [WARN] [cadence.virtuoso.ade.simulationMonitor] -     WARNING (SPECTRE-17607): Assert `SOAC_vert10_vcsub' is ignored because it contains an expression which is invalid or not supported by native evaluator.  {"history": "Interactive.322", "point": 4, "testname": "Poten", "cornername": "CMOS_Temp_Res_Cap_BJT_2"}
[2026-06-01 17:29:52.820 Z] [INFO] [cadence.virtuoso.ade.simulationMonitor] - Notice from spectre during topology check.
    Only one connection to the following 1442 nodes:
        I0.I46.RLIB_GC1.R1.psub!
        I0.I46.RLIB_GC1.R2.psub!
        I0.I46.MNLIB_DR1.M_esdnmos4.psub!
        I0.I46.DLIB2.psub!
        I0.I46.DLIB1.psub!
        Further occurrences of this notice will be suppressed. {"history": "Interactive.322", "point": 4, "testname": "Poten", "cornername": "CMOS_Temp_Res_Cap_BJT_2"}
[2026-06-01 17:29:53.823 Z] [INFO] [cadence.virtuoso.ade.simulationMonitor] -               nodes 9466 {"history": "Interactive.322", "point": 4, "testname": "Poten", "cornername": "CMOS_Temp_Res_Cap_BJT_2"}
[2026-06-01 17:29:53.823 Z] [INFO] [cadence.virtuoso.ade.simulationMonitor] - Notice from spectre during initial setup.
    7 resistors are shorted because their absolute value is less than or equal to 'rabsshort'.
    3 vsources are shorted because their absolute value is less than or equal to 'vabsshort'.
    4 resistors are changed to resistance form because their value are less than 'rthresh'.
    Spectre X preset=cx enabled.
    44 notices suppressed.
    122 warnings suppressed. {"history": "Interactive.322", "point": 4, "testname": "Poten", "cornername": "CMOS_Temp_Res_Cap_BJT_2"}
[2026-06-01 17:29:53.824 Z] [INFO] [cadence.virtuoso.ade.simulationMonitor] - Notice from spectre.
    Multithreading enabled: 8 threads in the system with 48 available processors. {"history": "Interactive.322", "point": 4, "testname": "Poten", "cornername": "CMOS_Temp_Res_Cap_BJT_2"}
[2026-06-01 17:29:53.824 Z] [INFO] [cadence.virtuoso.ade.simulationMonitor] - Peak resident memory used = 262 Mbytes. {"history": "Interactive.322", "point": 4, "testname": "Poten", "cornername": "CMOS_Temp_Res_Cap_BJT_2"}
[2026-06-01 17:29:53.824 Z] [INFO] [cadence.virtuoso.ade.simulationMonitor] -    -   (Spectre X) Multi-threading. The recommended number of threads is [4, 8], consider adding +mt=4 or +mt=8 on command line. {"history": "Interactive.322", "point": 4, "testname": "Poten", "cornername": "CMOS_Temp_Res_Cap_BJT_2"}
[2026-06-01 17:29:53.824 Z] [INFO] [cadence.virtuoso.ade.simulationMonitor] - Notice from spectre during DC analysis `dcOp'.
    No checklimit analysis defined for asserts. A default checklimit analysis 'SpectreChecklimitAnal' has been created with all asserts enabled. {"history": "Interactive.322", "point": 4, "testname": "Poten", "cornername": "CMOS_Temp_Res_Cap_BJT_2"}
[2026-06-01 17:29:54.325 Z] [INFO] [cadence.virtuoso.ade.simulationMonitor] - Notice from spectre during DC analysis `dcOp'.
    Bad pivoting is found during DC analysis. Option dc_pivot_check=yes is recommended for possible improvement of convergence. {"history": "Interactive.322", "point": 4, "testname": "Poten", "cornername": "CMOS_Temp_Res_Cap_BJT_2"}
[2026-06-01 17:29:54.826 Z] [WARN] [cadence.virtuoso.ade.simulationMonitor] -     WARNING (CMI-2943): Parameter checks have been ignored because the valid value for parameter 'trise' could not be found in 'C0'. {"history": "Interactive.322", "point": 4, "testname": "Poten", "cornername": "CMOS_Temp_Res_Cap_BJT_2"}
[2026-06-01 17:29:54.826 Z] [WARN] [cadence.virtuoso.ade.simulationMonitor] -     WARNING (CMI-2943): Parameter checks have been ignored because the valid value for parameter 'trise' could not be found in 'C1'. {"history": "Interactive.322", "point": 4, "testname": "Poten", "cornername": "CMOS_Temp_Res_Cap_BJT_2"}
[2026-06-01 17:29:54.826 Z] [WARN] [cadence.virtuoso.ade.simulationMonitor] -     WARNING (CMI-2943): Parameter checks have been ignored because the valid value for parameter 'trise' could not be found in 'C11'. {"history": "Interactive.322", "point": 4, "testname": "Poten", "cornername": "CMOS_Temp_Res_Cap_BJT_2"}
[2026-06-01 17:29:54.827 Z] [WARN] [cadence.virtuoso.ade.simulationMonitor] -     WARNING (CMI-2943): Parameter checks have been ignored because the valid value for parameter 'trise' could not be found in 'C12'. {"history": "Interactive.322", "point": 4, "testname": "Poten", "cornername": "CMOS_Temp_Res_Cap_BJT_2"}
[2026-06-01 17:29:54.827 Z] [WARN] [cadence.virtuoso.ade.simulationMonitor] -     WARNING (CMI-2943): Parameter checks have been ignored because the valid value for parameter 'trise' could not be found in 'C5'.
        Further occurrences of this warning will be suppressed. {"history": "Interactive.322", "point": 4, "testname": "Poten", "cornername": "CMOS_Temp_Res_Cap_BJT_2"}
[2026-06-01 17:29:54.827 Z] [INFO] [cadence.virtuoso.ade.simulationMonitor] - Notice from spectre during check, during DC analysis `dcOp'.
    I0.I6.RLIB_GC1 of rdiffp3: `ig' has the unusually large value of -8.56154 A.
    I0.I6.RLIB_GC2 of rdiffp3: `ig' has the unusually large value of -27.1247 A. {"history": "Interactive.322", "point": 4, "testname": "Poten", "cornername": "CMOS_Temp_Res_Cap_BJT_2"}
[2026-06-01 17:29:54.827 Z] [INFO] [cadence.virtuoso.ade.simulationMonitor] - Total time required for dc analysis `dcOp': CPU = 2.04758 s, elapsed = 725.863 ms, util. = 282%. {"history": "Interactive.322", "point": 4, "testname": "Poten", "cornername": "CMOS_Temp_Res_Cap_BJT_2"}
[2026-06-01 17:29:54.827 Z] [INFO] [cadence.virtuoso.ade.simulationMonitor] - Peak resident memory used = 285 Mbytes. {"history": "Interactive.322", "point": 4, "testname": "Poten", "cornername": "CMOS_Temp_Res_Cap_BJT_2"}
[2026-06-01 17:29:54.828 Z] [INFO] [cadence.virtuoso.ade.simulationMonitor] - Notice from spectre.
    1008 warnings suppressed. {"history": "Interactive.322", "point": 4, "testname": "Poten", "cornername": "CMOS_Temp_Res_Cap_BJT_2"}
[2026-06-01 17:29:54.828 Z] [WARN] [cadence.virtuoso.ade.simulationMonitor] -     WARNING (CMI-2425): I7.I0.C0<0>_dummy: `Acde' = 2.393 is unusually large. {"history": "Interactive.322", "point": 4, "testname": "Poten", "cornername": "CMOS_Temp_Res_Cap_BJT_2"}
[2026-06-01 17:29:54.828 Z] [WARN] [cadence.virtuoso.ade.simulationMonitor] -     WARNING (CMI-2425): I7.I0.C0<0>_dummy: `Noff' = 4.732 is unusually large. {"history": "Interactive.322", "point": 4, "testname": "Poten", "cornername": "CMOS_Temp_Res_Cap_BJT_2"}
[2026-06-01 17:29:54.828 Z] [WARN] [cadence.virtuoso.ade.simulationMonitor] -     WARNING (CMI-2424): I7.I0.C0<0>_dummy: `Voffcv' = -867.4e-03 is unusually small. {"history": "Interactive.322", "point": 4, "testname": "Poten", "cornername": "CMOS_Temp_Res_Cap_BJT_2"}
[2026-06-01 17:29:54.828 Z] [WARN] [cadence.virtuoso.ade.simulationMonitor] -     WARNING (CMI-2425): I7.I3.C1<0>_dummy: `Acde' = 2.393 is unusually large. {"history": "Interactive.322", "point": 4, "testname": "Poten", "cornername": "CMOS_Temp_Res_Cap_BJT_2"}
[2026-06-01 17:29:54.829 Z] [WARN] [cadence.virtuoso.ade.simulationMonitor] -     WARNING (CMI-2425): I7.I3.C1<0>_dummy: `Noff' = 4.732 is unusually large. {"history": "Interactive.322", "point": 4, "testname": "Poten", "cornername": "CMOS_Temp_Res_Cap_BJT_2"}
[2026-06-01 17:29:54.829 Z] [WARN] [cadence.virtuoso.ade.simulationMonitor] -     WARNING (CMI-2424): I7.I3.C1<0>_dummy: `Voffcv' = -867.4e-03 is unusually small. {"history": "Interactive.322", "point": 4, "testname": "Poten", "cornername": "CMOS_Temp_Res_Cap_BJT_2"}
[2026-06-01 17:29:54.829 Z] [WARN] [cadence.virtuoso.ade.simulationMonitor] -     WARNING (CMI-2425): I7.I4.C1<0>_dummy: `Acde' = 2.393 is unusually large.
        Further occurrences of this warning will be suppressed. {"history": "Interactive.322", "point": 4, "testname": "Poten", "cornername": "CMOS_Temp_Res_Cap_BJT_2"}
[2026-06-01 17:29:54.829 Z] [WARN] [cadence.virtuoso.ade.simulationMonitor] -     WARNING (CMI-2424): I7.I4.C1<0>_dummy: `Voffcv' = -867.4e-03 is unusually small. {"history": "Interactive.322", "point": 4, "testname": "Poten", "cornername": "CMOS_Temp_Res_Cap_BJT_2"}
[2026-06-01 17:29:54.829 Z] [INFO] [cadence.virtuoso.ade.simulationMonitor] - Notice from spectre.
    1 warning suppressed. {"history": "Interactive.322", "point": 4, "testname": "Poten", "cornername": "CMOS_Temp_Res_Cap_BJT_2"}
[2026-06-01 17:29:55.330 Z] [INFO] [cadence.virtuoso.ade.simulationMonitor] - Notice from spectre during IC analysis, during transient analysis `tran'.
    Bad pivoting is found during DC analysis. Option dc_pivot_check=yes is recommended for possible improvement of convergence. {"history": "Interactive.322", "point": 4, "testname": "Poten", "cornername": "CMOS_Temp_Res_Cap_BJT_2"}
[2026-06-01 17:29:55.330 Z] [WARN] [cadence.virtuoso.ade.simulationMonitor] -     WARNING (CMI-2943): Parameter checks have been ignored because the valid value for parameter 'trise' could not be found in 'C0'. {"history": "Interactive.322", "point": 4, "testname": "Poten", "cornername": "CMOS_Temp_Res_Cap_BJT_2"}
[2026-06-01 17:29:55.330 Z] [WARN] [cadence.virtuoso.ade.simulationMonitor] -     WARNING (CMI-2943): Parameter checks have been ignored because the valid value for parameter 'trise' could not be found in 'C1'. {"history": "Interactive.322", "point": 4, "testname": "Poten", "cornername": "CMOS_Temp_Res_Cap_BJT_2"}
[2026-06-01 17:29:55.330 Z] [WARN] [cadence.virtuoso.ade.simulationMonitor] -     WARNING (CMI-2943): Parameter checks have been ignored because the valid value for parameter 'trise' could not be found in 'C11'. {"history": "Interactive.322", "point": 4, "testname": "Poten", "cornername": "CMOS_Temp_Res_Cap_BJT_2"}
[2026-06-01 17:29:55.331 Z] [WARN] [cadence.virtuoso.ade.simulationMonitor] -     WARNING (CMI-2943): Parameter checks have been ignored because the valid value for parameter 'trise' could not be found in 'C12'. {"history": "Interactive.322", "point": 4, "testname": "Poten", "cornername": "CMOS_Temp_Res_Cap_BJT_2"}
[2026-06-01 17:29:55.331 Z] [WARN] [cadence.virtuoso.ade.simulationMonitor] -     WARNING (CMI-2943): Parameter checks have been ignored because the valid value for parameter 'trise' could not be found in 'C5'.
        Further occurrences of this warning will be suppressed. {"history": "Interactive.322", "point": 4, "testname": "Poten", "cornername": "CMOS_Temp_Res_Cap_BJT_2"}
[2026-06-01 17:29:55.331 Z] [INFO] [cadence.virtuoso.ade.simulationMonitor] - Notice from spectre during check, during IC analysis, during transient analysis `tran'.
    I0.I6.RLIB_GC1 of rdiffp3: `ig' has the unusually large value of -8.56155 A. {"history": "Interactive.322", "point": 4, "testname": "Poten", "cornername": "CMOS_Temp_Res_Cap_BJT_2"}
[2026-06-01 17:30:07.335 Z] [INFO] [cadence.virtuoso.ade.simulationMonitor] - Total time required for tran analysis `tran': CPU = 35.2409 s, elapsed = 12.4613 s, util. = 283%. {"history": "Interactive.322", "point": 4, "testname": "Poten", "cornername": "CMOS_Temp_Res_Cap_BJT_2"}
[2026-06-01 17:30:07.336 Z] [INFO] [cadence.virtuoso.ade.simulationMonitor] - Peak resident memory used = 315 Mbytes. {"history": "Interactive.322", "point": 4, "testname": "Poten", "cornername": "CMOS_Temp_Res_Cap_BJT_2"}
[2026-06-01 17:30:07.336 Z] [INFO] [cadence.virtuoso.ade.simulationMonitor] - Notice from spectre.
    1008 warnings suppressed. {"history": "Interactive.322", "point": 4, "testname": "Poten", "cornername": "CMOS_Temp_Res_Cap_BJT_2"}
[2026-06-01 17:30:07.336 Z] [WARN] [cadence.virtuoso.ade.simulationMonitor] -     WARNING (CMI-2425): I7.I0.C0<0>_dummy: `Acde' = 2.393 is unusually large. {"history": "Interactive.322", "point": 4, "testname": "Poten", "cornername": "CMOS_Temp_Res_Cap_BJT_2"}
[2026-06-01 17:30:07.337 Z] [WARN] [cadence.virtuoso.ade.simulationMonitor] -     WARNING (CMI-2425): I7.I0.C0<0>_dummy: `Noff' = 4.732 is unusually large. {"history": "Interactive.322", "point": 4, "testname": "Poten", "cornername": "CMOS_Temp_Res_Cap_BJT_2"}
[2026-06-01 17:30:07.337 Z] [WARN] [cadence.virtuoso.ade.simulationMonitor] -     WARNING (CMI-2424): I7.I0.C0<0>_dummy: `Voffcv' = -867.4e-03 is unusually small. {"history": "Interactive.322", "point": 4, "testname": "Poten", "cornername": "CMOS_Temp_Res_Cap_BJT_2"}
[2026-06-01 17:30:07.337 Z] [WARN] [cadence.virtuoso.ade.simulationMonitor] -     WARNING (CMI-2425): I7.I3.C1<0>_dummy: `Acde' = 2.393 is unusually large. {"history": "Interactive.322", "point": 4, "testname": "Poten", "cornername": "CMOS_Temp_Res_Cap_BJT_2"}
[2026-06-01 17:30:07.338 Z] [WARN] [cadence.virtuoso.ade.simulationMonitor] -     WARNING (CMI-2425): I7.I3.C1<0>_dummy: `Noff' = 4.732 is unusually large. {"history": "Interactive.322", "point": 4, "testname": "Poten", "cornername": "CMOS_Temp_Res_Cap_BJT_2"}
[2026-06-01 17:30:07.338 Z] [WARN] [cadence.virtuoso.ade.simulationMonitor] -     WARNING (CMI-2424): I7.I3.C1<0>_dummy: `Voffcv' = -867.4e-03 is unusually small. {"history": "Interactive.322", "point": 4, "testname": "Poten", "cornername": "CMOS_Temp_Res_Cap_BJT_2"}
[2026-06-01 17:30:07.338 Z] [WARN] [cadence.virtuoso.ade.simulationMonitor] -     WARNING (CMI-2425): I7.I4.C1<0>_dummy: `Acde' = 2.393 is unusually large.
        Further occurrences of this warning will be suppressed. {"history": "Interactive.322", "point": 4, "testname": "Poten", "cornername": "CMOS_Temp_Res_Cap_BJT_2"}
[2026-06-01 17:30:07.339 Z] [WARN] [cadence.virtuoso.ade.simulationMonitor] -     WARNING (CMI-2424): I7.I4.C1<0>_dummy: `Voffcv' = -867.4e-03 is unusually small. {"history": "Interactive.322", "point": 4, "testname": "Poten", "cornername": "CMOS_Temp_Res_Cap_BJT_2"}
[2026-06-01 17:30:07.339 Z] [INFO] [cadence.virtuoso.ade.simulationMonitor] - Notice from spectre.
    1 warning suppressed. {"history": "Interactive.322", "point": 4, "testname": "Poten", "cornername": "CMOS_Temp_Res_Cap_BJT_2"}
[2026-06-01 17:30:08.841 Z] [WARN] [cadence.virtuoso.ade.simulationMonitor] -     WARNING (CMI-2425): I2.I25.I22.C2: `Acde' = 2.393 is unusually large. {"history": "Interactive.322", "point": 4, "testname": "Poten", "cornername": "CMOS_Temp_Res_Cap_BJT_2"}
[2026-06-01 17:30:08.846 Z] [WARN] [cadence.virtuoso.ade.simulationMonitor] -     WARNING (CMI-2425): I2.I25.I22.C2: `Noff' = 4.732 is unusually large. {"history": "Interactive.322", "point": 4, "testname": "Poten", "cornername": "CMOS_Temp_Res_Cap_BJT_2"}
[2026-06-01 17:30:08.848 Z] [WARN] [cadence.virtuoso.ade.simulationMonitor] -     WARNING (CMI-2424): I2.I25.I22.C2: `Voffcv' = -867.4e-03 is unusually small. {"history": "Interactive.322", "point": 4, "testname": "Poten", "cornername": "CMOS_Temp_Res_Cap_BJT_2"}
[2026-06-01 17:30:08.849 Z] [WARN] [cadence.virtuoso.ade.simulationMonitor] -     WARNING (CMI-2425): I2.I25.I33.C1: `Acde' = 2.393 is unusually large. {"history": "Interactive.322", "point": 4, "testname": "Poten", "cornername": "CMOS_Temp_Res_Cap_BJT_2"}
[2026-06-01 17:30:08.850 Z] [WARN] [cadence.virtuoso.ade.simulationMonitor] -     WARNING (CMI-2425): I2.I25.I33.C1: `Noff' = 4.732 is unusually large. {"history": "Interactive.322", "point": 4, "testname": "Poten", "cornername": "CMOS_Temp_Res_Cap_BJT_2"}
[2026-06-01 17:30:08.851 Z] [WARN] [cadence.virtuoso.ade.simulationMonitor] -     WARNING (CMI-2424): I2.I25.I33.C1: `Voffcv' = -867.4e-03 is unusually small. {"history": "Interactive.322", "point": 4, "testname": "Poten", "cornername": "CMOS_Temp_Res_Cap_BJT_2"}
[2026-06-01 17:30:08.851 Z] [WARN] [cadence.virtuoso.ade.simulationMonitor] -     WARNING (CMI-2425): I7.I1.C0: `Acde' = 2.393 is unusually large.
        Further occurrences of this warning will be suppressed. {"history": "Interactive.322", "point": 4, "testname": "Poten", "cornername": "CMOS_Temp_Res_Cap_BJT_2"}
[2026-06-01 17:30:08.852 Z] [WARN] [cadence.virtuoso.ade.simulationMonitor] -     WARNING (CMI-2424): I7.I1.C0: `Voffcv' = -867.4e-03 is unusually small. {"history": "Interactive.322", "point": 4, "testname": "Poten", "cornername": "CMOS_Temp_Res_Cap_BJT_2"}
[2026-06-01 17:30:08.852 Z] [WARN] [cadence.virtuoso.ade.simulationMonitor] -     WARNING (CMI-2424): I7.I0.C1: `Voffcv' = -867.4e-03 is unusually small. {"history": "Interactive.322", "point": 4, "testname": "Poten", "cornername": "CMOS_Temp_Res_Cap_BJT_2"}
[2026-06-01 17:30:08.853 Z] [WARN] [cadence.virtuoso.ade.simulationMonitor] -     WARNING (CMI-2424): I7.I0.C2: `Voffcv' = -867.4e-03 is unusually small.
        Further occurrences of this warning will be suppressed. {"history": "Interactive.322", "point": 4, "testname": "Poten", "cornername": "CMOS_Temp_Res_Cap_BJT_2"}
[2026-06-01 17:30:10.354 Z] [INFO] [cadence.virtuoso.ade.simulationMonitor] - Notice from spectre during DC analysis, during Noise analysis `noise'.
    Bad pivoting is found during DC analysis. Option dc_pivot_check=yes is recommended for possible improvement of convergence. {"history": "Interactive.322", "point": 4, "testname": "Poten", "cornername": "CMOS_Temp_Res_Cap_BJT_2"}
[2026-06-01 17:30:10.356 Z] [WARN] [cadence.virtuoso.ade.simulationMonitor] -     WARNING (CMI-2943): Parameter checks have been ignored because the valid value for parameter 'trise' could not be found in 'C0'. {"history": "Interactive.322", "point": 4, "testname": "Poten", "cornername": "CMOS_Temp_Res_Cap_BJT_2"}
[2026-06-01 17:30:10.357 Z] [WARN] [cadence.virtuoso.ade.simulationMonitor] -     WARNING (CMI-2943): Parameter checks have been ignored because the valid value for parameter 'trise' could not be found in 'C1'. {"history": "Interactive.322", "point": 4, "testname": "Poten", "cornername": "CMOS_Temp_Res_Cap_BJT_2"}
[2026-06-01 17:30:10.357 Z] [WARN] [cadence.virtuoso.ade.simulationMonitor] -     WARNING (CMI-2943): Parameter checks have been ignored because the valid value for parameter 'trise' could not be found in 'C11'. {"history": "Interactive.322", "point": 4, "testname": "Poten", "cornername": "CMOS_Temp_Res_Cap_BJT_2"}
[2026-06-01 17:30:10.358 Z] [WARN] [cadence.virtuoso.ade.simulationMonitor] -     WARNING (CMI-2943): Parameter checks have been ignored because the valid value for parameter 'trise' could not be found in 'C12'. {"history": "Interactive.322", "point": 4, "testname": "Poten", "cornername": "CMOS_Temp_Res_Cap_BJT_2"}
[2026-06-01 17:30:10.358 Z] [WARN] [cadence.virtuoso.ade.simulationMonitor] -     WARNING (CMI-2943): Parameter checks have been ignored because the valid value for parameter 'trise' could not be found in 'C5'.
        Further occurrences of this warning will be suppressed. {"history": "Interactive.322", "point": 4, "testname": "Poten", "cornername": "CMOS_Temp_Res_Cap_BJT_2"}
[2026-06-01 17:30:22.867 Z] [INFO] [cadence.virtuoso.ade.simulationMonitor] - Total time required for noise analysis `noise': CPU = 31.9623 s, elapsed = 14.0107 s, util. = 228%. {"history": "Interactive.322", "point": 4, "testname": "Poten", "cornername": "CMOS_Temp_Res_Cap_BJT_2"}
[2026-06-01 17:30:22.868 Z] [INFO] [cadence.virtuoso.ade.simulationMonitor] - Peak resident memory used = 341 Mbytes. {"history": "Interactive.322", "point": 4, "testname": "Poten", "cornername": "CMOS_Temp_Res_Cap_BJT_2"}
[2026-06-01 17:30:22.868 Z] [INFO] [cadence.virtuoso.ade.simulationMonitor] - Notice from spectre.
    1022 warnings suppressed. {"history": "Interactive.322", "point": 4, "testname": "Poten", "cornername": "CMOS_Temp_Res_Cap_BJT_2"}
[2026-06-01 17:30:22.868 Z] [WARN] [cadence.virtuoso.ade.simulationMonitor] -     WARNING (CMI-2425): I2.I25.I22.C2: `Acde' = 2.393 is unusually large. {"history": "Interactive.322", "point": 4, "testname": "Poten", "cornername": "CMOS_Temp_Res_Cap_BJT_2"}
[2026-06-01 17:30:22.868 Z] [WARN] [cadence.virtuoso.ade.simulationMonitor] -     WARNING (CMI-2425): I2.I25.I22.C2: `Noff' = 4.732 is unusually large. {"history": "Interactive.322", "point": 4, "testname": "Poten", "cornername": "CMOS_Temp_Res_Cap_BJT_2"}
[2026-06-01 17:30:22.869 Z] [WARN] [cadence.virtuoso.ade.simulationMonitor] -     WARNING (CMI-2424): I2.I25.I22.C2: `Voffcv' = -867.4e-03 is unusually small. {"history": "Interactive.322", "point": 4, "testname": "Poten", "cornername": "CMOS_Temp_Res_Cap_BJT_2"}
[2026-06-01 17:30:22.869 Z] [WARN] [cadence.virtuoso.ade.simulationMonitor] -     WARNING (CMI-2425): I2.I25.I33.C1: `Acde' = 2.393 is unusually large. {"history": "Interactive.322", "point": 4, "testname": "Poten", "cornername": "CMOS_Temp_Res_Cap_BJT_2"}
[2026-06-01 17:30:22.869 Z] [WARN] [cadence.virtuoso.ade.simulationMonitor] -     WARNING (CMI-2425): I2.I25.I33.C1: `Noff' = 4.732 is unusually large. {"history": "Interactive.322", "point": 4, "testname": "Poten", "cornername": "CMOS_Temp_Res_Cap_BJT_2"}
[2026-06-01 17:30:22.869 Z] [WARN] [cadence.virtuoso.ade.simulationMonitor] -     WARNING (CMI-2424): I2.I25.I33.C1: `Voffcv' = -867.4e-03 is unusually small. {"history": "Interactive.322", "point": 4, "testname": "Poten", "cornername": "CMOS_Temp_Res_Cap_BJT_2"}
[2026-06-01 17:30:22.869 Z] [WARN] [cadence.virtuoso.ade.simulationMonitor] -     WARNING (CMI-2425): I7.I1.C0: `Acde' = 2.393 is unusually large.
        Further occurrences of this warning will be suppressed. {"history": "Interactive.322", "point": 4, "testname": "Poten", "cornername": "CMOS_Temp_Res_Cap_BJT_2"}
[2026-06-01 17:30:22.870 Z] [WARN] [cadence.virtuoso.ade.simulationMonitor] -     WARNING (CMI-2424): I7.I1.C0: `Voffcv' = -867.4e-03 is unusually small. {"history": "Interactive.322", "point": 4, "testname": "Poten", "cornername": "CMOS_Temp_Res_Cap_BJT_2"}
[2026-06-01 17:30:22.870 Z] [WARN] [cadence.virtuoso.ade.simulationMonitor] -     WARNING (CMI-2424): I7.I0.C1: `Voffcv' = -867.4e-03 is unusually small. {"history": "Interactive.322", "point": 4, "testname": "Poten", "cornername": "CMOS_Temp_Res_Cap_BJT_2"}
[2026-06-01 17:30:22.870 Z] [WARN] [cadence.virtuoso.ade.simulationMonitor] -     WARNING (CMI-2424): I7.I0.C2: `Voffcv' = -867.4e-03 is unusually small.
        Further occurrences of this warning will be suppressed. {"history": "Interactive.322", "point": 4, "testname": "Poten", "cornername": "CMOS_Temp_Res_Cap_BJT_2"}
[2026-06-01 17:30:22.870 Z] [INFO] [cadence.virtuoso.ade.simulationMonitor] - Notice from spectre during XF analysis `xf'.
    Operating points will not be recomputed: the circuit and conditions were not changed since previous analysis. {"history": "Interactive.322", "point": 4, "testname": "Poten", "cornername": "CMOS_Temp_Res_Cap_BJT_2"}
[2026-06-01 17:30:24.872 Z] [INFO] [cadence.virtuoso.ade.simulationMonitor] - Total time required for xf analysis `xf': CPU = 3.59421 s, elapsed = 1.65688 s, util. = 217%. {"history": "Interactive.322", "point": 4, "testname": "Poten", "cornername": "CMOS_Temp_Res_Cap_BJT_2"}
[2026-06-01 17:30:24.873 Z] [INFO] [cadence.virtuoso.ade.simulationMonitor] - Peak resident memory used = 341 Mbytes. {"history": "Interactive.322", "point": 4, "testname": "Poten", "cornername": "CMOS_Temp_Res_Cap_BJT_2"}
[2026-06-01 17:30:24.873 Z] [INFO] [cadence.virtuoso.ade.simulationMonitor] - Notice from spectre.
    14 warnings suppressed. {"history": "Interactive.322", "point": 4, "testname": "Poten", "cornername": "CMOS_Temp_Res_Cap_BJT_2"}
[2026-06-01 17:30:24.874 Z] [WARN] [cadence.virtuoso.ade.simulationMonitor] -     WARNING (CMI-2425): I7.I0.C0<0>_dummy: `Acde' = 2.393 is unusually large. {"history": "Interactive.322", "point": 4, "testname": "Poten", "cornername": "CMOS_Temp_Res_Cap_BJT_2"}
[2026-06-01 17:30:24.874 Z] [WARN] [cadence.virtuoso.ade.simulationMonitor] -     WARNING (CMI-2425): I7.I0.C0<0>_dummy: `Noff' = 4.732 is unusually large. {"history": "Interactive.322", "point": 4, "testname": "Poten", "cornername": "CMOS_Temp_Res_Cap_BJT_2"}
[2026-06-01 17:30:24.874 Z] [WARN] [cadence.virtuoso.ade.simulationMonitor] -     WARNING (CMI-2424): I7.I0.C0<0>_dummy: `Voffcv' = -867.4e-03 is unusually small. {"history": "Interactive.322", "point": 4, "testname": "Poten", "cornername": "CMOS_Temp_Res_Cap_BJT_2"}
[2026-06-01 17:30:24.874 Z] [WARN] [cadence.virtuoso.ade.simulationMonitor] -     WARNING (CMI-2425): I7.I3.C1<0>_dummy: `Acde' = 2.393 is unusually large. {"history": "Interactive.322", "point": 4, "testname": "Poten", "cornername": "CMOS_Temp_Res_Cap_BJT_2"}
[2026-06-01 17:30:24.874 Z] [WARN] [cadence.virtuoso.ade.simulationMonitor] -     WARNING (CMI-2425): I7.I3.C1<0>_dummy: `Noff' = 4.732 is unusually large. {"history": "Interactive.322", "point": 4, "testname": "Poten", "cornername": "CMOS_Temp_Res_Cap_BJT_2"}
[2026-06-01 17:30:24.875 Z] [WARN] [cadence.virtuoso.ade.simulationMonitor] -     WARNING (CMI-2424): I7.I3.C1<0>_dummy: `Voffcv' = -867.4e-03 is unusually small. {"history": "Interactive.322", "point": 4, "testname": "Poten", "cornername": "CMOS_Temp_Res_Cap_BJT_2"}
[2026-06-01 17:30:24.875 Z] [WARN] [cadence.virtuoso.ade.simulationMonitor] -     WARNING (CMI-2425): I7.I4.C1<0>_dummy: `Acde' = 2.393 is unusually large.
        Further occurrences of this warning will be suppressed. {"history": "Interactive.322", "point": 4, "testname": "Poten", "cornername": "CMOS_Temp_Res_Cap_BJT_2"}
[2026-06-01 17:30:24.875 Z] [WARN] [cadence.virtuoso.ade.simulationMonitor] -     WARNING (CMI-2424): I7.I4.C1<0>_dummy: `Voffcv' = -867.4e-03 is unusually small. {"history": "Interactive.322", "point": 4, "testname": "Poten", "cornername": "CMOS_Temp_Res_Cap_BJT_2"}
[2026-06-01 17:30:24.875 Z] [INFO] [cadence.virtuoso.ade.simulationMonitor] - Notice from spectre.
    1 warning suppressed. {"history": "Interactive.322", "point": 4, "testname": "Poten", "cornername": "CMOS_Temp_Res_Cap_BJT_2"}
[2026-06-01 17:30:24.875 Z] [INFO] [cadence.virtuoso.ade.simulationMonitor] - Time used: CPU = 77.9 s (1m  17.9s), elapsed = 34.6 s, util. = 225%. {"history": "Interactive.322", "point": 4, "testname": "Poten", "cornername": "CMOS_Temp_Res_Cap_BJT_2"}
[2026-06-01 17:30:24.876 Z] [INFO] [cadence.virtuoso.ade.simulationMonitor] - Time spent in licensing: elapsed = 86.1 ms. {"history": "Interactive.322", "point": 4, "testname": "Poten", "cornername": "CMOS_Temp_Res_Cap_BJT_2"}
[2026-06-01 17:30:24.876 Z] [INFO] [cadence.virtuoso.ade.simulationMonitor] - Peak memory used = 341 Mbytes. {"history": "Interactive.322", "point": 4, "testname": "Poten", "cornername": "CMOS_Temp_Res_Cap_BJT_2"}
[2026-06-01 17:30:24.878 Z] [PROCESS] [cadence.virtuoso.ade.simulationMonitor] - Simulation started at: 5:29:50 PM, Mon Jun 1, 2026, ended at: 5:30:24 PM, Mon Jun 1, 2026, with elapsed time (wall clock): 34.6 s. {"history": "Interactive.322", "point": 4, "testname": "Poten", "cornername": "CMOS_Temp_Res_Cap_BJT_2"}
[2026-06-01 17:30:24.878 Z] [PROCESS] [cadence.virtuoso.ade.simulationMonitor] - spectre completes with 0 errors, 107 warnings, and 38 notices. {"history": "Interactive.322", "point": 4, "testname": "Poten", "cornername": "CMOS_Temp_Res_Cap_BJT_2"}
[2026-06-01 17:30:24.878 Z] [PROCESS] [cadence.virtuoso.ade.simulationMonitor] - Finished simulating for one point {"hostname": "il2244vt26_hrahimi", "processid": 1518757, "history": "Interactive.322", "testname": "Poten", "cornername": "CMOS_Temp_Res_Cap_BJT_2", "point": 4, "logfile": "/home/hrahimi/projects/POTENTIOSTAT_26/logs_hrahimi/logs0/Job106.log", "simid": "1"}
[2026-06-01 17:30:24.879 Z] [PROCESS] [cadence.virtuoso.ade.simulationMonitor] - Simulator exited {"hostname": "il2244vt26_hrahimi", "processid": 1518757, "history": "Interactive.322", "testname": "Poten", "cornername": "CMOS_Temp_Res_Cap_BJT_2", "point": 4, "logfile": "/home/hrahimi/projects/POTENTIOSTAT_26/logs_hrahimi/logs0/Job106.log", "exitStatus": "0"}
[2026-06-01 17:30:24.879 Z] [PROCESS] [cadence.virtuoso.ade.simulationMonitor] - Finished Simulation {"hostname": "il2244vt26_hrahimi", "processid": 1518757, "history": "Interactive.322", "testname": "Poten", "cornername": "CMOS_Temp_Res_Cap_BJT_2", "point": 4, "logfile": "/home/hrahimi/projects/POTENTIOSTAT_26/logs_hrahimi/logs0/Job106.log", "simid": "1"}
[2026-06-01 17:30:28.893 Z] [PROCESS] [cadence.virtuoso.ade.simulationMonitor] - Point Finished {"hostname": "il2244vt26_hrahimi", "processid": 1518757, "history": "Interactive.322", "testname": "Poten", "cornername": "CMOS_Temp_Res_Cap_BJT_2", "point": 4, "logfile": "/home/hrahimi/projects/POTENTIOSTAT_26/logs_hrahimi/logs0/Job106.log"}
[2026-06-01 17:30:28.896 Z] [PROCESS] [cadence.virtuoso.ade.simulationMonitor] - HostInfo:
Host name (type):	il2244vt26_hrahimi (x86_64)
Operating system:	Linux 5.15.0-164-generic #174-Ubuntu SMP Fri Nov 14 20:25:16 UTC 2025 {"hostname": "il2244vt26_hrahimi", "processid": 1518757, "history": "Interactive.322", "testname": "Poten", "cornername": "CMOS_Temp_Res_Cap_BJT_2", "point": 4, "logfile": "/home/hrahimi/projects/POTENTIOSTAT_26/logs_hrahimi/logs0/Job106.log", "nodename": "il2244vt26_hrahimi", "domainname": "(none)", "machine": "x86_64", "sysname": "Linux", "release": "5.15.0-164-generic", "version": "#174-Ubuntu SMP Fri Nov 14 20:25:16 UTC 2025"}
[2026-06-01 17:30:28.897 Z] [PROCESS] [cadence.virtuoso.ade.simulationMonitor] - UsageInfo:
pid=1518757
totalPhysicalMemory=3023.749672GB,Used=2515.070713GB,totalVirtualMemory=3031.749668GB,Used=2515.115391GB
Cpu: Cores=48, Load average:41.390000,16.200000,9.720000 {"hostname": "il2244vt26_hrahimi", "processid": 1518757, "history": "Interactive.322", "testname": "Poten", "cornername": "CMOS_Temp_Res_Cap_BJT_2", "point": 4, "logfile": "/home/hrahimi/projects/POTENTIOSTAT_26/logs_hrahimi/logs0/Job106.log", "pid": "1518757", "totalPhysicalMemory": "3023.749672", "physicalMemoryUsed": "2515.070713", "totalVirtualMemory": "3031.749668", "virtualMemoryUsed": "2515.115391", "cpuCores": "48", "processes": "29936", "loadAverage1": "41.390000", "loadAverage5": "16.200000", "loadAverage15": "9.720000", "loadAverage1Percent": "0.862292"}
[2026-06-01 17:30:28.898 Z] [EVENT] [cadence.virtuoso.ade.simulationMonitor] - NewPoint {"history": "Interactive.322", "point": 20, "testname": "Poten", "cornername": "CMOS_Temp_Res_Cap_BJT_18", "event": "NewPoint", "EventSource": "Simulation Monitor", "HistoryName": "Interactive.322", "logFile": "/home/hrahimi/projects/POTENTIOSTAT_26/logs_hrahimi/logs0/Job106.log", "logFileSize": "50199"}
[2026-06-01 17:30:29.000 Z] [EVENT] [cadence.virtuoso.ade.simulationMonitor] - NewPoint {"history": "Interactive.322", "point": 20, "testname": "Poten", "cornername": "CMOS_Temp_Res_Cap_BJT_18", "event": "NewPoint", "EventSource": "spectre", "HistoryName": "Interactive.322", "logFile": "/home/hrahimi/projects/POTENTIOSTAT_26/Sim/Potentiostat_Top/top/maestro/results/maestro/Interactive.322/20/Poten/psf/spectre.out", "logFileSize": "-1"}
[2026-06-01 17:30:29.013 Z] [PROCESS] [cadence.virtuoso.ade.simulationMonitor] - Simulator launched {"hostname": "il2244vt26_hrahimi", "processid": 1518757, "history": "Interactive.322", "testname": "Poten", "cornername": "CMOS_Temp_Res_Cap_BJT_18", "point": 20, "logfile": "/home/hrahimi/projects/POTENTIOSTAT_26/logs_hrahimi/logs0/Job106.log", "simid": "2"}
[2026-06-01 17:30:29.100 Z] [PROCESS] [cadence.virtuoso.ade.simulationMonitor] - Started Simulation {"hostname": "il2244vt26_hrahimi", "processid": 1518757, "history": "Interactive.322", "testname": "Poten", "cornername": "CMOS_Temp_Res_Cap_BJT_18", "point": 20, "logfile": "/home/hrahimi/projects/POTENTIOSTAT_26/logs_hrahimi/logs0/Job106.log", "event": "started", "task": "simulation"}
[2026-06-01 17:30:30.101 Z] [WARN] [cadence.virtuoso.ade.simulationMonitor] -     WARNING (SPECTRE-691): This CPU processor does not support x86 advanced vector extensions instructions. This may affect math operations and slow down the simulation. {"history": "Interactive.322", "point": 20, "testname": "Poten", "cornername": "CMOS_Temp_Res_Cap_BJT_18"}
[2026-06-01 17:30:30.102 Z] [INFO] [cadence.virtuoso.ade.simulationMonitor] - Notice from spectre during circuit read-in.
    Pre_Configuration file used: /opt/tools/cadence/installs/SPECTRE241/tools.lnx86/spectre/etc/configs/preset.precfg
    Configuration file used: `/opt/tools/cadence/installs/SPECTRE241/tools.lnx86/spectre/etc/configs/preset.cfg'. {"history": "Interactive.322", "point": 20, "testname": "Poten", "cornername": "CMOS_Temp_Res_Cap_BJT_18"}
[2026-06-01 17:30:30.102 Z] [WARN] [cadence.virtuoso.ade.simulationMonitor] -     WARNING (SPECTRE-8360): line 1511: `ac' is an undefined primitive device. {"history": "Interactive.322", "point": 20, "testname": "Poten", "cornername": "CMOS_Temp_Res_Cap_BJT_18"}
[2026-06-01 17:30:30.102 Z] [WARN] [cadence.virtuoso.ade.simulationMonitor] -     WARNING (SPECTRE-8360): line 1512: `ac' is an undefined primitive device. {"history": "Interactive.322", "point": 20, "testname": "Poten", "cornername": "CMOS_Temp_Res_Cap_BJT_18"}
[2026-06-01 17:30:30.102 Z] [WARN] [cadence.virtuoso.ade.simulationMonitor] -     WARNING (SPECTRE-8360): line 1513: `ac' is an undefined primitive device. {"history": "Interactive.322", "point": 20, "testname": "Poten", "cornername": "CMOS_Temp_Res_Cap_BJT_18"}
[2026-06-01 17:30:30.103 Z] [WARN] [cadence.virtuoso.ade.simulationMonitor] -     WARNING (SPECTRE-8360): line 1514: `ac' is an undefined primitive device. {"history": "Interactive.322", "point": 20, "testname": "Poten", "cornername": "CMOS_Temp_Res_Cap_BJT_18"}
[2026-06-01 17:30:30.103 Z] [WARN] [cadence.virtuoso.ade.simulationMonitor] -     WARNING (SPECTRE-8360): line 1515: `ac' is an undefined primitive device.
        Further occurrences of this warning will be suppressed. {"history": "Interactive.322", "point": 20, "testname": "Poten", "cornername": "CMOS_Temp_Res_Cap_BJT_18"}
[2026-06-01 17:30:30.103 Z] [WARN] [cadence.virtuoso.ade.simulationMonitor] -     WARNING (VACOMP-2435): The environment variable CDS_AHDLCMI_ENABLE is no longer supported. Therefore, the simulator will use the default compiled C code flow. {"history": "Interactive.322", "point": 20, "testname": "Poten", "cornername": "CMOS_Temp_Res_Cap_BJT_18"}
[2026-06-01 17:30:30.103 Z] [INFO] [cadence.virtuoso.ade.simulationMonitor] - Peak resident memory used = 188 Mbytes. {"history": "Interactive.322", "point": 20, "testname": "Poten", "cornername": "CMOS_Temp_Res_Cap_BJT_18"}
[2026-06-01 17:30:30.103 Z] [WARN] [cadence.virtuoso.ade.simulationMonitor] -     WARNING (SFE-2649): Terminals of top-level instance `R50', in file`netlist', at line 28548, are connected. Remove the instance and rerun the simulation. {"history": "Interactive.322", "point": 20, "testname": "Poten", "cornername": "CMOS_Temp_Res_Cap_BJT_18"}
[2026-06-01 17:30:30.103 Z] [WARN] [cadence.virtuoso.ade.simulationMonitor] -     WARNING (SFE-2649): Terminals of top-level instance `R48', in file`netlist', at line 28590, are connected. Remove the instance and rerun the simulation. {"history": "Interactive.322", "point": 20, "testname": "Poten", "cornername": "CMOS_Temp_Res_Cap_BJT_18"}
[2026-06-01 17:30:30.604 Z] [WARN] [cadence.virtuoso.ade.simulationMonitor] -     WARNING (SFE-3012): The dummy device I0.I16.DLIB12 is removed. {"history": "Interactive.322", "point": 20, "testname": "Poten", "cornername": "CMOS_Temp_Res_Cap_BJT_18"}
[2026-06-01 17:30:30.604 Z] [WARN] [cadence.virtuoso.ade.simulationMonitor] -     WARNING (SFE-3012): The dummy device I0.I15.DLIB9 is removed. {"history": "Interactive.322", "point": 20, "testname": "Poten", "cornername": "CMOS_Temp_Res_Cap_BJT_18"}
[2026-06-01 17:30:30.604 Z] [WARN] [cadence.virtuoso.ade.simulationMonitor] -     WARNING (SFE-3012): The dummy device I0.I17.DLIB5 is removed. {"history": "Interactive.322", "point": 20, "testname": "Poten", "cornername": "CMOS_Temp_Res_Cap_BJT_18"}
[2026-06-01 17:30:30.605 Z] [WARN] [cadence.virtuoso.ade.simulationMonitor] -     WARNING (SFE-3012): The dummy device I0.I44.DLIB10 is removed. {"history": "Interactive.322", "point": 20, "testname": "Poten", "cornername": "CMOS_Temp_Res_Cap_BJT_18"}
[2026-06-01 17:30:30.605 Z] [WARN] [cadence.virtuoso.ade.simulationMonitor] -     WARNING (SFE-3012): The dummy device I2.I25.I33.MP24<0>_turbo_m34 is removed.
        Further occurrences of this warning will be suppressed. {"history": "Interactive.322", "point": 20, "testname": "Poten", "cornername": "CMOS_Temp_Res_Cap_BJT_18"}
[2026-06-01 17:30:30.605 Z] [WARN] [cadence.virtuoso.ade.simulationMonitor] -     WARNING (SFE-3029): The dummy capacitor I7.I4.R31.CS1 is removed. {"history": "Interactive.322", "point": 20, "testname": "Poten", "cornername": "CMOS_Temp_Res_Cap_BJT_18"}
[2026-06-01 17:30:30.606 Z] [WARN] [cadence.virtuoso.ade.simulationMonitor] -     WARNING (SFE-3029): The dummy capacitor I7.I0.R3.CS1 is removed. {"history": "Interactive.322", "point": 20, "testname": "Poten", "cornername": "CMOS_Temp_Res_Cap_BJT_18"}
[2026-06-01 17:30:30.606 Z] [WARN] [cadence.virtuoso.ade.simulationMonitor] -     WARNING (SFE-3027): The dangling resistor I2.I56.re1184 is removed. {"history": "Interactive.322", "point": 20, "testname": "Poten", "cornername": "CMOS_Temp_Res_Cap_BJT_18"}
[2026-06-01 17:30:30.606 Z] [WARN] [cadence.virtuoso.ade.simulationMonitor] -     WARNING (SFE-3029): The dummy capacitor I7.I10_turbo_m4.C0.C1 is removed. {"history": "Interactive.322", "point": 20, "testname": "Poten", "cornername": "CMOS_Temp_Res_Cap_BJT_18"}
[2026-06-01 17:30:30.606 Z] [WARN] [cadence.virtuoso.ade.simulationMonitor] -     WARNING (SFE-3027): The dangling resistor I2.I56.re1178 is removed. {"history": "Interactive.322", "point": 20, "testname": "Poten", "cornername": "CMOS_Temp_Res_Cap_BJT_18"}
[2026-06-01 17:30:30.606 Z] [WARN] [cadence.virtuoso.ade.simulationMonitor] -     WARNING (SFE-3029): The dummy capacitor I7.I1.R2.CS1 is removed. {"history": "Interactive.322", "point": 20, "testname": "Poten", "cornername": "CMOS_Temp_Res_Cap_BJT_18"}
[2026-06-01 17:30:30.607 Z] [WARN] [cadence.virtuoso.ade.simulationMonitor] -     WARNING (SFE-3029): The dummy capacitor I7.I13_turbo_m5.C0.C1 is removed.
        Further occurrences of this warning will be suppressed. {"history": "Interactive.322", "point": 20, "testname": "Poten", "cornername": "CMOS_Temp_Res_Cap_BJT_18"}
[2026-06-01 17:30:30.607 Z] [WARN] [cadence.virtuoso.ade.simulationMonitor] -     WARNING (SFE-3028): The floating resistor R8 is removed. {"history": "Interactive.322", "point": 20, "testname": "Poten", "cornername": "CMOS_Temp_Res_Cap_BJT_18"}
[2026-06-01 17:30:30.607 Z] [WARN] [cadence.virtuoso.ade.simulationMonitor] -     WARNING (SFE-3015): The dangling node I2.I56.192\:V_ptat_inv is removed. {"history": "Interactive.322", "point": 20, "testname": "Poten", "cornername": "CMOS_Temp_Res_Cap_BJT_18"}
[2026-06-01 17:30:30.608 Z] [WARN] [cadence.virtuoso.ade.simulationMonitor] -     WARNING (SFE-3015): The dangling node I2.I56.105\:net7 is removed. {"history": "Interactive.322", "point": 20, "testname": "Poten", "cornername": "CMOS_Temp_Res_Cap_BJT_18"}
[2026-06-01 17:30:30.608 Z] [WARN] [cadence.virtuoso.ade.simulationMonitor] -     WARNING (SFE-3016): The floating node net73 is removed. {"history": "Interactive.322", "point": 20, "testname": "Poten", "cornername": "CMOS_Temp_Res_Cap_BJT_18"}
[2026-06-01 17:30:30.609 Z] [WARN] [cadence.virtuoso.ade.simulationMonitor] -     WARNING (SFE-3016): The floating node net74 is removed. {"history": "Interactive.322", "point": 20, "testname": "Poten", "cornername": "CMOS_Temp_Res_Cap_BJT_18"}
[2026-06-01 17:30:30.609 Z] [INFO] [cadence.virtuoso.ade.simulationMonitor] - Notice from spectre during hierarchy flattening.
    Spectre X Parasitic Optimization enabled.
    Parasitic optimization will filter out parasitic nodes, nodes only connected to RCs, by default. To view individual parasitic nodes use individual save statements (i.e. save out), or use the 'savefilter=none' option to save all parasitic nodes. Saving all parasitic nodes may slow down simulation and create large waveform files. {"history": "Interactive.322", "point": 20, "testname": "Poten", "cornername": "CMOS_Temp_Res_Cap_BJT_18"}
[2026-06-01 17:30:30.609 Z] [INFO] [cadence.virtuoso.ade.simulationMonitor] - Peak resident memory used = 210 Mbytes. {"history": "Interactive.322", "point": 20, "testname": "Poten", "cornername": "CMOS_Temp_Res_Cap_BJT_18"}
[2026-06-01 17:30:30.609 Z] [INFO] [cadence.virtuoso.ade.simulationMonitor] - Notice from spectre during hierarchy flattening.
    The value 'psf' specified for the 'checklimitdest' option will no longer be supported in future releases. Use 'spectre -h' to see other recommended values for the 'checklimitdest' option.
    I0.I46.RLIB_GC1.CS0 of rpoly1c: `c' has the unusually small value of 634.694e-21 F.
    I0.I46.RLIB_GC1.CS1 of rpoly1c: `c' has the unusually small value of 634.694e-21 F.
    I0.I45.RLIB_GC1.CS0 of rpoly1c: `c' has the unusually small value of 634.694e-21 F.
    I0... {"history": "Interactive.322", "point": 20, "testname": "Poten", "cornername": "CMOS_Temp_Res_Cap_BJT_18"}
[2026-06-01 17:30:30.610 Z] [INFO] [cadence.virtuoso.ade.simulationMonitor] - Notice from spectre during hierarchy flattening.
    V8: `period' has the unusually large value of 100 s.
    V7: `period' has the unusually large value of 10 s.
    V3: `period' has the unusually large value of 6 s.
    I26: `period' has the unusually large value of 6 s. {"history": "Interactive.322", "point": 20, "testname": "Poten", "cornername": "CMOS_Temp_Res_Cap_BJT_18"}
[2026-06-01 17:30:30.610 Z] [INFO] [cadence.virtuoso.ade.simulationMonitor] - Peak resident memory used = 219 Mbytes. {"history": "Interactive.322", "point": 20, "testname": "Poten", "cornername": "CMOS_Temp_Res_Cap_BJT_18"}
[2026-06-01 17:30:30.610 Z] [WARN] [cadence.virtuoso.ade.simulationMonitor] -     WARNING (CMI-2425): I7.I4.C1<0>_turbo_m11: `Acde' = 2.393 is unusually large. {"history": "Interactive.322", "point": 20, "testname": "Poten", "cornername": "CMOS_Temp_Res_Cap_BJT_18"}
[2026-06-01 17:30:30.610 Z] [WARN] [cadence.virtuoso.ade.simulationMonitor] -     WARNING (CMI-2425): I7.I4.C1<0>_turbo_m11: `Noff' = 4.732 is unusually large. {"history": "Interactive.322", "point": 20, "testname": "Poten", "cornername": "CMOS_Temp_Res_Cap_BJT_18"}
[2026-06-01 17:30:30.611 Z] [WARN] [cadence.virtuoso.ade.simulationMonitor] -     WARNING (CMI-2424): I7.I4.C1<0>_turbo_m11: `Voffcv' = -867.4e-03 is unusually small. {"history": "Interactive.322", "point": 20, "testname": "Poten", "cornername": "CMOS_Temp_Res_Cap_BJT_18"}
[2026-06-01 17:30:30.611 Z] [WARN] [cadence.virtuoso.ade.simulationMonitor] -     WARNING (CMI-2425): I7.I3.C1<0>_turbo_m6: `Acde' = 2.393 is unusually large. {"history": "Interactive.322", "point": 20, "testname": "Poten", "cornername": "CMOS_Temp_Res_Cap_BJT_18"}
[2026-06-01 17:30:30.611 Z] [WARN] [cadence.virtuoso.ade.simulationMonitor] -     WARNING (CMI-2425): I7.I3.C1<0>_turbo_m6: `Noff' = 4.732 is unusually large. {"history": "Interactive.322", "point": 20, "testname": "Poten", "cornername": "CMOS_Temp_Res_Cap_BJT_18"}
[2026-06-01 17:30:30.611 Z] [WARN] [cadence.virtuoso.ade.simulationMonitor] -     WARNING (CMI-2424): I7.I3.C1<0>_turbo_m6: `Voffcv' = -867.4e-03 is unusually small. {"history": "Interactive.322", "point": 20, "testname": "Poten", "cornername": "CMOS_Temp_Res_Cap_BJT_18"}
[2026-06-01 17:30:30.611 Z] [WARN] [cadence.virtuoso.ade.simulationMonitor] -     WARNING (CMI-2425): I7.I0.C0<0>_turbo_m6: `Acde' = 2.393 is unusually large.
        Further occurrences of this warning will be suppressed. {"history": "Interactive.322", "point": 20, "testname": "Poten", "cornername": "CMOS_Temp_Res_Cap_BJT_18"}
[2026-06-01 17:30:30.611 Z] [WARN] [cadence.virtuoso.ade.simulationMonitor] -     WARNING (CMI-2424): I7.I0.C0<0>_turbo_m6: `Voffcv' = -867.4e-03 is unusually small. {"history": "Interactive.322", "point": 20, "testname": "Poten", "cornername": "CMOS_Temp_Res_Cap_BJT_18"}
[2026-06-01 17:30:30.612 Z] [WARN] [cadence.virtuoso.ade.simulationMonitor] -     WARNING (CMI-2424): I7.I0.C2: `Voffcv' = -867.4e-03 is unusually small. {"history": "Interactive.322", "point": 20, "testname": "Poten", "cornername": "CMOS_Temp_Res_Cap_BJT_18"}
[2026-06-01 17:30:30.612 Z] [WARN] [cadence.virtuoso.ade.simulationMonitor] -     WARNING (CMI-2424): I7.I0.C1: `Voffcv' = -867.4e-03 is unusually small.
        Further occurrences of this warning will be suppressed. {"history": "Interactive.322", "point": 20, "testname": "Poten", "cornername": "CMOS_Temp_Res_Cap_BJT_18"}
[2026-06-01 17:30:31.112 Z] [WARN] [cadence.virtuoso.ade.simulationMonitor] -     WARNING (SPECTRE-16460): SOAC_esdgcp5_vcpsub:Specified subcircuit master `esdgcp5' was not found. {"history": "Interactive.322", "point": 20, "testname": "Poten", "cornername": "CMOS_Temp_Res_Cap_BJT_18"}
[2026-06-01 17:30:31.113 Z] [WARN] [cadence.virtuoso.ade.simulationMonitor] -     WARNING (SPECTRE-16462): SOAC_esdgcp5_vcpsub:Error in specification of subcircuit master. Assert is ignored. {"history": "Interactive.322", "point": 20, "testname": "Poten", "cornername": "CMOS_Temp_Res_Cap_BJT_18"}
[2026-06-01 17:30:31.113 Z] [WARN] [cadence.virtuoso.ade.simulationMonitor] -     WARNING (SPECTRE-16460): SOAC_esdgcp5_vac:Specified subcircuit master `esdgcp5' was not found. {"history": "Interactive.322", "point": 20, "testname": "Poten", "cornername": "CMOS_Temp_Res_Cap_BJT_18"}
[2026-06-01 17:30:31.113 Z] [WARN] [cadence.virtuoso.ade.simulationMonitor] -     WARNING (SPECTRE-16462): SOAC_esdgcp5_vac:Error in specification of subcircuit master. Assert is ignored. {"history": "Interactive.322", "point": 20, "testname": "Poten", "cornername": "CMOS_Temp_Res_Cap_BJT_18"}
[2026-06-01 17:30:31.114 Z] [WARN] [cadence.virtuoso.ade.simulationMonitor] -     WARNING (SPECTRE-16460): SOAC_esdgcn5_vac:Specified subcircuit master `esdgcn5' was not found. {"history": "Interactive.322", "point": 20, "testname": "Poten", "cornername": "CMOS_Temp_Res_Cap_BJT_18"}
[2026-06-01 17:30:31.114 Z] [WARN] [cadence.virtuoso.ade.simulationMonitor] -     WARNING (SPECTRE-16462): SOAC_esdgcn5_vac:Error in specification of subcircuit master. Assert is ignored. {"history": "Interactive.322", "point": 20, "testname": "Poten", "cornername": "CMOS_Temp_Res_Cap_BJT_18"}
[2026-06-01 17:30:31.114 Z] [WARN] [cadence.virtuoso.ade.simulationMonitor] -     WARNING (SPECTRE-16460): SOAC_esdfdp5_vcpsub:Specified subcircuit master `esdfdp5' was not found. {"history": "Interactive.322", "point": 20, "testname": "Poten", "cornername": "CMOS_Temp_Res_Cap_BJT_18"}
[2026-06-01 17:30:31.114 Z] [WARN] [cadence.virtuoso.ade.simulationMonitor] -     WARNING (SPECTRE-16462): SOAC_esdfdp5_vcpsub:Error in specification of subcircuit master. Assert is ignored. {"history": "Interactive.322", "point": 20, "testname": "Poten", "cornername": "CMOS_Temp_Res_Cap_BJT_18"}
[2026-06-01 17:30:31.114 Z] [WARN] [cadence.virtuoso.ade.simulationMonitor] -     WARNING (SPECTRE-16460): SOAC_esdfdp5_vac:Specified subcircuit master `esdfdp5' was not found.
        Further occurrences of this warning will be suppressed. {"history": "Interactive.322", "point": 20, "testname": "Poten", "cornername": "CMOS_Temp_Res_Cap_BJT_18"}
[2026-06-01 17:30:31.115 Z] [WARN] [cadence.virtuoso.ade.simulationMonitor] -     WARNING (SPECTRE-16462): SOAC_esdfdp5_vac:Error in specification of subcircuit master. Assert is ignored.
        Further occurrences of this warning will be suppressed. {"history": "Interactive.322", "point": 20, "testname": "Poten", "cornername": "CMOS_Temp_Res_Cap_BJT_18"}
[2026-06-01 17:30:31.115 Z] [WARN] [cadence.virtuoso.ade.simulationMonitor] -     WARNING (SPECTRE-17607): Assert `SOAC_vert10_vsubpsub' is ignored because it contains an expression which is invalid or not supported by native evaluator.  {"history": "Interactive.322", "point": 20, "testname": "Poten", "cornername": "CMOS_Temp_Res_Cap_BJT_18"}
[2026-06-01 17:30:31.115 Z] [WARN] [cadence.virtuoso.ade.simulationMonitor] -     WARNING (SPECTRE-17607): Assert `SOAC_vert10_vcsub' is ignored because it contains an expression which is invalid or not supported by native evaluator.  {"history": "Interactive.322", "point": 20, "testname": "Poten", "cornername": "CMOS_Temp_Res_Cap_BJT_18"}
[2026-06-01 17:30:32.115 Z] [INFO] [cadence.virtuoso.ade.simulationMonitor] - Notice from spectre during topology check.
    Only one connection to the following 1442 nodes:
        I0.I46.RLIB_GC1.R1.psub!
        I0.I46.RLIB_GC1.R2.psub!
        I0.I46.MNLIB_DR1.M_esdnmos4.psub!
        I0.I46.DLIB2.psub!
        I0.I46.DLIB1.psub!
        Further occurrences of this notice will be suppressed. {"history": "Interactive.322", "point": 20, "testname": "Poten", "cornername": "CMOS_Temp_Res_Cap_BJT_18"}
[2026-06-01 17:30:33.118 Z] [INFO] [cadence.virtuoso.ade.simulationMonitor] -               nodes 9466 {"history": "Interactive.322", "point": 20, "testname": "Poten", "cornername": "CMOS_Temp_Res_Cap_BJT_18"}
[2026-06-01 17:30:33.119 Z] [INFO] [cadence.virtuoso.ade.simulationMonitor] - Notice from spectre during initial setup.
    7 resistors are shorted because their absolute value is less than or equal to 'rabsshort'.
    3 vsources are shorted because their absolute value is less than or equal to 'vabsshort'.
    4 resistors are changed to resistance form because their value are less than 'rthresh'.
    Spectre X preset=cx enabled. {"history": "Interactive.322", "point": 20, "testname": "Poten", "cornername": "CMOS_Temp_Res_Cap_BJT_18"}
[2026-06-01 17:30:33.119 Z] [INFO] [cadence.virtuoso.ade.simulationMonitor] - Notice from spectre.
    Multithreading enabled: 8 threads in the system with 48 available processors. {"history": "Interactive.322", "point": 20, "testname": "Poten", "cornername": "CMOS_Temp_Res_Cap_BJT_18"}
[2026-06-01 17:30:33.120 Z] [INFO] [cadence.virtuoso.ade.simulationMonitor] - Peak resident memory used = 262 Mbytes. {"history": "Interactive.322", "point": 20, "testname": "Poten", "cornername": "CMOS_Temp_Res_Cap_BJT_18"}
[2026-06-01 17:30:33.120 Z] [INFO] [cadence.virtuoso.ade.simulationMonitor] -    -   (Spectre X) Multi-threading. The recommended number of threads is [4, 8], consider adding +mt=4 or +mt=8 on command line. {"history": "Interactive.322", "point": 20, "testname": "Poten", "cornername": "CMOS_Temp_Res_Cap_BJT_18"}
[2026-06-01 17:30:33.120 Z] [INFO] [cadence.virtuoso.ade.simulationMonitor] - Notice from spectre during DC analysis `dcOp'.
    No checklimit analysis defined for asserts. A default checklimit analysis 'SpectreChecklimitAnal' has been created with all asserts enabled. {"history": "Interactive.322", "point": 20, "testname": "Poten", "cornername": "CMOS_Temp_Res_Cap_BJT_18"}
[2026-06-01 17:30:34.122 Z] [INFO] [cadence.virtuoso.ade.simulationMonitor] - Notice from spectre during DC analysis `dcOp'.
    Bad pivoting is found during DC analysis. Option dc_pivot_check=yes is recommended for possible improvement of convergence. {"history": "Interactive.322", "point": 20, "testname": "Poten", "cornername": "CMOS_Temp_Res_Cap_BJT_18"}
[2026-06-01 17:30:34.123 Z] [WARN] [cadence.virtuoso.ade.simulationMonitor] -     WARNING (CMI-2943): Parameter checks have been ignored because the valid value for parameter 'trise' could not be found in 'C0'. {"history": "Interactive.322", "point": 20, "testname": "Poten", "cornername": "CMOS_Temp_Res_Cap_BJT_18"}
[2026-06-01 17:30:34.123 Z] [WARN] [cadence.virtuoso.ade.simulationMonitor] -     WARNING (CMI-2943): Parameter checks have been ignored because the valid value for parameter 'trise' could not be found in 'C1'. {"history": "Interactive.322", "point": 20, "testname": "Poten", "cornername": "CMOS_Temp_Res_Cap_BJT_18"}
[2026-06-01 17:30:34.123 Z] [WARN] [cadence.virtuoso.ade.simulationMonitor] -     WARNING (CMI-2943): Parameter checks have been ignored because the valid value for parameter 'trise' could not be found in 'C11'. {"history": "Interactive.322", "point": 20, "testname": "Poten", "cornername": "CMOS_Temp_Res_Cap_BJT_18"}
[2026-06-01 17:30:34.124 Z] [WARN] [cadence.virtuoso.ade.simulationMonitor] -     WARNING (CMI-2943): Parameter checks have been ignored because the valid value for parameter 'trise' could not be found in 'C12'. {"history": "Interactive.322", "point": 20, "testname": "Poten", "cornername": "CMOS_Temp_Res_Cap_BJT_18"}
[2026-06-01 17:30:34.124 Z] [WARN] [cadence.virtuoso.ade.simulationMonitor] -     WARNING (CMI-2943): Parameter checks have been ignored because the valid value for parameter 'trise' could not be found in 'C5'.
        Further occurrences of this warning will be suppressed. {"history": "Interactive.322", "point": 20, "testname": "Poten", "cornername": "CMOS_Temp_Res_Cap_BJT_18"}
[2026-06-01 17:30:34.125 Z] [INFO] [cadence.virtuoso.ade.simulationMonitor] - Notice from spectre during check, during DC analysis `dcOp'.
    I0.I6.RLIB_GC1 of rdiffp3: `ig' has the unusually large value of -8.10808 A.
    I0.I6.RLIB_GC2 of rdiffp3: `ig' has the unusually large value of -27.1129 A. {"history": "Interactive.322", "point": 20, "testname": "Poten", "cornername": "CMOS_Temp_Res_Cap_BJT_18"}
[2026-06-01 17:30:34.125 Z] [INFO] [cadence.virtuoso.ade.simulationMonitor] - Total time required for dc analysis `dcOp': CPU = 1.6526 s, elapsed = 696.227 ms, util. = 237%. {"history": "Interactive.322", "point": 20, "testname": "Poten", "cornername": "CMOS_Temp_Res_Cap_BJT_18"}
[2026-06-01 17:30:34.126 Z] [INFO] [cadence.virtuoso.ade.simulationMonitor] - Peak resident memory used = 287 Mbytes. {"history": "Interactive.322", "point": 20, "testname": "Poten", "cornername": "CMOS_Temp_Res_Cap_BJT_18"}
[2026-06-01 17:30:34.126 Z] [INFO] [cadence.virtuoso.ade.simulationMonitor] - Notice from spectre.
    1008 warnings suppressed. {"history": "Interactive.322", "point": 20, "testname": "Poten", "cornername": "CMOS_Temp_Res_Cap_BJT_18"}
[2026-06-01 17:30:34.126 Z] [WARN] [cadence.virtuoso.ade.simulationMonitor] -     WARNING (CMI-2425): I7.I0.C0<0>_dummy: `Acde' = 2.393 is unusually large. {"history": "Interactive.322", "point": 20, "testname": "Poten", "cornername": "CMOS_Temp_Res_Cap_BJT_18"}
[2026-06-01 17:30:34.127 Z] [WARN] [cadence.virtuoso.ade.simulationMonitor] -     WARNING (CMI-2425): I7.I0.C0<0>_dummy: `Noff' = 4.732 is unusually large. {"history": "Interactive.322", "point": 20, "testname": "Poten", "cornername": "CMOS_Temp_Res_Cap_BJT_18"}
[2026-06-01 17:30:34.127 Z] [WARN] [cadence.virtuoso.ade.simulationMonitor] -     WARNING (CMI-2424): I7.I0.C0<0>_dummy: `Voffcv' = -867.4e-03 is unusually small. {"history": "Interactive.322", "point": 20, "testname": "Poten", "cornername": "CMOS_Temp_Res_Cap_BJT_18"}
[2026-06-01 17:30:34.127 Z] [WARN] [cadence.virtuoso.ade.simulationMonitor] -     WARNING (CMI-2425): I7.I3.C1<0>_dummy: `Acde' = 2.393 is unusually large. {"history": "Interactive.322", "point": 20, "testname": "Poten", "cornername": "CMOS_Temp_Res_Cap_BJT_18"}
[2026-06-01 17:30:34.128 Z] [WARN] [cadence.virtuoso.ade.simulationMonitor] -     WARNING (CMI-2425): I7.I3.C1<0>_dummy: `Noff' = 4.732 is unusually large. {"history": "Interactive.322", "point": 20, "testname": "Poten", "cornername": "CMOS_Temp_Res_Cap_BJT_18"}
[2026-06-01 17:30:34.128 Z] [WARN] [cadence.virtuoso.ade.simulationMonitor] -     WARNING (CMI-2424): I7.I3.C1<0>_dummy: `Voffcv' = -867.4e-03 is unusually small. {"history": "Interactive.322", "point": 20, "testname": "Poten", "cornername": "CMOS_Temp_Res_Cap_BJT_18"}
[2026-06-01 17:30:34.129 Z] [WARN] [cadence.virtuoso.ade.simulationMonitor] -     WARNING (CMI-2425): I7.I4.C1<0>_dummy: `Acde' = 2.393 is unusually large.
        Further occurrences of this warning will be suppressed. {"history": "Interactive.322", "point": 20, "testname": "Poten", "cornername": "CMOS_Temp_Res_Cap_BJT_18"}
[2026-06-01 17:30:34.129 Z] [WARN] [cadence.virtuoso.ade.simulationMonitor] -     WARNING (CMI-2424): I7.I4.C1<0>_dummy: `Voffcv' = -867.4e-03 is unusually small. {"history": "Interactive.322", "point": 20, "testname": "Poten", "cornername": "CMOS_Temp_Res_Cap_BJT_18"}
[2026-06-01 17:30:34.129 Z] [INFO] [cadence.virtuoso.ade.simulationMonitor] - Notice from spectre.
    1 warning suppressed. {"history": "Interactive.322", "point": 20, "testname": "Poten", "cornername": "CMOS_Temp_Res_Cap_BJT_18"}
[2026-06-01 17:30:34.630 Z] [INFO] [cadence.virtuoso.ade.simulationMonitor] - Notice from spectre during IC analysis, during transient analysis `tran'.
    Bad pivoting is found during DC analysis. Option dc_pivot_check=yes is recommended for possible improvement of convergence. {"history": "Interactive.322", "point": 20, "testname": "Poten", "cornername": "CMOS_Temp_Res_Cap_BJT_18"}
[2026-06-01 17:30:34.630 Z] [WARN] [cadence.virtuoso.ade.simulationMonitor] -     WARNING (CMI-2943): Parameter checks have been ignored because the valid value for parameter 'trise' could not be found in 'C0'. {"history": "Interactive.322", "point": 20, "testname": "Poten", "cornername": "CMOS_Temp_Res_Cap_BJT_18"}
[2026-06-01 17:30:34.631 Z] [WARN] [cadence.virtuoso.ade.simulationMonitor] -     WARNING (CMI-2943): Parameter checks have been ignored because the valid value for parameter 'trise' could not be found in 'C1'. {"history": "Interactive.322", "point": 20, "testname": "Poten", "cornername": "CMOS_Temp_Res_Cap_BJT_18"}
[2026-06-01 17:30:34.631 Z] [WARN] [cadence.virtuoso.ade.simulationMonitor] -     WARNING (CMI-2943): Parameter checks have been ignored because the valid value for parameter 'trise' could not be found in 'C11'. {"history": "Interactive.322", "point": 20, "testname": "Poten", "cornername": "CMOS_Temp_Res_Cap_BJT_18"}
[2026-06-01 17:30:34.631 Z] [WARN] [cadence.virtuoso.ade.simulationMonitor] -     WARNING (CMI-2943): Parameter checks have been ignored because the valid value for parameter 'trise' could not be found in 'C12'. {"history": "Interactive.322", "point": 20, "testname": "Poten", "cornername": "CMOS_Temp_Res_Cap_BJT_18"}
[2026-06-01 17:30:34.632 Z] [WARN] [cadence.virtuoso.ade.simulationMonitor] -     WARNING (CMI-2943): Parameter checks have been ignored because the valid value for parameter 'trise' could not be found in 'C5'.
        Further occurrences of this warning will be suppressed. {"history": "Interactive.322", "point": 20, "testname": "Poten", "cornername": "CMOS_Temp_Res_Cap_BJT_18"}
[2026-06-01 17:30:34.632 Z] [INFO] [cadence.virtuoso.ade.simulationMonitor] - Notice from spectre during check, during IC analysis, during transient analysis `tran'.
    I0.I6.RLIB_GC1 of rdiffp3: `ig' has the unusually large value of -8.10809 A. {"history": "Interactive.322", "point": 20, "testname": "Poten", "cornername": "CMOS_Temp_Res_Cap_BJT_18"}
[2026-06-01 17:30:46.637 Z] [INFO] [cadence.virtuoso.ade.simulationMonitor] - Total time required for tran analysis `tran': CPU = 38.4652 s, elapsed = 12.617 s, util. = 305%. {"history": "Interactive.322", "point": 20, "testname": "Poten", "cornername": "CMOS_Temp_Res_Cap_BJT_18"}
[2026-06-01 17:30:46.638 Z] [INFO] [cadence.virtuoso.ade.simulationMonitor] - Peak resident memory used = 315 Mbytes. {"history": "Interactive.322", "point": 20, "testname": "Poten", "cornername": "CMOS_Temp_Res_Cap_BJT_18"}
[2026-06-01 17:30:46.639 Z] [INFO] [cadence.virtuoso.ade.simulationMonitor] - Notice from spectre.
    1008 warnings suppressed. {"history": "Interactive.322", "point": 20, "testname": "Poten", "cornername": "CMOS_Temp_Res_Cap_BJT_18"}
[2026-06-01 17:30:46.639 Z] [WARN] [cadence.virtuoso.ade.simulationMonitor] -     WARNING (CMI-2425): I7.I0.C0<0>_dummy: `Acde' = 2.393 is unusually large. {"history": "Interactive.322", "point": 20, "testname": "Poten", "cornername": "CMOS_Temp_Res_Cap_BJT_18"}
[2026-06-01 17:30:46.640 Z] [WARN] [cadence.virtuoso.ade.simulationMonitor] -     WARNING (CMI-2425): I7.I0.C0<0>_dummy: `Noff' = 4.732 is unusually large. {"history": "Interactive.322", "point": 20, "testname": "Poten", "cornername": "CMOS_Temp_Res_Cap_BJT_18"}
[2026-06-01 17:30:46.640 Z] [WARN] [cadence.virtuoso.ade.simulationMonitor] -     WARNING (CMI-2424): I7.I0.C0<0>_dummy: `Voffcv' = -867.4e-03 is unusually small. {"history": "Interactive.322", "point": 20, "testname": "Poten", "cornername": "CMOS_Temp_Res_Cap_BJT_18"}
[2026-06-01 17:30:46.640 Z] [WARN] [cadence.virtuoso.ade.simulationMonitor] -     WARNING (CMI-2425): I7.I3.C1<0>_dummy: `Acde' = 2.393 is unusually large. {"history": "Interactive.322", "point": 20, "testname": "Poten", "cornername": "CMOS_Temp_Res_Cap_BJT_18"}
[2026-06-01 17:30:46.641 Z] [WARN] [cadence.virtuoso.ade.simulationMonitor] -     WARNING (CMI-2425): I7.I3.C1<0>_dummy: `Noff' = 4.732 is unusually large. {"history": "Interactive.322", "point": 20, "testname": "Poten", "cornername": "CMOS_Temp_Res_Cap_BJT_18"}
[2026-06-01 17:30:46.642 Z] [WARN] [cadence.virtuoso.ade.simulationMonitor] -     WARNING (CMI-2424): I7.I3.C1<0>_dummy: `Voffcv' = -867.4e-03 is unusually small. {"history": "Interactive.322", "point": 20, "testname": "Poten", "cornername": "CMOS_Temp_Res_Cap_BJT_18"}
[2026-06-01 17:30:46.642 Z] [WARN] [cadence.virtuoso.ade.simulationMonitor] -     WARNING (CMI-2425): I7.I4.C1<0>_dummy: `Acde' = 2.393 is unusually large.
        Further occurrences of this warning will be suppressed. {"history": "Interactive.322", "point": 20, "testname": "Poten", "cornername": "CMOS_Temp_Res_Cap_BJT_18"}
[2026-06-01 17:30:46.643 Z] [WARN] [cadence.virtuoso.ade.simulationMonitor] -     WARNING (CMI-2424): I7.I4.C1<0>_dummy: `Voffcv' = -867.4e-03 is unusually small. {"history": "Interactive.322", "point": 20, "testname": "Poten", "cornername": "CMOS_Temp_Res_Cap_BJT_18"}
[2026-06-01 17:30:47.143 Z] [INFO] [cadence.virtuoso.ade.simulationMonitor] - Notice from spectre.
    1 warning suppressed. {"history": "Interactive.322", "point": 20, "testname": "Poten", "cornername": "CMOS_Temp_Res_Cap_BJT_18"}
[2026-06-01 17:30:48.144 Z] [WARN] [cadence.virtuoso.ade.simulationMonitor] -     WARNING (CMI-2425): I2.I25.I22.C2: `Acde' = 2.393 is unusually large. {"history": "Interactive.322", "point": 20, "testname": "Poten", "cornername": "CMOS_Temp_Res_Cap_BJT_18"}
[2026-06-01 17:30:48.144 Z] [WARN] [cadence.virtuoso.ade.simulationMonitor] -     WARNING (CMI-2425): I2.I25.I22.C2: `Noff' = 4.732 is unusually large. {"history": "Interactive.322", "point": 20, "testname": "Poten", "cornername": "CMOS_Temp_Res_Cap_BJT_18"}
[2026-06-01 17:30:48.145 Z] [WARN] [cadence.virtuoso.ade.simulationMonitor] -     WARNING (CMI-2424): I2.I25.I22.C2: `Voffcv' = -867.4e-03 is unusually small. {"history": "Interactive.322", "point": 20, "testname": "Poten", "cornername": "CMOS_Temp_Res_Cap_BJT_18"}
[2026-06-01 17:30:48.145 Z] [WARN] [cadence.virtuoso.ade.simulationMonitor] -     WARNING (CMI-2425): I2.I25.I33.C1: `Acde' = 2.393 is unusually large. {"history": "Interactive.322", "point": 20, "testname": "Poten", "cornername": "CMOS_Temp_Res_Cap_BJT_18"}
[2026-06-01 17:30:48.146 Z] [WARN] [cadence.virtuoso.ade.simulationMonitor] -     WARNING (CMI-2425): I2.I25.I33.C1: `Noff' = 4.732 is unusually large. {"history": "Interactive.322", "point": 20, "testname": "Poten", "cornername": "CMOS_Temp_Res_Cap_BJT_18"}
[2026-06-01 17:30:48.146 Z] [WARN] [cadence.virtuoso.ade.simulationMonitor] -     WARNING (CMI-2424): I2.I25.I33.C1: `Voffcv' = -867.4e-03 is unusually small. {"history": "Interactive.322", "point": 20, "testname": "Poten", "cornername": "CMOS_Temp_Res_Cap_BJT_18"}
[2026-06-01 17:30:48.146 Z] [WARN] [cadence.virtuoso.ade.simulationMonitor] -     WARNING (CMI-2425): I7.I1.C0: `Acde' = 2.393 is unusually large.
        Further occurrences of this warning will be suppressed. {"history": "Interactive.322", "point": 20, "testname": "Poten", "cornername": "CMOS_Temp_Res_Cap_BJT_18"}
[2026-06-01 17:30:48.147 Z] [WARN] [cadence.virtuoso.ade.simulationMonitor] -     WARNING (CMI-2424): I7.I1.C0: `Voffcv' = -867.4e-03 is unusually small. {"history": "Interactive.322", "point": 20, "testname": "Poten", "cornername": "CMOS_Temp_Res_Cap_BJT_18"}
[2026-06-01 17:30:48.147 Z] [WARN] [cadence.virtuoso.ade.simulationMonitor] -     WARNING (CMI-2424): I7.I0.C1: `Voffcv' = -867.4e-03 is unusually small. {"history": "Interactive.322", "point": 20, "testname": "Poten", "cornername": "CMOS_Temp_Res_Cap_BJT_18"}
[2026-06-01 17:30:48.148 Z] [WARN] [cadence.virtuoso.ade.simulationMonitor] -     WARNING (CMI-2424): I7.I0.C2: `Voffcv' = -867.4e-03 is unusually small.
        Further occurrences of this warning will be suppressed. {"history": "Interactive.322", "point": 20, "testname": "Poten", "cornername": "CMOS_Temp_Res_Cap_BJT_18"}
[2026-06-01 17:30:49.649 Z] [INFO] [cadence.virtuoso.ade.simulationMonitor] - Notice from spectre during DC analysis, during Noise analysis `noise'.
    Bad pivoting is found during DC analysis. Option dc_pivot_check=yes is recommended for possible improvement of convergence. {"history": "Interactive.322", "point": 20, "testname": "Poten", "cornername": "CMOS_Temp_Res_Cap_BJT_18"}
[2026-06-01 17:30:49.650 Z] [WARN] [cadence.virtuoso.ade.simulationMonitor] -     WARNING (CMI-2943): Parameter checks have been ignored because the valid value for parameter 'trise' could not be found in 'C0'. {"history": "Interactive.322", "point": 20, "testname": "Poten", "cornername": "CMOS_Temp_Res_Cap_BJT_18"}
[2026-06-01 17:30:49.651 Z] [WARN] [cadence.virtuoso.ade.simulationMonitor] -     WARNING (CMI-2943): Parameter checks have been ignored because the valid value for parameter 'trise' could not be found in 'C1'. {"history": "Interactive.322", "point": 20, "testname": "Poten", "cornername": "CMOS_Temp_Res_Cap_BJT_18"}
[2026-06-01 17:30:49.651 Z] [WARN] [cadence.virtuoso.ade.simulationMonitor] -     WARNING (CMI-2943): Parameter checks have been ignored because the valid value for parameter 'trise' could not be found in 'C11'. {"history": "Interactive.322", "point": 20, "testname": "Poten", "cornername": "CMOS_Temp_Res_Cap_BJT_18"}
[2026-06-01 17:30:49.652 Z] [WARN] [cadence.virtuoso.ade.simulationMonitor] -     WARNING (CMI-2943): Parameter checks have been ignored because the valid value for parameter 'trise' could not be found in 'C12'. {"history": "Interactive.322", "point": 20, "testname": "Poten", "cornername": "CMOS_Temp_Res_Cap_BJT_18"}
[2026-06-01 17:30:49.653 Z] [WARN] [cadence.virtuoso.ade.simulationMonitor] -     WARNING (CMI-2943): Parameter checks have been ignored because the valid value for parameter 'trise' could not be found in 'C5'.
        Further occurrences of this warning will be suppressed. {"history": "Interactive.322", "point": 20, "testname": "Poten", "cornername": "CMOS_Temp_Res_Cap_BJT_18"}
[2026-06-01 17:31:02.162 Z] [INFO] [cadence.virtuoso.ade.simulationMonitor] - Total time required for noise analysis `noise': CPU = 32.2484 s, elapsed = 14.0628 s, util. = 229%. {"history": "Interactive.322", "point": 20, "testname": "Poten", "cornername": "CMOS_Temp_Res_Cap_BJT_18"}
[2026-06-01 17:31:02.163 Z] [INFO] [cadence.virtuoso.ade.simulationMonitor] - Peak resident memory used = 341 Mbytes. {"history": "Interactive.322", "point": 20, "testname": "Poten", "cornername": "CMOS_Temp_Res_Cap_BJT_18"}
[2026-06-01 17:31:02.163 Z] [INFO] [cadence.virtuoso.ade.simulationMonitor] - Notice from spectre.
    1022 warnings suppressed. {"history": "Interactive.322", "point": 20, "testname": "Poten", "cornername": "CMOS_Temp_Res_Cap_BJT_18"}
[2026-06-01 17:31:02.164 Z] [WARN] [cadence.virtuoso.ade.simulationMonitor] -     WARNING (CMI-2425): I2.I25.I22.C2: `Acde' = 2.393 is unusually large. {"history": "Interactive.322", "point": 20, "testname": "Poten", "cornername": "CMOS_Temp_Res_Cap_BJT_18"}
[2026-06-01 17:31:02.164 Z] [WARN] [cadence.virtuoso.ade.simulationMonitor] -     WARNING (CMI-2425): I2.I25.I22.C2: `Noff' = 4.732 is unusually large. {"history": "Interactive.322", "point": 20, "testname": "Poten", "cornername": "CMOS_Temp_Res_Cap_BJT_18"}
[2026-06-01 17:31:02.164 Z] [WARN] [cadence.virtuoso.ade.simulationMonitor] -     WARNING (CMI-2424): I2.I25.I22.C2: `Voffcv' = -867.4e-03 is unusually small. {"history": "Interactive.322", "point": 20, "testname": "Poten", "cornername": "CMOS_Temp_Res_Cap_BJT_18"}
[2026-06-01 17:31:02.164 Z] [WARN] [cadence.virtuoso.ade.simulationMonitor] -     WARNING (CMI-2425): I2.I25.I33.C1: `Acde' = 2.393 is unusually large. {"history": "Interactive.322", "point": 20, "testname": "Poten", "cornername": "CMOS_Temp_Res_Cap_BJT_18"}
[2026-06-01 17:31:02.165 Z] [WARN] [cadence.virtuoso.ade.simulationMonitor] -     WARNING (CMI-2425): I2.I25.I33.C1: `Noff' = 4.732 is unusually large. {"history": "Interactive.322", "point": 20, "testname": "Poten", "cornername": "CMOS_Temp_Res_Cap_BJT_18"}
[2026-06-01 17:31:02.165 Z] [WARN] [cadence.virtuoso.ade.simulationMonitor] -     WARNING (CMI-2424): I2.I25.I33.C1: `Voffcv' = -867.4e-03 is unusually small. {"history": "Interactive.322", "point": 20, "testname": "Poten", "cornername": "CMOS_Temp_Res_Cap_BJT_18"}
[2026-06-01 17:31:02.165 Z] [WARN] [cadence.virtuoso.ade.simulationMonitor] -     WARNING (CMI-2425): I7.I1.C0: `Acde' = 2.393 is unusually large.
        Further occurrences of this warning will be suppressed. {"history": "Interactive.322", "point": 20, "testname": "Poten", "cornername": "CMOS_Temp_Res_Cap_BJT_18"}
[2026-06-01 17:31:02.165 Z] [WARN] [cadence.virtuoso.ade.simulationMonitor] -     WARNING (CMI-2424): I7.I1.C0: `Voffcv' = -867.4e-03 is unusually small. {"history": "Interactive.322", "point": 20, "testname": "Poten", "cornername": "CMOS_Temp_Res_Cap_BJT_18"}
[2026-06-01 17:31:02.165 Z] [WARN] [cadence.virtuoso.ade.simulationMonitor] -     WARNING (CMI-2424): I7.I0.C1: `Voffcv' = -867.4e-03 is unusually small. {"history": "Interactive.322", "point": 20, "testname": "Poten", "cornername": "CMOS_Temp_Res_Cap_BJT_18"}
[2026-06-01 17:31:02.166 Z] [WARN] [cadence.virtuoso.ade.simulationMonitor] -     WARNING (CMI-2424): I7.I0.C2: `Voffcv' = -867.4e-03 is unusually small.
        Further occurrences of this warning will be suppressed. {"history": "Interactive.322", "point": 20, "testname": "Poten", "cornername": "CMOS_Temp_Res_Cap_BJT_18"}
[2026-06-01 17:31:02.166 Z] [INFO] [cadence.virtuoso.ade.simulationMonitor] - Notice from spectre during XF analysis `xf'.
    Operating points will not be recomputed: the circuit and conditions were not changed since previous analysis. {"history": "Interactive.322", "point": 20, "testname": "Poten", "cornername": "CMOS_Temp_Res_Cap_BJT_18"}
[2026-06-01 17:31:04.167 Z] [INFO] [cadence.virtuoso.ade.simulationMonitor] - Total time required for xf analysis `xf': CPU = 3.48084 s, elapsed = 1.75679 s, util. = 198%. {"history": "Interactive.322", "point": 20, "testname": "Poten", "cornername": "CMOS_Temp_Res_Cap_BJT_18"}
[2026-06-01 17:31:04.168 Z] [INFO] [cadence.virtuoso.ade.simulationMonitor] - Peak resident memory used = 341 Mbytes. {"history": "Interactive.322", "point": 20, "testname": "Poten", "cornername": "CMOS_Temp_Res_Cap_BJT_18"}
[2026-06-01 17:31:04.168 Z] [INFO] [cadence.virtuoso.ade.simulationMonitor] - Notice from spectre.
    14 warnings suppressed. {"history": "Interactive.322", "point": 20, "testname": "Poten", "cornername": "CMOS_Temp_Res_Cap_BJT_18"}
[2026-06-01 17:31:04.169 Z] [WARN] [cadence.virtuoso.ade.simulationMonitor] -     WARNING (CMI-2425): I7.I0.C0<0>_dummy: `Acde' = 2.393 is unusually large. {"history": "Interactive.322", "point": 20, "testname": "Poten", "cornername": "CMOS_Temp_Res_Cap_BJT_18"}
[2026-06-01 17:31:04.169 Z] [WARN] [cadence.virtuoso.ade.simulationMonitor] -     WARNING (CMI-2425): I7.I0.C0<0>_dummy: `Noff' = 4.732 is unusually large. {"history": "Interactive.322", "point": 20, "testname": "Poten", "cornername": "CMOS_Temp_Res_Cap_BJT_18"}
[2026-06-01 17:31:04.169 Z] [WARN] [cadence.virtuoso.ade.simulationMonitor] -     WARNING (CMI-2424): I7.I0.C0<0>_dummy: `Voffcv' = -867.4e-03 is unusually small. {"history": "Interactive.322", "point": 20, "testname": "Poten", "cornername": "CMOS_Temp_Res_Cap_BJT_18"}
[2026-06-01 17:31:04.169 Z] [WARN] [cadence.virtuoso.ade.simulationMonitor] -     WARNING (CMI-2425): I7.I3.C1<0>_dummy: `Acde' = 2.393 is unusually large. {"history": "Interactive.322", "point": 20, "testname": "Poten", "cornername": "CMOS_Temp_Res_Cap_BJT_18"}
[2026-06-01 17:31:04.170 Z] [WARN] [cadence.virtuoso.ade.simulationMonitor] -     WARNING (CMI-2425): I7.I3.C1<0>_dummy: `Noff' = 4.732 is unusually large. {"history": "Interactive.322", "point": 20, "testname": "Poten", "cornername": "CMOS_Temp_Res_Cap_BJT_18"}
[2026-06-01 17:31:04.170 Z] [WARN] [cadence.virtuoso.ade.simulationMonitor] -     WARNING (CMI-2424): I7.I3.C1<0>_dummy: `Voffcv' = -867.4e-03 is unusually small. {"history": "Interactive.322", "point": 20, "testname": "Poten", "cornername": "CMOS_Temp_Res_Cap_BJT_18"}
[2026-06-01 17:31:04.170 Z] [WARN] [cadence.virtuoso.ade.simulationMonitor] -     WARNING (CMI-2425): I7.I4.C1<0>_dummy: `Acde' = 2.393 is unusually large.
        Further occurrences of this warning will be suppressed. {"history": "Interactive.322", "point": 20, "testname": "Poten", "cornername": "CMOS_Temp_Res_Cap_BJT_18"}
[2026-06-01 17:31:04.172 Z] [WARN] [cadence.virtuoso.ade.simulationMonitor] -     WARNING (CMI-2424): I7.I4.C1<0>_dummy: `Voffcv' = -867.4e-03 is unusually small. {"history": "Interactive.322", "point": 20, "testname": "Poten", "cornername": "CMOS_Temp_Res_Cap_BJT_18"}
[2026-06-01 17:31:04.172 Z] [INFO] [cadence.virtuoso.ade.simulationMonitor] - Notice from spectre.
    1 warning suppressed. {"history": "Interactive.322", "point": 20, "testname": "Poten", "cornername": "CMOS_Temp_Res_Cap_BJT_18"}
[2026-06-01 17:31:04.172 Z] [INFO] [cadence.virtuoso.ade.simulationMonitor] - Time used: CPU = 80.9 s (1m  20.9s), elapsed = 34.8 s, util. = 233%. {"history": "Interactive.322", "point": 20, "testname": "Poten", "cornername": "CMOS_Temp_Res_Cap_BJT_18"}
[2026-06-01 17:31:04.172 Z] [INFO] [cadence.virtuoso.ade.simulationMonitor] - Time spent in licensing: elapsed = 87.1 ms. {"history": "Interactive.322", "point": 20, "testname": "Poten", "cornername": "CMOS_Temp_Res_Cap_BJT_18"}
[2026-06-01 17:31:04.173 Z] [INFO] [cadence.virtuoso.ade.simulationMonitor] - Peak memory used = 341 Mbytes. {"history": "Interactive.322", "point": 20, "testname": "Poten", "cornername": "CMOS_Temp_Res_Cap_BJT_18"}
[2026-06-01 17:31:04.176 Z] [PROCESS] [cadence.virtuoso.ade.simulationMonitor] - Simulation started at: 5:30:29 PM, Mon Jun 1, 2026, ended at: 5:31:04 PM, Mon Jun 1, 2026, with elapsed time (wall clock): 34.8 s. {"history": "Interactive.322", "point": 20, "testname": "Poten", "cornername": "CMOS_Temp_Res_Cap_BJT_18"}
[2026-06-01 17:31:04.177 Z] [PROCESS] [cadence.virtuoso.ade.simulationMonitor] - spectre completes with 0 errors, 107 warnings, and 38 notices. {"history": "Interactive.322", "point": 20, "testname": "Poten", "cornername": "CMOS_Temp_Res_Cap_BJT_18"}
[2026-06-01 17:31:04.678 Z] [PROCESS] [cadence.virtuoso.ade.simulationMonitor] - Finished simulating for one point {"hostname": "il2244vt26_hrahimi", "processid": 1518757, "history": "Interactive.322", "testname": "Poten", "cornername": "CMOS_Temp_Res_Cap_BJT_18", "point": 20, "logfile": "/home/hrahimi/projects/POTENTIOSTAT_26/logs_hrahimi/logs0/Job106.log", "simid": "2"}
[2026-06-01 17:31:04.678 Z] [PROCESS] [cadence.virtuoso.ade.simulationMonitor] - Simulator exited {"hostname": "il2244vt26_hrahimi", "processid": 1518757, "history": "Interactive.322", "testname": "Poten", "cornername": "CMOS_Temp_Res_Cap_BJT_18", "point": 20, "logfile": "/home/hrahimi/projects/POTENTIOSTAT_26/logs_hrahimi/logs0/Job106.log", "exitStatus": "0"}
[2026-06-01 17:31:04.679 Z] [PROCESS] [cadence.virtuoso.ade.simulationMonitor] - Finished Simulation {"hostname": "il2244vt26_hrahimi", "processid": 1518757, "history": "Interactive.322", "testname": "Poten", "cornername": "CMOS_Temp_Res_Cap_BJT_18", "point": 20, "logfile": "/home/hrahimi/projects/POTENTIOSTAT_26/logs_hrahimi/logs0/Job106.log", "simid": "2"}
[2026-06-01 17:31:08.698 Z] [PROCESS] [cadence.virtuoso.ade.simulationMonitor] - Point Finished {"hostname": "il2244vt26_hrahimi", "processid": 1518757, "history": "Interactive.322", "testname": "Poten", "cornername": "CMOS_Temp_Res_Cap_BJT_18", "point": 20, "logfile": "/home/hrahimi/projects/POTENTIOSTAT_26/logs_hrahimi/logs0/Job106.log"}
[2026-06-01 17:31:08.705 Z] [PROCESS] [cadence.virtuoso.ade.simulationMonitor] - HostInfo:
Host name (type):	il2244vt26_hrahimi (x86_64)
Operating system:	Linux 5.15.0-164-generic #174-Ubuntu SMP Fri Nov 14 20:25:16 UTC 2025 {"hostname": "il2244vt26_hrahimi", "processid": 1518757, "history": "Interactive.322", "testname": "Poten", "cornername": "CMOS_Temp_Res_Cap_BJT_18", "point": 20, "logfile": "/home/hrahimi/projects/POTENTIOSTAT_26/logs_hrahimi/logs0/Job106.log", "nodename": "il2244vt26_hrahimi", "domainname": "(none)", "machine": "x86_64", "sysname": "Linux", "release": "5.15.0-164-generic", "version": "#174-Ubuntu SMP Fri Nov 14 20:25:16 UTC 2025"}
[2026-06-01 17:31:08.705 Z] [PROCESS] [cadence.virtuoso.ade.simulationMonitor] - UsageInfo:
pid=1518757
totalPhysicalMemory=3023.749672GB,Used=2516.481510GB,totalVirtualMemory=3031.749668GB,Used=2516.526188GB
Cpu: Cores=48, Load average:53.750000,22.080000,11.930000 {"hostname": "il2244vt26_hrahimi", "processid": 1518757, "history": "Interactive.322", "testname": "Poten", "cornername": "CMOS_Temp_Res_Cap_BJT_18", "point": 20, "logfile": "/home/hrahimi/projects/POTENTIOSTAT_26/logs_hrahimi/logs0/Job106.log", "pid": "1518757", "totalPhysicalMemory": "3023.749672", "physicalMemoryUsed": "2516.481510", "totalVirtualMemory": "3031.749668", "virtualMemoryUsed": "2516.526188", "cpuCores": "48", "processes": "29956", "loadAverage1": "53.750000", "loadAverage5": "22.080000", "loadAverage15": "11.930000", "loadAverage1Percent": "1.119792"}
[2026-06-01 17:31:08.706 Z] [EVENT] [cadence.virtuoso.ade.simulationMonitor] - NewPoint {"history": "Interactive.322", "point": 37, "testname": "Poten", "cornername": "CMOS_Temp_Res_Cap_BJT_35", "event": "NewPoint", "EventSource": "Simulation Monitor", "HistoryName": "Interactive.322", "logFile": "/home/hrahimi/projects/POTENTIOSTAT_26/logs_hrahimi/logs0/Job106.log", "logFileSize": "98015"}
[2026-06-01 17:31:08.809 Z] [EVENT] [cadence.virtuoso.ade.simulationMonitor] - NewPoint {"history": "Interactive.322", "point": 37, "testname": "Poten", "cornername": "CMOS_Temp_Res_Cap_BJT_35", "event": "NewPoint", "EventSource": "spectre", "HistoryName": "Interactive.322", "logFile": "/home/hrahimi/projects/POTENTIOSTAT_26/Sim/Potentiostat_Top/top/maestro/results/maestro/Interactive.322/37/Poten/psf/spectre.out", "logFileSize": "-1"}
[2026-06-01 17:31:08.821 Z] [PROCESS] [cadence.virtuoso.ade.simulationMonitor] - Simulator launched {"hostname": "il2244vt26_hrahimi", "processid": 1518757, "history": "Interactive.322", "testname": "Poten", "cornername": "CMOS_Temp_Res_Cap_BJT_35", "point": 37, "logfile": "/home/hrahimi/projects/POTENTIOSTAT_26/logs_hrahimi/logs0/Job106.log", "simid": "3"}
[2026-06-01 17:31:08.899 Z] [PROCESS] [cadence.virtuoso.ade.simulationMonitor] - Started Simulation {"hostname": "il2244vt26_hrahimi", "processid": 1518757, "history": "Interactive.322", "testname": "Poten", "cornername": "CMOS_Temp_Res_Cap_BJT_35", "point": 37, "logfile": "/home/hrahimi/projects/POTENTIOSTAT_26/logs_hrahimi/logs0/Job106.log", "event": "started", "task": "simulation"}
[2026-06-01 17:31:09.900 Z] [WARN] [cadence.virtuoso.ade.simulationMonitor] -     WARNING (SPECTRE-691): This CPU processor does not support x86 advanced vector extensions instructions. This may affect math operations and slow down the simulation. {"history": "Interactive.322", "point": 37, "testname": "Poten", "cornername": "CMOS_Temp_Res_Cap_BJT_35"}
[2026-06-01 17:31:09.901 Z] [INFO] [cadence.virtuoso.ade.simulationMonitor] - Notice from spectre during circuit read-in.
    Pre_Configuration file used: /opt/tools/cadence/installs/SPECTRE241/tools.lnx86/spectre/etc/configs/preset.precfg
    Configuration file used: `/opt/tools/cadence/installs/SPECTRE241/tools.lnx86/spectre/etc/configs/preset.cfg'. {"history": "Interactive.322", "point": 37, "testname": "Poten", "cornername": "CMOS_Temp_Res_Cap_BJT_35"}
[2026-06-01 17:31:09.901 Z] [WARN] [cadence.virtuoso.ade.simulationMonitor] -     WARNING (SPECTRE-8360): line 1511: `ac' is an undefined primitive device. {"history": "Interactive.322", "point": 37, "testname": "Poten", "cornername": "CMOS_Temp_Res_Cap_BJT_35"}
[2026-06-01 17:31:09.901 Z] [WARN] [cadence.virtuoso.ade.simulationMonitor] -     WARNING (SPECTRE-8360): line 1512: `ac' is an undefined primitive device. {"history": "Interactive.322", "point": 37, "testname": "Poten", "cornername": "CMOS_Temp_Res_Cap_BJT_35"}
[2026-06-01 17:31:09.902 Z] [WARN] [cadence.virtuoso.ade.simulationMonitor] -     WARNING (SPECTRE-8360): line 1513: `ac' is an undefined primitive device. {"history": "Interactive.322", "point": 37, "testname": "Poten", "cornername": "CMOS_Temp_Res_Cap_BJT_35"}
[2026-06-01 17:31:09.902 Z] [WARN] [cadence.virtuoso.ade.simulationMonitor] -     WARNING (SPECTRE-8360): line 1514: `ac' is an undefined primitive device. {"history": "Interactive.322", "point": 37, "testname": "Poten", "cornername": "CMOS_Temp_Res_Cap_BJT_35"}
[2026-06-01 17:31:09.902 Z] [WARN] [cadence.virtuoso.ade.simulationMonitor] -     WARNING (SPECTRE-8360): line 1515: `ac' is an undefined primitive device.
        Further occurrences of this warning will be suppressed. {"history": "Interactive.322", "point": 37, "testname": "Poten", "cornername": "CMOS_Temp_Res_Cap_BJT_35"}
[2026-06-01 17:31:09.902 Z] [WARN] [cadence.virtuoso.ade.simulationMonitor] -     WARNING (VACOMP-2435): The environment variable CDS_AHDLCMI_ENABLE is no longer supported. Therefore, the simulator will use the default compiled C code flow. {"history": "Interactive.322", "point": 37, "testname": "Poten", "cornername": "CMOS_Temp_Res_Cap_BJT_35"}
[2026-06-01 17:31:09.902 Z] [INFO] [cadence.virtuoso.ade.simulationMonitor] - Peak resident memory used = 187 Mbytes. {"history": "Interactive.322", "point": 37, "testname": "Poten", "cornername": "CMOS_Temp_Res_Cap_BJT_35"}
[2026-06-01 17:31:10.403 Z] [WARN] [cadence.virtuoso.ade.simulationMonitor] -     WARNING (SFE-2649): Terminals of top-level instance `R50', in file`netlist', at line 28548, are connected. Remove the instance and rerun the simulation. {"history": "Interactive.322", "point": 37, "testname": "Poten", "cornername": "CMOS_Temp_Res_Cap_BJT_35"}
[2026-06-01 17:31:10.403 Z] [WARN] [cadence.virtuoso.ade.simulationMonitor] -     WARNING (SFE-2649): Terminals of top-level instance `R48', in file`netlist', at line 28590, are connected. Remove the instance and rerun the simulation. {"history": "Interactive.322", "point": 37, "testname": "Poten", "cornername": "CMOS_Temp_Res_Cap_BJT_35"}
[2026-06-01 17:31:10.403 Z] [WARN] [cadence.virtuoso.ade.simulationMonitor] -     WARNING (SFE-3012): The dummy device I0.I16.DLIB12 is removed. {"history": "Interactive.322", "point": 37, "testname": "Poten", "cornername": "CMOS_Temp_Res_Cap_BJT_35"}
[2026-06-01 17:31:10.403 Z] [WARN] [cadence.virtuoso.ade.simulationMonitor] -     WARNING (SFE-3012): The dummy device I0.I15.DLIB9 is removed. {"history": "Interactive.322", "point": 37, "testname": "Poten", "cornername": "CMOS_Temp_Res_Cap_BJT_35"}
[2026-06-01 17:31:10.403 Z] [WARN] [cadence.virtuoso.ade.simulationMonitor] -     WARNING (SFE-3012): The dummy device I0.I17.DLIB5 is removed. {"history": "Interactive.322", "point": 37, "testname": "Poten", "cornername": "CMOS_Temp_Res_Cap_BJT_35"}
[2026-06-01 17:31:10.403 Z] [WARN] [cadence.virtuoso.ade.simulationMonitor] -     WARNING (SFE-3012): The dummy device I0.I44.DLIB10 is removed. {"history": "Interactive.322", "point": 37, "testname": "Poten", "cornername": "CMOS_Temp_Res_Cap_BJT_35"}
[2026-06-01 17:31:10.404 Z] [WARN] [cadence.virtuoso.ade.simulationMonitor] -     WARNING (SFE-3012): The dummy device I2.I25.I33.MP24<0>_turbo_m34 is removed.
        Further occurrences of this warning will be suppressed. {"history": "Interactive.322", "point": 37, "testname": "Poten", "cornername": "CMOS_Temp_Res_Cap_BJT_35"}
[2026-06-01 17:31:10.404 Z] [WARN] [cadence.virtuoso.ade.simulationMonitor] -     WARNING (SFE-3029): The dummy capacitor I7.I4.R31.CS1 is removed. {"history": "Interactive.322", "point": 37, "testname": "Poten", "cornername": "CMOS_Temp_Res_Cap_BJT_35"}
[2026-06-01 17:31:10.404 Z] [WARN] [cadence.virtuoso.ade.simulationMonitor] -     WARNING (SFE-3029): The dummy capacitor I7.I0.R3.CS1 is removed. {"history": "Interactive.322", "point": 37, "testname": "Poten", "cornername": "CMOS_Temp_Res_Cap_BJT_35"}
[2026-06-01 17:31:10.404 Z] [WARN] [cadence.virtuoso.ade.simulationMonitor] -     WARNING (SFE-3027): The dangling resistor I2.I56.re1184 is removed. {"history": "Interactive.322", "point": 37, "testname": "Poten", "cornername": "CMOS_Temp_Res_Cap_BJT_35"}
[2026-06-01 17:31:10.404 Z] [WARN] [cadence.virtuoso.ade.simulationMonitor] -     WARNING (SFE-3029): The dummy capacitor I7.I10_turbo_m4.C0.C1 is removed. {"history": "Interactive.322", "point": 37, "testname": "Poten", "cornername": "CMOS_Temp_Res_Cap_BJT_35"}
[2026-06-01 17:31:10.405 Z] [WARN] [cadence.virtuoso.ade.simulationMonitor] -     WARNING (SFE-3027): The dangling resistor I2.I56.re1178 is removed. {"history": "Interactive.322", "point": 37, "testname": "Poten", "cornername": "CMOS_Temp_Res_Cap_BJT_35"}
[2026-06-01 17:31:10.405 Z] [WARN] [cadence.virtuoso.ade.simulationMonitor] -     WARNING (SFE-3029): The dummy capacitor I7.I1.R2.CS1 is removed. {"history": "Interactive.322", "point": 37, "testname": "Poten", "cornername": "CMOS_Temp_Res_Cap_BJT_35"}
[2026-06-01 17:31:10.405 Z] [WARN] [cadence.virtuoso.ade.simulationMonitor] -     WARNING (SFE-3029): The dummy capacitor I7.I13_turbo_m5.C0.C1 is removed.
        Further occurrences of this warning will be suppressed. {"history": "Interactive.322", "point": 37, "testname": "Poten", "cornername": "CMOS_Temp_Res_Cap_BJT_35"}
[2026-06-01 17:31:10.405 Z] [WARN] [cadence.virtuoso.ade.simulationMonitor] -     WARNING (SFE-3028): The floating resistor R8 is removed. {"history": "Interactive.322", "point": 37, "testname": "Poten", "cornername": "CMOS_Temp_Res_Cap_BJT_35"}
[2026-06-01 17:31:10.406 Z] [WARN] [cadence.virtuoso.ade.simulationMonitor] -     WARNING (SFE-3015): The dangling node I2.I56.192\:V_ptat_inv is removed. {"history": "Interactive.322", "point": 37, "testname": "Poten", "cornername": "CMOS_Temp_Res_Cap_BJT_35"}
[2026-06-01 17:31:10.406 Z] [WARN] [cadence.virtuoso.ade.simulationMonitor] -     WARNING (SFE-3015): The dangling node I2.I56.105\:net7 is removed. {"history": "Interactive.322", "point": 37, "testname": "Poten", "cornername": "CMOS_Temp_Res_Cap_BJT_35"}
[2026-06-01 17:31:10.407 Z] [WARN] [cadence.virtuoso.ade.simulationMonitor] -     WARNING (SFE-3016): The floating node net73 is removed. {"history": "Interactive.322", "point": 37, "testname": "Poten", "cornername": "CMOS_Temp_Res_Cap_BJT_35"}
[2026-06-01 17:31:10.407 Z] [WARN] [cadence.virtuoso.ade.simulationMonitor] -     WARNING (SFE-3016): The floating node net74 is removed. {"history": "Interactive.322", "point": 37, "testname": "Poten", "cornername": "CMOS_Temp_Res_Cap_BJT_35"}
[2026-06-01 17:31:10.408 Z] [INFO] [cadence.virtuoso.ade.simulationMonitor] - Notice from spectre during hierarchy flattening.
    Spectre X Parasitic Optimization enabled.
    Parasitic optimization will filter out parasitic nodes, nodes only connected to RCs, by default. To view individual parasitic nodes use individual save statements (i.e. save out), or use the 'savefilter=none' option to save all parasitic nodes. Saving all parasitic nodes may slow down simulation and create large waveform files. {"history": "Interactive.322", "point": 37, "testname": "Poten", "cornername": "CMOS_Temp_Res_Cap_BJT_35"}
[2026-06-01 17:31:10.408 Z] [INFO] [cadence.virtuoso.ade.simulationMonitor] - Peak resident memory used = 210 Mbytes. {"history": "Interactive.322", "point": 37, "testname": "Poten", "cornername": "CMOS_Temp_Res_Cap_BJT_35"}
[2026-06-01 17:31:10.409 Z] [INFO] [cadence.virtuoso.ade.simulationMonitor] - Notice from spectre during hierarchy flattening.
    The value 'psf' specified for the 'checklimitdest' option will no longer be supported in future releases. Use 'spectre -h' to see other recommended values for the 'checklimitdest' option.
    I0.I46.RLIB_GC1.CS0 of rpoly1c: `c' has the unusually small value of 634.694e-21 F.
    I0.I46.RLIB_GC1.CS1 of rpoly1c: `c' has the unusually small value of 634.694e-21 F.
    I0.I45.RLIB_GC1.CS0 of rpoly1c: `c' has the unusually small value of 634.694e-21 F.
    I0... {"history": "Interactive.322", "point": 37, "testname": "Poten", "cornername": "CMOS_Temp_Res_Cap_BJT_35"}
[2026-06-01 17:31:10.909 Z] [INFO] [cadence.virtuoso.ade.simulationMonitor] - Notice from spectre during hierarchy flattening.
    V8: `period' has the unusually large value of 100 s.
    V7: `period' has the unusually large value of 10 s.
    V3: `period' has the unusually large value of 6 s.
    I26: `period' has the unusually large value of 6 s. {"history": "Interactive.322", "point": 37, "testname": "Poten", "cornername": "CMOS_Temp_Res_Cap_BJT_35"}
[2026-06-01 17:31:10.909 Z] [INFO] [cadence.virtuoso.ade.simulationMonitor] - Peak resident memory used = 218 Mbytes. {"history": "Interactive.322", "point": 37, "testname": "Poten", "cornername": "CMOS_Temp_Res_Cap_BJT_35"}
[2026-06-01 17:31:10.910 Z] [WARN] [cadence.virtuoso.ade.simulationMonitor] -     WARNING (CMI-2425): I7.I4.C1<0>_turbo_m11: `Acde' = 2.393 is unusually large. {"history": "Interactive.322", "point": 37, "testname": "Poten", "cornername": "CMOS_Temp_Res_Cap_BJT_35"}
[2026-06-01 17:31:10.910 Z] [WARN] [cadence.virtuoso.ade.simulationMonitor] -     WARNING (CMI-2425): I7.I4.C1<0>_turbo_m11: `Noff' = 4.732 is unusually large. {"history": "Interactive.322", "point": 37, "testname": "Poten", "cornername": "CMOS_Temp_Res_Cap_BJT_35"}
[2026-06-01 17:31:10.910 Z] [WARN] [cadence.virtuoso.ade.simulationMonitor] -     WARNING (CMI-2424): I7.I4.C1<0>_turbo_m11: `Voffcv' = -867.4e-03 is unusually small. {"history": "Interactive.322", "point": 37, "testname": "Poten", "cornername": "CMOS_Temp_Res_Cap_BJT_35"}
[2026-06-01 17:31:10.910 Z] [WARN] [cadence.virtuoso.ade.simulationMonitor] -     WARNING (CMI-2425): I7.I3.C1<0>_turbo_m6: `Acde' = 2.393 is unusually large. {"history": "Interactive.322", "point": 37, "testname": "Poten", "cornername": "CMOS_Temp_Res_Cap_BJT_35"}
[2026-06-01 17:31:10.911 Z] [WARN] [cadence.virtuoso.ade.simulationMonitor] -     WARNING (CMI-2425): I7.I3.C1<0>_turbo_m6: `Noff' = 4.732 is unusually large. {"history": "Interactive.322", "point": 37, "testname": "Poten", "cornername": "CMOS_Temp_Res_Cap_BJT_35"}
[2026-06-01 17:31:10.911 Z] [WARN] [cadence.virtuoso.ade.simulationMonitor] -     WARNING (CMI-2424): I7.I3.C1<0>_turbo_m6: `Voffcv' = -867.4e-03 is unusually small. {"history": "Interactive.322", "point": 37, "testname": "Poten", "cornername": "CMOS_Temp_Res_Cap_BJT_35"}
[2026-06-01 17:31:10.911 Z] [WARN] [cadence.virtuoso.ade.simulationMonitor] -     WARNING (CMI-2425): I7.I0.C0<0>_turbo_m6: `Acde' = 2.393 is unusually large.
        Further occurrences of this warning will be suppressed. {"history": "Interactive.322", "point": 37, "testname": "Poten", "cornername": "CMOS_Temp_Res_Cap_BJT_35"}
[2026-06-01 17:31:10.911 Z] [WARN] [cadence.virtuoso.ade.simulationMonitor] -     WARNING (CMI-2424): I7.I0.C0<0>_turbo_m6: `Voffcv' = -867.4e-03 is unusually small. {"history": "Interactive.322", "point": 37, "testname": "Poten", "cornername": "CMOS_Temp_Res_Cap_BJT_35"}
[2026-06-01 17:31:10.911 Z] [WARN] [cadence.virtuoso.ade.simulationMonitor] -     WARNING (CMI-2424): I7.I0.C2: `Voffcv' = -867.4e-03 is unusually small. {"history": "Interactive.322", "point": 37, "testname": "Poten", "cornername": "CMOS_Temp_Res_Cap_BJT_35"}
[2026-06-01 17:31:10.912 Z] [WARN] [cadence.virtuoso.ade.simulationMonitor] -     WARNING (CMI-2424): I7.I0.C1: `Voffcv' = -867.4e-03 is unusually small.
        Further occurrences of this warning will be suppressed. {"history": "Interactive.322", "point": 37, "testname": "Poten", "cornername": "CMOS_Temp_Res_Cap_BJT_35"}
[2026-06-01 17:31:11.412 Z] [WARN] [cadence.virtuoso.ade.simulationMonitor] -     WARNING (SPECTRE-16460): SOAC_esdgcp5_vcpsub:Specified subcircuit master `esdgcp5' was not found. {"history": "Interactive.322", "point": 37, "testname": "Poten", "cornername": "CMOS_Temp_Res_Cap_BJT_35"}
[2026-06-01 17:31:11.413 Z] [WARN] [cadence.virtuoso.ade.simulationMonitor] -     WARNING (SPECTRE-16462): SOAC_esdgcp5_vcpsub:Error in specification of subcircuit master. Assert is ignored. {"history": "Interactive.322", "point": 37, "testname": "Poten", "cornername": "CMOS_Temp_Res_Cap_BJT_35"}
[2026-06-01 17:31:11.413 Z] [WARN] [cadence.virtuoso.ade.simulationMonitor] -     WARNING (SPECTRE-16460): SOAC_esdgcp5_vac:Specified subcircuit master `esdgcp5' was not found. {"history": "Interactive.322", "point": 37, "testname": "Poten", "cornername": "CMOS_Temp_Res_Cap_BJT_35"}
[2026-06-01 17:31:11.413 Z] [WARN] [cadence.virtuoso.ade.simulationMonitor] -     WARNING (SPECTRE-16462): SOAC_esdgcp5_vac:Error in specification of subcircuit master. Assert is ignored. {"history": "Interactive.322", "point": 37, "testname": "Poten", "cornername": "CMOS_Temp_Res_Cap_BJT_35"}
[2026-06-01 17:31:11.413 Z] [WARN] [cadence.virtuoso.ade.simulationMonitor] -     WARNING (SPECTRE-16460): SOAC_esdgcn5_vac:Specified subcircuit master `esdgcn5' was not found. {"history": "Interactive.322", "point": 37, "testname": "Poten", "cornername": "CMOS_Temp_Res_Cap_BJT_35"}
[2026-06-01 17:31:11.414 Z] [WARN] [cadence.virtuoso.ade.simulationMonitor] -     WARNING (SPECTRE-16462): SOAC_esdgcn5_vac:Error in specification of subcircuit master. Assert is ignored. {"history": "Interactive.322", "point": 37, "testname": "Poten", "cornername": "CMOS_Temp_Res_Cap_BJT_35"}
[2026-06-01 17:31:11.414 Z] [WARN] [cadence.virtuoso.ade.simulationMonitor] -     WARNING (SPECTRE-16460): SOAC_esdfdp5_vcpsub:Specified subcircuit master `esdfdp5' was not found. {"history": "Interactive.322", "point": 37, "testname": "Poten", "cornername": "CMOS_Temp_Res_Cap_BJT_35"}
[2026-06-01 17:31:11.415 Z] [WARN] [cadence.virtuoso.ade.simulationMonitor] -     WARNING (SPECTRE-16462): SOAC_esdfdp5_vcpsub:Error in specification of subcircuit master. Assert is ignored. {"history": "Interactive.322", "point": 37, "testname": "Poten", "cornername": "CMOS_Temp_Res_Cap_BJT_35"}
[2026-06-01 17:31:11.415 Z] [WARN] [cadence.virtuoso.ade.simulationMonitor] -     WARNING (SPECTRE-16460): SOAC_esdfdp5_vac:Specified subcircuit master `esdfdp5' was not found.
        Further occurrences of this warning will be suppressed. {"history": "Interactive.322", "point": 37, "testname": "Poten", "cornername": "CMOS_Temp_Res_Cap_BJT_35"}
[2026-06-01 17:31:11.415 Z] [WARN] [cadence.virtuoso.ade.simulationMonitor] -     WARNING (SPECTRE-16462): SOAC_esdfdp5_vac:Error in specification of subcircuit master. Assert is ignored.
        Further occurrences of this warning will be suppressed. {"history": "Interactive.322", "point": 37, "testname": "Poten", "cornername": "CMOS_Temp_Res_Cap_BJT_35"}
[2026-06-01 17:31:11.415 Z] [WARN] [cadence.virtuoso.ade.simulationMonitor] -     WARNING (SPECTRE-17607): Assert `SOAC_vert10_vsubpsub' is ignored because it contains an expression which is invalid or not supported by native evaluator.  {"history": "Interactive.322", "point": 37, "testname": "Poten", "cornername": "CMOS_Temp_Res_Cap_BJT_35"}
[2026-06-01 17:31:11.416 Z] [WARN] [cadence.virtuoso.ade.simulationMonitor] -     WARNING (SPECTRE-17607): Assert `SOAC_vert10_vcsub' is ignored because it contains an expression which is invalid or not supported by native evaluator.  {"history": "Interactive.322", "point": 37, "testname": "Poten", "cornername": "CMOS_Temp_Res_Cap_BJT_35"}
[2026-06-01 17:31:11.916 Z] [INFO] [cadence.virtuoso.ade.simulationMonitor] - Notice from spectre during topology check.
    Only one connection to the following 1442 nodes:
        I0.I46.RLIB_GC1.R1.psub!
        I0.I46.RLIB_GC1.R2.psub!
        I0.I46.MNLIB_DR1.M_esdnmos4.psub!
        I0.I46.DLIB2.psub!
        I0.I46.DLIB1.psub!
        Further occurrences of this notice will be suppressed. {"history": "Interactive.322", "point": 37, "testname": "Poten", "cornername": "CMOS_Temp_Res_Cap_BJT_35"}
[2026-06-01 17:31:13.420 Z] [INFO] [cadence.virtuoso.ade.simulationMonitor] -               nodes 9466 {"history": "Interactive.322", "point": 37, "testname": "Poten", "cornername": "CMOS_Temp_Res_Cap_BJT_35"}
[2026-06-01 17:31:13.422 Z] [INFO] [cadence.virtuoso.ade.simulationMonitor] - Notice from spectre during initial setup.
    7 resistors are shorted because their absolute value is less than or equal to 'rabsshort'.
    3 vsources are shorted because their absolute value is less than or equal to 'vabsshort'.
    4 resistors are changed to resistance form because their value are less than 'rthresh'.
    Spectre X preset=cx enabled. {"history": "Interactive.322", "point": 37, "testname": "Poten", "cornername": "CMOS_Temp_Res_Cap_BJT_35"}
[2026-06-01 17:31:13.923 Z] [INFO] [cadence.virtuoso.ade.simulationMonitor] - Notice from spectre.
    Multithreading enabled: 8 threads in the system with 48 available processors. {"history": "Interactive.322", "point": 37, "testname": "Poten", "cornername": "CMOS_Temp_Res_Cap_BJT_35"}
[2026-06-01 17:31:13.923 Z] [INFO] [cadence.virtuoso.ade.simulationMonitor] - Peak resident memory used = 261 Mbytes. {"history": "Interactive.322", "point": 37, "testname": "Poten", "cornername": "CMOS_Temp_Res_Cap_BJT_35"}
[2026-06-01 17:31:13.924 Z] [INFO] [cadence.virtuoso.ade.simulationMonitor] -    -   (Spectre X) Multi-threading. The recommended number of threads is [4, 8], consider adding +mt=4 or +mt=8 on command line. {"history": "Interactive.322", "point": 37, "testname": "Poten", "cornername": "CMOS_Temp_Res_Cap_BJT_35"}
[2026-06-01 17:31:13.924 Z] [INFO] [cadence.virtuoso.ade.simulationMonitor] - Notice from spectre during DC analysis `dcOp'.
    No checklimit analysis defined for asserts. A default checklimit analysis 'SpectreChecklimitAnal' has been created with all asserts enabled. {"history": "Interactive.322", "point": 37, "testname": "Poten", "cornername": "CMOS_Temp_Res_Cap_BJT_35"}
[2026-06-01 17:31:14.925 Z] [INFO] [cadence.virtuoso.ade.simulationMonitor] - Notice from spectre during DC analysis `dcOp'.
    Bad pivoting is found during DC analysis. Option dc_pivot_check=yes is recommended for possible improvement of convergence. {"history": "Interactive.322", "point": 37, "testname": "Poten", "cornername": "CMOS_Temp_Res_Cap_BJT_35"}
[2026-06-01 17:31:14.925 Z] [WARN] [cadence.virtuoso.ade.simulationMonitor] -     WARNING (CMI-2943): Parameter checks have been ignored because the valid value for parameter 'trise' could not be found in 'C0'. {"history": "Interactive.322", "point": 37, "testname": "Poten", "cornername": "CMOS_Temp_Res_Cap_BJT_35"}
[2026-06-01 17:31:14.925 Z] [WARN] [cadence.virtuoso.ade.simulationMonitor] -     WARNING (CMI-2943): Parameter checks have been ignored because the valid value for parameter 'trise' could not be found in 'C1'. {"history": "Interactive.322", "point": 37, "testname": "Poten", "cornername": "CMOS_Temp_Res_Cap_BJT_35"}
[2026-06-01 17:31:14.926 Z] [WARN] [cadence.virtuoso.ade.simulationMonitor] -     WARNING (CMI-2943): Parameter checks have been ignored because the valid value for parameter 'trise' could not be found in 'C11'. {"history": "Interactive.322", "point": 37, "testname": "Poten", "cornername": "CMOS_Temp_Res_Cap_BJT_35"}
[2026-06-01 17:31:14.926 Z] [WARN] [cadence.virtuoso.ade.simulationMonitor] -     WARNING (CMI-2943): Parameter checks have been ignored because the valid value for parameter 'trise' could not be found in 'C12'. {"history": "Interactive.322", "point": 37, "testname": "Poten", "cornername": "CMOS_Temp_Res_Cap_BJT_35"}
[2026-06-01 17:31:14.926 Z] [WARN] [cadence.virtuoso.ade.simulationMonitor] -     WARNING (CMI-2943): Parameter checks have been ignored because the valid value for parameter 'trise' could not be found in 'C5'.
        Further occurrences of this warning will be suppressed. {"history": "Interactive.322", "point": 37, "testname": "Poten", "cornername": "CMOS_Temp_Res_Cap_BJT_35"}
[2026-06-01 17:31:14.927 Z] [INFO] [cadence.virtuoso.ade.simulationMonitor] - Notice from spectre during check, during DC analysis `dcOp'.
    I0.I6.RLIB_GC1 of rdiffp3: `ig' has the unusually large value of -9.22941 A.
    I0.I6.RLIB_GC2 of rdiffp3: `ig' has the unusually large value of -27.1422 A. {"history": "Interactive.322", "point": 37, "testname": "Poten", "cornername": "CMOS_Temp_Res_Cap_BJT_35"}
[2026-06-01 17:31:14.927 Z] [INFO] [cadence.virtuoso.ade.simulationMonitor] - Total time required for dc analysis `dcOp': CPU = 1.99916 s, elapsed = 1.23979 s, util. = 161%. {"history": "Interactive.322", "point": 37, "testname": "Poten", "cornername": "CMOS_Temp_Res_Cap_BJT_35"}
[2026-06-01 17:31:14.927 Z] [INFO] [cadence.virtuoso.ade.simulationMonitor] - Peak resident memory used = 287 Mbytes. {"history": "Interactive.322", "point": 37, "testname": "Poten", "cornername": "CMOS_Temp_Res_Cap_BJT_35"}
[2026-06-01 17:31:14.928 Z] [INFO] [cadence.virtuoso.ade.simulationMonitor] - Notice from spectre.
    1008 warnings suppressed. {"history": "Interactive.322", "point": 37, "testname": "Poten", "cornername": "CMOS_Temp_Res_Cap_BJT_35"}
[2026-06-01 17:31:14.928 Z] [WARN] [cadence.virtuoso.ade.simulationMonitor] -     WARNING (CMI-2425): I7.I0.C0<0>_dummy: `Acde' = 2.393 is unusually large. {"history": "Interactive.322", "point": 37, "testname": "Poten", "cornername": "CMOS_Temp_Res_Cap_BJT_35"}
[2026-06-01 17:31:14.929 Z] [WARN] [cadence.virtuoso.ade.simulationMonitor] -     WARNING (CMI-2425): I7.I0.C0<0>_dummy: `Noff' = 4.732 is unusually large. {"history": "Interactive.322", "point": 37, "testname": "Poten", "cornername": "CMOS_Temp_Res_Cap_BJT_35"}
[2026-06-01 17:31:14.929 Z] [WARN] [cadence.virtuoso.ade.simulationMonitor] -     WARNING (CMI-2424): I7.I0.C0<0>_dummy: `Voffcv' = -867.4e-03 is unusually small. {"history": "Interactive.322", "point": 37, "testname": "Poten", "cornername": "CMOS_Temp_Res_Cap_BJT_35"}
[2026-06-01 17:31:14.929 Z] [WARN] [cadence.virtuoso.ade.simulationMonitor] -     WARNING (CMI-2425): I7.I3.C1<0>_dummy: `Acde' = 2.393 is unusually large. {"history": "Interactive.322", "point": 37, "testname": "Poten", "cornername": "CMOS_Temp_Res_Cap_BJT_35"}
[2026-06-01 17:31:14.930 Z] [WARN] [cadence.virtuoso.ade.simulationMonitor] -     WARNING (CMI-2425): I7.I3.C1<0>_dummy: `Noff' = 4.732 is unusually large. {"history": "Interactive.322", "point": 37, "testname": "Poten", "cornername": "CMOS_Temp_Res_Cap_BJT_35"}
[2026-06-01 17:31:14.930 Z] [WARN] [cadence.virtuoso.ade.simulationMonitor] -     WARNING (CMI-2424): I7.I3.C1<0>_dummy: `Voffcv' = -867.4e-03 is unusually small. {"history": "Interactive.322", "point": 37, "testname": "Poten", "cornername": "CMOS_Temp_Res_Cap_BJT_35"}
[2026-06-01 17:31:14.931 Z] [WARN] [cadence.virtuoso.ade.simulationMonitor] -     WARNING (CMI-2425): I7.I4.C1<0>_dummy: `Acde' = 2.393 is unusually large.
        Further occurrences of this warning will be suppressed. {"history": "Interactive.322", "point": 37, "testname": "Poten", "cornername": "CMOS_Temp_Res_Cap_BJT_35"}
[2026-06-01 17:31:14.931 Z] [WARN] [cadence.virtuoso.ade.simulationMonitor] -     WARNING (CMI-2424): I7.I4.C1<0>_dummy: `Voffcv' = -867.4e-03 is unusually small. {"history": "Interactive.322", "point": 37, "testname": "Poten", "cornername": "CMOS_Temp_Res_Cap_BJT_35"}
[2026-06-01 17:31:14.931 Z] [INFO] [cadence.virtuoso.ade.simulationMonitor] - Notice from spectre.
    1 warning suppressed. {"history": "Interactive.322", "point": 37, "testname": "Poten", "cornername": "CMOS_Temp_Res_Cap_BJT_35"}
[2026-06-01 17:31:15.932 Z] [INFO] [cadence.virtuoso.ade.simulationMonitor] - Notice from spectre during IC analysis, during transient analysis `tran'.
    Bad pivoting is found during DC analysis. Option dc_pivot_check=yes is recommended for possible improvement of convergence. {"history": "Interactive.322", "point": 37, "testname": "Poten", "cornername": "CMOS_Temp_Res_Cap_BJT_35"}
[2026-06-01 17:31:15.933 Z] [WARN] [cadence.virtuoso.ade.simulationMonitor] -     WARNING (CMI-2943): Parameter checks have been ignored because the valid value for parameter 'trise' could not be found in 'C0'. {"history": "Interactive.322", "point": 37, "testname": "Poten", "cornername": "CMOS_Temp_Res_Cap_BJT_35"}
[2026-06-01 17:31:15.933 Z] [WARN] [cadence.virtuoso.ade.simulationMonitor] -     WARNING (CMI-2943): Parameter checks have been ignored because the valid value for parameter 'trise' could not be found in 'C1'. {"history": "Interactive.322", "point": 37, "testname": "Poten", "cornername": "CMOS_Temp_Res_Cap_BJT_35"}
[2026-06-01 17:31:15.933 Z] [WARN] [cadence.virtuoso.ade.simulationMonitor] -     WARNING (CMI-2943): Parameter checks have been ignored because the valid value for parameter 'trise' could not be found in 'C11'. {"history": "Interactive.322", "point": 37, "testname": "Poten", "cornername": "CMOS_Temp_Res_Cap_BJT_35"}
[2026-06-01 17:31:15.934 Z] [WARN] [cadence.virtuoso.ade.simulationMonitor] -     WARNING (CMI-2943): Parameter checks have been ignored because the valid value for parameter 'trise' could not be found in 'C12'. {"history": "Interactive.322", "point": 37, "testname": "Poten", "cornername": "CMOS_Temp_Res_Cap_BJT_35"}
[2026-06-01 17:31:15.934 Z] [WARN] [cadence.virtuoso.ade.simulationMonitor] -     WARNING (CMI-2943): Parameter checks have been ignored because the valid value for parameter 'trise' could not be found in 'C5'.
        Further occurrences of this warning will be suppressed. {"history": "Interactive.322", "point": 37, "testname": "Poten", "cornername": "CMOS_Temp_Res_Cap_BJT_35"}
[2026-06-01 17:31:15.935 Z] [INFO] [cadence.virtuoso.ade.simulationMonitor] - Notice from spectre during check, during IC analysis, during transient analysis `tran'.
    I0.I6.RLIB_GC1 of rdiffp3: `ig' has the unusually large value of -9.22941 A. {"history": "Interactive.322", "point": 37, "testname": "Poten", "cornername": "CMOS_Temp_Res_Cap_BJT_35"}
[2026-06-01 17:31:35.948 Z] [INFO] [cadence.virtuoso.ade.simulationMonitor] - Total time required for tran analysis `tran': CPU = 76.2781 s (1m  16.3s), elapsed = 20.8505 s, util. = 366%. {"history": "Interactive.322", "point": 37, "testname": "Poten", "cornername": "CMOS_Temp_Res_Cap_BJT_35"}
[2026-06-01 17:31:35.948 Z] [INFO] [cadence.virtuoso.ade.simulationMonitor] - Peak resident memory used = 313 Mbytes. {"history": "Interactive.322", "point": 37, "testname": "Poten", "cornername": "CMOS_Temp_Res_Cap_BJT_35"}
[2026-06-01 17:31:35.948 Z] [INFO] [cadence.virtuoso.ade.simulationMonitor] - Notice from spectre.
    1008 warnings suppressed. {"history": "Interactive.322", "point": 37, "testname": "Poten", "cornername": "CMOS_Temp_Res_Cap_BJT_35"}
[2026-06-01 17:31:35.949 Z] [WARN] [cadence.virtuoso.ade.simulationMonitor] -     WARNING (CMI-2425): I7.I0.C0<0>_dummy: `Acde' = 2.393 is unusually large. {"history": "Interactive.322", "point": 37, "testname": "Poten", "cornername": "CMOS_Temp_Res_Cap_BJT_35"}
[2026-06-01 17:31:35.949 Z] [WARN] [cadence.virtuoso.ade.simulationMonitor] -     WARNING (CMI-2425): I7.I0.C0<0>_dummy: `Noff' = 4.732 is unusually large. {"history": "Interactive.322", "point": 37, "testname": "Poten", "cornername": "CMOS_Temp_Res_Cap_BJT_35"}
[2026-06-01 17:31:35.949 Z] [WARN] [cadence.virtuoso.ade.simulationMonitor] -     WARNING (CMI-2424): I7.I0.C0<0>_dummy: `Voffcv' = -867.4e-03 is unusually small. {"history": "Interactive.322", "point": 37, "testname": "Poten", "cornername": "CMOS_Temp_Res_Cap_BJT_35"}
[2026-06-01 17:31:35.949 Z] [WARN] [cadence.virtuoso.ade.simulationMonitor] -     WARNING (CMI-2425): I7.I3.C1<0>_dummy: `Acde' = 2.393 is unusually large. {"history": "Interactive.322", "point": 37, "testname": "Poten", "cornername": "CMOS_Temp_Res_Cap_BJT_35"}
[2026-06-01 17:31:35.949 Z] [WARN] [cadence.virtuoso.ade.simulationMonitor] -     WARNING (CMI-2425): I7.I3.C1<0>_dummy: `Noff' = 4.732 is unusually large. {"history": "Interactive.322", "point": 37, "testname": "Poten", "cornername": "CMOS_Temp_Res_Cap_BJT_35"}
[2026-06-01 17:31:35.950 Z] [WARN] [cadence.virtuoso.ade.simulationMonitor] -     WARNING (CMI-2424): I7.I3.C1<0>_dummy: `Voffcv' = -867.4e-03 is unusually small. {"history": "Interactive.322", "point": 37, "testname": "Poten", "cornername": "CMOS_Temp_Res_Cap_BJT_35"}
[2026-06-01 17:31:35.950 Z] [WARN] [cadence.virtuoso.ade.simulationMonitor] -     WARNING (CMI-2425): I7.I4.C1<0>_dummy: `Acde' = 2.393 is unusually large.
        Further occurrences of this warning will be suppressed. {"history": "Interactive.322", "point": 37, "testname": "Poten", "cornername": "CMOS_Temp_Res_Cap_BJT_35"}
[2026-06-01 17:31:35.950 Z] [WARN] [cadence.virtuoso.ade.simulationMonitor] -     WARNING (CMI-2424): I7.I4.C1<0>_dummy: `Voffcv' = -867.4e-03 is unusually small. {"history": "Interactive.322", "point": 37, "testname": "Poten", "cornername": "CMOS_Temp_Res_Cap_BJT_35"}
[2026-06-01 17:31:36.450 Z] [INFO] [cadence.virtuoso.ade.simulationMonitor] - Notice from spectre.
    1 warning suppressed. {"history": "Interactive.322", "point": 37, "testname": "Poten", "cornername": "CMOS_Temp_Res_Cap_BJT_35"}
[2026-06-01 17:31:37.951 Z] [WARN] [cadence.virtuoso.ade.simulationMonitor] -     WARNING (CMI-2425): I2.I25.I22.C2: `Acde' = 2.393 is unusually large. {"history": "Interactive.322", "point": 37, "testname": "Poten", "cornername": "CMOS_Temp_Res_Cap_BJT_35"}
[2026-06-01 17:31:37.952 Z] [WARN] [cadence.virtuoso.ade.simulationMonitor] -     WARNING (CMI-2425): I2.I25.I22.C2: `Noff' = 4.732 is unusually large. {"history": "Interactive.322", "point": 37, "testname": "Poten", "cornername": "CMOS_Temp_Res_Cap_BJT_35"}
[2026-06-01 17:31:37.952 Z] [WARN] [cadence.virtuoso.ade.simulationMonitor] -     WARNING (CMI-2424): I2.I25.I22.C2: `Voffcv' = -867.4e-03 is unusually small. {"history": "Interactive.322", "point": 37, "testname": "Poten", "cornername": "CMOS_Temp_Res_Cap_BJT_35"}
[2026-06-01 17:31:37.952 Z] [WARN] [cadence.virtuoso.ade.simulationMonitor] -     WARNING (CMI-2425): I2.I25.I33.C1: `Acde' = 2.393 is unusually large. {"history": "Interactive.322", "point": 37, "testname": "Poten", "cornername": "CMOS_Temp_Res_Cap_BJT_35"}
[2026-06-01 17:31:37.953 Z] [WARN] [cadence.virtuoso.ade.simulationMonitor] -     WARNING (CMI-2425): I2.I25.I33.C1: `Noff' = 4.732 is unusually large. {"history": "Interactive.322", "point": 37, "testname": "Poten", "cornername": "CMOS_Temp_Res_Cap_BJT_35"}
[2026-06-01 17:31:37.953 Z] [WARN] [cadence.virtuoso.ade.simulationMonitor] -     WARNING (CMI-2424): I2.I25.I33.C1: `Voffcv' = -867.4e-03 is unusually small. {"history": "Interactive.322", "point": 37, "testname": "Poten", "cornername": "CMOS_Temp_Res_Cap_BJT_35"}
[2026-06-01 17:31:37.953 Z] [WARN] [cadence.virtuoso.ade.simulationMonitor] -     WARNING (CMI-2425): I7.I1.C0: `Acde' = 2.393 is unusually large.
        Further occurrences of this warning will be suppressed. {"history": "Interactive.322", "point": 37, "testname": "Poten", "cornername": "CMOS_Temp_Res_Cap_BJT_35"}
[2026-06-01 17:31:37.953 Z] [WARN] [cadence.virtuoso.ade.simulationMonitor] -     WARNING (CMI-2424): I7.I1.C0: `Voffcv' = -867.4e-03 is unusually small. {"history": "Interactive.322", "point": 37, "testname": "Poten", "cornername": "CMOS_Temp_Res_Cap_BJT_35"}
[2026-06-01 17:31:37.953 Z] [WARN] [cadence.virtuoso.ade.simulationMonitor] -     WARNING (CMI-2424): I7.I0.C1: `Voffcv' = -867.4e-03 is unusually small. {"history": "Interactive.322", "point": 37, "testname": "Poten", "cornername": "CMOS_Temp_Res_Cap_BJT_35"}
[2026-06-01 17:31:37.954 Z] [WARN] [cadence.virtuoso.ade.simulationMonitor] -     WARNING (CMI-2424): I7.I0.C2: `Voffcv' = -867.4e-03 is unusually small.
        Further occurrences of this warning will be suppressed. {"history": "Interactive.322", "point": 37, "testname": "Poten", "cornername": "CMOS_Temp_Res_Cap_BJT_35"}
[2026-06-01 17:31:40.955 Z] [INFO] [cadence.virtuoso.ade.simulationMonitor] - Notice from spectre during DC analysis, during Noise analysis `noise'.
    Bad pivoting is found during DC analysis. Option dc_pivot_check=yes is recommended for possible improvement of convergence. {"history": "Interactive.322", "point": 37, "testname": "Poten", "cornername": "CMOS_Temp_Res_Cap_BJT_35"}
[2026-06-01 17:31:40.956 Z] [WARN] [cadence.virtuoso.ade.simulationMonitor] -     WARNING (CMI-2943): Parameter checks have been ignored because the valid value for parameter 'trise' could not be found in 'C0'. {"history": "Interactive.322", "point": 37, "testname": "Poten", "cornername": "CMOS_Temp_Res_Cap_BJT_35"}
[2026-06-01 17:31:40.956 Z] [WARN] [cadence.virtuoso.ade.simulationMonitor] -     WARNING (CMI-2943): Parameter checks have been ignored because the valid value for parameter 'trise' could not be found in 'C1'. {"history": "Interactive.322", "point": 37, "testname": "Poten", "cornername": "CMOS_Temp_Res_Cap_BJT_35"}
[2026-06-01 17:31:40.956 Z] [WARN] [cadence.virtuoso.ade.simulationMonitor] -     WARNING (CMI-2943): Parameter checks have been ignored because the valid value for parameter 'trise' could not be found in 'C11'. {"history": "Interactive.322", "point": 37, "testname": "Poten", "cornername": "CMOS_Temp_Res_Cap_BJT_35"}
[2026-06-01 17:31:40.957 Z] [WARN] [cadence.virtuoso.ade.simulationMonitor] -     WARNING (CMI-2943): Parameter checks have been ignored because the valid value for parameter 'trise' could not be found in 'C12'. {"history": "Interactive.322", "point": 37, "testname": "Poten", "cornername": "CMOS_Temp_Res_Cap_BJT_35"}
[2026-06-01 17:31:40.957 Z] [WARN] [cadence.virtuoso.ade.simulationMonitor] -     WARNING (CMI-2943): Parameter checks have been ignored because the valid value for parameter 'trise' could not be found in 'C5'.
        Further occurrences of this warning will be suppressed. {"history": "Interactive.322", "point": 37, "testname": "Poten", "cornername": "CMOS_Temp_Res_Cap_BJT_35"}
[2026-06-01 17:32:04.965 Z] [INFO] [cadence.virtuoso.ade.simulationMonitor] - Total time required for noise analysis `noise': CPU = 48.1373 s, elapsed = 26.9083 s, util. = 179%. {"history": "Interactive.322", "point": 37, "testname": "Poten", "cornername": "CMOS_Temp_Res_Cap_BJT_35"}
[2026-06-01 17:32:04.966 Z] [INFO] [cadence.virtuoso.ade.simulationMonitor] - Peak resident memory used = 339 Mbytes. {"history": "Interactive.322", "point": 37, "testname": "Poten", "cornername": "CMOS_Temp_Res_Cap_BJT_35"}
[2026-06-01 17:32:04.966 Z] [INFO] [cadence.virtuoso.ade.simulationMonitor] - Notice from spectre.
    1022 warnings suppressed. {"history": "Interactive.322", "point": 37, "testname": "Poten", "cornername": "CMOS_Temp_Res_Cap_BJT_35"}
[2026-06-01 17:32:04.966 Z] [WARN] [cadence.virtuoso.ade.simulationMonitor] -     WARNING (CMI-2425): I2.I25.I22.C2: `Acde' = 2.393 is unusually large. {"history": "Interactive.322", "point": 37, "testname": "Poten", "cornername": "CMOS_Temp_Res_Cap_BJT_35"}
[2026-06-01 17:32:04.966 Z] [WARN] [cadence.virtuoso.ade.simulationMonitor] -     WARNING (CMI-2425): I2.I25.I22.C2: `Noff' = 4.732 is unusually large. {"history": "Interactive.322", "point": 37, "testname": "Poten", "cornername": "CMOS_Temp_Res_Cap_BJT_35"}
[2026-06-01 17:32:04.967 Z] [WARN] [cadence.virtuoso.ade.simulationMonitor] -     WARNING (CMI-2424): I2.I25.I22.C2: `Voffcv' = -867.4e-03 is unusually small. {"history": "Interactive.322", "point": 37, "testname": "Poten", "cornername": "CMOS_Temp_Res_Cap_BJT_35"}
[2026-06-01 17:32:04.967 Z] [WARN] [cadence.virtuoso.ade.simulationMonitor] -     WARNING (CMI-2425): I2.I25.I33.C1: `Acde' = 2.393 is unusually large. {"history": "Interactive.322", "point": 37, "testname": "Poten", "cornername": "CMOS_Temp_Res_Cap_BJT_35"}
[2026-06-01 17:32:04.967 Z] [WARN] [cadence.virtuoso.ade.simulationMonitor] -     WARNING (CMI-2425): I2.I25.I33.C1: `Noff' = 4.732 is unusually large. {"history": "Interactive.322", "point": 37, "testname": "Poten", "cornername": "CMOS_Temp_Res_Cap_BJT_35"}
[2026-06-01 17:32:04.967 Z] [WARN] [cadence.virtuoso.ade.simulationMonitor] -     WARNING (CMI-2424): I2.I25.I33.C1: `Voffcv' = -867.4e-03 is unusually small. {"history": "Interactive.322", "point": 37, "testname": "Poten", "cornername": "CMOS_Temp_Res_Cap_BJT_35"}
[2026-06-01 17:32:04.967 Z] [WARN] [cadence.virtuoso.ade.simulationMonitor] -     WARNING (CMI-2425): I7.I1.C0: `Acde' = 2.393 is unusually large.
        Further occurrences of this warning will be suppressed. {"history": "Interactive.322", "point": 37, "testname": "Poten", "cornername": "CMOS_Temp_Res_Cap_BJT_35"}
[2026-06-01 17:32:04.967 Z] [WARN] [cadence.virtuoso.ade.simulationMonitor] -     WARNING (CMI-2424): I7.I1.C0: `Voffcv' = -867.4e-03 is unusually small. {"history": "Interactive.322", "point": 37, "testname": "Poten", "cornername": "CMOS_Temp_Res_Cap_BJT_35"}
[2026-06-01 17:32:04.968 Z] [WARN] [cadence.virtuoso.ade.simulationMonitor] -     WARNING (CMI-2424): I7.I0.C1: `Voffcv' = -867.4e-03 is unusually small. {"history": "Interactive.322", "point": 37, "testname": "Poten", "cornername": "CMOS_Temp_Res_Cap_BJT_35"}
[2026-06-01 17:32:04.968 Z] [WARN] [cadence.virtuoso.ade.simulationMonitor] -     WARNING (CMI-2424): I7.I0.C2: `Voffcv' = -867.4e-03 is unusually small.
        Further occurrences of this warning will be suppressed. {"history": "Interactive.322", "point": 37, "testname": "Poten", "cornername": "CMOS_Temp_Res_Cap_BJT_35"}
[2026-06-01 17:32:04.968 Z] [INFO] [cadence.virtuoso.ade.simulationMonitor] - Notice from spectre during XF analysis `xf'.
    Operating points will not be recomputed: the circuit and conditions were not changed since previous analysis. {"history": "Interactive.322", "point": 37, "testname": "Poten", "cornername": "CMOS_Temp_Res_Cap_BJT_35"}
[2026-06-01 17:32:08.970 Z] [INFO] [cadence.virtuoso.ade.simulationMonitor] - Total time required for xf analysis `xf': CPU = 5.32901 s, elapsed = 3.7108 s, util. = 144%. {"history": "Interactive.322", "point": 37, "testname": "Poten", "cornername": "CMOS_Temp_Res_Cap_BJT_35"}
[2026-06-01 17:32:08.970 Z] [INFO] [cadence.virtuoso.ade.simulationMonitor] - Peak resident memory used = 339 Mbytes. {"history": "Interactive.322", "point": 37, "testname": "Poten", "cornername": "CMOS_Temp_Res_Cap_BJT_35"}
[2026-06-01 17:32:08.970 Z] [INFO] [cadence.virtuoso.ade.simulationMonitor] - Notice from spectre.
    14 warnings suppressed. {"history": "Interactive.322", "point": 37, "testname": "Poten", "cornername": "CMOS_Temp_Res_Cap_BJT_35"}
[2026-06-01 17:32:08.971 Z] [WARN] [cadence.virtuoso.ade.simulationMonitor] -     WARNING (CMI-2425): I7.I0.C0<0>_dummy: `Acde' = 2.393 is unusually large. {"history": "Interactive.322", "point": 37, "testname": "Poten", "cornername": "CMOS_Temp_Res_Cap_BJT_35"}
[2026-06-01 17:32:08.971 Z] [WARN] [cadence.virtuoso.ade.simulationMonitor] -     WARNING (CMI-2425): I7.I0.C0<0>_dummy: `Noff' = 4.732 is unusually large. {"history": "Interactive.322", "point": 37, "testname": "Poten", "cornername": "CMOS_Temp_Res_Cap_BJT_35"}
[2026-06-01 17:32:08.971 Z] [WARN] [cadence.virtuoso.ade.simulationMonitor] -     WARNING (CMI-2424): I7.I0.C0<0>_dummy: `Voffcv' = -867.4e-03 is unusually small. {"history": "Interactive.322", "point": 37, "testname": "Poten", "cornername": "CMOS_Temp_Res_Cap_BJT_35"}
[2026-06-01 17:32:08.971 Z] [WARN] [cadence.virtuoso.ade.simulationMonitor] -     WARNING (CMI-2425): I7.I3.C1<0>_dummy: `Acde' = 2.393 is unusually large. {"history": "Interactive.322", "point": 37, "testname": "Poten", "cornername": "CMOS_Temp_Res_Cap_BJT_35"}
[2026-06-01 17:32:08.971 Z] [WARN] [cadence.virtuoso.ade.simulationMonitor] -     WARNING (CMI-2425): I7.I3.C1<0>_dummy: `Noff' = 4.732 is unusually large. {"history": "Interactive.322", "point": 37, "testname": "Poten", "cornername": "CMOS_Temp_Res_Cap_BJT_35"}
[2026-06-01 17:32:08.972 Z] [WARN] [cadence.virtuoso.ade.simulationMonitor] -     WARNING (CMI-2424): I7.I3.C1<0>_dummy: `Voffcv' = -867.4e-03 is unusually small. {"history": "Interactive.322", "point": 37, "testname": "Poten", "cornername": "CMOS_Temp_Res_Cap_BJT_35"}
[2026-06-01 17:32:08.972 Z] [WARN] [cadence.virtuoso.ade.simulationMonitor] -     WARNING (CMI-2425): I7.I4.C1<0>_dummy: `Acde' = 2.393 is unusually large.
        Further occurrences of this warning will be suppressed. {"history": "Interactive.322", "point": 37, "testname": "Poten", "cornername": "CMOS_Temp_Res_Cap_BJT_35"}
[2026-06-01 17:32:08.972 Z] [WARN] [cadence.virtuoso.ade.simulationMonitor] -     WARNING (CMI-2424): I7.I4.C1<0>_dummy: `Voffcv' = -867.4e-03 is unusually small. {"history": "Interactive.322", "point": 37, "testname": "Poten", "cornername": "CMOS_Temp_Res_Cap_BJT_35"}
[2026-06-01 17:32:08.972 Z] [INFO] [cadence.virtuoso.ade.simulationMonitor] - Notice from spectre.
    1 warning suppressed. {"history": "Interactive.322", "point": 37, "testname": "Poten", "cornername": "CMOS_Temp_Res_Cap_BJT_35"}
[2026-06-01 17:32:09.473 Z] [INFO] [cadence.virtuoso.ade.simulationMonitor] - Time used: CPU = 139 s (2m  19.5s), elapsed = 59.7 s, util. = 233%. {"history": "Interactive.322", "point": 37, "testname": "Poten", "cornername": "CMOS_Temp_Res_Cap_BJT_35"}
[2026-06-01 17:32:09.473 Z] [INFO] [cadence.virtuoso.ade.simulationMonitor] - Time spent in licensing: elapsed = 93.7 ms. {"history": "Interactive.322", "point": 37, "testname": "Poten", "cornername": "CMOS_Temp_Res_Cap_BJT_35"}
[2026-06-01 17:32:09.475 Z] [INFO] [cadence.virtuoso.ade.simulationMonitor] - Peak memory used = 339 Mbytes. {"history": "Interactive.322", "point": 37, "testname": "Poten", "cornername": "CMOS_Temp_Res_Cap_BJT_35"}
[2026-06-01 17:32:09.476 Z] [PROCESS] [cadence.virtuoso.ade.simulationMonitor] - Simulation started at: 5:31:09 PM, Mon Jun 1, 2026, ended at: 5:32:08 PM, Mon Jun 1, 2026, with elapsed time (wall clock): 59.7 s. {"history": "Interactive.322", "point": 37, "testname": "Poten", "cornername": "CMOS_Temp_Res_Cap_BJT_35"}
[2026-06-01 17:32:09.476 Z] [PROCESS] [cadence.virtuoso.ade.simulationMonitor] - spectre completes with 0 errors, 107 warnings, and 38 notices. {"history": "Interactive.322", "point": 37, "testname": "Poten", "cornername": "CMOS_Temp_Res_Cap_BJT_35"}
[2026-06-01 17:32:09.477 Z] [PROCESS] [cadence.virtuoso.ade.simulationMonitor] - Finished simulating for one point {"hostname": "il2244vt26_hrahimi", "processid": 1518757, "history": "Interactive.322", "testname": "Poten", "cornername": "CMOS_Temp_Res_Cap_BJT_35", "point": 37, "logfile": "/home/hrahimi/projects/POTENTIOSTAT_26/logs_hrahimi/logs0/Job106.log", "simid": "3"}
[2026-06-01 17:32:09.477 Z] [PROCESS] [cadence.virtuoso.ade.simulationMonitor] - Simulator exited {"hostname": "il2244vt26_hrahimi", "processid": 1518757, "history": "Interactive.322", "testname": "Poten", "cornername": "CMOS_Temp_Res_Cap_BJT_35", "point": 37, "logfile": "/home/hrahimi/projects/POTENTIOSTAT_26/logs_hrahimi/logs0/Job106.log", "exitStatus": "0"}
[2026-06-01 17:32:09.477 Z] [PROCESS] [cadence.virtuoso.ade.simulationMonitor] - Finished Simulation {"hostname": "il2244vt26_hrahimi", "processid": 1518757, "history": "Interactive.322", "testname": "Poten", "cornername": "CMOS_Temp_Res_Cap_BJT_35", "point": 37, "logfile": "/home/hrahimi/projects/POTENTIOSTAT_26/logs_hrahimi/logs0/Job106.log", "simid": "3"}
[2026-06-01 17:32:13.995 Z] [PROCESS] [cadence.virtuoso.ade.simulationMonitor] - Point Finished {"hostname": "il2244vt26_hrahimi", "processid": 1518757, "history": "Interactive.322", "testname": "Poten", "cornername": "CMOS_Temp_Res_Cap_BJT_35", "point": 37, "logfile": "/home/hrahimi/projects/POTENTIOSTAT_26/logs_hrahimi/logs0/Job106.log"}
[2026-06-01 17:32:15.001 Z] [PROCESS] [cadence.virtuoso.ade.simulationMonitor] - Stay with the runId '22', Linger time '300', currentRunSyn '44', currentTestSyn '45' {"hostname": "il2244vt26_hrahimi", "processid": 1518757, "history": "Interactive.322", "testname": "Poten", "cornername": "CMOS_Temp_Res_Cap_BJT_35", "point": 37, "logfile": "/home/hrahimi/projects/POTENTIOSTAT_26/logs_hrahimi/logs0/Job106.log"}
[2026-06-01 17:32:16.001 Z] [PROCESS] [cadence.virtuoso.ade.simulationMonitor] - Stay with the runId '22', Linger time '300', currentRunSyn '44', currentTestSyn '45' {"hostname": "il2244vt26_hrahimi", "processid": 1518757, "history": "Interactive.322", "testname": "Poten", "cornername": "CMOS_Temp_Res_Cap_BJT_35", "point": 37, "logfile": "/home/hrahimi/projects/POTENTIOSTAT_26/logs_hrahimi/logs0/Job106.log"}
[2026-06-01 17:32:17.004 Z] [PROCESS] [cadence.virtuoso.ade.simulationMonitor] - Stay with the runId '22', Linger time '300', currentRunSyn '44', currentTestSyn '45' {"hostname": "il2244vt26_hrahimi", "processid": 1518757, "history": "Interactive.322", "testname": "Poten", "cornername": "CMOS_Temp_Res_Cap_BJT_35", "point": 37, "logfile": "/home/hrahimi/projects/POTENTIOSTAT_26/logs_hrahimi/logs0/Job106.log"}
[2026-06-01 17:32:18.007 Z] [PROCESS] [cadence.virtuoso.ade.simulationMonitor] - Stay with the runId '22', Linger time '300', currentRunSyn '44', currentTestSyn '45' {"hostname": "il2244vt26_hrahimi", "processid": 1518757, "history": "Interactive.322", "testname": "Poten", "cornername": "CMOS_Temp_Res_Cap_BJT_35", "point": 37, "logfile": "/home/hrahimi/projects/POTENTIOSTAT_26/logs_hrahimi/logs0/Job106.log"}
[2026-06-01 17:32:19.006 Z] [PROCESS] [cadence.virtuoso.ade.simulationMonitor] - Stay with the runId '22', Linger time '300', currentRunSyn '44', currentTestSyn '45' {"hostname": "il2244vt26_hrahimi", "processid": 1518757, "history": "Interactive.322", "testname": "Poten", "cornername": "CMOS_Temp_Res_Cap_BJT_35", "point": 37, "logfile": "/home/hrahimi/projects/POTENTIOSTAT_26/logs_hrahimi/logs0/Job106.log"}
[2026-06-01 17:32:20.007 Z] [PROCESS] [cadence.virtuoso.ade.simulationMonitor] - Stay with the runId '22', Linger time '300', currentRunSyn '44', currentTestSyn '45' {"hostname": "il2244vt26_hrahimi", "processid": 1518757, "history": "Interactive.322", "testname": "Poten", "cornername": "CMOS_Temp_Res_Cap_BJT_35", "point": 37, "logfile": "/home/hrahimi/projects/POTENTIOSTAT_26/logs_hrahimi/logs0/Job106.log"}
[2026-06-01 17:32:21.011 Z] [PROCESS] [cadence.virtuoso.ade.simulationMonitor] - Stay with the runId '22', Linger time '300', currentRunSyn '44', currentTestSyn '45' {"hostname": "il2244vt26_hrahimi", "processid": 1518757, "history": "Interactive.322", "testname": "Poten", "cornername": "CMOS_Temp_Res_Cap_BJT_35", "point": 37, "logfile": "/home/hrahimi/projects/POTENTIOSTAT_26/logs_hrahimi/logs0/Job106.log"}
[2026-06-01 17:32:22.009 Z] [PROCESS] [cadence.virtuoso.ade.simulationMonitor] - Stay with the runId '22', Linger time '300', currentRunSyn '44', currentTestSyn '45' {"hostname": "il2244vt26_hrahimi", "processid": 1518757, "history": "Interactive.322", "testname": "Poten", "cornername": "CMOS_Temp_Res_Cap_BJT_35", "point": 37, "logfile": "/home/hrahimi/projects/POTENTIOSTAT_26/logs_hrahimi/logs0/Job106.log"}
[2026-06-01 17:32:23.010 Z] [PROCESS] [cadence.virtuoso.ade.simulationMonitor] - Stay with the runId '22', Linger time '300', currentRunSyn '44', currentTestSyn '45' {"hostname": "il2244vt26_hrahimi", "processid": 1518757, "history": "Interactive.322", "testname": "Poten", "cornername": "CMOS_Temp_Res_Cap_BJT_35", "point": 37, "logfile": "/home/hrahimi/projects/POTENTIOSTAT_26/logs_hrahimi/logs0/Job106.log"}
[2026-06-01 17:32:24.015 Z] [PROCESS] [cadence.virtuoso.ade.simulationMonitor] - Stay with the runId '22', Linger time '300', currentRunSyn '44', currentTestSyn '45' {"hostname": "il2244vt26_hrahimi", "processid": 1518757, "history": "Interactive.322", "testname": "Poten", "cornername": "CMOS_Temp_Res_Cap_BJT_35", "point": 37, "logfile": "/home/hrahimi/projects/POTENTIOSTAT_26/logs_hrahimi/logs0/Job106.log"}
[2026-06-01 17:32:25.016 Z] [PROCESS] [cadence.virtuoso.ade.simulationMonitor] - Stay with the runId '22', Linger time '300', currentRunSyn '44', currentTestSyn '45' {"hostname": "il2244vt26_hrahimi", "processid": 1518757, "history": "Interactive.322", "testname": "Poten", "cornername": "CMOS_Temp_Res_Cap_BJT_35", "point": 37, "logfile": "/home/hrahimi/projects/POTENTIOSTAT_26/logs_hrahimi/logs0/Job106.log"}
[2026-06-01 17:32:26.020 Z] [PROCESS] [cadence.virtuoso.ade.simulationMonitor] - Stay with the runId '22', Linger time '300', currentRunSyn '44', currentTestSyn '45' {"hostname": "il2244vt26_hrahimi", "processid": 1518757, "history": "Interactive.322", "testname": "Poten", "cornername": "CMOS_Temp_Res_Cap_BJT_35", "point": 37, "logfile": "/home/hrahimi/projects/POTENTIOSTAT_26/logs_hrahimi/logs0/Job106.log"}
[2026-06-01 17:32:27.022 Z] [PROCESS] [cadence.virtuoso.ade.simulationMonitor] - Stay with the runId '22', Linger time '300', currentRunSyn '44', currentTestSyn '45' {"hostname": "il2244vt26_hrahimi", "processid": 1518757, "history": "Interactive.322", "testname": "Poten", "cornername": "CMOS_Temp_Res_Cap_BJT_35", "point": 37, "logfile": "/home/hrahimi/projects/POTENTIOSTAT_26/logs_hrahimi/logs0/Job106.log"}
[2026-06-01 17:32:28.023 Z] [PROCESS] [cadence.virtuoso.ade.simulationMonitor] - Stay with the runId '22', Linger time '300', currentRunSyn '44', currentTestSyn '45' {"hostname": "il2244vt26_hrahimi", "processid": 1518757, "history": "Interactive.322", "testname": "Poten", "cornername": "CMOS_Temp_Res_Cap_BJT_35", "point": 37, "logfile": "/home/hrahimi/projects/POTENTIOSTAT_26/logs_hrahimi/logs0/Job106.log"}
[2026-06-01 17:32:29.025 Z] [PROCESS] [cadence.virtuoso.ade.simulationMonitor] - Stay with the runId '22', Linger time '300', currentRunSyn '44', currentTestSyn '45' {"hostname": "il2244vt26_hrahimi", "processid": 1518757, "history": "Interactive.322", "testname": "Poten", "cornername": "CMOS_Temp_Res_Cap_BJT_35", "point": 37, "logfile": "/home/hrahimi/projects/POTENTIOSTAT_26/logs_hrahimi/logs0/Job106.log"}
[2026-06-01 17:37:15.373 Z] [PROCESS] [cadence.virtuoso.ade.simulationMonitor] - Current memory used: 53.1250 MBytes, peak memory used: 53.1250 MBytes {"hostname": "il2244vt26_hrahimi", "processid": 1518757, "history": "Interactive.322", "testname": "Poten", "cornername": "CMOS_Temp_Res_Cap_BJT_35", "point": 37, "logfile": "/home/hrahimi/projects/POTENTIOSTAT_26/logs_hrahimi/logs0/Job106.log"}
[2026-06-01 17:37:15.374 Z] [PROCESS] [cadence.virtuoso.ade.simulationMonitor] - Simulation Monitor process exit. {"hostname": "il2244vt26_hrahimi", "processid": 1518757, "history": "Interactive.322", "testname": "Poten", "cornername": "CMOS_Temp_Res_Cap_BJT_35", "point": 37, "logfile": "/home/hrahimi/projects/POTENTIOSTAT_26/logs_hrahimi/logs0/Job106.log"}
