[Simulation Monitor: 19]
[2026-06-03 11:50:54.252 Z] [PROCESS] [cadence.virtuoso.ade.simulationMonitor] - Simulation Monitor has successfully started up. Trying to set up communication channels to other components ... {"hostname": "il2244vt26_hrahimi", "processid": 2498769, "logfile": "/home/hrahimi/projects/POTENTIOSTAT_26/logs_hrahimi/logs0/Job19.log"}
[2026-06-03 11:50:54.253 Z] [PROCESS] [cadence.virtuoso.ade.simulationMonitor] - Communication channels have been successfully set up. Start processing events ... {"hostname": "il2244vt26_hrahimi", "processid": 2498769, "logfile": "/home/hrahimi/projects/POTENTIOSTAT_26/logs_hrahimi/logs0/Job19.log"}
[2026-06-03 11:50:54.253 Z] [PROCESS] [cadence.virtuoso.ade.simulationMonitor] - Considering to start history {"hostname": "il2244vt26_hrahimi", "processid": 2498769, "history": "Interactive.356", "logfile": "/home/hrahimi/projects/POTENTIOSTAT_26/logs_hrahimi/logs0/Job19.log"}
[2026-06-03 11:50:54.263 Z] [PROCESS] [cadence.virtuoso.ade.simulationMonitor] - HostInfo:
Host name (type):	il2244vt26_hrahimi (x86_64)
Operating system:	Linux 5.15.0-164-generic #174-Ubuntu SMP Fri Nov 14 20:25:16 UTC 2025 {"hostname": "il2244vt26_hrahimi", "processid": 2498769, "history": "Interactive.356", "logfile": "/home/hrahimi/projects/POTENTIOSTAT_26/logs_hrahimi/logs0/Job19.log", "nodename": "il2244vt26_hrahimi", "domainname": "(none)", "machine": "x86_64", "sysname": "Linux", "release": "5.15.0-164-generic", "version": "#174-Ubuntu SMP Fri Nov 14 20:25:16 UTC 2025"}
[2026-06-03 11:50:54.263 Z] [PROCESS] [cadence.virtuoso.ade.simulationMonitor] - UsageInfo:
pid=2498769
totalPhysicalMemory=3023.749672GB,Used=2702.830868GB,totalVirtualMemory=3031.749668GB,Used=2702.937313GB
Cpu: Cores=48, Load average:8.000000,8.520000,7.730000 {"hostname": "il2244vt26_hrahimi", "processid": 2498769, "history": "Interactive.356", "logfile": "/home/hrahimi/projects/POTENTIOSTAT_26/logs_hrahimi/logs0/Job19.log", "pid": "2498769", "totalPhysicalMemory": "3023.749672", "physicalMemoryUsed": "2702.830868", "totalVirtualMemory": "3031.749668", "virtualMemoryUsed": "2702.937313", "cpuCores": "48", "processes": "29527", "loadAverage1": "8.000000", "loadAverage5": "8.520000", "loadAverage15": "7.730000", "loadAverage1Percent": "0.166667"}
[2026-06-03 11:50:54.265 Z] [EVENT] [cadence.virtuoso.ade.simulationMonitor] - NewPoint {"history": "Interactive.356", "point": 6, "testname": "Poten", "cornername": "CMOS_VDD_Res_Cap_Temp_4", "event": "NewPoint", "EventSource": "Simulation Monitor", "HistoryName": "Interactive.356", "logFile": "/home/hrahimi/projects/POTENTIOSTAT_26/logs_hrahimi/logs0/Job19.log", "logFileSize": "2282"}
[2026-06-03 11:50:54.366 Z] [EVENT] [cadence.virtuoso.ade.simulationMonitor] - NewPoint {"history": "Interactive.356", "point": 6, "testname": "Poten", "cornername": "CMOS_VDD_Res_Cap_Temp_4", "event": "NewPoint", "EventSource": "spectre", "HistoryName": "Interactive.356", "logFile": "/home/hrahimi/projects/POTENTIOSTAT_26/Sim/Potentiostat_Top/top/maestro/results/maestro/Interactive.356/6/Poten/psf/spectre.out", "logFileSize": "-1"}
[2026-06-03 11:50:55.007 Z] [PROCESS] [cadence.virtuoso.ade.simulationMonitor] - Simulator launched {"hostname": "il2244vt26_hrahimi", "processid": 2498769, "history": "Interactive.356", "testname": "Poten", "cornername": "CMOS_VDD_Res_Cap_Temp_4", "point": 6, "logfile": "/home/hrahimi/projects/POTENTIOSTAT_26/logs_hrahimi/logs0/Job19.log", "simid": "1"}
[2026-06-03 11:50:55.010 Z] [PROCESS] [cadence.virtuoso.ade.simulationMonitor] - Expression evaluator launched {"hostname": "il2244vt26_hrahimi", "processid": 2498769, "history": "Interactive.356", "testname": "Poten", "cornername": "CMOS_VDD_Res_Cap_Temp_4", "point": 6, "logfile": "/home/hrahimi/projects/POTENTIOSTAT_26/logs_hrahimi/logs0/Job19.log"}
[2026-06-03 11:50:55.080 Z] [PROCESS] [cadence.virtuoso.ade.simulationMonitor] - Started Simulation {"hostname": "il2244vt26_hrahimi", "processid": 2498769, "history": "Interactive.356", "testname": "Poten", "cornername": "CMOS_VDD_Res_Cap_Temp_4", "point": 6, "logfile": "/home/hrahimi/projects/POTENTIOSTAT_26/logs_hrahimi/logs0/Job19.log", "event": "started", "task": "simulation"}
[2026-06-03 11:50:56.081 Z] [WARN] [cadence.virtuoso.ade.simulationMonitor] -     WARNING (SPECTRE-691): This CPU processor does not support x86 advanced vector extensions instructions. This may affect math operations and slow down the simulation. {"history": "Interactive.356", "point": 6, "testname": "Poten", "cornername": "CMOS_VDD_Res_Cap_Temp_4"}
[2026-06-03 11:50:56.082 Z] [INFO] [cadence.virtuoso.ade.simulationMonitor] - Notice from spectre during circuit read-in.
    Pre_Configuration file used: /opt/tools/cadence/installs/SPECTRE241/tools.lnx86/spectre/etc/configs/preset.precfg
    Configuration file used: `/opt/tools/cadence/installs/SPECTRE241/tools.lnx86/spectre/etc/configs/preset.cfg'. {"history": "Interactive.356", "point": 6, "testname": "Poten", "cornername": "CMOS_VDD_Res_Cap_Temp_4"}
[2026-06-03 11:50:56.082 Z] [WARN] [cadence.virtuoso.ade.simulationMonitor] -     WARNING (SPECTRE-8360): line 1511: `ac' is an undefined primitive device. {"history": "Interactive.356", "point": 6, "testname": "Poten", "cornername": "CMOS_VDD_Res_Cap_Temp_4"}
[2026-06-03 11:50:56.082 Z] [WARN] [cadence.virtuoso.ade.simulationMonitor] -     WARNING (SPECTRE-8360): line 1512: `ac' is an undefined primitive device. {"history": "Interactive.356", "point": 6, "testname": "Poten", "cornername": "CMOS_VDD_Res_Cap_Temp_4"}
[2026-06-03 11:50:56.082 Z] [WARN] [cadence.virtuoso.ade.simulationMonitor] -     WARNING (SPECTRE-8360): line 1513: `ac' is an undefined primitive device. {"history": "Interactive.356", "point": 6, "testname": "Poten", "cornername": "CMOS_VDD_Res_Cap_Temp_4"}
[2026-06-03 11:50:56.083 Z] [WARN] [cadence.virtuoso.ade.simulationMonitor] -     WARNING (SPECTRE-8360): line 1514: `ac' is an undefined primitive device. {"history": "Interactive.356", "point": 6, "testname": "Poten", "cornername": "CMOS_VDD_Res_Cap_Temp_4"}
[2026-06-03 11:50:56.083 Z] [WARN] [cadence.virtuoso.ade.simulationMonitor] -     WARNING (SPECTRE-8360): line 1515: `ac' is an undefined primitive device.
        Further occurrences of this warning will be suppressed. {"history": "Interactive.356", "point": 6, "testname": "Poten", "cornername": "CMOS_VDD_Res_Cap_Temp_4"}
[2026-06-03 11:50:56.083 Z] [WARN] [cadence.virtuoso.ade.simulationMonitor] -     WARNING (VACOMP-2435): The environment variable CDS_AHDLCMI_ENABLE is no longer supported. Therefore, the simulator will use the default compiled C code flow. {"history": "Interactive.356", "point": 6, "testname": "Poten", "cornername": "CMOS_VDD_Res_Cap_Temp_4"}
[2026-06-03 11:50:56.083 Z] [INFO] [cadence.virtuoso.ade.simulationMonitor] - Peak resident memory used = 194 Mbytes. {"history": "Interactive.356", "point": 6, "testname": "Poten", "cornername": "CMOS_VDD_Res_Cap_Temp_4"}
[2026-06-03 11:50:56.583 Z] [WARN] [cadence.virtuoso.ade.simulationMonitor] -     WARNING (SFE-2649): Terminals of top-level instance `R50', in file`netlist', at line 1168, are connected. Remove the instance and rerun the simulation. {"history": "Interactive.356", "point": 6, "testname": "Poten", "cornername": "CMOS_VDD_Res_Cap_Temp_4"}
[2026-06-03 11:50:56.584 Z] [WARN] [cadence.virtuoso.ade.simulationMonitor] -     WARNING (SFE-2649): Terminals of top-level instance `R48', in file`netlist', at line 1211, are connected. Remove the instance and rerun the simulation. {"history": "Interactive.356", "point": 6, "testname": "Poten", "cornername": "CMOS_VDD_Res_Cap_Temp_4"}
[2026-06-03 11:50:57.084 Z] [WARN] [cadence.virtuoso.ade.simulationMonitor] -     WARNING (SFE-3027): The dangling resistor I2.rb144 is removed. {"history": "Interactive.356", "point": 6, "testname": "Poten", "cornername": "CMOS_VDD_Res_Cap_Temp_4"}
[2026-06-03 11:50:57.085 Z] [WARN] [cadence.virtuoso.ade.simulationMonitor] -     WARNING (SFE-3027): The dangling resistor I2.rb241 is removed. {"history": "Interactive.356", "point": 6, "testname": "Poten", "cornername": "CMOS_VDD_Res_Cap_Temp_4"}
[2026-06-03 11:50:57.085 Z] [WARN] [cadence.virtuoso.ade.simulationMonitor] -     WARNING (SFE-3027): The dangling resistor I2.rb613 is removed. {"history": "Interactive.356", "point": 6, "testname": "Poten", "cornername": "CMOS_VDD_Res_Cap_Temp_4"}
[2026-06-03 11:50:57.085 Z] [WARN] [cadence.virtuoso.ade.simulationMonitor] -     WARNING (SFE-3027): The dangling resistor I2.rd794 is removed. {"history": "Interactive.356", "point": 6, "testname": "Poten", "cornername": "CMOS_VDD_Res_Cap_Temp_4"}
[2026-06-03 11:50:57.085 Z] [WARN] [cadence.virtuoso.ade.simulationMonitor] -     WARNING (SFE-3012): The dummy device I0.I16.DLIB9 is removed. {"history": "Interactive.356", "point": 6, "testname": "Poten", "cornername": "CMOS_VDD_Res_Cap_Temp_4"}
[2026-06-03 11:50:57.085 Z] [WARN] [cadence.virtuoso.ade.simulationMonitor] -     WARNING (SFE-3012): The dummy device I0.I15.DLIB9 is removed. {"history": "Interactive.356", "point": 6, "testname": "Poten", "cornername": "CMOS_VDD_Res_Cap_Temp_4"}
[2026-06-03 11:50:57.086 Z] [WARN] [cadence.virtuoso.ade.simulationMonitor] -     WARNING (SFE-3012): The dummy device I0.I0.DLIB6 is removed. {"history": "Interactive.356", "point": 6, "testname": "Poten", "cornername": "CMOS_VDD_Res_Cap_Temp_4"}
[2026-06-03 11:50:57.086 Z] [WARN] [cadence.virtuoso.ade.simulationMonitor] -     WARNING (SFE-3012): The dummy device I7.I2.MP12<0>_turbo_m34 is removed. {"history": "Interactive.356", "point": 6, "testname": "Poten", "cornername": "CMOS_VDD_Res_Cap_Temp_4"}
[2026-06-03 11:50:57.086 Z] [WARN] [cadence.virtuoso.ade.simulationMonitor] -     WARNING (SFE-3012): The dummy device I0.I16.DLIB10 is removed.
        Further occurrences of this warning will be suppressed. {"history": "Interactive.356", "point": 6, "testname": "Poten", "cornername": "CMOS_VDD_Res_Cap_Temp_4"}
[2026-06-03 11:50:57.086 Z] [WARN] [cadence.virtuoso.ade.simulationMonitor] -     WARNING (SFE-3029): The dummy capacitor I7.I0.R3.CS1 is removed. {"history": "Interactive.356", "point": 6, "testname": "Poten", "cornername": "CMOS_VDD_Res_Cap_Temp_4"}
[2026-06-03 11:50:57.086 Z] [WARN] [cadence.virtuoso.ade.simulationMonitor] -     WARNING (SFE-3027): The dangling resistor I2.re2693 is removed.
        Further occurrences of this warning will be suppressed. {"history": "Interactive.356", "point": 6, "testname": "Poten", "cornername": "CMOS_VDD_Res_Cap_Temp_4"}
[2026-06-03 11:50:57.086 Z] [WARN] [cadence.virtuoso.ade.simulationMonitor] -     WARNING (SFE-3029): The dummy capacitor I7.I13_turbo_m5.C0.C1 is removed. {"history": "Interactive.356", "point": 6, "testname": "Poten", "cornername": "CMOS_VDD_Res_Cap_Temp_4"}
[2026-06-03 11:50:57.087 Z] [WARN] [cadence.virtuoso.ade.simulationMonitor] -     WARNING (SFE-3029): The dummy capacitor I7.I10_turbo_m4.C0.C1 is removed. {"history": "Interactive.356", "point": 6, "testname": "Poten", "cornername": "CMOS_VDD_Res_Cap_Temp_4"}
[2026-06-03 11:50:57.087 Z] [WARN] [cadence.virtuoso.ade.simulationMonitor] -     WARNING (SFE-3029): The dummy capacitor I7.I1.R2.CS1 is removed. {"history": "Interactive.356", "point": 6, "testname": "Poten", "cornername": "CMOS_VDD_Res_Cap_Temp_4"}
[2026-06-03 11:50:57.087 Z] [WARN] [cadence.virtuoso.ade.simulationMonitor] -     WARNING (SFE-3028): The floating resistor R8 is removed. {"history": "Interactive.356", "point": 6, "testname": "Poten", "cornername": "CMOS_VDD_Res_Cap_Temp_4"}
[2026-06-03 11:50:57.087 Z] [WARN] [cadence.virtuoso.ade.simulationMonitor] -     WARNING (SFE-3029): The dummy capacitor I7.I4.R31.CS1 is removed.
        Further occurrences of this warning will be suppressed. {"history": "Interactive.356", "point": 6, "testname": "Poten", "cornername": "CMOS_VDD_Res_Cap_Temp_4"}
[2026-06-03 11:50:57.087 Z] [WARN] [cadence.virtuoso.ade.simulationMonitor] -     WARNING (SFE-3015): The dangling node I2.210\:GNDA is removed. {"history": "Interactive.356", "point": 6, "testname": "Poten", "cornername": "CMOS_VDD_Res_Cap_Temp_4"}
[2026-06-03 11:50:57.087 Z] [WARN] [cadence.virtuoso.ade.simulationMonitor] -     WARNING (SFE-3015): The dangling node I2.222\:POT_OUT is removed. {"history": "Interactive.356", "point": 6, "testname": "Poten", "cornername": "CMOS_VDD_Res_Cap_Temp_4"}
[2026-06-03 11:50:57.087 Z] [WARN] [cadence.virtuoso.ade.simulationMonitor] -     WARNING (SFE-3015): The dangling node I2.13\:I25|I35|SN is removed. {"history": "Interactive.356", "point": 6, "testname": "Poten", "cornername": "CMOS_VDD_Res_Cap_Temp_4"}
[2026-06-03 11:50:57.088 Z] [WARN] [cadence.virtuoso.ade.simulationMonitor] -     WARNING (SFE-3015): The dangling node I2.29\:Calib_EN is removed. {"history": "Interactive.356", "point": 6, "testname": "Poten", "cornername": "CMOS_VDD_Res_Cap_Temp_4"}
[2026-06-03 11:50:57.088 Z] [WARN] [cadence.virtuoso.ade.simulationMonitor] -     WARNING (SFE-3015): The dangling node I2.693\:VPI is removed.
        Further occurrences of this warning will be suppressed. {"history": "Interactive.356", "point": 6, "testname": "Poten", "cornername": "CMOS_VDD_Res_Cap_Temp_4"}
[2026-06-03 11:50:57.088 Z] [WARN] [cadence.virtuoso.ade.simulationMonitor] -     WARNING (SFE-3016): The floating node net74 is removed. {"history": "Interactive.356", "point": 6, "testname": "Poten", "cornername": "CMOS_VDD_Res_Cap_Temp_4"}
[2026-06-03 11:50:57.088 Z] [WARN] [cadence.virtuoso.ade.simulationMonitor] -     WARNING (SFE-3016): The floating node net73 is removed. {"history": "Interactive.356", "point": 6, "testname": "Poten", "cornername": "CMOS_VDD_Res_Cap_Temp_4"}
[2026-06-03 11:50:57.088 Z] [INFO] [cadence.virtuoso.ade.simulationMonitor] - Notice from spectre during hierarchy flattening.
    Spectre X Parasitic Optimization enabled.
    Parasitic optimization will filter out parasitic nodes, nodes only connected to RCs, by default. To view individual parasitic nodes use individual save statements (i.e. save out), or use the 'savefilter=none' option to save all parasitic nodes. Saving all parasitic nodes may slow down simulation and create large waveform files. {"history": "Interactive.356", "point": 6, "testname": "Poten", "cornername": "CMOS_VDD_Res_Cap_Temp_4"}
[2026-06-03 11:50:57.089 Z] [INFO] [cadence.virtuoso.ade.simulationMonitor] - Peak resident memory used = 224 Mbytes. {"history": "Interactive.356", "point": 6, "testname": "Poten", "cornername": "CMOS_VDD_Res_Cap_Temp_4"}
[2026-06-03 11:50:57.089 Z] [INFO] [cadence.virtuoso.ade.simulationMonitor] - Notice from spectre during hierarchy flattening.
    The value 'psf' specified for the 'checklimitdest' option will no longer be supported in future releases. Use 'spectre -h' to see other recommended values for the 'checklimitdest' option.
    I0.I46.RLIB_GC1.CS0 of rpoly1c: `c' has the unusually small value of 634.694e-21 F.
    I0.I46.RLIB_GC1.CS1 of rpoly1c: `c' has the unusually small value of 634.694e-21 F.
    I0.I45.RLIB_GC1.CS0 of rpoly1c: `c' has the unusually small value of 634.694e-21 F.
    I0... {"history": "Interactive.356", "point": 6, "testname": "Poten", "cornername": "CMOS_VDD_Res_Cap_Temp_4"}
[2026-06-03 11:50:57.089 Z] [INFO] [cadence.virtuoso.ade.simulationMonitor] - Notice from spectre during hierarchy flattening.
    V8: `period' has the unusually large value of 100 s.
    V7: `period' has the unusually large value of 10 s.
    V3: `period' has the unusually large value of 6 s.
    I26: `period' has the unusually large value of 6 s. {"history": "Interactive.356", "point": 6, "testname": "Poten", "cornername": "CMOS_VDD_Res_Cap_Temp_4"}
[2026-06-03 11:50:57.089 Z] [INFO] [cadence.virtuoso.ade.simulationMonitor] - Peak resident memory used = 234 Mbytes. {"history": "Interactive.356", "point": 6, "testname": "Poten", "cornername": "CMOS_VDD_Res_Cap_Temp_4"}
[2026-06-03 11:50:57.089 Z] [WARN] [cadence.virtuoso.ade.simulationMonitor] -     WARNING (CMI-2425): I2.I56|C3: `Acde' = 2.393 is unusually large. {"history": "Interactive.356", "point": 6, "testname": "Poten", "cornername": "CMOS_VDD_Res_Cap_Temp_4"}
[2026-06-03 11:50:57.089 Z] [WARN] [cadence.virtuoso.ade.simulationMonitor] -     WARNING (CMI-2425): I2.I56|C3: `Noff' = 4.732 is unusually large. {"history": "Interactive.356", "point": 6, "testname": "Poten", "cornername": "CMOS_VDD_Res_Cap_Temp_4"}
[2026-06-03 11:50:57.090 Z] [WARN] [cadence.virtuoso.ade.simulationMonitor] -     WARNING (CMI-2424): I2.I56|C3: `Voffcv' = -867.4e-03 is unusually small. {"history": "Interactive.356", "point": 6, "testname": "Poten", "cornername": "CMOS_VDD_Res_Cap_Temp_4"}
[2026-06-03 11:50:57.090 Z] [WARN] [cadence.virtuoso.ade.simulationMonitor] -     WARNING (CMI-2425): I2.I56|C4: `Acde' = 2.393 is unusually large. {"history": "Interactive.356", "point": 6, "testname": "Poten", "cornername": "CMOS_VDD_Res_Cap_Temp_4"}
[2026-06-03 11:50:57.090 Z] [WARN] [cadence.virtuoso.ade.simulationMonitor] -     WARNING (CMI-2425): I2.I56|C4: `Noff' = 4.732 is unusually large. {"history": "Interactive.356", "point": 6, "testname": "Poten", "cornername": "CMOS_VDD_Res_Cap_Temp_4"}
[2026-06-03 11:50:57.090 Z] [WARN] [cadence.virtuoso.ade.simulationMonitor] -     WARNING (CMI-2424): I2.I56|C4: `Voffcv' = -867.4e-03 is unusually small. {"history": "Interactive.356", "point": 6, "testname": "Poten", "cornername": "CMOS_VDD_Res_Cap_Temp_4"}
[2026-06-03 11:50:57.091 Z] [WARN] [cadence.virtuoso.ade.simulationMonitor] -     WARNING (CMI-2425): I2.I56|C5: `Acde' = 2.393 is unusually large.
        Further occurrences of this warning will be suppressed. {"history": "Interactive.356", "point": 6, "testname": "Poten", "cornername": "CMOS_VDD_Res_Cap_Temp_4"}
[2026-06-03 11:50:57.091 Z] [WARN] [cadence.virtuoso.ade.simulationMonitor] -     WARNING (CMI-2424): I2.I56|C5: `Voffcv' = -867.4e-03 is unusually small. {"history": "Interactive.356", "point": 6, "testname": "Poten", "cornername": "CMOS_VDD_Res_Cap_Temp_4"}
[2026-06-03 11:50:57.092 Z] [WARN] [cadence.virtuoso.ade.simulationMonitor] -     WARNING (CMI-2424): I7.I4.C1<0>_turbo_m11: `Voffcv' = -867.4e-03 is unusually small. {"history": "Interactive.356", "point": 6, "testname": "Poten", "cornername": "CMOS_VDD_Res_Cap_Temp_4"}
[2026-06-03 11:50:57.092 Z] [WARN] [cadence.virtuoso.ade.simulationMonitor] -     WARNING (CMI-2424): I7.I3.C1<0>_turbo_m6: `Voffcv' = -867.4e-03 is unusually small.
        Further occurrences of this warning will be suppressed. {"history": "Interactive.356", "point": 6, "testname": "Poten", "cornername": "CMOS_VDD_Res_Cap_Temp_4"}
[2026-06-03 11:50:58.092 Z] [WARN] [cadence.virtuoso.ade.simulationMonitor] -     WARNING (SPECTRE-16460): SOAC_esdgcp5_vcpsub:Specified subcircuit master `esdgcp5' was not found. {"history": "Interactive.356", "point": 6, "testname": "Poten", "cornername": "CMOS_VDD_Res_Cap_Temp_4"}
[2026-06-03 11:50:58.092 Z] [WARN] [cadence.virtuoso.ade.simulationMonitor] -     WARNING (SPECTRE-16462): SOAC_esdgcp5_vcpsub:Error in specification of subcircuit master. Assert is ignored. {"history": "Interactive.356", "point": 6, "testname": "Poten", "cornername": "CMOS_VDD_Res_Cap_Temp_4"}
[2026-06-03 11:50:58.093 Z] [WARN] [cadence.virtuoso.ade.simulationMonitor] -     WARNING (SPECTRE-16460): SOAC_esdgcp5_vac:Specified subcircuit master `esdgcp5' was not found. {"history": "Interactive.356", "point": 6, "testname": "Poten", "cornername": "CMOS_VDD_Res_Cap_Temp_4"}
[2026-06-03 11:50:58.093 Z] [WARN] [cadence.virtuoso.ade.simulationMonitor] -     WARNING (SPECTRE-16462): SOAC_esdgcp5_vac:Error in specification of subcircuit master. Assert is ignored. {"history": "Interactive.356", "point": 6, "testname": "Poten", "cornername": "CMOS_VDD_Res_Cap_Temp_4"}
[2026-06-03 11:50:58.093 Z] [WARN] [cadence.virtuoso.ade.simulationMonitor] -     WARNING (SPECTRE-16460): SOAC_esdgcn5_vac:Specified subcircuit master `esdgcn5' was not found. {"history": "Interactive.356", "point": 6, "testname": "Poten", "cornername": "CMOS_VDD_Res_Cap_Temp_4"}
[2026-06-03 11:50:58.093 Z] [WARN] [cadence.virtuoso.ade.simulationMonitor] -     WARNING (SPECTRE-16462): SOAC_esdgcn5_vac:Error in specification of subcircuit master. Assert is ignored. {"history": "Interactive.356", "point": 6, "testname": "Poten", "cornername": "CMOS_VDD_Res_Cap_Temp_4"}
[2026-06-03 11:50:58.094 Z] [WARN] [cadence.virtuoso.ade.simulationMonitor] -     WARNING (SPECTRE-16460): SOAC_esdfdp5_vcpsub:Specified subcircuit master `esdfdp5' was not found. {"history": "Interactive.356", "point": 6, "testname": "Poten", "cornername": "CMOS_VDD_Res_Cap_Temp_4"}
[2026-06-03 11:50:58.094 Z] [WARN] [cadence.virtuoso.ade.simulationMonitor] -     WARNING (SPECTRE-16462): SOAC_esdfdp5_vcpsub:Error in specification of subcircuit master. Assert is ignored. {"history": "Interactive.356", "point": 6, "testname": "Poten", "cornername": "CMOS_VDD_Res_Cap_Temp_4"}
[2026-06-03 11:50:58.094 Z] [WARN] [cadence.virtuoso.ade.simulationMonitor] -     WARNING (SPECTRE-16460): SOAC_esdfdp5_vac:Specified subcircuit master `esdfdp5' was not found.
        Further occurrences of this warning will be suppressed. {"history": "Interactive.356", "point": 6, "testname": "Poten", "cornername": "CMOS_VDD_Res_Cap_Temp_4"}
[2026-06-03 11:50:58.094 Z] [WARN] [cadence.virtuoso.ade.simulationMonitor] -     WARNING (SPECTRE-16462): SOAC_esdfdp5_vac:Error in specification of subcircuit master. Assert is ignored.
        Further occurrences of this warning will be suppressed. {"history": "Interactive.356", "point": 6, "testname": "Poten", "cornername": "CMOS_VDD_Res_Cap_Temp_4"}
[2026-06-03 11:50:58.094 Z] [WARN] [cadence.virtuoso.ade.simulationMonitor] -     WARNING (SPECTRE-17607): Assert `SOAC_vert10_vsubpsub' is ignored because it contains an expression which is invalid or not supported by native evaluator.  {"history": "Interactive.356", "point": 6, "testname": "Poten", "cornername": "CMOS_VDD_Res_Cap_Temp_4"}
[2026-06-03 11:50:58.095 Z] [WARN] [cadence.virtuoso.ade.simulationMonitor] -     WARNING (SPECTRE-17607): Assert `SOAC_vert10_vcsub' is ignored because it contains an expression which is invalid or not supported by native evaluator.  {"history": "Interactive.356", "point": 6, "testname": "Poten", "cornername": "CMOS_VDD_Res_Cap_Temp_4"}
[2026-06-03 11:50:58.595 Z] [INFO] [cadence.virtuoso.ade.simulationMonitor] - Notice from spectre during topology check.
    Only one connection to the following 1898 nodes:
        I0.I46.RLIB_GC1.R1.psub!
        I0.I46.RLIB_GC1.R2.psub!
        I0.I46.MNLIB_DR1.M_esdnmos4.psub!
        I0.I46.DLIB2.psub!
        I0.I46.DLIB1.psub!
        Further occurrences of this notice will be suppressed. {"history": "Interactive.356", "point": 6, "testname": "Poten", "cornername": "CMOS_VDD_Res_Cap_Temp_4"}
[2026-06-03 11:51:01.099 Z] [INFO] [cadence.virtuoso.ade.simulationMonitor] -               nodes 15748 {"history": "Interactive.356", "point": 6, "testname": "Poten", "cornername": "CMOS_VDD_Res_Cap_Temp_4"}
[2026-06-03 11:51:01.099 Z] [INFO] [cadence.virtuoso.ade.simulationMonitor] - Notice from spectre during initial setup.
    7 resistors are shorted because their absolute value is less than or equal to 'rabsshort'.
    3 vsources are shorted because their absolute value is less than or equal to 'vabsshort'.
    4 resistors are changed to resistance form because their value are less than 'rthresh'.
    Spectre X preset=cx enabled.
    44 notices suppressed.
    138 warnings suppressed. {"history": "Interactive.356", "point": 6, "testname": "Poten", "cornername": "CMOS_VDD_Res_Cap_Temp_4"}
[2026-06-03 11:51:01.101 Z] [INFO] [cadence.virtuoso.ade.simulationMonitor] - Notice from spectre.
    Multithreading enabled: 8 threads in the system with 48 available processors. {"history": "Interactive.356", "point": 6, "testname": "Poten", "cornername": "CMOS_VDD_Res_Cap_Temp_4"}
[2026-06-03 11:51:01.101 Z] [INFO] [cadence.virtuoso.ade.simulationMonitor] - Peak resident memory used = 295 Mbytes. {"history": "Interactive.356", "point": 6, "testname": "Poten", "cornername": "CMOS_VDD_Res_Cap_Temp_4"}
[2026-06-03 11:51:01.102 Z] [INFO] [cadence.virtuoso.ade.simulationMonitor] -    -   (Spectre X) Multi-threading. The recommended number of threads is [4, 8], consider adding +mt=4 or +mt=8 on command line. {"history": "Interactive.356", "point": 6, "testname": "Poten", "cornername": "CMOS_VDD_Res_Cap_Temp_4"}
[2026-06-03 11:51:01.102 Z] [INFO] [cadence.virtuoso.ade.simulationMonitor] - Notice from spectre during DC analysis `dcOp'.
    No checklimit analysis defined for asserts. A default checklimit analysis 'SpectreChecklimitAnal' has been created with all asserts enabled. {"history": "Interactive.356", "point": 6, "testname": "Poten", "cornername": "CMOS_VDD_Res_Cap_Temp_4"}
[2026-06-03 11:51:03.102 Z] [INFO] [cadence.virtuoso.ade.simulationMonitor] - Notice from spectre during DC analysis `dcOp'.
    Bad pivoting is found during DC analysis. Option dc_pivot_check=yes is recommended for possible improvement of convergence. {"history": "Interactive.356", "point": 6, "testname": "Poten", "cornername": "CMOS_VDD_Res_Cap_Temp_4"}
[2026-06-03 11:51:03.103 Z] [WARN] [cadence.virtuoso.ade.simulationMonitor] -     WARNING (CMI-2943): Parameter checks have been ignored because the valid value for parameter 'trise' could not be found in 'C0'. {"history": "Interactive.356", "point": 6, "testname": "Poten", "cornername": "CMOS_VDD_Res_Cap_Temp_4"}
[2026-06-03 11:51:03.103 Z] [WARN] [cadence.virtuoso.ade.simulationMonitor] -     WARNING (CMI-2943): Parameter checks have been ignored because the valid value for parameter 'trise' could not be found in 'C1'. {"history": "Interactive.356", "point": 6, "testname": "Poten", "cornername": "CMOS_VDD_Res_Cap_Temp_4"}
[2026-06-03 11:51:03.103 Z] [WARN] [cadence.virtuoso.ade.simulationMonitor] -     WARNING (CMI-2943): Parameter checks have been ignored because the valid value for parameter 'trise' could not be found in 'C11'. {"history": "Interactive.356", "point": 6, "testname": "Poten", "cornername": "CMOS_VDD_Res_Cap_Temp_4"}
[2026-06-03 11:51:03.104 Z] [WARN] [cadence.virtuoso.ade.simulationMonitor] -     WARNING (CMI-2943): Parameter checks have been ignored because the valid value for parameter 'trise' could not be found in 'C12'. {"history": "Interactive.356", "point": 6, "testname": "Poten", "cornername": "CMOS_VDD_Res_Cap_Temp_4"}
[2026-06-03 11:51:03.104 Z] [WARN] [cadence.virtuoso.ade.simulationMonitor] -     WARNING (CMI-2943): Parameter checks have been ignored because the valid value for parameter 'trise' could not be found in 'C5'.
        Further occurrences of this warning will be suppressed. {"history": "Interactive.356", "point": 6, "testname": "Poten", "cornername": "CMOS_VDD_Res_Cap_Temp_4"}
[2026-06-03 11:51:03.104 Z] [INFO] [cadence.virtuoso.ade.simulationMonitor] - Total time required for dc analysis `dcOp': CPU = 5.81896 s, elapsed = 1.72848 s, util. = 337%. {"history": "Interactive.356", "point": 6, "testname": "Poten", "cornername": "CMOS_VDD_Res_Cap_Temp_4"}
[2026-06-03 11:51:03.104 Z] [INFO] [cadence.virtuoso.ade.simulationMonitor] - Peak resident memory used = 324 Mbytes. {"history": "Interactive.356", "point": 6, "testname": "Poten", "cornername": "CMOS_VDD_Res_Cap_Temp_4"}
[2026-06-03 11:51:03.105 Z] [INFO] [cadence.virtuoso.ade.simulationMonitor] - Notice from spectre.
    1071 warnings suppressed. {"history": "Interactive.356", "point": 6, "testname": "Poten", "cornername": "CMOS_VDD_Res_Cap_Temp_4"}
[2026-06-03 11:51:03.105 Z] [WARN] [cadence.virtuoso.ade.simulationMonitor] -     WARNING (CMI-2425): I7.I0.C0<0>_dummy: `Acde' = 2.393 is unusually large. {"history": "Interactive.356", "point": 6, "testname": "Poten", "cornername": "CMOS_VDD_Res_Cap_Temp_4"}
[2026-06-03 11:51:03.105 Z] [WARN] [cadence.virtuoso.ade.simulationMonitor] -     WARNING (CMI-2425): I7.I0.C0<0>_dummy: `Noff' = 4.732 is unusually large. {"history": "Interactive.356", "point": 6, "testname": "Poten", "cornername": "CMOS_VDD_Res_Cap_Temp_4"}
[2026-06-03 11:51:03.105 Z] [WARN] [cadence.virtuoso.ade.simulationMonitor] -     WARNING (CMI-2424): I7.I0.C0<0>_dummy: `Voffcv' = -867.4e-03 is unusually small. {"history": "Interactive.356", "point": 6, "testname": "Poten", "cornername": "CMOS_VDD_Res_Cap_Temp_4"}
[2026-06-03 11:51:03.105 Z] [WARN] [cadence.virtuoso.ade.simulationMonitor] -     WARNING (CMI-2425): I7.I3.C1<0>_dummy: `Acde' = 2.393 is unusually large. {"history": "Interactive.356", "point": 6, "testname": "Poten", "cornername": "CMOS_VDD_Res_Cap_Temp_4"}
[2026-06-03 11:51:03.106 Z] [WARN] [cadence.virtuoso.ade.simulationMonitor] -     WARNING (CMI-2425): I7.I3.C1<0>_dummy: `Noff' = 4.732 is unusually large. {"history": "Interactive.356", "point": 6, "testname": "Poten", "cornername": "CMOS_VDD_Res_Cap_Temp_4"}
[2026-06-03 11:51:03.106 Z] [WARN] [cadence.virtuoso.ade.simulationMonitor] -     WARNING (CMI-2424): I7.I3.C1<0>_dummy: `Voffcv' = -867.4e-03 is unusually small. {"history": "Interactive.356", "point": 6, "testname": "Poten", "cornername": "CMOS_VDD_Res_Cap_Temp_4"}
[2026-06-03 11:51:03.106 Z] [WARN] [cadence.virtuoso.ade.simulationMonitor] -     WARNING (CMI-2425): I7.I4.C1<0>_dummy: `Acde' = 2.393 is unusually large.
        Further occurrences of this warning will be suppressed. {"history": "Interactive.356", "point": 6, "testname": "Poten", "cornername": "CMOS_VDD_Res_Cap_Temp_4"}
[2026-06-03 11:51:03.106 Z] [WARN] [cadence.virtuoso.ade.simulationMonitor] -     WARNING (CMI-2424): I7.I4.C1<0>_dummy: `Voffcv' = -867.4e-03 is unusually small. {"history": "Interactive.356", "point": 6, "testname": "Poten", "cornername": "CMOS_VDD_Res_Cap_Temp_4"}
[2026-06-03 11:51:03.106 Z] [INFO] [cadence.virtuoso.ade.simulationMonitor] - Notice from spectre.
    1 warning suppressed. {"history": "Interactive.356", "point": 6, "testname": "Poten", "cornername": "CMOS_VDD_Res_Cap_Temp_4"}
[2026-06-03 11:51:04.107 Z] [INFO] [cadence.virtuoso.ade.simulationMonitor] - Notice from spectre during IC analysis, during transient analysis `tran'.
    Bad pivoting is found during DC analysis. Option dc_pivot_check=yes is recommended for possible improvement of convergence. {"history": "Interactive.356", "point": 6, "testname": "Poten", "cornername": "CMOS_VDD_Res_Cap_Temp_4"}
[2026-06-03 11:51:04.107 Z] [WARN] [cadence.virtuoso.ade.simulationMonitor] -     WARNING (CMI-2943): Parameter checks have been ignored because the valid value for parameter 'trise' could not be found in 'C0'. {"history": "Interactive.356", "point": 6, "testname": "Poten", "cornername": "CMOS_VDD_Res_Cap_Temp_4"}
[2026-06-03 11:51:04.108 Z] [WARN] [cadence.virtuoso.ade.simulationMonitor] -     WARNING (CMI-2943): Parameter checks have been ignored because the valid value for parameter 'trise' could not be found in 'C1'. {"history": "Interactive.356", "point": 6, "testname": "Poten", "cornername": "CMOS_VDD_Res_Cap_Temp_4"}
[2026-06-03 11:51:04.109 Z] [WARN] [cadence.virtuoso.ade.simulationMonitor] -     WARNING (CMI-2943): Parameter checks have been ignored because the valid value for parameter 'trise' could not be found in 'C11'. {"history": "Interactive.356", "point": 6, "testname": "Poten", "cornername": "CMOS_VDD_Res_Cap_Temp_4"}
[2026-06-03 11:51:04.109 Z] [WARN] [cadence.virtuoso.ade.simulationMonitor] -     WARNING (CMI-2943): Parameter checks have been ignored because the valid value for parameter 'trise' could not be found in 'C12'. {"history": "Interactive.356", "point": 6, "testname": "Poten", "cornername": "CMOS_VDD_Res_Cap_Temp_4"}
[2026-06-03 11:51:04.109 Z] [WARN] [cadence.virtuoso.ade.simulationMonitor] -     WARNING (CMI-2943): Parameter checks have been ignored because the valid value for parameter 'trise' could not be found in 'C5'.
        Further occurrences of this warning will be suppressed. {"history": "Interactive.356", "point": 6, "testname": "Poten", "cornername": "CMOS_VDD_Res_Cap_Temp_4"}
[2026-06-03 11:51:12.119 Z] [WARN] [cadence.virtuoso.ade.simulationMonitor] -     WARNING (CMI-2425): I7.I0.C0<0>_dummy: `Acde' = 2.393 is unusually large. {"history": "Interactive.356", "point": 6, "testname": "Poten", "cornername": "CMOS_VDD_Res_Cap_Temp_4"}
[2026-06-03 11:51:12.121 Z] [WARN] [cadence.virtuoso.ade.simulationMonitor] -     WARNING (CMI-2425): I7.I0.C0<0>_dummy: `Noff' = 4.732 is unusually large. {"history": "Interactive.356", "point": 6, "testname": "Poten", "cornername": "CMOS_VDD_Res_Cap_Temp_4"}
[2026-06-03 11:51:12.121 Z] [WARN] [cadence.virtuoso.ade.simulationMonitor] -     WARNING (CMI-2424): I7.I0.C0<0>_dummy: `Voffcv' = -867.4e-03 is unusually small. {"history": "Interactive.356", "point": 6, "testname": "Poten", "cornername": "CMOS_VDD_Res_Cap_Temp_4"}
[2026-06-03 11:51:12.122 Z] [WARN] [cadence.virtuoso.ade.simulationMonitor] -     WARNING (CMI-2425): I7.I3.C1<0>_dummy: `Acde' = 2.393 is unusually large. {"history": "Interactive.356", "point": 6, "testname": "Poten", "cornername": "CMOS_VDD_Res_Cap_Temp_4"}
[2026-06-03 11:51:12.122 Z] [WARN] [cadence.virtuoso.ade.simulationMonitor] -     WARNING (CMI-2425): I7.I3.C1<0>_dummy: `Noff' = 4.732 is unusually large. {"history": "Interactive.356", "point": 6, "testname": "Poten", "cornername": "CMOS_VDD_Res_Cap_Temp_4"}
[2026-06-03 11:51:12.123 Z] [WARN] [cadence.virtuoso.ade.simulationMonitor] -     WARNING (CMI-2424): I7.I3.C1<0>_dummy: `Voffcv' = -867.4e-03 is unusually small. {"history": "Interactive.356", "point": 6, "testname": "Poten", "cornername": "CMOS_VDD_Res_Cap_Temp_4"}
[2026-06-03 11:51:12.123 Z] [WARN] [cadence.virtuoso.ade.simulationMonitor] -     WARNING (CMI-2425): I7.I4.C1<0>_dummy: `Acde' = 2.393 is unusually large.
        Further occurrences of this warning will be suppressed. {"history": "Interactive.356", "point": 6, "testname": "Poten", "cornername": "CMOS_VDD_Res_Cap_Temp_4"}
[2026-06-03 11:51:12.124 Z] [WARN] [cadence.virtuoso.ade.simulationMonitor] -     WARNING (CMI-2424): I7.I4.C1<0>_dummy: `Voffcv' = -867.4e-03 is unusually small. {"history": "Interactive.356", "point": 6, "testname": "Poten", "cornername": "CMOS_VDD_Res_Cap_Temp_4"}
[2026-06-03 11:51:12.124 Z] [INFO] [cadence.virtuoso.ade.simulationMonitor] - Notice from spectre at time = 250 ms during transient analysis `tran'.
    1072 warnings suppressed. {"history": "Interactive.356", "point": 6, "testname": "Poten", "cornername": "CMOS_VDD_Res_Cap_Temp_4"}
[2026-06-03 11:51:28.136 Z] [INFO] [cadence.virtuoso.ade.simulationMonitor] - Notice from spectre at time = 600 ms during XF analysis `tran-000_xf', during transient analysis `tran'.
    Operating points will not be recomputed: the circuit and conditions were not changed since previous analysis. {"history": "Interactive.356", "point": 6, "testname": "Poten", "cornername": "CMOS_VDD_Res_Cap_Temp_4"}
[2026-06-03 11:51:47.163 Z] [INFO] [cadence.virtuoso.ade.simulationMonitor] - Total time required for xf analysis `tran-000_xf': CPU = 137.613 s (2m  17.6s), elapsed = 18.8757 s, util. = 729%. {"history": "Interactive.356", "point": 6, "testname": "Poten", "cornername": "CMOS_VDD_Res_Cap_Temp_4"}
[2026-06-03 11:51:47.164 Z] [INFO] [cadence.virtuoso.ade.simulationMonitor] - Peak resident memory used = 433 Mbytes. {"history": "Interactive.356", "point": 6, "testname": "Poten", "cornername": "CMOS_VDD_Res_Cap_Temp_4"}
[2026-06-03 11:51:47.665 Z] [INFO] [cadence.virtuoso.ade.simulationMonitor] - Total time required for tran analysis `tran': CPU = 289.746 s (4m  49.7s), elapsed = 44.298 s, util. = 654%. {"history": "Interactive.356", "point": 6, "testname": "Poten", "cornername": "CMOS_VDD_Res_Cap_Temp_4"}
[2026-06-03 11:51:47.665 Z] [INFO] [cadence.virtuoso.ade.simulationMonitor] - Peak resident memory used = 434 Mbytes. {"history": "Interactive.356", "point": 6, "testname": "Poten", "cornername": "CMOS_VDD_Res_Cap_Temp_4"}
[2026-06-03 11:51:47.666 Z] [WARN] [cadence.virtuoso.ade.simulationMonitor] -     WARNING (CMI-2425): I7.I0.C0<0>_dummy: `Acde' = 2.393 is unusually large. {"history": "Interactive.356", "point": 6, "testname": "Poten", "cornername": "CMOS_VDD_Res_Cap_Temp_4"}
[2026-06-03 11:51:47.666 Z] [WARN] [cadence.virtuoso.ade.simulationMonitor] -     WARNING (CMI-2425): I7.I0.C0<0>_dummy: `Noff' = 4.732 is unusually large. {"history": "Interactive.356", "point": 6, "testname": "Poten", "cornername": "CMOS_VDD_Res_Cap_Temp_4"}
[2026-06-03 11:51:47.666 Z] [WARN] [cadence.virtuoso.ade.simulationMonitor] -     WARNING (CMI-2424): I7.I0.C0<0>_dummy: `Voffcv' = -867.4e-03 is unusually small. {"history": "Interactive.356", "point": 6, "testname": "Poten", "cornername": "CMOS_VDD_Res_Cap_Temp_4"}
[2026-06-03 11:51:47.666 Z] [WARN] [cadence.virtuoso.ade.simulationMonitor] -     WARNING (CMI-2425): I7.I3.C1<0>_dummy: `Acde' = 2.393 is unusually large. {"history": "Interactive.356", "point": 6, "testname": "Poten", "cornername": "CMOS_VDD_Res_Cap_Temp_4"}
[2026-06-03 11:51:47.666 Z] [WARN] [cadence.virtuoso.ade.simulationMonitor] -     WARNING (CMI-2425): I7.I3.C1<0>_dummy: `Noff' = 4.732 is unusually large. {"history": "Interactive.356", "point": 6, "testname": "Poten", "cornername": "CMOS_VDD_Res_Cap_Temp_4"}
[2026-06-03 11:51:47.666 Z] [WARN] [cadence.virtuoso.ade.simulationMonitor] -     WARNING (CMI-2424): I7.I3.C1<0>_dummy: `Voffcv' = -867.4e-03 is unusually small. {"history": "Interactive.356", "point": 6, "testname": "Poten", "cornername": "CMOS_VDD_Res_Cap_Temp_4"}
[2026-06-03 11:51:47.667 Z] [WARN] [cadence.virtuoso.ade.simulationMonitor] -     WARNING (CMI-2425): I7.I4.C1<0>_dummy: `Acde' = 2.393 is unusually large.
        Further occurrences of this warning will be suppressed. {"history": "Interactive.356", "point": 6, "testname": "Poten", "cornername": "CMOS_VDD_Res_Cap_Temp_4"}
[2026-06-03 11:51:47.667 Z] [WARN] [cadence.virtuoso.ade.simulationMonitor] -     WARNING (CMI-2424): I7.I4.C1<0>_dummy: `Voffcv' = -867.4e-03 is unusually small. {"history": "Interactive.356", "point": 6, "testname": "Poten", "cornername": "CMOS_VDD_Res_Cap_Temp_4"}
[2026-06-03 11:51:47.667 Z] [INFO] [cadence.virtuoso.ade.simulationMonitor] - Notice from spectre.
    1 warning suppressed. {"history": "Interactive.356", "point": 6, "testname": "Poten", "cornername": "CMOS_VDD_Res_Cap_Temp_4"}
[2026-06-03 11:51:47.667 Z] [WARN] [cadence.virtuoso.ade.simulationMonitor] -     WARNING (CMI-2425): I7.I1.C0: `Acde' = 2.393 is unusually large. {"history": "Interactive.356", "point": 6, "testname": "Poten", "cornername": "CMOS_VDD_Res_Cap_Temp_4"}
[2026-06-03 11:51:47.667 Z] [WARN] [cadence.virtuoso.ade.simulationMonitor] -     WARNING (CMI-2425): I7.I1.C0: `Noff' = 4.732 is unusually large. {"history": "Interactive.356", "point": 6, "testname": "Poten", "cornername": "CMOS_VDD_Res_Cap_Temp_4"}
[2026-06-03 11:51:47.667 Z] [WARN] [cadence.virtuoso.ade.simulationMonitor] -     WARNING (CMI-2424): I7.I1.C0: `Voffcv' = -867.4e-03 is unusually small. {"history": "Interactive.356", "point": 6, "testname": "Poten", "cornername": "CMOS_VDD_Res_Cap_Temp_4"}
[2026-06-03 11:51:47.668 Z] [WARN] [cadence.virtuoso.ade.simulationMonitor] -     WARNING (CMI-2425): I7.I0.C1: `Acde' = 2.393 is unusually large. {"history": "Interactive.356", "point": 6, "testname": "Poten", "cornername": "CMOS_VDD_Res_Cap_Temp_4"}
[2026-06-03 11:51:47.668 Z] [WARN] [cadence.virtuoso.ade.simulationMonitor] -     WARNING (CMI-2425): I7.I0.C1: `Noff' = 4.732 is unusually large. {"history": "Interactive.356", "point": 6, "testname": "Poten", "cornername": "CMOS_VDD_Res_Cap_Temp_4"}
[2026-06-03 11:51:47.668 Z] [WARN] [cadence.virtuoso.ade.simulationMonitor] -     WARNING (CMI-2424): I7.I0.C1: `Voffcv' = -867.4e-03 is unusually small. {"history": "Interactive.356", "point": 6, "testname": "Poten", "cornername": "CMOS_VDD_Res_Cap_Temp_4"}
[2026-06-03 11:51:47.668 Z] [WARN] [cadence.virtuoso.ade.simulationMonitor] -     WARNING (CMI-2425): I7.I0.C2: `Acde' = 2.393 is unusually large.
        Further occurrences of this warning will be suppressed. {"history": "Interactive.356", "point": 6, "testname": "Poten", "cornername": "CMOS_VDD_Res_Cap_Temp_4"}
[2026-06-03 11:51:47.668 Z] [WARN] [cadence.virtuoso.ade.simulationMonitor] -     WARNING (CMI-2424): I7.I0.C2: `Voffcv' = -867.4e-03 is unusually small. {"history": "Interactive.356", "point": 6, "testname": "Poten", "cornername": "CMOS_VDD_Res_Cap_Temp_4"}
[2026-06-03 11:51:47.668 Z] [WARN] [cadence.virtuoso.ade.simulationMonitor] -     WARNING (CMI-2424): I7.I0.C0<0>_turbo_m6: `Voffcv' = -867.4e-03 is unusually small. {"history": "Interactive.356", "point": 6, "testname": "Poten", "cornername": "CMOS_VDD_Res_Cap_Temp_4"}
[2026-06-03 11:51:47.669 Z] [WARN] [cadence.virtuoso.ade.simulationMonitor] -     WARNING (CMI-2424): I7.I3.C1<0>_turbo_m6: `Voffcv' = -867.4e-03 is unusually small.
        Further occurrences of this warning will be suppressed. {"history": "Interactive.356", "point": 6, "testname": "Poten", "cornername": "CMOS_VDD_Res_Cap_Temp_4"}
[2026-06-03 11:51:55.672 Z] [WARN] [cadence.virtuoso.ade.simulationMonitor] -     WARNING (CMI-2943): Parameter checks have been ignored because the valid value for parameter 'trise' could not be found in 'C0'. {"history": "Interactive.356", "point": 6, "testname": "Poten", "cornername": "CMOS_VDD_Res_Cap_Temp_4"}
[2026-06-03 11:51:55.673 Z] [WARN] [cadence.virtuoso.ade.simulationMonitor] -     WARNING (CMI-2943): Parameter checks have been ignored because the valid value for parameter 'trise' could not be found in 'C1'. {"history": "Interactive.356", "point": 6, "testname": "Poten", "cornername": "CMOS_VDD_Res_Cap_Temp_4"}
[2026-06-03 11:51:55.674 Z] [WARN] [cadence.virtuoso.ade.simulationMonitor] -     WARNING (CMI-2943): Parameter checks have been ignored because the valid value for parameter 'trise' could not be found in 'C11'. {"history": "Interactive.356", "point": 6, "testname": "Poten", "cornername": "CMOS_VDD_Res_Cap_Temp_4"}
[2026-06-03 11:51:55.674 Z] [WARN] [cadence.virtuoso.ade.simulationMonitor] -     WARNING (CMI-2943): Parameter checks have been ignored because the valid value for parameter 'trise' could not be found in 'C12'. {"history": "Interactive.356", "point": 6, "testname": "Poten", "cornername": "CMOS_VDD_Res_Cap_Temp_4"}
[2026-06-03 11:51:55.674 Z] [WARN] [cadence.virtuoso.ade.simulationMonitor] -     WARNING (CMI-2943): Parameter checks have been ignored because the valid value for parameter 'trise' could not be found in 'C5'.
        Further occurrences of this warning will be suppressed. {"history": "Interactive.356", "point": 6, "testname": "Poten", "cornername": "CMOS_VDD_Res_Cap_Temp_4"}
[2026-06-03 11:51:55.675 Z] [INFO] [cadence.virtuoso.ade.simulationMonitor] - Notice from spectre during check, during DC analysis, during Noise analysis `noise'.
    I0.I5.RLIB_GC1 of rdiffp3: `ig' has the unusually large value of -21.6662 A.
    I0.I3.RLIB_GC1 of rdiffp3: `ig' has the unusually large value of -21.6662 A.
    I0.I3.RLIB_GC2 of rdiffp3: `ig' has the unusually large value of -21.6662 A.
    I0.I6.RLIB_GC2 of rdiffp3: `ig' has the unusually large value of -21.6662 A. {"history": "Interactive.356", "point": 6, "testname": "Poten", "cornername": "CMOS_VDD_Res_Cap_Temp_4"}
[2026-06-03 11:53:22.724 Z] [INFO] [cadence.virtuoso.ade.simulationMonitor] - Total time required for noise analysis `noise': CPU = 396.591 s (6m  36.6s), elapsed = 94.8232 s (1m  34.8s), util. = 418%. {"history": "Interactive.356", "point": 6, "testname": "Poten", "cornername": "CMOS_VDD_Res_Cap_Temp_4"}
[2026-06-03 11:53:22.724 Z] [INFO] [cadence.virtuoso.ade.simulationMonitor] - Peak resident memory used = 712 Mbytes. {"history": "Interactive.356", "point": 6, "testname": "Poten", "cornername": "CMOS_VDD_Res_Cap_Temp_4"}
[2026-06-03 11:53:22.724 Z] [INFO] [cadence.virtuoso.ade.simulationMonitor] - Notice from spectre.
    1088 warnings suppressed. {"history": "Interactive.356", "point": 6, "testname": "Poten", "cornername": "CMOS_VDD_Res_Cap_Temp_4"}
[2026-06-03 11:53:22.724 Z] [WARN] [cadence.virtuoso.ade.simulationMonitor] -     WARNING (CMI-2425): I7.I0.C0<0>_dummy: `Acde' = 2.393 is unusually large. {"history": "Interactive.356", "point": 6, "testname": "Poten", "cornername": "CMOS_VDD_Res_Cap_Temp_4"}
[2026-06-03 11:53:22.725 Z] [WARN] [cadence.virtuoso.ade.simulationMonitor] -     WARNING (CMI-2425): I7.I0.C0<0>_dummy: `Noff' = 4.732 is unusually large. {"history": "Interactive.356", "point": 6, "testname": "Poten", "cornername": "CMOS_VDD_Res_Cap_Temp_4"}
[2026-06-03 11:53:22.725 Z] [WARN] [cadence.virtuoso.ade.simulationMonitor] -     WARNING (CMI-2424): I7.I0.C0<0>_dummy: `Voffcv' = -867.4e-03 is unusually small. {"history": "Interactive.356", "point": 6, "testname": "Poten", "cornername": "CMOS_VDD_Res_Cap_Temp_4"}
[2026-06-03 11:53:22.725 Z] [WARN] [cadence.virtuoso.ade.simulationMonitor] -     WARNING (CMI-2425): I7.I3.C1<0>_dummy: `Acde' = 2.393 is unusually large. {"history": "Interactive.356", "point": 6, "testname": "Poten", "cornername": "CMOS_VDD_Res_Cap_Temp_4"}
[2026-06-03 11:53:22.725 Z] [WARN] [cadence.virtuoso.ade.simulationMonitor] -     WARNING (CMI-2425): I7.I3.C1<0>_dummy: `Noff' = 4.732 is unusually large. {"history": "Interactive.356", "point": 6, "testname": "Poten", "cornername": "CMOS_VDD_Res_Cap_Temp_4"}
[2026-06-03 11:53:22.725 Z] [WARN] [cadence.virtuoso.ade.simulationMonitor] -     WARNING (CMI-2424): I7.I3.C1<0>_dummy: `Voffcv' = -867.4e-03 is unusually small. {"history": "Interactive.356", "point": 6, "testname": "Poten", "cornername": "CMOS_VDD_Res_Cap_Temp_4"}
[2026-06-03 11:53:22.726 Z] [WARN] [cadence.virtuoso.ade.simulationMonitor] -     WARNING (CMI-2425): I7.I4.C1<0>_dummy: `Acde' = 2.393 is unusually large.
        Further occurrences of this warning will be suppressed. {"history": "Interactive.356", "point": 6, "testname": "Poten", "cornername": "CMOS_VDD_Res_Cap_Temp_4"}
[2026-06-03 11:53:22.726 Z] [WARN] [cadence.virtuoso.ade.simulationMonitor] -     WARNING (CMI-2424): I7.I4.C1<0>_dummy: `Voffcv' = -867.4e-03 is unusually small. {"history": "Interactive.356", "point": 6, "testname": "Poten", "cornername": "CMOS_VDD_Res_Cap_Temp_4"}
[2026-06-03 11:53:22.726 Z] [INFO] [cadence.virtuoso.ade.simulationMonitor] - Notice from spectre.
    1 warning suppressed. {"history": "Interactive.356", "point": 6, "testname": "Poten", "cornername": "CMOS_VDD_Res_Cap_Temp_4"}
[2026-06-03 11:53:23.227 Z] [INFO] [cadence.virtuoso.ade.simulationMonitor] - Time used: CPU = 699 s (11m  39.3s), elapsed = 147 s (2m  27.3s), util. = 475%. {"history": "Interactive.356", "point": 6, "testname": "Poten", "cornername": "CMOS_VDD_Res_Cap_Temp_4"}
[2026-06-03 11:53:23.227 Z] [INFO] [cadence.virtuoso.ade.simulationMonitor] - Time spent in licensing: elapsed = 87 ms. {"history": "Interactive.356", "point": 6, "testname": "Poten", "cornername": "CMOS_VDD_Res_Cap_Temp_4"}
[2026-06-03 11:53:23.228 Z] [INFO] [cadence.virtuoso.ade.simulationMonitor] - Peak memory used = 712 Mbytes. {"history": "Interactive.356", "point": 6, "testname": "Poten", "cornername": "CMOS_VDD_Res_Cap_Temp_4"}
[2026-06-03 11:53:23.229 Z] [PROCESS] [cadence.virtuoso.ade.simulationMonitor] - Simulation started at: 11:50:55 AM, Wed Jun 3, 2026, ended at: 11:53:22 AM, Wed Jun 3, 2026, with elapsed time (wall clock): 147 s (2m  27.3s). {"history": "Interactive.356", "point": 6, "testname": "Poten", "cornername": "CMOS_VDD_Res_Cap_Temp_4"}
[2026-06-03 11:53:23.229 Z] [PROCESS] [cadence.virtuoso.ade.simulationMonitor] - spectre completes with 0 errors, 111 warnings, and 37 notices. {"history": "Interactive.356", "point": 6, "testname": "Poten", "cornername": "CMOS_VDD_Res_Cap_Temp_4"}
[2026-06-03 11:53:23.230 Z] [PROCESS] [cadence.virtuoso.ade.simulationMonitor] - Finished simulating for one point {"hostname": "il2244vt26_hrahimi", "processid": 2498769, "history": "Interactive.356", "testname": "Poten", "cornername": "CMOS_VDD_Res_Cap_Temp_4", "point": 6, "logfile": "/home/hrahimi/projects/POTENTIOSTAT_26/logs_hrahimi/logs0/Job19.log", "simid": "1"}
[2026-06-03 11:53:23.230 Z] [PROCESS] [cadence.virtuoso.ade.simulationMonitor] - Simulator exited {"hostname": "il2244vt26_hrahimi", "processid": 2498769, "history": "Interactive.356", "testname": "Poten", "cornername": "CMOS_VDD_Res_Cap_Temp_4", "point": 6, "logfile": "/home/hrahimi/projects/POTENTIOSTAT_26/logs_hrahimi/logs0/Job19.log", "exitStatus": "0"}
[2026-06-03 11:53:23.230 Z] [PROCESS] [cadence.virtuoso.ade.simulationMonitor] - Finished Simulation {"hostname": "il2244vt26_hrahimi", "processid": 2498769, "history": "Interactive.356", "testname": "Poten", "cornername": "CMOS_VDD_Res_Cap_Temp_4", "point": 6, "logfile": "/home/hrahimi/projects/POTENTIOSTAT_26/logs_hrahimi/logs0/Job19.log", "simid": "1"}
[2026-06-03 11:53:27.747 Z] [PROCESS] [cadence.virtuoso.ade.simulationMonitor] - Point Finished {"hostname": "il2244vt26_hrahimi", "processid": 2498769, "history": "Interactive.356", "testname": "Poten", "cornername": "CMOS_VDD_Res_Cap_Temp_4", "point": 6, "logfile": "/home/hrahimi/projects/POTENTIOSTAT_26/logs_hrahimi/logs0/Job19.log"}
[2026-06-03 11:53:27.751 Z] [PROCESS] [cadence.virtuoso.ade.simulationMonitor] - HostInfo:
Host name (type):	il2244vt26_hrahimi (x86_64)
Operating system:	Linux 5.15.0-164-generic #174-Ubuntu SMP Fri Nov 14 20:25:16 UTC 2025 {"hostname": "il2244vt26_hrahimi", "processid": 2498769, "history": "Interactive.356", "testname": "Poten", "cornername": "CMOS_VDD_Res_Cap_Temp_4", "point": 6, "logfile": "/home/hrahimi/projects/POTENTIOSTAT_26/logs_hrahimi/logs0/Job19.log", "nodename": "il2244vt26_hrahimi", "domainname": "(none)", "machine": "x86_64", "sysname": "Linux", "release": "5.15.0-164-generic", "version": "#174-Ubuntu SMP Fri Nov 14 20:25:16 UTC 2025"}
[2026-06-03 11:53:27.752 Z] [PROCESS] [cadence.virtuoso.ade.simulationMonitor] - UsageInfo:
pid=2498769
totalPhysicalMemory=3023.749672GB,Used=2708.473194GB,totalVirtualMemory=3031.749668GB,Used=2708.579639GB
Cpu: Cores=48, Load average:49.000000,26.430000,14.660000 {"hostname": "il2244vt26_hrahimi", "processid": 2498769, "history": "Interactive.356", "testname": "Poten", "cornername": "CMOS_VDD_Res_Cap_Temp_4", "point": 6, "logfile": "/home/hrahimi/projects/POTENTIOSTAT_26/logs_hrahimi/logs0/Job19.log", "pid": "2498769", "totalPhysicalMemory": "3023.749672", "physicalMemoryUsed": "2708.473194", "totalVirtualMemory": "3031.749668", "virtualMemoryUsed": "2708.579639", "cpuCores": "48", "processes": "29678", "loadAverage1": "49.000000", "loadAverage5": "26.430000", "loadAverage15": "14.660000", "loadAverage1Percent": "1.020833"}
[2026-06-03 11:53:27.753 Z] [EVENT] [cadence.virtuoso.ade.simulationMonitor] - NewPoint {"history": "Interactive.356", "point": 11, "testname": "Poten", "cornername": "CMOS_VDD_Res_Cap_Temp_9", "event": "NewPoint", "EventSource": "Simulation Monitor", "HistoryName": "Interactive.356", "logFile": "/home/hrahimi/projects/POTENTIOSTAT_26/logs_hrahimi/logs0/Job19.log", "logFileSize": "50587"}
[2026-06-03 11:53:27.855 Z] [EVENT] [cadence.virtuoso.ade.simulationMonitor] - NewPoint {"history": "Interactive.356", "point": 11, "testname": "Poten", "cornername": "CMOS_VDD_Res_Cap_Temp_9", "event": "NewPoint", "EventSource": "spectre", "HistoryName": "Interactive.356", "logFile": "/home/hrahimi/projects/POTENTIOSTAT_26/Sim/Potentiostat_Top/top/maestro/results/maestro/Interactive.356/11/Poten/psf/spectre.out", "logFileSize": "-1"}
[2026-06-03 11:53:27.868 Z] [PROCESS] [cadence.virtuoso.ade.simulationMonitor] - Simulator launched {"hostname": "il2244vt26_hrahimi", "processid": 2498769, "history": "Interactive.356", "testname": "Poten", "cornername": "CMOS_VDD_Res_Cap_Temp_9", "point": 11, "logfile": "/home/hrahimi/projects/POTENTIOSTAT_26/logs_hrahimi/logs0/Job19.log", "simid": "2"}
[2026-06-03 11:53:27.934 Z] [PROCESS] [cadence.virtuoso.ade.simulationMonitor] - Started Simulation {"hostname": "il2244vt26_hrahimi", "processid": 2498769, "history": "Interactive.356", "testname": "Poten", "cornername": "CMOS_VDD_Res_Cap_Temp_9", "point": 11, "logfile": "/home/hrahimi/projects/POTENTIOSTAT_26/logs_hrahimi/logs0/Job19.log", "event": "started", "task": "simulation"}
[2026-06-03 11:53:28.935 Z] [WARN] [cadence.virtuoso.ade.simulationMonitor] -     WARNING (SPECTRE-691): This CPU processor does not support x86 advanced vector extensions instructions. This may affect math operations and slow down the simulation. {"history": "Interactive.356", "point": 11, "testname": "Poten", "cornername": "CMOS_VDD_Res_Cap_Temp_9"}
[2026-06-03 11:53:28.935 Z] [INFO] [cadence.virtuoso.ade.simulationMonitor] - Notice from spectre during circuit read-in.
    Pre_Configuration file used: /opt/tools/cadence/installs/SPECTRE241/tools.lnx86/spectre/etc/configs/preset.precfg
    Configuration file used: `/opt/tools/cadence/installs/SPECTRE241/tools.lnx86/spectre/etc/configs/preset.cfg'. {"history": "Interactive.356", "point": 11, "testname": "Poten", "cornername": "CMOS_VDD_Res_Cap_Temp_9"}
[2026-06-03 11:53:28.935 Z] [WARN] [cadence.virtuoso.ade.simulationMonitor] -     WARNING (SPECTRE-8360): line 1511: `ac' is an undefined primitive device. {"history": "Interactive.356", "point": 11, "testname": "Poten", "cornername": "CMOS_VDD_Res_Cap_Temp_9"}
[2026-06-03 11:53:28.936 Z] [WARN] [cadence.virtuoso.ade.simulationMonitor] -     WARNING (SPECTRE-8360): line 1512: `ac' is an undefined primitive device. {"history": "Interactive.356", "point": 11, "testname": "Poten", "cornername": "CMOS_VDD_Res_Cap_Temp_9"}
[2026-06-03 11:53:28.936 Z] [WARN] [cadence.virtuoso.ade.simulationMonitor] -     WARNING (SPECTRE-8360): line 1513: `ac' is an undefined primitive device. {"history": "Interactive.356", "point": 11, "testname": "Poten", "cornername": "CMOS_VDD_Res_Cap_Temp_9"}
[2026-06-03 11:53:28.936 Z] [WARN] [cadence.virtuoso.ade.simulationMonitor] -     WARNING (SPECTRE-8360): line 1514: `ac' is an undefined primitive device. {"history": "Interactive.356", "point": 11, "testname": "Poten", "cornername": "CMOS_VDD_Res_Cap_Temp_9"}
[2026-06-03 11:53:28.936 Z] [WARN] [cadence.virtuoso.ade.simulationMonitor] -     WARNING (SPECTRE-8360): line 1515: `ac' is an undefined primitive device.
        Further occurrences of this warning will be suppressed. {"history": "Interactive.356", "point": 11, "testname": "Poten", "cornername": "CMOS_VDD_Res_Cap_Temp_9"}
[2026-06-03 11:53:28.936 Z] [WARN] [cadence.virtuoso.ade.simulationMonitor] -     WARNING (VACOMP-2435): The environment variable CDS_AHDLCMI_ENABLE is no longer supported. Therefore, the simulator will use the default compiled C code flow. {"history": "Interactive.356", "point": 11, "testname": "Poten", "cornername": "CMOS_VDD_Res_Cap_Temp_9"}
[2026-06-03 11:53:28.937 Z] [INFO] [cadence.virtuoso.ade.simulationMonitor] - Peak resident memory used = 194 Mbytes. {"history": "Interactive.356", "point": 11, "testname": "Poten", "cornername": "CMOS_VDD_Res_Cap_Temp_9"}
[2026-06-03 11:53:29.437 Z] [WARN] [cadence.virtuoso.ade.simulationMonitor] -     WARNING (SFE-2649): Terminals of top-level instance `R50', in file`netlist', at line 1168, are connected. Remove the instance and rerun the simulation. {"history": "Interactive.356", "point": 11, "testname": "Poten", "cornername": "CMOS_VDD_Res_Cap_Temp_9"}
[2026-06-03 11:53:29.437 Z] [WARN] [cadence.virtuoso.ade.simulationMonitor] -     WARNING (SFE-2649): Terminals of top-level instance `R48', in file`netlist', at line 1211, are connected. Remove the instance and rerun the simulation. {"history": "Interactive.356", "point": 11, "testname": "Poten", "cornername": "CMOS_VDD_Res_Cap_Temp_9"}
[2026-06-03 11:53:29.938 Z] [WARN] [cadence.virtuoso.ade.simulationMonitor] -     WARNING (SFE-3027): The dangling resistor I2.rb144 is removed. {"history": "Interactive.356", "point": 11, "testname": "Poten", "cornername": "CMOS_VDD_Res_Cap_Temp_9"}
[2026-06-03 11:53:29.939 Z] [WARN] [cadence.virtuoso.ade.simulationMonitor] -     WARNING (SFE-3027): The dangling resistor I2.rb241 is removed. {"history": "Interactive.356", "point": 11, "testname": "Poten", "cornername": "CMOS_VDD_Res_Cap_Temp_9"}
[2026-06-03 11:53:29.939 Z] [WARN] [cadence.virtuoso.ade.simulationMonitor] -     WARNING (SFE-3027): The dangling resistor I2.rb613 is removed. {"history": "Interactive.356", "point": 11, "testname": "Poten", "cornername": "CMOS_VDD_Res_Cap_Temp_9"}
[2026-06-03 11:53:29.939 Z] [WARN] [cadence.virtuoso.ade.simulationMonitor] -     WARNING (SFE-3027): The dangling resistor I2.rd794 is removed. {"history": "Interactive.356", "point": 11, "testname": "Poten", "cornername": "CMOS_VDD_Res_Cap_Temp_9"}
[2026-06-03 11:53:29.939 Z] [WARN] [cadence.virtuoso.ade.simulationMonitor] -     WARNING (SFE-3012): The dummy device I0.I16.DLIB9 is removed. {"history": "Interactive.356", "point": 11, "testname": "Poten", "cornername": "CMOS_VDD_Res_Cap_Temp_9"}
[2026-06-03 11:53:29.940 Z] [WARN] [cadence.virtuoso.ade.simulationMonitor] -     WARNING (SFE-3012): The dummy device I0.I15.DLIB9 is removed. {"history": "Interactive.356", "point": 11, "testname": "Poten", "cornername": "CMOS_VDD_Res_Cap_Temp_9"}
[2026-06-03 11:53:29.940 Z] [WARN] [cadence.virtuoso.ade.simulationMonitor] -     WARNING (SFE-3012): The dummy device I0.I0.DLIB6 is removed. {"history": "Interactive.356", "point": 11, "testname": "Poten", "cornername": "CMOS_VDD_Res_Cap_Temp_9"}
[2026-06-03 11:53:29.940 Z] [WARN] [cadence.virtuoso.ade.simulationMonitor] -     WARNING (SFE-3012): The dummy device I7.I2.MP12<0>_turbo_m34 is removed. {"history": "Interactive.356", "point": 11, "testname": "Poten", "cornername": "CMOS_VDD_Res_Cap_Temp_9"}
[2026-06-03 11:53:29.940 Z] [WARN] [cadence.virtuoso.ade.simulationMonitor] -     WARNING (SFE-3012): The dummy device I0.I16.DLIB10 is removed.
        Further occurrences of this warning will be suppressed. {"history": "Interactive.356", "point": 11, "testname": "Poten", "cornername": "CMOS_VDD_Res_Cap_Temp_9"}
[2026-06-03 11:53:29.940 Z] [WARN] [cadence.virtuoso.ade.simulationMonitor] -     WARNING (SFE-3029): The dummy capacitor I7.I0.R3.CS1 is removed. {"history": "Interactive.356", "point": 11, "testname": "Poten", "cornername": "CMOS_VDD_Res_Cap_Temp_9"}
[2026-06-03 11:53:29.940 Z] [WARN] [cadence.virtuoso.ade.simulationMonitor] -     WARNING (SFE-3027): The dangling resistor I2.re2693 is removed.
        Further occurrences of this warning will be suppressed. {"history": "Interactive.356", "point": 11, "testname": "Poten", "cornername": "CMOS_VDD_Res_Cap_Temp_9"}
[2026-06-03 11:53:29.941 Z] [WARN] [cadence.virtuoso.ade.simulationMonitor] -     WARNING (SFE-3029): The dummy capacitor I7.I13_turbo_m5.C0.C1 is removed. {"history": "Interactive.356", "point": 11, "testname": "Poten", "cornername": "CMOS_VDD_Res_Cap_Temp_9"}
[2026-06-03 11:53:29.941 Z] [WARN] [cadence.virtuoso.ade.simulationMonitor] -     WARNING (SFE-3029): The dummy capacitor I7.I10_turbo_m4.C0.C1 is removed. {"history": "Interactive.356", "point": 11, "testname": "Poten", "cornername": "CMOS_VDD_Res_Cap_Temp_9"}
[2026-06-03 11:53:29.941 Z] [WARN] [cadence.virtuoso.ade.simulationMonitor] -     WARNING (SFE-3029): The dummy capacitor I7.I1.R2.CS1 is removed. {"history": "Interactive.356", "point": 11, "testname": "Poten", "cornername": "CMOS_VDD_Res_Cap_Temp_9"}
[2026-06-03 11:53:29.941 Z] [WARN] [cadence.virtuoso.ade.simulationMonitor] -     WARNING (SFE-3028): The floating resistor R8 is removed. {"history": "Interactive.356", "point": 11, "testname": "Poten", "cornername": "CMOS_VDD_Res_Cap_Temp_9"}
[2026-06-03 11:53:29.941 Z] [WARN] [cadence.virtuoso.ade.simulationMonitor] -     WARNING (SFE-3029): The dummy capacitor I7.I4.R31.CS1 is removed.
        Further occurrences of this warning will be suppressed. {"history": "Interactive.356", "point": 11, "testname": "Poten", "cornername": "CMOS_VDD_Res_Cap_Temp_9"}
[2026-06-03 11:53:29.941 Z] [WARN] [cadence.virtuoso.ade.simulationMonitor] -     WARNING (SFE-3015): The dangling node I2.210\:GNDA is removed. {"history": "Interactive.356", "point": 11, "testname": "Poten", "cornername": "CMOS_VDD_Res_Cap_Temp_9"}
[2026-06-03 11:53:29.942 Z] [WARN] [cadence.virtuoso.ade.simulationMonitor] -     WARNING (SFE-3015): The dangling node I2.222\:POT_OUT is removed. {"history": "Interactive.356", "point": 11, "testname": "Poten", "cornername": "CMOS_VDD_Res_Cap_Temp_9"}
[2026-06-03 11:53:29.942 Z] [WARN] [cadence.virtuoso.ade.simulationMonitor] -     WARNING (SFE-3015): The dangling node I2.13\:I25|I35|SN is removed. {"history": "Interactive.356", "point": 11, "testname": "Poten", "cornername": "CMOS_VDD_Res_Cap_Temp_9"}
[2026-06-03 11:53:29.942 Z] [WARN] [cadence.virtuoso.ade.simulationMonitor] -     WARNING (SFE-3015): The dangling node I2.29\:Calib_EN is removed. {"history": "Interactive.356", "point": 11, "testname": "Poten", "cornername": "CMOS_VDD_Res_Cap_Temp_9"}
[2026-06-03 11:53:29.942 Z] [WARN] [cadence.virtuoso.ade.simulationMonitor] -     WARNING (SFE-3015): The dangling node I2.693\:VPI is removed.
        Further occurrences of this warning will be suppressed. {"history": "Interactive.356", "point": 11, "testname": "Poten", "cornername": "CMOS_VDD_Res_Cap_Temp_9"}
[2026-06-03 11:53:29.942 Z] [WARN] [cadence.virtuoso.ade.simulationMonitor] -     WARNING (SFE-3016): The floating node net74 is removed. {"history": "Interactive.356", "point": 11, "testname": "Poten", "cornername": "CMOS_VDD_Res_Cap_Temp_9"}
[2026-06-03 11:53:29.942 Z] [WARN] [cadence.virtuoso.ade.simulationMonitor] -     WARNING (SFE-3016): The floating node net73 is removed. {"history": "Interactive.356", "point": 11, "testname": "Poten", "cornername": "CMOS_VDD_Res_Cap_Temp_9"}
[2026-06-03 11:53:29.943 Z] [INFO] [cadence.virtuoso.ade.simulationMonitor] - Notice from spectre during hierarchy flattening.
    Spectre X Parasitic Optimization enabled.
    Parasitic optimization will filter out parasitic nodes, nodes only connected to RCs, by default. To view individual parasitic nodes use individual save statements (i.e. save out), or use the 'savefilter=none' option to save all parasitic nodes. Saving all parasitic nodes may slow down simulation and create large waveform files. {"history": "Interactive.356", "point": 11, "testname": "Poten", "cornername": "CMOS_VDD_Res_Cap_Temp_9"}
[2026-06-03 11:53:29.943 Z] [INFO] [cadence.virtuoso.ade.simulationMonitor] - Peak resident memory used = 224 Mbytes. {"history": "Interactive.356", "point": 11, "testname": "Poten", "cornername": "CMOS_VDD_Res_Cap_Temp_9"}
[2026-06-03 11:53:29.943 Z] [INFO] [cadence.virtuoso.ade.simulationMonitor] - Notice from spectre during hierarchy flattening.
    The value 'psf' specified for the 'checklimitdest' option will no longer be supported in future releases. Use 'spectre -h' to see other recommended values for the 'checklimitdest' option.
    I0.I46.RLIB_GC1.CS0 of rpoly1c: `c' has the unusually small value of 634.694e-21 F.
    I0.I46.RLIB_GC1.CS1 of rpoly1c: `c' has the unusually small value of 634.694e-21 F.
    I0.I45.RLIB_GC1.CS0 of rpoly1c: `c' has the unusually small value of 634.694e-21 F.
    I0... {"history": "Interactive.356", "point": 11, "testname": "Poten", "cornername": "CMOS_VDD_Res_Cap_Temp_9"}
[2026-06-03 11:53:29.943 Z] [INFO] [cadence.virtuoso.ade.simulationMonitor] - Notice from spectre during hierarchy flattening.
    V8: `period' has the unusually large value of 100 s.
    V7: `period' has the unusually large value of 10 s.
    V3: `period' has the unusually large value of 6 s.
    I26: `period' has the unusually large value of 6 s. {"history": "Interactive.356", "point": 11, "testname": "Poten", "cornername": "CMOS_VDD_Res_Cap_Temp_9"}
[2026-06-03 11:53:29.944 Z] [INFO] [cadence.virtuoso.ade.simulationMonitor] - Peak resident memory used = 235 Mbytes. {"history": "Interactive.356", "point": 11, "testname": "Poten", "cornername": "CMOS_VDD_Res_Cap_Temp_9"}
[2026-06-03 11:53:29.944 Z] [WARN] [cadence.virtuoso.ade.simulationMonitor] -     WARNING (CMI-2425): I2.I56|C3: `Acde' = 2.393 is unusually large. {"history": "Interactive.356", "point": 11, "testname": "Poten", "cornername": "CMOS_VDD_Res_Cap_Temp_9"}
[2026-06-03 11:53:29.944 Z] [WARN] [cadence.virtuoso.ade.simulationMonitor] -     WARNING (CMI-2425): I2.I56|C3: `Noff' = 4.732 is unusually large. {"history": "Interactive.356", "point": 11, "testname": "Poten", "cornername": "CMOS_VDD_Res_Cap_Temp_9"}
[2026-06-03 11:53:29.944 Z] [WARN] [cadence.virtuoso.ade.simulationMonitor] -     WARNING (CMI-2424): I2.I56|C3: `Voffcv' = -867.4e-03 is unusually small. {"history": "Interactive.356", "point": 11, "testname": "Poten", "cornername": "CMOS_VDD_Res_Cap_Temp_9"}
[2026-06-03 11:53:29.945 Z] [WARN] [cadence.virtuoso.ade.simulationMonitor] -     WARNING (CMI-2425): I2.I56|C4: `Acde' = 2.393 is unusually large. {"history": "Interactive.356", "point": 11, "testname": "Poten", "cornername": "CMOS_VDD_Res_Cap_Temp_9"}
[2026-06-03 11:53:29.945 Z] [WARN] [cadence.virtuoso.ade.simulationMonitor] -     WARNING (CMI-2425): I2.I56|C4: `Noff' = 4.732 is unusually large. {"history": "Interactive.356", "point": 11, "testname": "Poten", "cornername": "CMOS_VDD_Res_Cap_Temp_9"}
[2026-06-03 11:53:29.945 Z] [WARN] [cadence.virtuoso.ade.simulationMonitor] -     WARNING (CMI-2424): I2.I56|C4: `Voffcv' = -867.4e-03 is unusually small. {"history": "Interactive.356", "point": 11, "testname": "Poten", "cornername": "CMOS_VDD_Res_Cap_Temp_9"}
[2026-06-03 11:53:29.945 Z] [WARN] [cadence.virtuoso.ade.simulationMonitor] -     WARNING (CMI-2425): I2.I56|C5: `Acde' = 2.393 is unusually large.
        Further occurrences of this warning will be suppressed. {"history": "Interactive.356", "point": 11, "testname": "Poten", "cornername": "CMOS_VDD_Res_Cap_Temp_9"}
[2026-06-03 11:53:29.945 Z] [WARN] [cadence.virtuoso.ade.simulationMonitor] -     WARNING (CMI-2424): I2.I56|C5: `Voffcv' = -867.4e-03 is unusually small. {"history": "Interactive.356", "point": 11, "testname": "Poten", "cornername": "CMOS_VDD_Res_Cap_Temp_9"}
[2026-06-03 11:53:29.945 Z] [WARN] [cadence.virtuoso.ade.simulationMonitor] -     WARNING (CMI-2424): I7.I4.C1<0>_turbo_m11: `Voffcv' = -867.4e-03 is unusually small. {"history": "Interactive.356", "point": 11, "testname": "Poten", "cornername": "CMOS_VDD_Res_Cap_Temp_9"}
[2026-06-03 11:53:29.946 Z] [WARN] [cadence.virtuoso.ade.simulationMonitor] -     WARNING (CMI-2424): I7.I3.C1<0>_turbo_m6: `Voffcv' = -867.4e-03 is unusually small.
        Further occurrences of this warning will be suppressed. {"history": "Interactive.356", "point": 11, "testname": "Poten", "cornername": "CMOS_VDD_Res_Cap_Temp_9"}
[2026-06-03 11:53:30.946 Z] [WARN] [cadence.virtuoso.ade.simulationMonitor] -     WARNING (SPECTRE-16460): SOAC_esdgcp5_vcpsub:Specified subcircuit master `esdgcp5' was not found. {"history": "Interactive.356", "point": 11, "testname": "Poten", "cornername": "CMOS_VDD_Res_Cap_Temp_9"}
[2026-06-03 11:53:30.947 Z] [WARN] [cadence.virtuoso.ade.simulationMonitor] -     WARNING (SPECTRE-16462): SOAC_esdgcp5_vcpsub:Error in specification of subcircuit master. Assert is ignored. {"history": "Interactive.356", "point": 11, "testname": "Poten", "cornername": "CMOS_VDD_Res_Cap_Temp_9"}
[2026-06-03 11:53:30.947 Z] [WARN] [cadence.virtuoso.ade.simulationMonitor] -     WARNING (SPECTRE-16460): SOAC_esdgcp5_vac:Specified subcircuit master `esdgcp5' was not found. {"history": "Interactive.356", "point": 11, "testname": "Poten", "cornername": "CMOS_VDD_Res_Cap_Temp_9"}
[2026-06-03 11:53:30.947 Z] [WARN] [cadence.virtuoso.ade.simulationMonitor] -     WARNING (SPECTRE-16462): SOAC_esdgcp5_vac:Error in specification of subcircuit master. Assert is ignored. {"history": "Interactive.356", "point": 11, "testname": "Poten", "cornername": "CMOS_VDD_Res_Cap_Temp_9"}
[2026-06-03 11:53:30.947 Z] [WARN] [cadence.virtuoso.ade.simulationMonitor] -     WARNING (SPECTRE-16460): SOAC_esdgcn5_vac:Specified subcircuit master `esdgcn5' was not found. {"history": "Interactive.356", "point": 11, "testname": "Poten", "cornername": "CMOS_VDD_Res_Cap_Temp_9"}
[2026-06-03 11:53:30.948 Z] [WARN] [cadence.virtuoso.ade.simulationMonitor] -     WARNING (SPECTRE-16462): SOAC_esdgcn5_vac:Error in specification of subcircuit master. Assert is ignored. {"history": "Interactive.356", "point": 11, "testname": "Poten", "cornername": "CMOS_VDD_Res_Cap_Temp_9"}
[2026-06-03 11:53:30.948 Z] [WARN] [cadence.virtuoso.ade.simulationMonitor] -     WARNING (SPECTRE-16460): SOAC_esdfdp5_vcpsub:Specified subcircuit master `esdfdp5' was not found. {"history": "Interactive.356", "point": 11, "testname": "Poten", "cornername": "CMOS_VDD_Res_Cap_Temp_9"}
[2026-06-03 11:53:30.948 Z] [WARN] [cadence.virtuoso.ade.simulationMonitor] -     WARNING (SPECTRE-16462): SOAC_esdfdp5_vcpsub:Error in specification of subcircuit master. Assert is ignored. {"history": "Interactive.356", "point": 11, "testname": "Poten", "cornername": "CMOS_VDD_Res_Cap_Temp_9"}
[2026-06-03 11:53:30.948 Z] [WARN] [cadence.virtuoso.ade.simulationMonitor] -     WARNING (SPECTRE-16460): SOAC_esdfdp5_vac:Specified subcircuit master `esdfdp5' was not found.
        Further occurrences of this warning will be suppressed. {"history": "Interactive.356", "point": 11, "testname": "Poten", "cornername": "CMOS_VDD_Res_Cap_Temp_9"}
[2026-06-03 11:53:30.948 Z] [WARN] [cadence.virtuoso.ade.simulationMonitor] -     WARNING (SPECTRE-16462): SOAC_esdfdp5_vac:Error in specification of subcircuit master. Assert is ignored.
        Further occurrences of this warning will be suppressed. {"history": "Interactive.356", "point": 11, "testname": "Poten", "cornername": "CMOS_VDD_Res_Cap_Temp_9"}
[2026-06-03 11:53:30.949 Z] [WARN] [cadence.virtuoso.ade.simulationMonitor] -     WARNING (SPECTRE-17607): Assert `SOAC_vert10_vsubpsub' is ignored because it contains an expression which is invalid or not supported by native evaluator.  {"history": "Interactive.356", "point": 11, "testname": "Poten", "cornername": "CMOS_VDD_Res_Cap_Temp_9"}
[2026-06-03 11:53:30.949 Z] [WARN] [cadence.virtuoso.ade.simulationMonitor] -     WARNING (SPECTRE-17607): Assert `SOAC_vert10_vcsub' is ignored because it contains an expression which is invalid or not supported by native evaluator.  {"history": "Interactive.356", "point": 11, "testname": "Poten", "cornername": "CMOS_VDD_Res_Cap_Temp_9"}
[2026-06-03 11:53:31.449 Z] [INFO] [cadence.virtuoso.ade.simulationMonitor] - Notice from spectre during topology check.
    Only one connection to the following 1898 nodes:
        I0.I46.RLIB_GC1.R1.psub!
        I0.I46.RLIB_GC1.R2.psub!
        I0.I46.MNLIB_DR1.M_esdnmos4.psub!
        I0.I46.DLIB2.psub!
        I0.I46.DLIB1.psub!
        Further occurrences of this notice will be suppressed. {"history": "Interactive.356", "point": 11, "testname": "Poten", "cornername": "CMOS_VDD_Res_Cap_Temp_9"}
[2026-06-03 11:53:33.953 Z] [INFO] [cadence.virtuoso.ade.simulationMonitor] -               nodes 15748 {"history": "Interactive.356", "point": 11, "testname": "Poten", "cornername": "CMOS_VDD_Res_Cap_Temp_9"}
[2026-06-03 11:53:33.954 Z] [INFO] [cadence.virtuoso.ade.simulationMonitor] - Notice from spectre during initial setup.
    7 resistors are shorted because their absolute value is less than or equal to 'rabsshort'.
    3 vsources are shorted because their absolute value is less than or equal to 'vabsshort'.
    4 resistors are changed to resistance form because their value are less than 'rthresh'.
    Spectre X preset=cx enabled.
    44 notices suppressed.
    138 warnings suppressed. {"history": "Interactive.356", "point": 11, "testname": "Poten", "cornername": "CMOS_VDD_Res_Cap_Temp_9"}
[2026-06-03 11:53:33.955 Z] [INFO] [cadence.virtuoso.ade.simulationMonitor] - Notice from spectre.
    Multithreading enabled: 8 threads in the system with 48 available processors. {"history": "Interactive.356", "point": 11, "testname": "Poten", "cornername": "CMOS_VDD_Res_Cap_Temp_9"}
[2026-06-03 11:53:33.955 Z] [INFO] [cadence.virtuoso.ade.simulationMonitor] - Peak resident memory used = 295 Mbytes. {"history": "Interactive.356", "point": 11, "testname": "Poten", "cornername": "CMOS_VDD_Res_Cap_Temp_9"}
[2026-06-03 11:53:33.956 Z] [INFO] [cadence.virtuoso.ade.simulationMonitor] -    -   (Spectre X) Multi-threading. The recommended number of threads is [4, 8], consider adding +mt=4 or +mt=8 on command line. {"history": "Interactive.356", "point": 11, "testname": "Poten", "cornername": "CMOS_VDD_Res_Cap_Temp_9"}
[2026-06-03 11:53:33.956 Z] [INFO] [cadence.virtuoso.ade.simulationMonitor] - Notice from spectre during DC analysis `dcOp'.
    No checklimit analysis defined for asserts. A default checklimit analysis 'SpectreChecklimitAnal' has been created with all asserts enabled. {"history": "Interactive.356", "point": 11, "testname": "Poten", "cornername": "CMOS_VDD_Res_Cap_Temp_9"}
[2026-06-03 11:53:34.957 Z] [INFO] [cadence.virtuoso.ade.simulationMonitor] - Notice from spectre during DC analysis `dcOp'.
    Bad pivoting is found during DC analysis. Option dc_pivot_check=yes is recommended for possible improvement of convergence. {"history": "Interactive.356", "point": 11, "testname": "Poten", "cornername": "CMOS_VDD_Res_Cap_Temp_9"}
[2026-06-03 11:53:34.958 Z] [WARN] [cadence.virtuoso.ade.simulationMonitor] -     WARNING (CMI-2943): Parameter checks have been ignored because the valid value for parameter 'trise' could not be found in 'C0'. {"history": "Interactive.356", "point": 11, "testname": "Poten", "cornername": "CMOS_VDD_Res_Cap_Temp_9"}
[2026-06-03 11:53:34.958 Z] [WARN] [cadence.virtuoso.ade.simulationMonitor] -     WARNING (CMI-2943): Parameter checks have been ignored because the valid value for parameter 'trise' could not be found in 'C1'. {"history": "Interactive.356", "point": 11, "testname": "Poten", "cornername": "CMOS_VDD_Res_Cap_Temp_9"}
[2026-06-03 11:53:34.958 Z] [WARN] [cadence.virtuoso.ade.simulationMonitor] -     WARNING (CMI-2943): Parameter checks have been ignored because the valid value for parameter 'trise' could not be found in 'C11'. {"history": "Interactive.356", "point": 11, "testname": "Poten", "cornername": "CMOS_VDD_Res_Cap_Temp_9"}
[2026-06-03 11:53:34.958 Z] [WARN] [cadence.virtuoso.ade.simulationMonitor] -     WARNING (CMI-2943): Parameter checks have been ignored because the valid value for parameter 'trise' could not be found in 'C12'. {"history": "Interactive.356", "point": 11, "testname": "Poten", "cornername": "CMOS_VDD_Res_Cap_Temp_9"}
[2026-06-03 11:53:34.958 Z] [WARN] [cadence.virtuoso.ade.simulationMonitor] -     WARNING (CMI-2943): Parameter checks have been ignored because the valid value for parameter 'trise' could not be found in 'C5'.
        Further occurrences of this warning will be suppressed. {"history": "Interactive.356", "point": 11, "testname": "Poten", "cornername": "CMOS_VDD_Res_Cap_Temp_9"}
[2026-06-03 11:53:35.459 Z] [INFO] [cadence.virtuoso.ade.simulationMonitor] - Total time required for dc analysis `dcOp': CPU = 3.59961 s, elapsed = 1.05952 s, util. = 340%. {"history": "Interactive.356", "point": 11, "testname": "Poten", "cornername": "CMOS_VDD_Res_Cap_Temp_9"}
[2026-06-03 11:53:35.459 Z] [INFO] [cadence.virtuoso.ade.simulationMonitor] - Peak resident memory used = 321 Mbytes. {"history": "Interactive.356", "point": 11, "testname": "Poten", "cornername": "CMOS_VDD_Res_Cap_Temp_9"}
[2026-06-03 11:53:35.460 Z] [INFO] [cadence.virtuoso.ade.simulationMonitor] - Notice from spectre.
    1071 warnings suppressed. {"history": "Interactive.356", "point": 11, "testname": "Poten", "cornername": "CMOS_VDD_Res_Cap_Temp_9"}
[2026-06-03 11:53:35.460 Z] [WARN] [cadence.virtuoso.ade.simulationMonitor] -     WARNING (CMI-2425): I7.I0.C0<0>_dummy: `Acde' = 2.393 is unusually large. {"history": "Interactive.356", "point": 11, "testname": "Poten", "cornername": "CMOS_VDD_Res_Cap_Temp_9"}
[2026-06-03 11:53:35.460 Z] [WARN] [cadence.virtuoso.ade.simulationMonitor] -     WARNING (CMI-2425): I7.I0.C0<0>_dummy: `Noff' = 4.732 is unusually large. {"history": "Interactive.356", "point": 11, "testname": "Poten", "cornername": "CMOS_VDD_Res_Cap_Temp_9"}
[2026-06-03 11:53:35.461 Z] [WARN] [cadence.virtuoso.ade.simulationMonitor] -     WARNING (CMI-2424): I7.I0.C0<0>_dummy: `Voffcv' = -867.4e-03 is unusually small. {"history": "Interactive.356", "point": 11, "testname": "Poten", "cornername": "CMOS_VDD_Res_Cap_Temp_9"}
[2026-06-03 11:53:35.461 Z] [WARN] [cadence.virtuoso.ade.simulationMonitor] -     WARNING (CMI-2425): I7.I3.C1<0>_dummy: `Acde' = 2.393 is unusually large. {"history": "Interactive.356", "point": 11, "testname": "Poten", "cornername": "CMOS_VDD_Res_Cap_Temp_9"}
[2026-06-03 11:53:35.461 Z] [WARN] [cadence.virtuoso.ade.simulationMonitor] -     WARNING (CMI-2425): I7.I3.C1<0>_dummy: `Noff' = 4.732 is unusually large. {"history": "Interactive.356", "point": 11, "testname": "Poten", "cornername": "CMOS_VDD_Res_Cap_Temp_9"}
[2026-06-03 11:53:35.461 Z] [WARN] [cadence.virtuoso.ade.simulationMonitor] -     WARNING (CMI-2424): I7.I3.C1<0>_dummy: `Voffcv' = -867.4e-03 is unusually small. {"history": "Interactive.356", "point": 11, "testname": "Poten", "cornername": "CMOS_VDD_Res_Cap_Temp_9"}
[2026-06-03 11:53:35.461 Z] [WARN] [cadence.virtuoso.ade.simulationMonitor] -     WARNING (CMI-2425): I7.I4.C1<0>_dummy: `Acde' = 2.393 is unusually large.
        Further occurrences of this warning will be suppressed. {"history": "Interactive.356", "point": 11, "testname": "Poten", "cornername": "CMOS_VDD_Res_Cap_Temp_9"}
[2026-06-03 11:53:35.462 Z] [WARN] [cadence.virtuoso.ade.simulationMonitor] -     WARNING (CMI-2424): I7.I4.C1<0>_dummy: `Voffcv' = -867.4e-03 is unusually small. {"history": "Interactive.356", "point": 11, "testname": "Poten", "cornername": "CMOS_VDD_Res_Cap_Temp_9"}
[2026-06-03 11:53:35.462 Z] [INFO] [cadence.virtuoso.ade.simulationMonitor] - Notice from spectre.
    1 warning suppressed. {"history": "Interactive.356", "point": 11, "testname": "Poten", "cornername": "CMOS_VDD_Res_Cap_Temp_9"}
[2026-06-03 11:53:35.962 Z] [INFO] [cadence.virtuoso.ade.simulationMonitor] - Notice from spectre during IC analysis, during transient analysis `tran'.
    Bad pivoting is found during DC analysis. Option dc_pivot_check=yes is recommended for possible improvement of convergence. {"history": "Interactive.356", "point": 11, "testname": "Poten", "cornername": "CMOS_VDD_Res_Cap_Temp_9"}
[2026-06-03 11:53:35.963 Z] [WARN] [cadence.virtuoso.ade.simulationMonitor] -     WARNING (CMI-2943): Parameter checks have been ignored because the valid value for parameter 'trise' could not be found in 'C0'. {"history": "Interactive.356", "point": 11, "testname": "Poten", "cornername": "CMOS_VDD_Res_Cap_Temp_9"}
[2026-06-03 11:53:35.963 Z] [WARN] [cadence.virtuoso.ade.simulationMonitor] -     WARNING (CMI-2943): Parameter checks have been ignored because the valid value for parameter 'trise' could not be found in 'C1'. {"history": "Interactive.356", "point": 11, "testname": "Poten", "cornername": "CMOS_VDD_Res_Cap_Temp_9"}
[2026-06-03 11:53:35.963 Z] [WARN] [cadence.virtuoso.ade.simulationMonitor] -     WARNING (CMI-2943): Parameter checks have been ignored because the valid value for parameter 'trise' could not be found in 'C11'. {"history": "Interactive.356", "point": 11, "testname": "Poten", "cornername": "CMOS_VDD_Res_Cap_Temp_9"}
[2026-06-03 11:53:35.964 Z] [WARN] [cadence.virtuoso.ade.simulationMonitor] -     WARNING (CMI-2943): Parameter checks have been ignored because the valid value for parameter 'trise' could not be found in 'C12'. {"history": "Interactive.356", "point": 11, "testname": "Poten", "cornername": "CMOS_VDD_Res_Cap_Temp_9"}
[2026-06-03 11:53:35.964 Z] [WARN] [cadence.virtuoso.ade.simulationMonitor] -     WARNING (CMI-2943): Parameter checks have been ignored because the valid value for parameter 'trise' could not be found in 'C5'.
        Further occurrences of this warning will be suppressed. {"history": "Interactive.356", "point": 11, "testname": "Poten", "cornername": "CMOS_VDD_Res_Cap_Temp_9"}
[2026-06-03 11:53:41.467 Z] [WARN] [cadence.virtuoso.ade.simulationMonitor] -     WARNING (CMI-2425): I7.I0.C0<0>_dummy: `Acde' = 2.393 is unusually large. {"history": "Interactive.356", "point": 11, "testname": "Poten", "cornername": "CMOS_VDD_Res_Cap_Temp_9"}
[2026-06-03 11:53:41.467 Z] [WARN] [cadence.virtuoso.ade.simulationMonitor] -     WARNING (CMI-2425): I7.I0.C0<0>_dummy: `Noff' = 4.732 is unusually large. {"history": "Interactive.356", "point": 11, "testname": "Poten", "cornername": "CMOS_VDD_Res_Cap_Temp_9"}
[2026-06-03 11:53:41.468 Z] [WARN] [cadence.virtuoso.ade.simulationMonitor] -     WARNING (CMI-2424): I7.I0.C0<0>_dummy: `Voffcv' = -867.4e-03 is unusually small. {"history": "Interactive.356", "point": 11, "testname": "Poten", "cornername": "CMOS_VDD_Res_Cap_Temp_9"}
[2026-06-03 11:53:41.468 Z] [WARN] [cadence.virtuoso.ade.simulationMonitor] -     WARNING (CMI-2425): I7.I3.C1<0>_dummy: `Acde' = 2.393 is unusually large. {"history": "Interactive.356", "point": 11, "testname": "Poten", "cornername": "CMOS_VDD_Res_Cap_Temp_9"}
[2026-06-03 11:53:41.469 Z] [WARN] [cadence.virtuoso.ade.simulationMonitor] -     WARNING (CMI-2425): I7.I3.C1<0>_dummy: `Noff' = 4.732 is unusually large. {"history": "Interactive.356", "point": 11, "testname": "Poten", "cornername": "CMOS_VDD_Res_Cap_Temp_9"}
[2026-06-03 11:53:41.469 Z] [WARN] [cadence.virtuoso.ade.simulationMonitor] -     WARNING (CMI-2424): I7.I3.C1<0>_dummy: `Voffcv' = -867.4e-03 is unusually small. {"history": "Interactive.356", "point": 11, "testname": "Poten", "cornername": "CMOS_VDD_Res_Cap_Temp_9"}
[2026-06-03 11:53:41.469 Z] [WARN] [cadence.virtuoso.ade.simulationMonitor] -     WARNING (CMI-2425): I7.I4.C1<0>_dummy: `Acde' = 2.393 is unusually large.
        Further occurrences of this warning will be suppressed. {"history": "Interactive.356", "point": 11, "testname": "Poten", "cornername": "CMOS_VDD_Res_Cap_Temp_9"}
[2026-06-03 11:53:41.470 Z] [WARN] [cadence.virtuoso.ade.simulationMonitor] -     WARNING (CMI-2424): I7.I4.C1<0>_dummy: `Voffcv' = -867.4e-03 is unusually small. {"history": "Interactive.356", "point": 11, "testname": "Poten", "cornername": "CMOS_VDD_Res_Cap_Temp_9"}
[2026-06-03 11:53:41.970 Z] [INFO] [cadence.virtuoso.ade.simulationMonitor] - Notice from spectre at time = 250 ms during transient analysis `tran'.
    1072 warnings suppressed. {"history": "Interactive.356", "point": 11, "testname": "Poten", "cornername": "CMOS_VDD_Res_Cap_Temp_9"}
[2026-06-03 11:54:09.981 Z] [INFO] [cadence.virtuoso.ade.simulationMonitor] - Notice from spectre at time = 600 ms during XF analysis `tran-000_xf', during transient analysis `tran'.
    Operating points will not be recomputed: the circuit and conditions were not changed since previous analysis. {"history": "Interactive.356", "point": 11, "testname": "Poten", "cornername": "CMOS_VDD_Res_Cap_Temp_9"}
[2026-06-03 11:54:27.989 Z] [INFO] [cadence.virtuoso.ade.simulationMonitor] - Total time required for xf analysis `tran-000_xf': CPU = 48.4445 s, elapsed = 18.0297 s, util. = 269%. {"history": "Interactive.356", "point": 11, "testname": "Poten", "cornername": "CMOS_VDD_Res_Cap_Temp_9"}
[2026-06-03 11:54:27.990 Z] [INFO] [cadence.virtuoso.ade.simulationMonitor] - Peak resident memory used = 432 Mbytes. {"history": "Interactive.356", "point": 11, "testname": "Poten", "cornername": "CMOS_VDD_Res_Cap_Temp_9"}
[2026-06-03 11:54:28.491 Z] [INFO] [cadence.virtuoso.ade.simulationMonitor] - Total time required for tran analysis `tran': CPU = 144.854 s (2m  24.9s), elapsed = 53.1291 s, util. = 273%. {"history": "Interactive.356", "point": 11, "testname": "Poten", "cornername": "CMOS_VDD_Res_Cap_Temp_9"}
[2026-06-03 11:54:28.496 Z] [INFO] [cadence.virtuoso.ade.simulationMonitor] - Peak resident memory used = 433 Mbytes. {"history": "Interactive.356", "point": 11, "testname": "Poten", "cornername": "CMOS_VDD_Res_Cap_Temp_9"}
[2026-06-03 11:54:28.497 Z] [WARN] [cadence.virtuoso.ade.simulationMonitor] -     WARNING (CMI-2425): I7.I0.C0<0>_dummy: `Acde' = 2.393 is unusually large. {"history": "Interactive.356", "point": 11, "testname": "Poten", "cornername": "CMOS_VDD_Res_Cap_Temp_9"}
[2026-06-03 11:54:28.497 Z] [WARN] [cadence.virtuoso.ade.simulationMonitor] -     WARNING (CMI-2425): I7.I0.C0<0>_dummy: `Noff' = 4.732 is unusually large. {"history": "Interactive.356", "point": 11, "testname": "Poten", "cornername": "CMOS_VDD_Res_Cap_Temp_9"}
[2026-06-03 11:54:28.498 Z] [WARN] [cadence.virtuoso.ade.simulationMonitor] -     WARNING (CMI-2424): I7.I0.C0<0>_dummy: `Voffcv' = -867.4e-03 is unusually small. {"history": "Interactive.356", "point": 11, "testname": "Poten", "cornername": "CMOS_VDD_Res_Cap_Temp_9"}
[2026-06-03 11:54:28.498 Z] [WARN] [cadence.virtuoso.ade.simulationMonitor] -     WARNING (CMI-2425): I7.I3.C1<0>_dummy: `Acde' = 2.393 is unusually large. {"history": "Interactive.356", "point": 11, "testname": "Poten", "cornername": "CMOS_VDD_Res_Cap_Temp_9"}
[2026-06-03 11:54:28.499 Z] [WARN] [cadence.virtuoso.ade.simulationMonitor] -     WARNING (CMI-2425): I7.I3.C1<0>_dummy: `Noff' = 4.732 is unusually large. {"history": "Interactive.356", "point": 11, "testname": "Poten", "cornername": "CMOS_VDD_Res_Cap_Temp_9"}
[2026-06-03 11:54:28.500 Z] [WARN] [cadence.virtuoso.ade.simulationMonitor] -     WARNING (CMI-2424): I7.I3.C1<0>_dummy: `Voffcv' = -867.4e-03 is unusually small. {"history": "Interactive.356", "point": 11, "testname": "Poten", "cornername": "CMOS_VDD_Res_Cap_Temp_9"}
[2026-06-03 11:54:28.501 Z] [WARN] [cadence.virtuoso.ade.simulationMonitor] -     WARNING (CMI-2425): I7.I4.C1<0>_dummy: `Acde' = 2.393 is unusually large.
        Further occurrences of this warning will be suppressed. {"history": "Interactive.356", "point": 11, "testname": "Poten", "cornername": "CMOS_VDD_Res_Cap_Temp_9"}
[2026-06-03 11:54:28.501 Z] [WARN] [cadence.virtuoso.ade.simulationMonitor] -     WARNING (CMI-2424): I7.I4.C1<0>_dummy: `Voffcv' = -867.4e-03 is unusually small. {"history": "Interactive.356", "point": 11, "testname": "Poten", "cornername": "CMOS_VDD_Res_Cap_Temp_9"}
[2026-06-03 11:54:28.501 Z] [INFO] [cadence.virtuoso.ade.simulationMonitor] - Notice from spectre.
    1 warning suppressed. {"history": "Interactive.356", "point": 11, "testname": "Poten", "cornername": "CMOS_VDD_Res_Cap_Temp_9"}
[2026-06-03 11:54:29.002 Z] [WARN] [cadence.virtuoso.ade.simulationMonitor] -     WARNING (CMI-2425): I7.I1.C0: `Acde' = 2.393 is unusually large. {"history": "Interactive.356", "point": 11, "testname": "Poten", "cornername": "CMOS_VDD_Res_Cap_Temp_9"}
[2026-06-03 11:54:29.003 Z] [WARN] [cadence.virtuoso.ade.simulationMonitor] -     WARNING (CMI-2425): I7.I1.C0: `Noff' = 4.732 is unusually large. {"history": "Interactive.356", "point": 11, "testname": "Poten", "cornername": "CMOS_VDD_Res_Cap_Temp_9"}
[2026-06-03 11:54:29.004 Z] [WARN] [cadence.virtuoso.ade.simulationMonitor] -     WARNING (CMI-2424): I7.I1.C0: `Voffcv' = -867.4e-03 is unusually small. {"history": "Interactive.356", "point": 11, "testname": "Poten", "cornername": "CMOS_VDD_Res_Cap_Temp_9"}
[2026-06-03 11:54:29.004 Z] [WARN] [cadence.virtuoso.ade.simulationMonitor] -     WARNING (CMI-2425): I7.I0.C1: `Acde' = 2.393 is unusually large. {"history": "Interactive.356", "point": 11, "testname": "Poten", "cornername": "CMOS_VDD_Res_Cap_Temp_9"}
[2026-06-03 11:54:29.005 Z] [WARN] [cadence.virtuoso.ade.simulationMonitor] -     WARNING (CMI-2425): I7.I0.C1: `Noff' = 4.732 is unusually large. {"history": "Interactive.356", "point": 11, "testname": "Poten", "cornername": "CMOS_VDD_Res_Cap_Temp_9"}
[2026-06-03 11:54:29.005 Z] [WARN] [cadence.virtuoso.ade.simulationMonitor] -     WARNING (CMI-2424): I7.I0.C1: `Voffcv' = -867.4e-03 is unusually small. {"history": "Interactive.356", "point": 11, "testname": "Poten", "cornername": "CMOS_VDD_Res_Cap_Temp_9"}
[2026-06-03 11:54:29.006 Z] [WARN] [cadence.virtuoso.ade.simulationMonitor] -     WARNING (CMI-2425): I7.I0.C2: `Acde' = 2.393 is unusually large.
        Further occurrences of this warning will be suppressed. {"history": "Interactive.356", "point": 11, "testname": "Poten", "cornername": "CMOS_VDD_Res_Cap_Temp_9"}
[2026-06-03 11:54:29.006 Z] [WARN] [cadence.virtuoso.ade.simulationMonitor] -     WARNING (CMI-2424): I7.I0.C2: `Voffcv' = -867.4e-03 is unusually small. {"history": "Interactive.356", "point": 11, "testname": "Poten", "cornername": "CMOS_VDD_Res_Cap_Temp_9"}
[2026-06-03 11:54:29.007 Z] [WARN] [cadence.virtuoso.ade.simulationMonitor] -     WARNING (CMI-2424): I7.I0.C0<0>_turbo_m6: `Voffcv' = -867.4e-03 is unusually small. {"history": "Interactive.356", "point": 11, "testname": "Poten", "cornername": "CMOS_VDD_Res_Cap_Temp_9"}
[2026-06-03 11:54:29.007 Z] [WARN] [cadence.virtuoso.ade.simulationMonitor] -     WARNING (CMI-2424): I7.I3.C1<0>_turbo_m6: `Voffcv' = -867.4e-03 is unusually small.
        Further occurrences of this warning will be suppressed. {"history": "Interactive.356", "point": 11, "testname": "Poten", "cornername": "CMOS_VDD_Res_Cap_Temp_9"}
[2026-06-03 11:54:36.011 Z] [WARN] [cadence.virtuoso.ade.simulationMonitor] -     WARNING (CMI-2943): Parameter checks have been ignored because the valid value for parameter 'trise' could not be found in 'C0'. {"history": "Interactive.356", "point": 11, "testname": "Poten", "cornername": "CMOS_VDD_Res_Cap_Temp_9"}
[2026-06-03 11:54:36.011 Z] [WARN] [cadence.virtuoso.ade.simulationMonitor] -     WARNING (CMI-2943): Parameter checks have been ignored because the valid value for parameter 'trise' could not be found in 'C1'. {"history": "Interactive.356", "point": 11, "testname": "Poten", "cornername": "CMOS_VDD_Res_Cap_Temp_9"}
[2026-06-03 11:54:36.012 Z] [WARN] [cadence.virtuoso.ade.simulationMonitor] -     WARNING (CMI-2943): Parameter checks have been ignored because the valid value for parameter 'trise' could not be found in 'C11'. {"history": "Interactive.356", "point": 11, "testname": "Poten", "cornername": "CMOS_VDD_Res_Cap_Temp_9"}
[2026-06-03 11:54:36.012 Z] [WARN] [cadence.virtuoso.ade.simulationMonitor] -     WARNING (CMI-2943): Parameter checks have been ignored because the valid value for parameter 'trise' could not be found in 'C12'. {"history": "Interactive.356", "point": 11, "testname": "Poten", "cornername": "CMOS_VDD_Res_Cap_Temp_9"}
[2026-06-03 11:54:36.012 Z] [WARN] [cadence.virtuoso.ade.simulationMonitor] -     WARNING (CMI-2943): Parameter checks have been ignored because the valid value for parameter 'trise' could not be found in 'C5'.
        Further occurrences of this warning will be suppressed. {"history": "Interactive.356", "point": 11, "testname": "Poten", "cornername": "CMOS_VDD_Res_Cap_Temp_9"}
[2026-06-03 11:54:36.013 Z] [INFO] [cadence.virtuoso.ade.simulationMonitor] - Notice from spectre during check, during DC analysis, during Noise analysis `noise'.
    I0.I5.RLIB_GC1 of rdiffp3: `ig' has the unusually large value of -15.4669 A.
    I0.I3.RLIB_GC1 of rdiffp3: `ig' has the unusually large value of -15.4669 A.
    I0.I3.RLIB_GC2 of rdiffp3: `ig' has the unusually large value of -15.4669 A.
    I0.I6.RLIB_GC2 of rdiffp3: `ig' has the unusually large value of -15.4669 A. {"history": "Interactive.356", "point": 11, "testname": "Poten", "cornername": "CMOS_VDD_Res_Cap_Temp_9"}
[2026-06-03 11:54:36.013 Z] [WARN] [cadence.virtuoso.ade.simulationMonitor] -     WARNING (SPECTRE-17192): 
        Tolerance relaxation is used during DC simulation which may affect the accuracy of the result. This is mainly caused by the high impedance nodes in the circuit. Use the dyn_highz check to determine the high impedance nodes. Setting/assigning appropriate initial values to these nodes will usually help to improve both performance and accuracy of DC simulations. {"history": "Interactive.356", "point": 11, "testname": "Poten", "cornername": "CMOS_VDD_Res_Cap_Temp_9"}
[2026-06-03 11:55:59.574 Z] [INFO] [cadence.virtuoso.ade.simulationMonitor] - Total time required for noise analysis `noise': CPU = 384.193 s (6m  24.2s), elapsed = 90.6762 s (1m  30.7s), util. = 424%. {"history": "Interactive.356", "point": 11, "testname": "Poten", "cornername": "CMOS_VDD_Res_Cap_Temp_9"}
[2026-06-03 11:55:59.574 Z] [INFO] [cadence.virtuoso.ade.simulationMonitor] - Peak resident memory used = 733 Mbytes. {"history": "Interactive.356", "point": 11, "testname": "Poten", "cornername": "CMOS_VDD_Res_Cap_Temp_9"}
[2026-06-03 11:55:59.574 Z] [INFO] [cadence.virtuoso.ade.simulationMonitor] - Notice from spectre.
    1088 warnings suppressed. {"history": "Interactive.356", "point": 11, "testname": "Poten", "cornername": "CMOS_VDD_Res_Cap_Temp_9"}
[2026-06-03 11:55:59.575 Z] [WARN] [cadence.virtuoso.ade.simulationMonitor] -     WARNING (CMI-2425): I7.I0.C0<0>_dummy: `Acde' = 2.393 is unusually large. {"history": "Interactive.356", "point": 11, "testname": "Poten", "cornername": "CMOS_VDD_Res_Cap_Temp_9"}
[2026-06-03 11:55:59.575 Z] [WARN] [cadence.virtuoso.ade.simulationMonitor] -     WARNING (CMI-2425): I7.I0.C0<0>_dummy: `Noff' = 4.732 is unusually large. {"history": "Interactive.356", "point": 11, "testname": "Poten", "cornername": "CMOS_VDD_Res_Cap_Temp_9"}
[2026-06-03 11:55:59.575 Z] [WARN] [cadence.virtuoso.ade.simulationMonitor] -     WARNING (CMI-2424): I7.I0.C0<0>_dummy: `Voffcv' = -867.4e-03 is unusually small. {"history": "Interactive.356", "point": 11, "testname": "Poten", "cornername": "CMOS_VDD_Res_Cap_Temp_9"}
[2026-06-03 11:55:59.575 Z] [WARN] [cadence.virtuoso.ade.simulationMonitor] -     WARNING (CMI-2425): I7.I3.C1<0>_dummy: `Acde' = 2.393 is unusually large. {"history": "Interactive.356", "point": 11, "testname": "Poten", "cornername": "CMOS_VDD_Res_Cap_Temp_9"}
[2026-06-03 11:55:59.575 Z] [WARN] [cadence.virtuoso.ade.simulationMonitor] -     WARNING (CMI-2425): I7.I3.C1<0>_dummy: `Noff' = 4.732 is unusually large. {"history": "Interactive.356", "point": 11, "testname": "Poten", "cornername": "CMOS_VDD_Res_Cap_Temp_9"}
[2026-06-03 11:55:59.575 Z] [WARN] [cadence.virtuoso.ade.simulationMonitor] -     WARNING (CMI-2424): I7.I3.C1<0>_dummy: `Voffcv' = -867.4e-03 is unusually small. {"history": "Interactive.356", "point": 11, "testname": "Poten", "cornername": "CMOS_VDD_Res_Cap_Temp_9"}
[2026-06-03 11:55:59.576 Z] [WARN] [cadence.virtuoso.ade.simulationMonitor] -     WARNING (CMI-2425): I7.I4.C1<0>_dummy: `Acde' = 2.393 is unusually large.
        Further occurrences of this warning will be suppressed. {"history": "Interactive.356", "point": 11, "testname": "Poten", "cornername": "CMOS_VDD_Res_Cap_Temp_9"}
[2026-06-03 11:55:59.576 Z] [WARN] [cadence.virtuoso.ade.simulationMonitor] -     WARNING (CMI-2424): I7.I4.C1<0>_dummy: `Voffcv' = -867.4e-03 is unusually small. {"history": "Interactive.356", "point": 11, "testname": "Poten", "cornername": "CMOS_VDD_Res_Cap_Temp_9"}
[2026-06-03 11:55:59.576 Z] [INFO] [cadence.virtuoso.ade.simulationMonitor] - Notice from spectre.
    1 warning suppressed. {"history": "Interactive.356", "point": 11, "testname": "Poten", "cornername": "CMOS_VDD_Res_Cap_Temp_9"}
[2026-06-03 11:56:00.077 Z] [INFO] [cadence.virtuoso.ade.simulationMonitor] - Time used: CPU = 539 s (8m  58.6s), elapsed = 151 s (2m  31.3s), util. = 356%. {"history": "Interactive.356", "point": 11, "testname": "Poten", "cornername": "CMOS_VDD_Res_Cap_Temp_9"}
[2026-06-03 11:56:00.078 Z] [INFO] [cadence.virtuoso.ade.simulationMonitor] - Time spent in licensing: elapsed = 83.7 ms. {"history": "Interactive.356", "point": 11, "testname": "Poten", "cornername": "CMOS_VDD_Res_Cap_Temp_9"}
[2026-06-03 11:56:00.079 Z] [INFO] [cadence.virtuoso.ade.simulationMonitor] - Peak memory used = 733 Mbytes. {"history": "Interactive.356", "point": 11, "testname": "Poten", "cornername": "CMOS_VDD_Res_Cap_Temp_9"}
[2026-06-03 11:56:00.080 Z] [PROCESS] [cadence.virtuoso.ade.simulationMonitor] - Simulation started at: 11:53:28 AM, Wed Jun 3, 2026, ended at: 11:55:59 AM, Wed Jun 3, 2026, with elapsed time (wall clock): 151 s (2m  31.3s). {"history": "Interactive.356", "point": 11, "testname": "Poten", "cornername": "CMOS_VDD_Res_Cap_Temp_9"}
[2026-06-03 11:56:00.080 Z] [PROCESS] [cadence.virtuoso.ade.simulationMonitor] - spectre completes with 0 errors, 112 warnings, and 37 notices. {"history": "Interactive.356", "point": 11, "testname": "Poten", "cornername": "CMOS_VDD_Res_Cap_Temp_9"}
[2026-06-03 11:56:00.080 Z] [PROCESS] [cadence.virtuoso.ade.simulationMonitor] - Finished simulating for one point {"hostname": "il2244vt26_hrahimi", "processid": 2498769, "history": "Interactive.356", "testname": "Poten", "cornername": "CMOS_VDD_Res_Cap_Temp_9", "point": 11, "logfile": "/home/hrahimi/projects/POTENTIOSTAT_26/logs_hrahimi/logs0/Job19.log", "simid": "2"}
[2026-06-03 11:56:00.081 Z] [PROCESS] [cadence.virtuoso.ade.simulationMonitor] - Simulator exited {"hostname": "il2244vt26_hrahimi", "processid": 2498769, "history": "Interactive.356", "testname": "Poten", "cornername": "CMOS_VDD_Res_Cap_Temp_9", "point": 11, "logfile": "/home/hrahimi/projects/POTENTIOSTAT_26/logs_hrahimi/logs0/Job19.log", "exitStatus": "0"}
[2026-06-03 11:56:00.081 Z] [PROCESS] [cadence.virtuoso.ade.simulationMonitor] - Finished Simulation {"hostname": "il2244vt26_hrahimi", "processid": 2498769, "history": "Interactive.356", "testname": "Poten", "cornername": "CMOS_VDD_Res_Cap_Temp_9", "point": 11, "logfile": "/home/hrahimi/projects/POTENTIOSTAT_26/logs_hrahimi/logs0/Job19.log", "simid": "2"}
[2026-06-03 11:56:04.597 Z] [PROCESS] [cadence.virtuoso.ade.simulationMonitor] - Point Finished {"hostname": "il2244vt26_hrahimi", "processid": 2498769, "history": "Interactive.356", "testname": "Poten", "cornername": "CMOS_VDD_Res_Cap_Temp_9", "point": 11, "logfile": "/home/hrahimi/projects/POTENTIOSTAT_26/logs_hrahimi/logs0/Job19.log"}
[2026-06-03 11:56:04.603 Z] [PROCESS] [cadence.virtuoso.ade.simulationMonitor] - HostInfo:
Host name (type):	il2244vt26_hrahimi (x86_64)
Operating system:	Linux 5.15.0-164-generic #174-Ubuntu SMP Fri Nov 14 20:25:16 UTC 2025 {"hostname": "il2244vt26_hrahimi", "processid": 2498769, "history": "Interactive.356", "testname": "Poten", "cornername": "CMOS_VDD_Res_Cap_Temp_9", "point": 11, "logfile": "/home/hrahimi/projects/POTENTIOSTAT_26/logs_hrahimi/logs0/Job19.log", "nodename": "il2244vt26_hrahimi", "domainname": "(none)", "machine": "x86_64", "sysname": "Linux", "release": "5.15.0-164-generic", "version": "#174-Ubuntu SMP Fri Nov 14 20:25:16 UTC 2025"}
[2026-06-03 11:56:04.603 Z] [PROCESS] [cadence.virtuoso.ade.simulationMonitor] - UsageInfo:
pid=2498769
totalPhysicalMemory=3023.749672GB,Used=2710.110222GB,totalVirtualMemory=3031.749668GB,Used=2710.216667GB
Cpu: Cores=48, Load average:49.150000,36.380000,20.300000 {"hostname": "il2244vt26_hrahimi", "processid": 2498769, "history": "Interactive.356", "testname": "Poten", "cornername": "CMOS_VDD_Res_Cap_Temp_9", "point": 11, "logfile": "/home/hrahimi/projects/POTENTIOSTAT_26/logs_hrahimi/logs0/Job19.log", "pid": "2498769", "totalPhysicalMemory": "3023.749672", "physicalMemoryUsed": "2710.110222", "totalVirtualMemory": "3031.749668", "virtualMemoryUsed": "2710.216667", "cpuCores": "48", "processes": "29695", "loadAverage1": "49.150000", "loadAverage5": "36.380000", "loadAverage15": "20.300000", "loadAverage1Percent": "1.023958"}
[2026-06-03 11:56:04.604 Z] [EVENT] [cadence.virtuoso.ade.simulationMonitor] - NewPoint {"history": "Interactive.356", "point": 17, "testname": "Poten", "cornername": "CMOS_VDD_Res_Cap_Temp_15", "event": "NewPoint", "EventSource": "Simulation Monitor", "HistoryName": "Interactive.356", "logFile": "/home/hrahimi/projects/POTENTIOSTAT_26/logs_hrahimi/logs0/Job19.log", "logFileSize": "99272"}
[2026-06-03 11:56:04.707 Z] [EVENT] [cadence.virtuoso.ade.simulationMonitor] - NewPoint {"history": "Interactive.356", "point": 17, "testname": "Poten", "cornername": "CMOS_VDD_Res_Cap_Temp_15", "event": "NewPoint", "EventSource": "spectre", "HistoryName": "Interactive.356", "logFile": "/home/hrahimi/projects/POTENTIOSTAT_26/Sim/Potentiostat_Top/top/maestro/results/maestro/Interactive.356/17/Poten/psf/spectre.out", "logFileSize": "-1"}
[2026-06-03 11:56:04.719 Z] [PROCESS] [cadence.virtuoso.ade.simulationMonitor] - Simulator launched {"hostname": "il2244vt26_hrahimi", "processid": 2498769, "history": "Interactive.356", "testname": "Poten", "cornername": "CMOS_VDD_Res_Cap_Temp_15", "point": 17, "logfile": "/home/hrahimi/projects/POTENTIOSTAT_26/logs_hrahimi/logs0/Job19.log", "simid": "3"}
[2026-06-03 11:56:04.782 Z] [PROCESS] [cadence.virtuoso.ade.simulationMonitor] - Started Simulation {"hostname": "il2244vt26_hrahimi", "processid": 2498769, "history": "Interactive.356", "testname": "Poten", "cornername": "CMOS_VDD_Res_Cap_Temp_15", "point": 17, "logfile": "/home/hrahimi/projects/POTENTIOSTAT_26/logs_hrahimi/logs0/Job19.log", "event": "started", "task": "simulation"}
[2026-06-03 11:56:05.783 Z] [WARN] [cadence.virtuoso.ade.simulationMonitor] -     WARNING (SPECTRE-691): This CPU processor does not support x86 advanced vector extensions instructions. This may affect math operations and slow down the simulation. {"history": "Interactive.356", "point": 17, "testname": "Poten", "cornername": "CMOS_VDD_Res_Cap_Temp_15"}
[2026-06-03 11:56:05.784 Z] [INFO] [cadence.virtuoso.ade.simulationMonitor] - Notice from spectre during circuit read-in.
    Pre_Configuration file used: /opt/tools/cadence/installs/SPECTRE241/tools.lnx86/spectre/etc/configs/preset.precfg
    Configuration file used: `/opt/tools/cadence/installs/SPECTRE241/tools.lnx86/spectre/etc/configs/preset.cfg'. {"history": "Interactive.356", "point": 17, "testname": "Poten", "cornername": "CMOS_VDD_Res_Cap_Temp_15"}
[2026-06-03 11:56:05.784 Z] [WARN] [cadence.virtuoso.ade.simulationMonitor] -     WARNING (SPECTRE-8360): line 1511: `ac' is an undefined primitive device. {"history": "Interactive.356", "point": 17, "testname": "Poten", "cornername": "CMOS_VDD_Res_Cap_Temp_15"}
[2026-06-03 11:56:05.784 Z] [WARN] [cadence.virtuoso.ade.simulationMonitor] -     WARNING (SPECTRE-8360): line 1512: `ac' is an undefined primitive device. {"history": "Interactive.356", "point": 17, "testname": "Poten", "cornername": "CMOS_VDD_Res_Cap_Temp_15"}
[2026-06-03 11:56:05.784 Z] [WARN] [cadence.virtuoso.ade.simulationMonitor] -     WARNING (SPECTRE-8360): line 1513: `ac' is an undefined primitive device. {"history": "Interactive.356", "point": 17, "testname": "Poten", "cornername": "CMOS_VDD_Res_Cap_Temp_15"}
[2026-06-03 11:56:05.785 Z] [WARN] [cadence.virtuoso.ade.simulationMonitor] -     WARNING (SPECTRE-8360): line 1514: `ac' is an undefined primitive device. {"history": "Interactive.356", "point": 17, "testname": "Poten", "cornername": "CMOS_VDD_Res_Cap_Temp_15"}
[2026-06-03 11:56:05.785 Z] [WARN] [cadence.virtuoso.ade.simulationMonitor] -     WARNING (SPECTRE-8360): line 1515: `ac' is an undefined primitive device.
        Further occurrences of this warning will be suppressed. {"history": "Interactive.356", "point": 17, "testname": "Poten", "cornername": "CMOS_VDD_Res_Cap_Temp_15"}
[2026-06-03 11:56:05.785 Z] [WARN] [cadence.virtuoso.ade.simulationMonitor] -     WARNING (VACOMP-2435): The environment variable CDS_AHDLCMI_ENABLE is no longer supported. Therefore, the simulator will use the default compiled C code flow. {"history": "Interactive.356", "point": 17, "testname": "Poten", "cornername": "CMOS_VDD_Res_Cap_Temp_15"}
[2026-06-03 11:56:05.785 Z] [INFO] [cadence.virtuoso.ade.simulationMonitor] - Peak resident memory used = 195 Mbytes. {"history": "Interactive.356", "point": 17, "testname": "Poten", "cornername": "CMOS_VDD_Res_Cap_Temp_15"}
[2026-06-03 11:56:06.285 Z] [WARN] [cadence.virtuoso.ade.simulationMonitor] -     WARNING (SFE-2649): Terminals of top-level instance `R50', in file`netlist', at line 1168, are connected. Remove the instance and rerun the simulation. {"history": "Interactive.356", "point": 17, "testname": "Poten", "cornername": "CMOS_VDD_Res_Cap_Temp_15"}
[2026-06-03 11:56:06.286 Z] [WARN] [cadence.virtuoso.ade.simulationMonitor] -     WARNING (SFE-2649): Terminals of top-level instance `R48', in file`netlist', at line 1211, are connected. Remove the instance and rerun the simulation. {"history": "Interactive.356", "point": 17, "testname": "Poten", "cornername": "CMOS_VDD_Res_Cap_Temp_15"}
[2026-06-03 11:56:06.787 Z] [WARN] [cadence.virtuoso.ade.simulationMonitor] -     WARNING (SFE-3027): The dangling resistor I2.rb144 is removed. {"history": "Interactive.356", "point": 17, "testname": "Poten", "cornername": "CMOS_VDD_Res_Cap_Temp_15"}
[2026-06-03 11:56:06.787 Z] [WARN] [cadence.virtuoso.ade.simulationMonitor] -     WARNING (SFE-3027): The dangling resistor I2.rb241 is removed. {"history": "Interactive.356", "point": 17, "testname": "Poten", "cornername": "CMOS_VDD_Res_Cap_Temp_15"}
[2026-06-03 11:56:06.787 Z] [WARN] [cadence.virtuoso.ade.simulationMonitor] -     WARNING (SFE-3027): The dangling resistor I2.rb613 is removed. {"history": "Interactive.356", "point": 17, "testname": "Poten", "cornername": "CMOS_VDD_Res_Cap_Temp_15"}
[2026-06-03 11:56:06.788 Z] [WARN] [cadence.virtuoso.ade.simulationMonitor] -     WARNING (SFE-3027): The dangling resistor I2.rd794 is removed. {"history": "Interactive.356", "point": 17, "testname": "Poten", "cornername": "CMOS_VDD_Res_Cap_Temp_15"}
[2026-06-03 11:56:06.788 Z] [WARN] [cadence.virtuoso.ade.simulationMonitor] -     WARNING (SFE-3012): The dummy device I0.I16.DLIB9 is removed. {"history": "Interactive.356", "point": 17, "testname": "Poten", "cornername": "CMOS_VDD_Res_Cap_Temp_15"}
[2026-06-03 11:56:06.788 Z] [WARN] [cadence.virtuoso.ade.simulationMonitor] -     WARNING (SFE-3012): The dummy device I0.I15.DLIB9 is removed. {"history": "Interactive.356", "point": 17, "testname": "Poten", "cornername": "CMOS_VDD_Res_Cap_Temp_15"}
[2026-06-03 11:56:06.788 Z] [WARN] [cadence.virtuoso.ade.simulationMonitor] -     WARNING (SFE-3012): The dummy device I0.I0.DLIB6 is removed. {"history": "Interactive.356", "point": 17, "testname": "Poten", "cornername": "CMOS_VDD_Res_Cap_Temp_15"}
[2026-06-03 11:56:06.788 Z] [WARN] [cadence.virtuoso.ade.simulationMonitor] -     WARNING (SFE-3012): The dummy device I7.I2.MP12<0>_turbo_m34 is removed. {"history": "Interactive.356", "point": 17, "testname": "Poten", "cornername": "CMOS_VDD_Res_Cap_Temp_15"}
[2026-06-03 11:56:06.788 Z] [WARN] [cadence.virtuoso.ade.simulationMonitor] -     WARNING (SFE-3012): The dummy device I0.I16.DLIB10 is removed.
        Further occurrences of this warning will be suppressed. {"history": "Interactive.356", "point": 17, "testname": "Poten", "cornername": "CMOS_VDD_Res_Cap_Temp_15"}
[2026-06-03 11:56:06.789 Z] [WARN] [cadence.virtuoso.ade.simulationMonitor] -     WARNING (SFE-3029): The dummy capacitor I7.I0.R3.CS1 is removed. {"history": "Interactive.356", "point": 17, "testname": "Poten", "cornername": "CMOS_VDD_Res_Cap_Temp_15"}
[2026-06-03 11:56:06.789 Z] [WARN] [cadence.virtuoso.ade.simulationMonitor] -     WARNING (SFE-3027): The dangling resistor I2.re2693 is removed.
        Further occurrences of this warning will be suppressed. {"history": "Interactive.356", "point": 17, "testname": "Poten", "cornername": "CMOS_VDD_Res_Cap_Temp_15"}
[2026-06-03 11:56:06.789 Z] [WARN] [cadence.virtuoso.ade.simulationMonitor] -     WARNING (SFE-3029): The dummy capacitor I7.I13_turbo_m5.C0.C1 is removed. {"history": "Interactive.356", "point": 17, "testname": "Poten", "cornername": "CMOS_VDD_Res_Cap_Temp_15"}
[2026-06-03 11:56:06.789 Z] [WARN] [cadence.virtuoso.ade.simulationMonitor] -     WARNING (SFE-3029): The dummy capacitor I7.I10_turbo_m4.C0.C1 is removed. {"history": "Interactive.356", "point": 17, "testname": "Poten", "cornername": "CMOS_VDD_Res_Cap_Temp_15"}
[2026-06-03 11:56:06.789 Z] [WARN] [cadence.virtuoso.ade.simulationMonitor] -     WARNING (SFE-3029): The dummy capacitor I7.I1.R2.CS1 is removed. {"history": "Interactive.356", "point": 17, "testname": "Poten", "cornername": "CMOS_VDD_Res_Cap_Temp_15"}
[2026-06-03 11:56:06.789 Z] [WARN] [cadence.virtuoso.ade.simulationMonitor] -     WARNING (SFE-3028): The floating resistor R8 is removed. {"history": "Interactive.356", "point": 17, "testname": "Poten", "cornername": "CMOS_VDD_Res_Cap_Temp_15"}
[2026-06-03 11:56:06.790 Z] [WARN] [cadence.virtuoso.ade.simulationMonitor] -     WARNING (SFE-3029): The dummy capacitor I7.I4.R31.CS1 is removed.
        Further occurrences of this warning will be suppressed. {"history": "Interactive.356", "point": 17, "testname": "Poten", "cornername": "CMOS_VDD_Res_Cap_Temp_15"}
[2026-06-03 11:56:06.790 Z] [WARN] [cadence.virtuoso.ade.simulationMonitor] -     WARNING (SFE-3015): The dangling node I2.210\:GNDA is removed. {"history": "Interactive.356", "point": 17, "testname": "Poten", "cornername": "CMOS_VDD_Res_Cap_Temp_15"}
[2026-06-03 11:56:06.790 Z] [WARN] [cadence.virtuoso.ade.simulationMonitor] -     WARNING (SFE-3015): The dangling node I2.222\:POT_OUT is removed. {"history": "Interactive.356", "point": 17, "testname": "Poten", "cornername": "CMOS_VDD_Res_Cap_Temp_15"}
[2026-06-03 11:56:06.790 Z] [WARN] [cadence.virtuoso.ade.simulationMonitor] -     WARNING (SFE-3015): The dangling node I2.13\:I25|I35|SN is removed. {"history": "Interactive.356", "point": 17, "testname": "Poten", "cornername": "CMOS_VDD_Res_Cap_Temp_15"}
[2026-06-03 11:56:06.791 Z] [WARN] [cadence.virtuoso.ade.simulationMonitor] -     WARNING (SFE-3015): The dangling node I2.29\:Calib_EN is removed. {"history": "Interactive.356", "point": 17, "testname": "Poten", "cornername": "CMOS_VDD_Res_Cap_Temp_15"}
[2026-06-03 11:56:06.791 Z] [WARN] [cadence.virtuoso.ade.simulationMonitor] -     WARNING (SFE-3015): The dangling node I2.693\:VPI is removed.
        Further occurrences of this warning will be suppressed. {"history": "Interactive.356", "point": 17, "testname": "Poten", "cornername": "CMOS_VDD_Res_Cap_Temp_15"}
[2026-06-03 11:56:06.792 Z] [WARN] [cadence.virtuoso.ade.simulationMonitor] -     WARNING (SFE-3016): The floating node net74 is removed. {"history": "Interactive.356", "point": 17, "testname": "Poten", "cornername": "CMOS_VDD_Res_Cap_Temp_15"}
[2026-06-03 11:56:06.792 Z] [WARN] [cadence.virtuoso.ade.simulationMonitor] -     WARNING (SFE-3016): The floating node net73 is removed. {"history": "Interactive.356", "point": 17, "testname": "Poten", "cornername": "CMOS_VDD_Res_Cap_Temp_15"}
[2026-06-03 11:56:06.792 Z] [INFO] [cadence.virtuoso.ade.simulationMonitor] - Notice from spectre during hierarchy flattening.
    Spectre X Parasitic Optimization enabled.
    Parasitic optimization will filter out parasitic nodes, nodes only connected to RCs, by default. To view individual parasitic nodes use individual save statements (i.e. save out), or use the 'savefilter=none' option to save all parasitic nodes. Saving all parasitic nodes may slow down simulation and create large waveform files. {"history": "Interactive.356", "point": 17, "testname": "Poten", "cornername": "CMOS_VDD_Res_Cap_Temp_15"}
[2026-06-03 11:56:06.792 Z] [INFO] [cadence.virtuoso.ade.simulationMonitor] - Peak resident memory used = 225 Mbytes. {"history": "Interactive.356", "point": 17, "testname": "Poten", "cornername": "CMOS_VDD_Res_Cap_Temp_15"}
[2026-06-03 11:56:06.792 Z] [INFO] [cadence.virtuoso.ade.simulationMonitor] - Notice from spectre during hierarchy flattening.
    The value 'psf' specified for the 'checklimitdest' option will no longer be supported in future releases. Use 'spectre -h' to see other recommended values for the 'checklimitdest' option.
    I0.I46.RLIB_GC1.CS0 of rpoly1c: `c' has the unusually small value of 634.694e-21 F.
    I0.I46.RLIB_GC1.CS1 of rpoly1c: `c' has the unusually small value of 634.694e-21 F.
    I0.I45.RLIB_GC1.CS0 of rpoly1c: `c' has the unusually small value of 634.694e-21 F.
    I0... {"history": "Interactive.356", "point": 17, "testname": "Poten", "cornername": "CMOS_VDD_Res_Cap_Temp_15"}
[2026-06-03 11:56:06.793 Z] [INFO] [cadence.virtuoso.ade.simulationMonitor] - Notice from spectre during hierarchy flattening.
    V8: `period' has the unusually large value of 100 s.
    V7: `period' has the unusually large value of 10 s.
    V3: `period' has the unusually large value of 6 s.
    I26: `period' has the unusually large value of 6 s. {"history": "Interactive.356", "point": 17, "testname": "Poten", "cornername": "CMOS_VDD_Res_Cap_Temp_15"}
[2026-06-03 11:56:06.793 Z] [INFO] [cadence.virtuoso.ade.simulationMonitor] - Peak resident memory used = 235 Mbytes. {"history": "Interactive.356", "point": 17, "testname": "Poten", "cornername": "CMOS_VDD_Res_Cap_Temp_15"}
[2026-06-03 11:56:06.793 Z] [WARN] [cadence.virtuoso.ade.simulationMonitor] -     WARNING (CMI-2425): I2.I56|C3: `Acde' = 2.393 is unusually large. {"history": "Interactive.356", "point": 17, "testname": "Poten", "cornername": "CMOS_VDD_Res_Cap_Temp_15"}
[2026-06-03 11:56:06.793 Z] [WARN] [cadence.virtuoso.ade.simulationMonitor] -     WARNING (CMI-2425): I2.I56|C3: `Noff' = 4.732 is unusually large. {"history": "Interactive.356", "point": 17, "testname": "Poten", "cornername": "CMOS_VDD_Res_Cap_Temp_15"}
[2026-06-03 11:56:06.793 Z] [WARN] [cadence.virtuoso.ade.simulationMonitor] -     WARNING (CMI-2424): I2.I56|C3: `Voffcv' = -867.4e-03 is unusually small. {"history": "Interactive.356", "point": 17, "testname": "Poten", "cornername": "CMOS_VDD_Res_Cap_Temp_15"}
[2026-06-03 11:56:06.794 Z] [WARN] [cadence.virtuoso.ade.simulationMonitor] -     WARNING (CMI-2425): I2.I56|C4: `Acde' = 2.393 is unusually large. {"history": "Interactive.356", "point": 17, "testname": "Poten", "cornername": "CMOS_VDD_Res_Cap_Temp_15"}
[2026-06-03 11:56:06.794 Z] [WARN] [cadence.virtuoso.ade.simulationMonitor] -     WARNING (CMI-2425): I2.I56|C4: `Noff' = 4.732 is unusually large. {"history": "Interactive.356", "point": 17, "testname": "Poten", "cornername": "CMOS_VDD_Res_Cap_Temp_15"}
[2026-06-03 11:56:06.794 Z] [WARN] [cadence.virtuoso.ade.simulationMonitor] -     WARNING (CMI-2424): I2.I56|C4: `Voffcv' = -867.4e-03 is unusually small. {"history": "Interactive.356", "point": 17, "testname": "Poten", "cornername": "CMOS_VDD_Res_Cap_Temp_15"}
[2026-06-03 11:56:06.795 Z] [WARN] [cadence.virtuoso.ade.simulationMonitor] -     WARNING (CMI-2425): I2.I56|C5: `Acde' = 2.393 is unusually large.
        Further occurrences of this warning will be suppressed. {"history": "Interactive.356", "point": 17, "testname": "Poten", "cornername": "CMOS_VDD_Res_Cap_Temp_15"}
[2026-06-03 11:56:06.795 Z] [WARN] [cadence.virtuoso.ade.simulationMonitor] -     WARNING (CMI-2424): I2.I56|C5: `Voffcv' = -867.4e-03 is unusually small. {"history": "Interactive.356", "point": 17, "testname": "Poten", "cornername": "CMOS_VDD_Res_Cap_Temp_15"}
[2026-06-03 11:56:06.795 Z] [WARN] [cadence.virtuoso.ade.simulationMonitor] -     WARNING (CMI-2424): I7.I4.C1<0>_turbo_m11: `Voffcv' = -867.4e-03 is unusually small. {"history": "Interactive.356", "point": 17, "testname": "Poten", "cornername": "CMOS_VDD_Res_Cap_Temp_15"}
[2026-06-03 11:56:06.795 Z] [WARN] [cadence.virtuoso.ade.simulationMonitor] -     WARNING (CMI-2424): I7.I3.C1<0>_turbo_m6: `Voffcv' = -867.4e-03 is unusually small.
        Further occurrences of this warning will be suppressed. {"history": "Interactive.356", "point": 17, "testname": "Poten", "cornername": "CMOS_VDD_Res_Cap_Temp_15"}
[2026-06-03 11:56:07.796 Z] [WARN] [cadence.virtuoso.ade.simulationMonitor] -     WARNING (SPECTRE-16460): SOAC_esdgcp5_vcpsub:Specified subcircuit master `esdgcp5' was not found. {"history": "Interactive.356", "point": 17, "testname": "Poten", "cornername": "CMOS_VDD_Res_Cap_Temp_15"}
[2026-06-03 11:56:07.797 Z] [WARN] [cadence.virtuoso.ade.simulationMonitor] -     WARNING (SPECTRE-16462): SOAC_esdgcp5_vcpsub:Error in specification of subcircuit master. Assert is ignored. {"history": "Interactive.356", "point": 17, "testname": "Poten", "cornername": "CMOS_VDD_Res_Cap_Temp_15"}
[2026-06-03 11:56:07.797 Z] [WARN] [cadence.virtuoso.ade.simulationMonitor] -     WARNING (SPECTRE-16460): SOAC_esdgcp5_vac:Specified subcircuit master `esdgcp5' was not found. {"history": "Interactive.356", "point": 17, "testname": "Poten", "cornername": "CMOS_VDD_Res_Cap_Temp_15"}
[2026-06-03 11:56:07.797 Z] [WARN] [cadence.virtuoso.ade.simulationMonitor] -     WARNING (SPECTRE-16462): SOAC_esdgcp5_vac:Error in specification of subcircuit master. Assert is ignored. {"history": "Interactive.356", "point": 17, "testname": "Poten", "cornername": "CMOS_VDD_Res_Cap_Temp_15"}
[2026-06-03 11:56:07.797 Z] [WARN] [cadence.virtuoso.ade.simulationMonitor] -     WARNING (SPECTRE-16460): SOAC_esdgcn5_vac:Specified subcircuit master `esdgcn5' was not found. {"history": "Interactive.356", "point": 17, "testname": "Poten", "cornername": "CMOS_VDD_Res_Cap_Temp_15"}
[2026-06-03 11:56:07.797 Z] [WARN] [cadence.virtuoso.ade.simulationMonitor] -     WARNING (SPECTRE-16462): SOAC_esdgcn5_vac:Error in specification of subcircuit master. Assert is ignored. {"history": "Interactive.356", "point": 17, "testname": "Poten", "cornername": "CMOS_VDD_Res_Cap_Temp_15"}
[2026-06-03 11:56:07.797 Z] [WARN] [cadence.virtuoso.ade.simulationMonitor] -     WARNING (SPECTRE-16460): SOAC_esdfdp5_vcpsub:Specified subcircuit master `esdfdp5' was not found. {"history": "Interactive.356", "point": 17, "testname": "Poten", "cornername": "CMOS_VDD_Res_Cap_Temp_15"}
[2026-06-03 11:56:07.798 Z] [WARN] [cadence.virtuoso.ade.simulationMonitor] -     WARNING (SPECTRE-16462): SOAC_esdfdp5_vcpsub:Error in specification of subcircuit master. Assert is ignored. {"history": "Interactive.356", "point": 17, "testname": "Poten", "cornername": "CMOS_VDD_Res_Cap_Temp_15"}
[2026-06-03 11:56:07.798 Z] [WARN] [cadence.virtuoso.ade.simulationMonitor] -     WARNING (SPECTRE-16460): SOAC_esdfdp5_vac:Specified subcircuit master `esdfdp5' was not found.
        Further occurrences of this warning will be suppressed. {"history": "Interactive.356", "point": 17, "testname": "Poten", "cornername": "CMOS_VDD_Res_Cap_Temp_15"}
[2026-06-03 11:56:07.798 Z] [WARN] [cadence.virtuoso.ade.simulationMonitor] -     WARNING (SPECTRE-16462): SOAC_esdfdp5_vac:Error in specification of subcircuit master. Assert is ignored.
        Further occurrences of this warning will be suppressed. {"history": "Interactive.356", "point": 17, "testname": "Poten", "cornername": "CMOS_VDD_Res_Cap_Temp_15"}
[2026-06-03 11:56:07.798 Z] [WARN] [cadence.virtuoso.ade.simulationMonitor] -     WARNING (SPECTRE-17607): Assert `SOAC_vert10_vsubpsub' is ignored because it contains an expression which is invalid or not supported by native evaluator.  {"history": "Interactive.356", "point": 17, "testname": "Poten", "cornername": "CMOS_VDD_Res_Cap_Temp_15"}
[2026-06-03 11:56:07.798 Z] [WARN] [cadence.virtuoso.ade.simulationMonitor] -     WARNING (SPECTRE-17607): Assert `SOAC_vert10_vcsub' is ignored because it contains an expression which is invalid or not supported by native evaluator.  {"history": "Interactive.356", "point": 17, "testname": "Poten", "cornername": "CMOS_VDD_Res_Cap_Temp_15"}
[2026-06-03 11:56:08.299 Z] [INFO] [cadence.virtuoso.ade.simulationMonitor] - Notice from spectre during topology check.
    Only one connection to the following 1898 nodes:
        I0.I46.RLIB_GC1.R1.psub!
        I0.I46.RLIB_GC1.R2.psub!
        I0.I46.MNLIB_DR1.M_esdnmos4.psub!
        I0.I46.DLIB2.psub!
        I0.I46.DLIB1.psub!
        Further occurrences of this notice will be suppressed. {"history": "Interactive.356", "point": 17, "testname": "Poten", "cornername": "CMOS_VDD_Res_Cap_Temp_15"}
[2026-06-03 11:56:11.303 Z] [INFO] [cadence.virtuoso.ade.simulationMonitor] -               nodes 15748 {"history": "Interactive.356", "point": 17, "testname": "Poten", "cornername": "CMOS_VDD_Res_Cap_Temp_15"}
[2026-06-03 11:56:11.303 Z] [INFO] [cadence.virtuoso.ade.simulationMonitor] - Notice from spectre during initial setup.
    7 resistors are shorted because their absolute value is less than or equal to 'rabsshort'.
    3 vsources are shorted because their absolute value is less than or equal to 'vabsshort'.
    4 resistors are changed to resistance form because their value are less than 'rthresh'.
    Spectre X preset=cx enabled.
    44 notices suppressed.
    138 warnings suppressed. {"history": "Interactive.356", "point": 17, "testname": "Poten", "cornername": "CMOS_VDD_Res_Cap_Temp_15"}
[2026-06-03 11:56:11.304 Z] [INFO] [cadence.virtuoso.ade.simulationMonitor] - Notice from spectre.
    Multithreading enabled: 8 threads in the system with 48 available processors. {"history": "Interactive.356", "point": 17, "testname": "Poten", "cornername": "CMOS_VDD_Res_Cap_Temp_15"}
[2026-06-03 11:56:11.304 Z] [INFO] [cadence.virtuoso.ade.simulationMonitor] - Peak resident memory used = 295 Mbytes. {"history": "Interactive.356", "point": 17, "testname": "Poten", "cornername": "CMOS_VDD_Res_Cap_Temp_15"}
[2026-06-03 11:56:11.304 Z] [INFO] [cadence.virtuoso.ade.simulationMonitor] -    -   (Spectre X) Multi-threading. The recommended number of threads is [4, 8], consider adding +mt=4 or +mt=8 on command line. {"history": "Interactive.356", "point": 17, "testname": "Poten", "cornername": "CMOS_VDD_Res_Cap_Temp_15"}
[2026-06-03 11:56:11.305 Z] [INFO] [cadence.virtuoso.ade.simulationMonitor] - Notice from spectre during DC analysis `dcOp'.
    No checklimit analysis defined for asserts. A default checklimit analysis 'SpectreChecklimitAnal' has been created with all asserts enabled. {"history": "Interactive.356", "point": 17, "testname": "Poten", "cornername": "CMOS_VDD_Res_Cap_Temp_15"}
[2026-06-03 11:56:11.805 Z] [INFO] [cadence.virtuoso.ade.simulationMonitor] - Notice from spectre during DC analysis `dcOp'.
    Bad pivoting is found during DC analysis. Option dc_pivot_check=yes is recommended for possible improvement of convergence. {"history": "Interactive.356", "point": 17, "testname": "Poten", "cornername": "CMOS_VDD_Res_Cap_Temp_15"}
[2026-06-03 11:56:11.806 Z] [WARN] [cadence.virtuoso.ade.simulationMonitor] -     WARNING (CMI-2943): Parameter checks have been ignored because the valid value for parameter 'trise' could not be found in 'C0'. {"history": "Interactive.356", "point": 17, "testname": "Poten", "cornername": "CMOS_VDD_Res_Cap_Temp_15"}
[2026-06-03 11:56:11.806 Z] [WARN] [cadence.virtuoso.ade.simulationMonitor] -     WARNING (CMI-2943): Parameter checks have been ignored because the valid value for parameter 'trise' could not be found in 'C1'. {"history": "Interactive.356", "point": 17, "testname": "Poten", "cornername": "CMOS_VDD_Res_Cap_Temp_15"}
[2026-06-03 11:56:11.806 Z] [WARN] [cadence.virtuoso.ade.simulationMonitor] -     WARNING (CMI-2943): Parameter checks have been ignored because the valid value for parameter 'trise' could not be found in 'C11'. {"history": "Interactive.356", "point": 17, "testname": "Poten", "cornername": "CMOS_VDD_Res_Cap_Temp_15"}
[2026-06-03 11:56:11.806 Z] [WARN] [cadence.virtuoso.ade.simulationMonitor] -     WARNING (CMI-2943): Parameter checks have been ignored because the valid value for parameter 'trise' could not be found in 'C12'. {"history": "Interactive.356", "point": 17, "testname": "Poten", "cornername": "CMOS_VDD_Res_Cap_Temp_15"}
[2026-06-03 11:56:11.806 Z] [WARN] [cadence.virtuoso.ade.simulationMonitor] -     WARNING (CMI-2943): Parameter checks have been ignored because the valid value for parameter 'trise' could not be found in 'C5'.
        Further occurrences of this warning will be suppressed. {"history": "Interactive.356", "point": 17, "testname": "Poten", "cornername": "CMOS_VDD_Res_Cap_Temp_15"}
[2026-06-03 11:56:12.307 Z] [INFO] [cadence.virtuoso.ade.simulationMonitor] - Total time required for dc analysis `dcOp': CPU = 3.9945 s, elapsed = 979.735 ms, util. = 408%. {"history": "Interactive.356", "point": 17, "testname": "Poten", "cornername": "CMOS_VDD_Res_Cap_Temp_15"}
[2026-06-03 11:56:12.307 Z] [INFO] [cadence.virtuoso.ade.simulationMonitor] - Peak resident memory used = 322 Mbytes. {"history": "Interactive.356", "point": 17, "testname": "Poten", "cornername": "CMOS_VDD_Res_Cap_Temp_15"}
[2026-06-03 11:56:12.307 Z] [INFO] [cadence.virtuoso.ade.simulationMonitor] - Notice from spectre.
    1071 warnings suppressed. {"history": "Interactive.356", "point": 17, "testname": "Poten", "cornername": "CMOS_VDD_Res_Cap_Temp_15"}
[2026-06-03 11:56:12.308 Z] [WARN] [cadence.virtuoso.ade.simulationMonitor] -     WARNING (CMI-2425): I7.I0.C0<0>_dummy: `Acde' = 2.393 is unusually large. {"history": "Interactive.356", "point": 17, "testname": "Poten", "cornername": "CMOS_VDD_Res_Cap_Temp_15"}
[2026-06-03 11:56:12.308 Z] [WARN] [cadence.virtuoso.ade.simulationMonitor] -     WARNING (CMI-2425): I7.I0.C0<0>_dummy: `Noff' = 4.732 is unusually large. {"history": "Interactive.356", "point": 17, "testname": "Poten", "cornername": "CMOS_VDD_Res_Cap_Temp_15"}
[2026-06-03 11:56:12.308 Z] [WARN] [cadence.virtuoso.ade.simulationMonitor] -     WARNING (CMI-2424): I7.I0.C0<0>_dummy: `Voffcv' = -867.4e-03 is unusually small. {"history": "Interactive.356", "point": 17, "testname": "Poten", "cornername": "CMOS_VDD_Res_Cap_Temp_15"}
[2026-06-03 11:56:12.308 Z] [WARN] [cadence.virtuoso.ade.simulationMonitor] -     WARNING (CMI-2425): I7.I3.C1<0>_dummy: `Acde' = 2.393 is unusually large. {"history": "Interactive.356", "point": 17, "testname": "Poten", "cornername": "CMOS_VDD_Res_Cap_Temp_15"}
[2026-06-03 11:56:12.308 Z] [WARN] [cadence.virtuoso.ade.simulationMonitor] -     WARNING (CMI-2425): I7.I3.C1<0>_dummy: `Noff' = 4.732 is unusually large. {"history": "Interactive.356", "point": 17, "testname": "Poten", "cornername": "CMOS_VDD_Res_Cap_Temp_15"}
[2026-06-03 11:56:12.308 Z] [WARN] [cadence.virtuoso.ade.simulationMonitor] -     WARNING (CMI-2424): I7.I3.C1<0>_dummy: `Voffcv' = -867.4e-03 is unusually small. {"history": "Interactive.356", "point": 17, "testname": "Poten", "cornername": "CMOS_VDD_Res_Cap_Temp_15"}
[2026-06-03 11:56:12.309 Z] [WARN] [cadence.virtuoso.ade.simulationMonitor] -     WARNING (CMI-2425): I7.I4.C1<0>_dummy: `Acde' = 2.393 is unusually large.
        Further occurrences of this warning will be suppressed. {"history": "Interactive.356", "point": 17, "testname": "Poten", "cornername": "CMOS_VDD_Res_Cap_Temp_15"}
[2026-06-03 11:56:12.309 Z] [WARN] [cadence.virtuoso.ade.simulationMonitor] -     WARNING (CMI-2424): I7.I4.C1<0>_dummy: `Voffcv' = -867.4e-03 is unusually small. {"history": "Interactive.356", "point": 17, "testname": "Poten", "cornername": "CMOS_VDD_Res_Cap_Temp_15"}
[2026-06-03 11:56:12.309 Z] [INFO] [cadence.virtuoso.ade.simulationMonitor] - Notice from spectre.
    1 warning suppressed. {"history": "Interactive.356", "point": 17, "testname": "Poten", "cornername": "CMOS_VDD_Res_Cap_Temp_15"}
[2026-06-03 11:56:12.809 Z] [INFO] [cadence.virtuoso.ade.simulationMonitor] - Notice from spectre during IC analysis, during transient analysis `tran'.
    Bad pivoting is found during DC analysis. Option dc_pivot_check=yes is recommended for possible improvement of convergence. {"history": "Interactive.356", "point": 17, "testname": "Poten", "cornername": "CMOS_VDD_Res_Cap_Temp_15"}
[2026-06-03 11:56:12.810 Z] [WARN] [cadence.virtuoso.ade.simulationMonitor] -     WARNING (CMI-2943): Parameter checks have been ignored because the valid value for parameter 'trise' could not be found in 'C0'. {"history": "Interactive.356", "point": 17, "testname": "Poten", "cornername": "CMOS_VDD_Res_Cap_Temp_15"}
[2026-06-03 11:56:12.810 Z] [WARN] [cadence.virtuoso.ade.simulationMonitor] -     WARNING (CMI-2943): Parameter checks have been ignored because the valid value for parameter 'trise' could not be found in 'C1'. {"history": "Interactive.356", "point": 17, "testname": "Poten", "cornername": "CMOS_VDD_Res_Cap_Temp_15"}
[2026-06-03 11:56:12.810 Z] [WARN] [cadence.virtuoso.ade.simulationMonitor] -     WARNING (CMI-2943): Parameter checks have been ignored because the valid value for parameter 'trise' could not be found in 'C11'. {"history": "Interactive.356", "point": 17, "testname": "Poten", "cornername": "CMOS_VDD_Res_Cap_Temp_15"}
[2026-06-03 11:56:12.810 Z] [WARN] [cadence.virtuoso.ade.simulationMonitor] -     WARNING (CMI-2943): Parameter checks have been ignored because the valid value for parameter 'trise' could not be found in 'C12'. {"history": "Interactive.356", "point": 17, "testname": "Poten", "cornername": "CMOS_VDD_Res_Cap_Temp_15"}
[2026-06-03 11:56:12.811 Z] [WARN] [cadence.virtuoso.ade.simulationMonitor] -     WARNING (CMI-2943): Parameter checks have been ignored because the valid value for parameter 'trise' could not be found in 'C5'.
        Further occurrences of this warning will be suppressed. {"history": "Interactive.356", "point": 17, "testname": "Poten", "cornername": "CMOS_VDD_Res_Cap_Temp_15"}
[2026-06-03 11:56:19.314 Z] [WARN] [cadence.virtuoso.ade.simulationMonitor] -     WARNING (CMI-2425): I7.I0.C0<0>_dummy: `Acde' = 2.393 is unusually large. {"history": "Interactive.356", "point": 17, "testname": "Poten", "cornername": "CMOS_VDD_Res_Cap_Temp_15"}
[2026-06-03 11:56:19.318 Z] [WARN] [cadence.virtuoso.ade.simulationMonitor] -     WARNING (CMI-2425): I7.I0.C0<0>_dummy: `Noff' = 4.732 is unusually large. {"history": "Interactive.356", "point": 17, "testname": "Poten", "cornername": "CMOS_VDD_Res_Cap_Temp_15"}
[2026-06-03 11:56:19.319 Z] [WARN] [cadence.virtuoso.ade.simulationMonitor] -     WARNING (CMI-2424): I7.I0.C0<0>_dummy: `Voffcv' = -867.4e-03 is unusually small. {"history": "Interactive.356", "point": 17, "testname": "Poten", "cornername": "CMOS_VDD_Res_Cap_Temp_15"}
[2026-06-03 11:56:19.320 Z] [WARN] [cadence.virtuoso.ade.simulationMonitor] -     WARNING (CMI-2425): I7.I3.C1<0>_dummy: `Acde' = 2.393 is unusually large. {"history": "Interactive.356", "point": 17, "testname": "Poten", "cornername": "CMOS_VDD_Res_Cap_Temp_15"}
[2026-06-03 11:56:19.321 Z] [WARN] [cadence.virtuoso.ade.simulationMonitor] -     WARNING (CMI-2425): I7.I3.C1<0>_dummy: `Noff' = 4.732 is unusually large. {"history": "Interactive.356", "point": 17, "testname": "Poten", "cornername": "CMOS_VDD_Res_Cap_Temp_15"}
[2026-06-03 11:56:19.321 Z] [WARN] [cadence.virtuoso.ade.simulationMonitor] -     WARNING (CMI-2424): I7.I3.C1<0>_dummy: `Voffcv' = -867.4e-03 is unusually small. {"history": "Interactive.356", "point": 17, "testname": "Poten", "cornername": "CMOS_VDD_Res_Cap_Temp_15"}
[2026-06-03 11:56:19.322 Z] [WARN] [cadence.virtuoso.ade.simulationMonitor] -     WARNING (CMI-2425): I7.I4.C1<0>_dummy: `Acde' = 2.393 is unusually large.
        Further occurrences of this warning will be suppressed. {"history": "Interactive.356", "point": 17, "testname": "Poten", "cornername": "CMOS_VDD_Res_Cap_Temp_15"}
[2026-06-03 11:56:19.322 Z] [WARN] [cadence.virtuoso.ade.simulationMonitor] -     WARNING (CMI-2424): I7.I4.C1<0>_dummy: `Voffcv' = -867.4e-03 is unusually small. {"history": "Interactive.356", "point": 17, "testname": "Poten", "cornername": "CMOS_VDD_Res_Cap_Temp_15"}
[2026-06-03 11:56:19.823 Z] [INFO] [cadence.virtuoso.ade.simulationMonitor] - Notice from spectre at time = 250 ms during transient analysis `tran'.
    1072 warnings suppressed. {"history": "Interactive.356", "point": 17, "testname": "Poten", "cornername": "CMOS_VDD_Res_Cap_Temp_15"}
[2026-06-03 11:56:36.834 Z] [INFO] [cadence.virtuoso.ade.simulationMonitor] - Notice from spectre at time = 600 ms during XF analysis `tran-000_xf', during transient analysis `tran'.
    Operating points will not be recomputed: the circuit and conditions were not changed since previous analysis. {"history": "Interactive.356", "point": 17, "testname": "Poten", "cornername": "CMOS_VDD_Res_Cap_Temp_15"}
[2026-06-03 11:56:45.340 Z] [INFO] [cadence.virtuoso.ade.simulationMonitor] - Total time required for xf analysis `tran-000_xf': CPU = 48.6003 s, elapsed = 8.77062 s, util. = 554%. {"history": "Interactive.356", "point": 17, "testname": "Poten", "cornername": "CMOS_VDD_Res_Cap_Temp_15"}
[2026-06-03 11:56:45.340 Z] [INFO] [cadence.virtuoso.ade.simulationMonitor] - Peak resident memory used = 431 Mbytes. {"history": "Interactive.356", "point": 17, "testname": "Poten", "cornername": "CMOS_VDD_Res_Cap_Temp_15"}
[2026-06-03 11:56:45.841 Z] [INFO] [cadence.virtuoso.ade.simulationMonitor] - Total time required for tran analysis `tran': CPU = 146.034 s (2m  26.0s), elapsed = 33.434 s, util. = 437%. {"history": "Interactive.356", "point": 17, "testname": "Poten", "cornername": "CMOS_VDD_Res_Cap_Temp_15"}
[2026-06-03 11:56:45.841 Z] [INFO] [cadence.virtuoso.ade.simulationMonitor] - Peak resident memory used = 431 Mbytes. {"history": "Interactive.356", "point": 17, "testname": "Poten", "cornername": "CMOS_VDD_Res_Cap_Temp_15"}
[2026-06-03 11:56:45.842 Z] [WARN] [cadence.virtuoso.ade.simulationMonitor] -     WARNING (CMI-2425): I7.I0.C0<0>_dummy: `Acde' = 2.393 is unusually large. {"history": "Interactive.356", "point": 17, "testname": "Poten", "cornername": "CMOS_VDD_Res_Cap_Temp_15"}
[2026-06-03 11:56:45.842 Z] [WARN] [cadence.virtuoso.ade.simulationMonitor] -     WARNING (CMI-2425): I7.I0.C0<0>_dummy: `Noff' = 4.732 is unusually large. {"history": "Interactive.356", "point": 17, "testname": "Poten", "cornername": "CMOS_VDD_Res_Cap_Temp_15"}
[2026-06-03 11:56:45.842 Z] [WARN] [cadence.virtuoso.ade.simulationMonitor] -     WARNING (CMI-2424): I7.I0.C0<0>_dummy: `Voffcv' = -867.4e-03 is unusually small. {"history": "Interactive.356", "point": 17, "testname": "Poten", "cornername": "CMOS_VDD_Res_Cap_Temp_15"}
[2026-06-03 11:56:45.842 Z] [WARN] [cadence.virtuoso.ade.simulationMonitor] -     WARNING (CMI-2425): I7.I3.C1<0>_dummy: `Acde' = 2.393 is unusually large. {"history": "Interactive.356", "point": 17, "testname": "Poten", "cornername": "CMOS_VDD_Res_Cap_Temp_15"}
[2026-06-03 11:56:45.843 Z] [WARN] [cadence.virtuoso.ade.simulationMonitor] -     WARNING (CMI-2425): I7.I3.C1<0>_dummy: `Noff' = 4.732 is unusually large. {"history": "Interactive.356", "point": 17, "testname": "Poten", "cornername": "CMOS_VDD_Res_Cap_Temp_15"}
[2026-06-03 11:56:45.843 Z] [WARN] [cadence.virtuoso.ade.simulationMonitor] -     WARNING (CMI-2424): I7.I3.C1<0>_dummy: `Voffcv' = -867.4e-03 is unusually small. {"history": "Interactive.356", "point": 17, "testname": "Poten", "cornername": "CMOS_VDD_Res_Cap_Temp_15"}
[2026-06-03 11:56:45.843 Z] [WARN] [cadence.virtuoso.ade.simulationMonitor] -     WARNING (CMI-2425): I7.I4.C1<0>_dummy: `Acde' = 2.393 is unusually large.
        Further occurrences of this warning will be suppressed. {"history": "Interactive.356", "point": 17, "testname": "Poten", "cornername": "CMOS_VDD_Res_Cap_Temp_15"}
[2026-06-03 11:56:45.843 Z] [WARN] [cadence.virtuoso.ade.simulationMonitor] -     WARNING (CMI-2424): I7.I4.C1<0>_dummy: `Voffcv' = -867.4e-03 is unusually small. {"history": "Interactive.356", "point": 17, "testname": "Poten", "cornername": "CMOS_VDD_Res_Cap_Temp_15"}
[2026-06-03 11:56:45.843 Z] [INFO] [cadence.virtuoso.ade.simulationMonitor] - Notice from spectre.
    1 warning suppressed. {"history": "Interactive.356", "point": 17, "testname": "Poten", "cornername": "CMOS_VDD_Res_Cap_Temp_15"}
[2026-06-03 11:56:46.344 Z] [WARN] [cadence.virtuoso.ade.simulationMonitor] -     WARNING (CMI-2425): I7.I1.C0: `Acde' = 2.393 is unusually large. {"history": "Interactive.356", "point": 17, "testname": "Poten", "cornername": "CMOS_VDD_Res_Cap_Temp_15"}
[2026-06-03 11:56:46.344 Z] [WARN] [cadence.virtuoso.ade.simulationMonitor] -     WARNING (CMI-2425): I7.I1.C0: `Noff' = 4.732 is unusually large. {"history": "Interactive.356", "point": 17, "testname": "Poten", "cornername": "CMOS_VDD_Res_Cap_Temp_15"}
[2026-06-03 11:56:46.345 Z] [WARN] [cadence.virtuoso.ade.simulationMonitor] -     WARNING (CMI-2424): I7.I1.C0: `Voffcv' = -867.4e-03 is unusually small. {"history": "Interactive.356", "point": 17, "testname": "Poten", "cornername": "CMOS_VDD_Res_Cap_Temp_15"}
[2026-06-03 11:56:46.345 Z] [WARN] [cadence.virtuoso.ade.simulationMonitor] -     WARNING (CMI-2425): I7.I0.C1: `Acde' = 2.393 is unusually large. {"history": "Interactive.356", "point": 17, "testname": "Poten", "cornername": "CMOS_VDD_Res_Cap_Temp_15"}
[2026-06-03 11:56:46.345 Z] [WARN] [cadence.virtuoso.ade.simulationMonitor] -     WARNING (CMI-2425): I7.I0.C1: `Noff' = 4.732 is unusually large. {"history": "Interactive.356", "point": 17, "testname": "Poten", "cornername": "CMOS_VDD_Res_Cap_Temp_15"}
[2026-06-03 11:56:46.346 Z] [WARN] [cadence.virtuoso.ade.simulationMonitor] -     WARNING (CMI-2424): I7.I0.C1: `Voffcv' = -867.4e-03 is unusually small. {"history": "Interactive.356", "point": 17, "testname": "Poten", "cornername": "CMOS_VDD_Res_Cap_Temp_15"}
[2026-06-03 11:56:46.346 Z] [WARN] [cadence.virtuoso.ade.simulationMonitor] -     WARNING (CMI-2425): I7.I0.C2: `Acde' = 2.393 is unusually large.
        Further occurrences of this warning will be suppressed. {"history": "Interactive.356", "point": 17, "testname": "Poten", "cornername": "CMOS_VDD_Res_Cap_Temp_15"}
[2026-06-03 11:56:46.347 Z] [WARN] [cadence.virtuoso.ade.simulationMonitor] -     WARNING (CMI-2424): I7.I0.C2: `Voffcv' = -867.4e-03 is unusually small. {"history": "Interactive.356", "point": 17, "testname": "Poten", "cornername": "CMOS_VDD_Res_Cap_Temp_15"}
[2026-06-03 11:56:46.347 Z] [WARN] [cadence.virtuoso.ade.simulationMonitor] -     WARNING (CMI-2424): I7.I0.C0<0>_turbo_m6: `Voffcv' = -867.4e-03 is unusually small. {"history": "Interactive.356", "point": 17, "testname": "Poten", "cornername": "CMOS_VDD_Res_Cap_Temp_15"}
[2026-06-03 11:56:46.348 Z] [WARN] [cadence.virtuoso.ade.simulationMonitor] -     WARNING (CMI-2424): I7.I3.C1<0>_turbo_m6: `Voffcv' = -867.4e-03 is unusually small.
        Further occurrences of this warning will be suppressed. {"history": "Interactive.356", "point": 17, "testname": "Poten", "cornername": "CMOS_VDD_Res_Cap_Temp_15"}
[2026-06-03 11:56:53.850 Z] [WARN] [cadence.virtuoso.ade.simulationMonitor] -     WARNING (CMI-2943): Parameter checks have been ignored because the valid value for parameter 'trise' could not be found in 'C0'. {"history": "Interactive.356", "point": 17, "testname": "Poten", "cornername": "CMOS_VDD_Res_Cap_Temp_15"}
[2026-06-03 11:56:53.851 Z] [WARN] [cadence.virtuoso.ade.simulationMonitor] -     WARNING (CMI-2943): Parameter checks have been ignored because the valid value for parameter 'trise' could not be found in 'C1'. {"history": "Interactive.356", "point": 17, "testname": "Poten", "cornername": "CMOS_VDD_Res_Cap_Temp_15"}
[2026-06-03 11:56:53.851 Z] [WARN] [cadence.virtuoso.ade.simulationMonitor] -     WARNING (CMI-2943): Parameter checks have been ignored because the valid value for parameter 'trise' could not be found in 'C11'. {"history": "Interactive.356", "point": 17, "testname": "Poten", "cornername": "CMOS_VDD_Res_Cap_Temp_15"}
[2026-06-03 11:56:53.851 Z] [WARN] [cadence.virtuoso.ade.simulationMonitor] -     WARNING (CMI-2943): Parameter checks have been ignored because the valid value for parameter 'trise' could not be found in 'C12'. {"history": "Interactive.356", "point": 17, "testname": "Poten", "cornername": "CMOS_VDD_Res_Cap_Temp_15"}
[2026-06-03 11:56:53.852 Z] [WARN] [cadence.virtuoso.ade.simulationMonitor] -     WARNING (CMI-2943): Parameter checks have been ignored because the valid value for parameter 'trise' could not be found in 'C5'.
        Further occurrences of this warning will be suppressed. {"history": "Interactive.356", "point": 17, "testname": "Poten", "cornername": "CMOS_VDD_Res_Cap_Temp_15"}
[2026-06-03 11:56:53.852 Z] [INFO] [cadence.virtuoso.ade.simulationMonitor] - Notice from spectre during check, during DC analysis, during Noise analysis `noise'.
    I0.I5.RLIB_GC1 of rdiffp3: `ig' has the unusually large value of -26.1596 A.
    I0.I3.RLIB_GC1 of rdiffp3: `ig' has the unusually large value of -26.1596 A.
    I0.I3.RLIB_GC2 of rdiffp3: `ig' has the unusually large value of -26.1596 A.
    I0.I6.RLIB_GC2 of rdiffp3: `ig' has the unusually large value of -26.1596 A. {"history": "Interactive.356", "point": 17, "testname": "Poten", "cornername": "CMOS_VDD_Res_Cap_Temp_15"}
[2026-06-03 11:56:53.852 Z] [WARN] [cadence.virtuoso.ade.simulationMonitor] -     WARNING (SPECTRE-17192): 
        Tolerance relaxation is used during DC simulation which may affect the accuracy of the result. This is mainly caused by the high impedance nodes in the circuit. Use the dyn_highz check to determine the high impedance nodes. Setting/assigning appropriate initial values to these nodes will usually help to improve both performance and accuracy of DC simulations. {"history": "Interactive.356", "point": 17, "testname": "Poten", "cornername": "CMOS_VDD_Res_Cap_Temp_15"}
[2026-06-03 11:58:26.389 Z] [INFO] [cadence.virtuoso.ade.simulationMonitor] - Total time required for noise analysis `noise': CPU = 392.75 s (6m  32.8s), elapsed = 100.233 s (1m  40.2s), util. = 392%. {"history": "Interactive.356", "point": 17, "testname": "Poten", "cornername": "CMOS_VDD_Res_Cap_Temp_15"}
[2026-06-03 11:58:26.389 Z] [INFO] [cadence.virtuoso.ade.simulationMonitor] - Peak resident memory used = 722 Mbytes. {"history": "Interactive.356", "point": 17, "testname": "Poten", "cornername": "CMOS_VDD_Res_Cap_Temp_15"}
[2026-06-03 11:58:26.389 Z] [INFO] [cadence.virtuoso.ade.simulationMonitor] - Notice from spectre.
    1088 warnings suppressed. {"history": "Interactive.356", "point": 17, "testname": "Poten", "cornername": "CMOS_VDD_Res_Cap_Temp_15"}
[2026-06-03 11:58:26.390 Z] [WARN] [cadence.virtuoso.ade.simulationMonitor] -     WARNING (CMI-2425): I7.I0.C0<0>_dummy: `Acde' = 2.393 is unusually large. {"history": "Interactive.356", "point": 17, "testname": "Poten", "cornername": "CMOS_VDD_Res_Cap_Temp_15"}
[2026-06-03 11:58:26.390 Z] [WARN] [cadence.virtuoso.ade.simulationMonitor] -     WARNING (CMI-2425): I7.I0.C0<0>_dummy: `Noff' = 4.732 is unusually large. {"history": "Interactive.356", "point": 17, "testname": "Poten", "cornername": "CMOS_VDD_Res_Cap_Temp_15"}
[2026-06-03 11:58:26.390 Z] [WARN] [cadence.virtuoso.ade.simulationMonitor] -     WARNING (CMI-2424): I7.I0.C0<0>_dummy: `Voffcv' = -867.4e-03 is unusually small. {"history": "Interactive.356", "point": 17, "testname": "Poten", "cornername": "CMOS_VDD_Res_Cap_Temp_15"}
[2026-06-03 11:58:26.390 Z] [WARN] [cadence.virtuoso.ade.simulationMonitor] -     WARNING (CMI-2425): I7.I3.C1<0>_dummy: `Acde' = 2.393 is unusually large. {"history": "Interactive.356", "point": 17, "testname": "Poten", "cornername": "CMOS_VDD_Res_Cap_Temp_15"}
[2026-06-03 11:58:26.391 Z] [WARN] [cadence.virtuoso.ade.simulationMonitor] -     WARNING (CMI-2425): I7.I3.C1<0>_dummy: `Noff' = 4.732 is unusually large. {"history": "Interactive.356", "point": 17, "testname": "Poten", "cornername": "CMOS_VDD_Res_Cap_Temp_15"}
[2026-06-03 11:58:26.392 Z] [WARN] [cadence.virtuoso.ade.simulationMonitor] -     WARNING (CMI-2424): I7.I3.C1<0>_dummy: `Voffcv' = -867.4e-03 is unusually small. {"history": "Interactive.356", "point": 17, "testname": "Poten", "cornername": "CMOS_VDD_Res_Cap_Temp_15"}
[2026-06-03 11:58:26.392 Z] [WARN] [cadence.virtuoso.ade.simulationMonitor] -     WARNING (CMI-2425): I7.I4.C1<0>_dummy: `Acde' = 2.393 is unusually large.
        Further occurrences of this warning will be suppressed. {"history": "Interactive.356", "point": 17, "testname": "Poten", "cornername": "CMOS_VDD_Res_Cap_Temp_15"}
[2026-06-03 11:58:26.392 Z] [WARN] [cadence.virtuoso.ade.simulationMonitor] -     WARNING (CMI-2424): I7.I4.C1<0>_dummy: `Voffcv' = -867.4e-03 is unusually small. {"history": "Interactive.356", "point": 17, "testname": "Poten", "cornername": "CMOS_VDD_Res_Cap_Temp_15"}
[2026-06-03 11:58:26.392 Z] [INFO] [cadence.virtuoso.ade.simulationMonitor] - Notice from spectre.
    1 warning suppressed. {"history": "Interactive.356", "point": 17, "testname": "Poten", "cornername": "CMOS_VDD_Res_Cap_Temp_15"}
[2026-06-03 11:58:26.392 Z] [INFO] [cadence.virtuoso.ade.simulationMonitor] - Time used: CPU = 549 s (9m  8.8s), elapsed = 141 s (2m  21.2s), util. = 389%. {"history": "Interactive.356", "point": 17, "testname": "Poten", "cornername": "CMOS_VDD_Res_Cap_Temp_15"}
[2026-06-03 11:58:26.393 Z] [INFO] [cadence.virtuoso.ade.simulationMonitor] - Time spent in licensing: elapsed = 116 ms. {"history": "Interactive.356", "point": 17, "testname": "Poten", "cornername": "CMOS_VDD_Res_Cap_Temp_15"}
[2026-06-03 11:58:26.393 Z] [INFO] [cadence.virtuoso.ade.simulationMonitor] - Peak memory used = 722 Mbytes. {"history": "Interactive.356", "point": 17, "testname": "Poten", "cornername": "CMOS_VDD_Res_Cap_Temp_15"}
[2026-06-03 11:58:26.394 Z] [PROCESS] [cadence.virtuoso.ade.simulationMonitor] - Simulation started at: 11:56:04 AM, Wed Jun 3, 2026, ended at: 11:58:26 AM, Wed Jun 3, 2026, with elapsed time (wall clock): 141 s (2m  21.2s). {"history": "Interactive.356", "point": 17, "testname": "Poten", "cornername": "CMOS_VDD_Res_Cap_Temp_15"}
[2026-06-03 11:58:26.394 Z] [PROCESS] [cadence.virtuoso.ade.simulationMonitor] - spectre completes with 0 errors, 112 warnings, and 37 notices. {"history": "Interactive.356", "point": 17, "testname": "Poten", "cornername": "CMOS_VDD_Res_Cap_Temp_15"}
[2026-06-03 11:58:26.895 Z] [PROCESS] [cadence.virtuoso.ade.simulationMonitor] - Finished simulating for one point {"hostname": "il2244vt26_hrahimi", "processid": 2498769, "history": "Interactive.356", "testname": "Poten", "cornername": "CMOS_VDD_Res_Cap_Temp_15", "point": 17, "logfile": "/home/hrahimi/projects/POTENTIOSTAT_26/logs_hrahimi/logs0/Job19.log", "simid": "3"}
[2026-06-03 11:58:26.896 Z] [PROCESS] [cadence.virtuoso.ade.simulationMonitor] - Simulator exited {"hostname": "il2244vt26_hrahimi", "processid": 2498769, "history": "Interactive.356", "testname": "Poten", "cornername": "CMOS_VDD_Res_Cap_Temp_15", "point": 17, "logfile": "/home/hrahimi/projects/POTENTIOSTAT_26/logs_hrahimi/logs0/Job19.log", "exitStatus": "0"}
[2026-06-03 11:58:26.896 Z] [PROCESS] [cadence.virtuoso.ade.simulationMonitor] - Finished Simulation {"hostname": "il2244vt26_hrahimi", "processid": 2498769, "history": "Interactive.356", "testname": "Poten", "cornername": "CMOS_VDD_Res_Cap_Temp_15", "point": 17, "logfile": "/home/hrahimi/projects/POTENTIOSTAT_26/logs_hrahimi/logs0/Job19.log", "simid": "3"}
[2026-06-03 11:58:31.410 Z] [PROCESS] [cadence.virtuoso.ade.simulationMonitor] - Point Finished {"hostname": "il2244vt26_hrahimi", "processid": 2498769, "history": "Interactive.356", "testname": "Poten", "cornername": "CMOS_VDD_Res_Cap_Temp_15", "point": 17, "logfile": "/home/hrahimi/projects/POTENTIOSTAT_26/logs_hrahimi/logs0/Job19.log"}
[2026-06-03 11:58:31.414 Z] [PROCESS] [cadence.virtuoso.ade.simulationMonitor] - HostInfo:
Host name (type):	il2244vt26_hrahimi (x86_64)
Operating system:	Linux 5.15.0-164-generic #174-Ubuntu SMP Fri Nov 14 20:25:16 UTC 2025 {"hostname": "il2244vt26_hrahimi", "processid": 2498769, "history": "Interactive.356", "testname": "Poten", "cornername": "CMOS_VDD_Res_Cap_Temp_15", "point": 17, "logfile": "/home/hrahimi/projects/POTENTIOSTAT_26/logs_hrahimi/logs0/Job19.log", "nodename": "il2244vt26_hrahimi", "domainname": "(none)", "machine": "x86_64", "sysname": "Linux", "release": "5.15.0-164-generic", "version": "#174-Ubuntu SMP Fri Nov 14 20:25:16 UTC 2025"}
[2026-06-03 11:58:31.415 Z] [PROCESS] [cadence.virtuoso.ade.simulationMonitor] - UsageInfo:
pid=2498769
totalPhysicalMemory=3023.749672GB,Used=2711.550480GB,totalVirtualMemory=3031.749668GB,Used=2711.656925GB
Cpu: Cores=48, Load average:46.350000,40.380000,24.210000 {"hostname": "il2244vt26_hrahimi", "processid": 2498769, "history": "Interactive.356", "testname": "Poten", "cornername": "CMOS_VDD_Res_Cap_Temp_15", "point": 17, "logfile": "/home/hrahimi/projects/POTENTIOSTAT_26/logs_hrahimi/logs0/Job19.log", "pid": "2498769", "totalPhysicalMemory": "3023.749672", "physicalMemoryUsed": "2711.550480", "totalVirtualMemory": "3031.749668", "virtualMemoryUsed": "2711.656925", "cpuCores": "48", "processes": "29713", "loadAverage1": "46.350000", "loadAverage5": "40.380000", "loadAverage15": "24.210000", "loadAverage1Percent": "0.965625"}
[2026-06-03 11:58:31.416 Z] [EVENT] [cadence.virtuoso.ade.simulationMonitor] - NewPoint {"history": "Interactive.356", "point": 12, "testname": "PTAT", "cornername": "CMOS_VDD_Res_Cap_Temp_10", "event": "NewPoint", "EventSource": "Simulation Monitor", "HistoryName": "Interactive.356", "logFile": "/home/hrahimi/projects/POTENTIOSTAT_26/logs_hrahimi/logs0/Job19.log", "logFileSize": "148112"}
[2026-06-03 11:58:31.519 Z] [EVENT] [cadence.virtuoso.ade.simulationMonitor] - NewPoint {"history": "Interactive.356", "point": 12, "testname": "PTAT", "cornername": "CMOS_VDD_Res_Cap_Temp_10", "event": "NewPoint", "EventSource": "spectre", "HistoryName": "Interactive.356", "logFile": "/home/hrahimi/projects/POTENTIOSTAT_26/Sim/Potentiostat_Top/top/maestro/results/maestro/Interactive.356/12/PTAT/psf/spectre.out", "logFileSize": "-1"}
[2026-06-03 11:58:31.532 Z] [PROCESS] [cadence.virtuoso.ade.simulationMonitor] - Simulator launched {"hostname": "il2244vt26_hrahimi", "processid": 2498769, "history": "Interactive.356", "testname": "PTAT", "cornername": "CMOS_VDD_Res_Cap_Temp_10", "point": 12, "logfile": "/home/hrahimi/projects/POTENTIOSTAT_26/logs_hrahimi/logs0/Job19.log", "simid": "4"}
[2026-06-03 11:58:31.604 Z] [PROCESS] [cadence.virtuoso.ade.simulationMonitor] - Started Simulation {"hostname": "il2244vt26_hrahimi", "processid": 2498769, "history": "Interactive.356", "testname": "PTAT", "cornername": "CMOS_VDD_Res_Cap_Temp_10", "point": 12, "logfile": "/home/hrahimi/projects/POTENTIOSTAT_26/logs_hrahimi/logs0/Job19.log", "event": "started", "task": "simulation"}
[2026-06-03 11:58:32.605 Z] [WARN] [cadence.virtuoso.ade.simulationMonitor] -     WARNING (SPECTRE-691): This CPU processor does not support x86 advanced vector extensions instructions. This may affect math operations and slow down the simulation. {"history": "Interactive.356", "point": 12, "testname": "PTAT", "cornername": "CMOS_VDD_Res_Cap_Temp_10"}
[2026-06-03 11:58:32.605 Z] [INFO] [cadence.virtuoso.ade.simulationMonitor] - Notice from spectre during circuit read-in.
    Pre_Configuration file used: /opt/tools/cadence/installs/SPECTRE241/tools.lnx86/spectre/etc/configs/preset.precfg
    Configuration file used: `/opt/tools/cadence/installs/SPECTRE241/tools.lnx86/spectre/etc/configs/preset.cfg'. {"history": "Interactive.356", "point": 12, "testname": "PTAT", "cornername": "CMOS_VDD_Res_Cap_Temp_10"}
[2026-06-03 11:58:32.606 Z] [WARN] [cadence.virtuoso.ade.simulationMonitor] -     WARNING (SPECTRE-8360): line 1511: `ac' is an undefined primitive device. {"history": "Interactive.356", "point": 12, "testname": "PTAT", "cornername": "CMOS_VDD_Res_Cap_Temp_10"}
[2026-06-03 11:58:32.606 Z] [WARN] [cadence.virtuoso.ade.simulationMonitor] -     WARNING (SPECTRE-8360): line 1512: `ac' is an undefined primitive device. {"history": "Interactive.356", "point": 12, "testname": "PTAT", "cornername": "CMOS_VDD_Res_Cap_Temp_10"}
[2026-06-03 11:58:32.606 Z] [WARN] [cadence.virtuoso.ade.simulationMonitor] -     WARNING (SPECTRE-8360): line 1513: `ac' is an undefined primitive device. {"history": "Interactive.356", "point": 12, "testname": "PTAT", "cornername": "CMOS_VDD_Res_Cap_Temp_10"}
[2026-06-03 11:58:32.606 Z] [WARN] [cadence.virtuoso.ade.simulationMonitor] -     WARNING (SPECTRE-8360): line 1514: `ac' is an undefined primitive device. {"history": "Interactive.356", "point": 12, "testname": "PTAT", "cornername": "CMOS_VDD_Res_Cap_Temp_10"}
[2026-06-03 11:58:32.607 Z] [WARN] [cadence.virtuoso.ade.simulationMonitor] -     WARNING (SPECTRE-8360): line 1515: `ac' is an undefined primitive device.
        Further occurrences of this warning will be suppressed. {"history": "Interactive.356", "point": 12, "testname": "PTAT", "cornername": "CMOS_VDD_Res_Cap_Temp_10"}
[2026-06-03 11:58:32.607 Z] [WARN] [cadence.virtuoso.ade.simulationMonitor] -     WARNING (VACOMP-2435): The environment variable CDS_AHDLCMI_ENABLE is no longer supported. Therefore, the simulator will use the default compiled C code flow. {"history": "Interactive.356", "point": 12, "testname": "PTAT", "cornername": "CMOS_VDD_Res_Cap_Temp_10"}
[2026-06-03 11:58:33.107 Z] [INFO] [cadence.virtuoso.ade.simulationMonitor] - Peak resident memory used = 194 Mbytes. {"history": "Interactive.356", "point": 12, "testname": "PTAT", "cornername": "CMOS_VDD_Res_Cap_Temp_10"}
[2026-06-03 11:58:33.108 Z] [WARN] [cadence.virtuoso.ade.simulationMonitor] -     WARNING (SFE-2649): Terminals of top-level instance `R50', in file`netlist', at line 1168, are connected. Remove the instance and rerun the simulation. {"history": "Interactive.356", "point": 12, "testname": "PTAT", "cornername": "CMOS_VDD_Res_Cap_Temp_10"}
[2026-06-03 11:58:33.108 Z] [WARN] [cadence.virtuoso.ade.simulationMonitor] -     WARNING (SFE-2649): Terminals of top-level instance `R48', in file`netlist', at line 1211, are connected. Remove the instance and rerun the simulation. {"history": "Interactive.356", "point": 12, "testname": "PTAT", "cornername": "CMOS_VDD_Res_Cap_Temp_10"}
[2026-06-03 11:58:33.609 Z] [WARN] [cadence.virtuoso.ade.simulationMonitor] -     WARNING (SFE-3027): The dangling resistor I2.rb144 is removed. {"history": "Interactive.356", "point": 12, "testname": "PTAT", "cornername": "CMOS_VDD_Res_Cap_Temp_10"}
[2026-06-03 11:58:33.609 Z] [WARN] [cadence.virtuoso.ade.simulationMonitor] -     WARNING (SFE-3027): The dangling resistor I2.rb241 is removed. {"history": "Interactive.356", "point": 12, "testname": "PTAT", "cornername": "CMOS_VDD_Res_Cap_Temp_10"}
[2026-06-03 11:58:33.609 Z] [WARN] [cadence.virtuoso.ade.simulationMonitor] -     WARNING (SFE-3027): The dangling resistor I2.rb613 is removed. {"history": "Interactive.356", "point": 12, "testname": "PTAT", "cornername": "CMOS_VDD_Res_Cap_Temp_10"}
[2026-06-03 11:58:33.610 Z] [WARN] [cadence.virtuoso.ade.simulationMonitor] -     WARNING (SFE-3027): The dangling resistor I2.rd794 is removed. {"history": "Interactive.356", "point": 12, "testname": "PTAT", "cornername": "CMOS_VDD_Res_Cap_Temp_10"}
[2026-06-03 11:58:33.610 Z] [WARN] [cadence.virtuoso.ade.simulationMonitor] -     WARNING (SFE-3012): The dummy device I0.I16.DLIB9 is removed. {"history": "Interactive.356", "point": 12, "testname": "PTAT", "cornername": "CMOS_VDD_Res_Cap_Temp_10"}
[2026-06-03 11:58:33.610 Z] [WARN] [cadence.virtuoso.ade.simulationMonitor] -     WARNING (SFE-3012): The dummy device I0.I15.DLIB9 is removed. {"history": "Interactive.356", "point": 12, "testname": "PTAT", "cornername": "CMOS_VDD_Res_Cap_Temp_10"}
[2026-06-03 11:58:33.610 Z] [WARN] [cadence.virtuoso.ade.simulationMonitor] -     WARNING (SFE-3012): The dummy device I0.I0.DLIB6 is removed. {"history": "Interactive.356", "point": 12, "testname": "PTAT", "cornername": "CMOS_VDD_Res_Cap_Temp_10"}
[2026-06-03 11:58:33.610 Z] [WARN] [cadence.virtuoso.ade.simulationMonitor] -     WARNING (SFE-3012): The dummy device I7.I2.MP12<0>_turbo_m34 is removed. {"history": "Interactive.356", "point": 12, "testname": "PTAT", "cornername": "CMOS_VDD_Res_Cap_Temp_10"}
[2026-06-03 11:58:33.611 Z] [WARN] [cadence.virtuoso.ade.simulationMonitor] -     WARNING (SFE-3012): The dummy device I0.I16.DLIB10 is removed.
        Further occurrences of this warning will be suppressed. {"history": "Interactive.356", "point": 12, "testname": "PTAT", "cornername": "CMOS_VDD_Res_Cap_Temp_10"}
[2026-06-03 11:58:33.611 Z] [WARN] [cadence.virtuoso.ade.simulationMonitor] -     WARNING (SFE-3029): The dummy capacitor I7.I0.R3.CS1 is removed. {"history": "Interactive.356", "point": 12, "testname": "PTAT", "cornername": "CMOS_VDD_Res_Cap_Temp_10"}
[2026-06-03 11:58:33.611 Z] [WARN] [cadence.virtuoso.ade.simulationMonitor] -     WARNING (SFE-3027): The dangling resistor I2.re2693 is removed.
        Further occurrences of this warning will be suppressed. {"history": "Interactive.356", "point": 12, "testname": "PTAT", "cornername": "CMOS_VDD_Res_Cap_Temp_10"}
[2026-06-03 11:58:33.611 Z] [WARN] [cadence.virtuoso.ade.simulationMonitor] -     WARNING (SFE-3029): The dummy capacitor I7.I13_turbo_m5.C0.C1 is removed. {"history": "Interactive.356", "point": 12, "testname": "PTAT", "cornername": "CMOS_VDD_Res_Cap_Temp_10"}
[2026-06-03 11:58:33.611 Z] [WARN] [cadence.virtuoso.ade.simulationMonitor] -     WARNING (SFE-3029): The dummy capacitor I7.I10_turbo_m4.C0.C1 is removed. {"history": "Interactive.356", "point": 12, "testname": "PTAT", "cornername": "CMOS_VDD_Res_Cap_Temp_10"}
[2026-06-03 11:58:33.612 Z] [WARN] [cadence.virtuoso.ade.simulationMonitor] -     WARNING (SFE-3029): The dummy capacitor I7.I1.R2.CS1 is removed. {"history": "Interactive.356", "point": 12, "testname": "PTAT", "cornername": "CMOS_VDD_Res_Cap_Temp_10"}
[2026-06-03 11:58:33.612 Z] [WARN] [cadence.virtuoso.ade.simulationMonitor] -     WARNING (SFE-3028): The floating resistor R8 is removed. {"history": "Interactive.356", "point": 12, "testname": "PTAT", "cornername": "CMOS_VDD_Res_Cap_Temp_10"}
[2026-06-03 11:58:33.612 Z] [WARN] [cadence.virtuoso.ade.simulationMonitor] -     WARNING (SFE-3029): The dummy capacitor I7.I4.R31.CS1 is removed.
        Further occurrences of this warning will be suppressed. {"history": "Interactive.356", "point": 12, "testname": "PTAT", "cornername": "CMOS_VDD_Res_Cap_Temp_10"}
[2026-06-03 11:58:33.612 Z] [WARN] [cadence.virtuoso.ade.simulationMonitor] -     WARNING (SFE-3015): The dangling node I2.210\:GNDA is removed. {"history": "Interactive.356", "point": 12, "testname": "PTAT", "cornername": "CMOS_VDD_Res_Cap_Temp_10"}
[2026-06-03 11:58:33.612 Z] [WARN] [cadence.virtuoso.ade.simulationMonitor] -     WARNING (SFE-3015): The dangling node I2.222\:POT_OUT is removed. {"history": "Interactive.356", "point": 12, "testname": "PTAT", "cornername": "CMOS_VDD_Res_Cap_Temp_10"}
[2026-06-03 11:58:33.612 Z] [WARN] [cadence.virtuoso.ade.simulationMonitor] -     WARNING (SFE-3015): The dangling node I2.13\:I25|I35|SN is removed. {"history": "Interactive.356", "point": 12, "testname": "PTAT", "cornername": "CMOS_VDD_Res_Cap_Temp_10"}
[2026-06-03 11:58:33.613 Z] [WARN] [cadence.virtuoso.ade.simulationMonitor] -     WARNING (SFE-3015): The dangling node I2.29\:Calib_EN is removed. {"history": "Interactive.356", "point": 12, "testname": "PTAT", "cornername": "CMOS_VDD_Res_Cap_Temp_10"}
[2026-06-03 11:58:33.613 Z] [WARN] [cadence.virtuoso.ade.simulationMonitor] -     WARNING (SFE-3015): The dangling node I2.693\:VPI is removed.
        Further occurrences of this warning will be suppressed. {"history": "Interactive.356", "point": 12, "testname": "PTAT", "cornername": "CMOS_VDD_Res_Cap_Temp_10"}
[2026-06-03 11:58:33.613 Z] [WARN] [cadence.virtuoso.ade.simulationMonitor] -     WARNING (SFE-3016): The floating node net74 is removed. {"history": "Interactive.356", "point": 12, "testname": "PTAT", "cornername": "CMOS_VDD_Res_Cap_Temp_10"}
[2026-06-03 11:58:33.613 Z] [WARN] [cadence.virtuoso.ade.simulationMonitor] -     WARNING (SFE-3016): The floating node net73 is removed. {"history": "Interactive.356", "point": 12, "testname": "PTAT", "cornername": "CMOS_VDD_Res_Cap_Temp_10"}
[2026-06-03 11:58:33.613 Z] [INFO] [cadence.virtuoso.ade.simulationMonitor] - Notice from spectre during hierarchy flattening.
    Spectre X Parasitic Optimization enabled.
    Parasitic optimization will filter out parasitic nodes, nodes only connected to RCs, by default. To view individual parasitic nodes use individual save statements (i.e. save out), or use the 'savefilter=none' option to save all parasitic nodes. Saving all parasitic nodes may slow down simulation and create large waveform files. {"history": "Interactive.356", "point": 12, "testname": "PTAT", "cornername": "CMOS_VDD_Res_Cap_Temp_10"}
[2026-06-03 11:58:33.614 Z] [INFO] [cadence.virtuoso.ade.simulationMonitor] - Peak resident memory used = 224 Mbytes. {"history": "Interactive.356", "point": 12, "testname": "PTAT", "cornername": "CMOS_VDD_Res_Cap_Temp_10"}
[2026-06-03 11:58:33.614 Z] [INFO] [cadence.virtuoso.ade.simulationMonitor] - Notice from spectre during hierarchy flattening.
    The value 'psf' specified for the 'checklimitdest' option will no longer be supported in future releases. Use 'spectre -h' to see other recommended values for the 'checklimitdest' option.
    I0.I46.RLIB_GC1.CS0 of rpoly1c: `c' has the unusually small value of 634.694e-21 F.
    I0.I46.RLIB_GC1.CS1 of rpoly1c: `c' has the unusually small value of 634.694e-21 F.
    I0.I45.RLIB_GC1.CS0 of rpoly1c: `c' has the unusually small value of 634.694e-21 F.
    I0... {"history": "Interactive.356", "point": 12, "testname": "PTAT", "cornername": "CMOS_VDD_Res_Cap_Temp_10"}
[2026-06-03 11:58:34.114 Z] [INFO] [cadence.virtuoso.ade.simulationMonitor] - Notice from spectre during hierarchy flattening.
    V8: `period' has the unusually large value of 100 s.
    V7: `period' has the unusually large value of 10 s.
    V3: `period' has the unusually large value of 6 s.
    I26: `period' has the unusually large value of 6 s. {"history": "Interactive.356", "point": 12, "testname": "PTAT", "cornername": "CMOS_VDD_Res_Cap_Temp_10"}
[2026-06-03 11:58:34.115 Z] [INFO] [cadence.virtuoso.ade.simulationMonitor] - Peak resident memory used = 235 Mbytes. {"history": "Interactive.356", "point": 12, "testname": "PTAT", "cornername": "CMOS_VDD_Res_Cap_Temp_10"}
[2026-06-03 11:58:34.116 Z] [WARN] [cadence.virtuoso.ade.simulationMonitor] -     WARNING (CMI-2425): I2.I56|C3: `Acde' = 2.393 is unusually large. {"history": "Interactive.356", "point": 12, "testname": "PTAT", "cornername": "CMOS_VDD_Res_Cap_Temp_10"}
[2026-06-03 11:58:34.116 Z] [WARN] [cadence.virtuoso.ade.simulationMonitor] -     WARNING (CMI-2425): I2.I56|C3: `Noff' = 4.732 is unusually large. {"history": "Interactive.356", "point": 12, "testname": "PTAT", "cornername": "CMOS_VDD_Res_Cap_Temp_10"}
[2026-06-03 11:58:34.116 Z] [WARN] [cadence.virtuoso.ade.simulationMonitor] -     WARNING (CMI-2424): I2.I56|C3: `Voffcv' = -867.4e-03 is unusually small. {"history": "Interactive.356", "point": 12, "testname": "PTAT", "cornername": "CMOS_VDD_Res_Cap_Temp_10"}
[2026-06-03 11:58:34.117 Z] [WARN] [cadence.virtuoso.ade.simulationMonitor] -     WARNING (CMI-2425): I2.I56|C4: `Acde' = 2.393 is unusually large. {"history": "Interactive.356", "point": 12, "testname": "PTAT", "cornername": "CMOS_VDD_Res_Cap_Temp_10"}
[2026-06-03 11:58:34.117 Z] [WARN] [cadence.virtuoso.ade.simulationMonitor] -     WARNING (CMI-2425): I2.I56|C4: `Noff' = 4.732 is unusually large. {"history": "Interactive.356", "point": 12, "testname": "PTAT", "cornername": "CMOS_VDD_Res_Cap_Temp_10"}
[2026-06-03 11:58:34.117 Z] [WARN] [cadence.virtuoso.ade.simulationMonitor] -     WARNING (CMI-2424): I2.I56|C4: `Voffcv' = -867.4e-03 is unusually small. {"history": "Interactive.356", "point": 12, "testname": "PTAT", "cornername": "CMOS_VDD_Res_Cap_Temp_10"}
[2026-06-03 11:58:34.117 Z] [WARN] [cadence.virtuoso.ade.simulationMonitor] -     WARNING (CMI-2425): I2.I56|C5: `Acde' = 2.393 is unusually large.
        Further occurrences of this warning will be suppressed. {"history": "Interactive.356", "point": 12, "testname": "PTAT", "cornername": "CMOS_VDD_Res_Cap_Temp_10"}
[2026-06-03 11:58:34.117 Z] [WARN] [cadence.virtuoso.ade.simulationMonitor] -     WARNING (CMI-2424): I2.I56|C5: `Voffcv' = -867.4e-03 is unusually small. {"history": "Interactive.356", "point": 12, "testname": "PTAT", "cornername": "CMOS_VDD_Res_Cap_Temp_10"}
[2026-06-03 11:58:34.118 Z] [WARN] [cadence.virtuoso.ade.simulationMonitor] -     WARNING (CMI-2424): I7.I4.C1<0>_turbo_m11: `Voffcv' = -867.4e-03 is unusually small. {"history": "Interactive.356", "point": 12, "testname": "PTAT", "cornername": "CMOS_VDD_Res_Cap_Temp_10"}
[2026-06-03 11:58:34.118 Z] [WARN] [cadence.virtuoso.ade.simulationMonitor] -     WARNING (CMI-2424): I7.I3.C1<0>_turbo_m6: `Voffcv' = -867.4e-03 is unusually small.
        Further occurrences of this warning will be suppressed. {"history": "Interactive.356", "point": 12, "testname": "PTAT", "cornername": "CMOS_VDD_Res_Cap_Temp_10"}
[2026-06-03 11:58:34.618 Z] [WARN] [cadence.virtuoso.ade.simulationMonitor] -     WARNING (SPECTRE-16460): SOAC_esdgcp5_vcpsub:Specified subcircuit master `esdgcp5' was not found. {"history": "Interactive.356", "point": 12, "testname": "PTAT", "cornername": "CMOS_VDD_Res_Cap_Temp_10"}
[2026-06-03 11:58:34.619 Z] [WARN] [cadence.virtuoso.ade.simulationMonitor] -     WARNING (SPECTRE-16462): SOAC_esdgcp5_vcpsub:Error in specification of subcircuit master. Assert is ignored. {"history": "Interactive.356", "point": 12, "testname": "PTAT", "cornername": "CMOS_VDD_Res_Cap_Temp_10"}
[2026-06-03 11:58:34.619 Z] [WARN] [cadence.virtuoso.ade.simulationMonitor] -     WARNING (SPECTRE-16460): SOAC_esdgcp5_vac:Specified subcircuit master `esdgcp5' was not found. {"history": "Interactive.356", "point": 12, "testname": "PTAT", "cornername": "CMOS_VDD_Res_Cap_Temp_10"}
[2026-06-03 11:58:34.619 Z] [WARN] [cadence.virtuoso.ade.simulationMonitor] -     WARNING (SPECTRE-16462): SOAC_esdgcp5_vac:Error in specification of subcircuit master. Assert is ignored. {"history": "Interactive.356", "point": 12, "testname": "PTAT", "cornername": "CMOS_VDD_Res_Cap_Temp_10"}
[2026-06-03 11:58:34.619 Z] [WARN] [cadence.virtuoso.ade.simulationMonitor] -     WARNING (SPECTRE-16460): SOAC_esdgcn5_vac:Specified subcircuit master `esdgcn5' was not found. {"history": "Interactive.356", "point": 12, "testname": "PTAT", "cornername": "CMOS_VDD_Res_Cap_Temp_10"}
[2026-06-03 11:58:34.620 Z] [WARN] [cadence.virtuoso.ade.simulationMonitor] -     WARNING (SPECTRE-16462): SOAC_esdgcn5_vac:Error in specification of subcircuit master. Assert is ignored. {"history": "Interactive.356", "point": 12, "testname": "PTAT", "cornername": "CMOS_VDD_Res_Cap_Temp_10"}
[2026-06-03 11:58:34.620 Z] [WARN] [cadence.virtuoso.ade.simulationMonitor] -     WARNING (SPECTRE-16460): SOAC_esdfdp5_vcpsub:Specified subcircuit master `esdfdp5' was not found. {"history": "Interactive.356", "point": 12, "testname": "PTAT", "cornername": "CMOS_VDD_Res_Cap_Temp_10"}
[2026-06-03 11:58:34.620 Z] [WARN] [cadence.virtuoso.ade.simulationMonitor] -     WARNING (SPECTRE-16462): SOAC_esdfdp5_vcpsub:Error in specification of subcircuit master. Assert is ignored. {"history": "Interactive.356", "point": 12, "testname": "PTAT", "cornername": "CMOS_VDD_Res_Cap_Temp_10"}
[2026-06-03 11:58:34.620 Z] [WARN] [cadence.virtuoso.ade.simulationMonitor] -     WARNING (SPECTRE-16460): SOAC_esdfdp5_vac:Specified subcircuit master `esdfdp5' was not found.
        Further occurrences of this warning will be suppressed. {"history": "Interactive.356", "point": 12, "testname": "PTAT", "cornername": "CMOS_VDD_Res_Cap_Temp_10"}
[2026-06-03 11:58:34.620 Z] [WARN] [cadence.virtuoso.ade.simulationMonitor] -     WARNING (SPECTRE-16462): SOAC_esdfdp5_vac:Error in specification of subcircuit master. Assert is ignored.
        Further occurrences of this warning will be suppressed. {"history": "Interactive.356", "point": 12, "testname": "PTAT", "cornername": "CMOS_VDD_Res_Cap_Temp_10"}
[2026-06-03 11:58:34.621 Z] [WARN] [cadence.virtuoso.ade.simulationMonitor] -     WARNING (SPECTRE-17607): Assert `SOAC_vert10_vsubpsub' is ignored because it contains an expression which is invalid or not supported by native evaluator.  {"history": "Interactive.356", "point": 12, "testname": "PTAT", "cornername": "CMOS_VDD_Res_Cap_Temp_10"}
[2026-06-03 11:58:34.621 Z] [WARN] [cadence.virtuoso.ade.simulationMonitor] -     WARNING (SPECTRE-17607): Assert `SOAC_vert10_vcsub' is ignored because it contains an expression which is invalid or not supported by native evaluator.  {"history": "Interactive.356", "point": 12, "testname": "PTAT", "cornername": "CMOS_VDD_Res_Cap_Temp_10"}
[2026-06-03 11:58:35.622 Z] [INFO] [cadence.virtuoso.ade.simulationMonitor] - Notice from spectre during topology check.
    Only one connection to the following 1898 nodes:
        I0.I46.RLIB_GC1.R1.psub!
        I0.I46.RLIB_GC1.R2.psub!
        I0.I46.MNLIB_DR1.M_esdnmos4.psub!
        I0.I46.DLIB2.psub!
        I0.I46.DLIB1.psub!
        Further occurrences of this notice will be suppressed. {"history": "Interactive.356", "point": 12, "testname": "PTAT", "cornername": "CMOS_VDD_Res_Cap_Temp_10"}
[2026-06-03 11:58:38.126 Z] [INFO] [cadence.virtuoso.ade.simulationMonitor] -               nodes 15748 {"history": "Interactive.356", "point": 12, "testname": "PTAT", "cornername": "CMOS_VDD_Res_Cap_Temp_10"}
[2026-06-03 11:58:38.127 Z] [INFO] [cadence.virtuoso.ade.simulationMonitor] - Notice from spectre during initial setup.
    7 resistors are shorted because their absolute value is less than or equal to 'rabsshort'.
    3 vsources are shorted because their absolute value is less than or equal to 'vabsshort'.
    4 resistors are changed to resistance form because their value are less than 'rthresh'.
    Spectre X preset=cx enabled.
    44 notices suppressed.
    138 warnings suppressed. {"history": "Interactive.356", "point": 12, "testname": "PTAT", "cornername": "CMOS_VDD_Res_Cap_Temp_10"}
[2026-06-03 11:58:38.128 Z] [INFO] [cadence.virtuoso.ade.simulationMonitor] - Notice from spectre.
    Multithreading enabled: 8 threads in the system with 48 available processors. {"history": "Interactive.356", "point": 12, "testname": "PTAT", "cornername": "CMOS_VDD_Res_Cap_Temp_10"}
[2026-06-03 11:58:38.128 Z] [INFO] [cadence.virtuoso.ade.simulationMonitor] - Peak resident memory used = 294 Mbytes. {"history": "Interactive.356", "point": 12, "testname": "PTAT", "cornername": "CMOS_VDD_Res_Cap_Temp_10"}
[2026-06-03 11:58:38.128 Z] [INFO] [cadence.virtuoso.ade.simulationMonitor] -    -   (Spectre X) Multi-threading. The recommended number of threads is [4, 8], consider adding +mt=4 or +mt=8 on command line. {"history": "Interactive.356", "point": 12, "testname": "PTAT", "cornername": "CMOS_VDD_Res_Cap_Temp_10"}
[2026-06-03 11:58:38.129 Z] [INFO] [cadence.virtuoso.ade.simulationMonitor] - Notice from spectre during transient analysis `tran'.
    No checklimit analysis defined for asserts. A default checklimit analysis 'SpectreChecklimitAnal' has been created with all asserts enabled. {"history": "Interactive.356", "point": 12, "testname": "PTAT", "cornername": "CMOS_VDD_Res_Cap_Temp_10"}
[2026-06-03 11:58:39.129 Z] [INFO] [cadence.virtuoso.ade.simulationMonitor] - Notice from spectre during IC analysis, during transient analysis `tran'.
    Bad pivoting is found during DC analysis. Option dc_pivot_check=yes is recommended for possible improvement of convergence. {"history": "Interactive.356", "point": 12, "testname": "PTAT", "cornername": "CMOS_VDD_Res_Cap_Temp_10"}
[2026-06-03 11:58:39.130 Z] [WARN] [cadence.virtuoso.ade.simulationMonitor] -     WARNING (CMI-2943): Parameter checks have been ignored because the valid value for parameter 'trise' could not be found in 'C0'. {"history": "Interactive.356", "point": 12, "testname": "PTAT", "cornername": "CMOS_VDD_Res_Cap_Temp_10"}
[2026-06-03 11:58:39.130 Z] [WARN] [cadence.virtuoso.ade.simulationMonitor] -     WARNING (CMI-2943): Parameter checks have been ignored because the valid value for parameter 'trise' could not be found in 'C1'. {"history": "Interactive.356", "point": 12, "testname": "PTAT", "cornername": "CMOS_VDD_Res_Cap_Temp_10"}
[2026-06-03 11:58:39.130 Z] [WARN] [cadence.virtuoso.ade.simulationMonitor] -     WARNING (CMI-2943): Parameter checks have been ignored because the valid value for parameter 'trise' could not be found in 'C11'. {"history": "Interactive.356", "point": 12, "testname": "PTAT", "cornername": "CMOS_VDD_Res_Cap_Temp_10"}
[2026-06-03 11:58:39.130 Z] [WARN] [cadence.virtuoso.ade.simulationMonitor] -     WARNING (CMI-2943): Parameter checks have been ignored because the valid value for parameter 'trise' could not be found in 'C12'. {"history": "Interactive.356", "point": 12, "testname": "PTAT", "cornername": "CMOS_VDD_Res_Cap_Temp_10"}
[2026-06-03 11:58:39.131 Z] [WARN] [cadence.virtuoso.ade.simulationMonitor] -     WARNING (CMI-2943): Parameter checks have been ignored because the valid value for parameter 'trise' could not be found in 'C5'.
        Further occurrences of this warning will be suppressed. {"history": "Interactive.356", "point": 12, "testname": "PTAT", "cornername": "CMOS_VDD_Res_Cap_Temp_10"}
[2026-06-03 11:58:40.131 Z] [INFO] [cadence.virtuoso.ade.simulationMonitor] - Total time required for tran analysis `tran': CPU = 7.46363 s, elapsed = 1.66532 s, util. = 448%. {"history": "Interactive.356", "point": 12, "testname": "PTAT", "cornername": "CMOS_VDD_Res_Cap_Temp_10"}
[2026-06-03 11:58:40.132 Z] [INFO] [cadence.virtuoso.ade.simulationMonitor] - Peak resident memory used = 355 Mbytes. {"history": "Interactive.356", "point": 12, "testname": "PTAT", "cornername": "CMOS_VDD_Res_Cap_Temp_10"}
[2026-06-03 11:58:40.132 Z] [INFO] [cadence.virtuoso.ade.simulationMonitor] - Notice from spectre.
    1071 warnings suppressed. {"history": "Interactive.356", "point": 12, "testname": "PTAT", "cornername": "CMOS_VDD_Res_Cap_Temp_10"}
[2026-06-03 11:58:40.133 Z] [WARN] [cadence.virtuoso.ade.simulationMonitor] -     WARNING (CMI-2425): I7.I0.C0<0>_dummy: `Acde' = 2.393 is unusually large. {"history": "Interactive.356", "point": 12, "testname": "PTAT", "cornername": "CMOS_VDD_Res_Cap_Temp_10"}
[2026-06-03 11:58:40.133 Z] [WARN] [cadence.virtuoso.ade.simulationMonitor] -     WARNING (CMI-2425): I7.I0.C0<0>_dummy: `Noff' = 4.732 is unusually large. {"history": "Interactive.356", "point": 12, "testname": "PTAT", "cornername": "CMOS_VDD_Res_Cap_Temp_10"}
[2026-06-03 11:58:40.133 Z] [WARN] [cadence.virtuoso.ade.simulationMonitor] -     WARNING (CMI-2424): I7.I0.C0<0>_dummy: `Voffcv' = -867.4e-03 is unusually small. {"history": "Interactive.356", "point": 12, "testname": "PTAT", "cornername": "CMOS_VDD_Res_Cap_Temp_10"}
[2026-06-03 11:58:40.133 Z] [WARN] [cadence.virtuoso.ade.simulationMonitor] -     WARNING (CMI-2425): I7.I3.C1<0>_dummy: `Acde' = 2.393 is unusually large. {"history": "Interactive.356", "point": 12, "testname": "PTAT", "cornername": "CMOS_VDD_Res_Cap_Temp_10"}
[2026-06-03 11:58:40.133 Z] [WARN] [cadence.virtuoso.ade.simulationMonitor] -     WARNING (CMI-2425): I7.I3.C1<0>_dummy: `Noff' = 4.732 is unusually large. {"history": "Interactive.356", "point": 12, "testname": "PTAT", "cornername": "CMOS_VDD_Res_Cap_Temp_10"}
[2026-06-03 11:58:40.134 Z] [WARN] [cadence.virtuoso.ade.simulationMonitor] -     WARNING (CMI-2424): I7.I3.C1<0>_dummy: `Voffcv' = -867.4e-03 is unusually small. {"history": "Interactive.356", "point": 12, "testname": "PTAT", "cornername": "CMOS_VDD_Res_Cap_Temp_10"}
[2026-06-03 11:58:40.134 Z] [WARN] [cadence.virtuoso.ade.simulationMonitor] -     WARNING (CMI-2425): I7.I4.C1<0>_dummy: `Acde' = 2.393 is unusually large.
        Further occurrences of this warning will be suppressed. {"history": "Interactive.356", "point": 12, "testname": "PTAT", "cornername": "CMOS_VDD_Res_Cap_Temp_10"}
[2026-06-03 11:58:40.134 Z] [WARN] [cadence.virtuoso.ade.simulationMonitor] -     WARNING (CMI-2424): I7.I4.C1<0>_dummy: `Voffcv' = -867.4e-03 is unusually small. {"history": "Interactive.356", "point": 12, "testname": "PTAT", "cornername": "CMOS_VDD_Res_Cap_Temp_10"}
[2026-06-03 11:58:40.134 Z] [INFO] [cadence.virtuoso.ade.simulationMonitor] - Notice from spectre.
    1 warning suppressed. {"history": "Interactive.356", "point": 12, "testname": "PTAT", "cornername": "CMOS_VDD_Res_Cap_Temp_10"}
[2026-06-03 11:58:40.134 Z] [WARN] [cadence.virtuoso.ade.simulationMonitor] -     WARNING (CMI-2425): I7.I0.C0<0>_dummy: `Acde' = 2.393 is unusually large. {"history": "Interactive.356", "point": 12, "testname": "PTAT", "cornername": "CMOS_VDD_Res_Cap_Temp_10"}
[2026-06-03 11:58:40.135 Z] [WARN] [cadence.virtuoso.ade.simulationMonitor] -     WARNING (CMI-2425): I7.I0.C0<0>_dummy: `Noff' = 4.732 is unusually large. {"history": "Interactive.356", "point": 12, "testname": "PTAT", "cornername": "CMOS_VDD_Res_Cap_Temp_10"}
[2026-06-03 11:58:40.135 Z] [WARN] [cadence.virtuoso.ade.simulationMonitor] -     WARNING (CMI-2424): I7.I0.C0<0>_dummy: `Voffcv' = -867.4e-03 is unusually small. {"history": "Interactive.356", "point": 12, "testname": "PTAT", "cornername": "CMOS_VDD_Res_Cap_Temp_10"}
[2026-06-03 11:58:40.135 Z] [WARN] [cadence.virtuoso.ade.simulationMonitor] -     WARNING (CMI-2425): I7.I3.C1<0>_dummy: `Acde' = 2.393 is unusually large. {"history": "Interactive.356", "point": 12, "testname": "PTAT", "cornername": "CMOS_VDD_Res_Cap_Temp_10"}
[2026-06-03 11:58:40.135 Z] [WARN] [cadence.virtuoso.ade.simulationMonitor] -     WARNING (CMI-2425): I7.I3.C1<0>_dummy: `Noff' = 4.732 is unusually large. {"history": "Interactive.356", "point": 12, "testname": "PTAT", "cornername": "CMOS_VDD_Res_Cap_Temp_10"}
[2026-06-03 11:58:40.135 Z] [WARN] [cadence.virtuoso.ade.simulationMonitor] -     WARNING (CMI-2424): I7.I3.C1<0>_dummy: `Voffcv' = -867.4e-03 is unusually small. {"history": "Interactive.356", "point": 12, "testname": "PTAT", "cornername": "CMOS_VDD_Res_Cap_Temp_10"}
[2026-06-03 11:58:40.136 Z] [WARN] [cadence.virtuoso.ade.simulationMonitor] -     WARNING (CMI-2425): I7.I4.C1<0>_dummy: `Acde' = 2.393 is unusually large.
        Further occurrences of this warning will be suppressed. {"history": "Interactive.356", "point": 12, "testname": "PTAT", "cornername": "CMOS_VDD_Res_Cap_Temp_10"}
[2026-06-03 11:58:40.136 Z] [WARN] [cadence.virtuoso.ade.simulationMonitor] -     WARNING (CMI-2424): I7.I4.C1<0>_dummy: `Voffcv' = -867.4e-03 is unusually small. {"history": "Interactive.356", "point": 12, "testname": "PTAT", "cornername": "CMOS_VDD_Res_Cap_Temp_10"}
[2026-06-03 11:58:40.136 Z] [INFO] [cadence.virtuoso.ade.simulationMonitor] - Notice from spectre.
    1 warning suppressed. {"history": "Interactive.356", "point": 12, "testname": "PTAT", "cornername": "CMOS_VDD_Res_Cap_Temp_10"}
[2026-06-03 11:58:40.136 Z] [INFO] [cadence.virtuoso.ade.simulationMonitor] - Time used: CPU = 13.3 s, elapsed = 8.1 s, util. = 164%. {"history": "Interactive.356", "point": 12, "testname": "PTAT", "cornername": "CMOS_VDD_Res_Cap_Temp_10"}
[2026-06-03 11:58:40.136 Z] [INFO] [cadence.virtuoso.ade.simulationMonitor] - Time spent in licensing: elapsed = 92.4 ms. {"history": "Interactive.356", "point": 12, "testname": "PTAT", "cornername": "CMOS_VDD_Res_Cap_Temp_10"}
[2026-06-03 11:58:40.137 Z] [INFO] [cadence.virtuoso.ade.simulationMonitor] - Peak memory used = 355 Mbytes. {"history": "Interactive.356", "point": 12, "testname": "PTAT", "cornername": "CMOS_VDD_Res_Cap_Temp_10"}
[2026-06-03 11:58:40.139 Z] [PROCESS] [cadence.virtuoso.ade.simulationMonitor] - Simulation started at: 11:58:31 AM, Wed Jun 3, 2026, ended at: 11:58:39 AM, Wed Jun 3, 2026, with elapsed time (wall clock): 8.1 s. {"history": "Interactive.356", "point": 12, "testname": "PTAT", "cornername": "CMOS_VDD_Res_Cap_Temp_10"}
[2026-06-03 11:58:40.139 Z] [PROCESS] [cadence.virtuoso.ade.simulationMonitor] - spectre completes with 0 errors, 75 warnings, and 28 notices. {"history": "Interactive.356", "point": 12, "testname": "PTAT", "cornername": "CMOS_VDD_Res_Cap_Temp_10"}
[2026-06-03 11:58:40.640 Z] [PROCESS] [cadence.virtuoso.ade.simulationMonitor] - Finished simulating for one point {"hostname": "il2244vt26_hrahimi", "processid": 2498769, "history": "Interactive.356", "testname": "PTAT", "cornername": "CMOS_VDD_Res_Cap_Temp_10", "point": 12, "logfile": "/home/hrahimi/projects/POTENTIOSTAT_26/logs_hrahimi/logs0/Job19.log", "simid": "4"}
[2026-06-03 11:58:40.640 Z] [PROCESS] [cadence.virtuoso.ade.simulationMonitor] - Simulator exited {"hostname": "il2244vt26_hrahimi", "processid": 2498769, "history": "Interactive.356", "testname": "PTAT", "cornername": "CMOS_VDD_Res_Cap_Temp_10", "point": 12, "logfile": "/home/hrahimi/projects/POTENTIOSTAT_26/logs_hrahimi/logs0/Job19.log", "exitStatus": "0"}
[2026-06-03 11:58:40.640 Z] [PROCESS] [cadence.virtuoso.ade.simulationMonitor] - Finished Simulation {"hostname": "il2244vt26_hrahimi", "processid": 2498769, "history": "Interactive.356", "testname": "PTAT", "cornername": "CMOS_VDD_Res_Cap_Temp_10", "point": 12, "logfile": "/home/hrahimi/projects/POTENTIOSTAT_26/logs_hrahimi/logs0/Job19.log", "simid": "4"}
[2026-06-03 11:58:45.154 Z] [PROCESS] [cadence.virtuoso.ade.simulationMonitor] - Point Finished {"hostname": "il2244vt26_hrahimi", "processid": 2498769, "history": "Interactive.356", "testname": "PTAT", "cornername": "CMOS_VDD_Res_Cap_Temp_10", "point": 12, "logfile": "/home/hrahimi/projects/POTENTIOSTAT_26/logs_hrahimi/logs0/Job19.log"}
[2026-06-03 11:58:45.158 Z] [PROCESS] [cadence.virtuoso.ade.simulationMonitor] - HostInfo:
Host name (type):	il2244vt26_hrahimi (x86_64)
Operating system:	Linux 5.15.0-164-generic #174-Ubuntu SMP Fri Nov 14 20:25:16 UTC 2025 {"hostname": "il2244vt26_hrahimi", "processid": 2498769, "history": "Interactive.356", "testname": "PTAT", "cornername": "CMOS_VDD_Res_Cap_Temp_10", "point": 12, "logfile": "/home/hrahimi/projects/POTENTIOSTAT_26/logs_hrahimi/logs0/Job19.log", "nodename": "il2244vt26_hrahimi", "domainname": "(none)", "machine": "x86_64", "sysname": "Linux", "release": "5.15.0-164-generic", "version": "#174-Ubuntu SMP Fri Nov 14 20:25:16 UTC 2025"}
[2026-06-03 11:58:45.158 Z] [PROCESS] [cadence.virtuoso.ade.simulationMonitor] - UsageInfo:
pid=2498769
totalPhysicalMemory=3023.749672GB,Used=2712.501308GB,totalVirtualMemory=3031.749668GB,Used=2712.607754GB
Cpu: Cores=48, Load average:44.690000,40.220000,24.330000 {"hostname": "il2244vt26_hrahimi", "processid": 2498769, "history": "Interactive.356", "testname": "PTAT", "cornername": "CMOS_VDD_Res_Cap_Temp_10", "point": 12, "logfile": "/home/hrahimi/projects/POTENTIOSTAT_26/logs_hrahimi/logs0/Job19.log", "pid": "2498769", "totalPhysicalMemory": "3023.749672", "physicalMemoryUsed": "2712.501308", "totalVirtualMemory": "3031.749668", "virtualMemoryUsed": "2712.607754", "cpuCores": "48", "processes": "29729", "loadAverage1": "44.690000", "loadAverage5": "40.220000", "loadAverage15": "24.330000", "loadAverage1Percent": "0.931042"}
[2026-06-03 11:58:45.161 Z] [EVENT] [cadence.virtuoso.ade.simulationMonitor] - NewPoint {"history": "Interactive.356", "point": 12, "testname": "TIA_Gain_Linearity", "cornername": "CMOS_VDD_Res_Cap_Temp_10", "event": "NewPoint", "EventSource": "Simulation Monitor", "HistoryName": "Interactive.356", "logFile": "/home/hrahimi/projects/POTENTIOSTAT_26/logs_hrahimi/logs0/Job19.log", "logFileSize": "182138"}
[2026-06-03 11:58:45.264 Z] [EVENT] [cadence.virtuoso.ade.simulationMonitor] - NewPoint {"history": "Interactive.356", "point": 12, "testname": "TIA_Gain_Linearity", "cornername": "CMOS_VDD_Res_Cap_Temp_10", "event": "NewPoint", "EventSource": "spectre", "HistoryName": "Interactive.356", "logFile": "/home/hrahimi/projects/POTENTIOSTAT_26/Sim/Potentiostat_Top/top/maestro/results/maestro/Interactive.356/12/TIA_Gain_Linearity/psf/spectre.out", "logFileSize": "-1"}
[2026-06-03 11:58:45.280 Z] [PROCESS] [cadence.virtuoso.ade.simulationMonitor] - Simulator launched {"hostname": "il2244vt26_hrahimi", "processid": 2498769, "history": "Interactive.356", "testname": "TIA_Gain_Linearity", "cornername": "CMOS_VDD_Res_Cap_Temp_10", "point": 12, "logfile": "/home/hrahimi/projects/POTENTIOSTAT_26/logs_hrahimi/logs0/Job19.log", "simid": "5"}
[2026-06-03 11:58:45.347 Z] [PROCESS] [cadence.virtuoso.ade.simulationMonitor] - Started Simulation {"hostname": "il2244vt26_hrahimi", "processid": 2498769, "history": "Interactive.356", "testname": "TIA_Gain_Linearity", "cornername": "CMOS_VDD_Res_Cap_Temp_10", "point": 12, "logfile": "/home/hrahimi/projects/POTENTIOSTAT_26/logs_hrahimi/logs0/Job19.log", "event": "started", "task": "simulation"}
[2026-06-03 11:58:46.349 Z] [WARN] [cadence.virtuoso.ade.simulationMonitor] -     WARNING (SPECTRE-691): This CPU processor does not support x86 advanced vector extensions instructions. This may affect math operations and slow down the simulation. {"history": "Interactive.356", "point": 12, "testname": "TIA_Gain_Linearity", "cornername": "CMOS_VDD_Res_Cap_Temp_10"}
[2026-06-03 11:58:46.350 Z] [INFO] [cadence.virtuoso.ade.simulationMonitor] - Notice from spectre during circuit read-in.
    Pre_Configuration file used: /opt/tools/cadence/installs/SPECTRE241/tools.lnx86/spectre/etc/configs/preset.precfg
    Configuration file used: `/opt/tools/cadence/installs/SPECTRE241/tools.lnx86/spectre/etc/configs/preset.cfg'. {"history": "Interactive.356", "point": 12, "testname": "TIA_Gain_Linearity", "cornername": "CMOS_VDD_Res_Cap_Temp_10"}
[2026-06-03 11:58:46.350 Z] [WARN] [cadence.virtuoso.ade.simulationMonitor] -     WARNING (SPECTRE-8360): line 1511: `ac' is an undefined primitive device. {"history": "Interactive.356", "point": 12, "testname": "TIA_Gain_Linearity", "cornername": "CMOS_VDD_Res_Cap_Temp_10"}
[2026-06-03 11:58:46.351 Z] [WARN] [cadence.virtuoso.ade.simulationMonitor] -     WARNING (SPECTRE-8360): line 1512: `ac' is an undefined primitive device. {"history": "Interactive.356", "point": 12, "testname": "TIA_Gain_Linearity", "cornername": "CMOS_VDD_Res_Cap_Temp_10"}
[2026-06-03 11:58:46.351 Z] [WARN] [cadence.virtuoso.ade.simulationMonitor] -     WARNING (SPECTRE-8360): line 1513: `ac' is an undefined primitive device. {"history": "Interactive.356", "point": 12, "testname": "TIA_Gain_Linearity", "cornername": "CMOS_VDD_Res_Cap_Temp_10"}
[2026-06-03 11:58:46.351 Z] [WARN] [cadence.virtuoso.ade.simulationMonitor] -     WARNING (SPECTRE-8360): line 1514: `ac' is an undefined primitive device. {"history": "Interactive.356", "point": 12, "testname": "TIA_Gain_Linearity", "cornername": "CMOS_VDD_Res_Cap_Temp_10"}
[2026-06-03 11:58:46.351 Z] [WARN] [cadence.virtuoso.ade.simulationMonitor] -     WARNING (SPECTRE-8360): line 1515: `ac' is an undefined primitive device.
        Further occurrences of this warning will be suppressed. {"history": "Interactive.356", "point": 12, "testname": "TIA_Gain_Linearity", "cornername": "CMOS_VDD_Res_Cap_Temp_10"}
[2026-06-03 11:58:46.352 Z] [WARN] [cadence.virtuoso.ade.simulationMonitor] -     WARNING (VACOMP-2435): The environment variable CDS_AHDLCMI_ENABLE is no longer supported. Therefore, the simulator will use the default compiled C code flow. {"history": "Interactive.356", "point": 12, "testname": "TIA_Gain_Linearity", "cornername": "CMOS_VDD_Res_Cap_Temp_10"}
[2026-06-03 11:58:46.852 Z] [INFO] [cadence.virtuoso.ade.simulationMonitor] - Peak resident memory used = 194 Mbytes. {"history": "Interactive.356", "point": 12, "testname": "TIA_Gain_Linearity", "cornername": "CMOS_VDD_Res_Cap_Temp_10"}
[2026-06-03 11:58:46.853 Z] [WARN] [cadence.virtuoso.ade.simulationMonitor] -     WARNING (SFE-2649): Terminals of top-level instance `R50', in file`netlist', at line 1168, are connected. Remove the instance and rerun the simulation. {"history": "Interactive.356", "point": 12, "testname": "TIA_Gain_Linearity", "cornername": "CMOS_VDD_Res_Cap_Temp_10"}
[2026-06-03 11:58:46.853 Z] [WARN] [cadence.virtuoso.ade.simulationMonitor] -     WARNING (SFE-2649): Terminals of top-level instance `R48', in file`netlist', at line 1211, are connected. Remove the instance and rerun the simulation. {"history": "Interactive.356", "point": 12, "testname": "TIA_Gain_Linearity", "cornername": "CMOS_VDD_Res_Cap_Temp_10"}
[2026-06-03 11:58:47.354 Z] [WARN] [cadence.virtuoso.ade.simulationMonitor] -     WARNING (SFE-3027): The dangling resistor I2.rb144 is removed. {"history": "Interactive.356", "point": 12, "testname": "TIA_Gain_Linearity", "cornername": "CMOS_VDD_Res_Cap_Temp_10"}
[2026-06-03 11:58:47.354 Z] [WARN] [cadence.virtuoso.ade.simulationMonitor] -     WARNING (SFE-3027): The dangling resistor I2.rb241 is removed. {"history": "Interactive.356", "point": 12, "testname": "TIA_Gain_Linearity", "cornername": "CMOS_VDD_Res_Cap_Temp_10"}
[2026-06-03 11:58:47.355 Z] [WARN] [cadence.virtuoso.ade.simulationMonitor] -     WARNING (SFE-3027): The dangling resistor I2.rb613 is removed. {"history": "Interactive.356", "point": 12, "testname": "TIA_Gain_Linearity", "cornername": "CMOS_VDD_Res_Cap_Temp_10"}
[2026-06-03 11:58:47.355 Z] [WARN] [cadence.virtuoso.ade.simulationMonitor] -     WARNING (SFE-3027): The dangling resistor I2.rd794 is removed. {"history": "Interactive.356", "point": 12, "testname": "TIA_Gain_Linearity", "cornername": "CMOS_VDD_Res_Cap_Temp_10"}
[2026-06-03 11:58:47.355 Z] [WARN] [cadence.virtuoso.ade.simulationMonitor] -     WARNING (SFE-3012): The dummy device I0.I16.DLIB9 is removed. {"history": "Interactive.356", "point": 12, "testname": "TIA_Gain_Linearity", "cornername": "CMOS_VDD_Res_Cap_Temp_10"}
[2026-06-03 11:58:47.355 Z] [WARN] [cadence.virtuoso.ade.simulationMonitor] -     WARNING (SFE-3012): The dummy device I0.I15.DLIB9 is removed. {"history": "Interactive.356", "point": 12, "testname": "TIA_Gain_Linearity", "cornername": "CMOS_VDD_Res_Cap_Temp_10"}
[2026-06-03 11:58:47.355 Z] [WARN] [cadence.virtuoso.ade.simulationMonitor] -     WARNING (SFE-3012): The dummy device I0.I0.DLIB6 is removed. {"history": "Interactive.356", "point": 12, "testname": "TIA_Gain_Linearity", "cornername": "CMOS_VDD_Res_Cap_Temp_10"}
[2026-06-03 11:58:47.356 Z] [WARN] [cadence.virtuoso.ade.simulationMonitor] -     WARNING (SFE-3012): The dummy device I7.I2.MP12<0>_turbo_m34 is removed. {"history": "Interactive.356", "point": 12, "testname": "TIA_Gain_Linearity", "cornername": "CMOS_VDD_Res_Cap_Temp_10"}
[2026-06-03 11:58:47.356 Z] [WARN] [cadence.virtuoso.ade.simulationMonitor] -     WARNING (SFE-3012): The dummy device I0.I16.DLIB10 is removed.
        Further occurrences of this warning will be suppressed. {"history": "Interactive.356", "point": 12, "testname": "TIA_Gain_Linearity", "cornername": "CMOS_VDD_Res_Cap_Temp_10"}
[2026-06-03 11:58:47.356 Z] [WARN] [cadence.virtuoso.ade.simulationMonitor] -     WARNING (SFE-3029): The dummy capacitor I7.I0.R3.CS1 is removed. {"history": "Interactive.356", "point": 12, "testname": "TIA_Gain_Linearity", "cornername": "CMOS_VDD_Res_Cap_Temp_10"}
[2026-06-03 11:58:47.356 Z] [WARN] [cadence.virtuoso.ade.simulationMonitor] -     WARNING (SFE-3027): The dangling resistor I2.re2693 is removed.
        Further occurrences of this warning will be suppressed. {"history": "Interactive.356", "point": 12, "testname": "TIA_Gain_Linearity", "cornername": "CMOS_VDD_Res_Cap_Temp_10"}
[2026-06-03 11:58:47.356 Z] [WARN] [cadence.virtuoso.ade.simulationMonitor] -     WARNING (SFE-3029): The dummy capacitor I7.I13_turbo_m5.C0.C1 is removed. {"history": "Interactive.356", "point": 12, "testname": "TIA_Gain_Linearity", "cornername": "CMOS_VDD_Res_Cap_Temp_10"}
[2026-06-03 11:58:47.356 Z] [WARN] [cadence.virtuoso.ade.simulationMonitor] -     WARNING (SFE-3029): The dummy capacitor I7.I10_turbo_m4.C0.C1 is removed. {"history": "Interactive.356", "point": 12, "testname": "TIA_Gain_Linearity", "cornername": "CMOS_VDD_Res_Cap_Temp_10"}
[2026-06-03 11:58:47.357 Z] [WARN] [cadence.virtuoso.ade.simulationMonitor] -     WARNING (SFE-3029): The dummy capacitor I7.I1.R2.CS1 is removed. {"history": "Interactive.356", "point": 12, "testname": "TIA_Gain_Linearity", "cornername": "CMOS_VDD_Res_Cap_Temp_10"}
[2026-06-03 11:58:47.357 Z] [WARN] [cadence.virtuoso.ade.simulationMonitor] -     WARNING (SFE-3028): The floating resistor R8 is removed. {"history": "Interactive.356", "point": 12, "testname": "TIA_Gain_Linearity", "cornername": "CMOS_VDD_Res_Cap_Temp_10"}
[2026-06-03 11:58:47.357 Z] [WARN] [cadence.virtuoso.ade.simulationMonitor] -     WARNING (SFE-3029): The dummy capacitor I7.I4.R31.CS1 is removed.
        Further occurrences of this warning will be suppressed. {"history": "Interactive.356", "point": 12, "testname": "TIA_Gain_Linearity", "cornername": "CMOS_VDD_Res_Cap_Temp_10"}
[2026-06-03 11:58:47.357 Z] [WARN] [cadence.virtuoso.ade.simulationMonitor] -     WARNING (SFE-3015): The dangling node I2.210\:GNDA is removed. {"history": "Interactive.356", "point": 12, "testname": "TIA_Gain_Linearity", "cornername": "CMOS_VDD_Res_Cap_Temp_10"}
[2026-06-03 11:58:47.358 Z] [WARN] [cadence.virtuoso.ade.simulationMonitor] -     WARNING (SFE-3015): The dangling node I2.222\:POT_OUT is removed. {"history": "Interactive.356", "point": 12, "testname": "TIA_Gain_Linearity", "cornername": "CMOS_VDD_Res_Cap_Temp_10"}
[2026-06-03 11:58:47.358 Z] [WARN] [cadence.virtuoso.ade.simulationMonitor] -     WARNING (SFE-3015): The dangling node I2.13\:I25|I35|SN is removed. {"history": "Interactive.356", "point": 12, "testname": "TIA_Gain_Linearity", "cornername": "CMOS_VDD_Res_Cap_Temp_10"}
[2026-06-03 11:58:47.358 Z] [WARN] [cadence.virtuoso.ade.simulationMonitor] -     WARNING (SFE-3015): The dangling node I2.29\:Calib_EN is removed. {"history": "Interactive.356", "point": 12, "testname": "TIA_Gain_Linearity", "cornername": "CMOS_VDD_Res_Cap_Temp_10"}
[2026-06-03 11:58:47.358 Z] [WARN] [cadence.virtuoso.ade.simulationMonitor] -     WARNING (SFE-3015): The dangling node I2.693\:VPI is removed.
        Further occurrences of this warning will be suppressed. {"history": "Interactive.356", "point": 12, "testname": "TIA_Gain_Linearity", "cornername": "CMOS_VDD_Res_Cap_Temp_10"}
[2026-06-03 11:58:47.358 Z] [WARN] [cadence.virtuoso.ade.simulationMonitor] -     WARNING (SFE-3016): The floating node net74 is removed. {"history": "Interactive.356", "point": 12, "testname": "TIA_Gain_Linearity", "cornername": "CMOS_VDD_Res_Cap_Temp_10"}
[2026-06-03 11:58:47.359 Z] [WARN] [cadence.virtuoso.ade.simulationMonitor] -     WARNING (SFE-3016): The floating node net73 is removed. {"history": "Interactive.356", "point": 12, "testname": "TIA_Gain_Linearity", "cornername": "CMOS_VDD_Res_Cap_Temp_10"}
[2026-06-03 11:58:47.359 Z] [INFO] [cadence.virtuoso.ade.simulationMonitor] - Notice from spectre during hierarchy flattening.
    Spectre X Parasitic Optimization enabled.
    Parasitic optimization will filter out parasitic nodes, nodes only connected to RCs, by default. To view individual parasitic nodes use individual save statements (i.e. save out), or use the 'savefilter=none' option to save all parasitic nodes. Saving all parasitic nodes may slow down simulation and create large waveform files. {"history": "Interactive.356", "point": 12, "testname": "TIA_Gain_Linearity", "cornername": "CMOS_VDD_Res_Cap_Temp_10"}
[2026-06-03 11:58:47.360 Z] [INFO] [cadence.virtuoso.ade.simulationMonitor] - Peak resident memory used = 224 Mbytes. {"history": "Interactive.356", "point": 12, "testname": "TIA_Gain_Linearity", "cornername": "CMOS_VDD_Res_Cap_Temp_10"}
[2026-06-03 11:58:47.360 Z] [INFO] [cadence.virtuoso.ade.simulationMonitor] - Notice from spectre during hierarchy flattening.
    The value 'psf' specified for the 'checklimitdest' option will no longer be supported in future releases. Use 'spectre -h' to see other recommended values for the 'checklimitdest' option.
    I0.I46.RLIB_GC1.CS0 of rpoly1c: `c' has the unusually small value of 634.694e-21 F.
    I0.I46.RLIB_GC1.CS1 of rpoly1c: `c' has the unusually small value of 634.694e-21 F.
    I0.I45.RLIB_GC1.CS0 of rpoly1c: `c' has the unusually small value of 634.694e-21 F.
    I0... {"history": "Interactive.356", "point": 12, "testname": "TIA_Gain_Linearity", "cornername": "CMOS_VDD_Res_Cap_Temp_10"}
[2026-06-03 11:58:47.861 Z] [INFO] [cadence.virtuoso.ade.simulationMonitor] - Notice from spectre during hierarchy flattening.
    V8: `period' has the unusually large value of 100 s.
    V7: `period' has the unusually large value of 10 s.
    V3: `period' has the unusually large value of 6 s.
    I26: `period' has the unusually large value of 6 s. {"history": "Interactive.356", "point": 12, "testname": "TIA_Gain_Linearity", "cornername": "CMOS_VDD_Res_Cap_Temp_10"}
[2026-06-03 11:58:47.862 Z] [INFO] [cadence.virtuoso.ade.simulationMonitor] - Peak resident memory used = 234 Mbytes. {"history": "Interactive.356", "point": 12, "testname": "TIA_Gain_Linearity", "cornername": "CMOS_VDD_Res_Cap_Temp_10"}
[2026-06-03 11:58:47.862 Z] [WARN] [cadence.virtuoso.ade.simulationMonitor] -     WARNING (CMI-2425): I2.I56|C3: `Acde' = 2.393 is unusually large. {"history": "Interactive.356", "point": 12, "testname": "TIA_Gain_Linearity", "cornername": "CMOS_VDD_Res_Cap_Temp_10"}
[2026-06-03 11:58:47.862 Z] [WARN] [cadence.virtuoso.ade.simulationMonitor] -     WARNING (CMI-2425): I2.I56|C3: `Noff' = 4.732 is unusually large. {"history": "Interactive.356", "point": 12, "testname": "TIA_Gain_Linearity", "cornername": "CMOS_VDD_Res_Cap_Temp_10"}
[2026-06-03 11:58:47.862 Z] [WARN] [cadence.virtuoso.ade.simulationMonitor] -     WARNING (CMI-2424): I2.I56|C3: `Voffcv' = -867.4e-03 is unusually small. {"history": "Interactive.356", "point": 12, "testname": "TIA_Gain_Linearity", "cornername": "CMOS_VDD_Res_Cap_Temp_10"}
[2026-06-03 11:58:47.863 Z] [WARN] [cadence.virtuoso.ade.simulationMonitor] -     WARNING (CMI-2425): I2.I56|C4: `Acde' = 2.393 is unusually large. {"history": "Interactive.356", "point": 12, "testname": "TIA_Gain_Linearity", "cornername": "CMOS_VDD_Res_Cap_Temp_10"}
[2026-06-03 11:58:47.863 Z] [WARN] [cadence.virtuoso.ade.simulationMonitor] -     WARNING (CMI-2425): I2.I56|C4: `Noff' = 4.732 is unusually large. {"history": "Interactive.356", "point": 12, "testname": "TIA_Gain_Linearity", "cornername": "CMOS_VDD_Res_Cap_Temp_10"}
[2026-06-03 11:58:47.863 Z] [WARN] [cadence.virtuoso.ade.simulationMonitor] -     WARNING (CMI-2424): I2.I56|C4: `Voffcv' = -867.4e-03 is unusually small. {"history": "Interactive.356", "point": 12, "testname": "TIA_Gain_Linearity", "cornername": "CMOS_VDD_Res_Cap_Temp_10"}
[2026-06-03 11:58:47.863 Z] [WARN] [cadence.virtuoso.ade.simulationMonitor] -     WARNING (CMI-2425): I2.I56|C5: `Acde' = 2.393 is unusually large.
        Further occurrences of this warning will be suppressed. {"history": "Interactive.356", "point": 12, "testname": "TIA_Gain_Linearity", "cornername": "CMOS_VDD_Res_Cap_Temp_10"}
[2026-06-03 11:58:47.864 Z] [WARN] [cadence.virtuoso.ade.simulationMonitor] -     WARNING (CMI-2424): I2.I56|C5: `Voffcv' = -867.4e-03 is unusually small. {"history": "Interactive.356", "point": 12, "testname": "TIA_Gain_Linearity", "cornername": "CMOS_VDD_Res_Cap_Temp_10"}
[2026-06-03 11:58:47.864 Z] [WARN] [cadence.virtuoso.ade.simulationMonitor] -     WARNING (CMI-2424): I7.I4.C1<0>_turbo_m11: `Voffcv' = -867.4e-03 is unusually small. {"history": "Interactive.356", "point": 12, "testname": "TIA_Gain_Linearity", "cornername": "CMOS_VDD_Res_Cap_Temp_10"}
[2026-06-03 11:58:47.864 Z] [WARN] [cadence.virtuoso.ade.simulationMonitor] -     WARNING (CMI-2424): I7.I3.C1<0>_turbo_m6: `Voffcv' = -867.4e-03 is unusually small.
        Further occurrences of this warning will be suppressed. {"history": "Interactive.356", "point": 12, "testname": "TIA_Gain_Linearity", "cornername": "CMOS_VDD_Res_Cap_Temp_10"}
[2026-06-03 11:58:48.865 Z] [WARN] [cadence.virtuoso.ade.simulationMonitor] -     WARNING (SPECTRE-16460): SOAC_esdgcp5_vcpsub:Specified subcircuit master `esdgcp5' was not found. {"history": "Interactive.356", "point": 12, "testname": "TIA_Gain_Linearity", "cornername": "CMOS_VDD_Res_Cap_Temp_10"}
[2026-06-03 11:58:48.866 Z] [WARN] [cadence.virtuoso.ade.simulationMonitor] -     WARNING (SPECTRE-16462): SOAC_esdgcp5_vcpsub:Error in specification of subcircuit master. Assert is ignored. {"history": "Interactive.356", "point": 12, "testname": "TIA_Gain_Linearity", "cornername": "CMOS_VDD_Res_Cap_Temp_10"}
[2026-06-03 11:58:48.866 Z] [WARN] [cadence.virtuoso.ade.simulationMonitor] -     WARNING (SPECTRE-16460): SOAC_esdgcp5_vac:Specified subcircuit master `esdgcp5' was not found. {"history": "Interactive.356", "point": 12, "testname": "TIA_Gain_Linearity", "cornername": "CMOS_VDD_Res_Cap_Temp_10"}
[2026-06-03 11:58:48.866 Z] [WARN] [cadence.virtuoso.ade.simulationMonitor] -     WARNING (SPECTRE-16462): SOAC_esdgcp5_vac:Error in specification of subcircuit master. Assert is ignored. {"history": "Interactive.356", "point": 12, "testname": "TIA_Gain_Linearity", "cornername": "CMOS_VDD_Res_Cap_Temp_10"}
[2026-06-03 11:58:48.866 Z] [WARN] [cadence.virtuoso.ade.simulationMonitor] -     WARNING (SPECTRE-16460): SOAC_esdgcn5_vac:Specified subcircuit master `esdgcn5' was not found. {"history": "Interactive.356", "point": 12, "testname": "TIA_Gain_Linearity", "cornername": "CMOS_VDD_Res_Cap_Temp_10"}
[2026-06-03 11:58:48.867 Z] [WARN] [cadence.virtuoso.ade.simulationMonitor] -     WARNING (SPECTRE-16462): SOAC_esdgcn5_vac:Error in specification of subcircuit master. Assert is ignored. {"history": "Interactive.356", "point": 12, "testname": "TIA_Gain_Linearity", "cornername": "CMOS_VDD_Res_Cap_Temp_10"}
[2026-06-03 11:58:48.867 Z] [WARN] [cadence.virtuoso.ade.simulationMonitor] -     WARNING (SPECTRE-16460): SOAC_esdfdp5_vcpsub:Specified subcircuit master `esdfdp5' was not found. {"history": "Interactive.356", "point": 12, "testname": "TIA_Gain_Linearity", "cornername": "CMOS_VDD_Res_Cap_Temp_10"}
[2026-06-03 11:58:48.867 Z] [WARN] [cadence.virtuoso.ade.simulationMonitor] -     WARNING (SPECTRE-16462): SOAC_esdfdp5_vcpsub:Error in specification of subcircuit master. Assert is ignored. {"history": "Interactive.356", "point": 12, "testname": "TIA_Gain_Linearity", "cornername": "CMOS_VDD_Res_Cap_Temp_10"}
[2026-06-03 11:58:48.867 Z] [WARN] [cadence.virtuoso.ade.simulationMonitor] -     WARNING (SPECTRE-16460): SOAC_esdfdp5_vac:Specified subcircuit master `esdfdp5' was not found.
        Further occurrences of this warning will be suppressed. {"history": "Interactive.356", "point": 12, "testname": "TIA_Gain_Linearity", "cornername": "CMOS_VDD_Res_Cap_Temp_10"}
[2026-06-03 11:58:48.867 Z] [WARN] [cadence.virtuoso.ade.simulationMonitor] -     WARNING (SPECTRE-16462): SOAC_esdfdp5_vac:Error in specification of subcircuit master. Assert is ignored.
        Further occurrences of this warning will be suppressed. {"history": "Interactive.356", "point": 12, "testname": "TIA_Gain_Linearity", "cornername": "CMOS_VDD_Res_Cap_Temp_10"}
[2026-06-03 11:58:48.868 Z] [WARN] [cadence.virtuoso.ade.simulationMonitor] -     WARNING (SPECTRE-17607): Assert `SOAC_vert10_vsubpsub' is ignored because it contains an expression which is invalid or not supported by native evaluator.  {"history": "Interactive.356", "point": 12, "testname": "TIA_Gain_Linearity", "cornername": "CMOS_VDD_Res_Cap_Temp_10"}
[2026-06-03 11:58:48.868 Z] [WARN] [cadence.virtuoso.ade.simulationMonitor] -     WARNING (SPECTRE-17607): Assert `SOAC_vert10_vcsub' is ignored because it contains an expression which is invalid or not supported by native evaluator.  {"history": "Interactive.356", "point": 12, "testname": "TIA_Gain_Linearity", "cornername": "CMOS_VDD_Res_Cap_Temp_10"}
[2026-06-03 11:58:49.368 Z] [INFO] [cadence.virtuoso.ade.simulationMonitor] - Notice from spectre during topology check.
    Only one connection to the following 1898 nodes:
        I0.I46.RLIB_GC1.R1.psub!
        I0.I46.RLIB_GC1.R2.psub!
        I0.I46.MNLIB_DR1.M_esdnmos4.psub!
        I0.I46.DLIB2.psub!
        I0.I46.DLIB1.psub!
        Further occurrences of this notice will be suppressed. {"history": "Interactive.356", "point": 12, "testname": "TIA_Gain_Linearity", "cornername": "CMOS_VDD_Res_Cap_Temp_10"}
[2026-06-03 11:58:51.873 Z] [INFO] [cadence.virtuoso.ade.simulationMonitor] -               nodes 15748 {"history": "Interactive.356", "point": 12, "testname": "TIA_Gain_Linearity", "cornername": "CMOS_VDD_Res_Cap_Temp_10"}
[2026-06-03 11:58:51.873 Z] [INFO] [cadence.virtuoso.ade.simulationMonitor] - Notice from spectre during initial setup.
    7 resistors are shorted because their absolute value is less than or equal to 'rabsshort'.
    3 vsources are shorted because their absolute value is less than or equal to 'vabsshort'.
    4 resistors are changed to resistance form because their value are less than 'rthresh'.
    Spectre X preset=cx enabled.
    44 notices suppressed.
    138 warnings suppressed. {"history": "Interactive.356", "point": 12, "testname": "TIA_Gain_Linearity", "cornername": "CMOS_VDD_Res_Cap_Temp_10"}
[2026-06-03 11:58:52.375 Z] [INFO] [cadence.virtuoso.ade.simulationMonitor] - Notice from spectre.
    Multithreading enabled: 8 threads in the system with 48 available processors. {"history": "Interactive.356", "point": 12, "testname": "TIA_Gain_Linearity", "cornername": "CMOS_VDD_Res_Cap_Temp_10"}
[2026-06-03 11:58:52.375 Z] [INFO] [cadence.virtuoso.ade.simulationMonitor] - Peak resident memory used = 293 Mbytes. {"history": "Interactive.356", "point": 12, "testname": "TIA_Gain_Linearity", "cornername": "CMOS_VDD_Res_Cap_Temp_10"}
[2026-06-03 11:58:52.375 Z] [INFO] [cadence.virtuoso.ade.simulationMonitor] -    -   (Spectre X) Multi-threading. The recommended number of threads is [4, 8], consider adding +mt=4 or +mt=8 on command line. {"history": "Interactive.356", "point": 12, "testname": "TIA_Gain_Linearity", "cornername": "CMOS_VDD_Res_Cap_Temp_10"}
[2026-06-03 11:58:52.376 Z] [INFO] [cadence.virtuoso.ade.simulationMonitor] - Notice from spectre during transient analysis `tran'.
    No checklimit analysis defined for asserts. A default checklimit analysis 'SpectreChecklimitAnal' has been created with all asserts enabled. {"history": "Interactive.356", "point": 12, "testname": "TIA_Gain_Linearity", "cornername": "CMOS_VDD_Res_Cap_Temp_10"}
[2026-06-03 11:58:52.876 Z] [INFO] [cadence.virtuoso.ade.simulationMonitor] - Notice from spectre during IC analysis, during transient analysis `tran'.
    Bad pivoting is found during DC analysis. Option dc_pivot_check=yes is recommended for possible improvement of convergence. {"history": "Interactive.356", "point": 12, "testname": "TIA_Gain_Linearity", "cornername": "CMOS_VDD_Res_Cap_Temp_10"}
[2026-06-03 11:58:52.877 Z] [WARN] [cadence.virtuoso.ade.simulationMonitor] -     WARNING (CMI-2943): Parameter checks have been ignored because the valid value for parameter 'trise' could not be found in 'C0'. {"history": "Interactive.356", "point": 12, "testname": "TIA_Gain_Linearity", "cornername": "CMOS_VDD_Res_Cap_Temp_10"}
[2026-06-03 11:58:52.878 Z] [WARN] [cadence.virtuoso.ade.simulationMonitor] -     WARNING (CMI-2943): Parameter checks have been ignored because the valid value for parameter 'trise' could not be found in 'C1'. {"history": "Interactive.356", "point": 12, "testname": "TIA_Gain_Linearity", "cornername": "CMOS_VDD_Res_Cap_Temp_10"}
[2026-06-03 11:58:52.878 Z] [WARN] [cadence.virtuoso.ade.simulationMonitor] -     WARNING (CMI-2943): Parameter checks have been ignored because the valid value for parameter 'trise' could not be found in 'C11'. {"history": "Interactive.356", "point": 12, "testname": "TIA_Gain_Linearity", "cornername": "CMOS_VDD_Res_Cap_Temp_10"}
[2026-06-03 11:58:52.878 Z] [WARN] [cadence.virtuoso.ade.simulationMonitor] -     WARNING (CMI-2943): Parameter checks have been ignored because the valid value for parameter 'trise' could not be found in 'C12'. {"history": "Interactive.356", "point": 12, "testname": "TIA_Gain_Linearity", "cornername": "CMOS_VDD_Res_Cap_Temp_10"}
[2026-06-03 11:58:52.879 Z] [WARN] [cadence.virtuoso.ade.simulationMonitor] -     WARNING (CMI-2943): Parameter checks have been ignored because the valid value for parameter 'trise' could not be found in 'C5'.
        Further occurrences of this warning will be suppressed. {"history": "Interactive.356", "point": 12, "testname": "TIA_Gain_Linearity", "cornername": "CMOS_VDD_Res_Cap_Temp_10"}
[2026-06-03 11:59:07.384 Z] [INFO] [cadence.virtuoso.ade.simulationMonitor] - Total time required for tran analysis `tran': CPU = 97.9578 s (1m  38.0s), elapsed = 15.2302 s, util. = 643%. {"history": "Interactive.356", "point": 12, "testname": "TIA_Gain_Linearity", "cornername": "CMOS_VDD_Res_Cap_Temp_10"}
[2026-06-03 11:59:07.385 Z] [INFO] [cadence.virtuoso.ade.simulationMonitor] - Peak resident memory used = 357 Mbytes. {"history": "Interactive.356", "point": 12, "testname": "TIA_Gain_Linearity", "cornername": "CMOS_VDD_Res_Cap_Temp_10"}
[2026-06-03 11:59:07.385 Z] [INFO] [cadence.virtuoso.ade.simulationMonitor] - Notice from spectre.
    1071 warnings suppressed. {"history": "Interactive.356", "point": 12, "testname": "TIA_Gain_Linearity", "cornername": "CMOS_VDD_Res_Cap_Temp_10"}
[2026-06-03 11:59:07.385 Z] [WARN] [cadence.virtuoso.ade.simulationMonitor] -     WARNING (CMI-2425): I7.I0.C0<0>_dummy: `Acde' = 2.393 is unusually large. {"history": "Interactive.356", "point": 12, "testname": "TIA_Gain_Linearity", "cornername": "CMOS_VDD_Res_Cap_Temp_10"}
[2026-06-03 11:59:07.385 Z] [WARN] [cadence.virtuoso.ade.simulationMonitor] -     WARNING (CMI-2425): I7.I0.C0<0>_dummy: `Noff' = 4.732 is unusually large. {"history": "Interactive.356", "point": 12, "testname": "TIA_Gain_Linearity", "cornername": "CMOS_VDD_Res_Cap_Temp_10"}
[2026-06-03 11:59:07.386 Z] [WARN] [cadence.virtuoso.ade.simulationMonitor] -     WARNING (CMI-2424): I7.I0.C0<0>_dummy: `Voffcv' = -867.4e-03 is unusually small. {"history": "Interactive.356", "point": 12, "testname": "TIA_Gain_Linearity", "cornername": "CMOS_VDD_Res_Cap_Temp_10"}
[2026-06-03 11:59:07.386 Z] [WARN] [cadence.virtuoso.ade.simulationMonitor] -     WARNING (CMI-2425): I7.I3.C1<0>_dummy: `Acde' = 2.393 is unusually large. {"history": "Interactive.356", "point": 12, "testname": "TIA_Gain_Linearity", "cornername": "CMOS_VDD_Res_Cap_Temp_10"}
[2026-06-03 11:59:07.386 Z] [WARN] [cadence.virtuoso.ade.simulationMonitor] -     WARNING (CMI-2425): I7.I3.C1<0>_dummy: `Noff' = 4.732 is unusually large. {"history": "Interactive.356", "point": 12, "testname": "TIA_Gain_Linearity", "cornername": "CMOS_VDD_Res_Cap_Temp_10"}
[2026-06-03 11:59:07.386 Z] [WARN] [cadence.virtuoso.ade.simulationMonitor] -     WARNING (CMI-2424): I7.I3.C1<0>_dummy: `Voffcv' = -867.4e-03 is unusually small. {"history": "Interactive.356", "point": 12, "testname": "TIA_Gain_Linearity", "cornername": "CMOS_VDD_Res_Cap_Temp_10"}
[2026-06-03 11:59:07.386 Z] [WARN] [cadence.virtuoso.ade.simulationMonitor] -     WARNING (CMI-2425): I7.I4.C1<0>_dummy: `Acde' = 2.393 is unusually large.
        Further occurrences of this warning will be suppressed. {"history": "Interactive.356", "point": 12, "testname": "TIA_Gain_Linearity", "cornername": "CMOS_VDD_Res_Cap_Temp_10"}
[2026-06-03 11:59:07.387 Z] [WARN] [cadence.virtuoso.ade.simulationMonitor] -     WARNING (CMI-2424): I7.I4.C1<0>_dummy: `Voffcv' = -867.4e-03 is unusually small. {"history": "Interactive.356", "point": 12, "testname": "TIA_Gain_Linearity", "cornername": "CMOS_VDD_Res_Cap_Temp_10"}
[2026-06-03 11:59:07.387 Z] [INFO] [cadence.virtuoso.ade.simulationMonitor] - Notice from spectre.
    1 warning suppressed. {"history": "Interactive.356", "point": 12, "testname": "TIA_Gain_Linearity", "cornername": "CMOS_VDD_Res_Cap_Temp_10"}
[2026-06-03 11:59:07.387 Z] [WARN] [cadence.virtuoso.ade.simulationMonitor] -     WARNING (CMI-2425): I7.I0.C0<0>_dummy: `Acde' = 2.393 is unusually large. {"history": "Interactive.356", "point": 12, "testname": "TIA_Gain_Linearity", "cornername": "CMOS_VDD_Res_Cap_Temp_10"}
[2026-06-03 11:59:07.387 Z] [WARN] [cadence.virtuoso.ade.simulationMonitor] -     WARNING (CMI-2425): I7.I0.C0<0>_dummy: `Noff' = 4.732 is unusually large. {"history": "Interactive.356", "point": 12, "testname": "TIA_Gain_Linearity", "cornername": "CMOS_VDD_Res_Cap_Temp_10"}
[2026-06-03 11:59:07.387 Z] [WARN] [cadence.virtuoso.ade.simulationMonitor] -     WARNING (CMI-2424): I7.I0.C0<0>_dummy: `Voffcv' = -867.4e-03 is unusually small. {"history": "Interactive.356", "point": 12, "testname": "TIA_Gain_Linearity", "cornername": "CMOS_VDD_Res_Cap_Temp_10"}
[2026-06-03 11:59:07.388 Z] [WARN] [cadence.virtuoso.ade.simulationMonitor] -     WARNING (CMI-2425): I7.I3.C1<0>_dummy: `Acde' = 2.393 is unusually large. {"history": "Interactive.356", "point": 12, "testname": "TIA_Gain_Linearity", "cornername": "CMOS_VDD_Res_Cap_Temp_10"}
[2026-06-03 11:59:07.388 Z] [WARN] [cadence.virtuoso.ade.simulationMonitor] -     WARNING (CMI-2425): I7.I3.C1<0>_dummy: `Noff' = 4.732 is unusually large. {"history": "Interactive.356", "point": 12, "testname": "TIA_Gain_Linearity", "cornername": "CMOS_VDD_Res_Cap_Temp_10"}
[2026-06-03 11:59:07.388 Z] [WARN] [cadence.virtuoso.ade.simulationMonitor] -     WARNING (CMI-2424): I7.I3.C1<0>_dummy: `Voffcv' = -867.4e-03 is unusually small. {"history": "Interactive.356", "point": 12, "testname": "TIA_Gain_Linearity", "cornername": "CMOS_VDD_Res_Cap_Temp_10"}
[2026-06-03 11:59:07.388 Z] [WARN] [cadence.virtuoso.ade.simulationMonitor] -     WARNING (CMI-2425): I7.I4.C1<0>_dummy: `Acde' = 2.393 is unusually large.
        Further occurrences of this warning will be suppressed. {"history": "Interactive.356", "point": 12, "testname": "TIA_Gain_Linearity", "cornername": "CMOS_VDD_Res_Cap_Temp_10"}
[2026-06-03 11:59:07.389 Z] [WARN] [cadence.virtuoso.ade.simulationMonitor] -     WARNING (CMI-2424): I7.I4.C1<0>_dummy: `Voffcv' = -867.4e-03 is unusually small. {"history": "Interactive.356", "point": 12, "testname": "TIA_Gain_Linearity", "cornername": "CMOS_VDD_Res_Cap_Temp_10"}
[2026-06-03 11:59:07.389 Z] [INFO] [cadence.virtuoso.ade.simulationMonitor] - Notice from spectre.
    1 warning suppressed. {"history": "Interactive.356", "point": 12, "testname": "TIA_Gain_Linearity", "cornername": "CMOS_VDD_Res_Cap_Temp_10"}
[2026-06-03 11:59:07.890 Z] [INFO] [cadence.virtuoso.ade.simulationMonitor] - Time used: CPU = 106 s (1m  45.5s), elapsed = 21.8 s, util. = 485%. {"history": "Interactive.356", "point": 12, "testname": "TIA_Gain_Linearity", "cornername": "CMOS_VDD_Res_Cap_Temp_10"}
[2026-06-03 11:59:07.890 Z] [INFO] [cadence.virtuoso.ade.simulationMonitor] - Time spent in licensing: elapsed = 92 ms. {"history": "Interactive.356", "point": 12, "testname": "TIA_Gain_Linearity", "cornername": "CMOS_VDD_Res_Cap_Temp_10"}
[2026-06-03 11:59:07.892 Z] [INFO] [cadence.virtuoso.ade.simulationMonitor] - Peak memory used = 357 Mbytes. {"history": "Interactive.356", "point": 12, "testname": "TIA_Gain_Linearity", "cornername": "CMOS_VDD_Res_Cap_Temp_10"}
[2026-06-03 11:59:07.893 Z] [PROCESS] [cadence.virtuoso.ade.simulationMonitor] - Simulation started at: 11:58:45 AM, Wed Jun 3, 2026, ended at: 11:59:07 AM, Wed Jun 3, 2026, with elapsed time (wall clock): 21.8 s. {"history": "Interactive.356", "point": 12, "testname": "TIA_Gain_Linearity", "cornername": "CMOS_VDD_Res_Cap_Temp_10"}
[2026-06-03 11:59:07.893 Z] [PROCESS] [cadence.virtuoso.ade.simulationMonitor] - spectre completes with 0 errors, 75 warnings, and 28 notices. {"history": "Interactive.356", "point": 12, "testname": "TIA_Gain_Linearity", "cornername": "CMOS_VDD_Res_Cap_Temp_10"}
[2026-06-03 11:59:07.893 Z] [PROCESS] [cadence.virtuoso.ade.simulationMonitor] - Finished simulating for one point {"hostname": "il2244vt26_hrahimi", "processid": 2498769, "history": "Interactive.356", "testname": "TIA_Gain_Linearity", "cornername": "CMOS_VDD_Res_Cap_Temp_10", "point": 12, "logfile": "/home/hrahimi/projects/POTENTIOSTAT_26/logs_hrahimi/logs0/Job19.log", "simid": "5"}
[2026-06-03 11:59:07.893 Z] [PROCESS] [cadence.virtuoso.ade.simulationMonitor] - Simulator exited {"hostname": "il2244vt26_hrahimi", "processid": 2498769, "history": "Interactive.356", "testname": "TIA_Gain_Linearity", "cornername": "CMOS_VDD_Res_Cap_Temp_10", "point": 12, "logfile": "/home/hrahimi/projects/POTENTIOSTAT_26/logs_hrahimi/logs0/Job19.log", "exitStatus": "0"}
[2026-06-03 11:59:07.894 Z] [PROCESS] [cadence.virtuoso.ade.simulationMonitor] - Finished Simulation {"hostname": "il2244vt26_hrahimi", "processid": 2498769, "history": "Interactive.356", "testname": "TIA_Gain_Linearity", "cornername": "CMOS_VDD_Res_Cap_Temp_10", "point": 12, "logfile": "/home/hrahimi/projects/POTENTIOSTAT_26/logs_hrahimi/logs0/Job19.log", "simid": "5"}
[2026-06-03 11:59:11.906 Z] [PROCESS] [cadence.virtuoso.ade.simulationMonitor] - Point Finished {"hostname": "il2244vt26_hrahimi", "processid": 2498769, "history": "Interactive.356", "testname": "TIA_Gain_Linearity", "cornername": "CMOS_VDD_Res_Cap_Temp_10", "point": 12, "logfile": "/home/hrahimi/projects/POTENTIOSTAT_26/logs_hrahimi/logs0/Job19.log"}
[2026-06-03 11:59:11.910 Z] [PROCESS] [cadence.virtuoso.ade.simulationMonitor] - HostInfo:
Host name (type):	il2244vt26_hrahimi (x86_64)
Operating system:	Linux 5.15.0-164-generic #174-Ubuntu SMP Fri Nov 14 20:25:16 UTC 2025 {"hostname": "il2244vt26_hrahimi", "processid": 2498769, "history": "Interactive.356", "testname": "TIA_Gain_Linearity", "cornername": "CMOS_VDD_Res_Cap_Temp_10", "point": 12, "logfile": "/home/hrahimi/projects/POTENTIOSTAT_26/logs_hrahimi/logs0/Job19.log", "nodename": "il2244vt26_hrahimi", "domainname": "(none)", "machine": "x86_64", "sysname": "Linux", "release": "5.15.0-164-generic", "version": "#174-Ubuntu SMP Fri Nov 14 20:25:16 UTC 2025"}
[2026-06-03 11:59:11.910 Z] [PROCESS] [cadence.virtuoso.ade.simulationMonitor] - UsageInfo:
pid=2498769
totalPhysicalMemory=3023.749672GB,Used=2712.263901GB,totalVirtualMemory=3031.749668GB,Used=2712.370346GB
Cpu: Cores=48, Load average:45.130000,40.750000,25.010000 {"hostname": "il2244vt26_hrahimi", "processid": 2498769, "history": "Interactive.356", "testname": "TIA_Gain_Linearity", "cornername": "CMOS_VDD_Res_Cap_Temp_10", "point": 12, "logfile": "/home/hrahimi/projects/POTENTIOSTAT_26/logs_hrahimi/logs0/Job19.log", "pid": "2498769", "totalPhysicalMemory": "3023.749672", "physicalMemoryUsed": "2712.263901", "totalVirtualMemory": "3031.749668", "virtualMemoryUsed": "2712.370346", "cpuCores": "48", "processes": "29710", "loadAverage1": "45.130000", "loadAverage5": "40.750000", "loadAverage15": "25.010000", "loadAverage1Percent": "0.940208"}
[2026-06-03 11:59:11.912 Z] [EVENT] [cadence.virtuoso.ade.simulationMonitor] - NewPoint {"history": "Interactive.356", "point": 15, "testname": "PTAT", "cornername": "CMOS_VDD_Res_Cap_Temp_13", "event": "NewPoint", "EventSource": "Simulation Monitor", "HistoryName": "Interactive.356", "logFile": "/home/hrahimi/projects/POTENTIOSTAT_26/logs_hrahimi/logs0/Job19.log", "logFileSize": "217741"}
[2026-06-03 11:59:12.014 Z] [EVENT] [cadence.virtuoso.ade.simulationMonitor] - NewPoint {"history": "Interactive.356", "point": 15, "testname": "PTAT", "cornername": "CMOS_VDD_Res_Cap_Temp_13", "event": "NewPoint", "EventSource": "spectre", "HistoryName": "Interactive.356", "logFile": "/home/hrahimi/projects/POTENTIOSTAT_26/Sim/Potentiostat_Top/top/maestro/results/maestro/Interactive.356/15/PTAT/psf/spectre.out", "logFileSize": "-1"}
[2026-06-03 11:59:12.024 Z] [PROCESS] [cadence.virtuoso.ade.simulationMonitor] - Simulator launched {"hostname": "il2244vt26_hrahimi", "processid": 2498769, "history": "Interactive.356", "testname": "PTAT", "cornername": "CMOS_VDD_Res_Cap_Temp_13", "point": 15, "logfile": "/home/hrahimi/projects/POTENTIOSTAT_26/logs_hrahimi/logs0/Job19.log", "simid": "6"}
[2026-06-03 11:59:12.087 Z] [PROCESS] [cadence.virtuoso.ade.simulationMonitor] - Started Simulation {"hostname": "il2244vt26_hrahimi", "processid": 2498769, "history": "Interactive.356", "testname": "PTAT", "cornername": "CMOS_VDD_Res_Cap_Temp_13", "point": 15, "logfile": "/home/hrahimi/projects/POTENTIOSTAT_26/logs_hrahimi/logs0/Job19.log", "event": "started", "task": "simulation"}
[2026-06-03 11:59:13.088 Z] [WARN] [cadence.virtuoso.ade.simulationMonitor] -     WARNING (SPECTRE-691): This CPU processor does not support x86 advanced vector extensions instructions. This may affect math operations and slow down the simulation. {"history": "Interactive.356", "point": 15, "testname": "PTAT", "cornername": "CMOS_VDD_Res_Cap_Temp_13"}
[2026-06-03 11:59:13.089 Z] [INFO] [cadence.virtuoso.ade.simulationMonitor] - Notice from spectre during circuit read-in.
    Pre_Configuration file used: /opt/tools/cadence/installs/SPECTRE241/tools.lnx86/spectre/etc/configs/preset.precfg
    Configuration file used: `/opt/tools/cadence/installs/SPECTRE241/tools.lnx86/spectre/etc/configs/preset.cfg'. {"history": "Interactive.356", "point": 15, "testname": "PTAT", "cornername": "CMOS_VDD_Res_Cap_Temp_13"}
[2026-06-03 11:59:13.089 Z] [WARN] [cadence.virtuoso.ade.simulationMonitor] -     WARNING (SPECTRE-8360): line 1511: `ac' is an undefined primitive device. {"history": "Interactive.356", "point": 15, "testname": "PTAT", "cornername": "CMOS_VDD_Res_Cap_Temp_13"}
[2026-06-03 11:59:13.089 Z] [WARN] [cadence.virtuoso.ade.simulationMonitor] -     WARNING (SPECTRE-8360): line 1512: `ac' is an undefined primitive device. {"history": "Interactive.356", "point": 15, "testname": "PTAT", "cornername": "CMOS_VDD_Res_Cap_Temp_13"}
[2026-06-03 11:59:13.089 Z] [WARN] [cadence.virtuoso.ade.simulationMonitor] -     WARNING (SPECTRE-8360): line 1513: `ac' is an undefined primitive device. {"history": "Interactive.356", "point": 15, "testname": "PTAT", "cornername": "CMOS_VDD_Res_Cap_Temp_13"}
[2026-06-03 11:59:13.089 Z] [WARN] [cadence.virtuoso.ade.simulationMonitor] -     WARNING (SPECTRE-8360): line 1514: `ac' is an undefined primitive device. {"history": "Interactive.356", "point": 15, "testname": "PTAT", "cornername": "CMOS_VDD_Res_Cap_Temp_13"}
[2026-06-03 11:59:13.090 Z] [WARN] [cadence.virtuoso.ade.simulationMonitor] -     WARNING (SPECTRE-8360): line 1515: `ac' is an undefined primitive device.
        Further occurrences of this warning will be suppressed. {"history": "Interactive.356", "point": 15, "testname": "PTAT", "cornername": "CMOS_VDD_Res_Cap_Temp_13"}
[2026-06-03 11:59:13.090 Z] [WARN] [cadence.virtuoso.ade.simulationMonitor] -     WARNING (VACOMP-2435): The environment variable CDS_AHDLCMI_ENABLE is no longer supported. Therefore, the simulator will use the default compiled C code flow. {"history": "Interactive.356", "point": 15, "testname": "PTAT", "cornername": "CMOS_VDD_Res_Cap_Temp_13"}
[2026-06-03 11:59:13.090 Z] [INFO] [cadence.virtuoso.ade.simulationMonitor] - Peak resident memory used = 194 Mbytes. {"history": "Interactive.356", "point": 15, "testname": "PTAT", "cornername": "CMOS_VDD_Res_Cap_Temp_13"}
[2026-06-03 11:59:13.590 Z] [WARN] [cadence.virtuoso.ade.simulationMonitor] -     WARNING (SFE-2649): Terminals of top-level instance `R50', in file`netlist', at line 1168, are connected. Remove the instance and rerun the simulation. {"history": "Interactive.356", "point": 15, "testname": "PTAT", "cornername": "CMOS_VDD_Res_Cap_Temp_13"}
[2026-06-03 11:59:13.591 Z] [WARN] [cadence.virtuoso.ade.simulationMonitor] -     WARNING (SFE-2649): Terminals of top-level instance `R48', in file`netlist', at line 1211, are connected. Remove the instance and rerun the simulation. {"history": "Interactive.356", "point": 15, "testname": "PTAT", "cornername": "CMOS_VDD_Res_Cap_Temp_13"}
[2026-06-03 11:59:14.091 Z] [WARN] [cadence.virtuoso.ade.simulationMonitor] -     WARNING (SFE-3027): The dangling resistor I2.rb144 is removed. {"history": "Interactive.356", "point": 15, "testname": "PTAT", "cornername": "CMOS_VDD_Res_Cap_Temp_13"}
[2026-06-03 11:59:14.092 Z] [WARN] [cadence.virtuoso.ade.simulationMonitor] -     WARNING (SFE-3027): The dangling resistor I2.rb241 is removed. {"history": "Interactive.356", "point": 15, "testname": "PTAT", "cornername": "CMOS_VDD_Res_Cap_Temp_13"}
[2026-06-03 11:59:14.092 Z] [WARN] [cadence.virtuoso.ade.simulationMonitor] -     WARNING (SFE-3027): The dangling resistor I2.rb613 is removed. {"history": "Interactive.356", "point": 15, "testname": "PTAT", "cornername": "CMOS_VDD_Res_Cap_Temp_13"}
[2026-06-03 11:59:14.093 Z] [WARN] [cadence.virtuoso.ade.simulationMonitor] -     WARNING (SFE-3027): The dangling resistor I2.rd794 is removed. {"history": "Interactive.356", "point": 15, "testname": "PTAT", "cornername": "CMOS_VDD_Res_Cap_Temp_13"}
[2026-06-03 11:59:14.093 Z] [WARN] [cadence.virtuoso.ade.simulationMonitor] -     WARNING (SFE-3012): The dummy device I0.I16.DLIB9 is removed. {"history": "Interactive.356", "point": 15, "testname": "PTAT", "cornername": "CMOS_VDD_Res_Cap_Temp_13"}
[2026-06-03 11:59:14.093 Z] [WARN] [cadence.virtuoso.ade.simulationMonitor] -     WARNING (SFE-3012): The dummy device I0.I15.DLIB9 is removed. {"history": "Interactive.356", "point": 15, "testname": "PTAT", "cornername": "CMOS_VDD_Res_Cap_Temp_13"}
[2026-06-03 11:59:14.093 Z] [WARN] [cadence.virtuoso.ade.simulationMonitor] -     WARNING (SFE-3012): The dummy device I0.I0.DLIB6 is removed. {"history": "Interactive.356", "point": 15, "testname": "PTAT", "cornername": "CMOS_VDD_Res_Cap_Temp_13"}
[2026-06-03 11:59:14.093 Z] [WARN] [cadence.virtuoso.ade.simulationMonitor] -     WARNING (SFE-3012): The dummy device I7.I2.MP12<0>_turbo_m34 is removed. {"history": "Interactive.356", "point": 15, "testname": "PTAT", "cornername": "CMOS_VDD_Res_Cap_Temp_13"}
[2026-06-03 11:59:14.094 Z] [WARN] [cadence.virtuoso.ade.simulationMonitor] -     WARNING (SFE-3012): The dummy device I0.I16.DLIB10 is removed.
        Further occurrences of this warning will be suppressed. {"history": "Interactive.356", "point": 15, "testname": "PTAT", "cornername": "CMOS_VDD_Res_Cap_Temp_13"}
[2026-06-03 11:59:14.094 Z] [WARN] [cadence.virtuoso.ade.simulationMonitor] -     WARNING (SFE-3029): The dummy capacitor I7.I0.R3.CS1 is removed. {"history": "Interactive.356", "point": 15, "testname": "PTAT", "cornername": "CMOS_VDD_Res_Cap_Temp_13"}
[2026-06-03 11:59:14.095 Z] [WARN] [cadence.virtuoso.ade.simulationMonitor] -     WARNING (SFE-3027): The dangling resistor I2.re2693 is removed.
        Further occurrences of this warning will be suppressed. {"history": "Interactive.356", "point": 15, "testname": "PTAT", "cornername": "CMOS_VDD_Res_Cap_Temp_13"}
[2026-06-03 11:59:14.095 Z] [WARN] [cadence.virtuoso.ade.simulationMonitor] -     WARNING (SFE-3029): The dummy capacitor I7.I13_turbo_m5.C0.C1 is removed. {"history": "Interactive.356", "point": 15, "testname": "PTAT", "cornername": "CMOS_VDD_Res_Cap_Temp_13"}
[2026-06-03 11:59:14.095 Z] [WARN] [cadence.virtuoso.ade.simulationMonitor] -     WARNING (SFE-3029): The dummy capacitor I7.I10_turbo_m4.C0.C1 is removed. {"history": "Interactive.356", "point": 15, "testname": "PTAT", "cornername": "CMOS_VDD_Res_Cap_Temp_13"}
[2026-06-03 11:59:14.096 Z] [WARN] [cadence.virtuoso.ade.simulationMonitor] -     WARNING (SFE-3029): The dummy capacitor I7.I1.R2.CS1 is removed. {"history": "Interactive.356", "point": 15, "testname": "PTAT", "cornername": "CMOS_VDD_Res_Cap_Temp_13"}
[2026-06-03 11:59:14.096 Z] [WARN] [cadence.virtuoso.ade.simulationMonitor] -     WARNING (SFE-3028): The floating resistor R8 is removed. {"history": "Interactive.356", "point": 15, "testname": "PTAT", "cornername": "CMOS_VDD_Res_Cap_Temp_13"}
[2026-06-03 11:59:14.096 Z] [WARN] [cadence.virtuoso.ade.simulationMonitor] -     WARNING (SFE-3029): The dummy capacitor I7.I4.R31.CS1 is removed.
        Further occurrences of this warning will be suppressed. {"history": "Interactive.356", "point": 15, "testname": "PTAT", "cornername": "CMOS_VDD_Res_Cap_Temp_13"}
[2026-06-03 11:59:14.096 Z] [WARN] [cadence.virtuoso.ade.simulationMonitor] -     WARNING (SFE-3015): The dangling node I2.210\:GNDA is removed. {"history": "Interactive.356", "point": 15, "testname": "PTAT", "cornername": "CMOS_VDD_Res_Cap_Temp_13"}
[2026-06-03 11:59:14.096 Z] [WARN] [cadence.virtuoso.ade.simulationMonitor] -     WARNING (SFE-3015): The dangling node I2.222\:POT_OUT is removed. {"history": "Interactive.356", "point": 15, "testname": "PTAT", "cornername": "CMOS_VDD_Res_Cap_Temp_13"}
[2026-06-03 11:59:14.097 Z] [WARN] [cadence.virtuoso.ade.simulationMonitor] -     WARNING (SFE-3015): The dangling node I2.13\:I25|I35|SN is removed. {"history": "Interactive.356", "point": 15, "testname": "PTAT", "cornername": "CMOS_VDD_Res_Cap_Temp_13"}
[2026-06-03 11:59:14.097 Z] [WARN] [cadence.virtuoso.ade.simulationMonitor] -     WARNING (SFE-3015): The dangling node I2.29\:Calib_EN is removed. {"history": "Interactive.356", "point": 15, "testname": "PTAT", "cornername": "CMOS_VDD_Res_Cap_Temp_13"}
[2026-06-03 11:59:14.097 Z] [WARN] [cadence.virtuoso.ade.simulationMonitor] -     WARNING (SFE-3015): The dangling node I2.693\:VPI is removed.
        Further occurrences of this warning will be suppressed. {"history": "Interactive.356", "point": 15, "testname": "PTAT", "cornername": "CMOS_VDD_Res_Cap_Temp_13"}
[2026-06-03 11:59:14.097 Z] [WARN] [cadence.virtuoso.ade.simulationMonitor] -     WARNING (SFE-3016): The floating node net74 is removed. {"history": "Interactive.356", "point": 15, "testname": "PTAT", "cornername": "CMOS_VDD_Res_Cap_Temp_13"}
[2026-06-03 11:59:14.098 Z] [WARN] [cadence.virtuoso.ade.simulationMonitor] -     WARNING (SFE-3016): The floating node net73 is removed. {"history": "Interactive.356", "point": 15, "testname": "PTAT", "cornername": "CMOS_VDD_Res_Cap_Temp_13"}
[2026-06-03 11:59:14.098 Z] [INFO] [cadence.virtuoso.ade.simulationMonitor] - Notice from spectre during hierarchy flattening.
    Spectre X Parasitic Optimization enabled.
    Parasitic optimization will filter out parasitic nodes, nodes only connected to RCs, by default. To view individual parasitic nodes use individual save statements (i.e. save out), or use the 'savefilter=none' option to save all parasitic nodes. Saving all parasitic nodes may slow down simulation and create large waveform files. {"history": "Interactive.356", "point": 15, "testname": "PTAT", "cornername": "CMOS_VDD_Res_Cap_Temp_13"}
[2026-06-03 11:59:14.098 Z] [INFO] [cadence.virtuoso.ade.simulationMonitor] - Peak resident memory used = 224 Mbytes. {"history": "Interactive.356", "point": 15, "testname": "PTAT", "cornername": "CMOS_VDD_Res_Cap_Temp_13"}
[2026-06-03 11:59:14.098 Z] [INFO] [cadence.virtuoso.ade.simulationMonitor] - Notice from spectre during hierarchy flattening.
    The value 'psf' specified for the 'checklimitdest' option will no longer be supported in future releases. Use 'spectre -h' to see other recommended values for the 'checklimitdest' option.
    I0.I46.RLIB_GC1.CS0 of rpoly1c: `c' has the unusually small value of 634.694e-21 F.
    I0.I46.RLIB_GC1.CS1 of rpoly1c: `c' has the unusually small value of 634.694e-21 F.
    I0.I45.RLIB_GC1.CS0 of rpoly1c: `c' has the unusually small value of 634.694e-21 F.
    I0... {"history": "Interactive.356", "point": 15, "testname": "PTAT", "cornername": "CMOS_VDD_Res_Cap_Temp_13"}
[2026-06-03 11:59:14.098 Z] [INFO] [cadence.virtuoso.ade.simulationMonitor] - Notice from spectre during hierarchy flattening.
    V8: `period' has the unusually large value of 100 s.
    V7: `period' has the unusually large value of 10 s.
    V3: `period' has the unusually large value of 6 s.
    I26: `period' has the unusually large value of 6 s. {"history": "Interactive.356", "point": 15, "testname": "PTAT", "cornername": "CMOS_VDD_Res_Cap_Temp_13"}
[2026-06-03 11:59:14.099 Z] [INFO] [cadence.virtuoso.ade.simulationMonitor] - Peak resident memory used = 235 Mbytes. {"history": "Interactive.356", "point": 15, "testname": "PTAT", "cornername": "CMOS_VDD_Res_Cap_Temp_13"}
[2026-06-03 11:59:14.099 Z] [WARN] [cadence.virtuoso.ade.simulationMonitor] -     WARNING (CMI-2425): I2.I56|C3: `Acde' = 2.393 is unusually large. {"history": "Interactive.356", "point": 15, "testname": "PTAT", "cornername": "CMOS_VDD_Res_Cap_Temp_13"}
[2026-06-03 11:59:14.099 Z] [WARN] [cadence.virtuoso.ade.simulationMonitor] -     WARNING (CMI-2425): I2.I56|C3: `Noff' = 4.732 is unusually large. {"history": "Interactive.356", "point": 15, "testname": "PTAT", "cornername": "CMOS_VDD_Res_Cap_Temp_13"}
[2026-06-03 11:59:14.099 Z] [WARN] [cadence.virtuoso.ade.simulationMonitor] -     WARNING (CMI-2424): I2.I56|C3: `Voffcv' = -867.4e-03 is unusually small. {"history": "Interactive.356", "point": 15, "testname": "PTAT", "cornername": "CMOS_VDD_Res_Cap_Temp_13"}
[2026-06-03 11:59:14.099 Z] [WARN] [cadence.virtuoso.ade.simulationMonitor] -     WARNING (CMI-2425): I2.I56|C4: `Acde' = 2.393 is unusually large. {"history": "Interactive.356", "point": 15, "testname": "PTAT", "cornername": "CMOS_VDD_Res_Cap_Temp_13"}
[2026-06-03 11:59:14.099 Z] [WARN] [cadence.virtuoso.ade.simulationMonitor] -     WARNING (CMI-2425): I2.I56|C4: `Noff' = 4.732 is unusually large. {"history": "Interactive.356", "point": 15, "testname": "PTAT", "cornername": "CMOS_VDD_Res_Cap_Temp_13"}
[2026-06-03 11:59:14.100 Z] [WARN] [cadence.virtuoso.ade.simulationMonitor] -     WARNING (CMI-2424): I2.I56|C4: `Voffcv' = -867.4e-03 is unusually small. {"history": "Interactive.356", "point": 15, "testname": "PTAT", "cornername": "CMOS_VDD_Res_Cap_Temp_13"}
[2026-06-03 11:59:14.100 Z] [WARN] [cadence.virtuoso.ade.simulationMonitor] -     WARNING (CMI-2425): I2.I56|C5: `Acde' = 2.393 is unusually large.
        Further occurrences of this warning will be suppressed. {"history": "Interactive.356", "point": 15, "testname": "PTAT", "cornername": "CMOS_VDD_Res_Cap_Temp_13"}
[2026-06-03 11:59:14.100 Z] [WARN] [cadence.virtuoso.ade.simulationMonitor] -     WARNING (CMI-2424): I2.I56|C5: `Voffcv' = -867.4e-03 is unusually small. {"history": "Interactive.356", "point": 15, "testname": "PTAT", "cornername": "CMOS_VDD_Res_Cap_Temp_13"}
[2026-06-03 11:59:14.100 Z] [WARN] [cadence.virtuoso.ade.simulationMonitor] -     WARNING (CMI-2424): I7.I4.C1<0>_turbo_m11: `Voffcv' = -867.4e-03 is unusually small. {"history": "Interactive.356", "point": 15, "testname": "PTAT", "cornername": "CMOS_VDD_Res_Cap_Temp_13"}
[2026-06-03 11:59:14.101 Z] [WARN] [cadence.virtuoso.ade.simulationMonitor] -     WARNING (CMI-2424): I7.I3.C1<0>_turbo_m6: `Voffcv' = -867.4e-03 is unusually small.
        Further occurrences of this warning will be suppressed. {"history": "Interactive.356", "point": 15, "testname": "PTAT", "cornername": "CMOS_VDD_Res_Cap_Temp_13"}
[2026-06-03 11:59:15.101 Z] [WARN] [cadence.virtuoso.ade.simulationMonitor] -     WARNING (SPECTRE-16460): SOAC_esdgcp5_vcpsub:Specified subcircuit master `esdgcp5' was not found. {"history": "Interactive.356", "point": 15, "testname": "PTAT", "cornername": "CMOS_VDD_Res_Cap_Temp_13"}
[2026-06-03 11:59:15.102 Z] [WARN] [cadence.virtuoso.ade.simulationMonitor] -     WARNING (SPECTRE-16462): SOAC_esdgcp5_vcpsub:Error in specification of subcircuit master. Assert is ignored. {"history": "Interactive.356", "point": 15, "testname": "PTAT", "cornername": "CMOS_VDD_Res_Cap_Temp_13"}
[2026-06-03 11:59:15.102 Z] [WARN] [cadence.virtuoso.ade.simulationMonitor] -     WARNING (SPECTRE-16460): SOAC_esdgcp5_vac:Specified subcircuit master `esdgcp5' was not found. {"history": "Interactive.356", "point": 15, "testname": "PTAT", "cornername": "CMOS_VDD_Res_Cap_Temp_13"}
[2026-06-03 11:59:15.102 Z] [WARN] [cadence.virtuoso.ade.simulationMonitor] -     WARNING (SPECTRE-16462): SOAC_esdgcp5_vac:Error in specification of subcircuit master. Assert is ignored. {"history": "Interactive.356", "point": 15, "testname": "PTAT", "cornername": "CMOS_VDD_Res_Cap_Temp_13"}
[2026-06-03 11:59:15.103 Z] [WARN] [cadence.virtuoso.ade.simulationMonitor] -     WARNING (SPECTRE-16460): SOAC_esdgcn5_vac:Specified subcircuit master `esdgcn5' was not found. {"history": "Interactive.356", "point": 15, "testname": "PTAT", "cornername": "CMOS_VDD_Res_Cap_Temp_13"}
[2026-06-03 11:59:15.103 Z] [WARN] [cadence.virtuoso.ade.simulationMonitor] -     WARNING (SPECTRE-16462): SOAC_esdgcn5_vac:Error in specification of subcircuit master. Assert is ignored. {"history": "Interactive.356", "point": 15, "testname": "PTAT", "cornername": "CMOS_VDD_Res_Cap_Temp_13"}
[2026-06-03 11:59:15.103 Z] [WARN] [cadence.virtuoso.ade.simulationMonitor] -     WARNING (SPECTRE-16460): SOAC_esdfdp5_vcpsub:Specified subcircuit master `esdfdp5' was not found. {"history": "Interactive.356", "point": 15, "testname": "PTAT", "cornername": "CMOS_VDD_Res_Cap_Temp_13"}
[2026-06-03 11:59:15.103 Z] [WARN] [cadence.virtuoso.ade.simulationMonitor] -     WARNING (SPECTRE-16462): SOAC_esdfdp5_vcpsub:Error in specification of subcircuit master. Assert is ignored. {"history": "Interactive.356", "point": 15, "testname": "PTAT", "cornername": "CMOS_VDD_Res_Cap_Temp_13"}
[2026-06-03 11:59:15.103 Z] [WARN] [cadence.virtuoso.ade.simulationMonitor] -     WARNING (SPECTRE-16460): SOAC_esdfdp5_vac:Specified subcircuit master `esdfdp5' was not found.
        Further occurrences of this warning will be suppressed. {"history": "Interactive.356", "point": 15, "testname": "PTAT", "cornername": "CMOS_VDD_Res_Cap_Temp_13"}
[2026-06-03 11:59:15.103 Z] [WARN] [cadence.virtuoso.ade.simulationMonitor] -     WARNING (SPECTRE-16462): SOAC_esdfdp5_vac:Error in specification of subcircuit master. Assert is ignored.
        Further occurrences of this warning will be suppressed. {"history": "Interactive.356", "point": 15, "testname": "PTAT", "cornername": "CMOS_VDD_Res_Cap_Temp_13"}
[2026-06-03 11:59:15.104 Z] [WARN] [cadence.virtuoso.ade.simulationMonitor] -     WARNING (SPECTRE-17607): Assert `SOAC_vert10_vsubpsub' is ignored because it contains an expression which is invalid or not supported by native evaluator.  {"history": "Interactive.356", "point": 15, "testname": "PTAT", "cornername": "CMOS_VDD_Res_Cap_Temp_13"}
[2026-06-03 11:59:15.104 Z] [WARN] [cadence.virtuoso.ade.simulationMonitor] -     WARNING (SPECTRE-17607): Assert `SOAC_vert10_vcsub' is ignored because it contains an expression which is invalid or not supported by native evaluator.  {"history": "Interactive.356", "point": 15, "testname": "PTAT", "cornername": "CMOS_VDD_Res_Cap_Temp_13"}
[2026-06-03 11:59:15.604 Z] [INFO] [cadence.virtuoso.ade.simulationMonitor] - Notice from spectre during topology check.
    Only one connection to the following 1898 nodes:
        I0.I46.RLIB_GC1.R1.psub!
        I0.I46.RLIB_GC1.R2.psub!
        I0.I46.MNLIB_DR1.M_esdnmos4.psub!
        I0.I46.DLIB2.psub!
        I0.I46.DLIB1.psub!
        Further occurrences of this notice will be suppressed. {"history": "Interactive.356", "point": 15, "testname": "PTAT", "cornername": "CMOS_VDD_Res_Cap_Temp_13"}
[2026-06-03 11:59:18.108 Z] [INFO] [cadence.virtuoso.ade.simulationMonitor] -               nodes 15748 {"history": "Interactive.356", "point": 15, "testname": "PTAT", "cornername": "CMOS_VDD_Res_Cap_Temp_13"}
[2026-06-03 11:59:18.108 Z] [INFO] [cadence.virtuoso.ade.simulationMonitor] - Notice from spectre during initial setup.
    7 resistors are shorted because their absolute value is less than or equal to 'rabsshort'.
    3 vsources are shorted because their absolute value is less than or equal to 'vabsshort'.
    4 resistors are changed to resistance form because their value are less than 'rthresh'.
    Spectre X preset=cx enabled. {"history": "Interactive.356", "point": 15, "testname": "PTAT", "cornername": "CMOS_VDD_Res_Cap_Temp_13"}
[2026-06-03 11:59:18.109 Z] [INFO] [cadence.virtuoso.ade.simulationMonitor] - Notice from spectre.
    Multithreading enabled: 8 threads in the system with 48 available processors. {"history": "Interactive.356", "point": 15, "testname": "PTAT", "cornername": "CMOS_VDD_Res_Cap_Temp_13"}
[2026-06-03 11:59:18.109 Z] [INFO] [cadence.virtuoso.ade.simulationMonitor] - Peak resident memory used = 293 Mbytes. {"history": "Interactive.356", "point": 15, "testname": "PTAT", "cornername": "CMOS_VDD_Res_Cap_Temp_13"}
[2026-06-03 11:59:18.110 Z] [INFO] [cadence.virtuoso.ade.simulationMonitor] -    -   (Spectre X) Multi-threading. The recommended number of threads is [4, 8], consider adding +mt=4 or +mt=8 on command line. {"history": "Interactive.356", "point": 15, "testname": "PTAT", "cornername": "CMOS_VDD_Res_Cap_Temp_13"}
[2026-06-03 11:59:18.110 Z] [INFO] [cadence.virtuoso.ade.simulationMonitor] - Notice from spectre during transient analysis `tran'.
    No checklimit analysis defined for asserts. A default checklimit analysis 'SpectreChecklimitAnal' has been created with all asserts enabled. {"history": "Interactive.356", "point": 15, "testname": "PTAT", "cornername": "CMOS_VDD_Res_Cap_Temp_13"}
[2026-06-03 11:59:18.610 Z] [INFO] [cadence.virtuoso.ade.simulationMonitor] - Notice from spectre during IC analysis, during transient analysis `tran'.
    Bad pivoting is found during DC analysis. Option dc_pivot_check=yes is recommended for possible improvement of convergence. {"history": "Interactive.356", "point": 15, "testname": "PTAT", "cornername": "CMOS_VDD_Res_Cap_Temp_13"}
[2026-06-03 11:59:18.611 Z] [WARN] [cadence.virtuoso.ade.simulationMonitor] -     WARNING (CMI-2943): Parameter checks have been ignored because the valid value for parameter 'trise' could not be found in 'C0'. {"history": "Interactive.356", "point": 15, "testname": "PTAT", "cornername": "CMOS_VDD_Res_Cap_Temp_13"}
[2026-06-03 11:59:18.611 Z] [WARN] [cadence.virtuoso.ade.simulationMonitor] -     WARNING (CMI-2943): Parameter checks have been ignored because the valid value for parameter 'trise' could not be found in 'C1'. {"history": "Interactive.356", "point": 15, "testname": "PTAT", "cornername": "CMOS_VDD_Res_Cap_Temp_13"}
[2026-06-03 11:59:18.611 Z] [WARN] [cadence.virtuoso.ade.simulationMonitor] -     WARNING (CMI-2943): Parameter checks have been ignored because the valid value for parameter 'trise' could not be found in 'C11'. {"history": "Interactive.356", "point": 15, "testname": "PTAT", "cornername": "CMOS_VDD_Res_Cap_Temp_13"}
[2026-06-03 11:59:18.611 Z] [WARN] [cadence.virtuoso.ade.simulationMonitor] -     WARNING (CMI-2943): Parameter checks have been ignored because the valid value for parameter 'trise' could not be found in 'C12'. {"history": "Interactive.356", "point": 15, "testname": "PTAT", "cornername": "CMOS_VDD_Res_Cap_Temp_13"}
[2026-06-03 11:59:18.612 Z] [WARN] [cadence.virtuoso.ade.simulationMonitor] -     WARNING (CMI-2943): Parameter checks have been ignored because the valid value for parameter 'trise' could not be found in 'C5'.
        Further occurrences of this warning will be suppressed. {"history": "Interactive.356", "point": 15, "testname": "PTAT", "cornername": "CMOS_VDD_Res_Cap_Temp_13"}
[2026-06-03 11:59:19.612 Z] [INFO] [cadence.virtuoso.ade.simulationMonitor] - Total time required for tran analysis `tran': CPU = 6.44689 s, elapsed = 1.44287 s, util. = 447%. {"history": "Interactive.356", "point": 15, "testname": "PTAT", "cornername": "CMOS_VDD_Res_Cap_Temp_13"}
[2026-06-03 11:59:19.612 Z] [INFO] [cadence.virtuoso.ade.simulationMonitor] - Peak resident memory used = 352 Mbytes. {"history": "Interactive.356", "point": 15, "testname": "PTAT", "cornername": "CMOS_VDD_Res_Cap_Temp_13"}
[2026-06-03 11:59:19.613 Z] [INFO] [cadence.virtuoso.ade.simulationMonitor] - Notice from spectre.
    1071 warnings suppressed. {"history": "Interactive.356", "point": 15, "testname": "PTAT", "cornername": "CMOS_VDD_Res_Cap_Temp_13"}
[2026-06-03 11:59:19.613 Z] [WARN] [cadence.virtuoso.ade.simulationMonitor] -     WARNING (CMI-2425): I7.I0.C0<0>_dummy: `Acde' = 2.393 is unusually large. {"history": "Interactive.356", "point": 15, "testname": "PTAT", "cornername": "CMOS_VDD_Res_Cap_Temp_13"}
[2026-06-03 11:59:19.613 Z] [WARN] [cadence.virtuoso.ade.simulationMonitor] -     WARNING (CMI-2425): I7.I0.C0<0>_dummy: `Noff' = 4.732 is unusually large. {"history": "Interactive.356", "point": 15, "testname": "PTAT", "cornername": "CMOS_VDD_Res_Cap_Temp_13"}
[2026-06-03 11:59:19.614 Z] [WARN] [cadence.virtuoso.ade.simulationMonitor] -     WARNING (CMI-2424): I7.I0.C0<0>_dummy: `Voffcv' = -867.4e-03 is unusually small. {"history": "Interactive.356", "point": 15, "testname": "PTAT", "cornername": "CMOS_VDD_Res_Cap_Temp_13"}
[2026-06-03 11:59:19.614 Z] [WARN] [cadence.virtuoso.ade.simulationMonitor] -     WARNING (CMI-2425): I7.I3.C1<0>_dummy: `Acde' = 2.393 is unusually large. {"history": "Interactive.356", "point": 15, "testname": "PTAT", "cornername": "CMOS_VDD_Res_Cap_Temp_13"}
[2026-06-03 11:59:19.615 Z] [WARN] [cadence.virtuoso.ade.simulationMonitor] -     WARNING (CMI-2425): I7.I3.C1<0>_dummy: `Noff' = 4.732 is unusually large. {"history": "Interactive.356", "point": 15, "testname": "PTAT", "cornername": "CMOS_VDD_Res_Cap_Temp_13"}
[2026-06-03 11:59:19.615 Z] [WARN] [cadence.virtuoso.ade.simulationMonitor] -     WARNING (CMI-2424): I7.I3.C1<0>_dummy: `Voffcv' = -867.4e-03 is unusually small. {"history": "Interactive.356", "point": 15, "testname": "PTAT", "cornername": "CMOS_VDD_Res_Cap_Temp_13"}
[2026-06-03 11:59:19.615 Z] [WARN] [cadence.virtuoso.ade.simulationMonitor] -     WARNING (CMI-2425): I7.I4.C1<0>_dummy: `Acde' = 2.393 is unusually large.
        Further occurrences of this warning will be suppressed. {"history": "Interactive.356", "point": 15, "testname": "PTAT", "cornername": "CMOS_VDD_Res_Cap_Temp_13"}
[2026-06-03 11:59:19.616 Z] [WARN] [cadence.virtuoso.ade.simulationMonitor] -     WARNING (CMI-2424): I7.I4.C1<0>_dummy: `Voffcv' = -867.4e-03 is unusually small. {"history": "Interactive.356", "point": 15, "testname": "PTAT", "cornername": "CMOS_VDD_Res_Cap_Temp_13"}
[2026-06-03 11:59:20.116 Z] [INFO] [cadence.virtuoso.ade.simulationMonitor] - Notice from spectre.
    1 warning suppressed. {"history": "Interactive.356", "point": 15, "testname": "PTAT", "cornername": "CMOS_VDD_Res_Cap_Temp_13"}
[2026-06-03 11:59:20.117 Z] [WARN] [cadence.virtuoso.ade.simulationMonitor] -     WARNING (CMI-2425): I7.I0.C0<0>_dummy: `Acde' = 2.393 is unusually large. {"history": "Interactive.356", "point": 15, "testname": "PTAT", "cornername": "CMOS_VDD_Res_Cap_Temp_13"}
[2026-06-03 11:59:20.117 Z] [WARN] [cadence.virtuoso.ade.simulationMonitor] -     WARNING (CMI-2425): I7.I0.C0<0>_dummy: `Noff' = 4.732 is unusually large. {"history": "Interactive.356", "point": 15, "testname": "PTAT", "cornername": "CMOS_VDD_Res_Cap_Temp_13"}
[2026-06-03 11:59:20.117 Z] [WARN] [cadence.virtuoso.ade.simulationMonitor] -     WARNING (CMI-2424): I7.I0.C0<0>_dummy: `Voffcv' = -867.4e-03 is unusually small. {"history": "Interactive.356", "point": 15, "testname": "PTAT", "cornername": "CMOS_VDD_Res_Cap_Temp_13"}
[2026-06-03 11:59:20.117 Z] [WARN] [cadence.virtuoso.ade.simulationMonitor] -     WARNING (CMI-2425): I7.I3.C1<0>_dummy: `Acde' = 2.393 is unusually large. {"history": "Interactive.356", "point": 15, "testname": "PTAT", "cornername": "CMOS_VDD_Res_Cap_Temp_13"}
[2026-06-03 11:59:20.117 Z] [WARN] [cadence.virtuoso.ade.simulationMonitor] -     WARNING (CMI-2425): I7.I3.C1<0>_dummy: `Noff' = 4.732 is unusually large. {"history": "Interactive.356", "point": 15, "testname": "PTAT", "cornername": "CMOS_VDD_Res_Cap_Temp_13"}
[2026-06-03 11:59:20.117 Z] [WARN] [cadence.virtuoso.ade.simulationMonitor] -     WARNING (CMI-2424): I7.I3.C1<0>_dummy: `Voffcv' = -867.4e-03 is unusually small. {"history": "Interactive.356", "point": 15, "testname": "PTAT", "cornername": "CMOS_VDD_Res_Cap_Temp_13"}
[2026-06-03 11:59:20.118 Z] [WARN] [cadence.virtuoso.ade.simulationMonitor] -     WARNING (CMI-2425): I7.I4.C1<0>_dummy: `Acde' = 2.393 is unusually large.
        Further occurrences of this warning will be suppressed. {"history": "Interactive.356", "point": 15, "testname": "PTAT", "cornername": "CMOS_VDD_Res_Cap_Temp_13"}
[2026-06-03 11:59:20.118 Z] [WARN] [cadence.virtuoso.ade.simulationMonitor] -     WARNING (CMI-2424): I7.I4.C1<0>_dummy: `Voffcv' = -867.4e-03 is unusually small. {"history": "Interactive.356", "point": 15, "testname": "PTAT", "cornername": "CMOS_VDD_Res_Cap_Temp_13"}
[2026-06-03 11:59:20.118 Z] [INFO] [cadence.virtuoso.ade.simulationMonitor] - Notice from spectre.
    1 warning suppressed. {"history": "Interactive.356", "point": 15, "testname": "PTAT", "cornername": "CMOS_VDD_Res_Cap_Temp_13"}
[2026-06-03 11:59:20.118 Z] [INFO] [cadence.virtuoso.ade.simulationMonitor] - Time used: CPU = 11.8 s, elapsed = 7.38 s, util. = 160%. {"history": "Interactive.356", "point": 15, "testname": "PTAT", "cornername": "CMOS_VDD_Res_Cap_Temp_13"}
[2026-06-03 11:59:20.118 Z] [INFO] [cadence.virtuoso.ade.simulationMonitor] - Time spent in licensing: elapsed = 86 ms. {"history": "Interactive.356", "point": 15, "testname": "PTAT", "cornername": "CMOS_VDD_Res_Cap_Temp_13"}
[2026-06-03 11:59:20.119 Z] [INFO] [cadence.virtuoso.ade.simulationMonitor] - Peak memory used = 353 Mbytes. {"history": "Interactive.356", "point": 15, "testname": "PTAT", "cornername": "CMOS_VDD_Res_Cap_Temp_13"}
[2026-06-03 11:59:20.120 Z] [PROCESS] [cadence.virtuoso.ade.simulationMonitor] - Simulation started at: 11:59:12 AM, Wed Jun 3, 2026, ended at: 11:59:19 AM, Wed Jun 3, 2026, with elapsed time (wall clock): 7.38 s. {"history": "Interactive.356", "point": 15, "testname": "PTAT", "cornername": "CMOS_VDD_Res_Cap_Temp_13"}
[2026-06-03 11:59:20.120 Z] [PROCESS] [cadence.virtuoso.ade.simulationMonitor] - spectre completes with 0 errors, 75 warnings, and 28 notices. {"history": "Interactive.356", "point": 15, "testname": "PTAT", "cornername": "CMOS_VDD_Res_Cap_Temp_13"}
[2026-06-03 11:59:20.120 Z] [PROCESS] [cadence.virtuoso.ade.simulationMonitor] - Finished simulating for one point {"hostname": "il2244vt26_hrahimi", "processid": 2498769, "history": "Interactive.356", "testname": "PTAT", "cornername": "CMOS_VDD_Res_Cap_Temp_13", "point": 15, "logfile": "/home/hrahimi/projects/POTENTIOSTAT_26/logs_hrahimi/logs0/Job19.log", "simid": "6"}
[2026-06-03 11:59:20.121 Z] [PROCESS] [cadence.virtuoso.ade.simulationMonitor] - Simulator exited {"hostname": "il2244vt26_hrahimi", "processid": 2498769, "history": "Interactive.356", "testname": "PTAT", "cornername": "CMOS_VDD_Res_Cap_Temp_13", "point": 15, "logfile": "/home/hrahimi/projects/POTENTIOSTAT_26/logs_hrahimi/logs0/Job19.log", "exitStatus": "0"}
[2026-06-03 11:59:20.121 Z] [PROCESS] [cadence.virtuoso.ade.simulationMonitor] - Finished Simulation {"hostname": "il2244vt26_hrahimi", "processid": 2498769, "history": "Interactive.356", "testname": "PTAT", "cornername": "CMOS_VDD_Res_Cap_Temp_13", "point": 15, "logfile": "/home/hrahimi/projects/POTENTIOSTAT_26/logs_hrahimi/logs0/Job19.log", "simid": "6"}
[2026-06-03 11:59:24.134 Z] [PROCESS] [cadence.virtuoso.ade.simulationMonitor] - Point Finished {"hostname": "il2244vt26_hrahimi", "processid": 2498769, "history": "Interactive.356", "testname": "PTAT", "cornername": "CMOS_VDD_Res_Cap_Temp_13", "point": 15, "logfile": "/home/hrahimi/projects/POTENTIOSTAT_26/logs_hrahimi/logs0/Job19.log"}
[2026-06-03 11:59:24.138 Z] [PROCESS] [cadence.virtuoso.ade.simulationMonitor] - HostInfo:
Host name (type):	il2244vt26_hrahimi (x86_64)
Operating system:	Linux 5.15.0-164-generic #174-Ubuntu SMP Fri Nov 14 20:25:16 UTC 2025 {"hostname": "il2244vt26_hrahimi", "processid": 2498769, "history": "Interactive.356", "testname": "PTAT", "cornername": "CMOS_VDD_Res_Cap_Temp_13", "point": 15, "logfile": "/home/hrahimi/projects/POTENTIOSTAT_26/logs_hrahimi/logs0/Job19.log", "nodename": "il2244vt26_hrahimi", "domainname": "(none)", "machine": "x86_64", "sysname": "Linux", "release": "5.15.0-164-generic", "version": "#174-Ubuntu SMP Fri Nov 14 20:25:16 UTC 2025"}
[2026-06-03 11:59:24.139 Z] [PROCESS] [cadence.virtuoso.ade.simulationMonitor] - UsageInfo:
pid=2498769
totalPhysicalMemory=3023.749672GB,Used=2712.205090GB,totalVirtualMemory=3031.749668GB,Used=2712.311535GB
Cpu: Cores=48, Load average:42.320000,40.290000,25.030000 {"hostname": "il2244vt26_hrahimi", "processid": 2498769, "history": "Interactive.356", "testname": "PTAT", "cornername": "CMOS_VDD_Res_Cap_Temp_13", "point": 15, "logfile": "/home/hrahimi/projects/POTENTIOSTAT_26/logs_hrahimi/logs0/Job19.log", "pid": "2498769", "totalPhysicalMemory": "3023.749672", "physicalMemoryUsed": "2712.205090", "totalVirtualMemory": "3031.749668", "virtualMemoryUsed": "2712.311535", "cpuCores": "48", "processes": "29718", "loadAverage1": "42.320000", "loadAverage5": "40.290000", "loadAverage15": "25.030000", "loadAverage1Percent": "0.881667"}
[2026-06-03 11:59:24.140 Z] [EVENT] [cadence.virtuoso.ade.simulationMonitor] - NewPoint {"history": "Interactive.356", "point": 15, "testname": "TIA_Gain_Linearity", "cornername": "CMOS_VDD_Res_Cap_Temp_13", "event": "NewPoint", "EventSource": "Simulation Monitor", "HistoryName": "Interactive.356", "logFile": "/home/hrahimi/projects/POTENTIOSTAT_26/logs_hrahimi/logs0/Job19.log", "logFileSize": "251711"}
[2026-06-03 11:59:24.242 Z] [EVENT] [cadence.virtuoso.ade.simulationMonitor] - NewPoint {"history": "Interactive.356", "point": 15, "testname": "TIA_Gain_Linearity", "cornername": "CMOS_VDD_Res_Cap_Temp_13", "event": "NewPoint", "EventSource": "spectre", "HistoryName": "Interactive.356", "logFile": "/home/hrahimi/projects/POTENTIOSTAT_26/Sim/Potentiostat_Top/top/maestro/results/maestro/Interactive.356/15/TIA_Gain_Linearity/psf/spectre.out", "logFileSize": "-1"}
[2026-06-03 11:59:24.255 Z] [PROCESS] [cadence.virtuoso.ade.simulationMonitor] - Simulator launched {"hostname": "il2244vt26_hrahimi", "processid": 2498769, "history": "Interactive.356", "testname": "TIA_Gain_Linearity", "cornername": "CMOS_VDD_Res_Cap_Temp_13", "point": 15, "logfile": "/home/hrahimi/projects/POTENTIOSTAT_26/logs_hrahimi/logs0/Job19.log", "simid": "7"}
[2026-06-03 11:59:24.326 Z] [PROCESS] [cadence.virtuoso.ade.simulationMonitor] - Started Simulation {"hostname": "il2244vt26_hrahimi", "processid": 2498769, "history": "Interactive.356", "testname": "TIA_Gain_Linearity", "cornername": "CMOS_VDD_Res_Cap_Temp_13", "point": 15, "logfile": "/home/hrahimi/projects/POTENTIOSTAT_26/logs_hrahimi/logs0/Job19.log", "event": "started", "task": "simulation"}
[2026-06-03 11:59:25.327 Z] [WARN] [cadence.virtuoso.ade.simulationMonitor] -     WARNING (SPECTRE-691): This CPU processor does not support x86 advanced vector extensions instructions. This may affect math operations and slow down the simulation. {"history": "Interactive.356", "point": 15, "testname": "TIA_Gain_Linearity", "cornername": "CMOS_VDD_Res_Cap_Temp_13"}
[2026-06-03 11:59:25.328 Z] [INFO] [cadence.virtuoso.ade.simulationMonitor] - Notice from spectre during circuit read-in.
    Pre_Configuration file used: /opt/tools/cadence/installs/SPECTRE241/tools.lnx86/spectre/etc/configs/preset.precfg
    Configuration file used: `/opt/tools/cadence/installs/SPECTRE241/tools.lnx86/spectre/etc/configs/preset.cfg'. {"history": "Interactive.356", "point": 15, "testname": "TIA_Gain_Linearity", "cornername": "CMOS_VDD_Res_Cap_Temp_13"}
[2026-06-03 11:59:25.328 Z] [WARN] [cadence.virtuoso.ade.simulationMonitor] -     WARNING (SPECTRE-8360): line 1511: `ac' is an undefined primitive device. {"history": "Interactive.356", "point": 15, "testname": "TIA_Gain_Linearity", "cornername": "CMOS_VDD_Res_Cap_Temp_13"}
[2026-06-03 11:59:25.328 Z] [WARN] [cadence.virtuoso.ade.simulationMonitor] -     WARNING (SPECTRE-8360): line 1512: `ac' is an undefined primitive device. {"history": "Interactive.356", "point": 15, "testname": "TIA_Gain_Linearity", "cornername": "CMOS_VDD_Res_Cap_Temp_13"}
[2026-06-03 11:59:25.329 Z] [WARN] [cadence.virtuoso.ade.simulationMonitor] -     WARNING (SPECTRE-8360): line 1513: `ac' is an undefined primitive device. {"history": "Interactive.356", "point": 15, "testname": "TIA_Gain_Linearity", "cornername": "CMOS_VDD_Res_Cap_Temp_13"}
[2026-06-03 11:59:25.329 Z] [WARN] [cadence.virtuoso.ade.simulationMonitor] -     WARNING (SPECTRE-8360): line 1514: `ac' is an undefined primitive device. {"history": "Interactive.356", "point": 15, "testname": "TIA_Gain_Linearity", "cornername": "CMOS_VDD_Res_Cap_Temp_13"}
[2026-06-03 11:59:25.329 Z] [WARN] [cadence.virtuoso.ade.simulationMonitor] -     WARNING (SPECTRE-8360): line 1515: `ac' is an undefined primitive device.
        Further occurrences of this warning will be suppressed. {"history": "Interactive.356", "point": 15, "testname": "TIA_Gain_Linearity", "cornername": "CMOS_VDD_Res_Cap_Temp_13"}
[2026-06-03 11:59:25.329 Z] [WARN] [cadence.virtuoso.ade.simulationMonitor] -     WARNING (VACOMP-2435): The environment variable CDS_AHDLCMI_ENABLE is no longer supported. Therefore, the simulator will use the default compiled C code flow. {"history": "Interactive.356", "point": 15, "testname": "TIA_Gain_Linearity", "cornername": "CMOS_VDD_Res_Cap_Temp_13"}
[2026-06-03 11:59:25.329 Z] [INFO] [cadence.virtuoso.ade.simulationMonitor] - Peak resident memory used = 194 Mbytes. {"history": "Interactive.356", "point": 15, "testname": "TIA_Gain_Linearity", "cornername": "CMOS_VDD_Res_Cap_Temp_13"}
[2026-06-03 11:59:25.830 Z] [WARN] [cadence.virtuoso.ade.simulationMonitor] -     WARNING (SFE-2649): Terminals of top-level instance `R50', in file`netlist', at line 1168, are connected. Remove the instance and rerun the simulation. {"history": "Interactive.356", "point": 15, "testname": "TIA_Gain_Linearity", "cornername": "CMOS_VDD_Res_Cap_Temp_13"}
[2026-06-03 11:59:25.830 Z] [WARN] [cadence.virtuoso.ade.simulationMonitor] -     WARNING (SFE-2649): Terminals of top-level instance `R48', in file`netlist', at line 1211, are connected. Remove the instance and rerun the simulation. {"history": "Interactive.356", "point": 15, "testname": "TIA_Gain_Linearity", "cornername": "CMOS_VDD_Res_Cap_Temp_13"}
[2026-06-03 11:59:26.330 Z] [WARN] [cadence.virtuoso.ade.simulationMonitor] -     WARNING (SFE-3027): The dangling resistor I2.rb144 is removed. {"history": "Interactive.356", "point": 15, "testname": "TIA_Gain_Linearity", "cornername": "CMOS_VDD_Res_Cap_Temp_13"}
[2026-06-03 11:59:26.331 Z] [WARN] [cadence.virtuoso.ade.simulationMonitor] -     WARNING (SFE-3027): The dangling resistor I2.rb241 is removed. {"history": "Interactive.356", "point": 15, "testname": "TIA_Gain_Linearity", "cornername": "CMOS_VDD_Res_Cap_Temp_13"}
[2026-06-03 11:59:26.331 Z] [WARN] [cadence.virtuoso.ade.simulationMonitor] -     WARNING (SFE-3027): The dangling resistor I2.rb613 is removed. {"history": "Interactive.356", "point": 15, "testname": "TIA_Gain_Linearity", "cornername": "CMOS_VDD_Res_Cap_Temp_13"}
[2026-06-03 11:59:26.331 Z] [WARN] [cadence.virtuoso.ade.simulationMonitor] -     WARNING (SFE-3027): The dangling resistor I2.rd794 is removed. {"history": "Interactive.356", "point": 15, "testname": "TIA_Gain_Linearity", "cornername": "CMOS_VDD_Res_Cap_Temp_13"}
[2026-06-03 11:59:26.332 Z] [WARN] [cadence.virtuoso.ade.simulationMonitor] -     WARNING (SFE-3012): The dummy device I0.I16.DLIB9 is removed. {"history": "Interactive.356", "point": 15, "testname": "TIA_Gain_Linearity", "cornername": "CMOS_VDD_Res_Cap_Temp_13"}
[2026-06-03 11:59:26.332 Z] [WARN] [cadence.virtuoso.ade.simulationMonitor] -     WARNING (SFE-3012): The dummy device I0.I15.DLIB9 is removed. {"history": "Interactive.356", "point": 15, "testname": "TIA_Gain_Linearity", "cornername": "CMOS_VDD_Res_Cap_Temp_13"}
[2026-06-03 11:59:26.332 Z] [WARN] [cadence.virtuoso.ade.simulationMonitor] -     WARNING (SFE-3012): The dummy device I0.I0.DLIB6 is removed. {"history": "Interactive.356", "point": 15, "testname": "TIA_Gain_Linearity", "cornername": "CMOS_VDD_Res_Cap_Temp_13"}
[2026-06-03 11:59:26.332 Z] [WARN] [cadence.virtuoso.ade.simulationMonitor] -     WARNING (SFE-3012): The dummy device I7.I2.MP12<0>_turbo_m34 is removed. {"history": "Interactive.356", "point": 15, "testname": "TIA_Gain_Linearity", "cornername": "CMOS_VDD_Res_Cap_Temp_13"}
[2026-06-03 11:59:26.332 Z] [WARN] [cadence.virtuoso.ade.simulationMonitor] -     WARNING (SFE-3012): The dummy device I0.I16.DLIB10 is removed.
        Further occurrences of this warning will be suppressed. {"history": "Interactive.356", "point": 15, "testname": "TIA_Gain_Linearity", "cornername": "CMOS_VDD_Res_Cap_Temp_13"}
[2026-06-03 11:59:26.332 Z] [WARN] [cadence.virtuoso.ade.simulationMonitor] -     WARNING (SFE-3029): The dummy capacitor I7.I0.R3.CS1 is removed. {"history": "Interactive.356", "point": 15, "testname": "TIA_Gain_Linearity", "cornername": "CMOS_VDD_Res_Cap_Temp_13"}
[2026-06-03 11:59:26.333 Z] [WARN] [cadence.virtuoso.ade.simulationMonitor] -     WARNING (SFE-3027): The dangling resistor I2.re2693 is removed.
        Further occurrences of this warning will be suppressed. {"history": "Interactive.356", "point": 15, "testname": "TIA_Gain_Linearity", "cornername": "CMOS_VDD_Res_Cap_Temp_13"}
[2026-06-03 11:59:26.333 Z] [WARN] [cadence.virtuoso.ade.simulationMonitor] -     WARNING (SFE-3029): The dummy capacitor I7.I13_turbo_m5.C0.C1 is removed. {"history": "Interactive.356", "point": 15, "testname": "TIA_Gain_Linearity", "cornername": "CMOS_VDD_Res_Cap_Temp_13"}
[2026-06-03 11:59:26.333 Z] [WARN] [cadence.virtuoso.ade.simulationMonitor] -     WARNING (SFE-3029): The dummy capacitor I7.I10_turbo_m4.C0.C1 is removed. {"history": "Interactive.356", "point": 15, "testname": "TIA_Gain_Linearity", "cornername": "CMOS_VDD_Res_Cap_Temp_13"}
[2026-06-03 11:59:26.333 Z] [WARN] [cadence.virtuoso.ade.simulationMonitor] -     WARNING (SFE-3029): The dummy capacitor I7.I1.R2.CS1 is removed. {"history": "Interactive.356", "point": 15, "testname": "TIA_Gain_Linearity", "cornername": "CMOS_VDD_Res_Cap_Temp_13"}
[2026-06-03 11:59:26.333 Z] [WARN] [cadence.virtuoso.ade.simulationMonitor] -     WARNING (SFE-3028): The floating resistor R8 is removed. {"history": "Interactive.356", "point": 15, "testname": "TIA_Gain_Linearity", "cornername": "CMOS_VDD_Res_Cap_Temp_13"}
[2026-06-03 11:59:26.334 Z] [WARN] [cadence.virtuoso.ade.simulationMonitor] -     WARNING (SFE-3029): The dummy capacitor I7.I4.R31.CS1 is removed.
        Further occurrences of this warning will be suppressed. {"history": "Interactive.356", "point": 15, "testname": "TIA_Gain_Linearity", "cornername": "CMOS_VDD_Res_Cap_Temp_13"}
[2026-06-03 11:59:26.334 Z] [WARN] [cadence.virtuoso.ade.simulationMonitor] -     WARNING (SFE-3015): The dangling node I2.210\:GNDA is removed. {"history": "Interactive.356", "point": 15, "testname": "TIA_Gain_Linearity", "cornername": "CMOS_VDD_Res_Cap_Temp_13"}
[2026-06-03 11:59:26.334 Z] [WARN] [cadence.virtuoso.ade.simulationMonitor] -     WARNING (SFE-3015): The dangling node I2.222\:POT_OUT is removed. {"history": "Interactive.356", "point": 15, "testname": "TIA_Gain_Linearity", "cornername": "CMOS_VDD_Res_Cap_Temp_13"}
[2026-06-03 11:59:26.334 Z] [WARN] [cadence.virtuoso.ade.simulationMonitor] -     WARNING (SFE-3015): The dangling node I2.13\:I25|I35|SN is removed. {"history": "Interactive.356", "point": 15, "testname": "TIA_Gain_Linearity", "cornername": "CMOS_VDD_Res_Cap_Temp_13"}
[2026-06-03 11:59:26.334 Z] [WARN] [cadence.virtuoso.ade.simulationMonitor] -     WARNING (SFE-3015): The dangling node I2.29\:Calib_EN is removed. {"history": "Interactive.356", "point": 15, "testname": "TIA_Gain_Linearity", "cornername": "CMOS_VDD_Res_Cap_Temp_13"}
[2026-06-03 11:59:26.334 Z] [WARN] [cadence.virtuoso.ade.simulationMonitor] -     WARNING (SFE-3015): The dangling node I2.693\:VPI is removed.
        Further occurrences of this warning will be suppressed. {"history": "Interactive.356", "point": 15, "testname": "TIA_Gain_Linearity", "cornername": "CMOS_VDD_Res_Cap_Temp_13"}
[2026-06-03 11:59:26.335 Z] [WARN] [cadence.virtuoso.ade.simulationMonitor] -     WARNING (SFE-3016): The floating node net74 is removed. {"history": "Interactive.356", "point": 15, "testname": "TIA_Gain_Linearity", "cornername": "CMOS_VDD_Res_Cap_Temp_13"}
[2026-06-03 11:59:26.335 Z] [WARN] [cadence.virtuoso.ade.simulationMonitor] -     WARNING (SFE-3016): The floating node net73 is removed. {"history": "Interactive.356", "point": 15, "testname": "TIA_Gain_Linearity", "cornername": "CMOS_VDD_Res_Cap_Temp_13"}
[2026-06-03 11:59:26.335 Z] [INFO] [cadence.virtuoso.ade.simulationMonitor] - Notice from spectre during hierarchy flattening.
    Spectre X Parasitic Optimization enabled.
    Parasitic optimization will filter out parasitic nodes, nodes only connected to RCs, by default. To view individual parasitic nodes use individual save statements (i.e. save out), or use the 'savefilter=none' option to save all parasitic nodes. Saving all parasitic nodes may slow down simulation and create large waveform files. {"history": "Interactive.356", "point": 15, "testname": "TIA_Gain_Linearity", "cornername": "CMOS_VDD_Res_Cap_Temp_13"}
[2026-06-03 11:59:26.335 Z] [INFO] [cadence.virtuoso.ade.simulationMonitor] - Peak resident memory used = 224 Mbytes. {"history": "Interactive.356", "point": 15, "testname": "TIA_Gain_Linearity", "cornername": "CMOS_VDD_Res_Cap_Temp_13"}
[2026-06-03 11:59:26.336 Z] [INFO] [cadence.virtuoso.ade.simulationMonitor] - Notice from spectre during hierarchy flattening.
    The value 'psf' specified for the 'checklimitdest' option will no longer be supported in future releases. Use 'spectre -h' to see other recommended values for the 'checklimitdest' option.
    I0.I46.RLIB_GC1.CS0 of rpoly1c: `c' has the unusually small value of 634.694e-21 F.
    I0.I46.RLIB_GC1.CS1 of rpoly1c: `c' has the unusually small value of 634.694e-21 F.
    I0.I45.RLIB_GC1.CS0 of rpoly1c: `c' has the unusually small value of 634.694e-21 F.
    I0... {"history": "Interactive.356", "point": 15, "testname": "TIA_Gain_Linearity", "cornername": "CMOS_VDD_Res_Cap_Temp_13"}
[2026-06-03 11:59:26.336 Z] [INFO] [cadence.virtuoso.ade.simulationMonitor] - Notice from spectre during hierarchy flattening.
    V8: `period' has the unusually large value of 100 s.
    V7: `period' has the unusually large value of 10 s.
    V3: `period' has the unusually large value of 6 s.
    I26: `period' has the unusually large value of 6 s. {"history": "Interactive.356", "point": 15, "testname": "TIA_Gain_Linearity", "cornername": "CMOS_VDD_Res_Cap_Temp_13"}
[2026-06-03 11:59:26.336 Z] [INFO] [cadence.virtuoso.ade.simulationMonitor] - Peak resident memory used = 234 Mbytes. {"history": "Interactive.356", "point": 15, "testname": "TIA_Gain_Linearity", "cornername": "CMOS_VDD_Res_Cap_Temp_13"}
[2026-06-03 11:59:26.336 Z] [WARN] [cadence.virtuoso.ade.simulationMonitor] -     WARNING (CMI-2425): I2.I56|C3: `Acde' = 2.393 is unusually large. {"history": "Interactive.356", "point": 15, "testname": "TIA_Gain_Linearity", "cornername": "CMOS_VDD_Res_Cap_Temp_13"}
[2026-06-03 11:59:26.336 Z] [WARN] [cadence.virtuoso.ade.simulationMonitor] -     WARNING (CMI-2425): I2.I56|C3: `Noff' = 4.732 is unusually large. {"history": "Interactive.356", "point": 15, "testname": "TIA_Gain_Linearity", "cornername": "CMOS_VDD_Res_Cap_Temp_13"}
[2026-06-03 11:59:26.337 Z] [WARN] [cadence.virtuoso.ade.simulationMonitor] -     WARNING (CMI-2424): I2.I56|C3: `Voffcv' = -867.4e-03 is unusually small. {"history": "Interactive.356", "point": 15, "testname": "TIA_Gain_Linearity", "cornername": "CMOS_VDD_Res_Cap_Temp_13"}
[2026-06-03 11:59:26.337 Z] [WARN] [cadence.virtuoso.ade.simulationMonitor] -     WARNING (CMI-2425): I2.I56|C4: `Acde' = 2.393 is unusually large. {"history": "Interactive.356", "point": 15, "testname": "TIA_Gain_Linearity", "cornername": "CMOS_VDD_Res_Cap_Temp_13"}
[2026-06-03 11:59:26.337 Z] [WARN] [cadence.virtuoso.ade.simulationMonitor] -     WARNING (CMI-2425): I2.I56|C4: `Noff' = 4.732 is unusually large. {"history": "Interactive.356", "point": 15, "testname": "TIA_Gain_Linearity", "cornername": "CMOS_VDD_Res_Cap_Temp_13"}
[2026-06-03 11:59:26.338 Z] [WARN] [cadence.virtuoso.ade.simulationMonitor] -     WARNING (CMI-2424): I2.I56|C4: `Voffcv' = -867.4e-03 is unusually small. {"history": "Interactive.356", "point": 15, "testname": "TIA_Gain_Linearity", "cornername": "CMOS_VDD_Res_Cap_Temp_13"}
[2026-06-03 11:59:26.338 Z] [WARN] [cadence.virtuoso.ade.simulationMonitor] -     WARNING (CMI-2425): I2.I56|C5: `Acde' = 2.393 is unusually large.
        Further occurrences of this warning will be suppressed. {"history": "Interactive.356", "point": 15, "testname": "TIA_Gain_Linearity", "cornername": "CMOS_VDD_Res_Cap_Temp_13"}
[2026-06-03 11:59:26.338 Z] [WARN] [cadence.virtuoso.ade.simulationMonitor] -     WARNING (CMI-2424): I2.I56|C5: `Voffcv' = -867.4e-03 is unusually small. {"history": "Interactive.356", "point": 15, "testname": "TIA_Gain_Linearity", "cornername": "CMOS_VDD_Res_Cap_Temp_13"}
[2026-06-03 11:59:26.338 Z] [WARN] [cadence.virtuoso.ade.simulationMonitor] -     WARNING (CMI-2424): I7.I4.C1<0>_turbo_m11: `Voffcv' = -867.4e-03 is unusually small. {"history": "Interactive.356", "point": 15, "testname": "TIA_Gain_Linearity", "cornername": "CMOS_VDD_Res_Cap_Temp_13"}
[2026-06-03 11:59:26.339 Z] [WARN] [cadence.virtuoso.ade.simulationMonitor] -     WARNING (CMI-2424): I7.I3.C1<0>_turbo_m6: `Voffcv' = -867.4e-03 is unusually small.
        Further occurrences of this warning will be suppressed. {"history": "Interactive.356", "point": 15, "testname": "TIA_Gain_Linearity", "cornername": "CMOS_VDD_Res_Cap_Temp_13"}
[2026-06-03 11:59:27.345 Z] [WARN] [cadence.virtuoso.ade.simulationMonitor] -     WARNING (SPECTRE-16460): SOAC_esdgcp5_vcpsub:Specified subcircuit master `esdgcp5' was not found. {"history": "Interactive.356", "point": 15, "testname": "TIA_Gain_Linearity", "cornername": "CMOS_VDD_Res_Cap_Temp_13"}
[2026-06-03 11:59:27.345 Z] [WARN] [cadence.virtuoso.ade.simulationMonitor] -     WARNING (SPECTRE-16462): SOAC_esdgcp5_vcpsub:Error in specification of subcircuit master. Assert is ignored. {"history": "Interactive.356", "point": 15, "testname": "TIA_Gain_Linearity", "cornername": "CMOS_VDD_Res_Cap_Temp_13"}
[2026-06-03 11:59:27.346 Z] [WARN] [cadence.virtuoso.ade.simulationMonitor] -     WARNING (SPECTRE-16460): SOAC_esdgcp5_vac:Specified subcircuit master `esdgcp5' was not found. {"history": "Interactive.356", "point": 15, "testname": "TIA_Gain_Linearity", "cornername": "CMOS_VDD_Res_Cap_Temp_13"}
[2026-06-03 11:59:27.346 Z] [WARN] [cadence.virtuoso.ade.simulationMonitor] -     WARNING (SPECTRE-16462): SOAC_esdgcp5_vac:Error in specification of subcircuit master. Assert is ignored. {"history": "Interactive.356", "point": 15, "testname": "TIA_Gain_Linearity", "cornername": "CMOS_VDD_Res_Cap_Temp_13"}
[2026-06-03 11:59:27.346 Z] [WARN] [cadence.virtuoso.ade.simulationMonitor] -     WARNING (SPECTRE-16460): SOAC_esdgcn5_vac:Specified subcircuit master `esdgcn5' was not found. {"history": "Interactive.356", "point": 15, "testname": "TIA_Gain_Linearity", "cornername": "CMOS_VDD_Res_Cap_Temp_13"}
[2026-06-03 11:59:27.346 Z] [WARN] [cadence.virtuoso.ade.simulationMonitor] -     WARNING (SPECTRE-16462): SOAC_esdgcn5_vac:Error in specification of subcircuit master. Assert is ignored. {"history": "Interactive.356", "point": 15, "testname": "TIA_Gain_Linearity", "cornername": "CMOS_VDD_Res_Cap_Temp_13"}
[2026-06-03 11:59:27.347 Z] [WARN] [cadence.virtuoso.ade.simulationMonitor] -     WARNING (SPECTRE-16460): SOAC_esdfdp5_vcpsub:Specified subcircuit master `esdfdp5' was not found. {"history": "Interactive.356", "point": 15, "testname": "TIA_Gain_Linearity", "cornername": "CMOS_VDD_Res_Cap_Temp_13"}
[2026-06-03 11:59:27.347 Z] [WARN] [cadence.virtuoso.ade.simulationMonitor] -     WARNING (SPECTRE-16462): SOAC_esdfdp5_vcpsub:Error in specification of subcircuit master. Assert is ignored. {"history": "Interactive.356", "point": 15, "testname": "TIA_Gain_Linearity", "cornername": "CMOS_VDD_Res_Cap_Temp_13"}
[2026-06-03 11:59:27.347 Z] [WARN] [cadence.virtuoso.ade.simulationMonitor] -     WARNING (SPECTRE-16460): SOAC_esdfdp5_vac:Specified subcircuit master `esdfdp5' was not found.
        Further occurrences of this warning will be suppressed. {"history": "Interactive.356", "point": 15, "testname": "TIA_Gain_Linearity", "cornername": "CMOS_VDD_Res_Cap_Temp_13"}
[2026-06-03 11:59:27.347 Z] [WARN] [cadence.virtuoso.ade.simulationMonitor] -     WARNING (SPECTRE-16462): SOAC_esdfdp5_vac:Error in specification of subcircuit master. Assert is ignored.
        Further occurrences of this warning will be suppressed. {"history": "Interactive.356", "point": 15, "testname": "TIA_Gain_Linearity", "cornername": "CMOS_VDD_Res_Cap_Temp_13"}
[2026-06-03 11:59:27.347 Z] [WARN] [cadence.virtuoso.ade.simulationMonitor] -     WARNING (SPECTRE-17607): Assert `SOAC_vert10_vsubpsub' is ignored because it contains an expression which is invalid or not supported by native evaluator.  {"history": "Interactive.356", "point": 15, "testname": "TIA_Gain_Linearity", "cornername": "CMOS_VDD_Res_Cap_Temp_13"}
[2026-06-03 11:59:27.348 Z] [WARN] [cadence.virtuoso.ade.simulationMonitor] -     WARNING (SPECTRE-17607): Assert `SOAC_vert10_vcsub' is ignored because it contains an expression which is invalid or not supported by native evaluator.  {"history": "Interactive.356", "point": 15, "testname": "TIA_Gain_Linearity", "cornername": "CMOS_VDD_Res_Cap_Temp_13"}
[2026-06-03 11:59:27.848 Z] [INFO] [cadence.virtuoso.ade.simulationMonitor] - Notice from spectre during topology check.
    Only one connection to the following 1898 nodes:
        I0.I46.RLIB_GC1.R1.psub!
        I0.I46.RLIB_GC1.R2.psub!
        I0.I46.MNLIB_DR1.M_esdnmos4.psub!
        I0.I46.DLIB2.psub!
        I0.I46.DLIB1.psub!
        Further occurrences of this notice will be suppressed. {"history": "Interactive.356", "point": 15, "testname": "TIA_Gain_Linearity", "cornername": "CMOS_VDD_Res_Cap_Temp_13"}
[2026-06-03 11:59:30.853 Z] [INFO] [cadence.virtuoso.ade.simulationMonitor] -               nodes 15748 {"history": "Interactive.356", "point": 15, "testname": "TIA_Gain_Linearity", "cornername": "CMOS_VDD_Res_Cap_Temp_13"}
[2026-06-03 11:59:30.854 Z] [INFO] [cadence.virtuoso.ade.simulationMonitor] - Notice from spectre during initial setup.
    7 resistors are shorted because their absolute value is less than or equal to 'rabsshort'.
    3 vsources are shorted because their absolute value is less than or equal to 'vabsshort'.
    4 resistors are changed to resistance form because their value are less than 'rthresh'.
    Spectre X preset=cx enabled.
    44 notices suppressed.
    138 warnings suppressed. {"history": "Interactive.356", "point": 15, "testname": "TIA_Gain_Linearity", "cornername": "CMOS_VDD_Res_Cap_Temp_13"}
[2026-06-03 11:59:30.855 Z] [INFO] [cadence.virtuoso.ade.simulationMonitor] - Notice from spectre.
    Multithreading enabled: 8 threads in the system with 48 available processors. {"history": "Interactive.356", "point": 15, "testname": "TIA_Gain_Linearity", "cornername": "CMOS_VDD_Res_Cap_Temp_13"}
[2026-06-03 11:59:30.855 Z] [INFO] [cadence.virtuoso.ade.simulationMonitor] - Peak resident memory used = 292 Mbytes. {"history": "Interactive.356", "point": 15, "testname": "TIA_Gain_Linearity", "cornername": "CMOS_VDD_Res_Cap_Temp_13"}
[2026-06-03 11:59:30.855 Z] [INFO] [cadence.virtuoso.ade.simulationMonitor] -    -   (Spectre X) Multi-threading. The recommended number of threads is [4, 8], consider adding +mt=4 or +mt=8 on command line. {"history": "Interactive.356", "point": 15, "testname": "TIA_Gain_Linearity", "cornername": "CMOS_VDD_Res_Cap_Temp_13"}
[2026-06-03 11:59:30.855 Z] [INFO] [cadence.virtuoso.ade.simulationMonitor] - Notice from spectre during transient analysis `tran'.
    No checklimit analysis defined for asserts. A default checklimit analysis 'SpectreChecklimitAnal' has been created with all asserts enabled. {"history": "Interactive.356", "point": 15, "testname": "TIA_Gain_Linearity", "cornername": "CMOS_VDD_Res_Cap_Temp_13"}
[2026-06-03 11:59:31.856 Z] [INFO] [cadence.virtuoso.ade.simulationMonitor] - Notice from spectre during IC analysis, during transient analysis `tran'.
    Bad pivoting is found during DC analysis. Option dc_pivot_check=yes is recommended for possible improvement of convergence. {"history": "Interactive.356", "point": 15, "testname": "TIA_Gain_Linearity", "cornername": "CMOS_VDD_Res_Cap_Temp_13"}
[2026-06-03 11:59:31.856 Z] [WARN] [cadence.virtuoso.ade.simulationMonitor] -     WARNING (CMI-2943): Parameter checks have been ignored because the valid value for parameter 'trise' could not be found in 'C0'. {"history": "Interactive.356", "point": 15, "testname": "TIA_Gain_Linearity", "cornername": "CMOS_VDD_Res_Cap_Temp_13"}
[2026-06-03 11:59:31.857 Z] [WARN] [cadence.virtuoso.ade.simulationMonitor] -     WARNING (CMI-2943): Parameter checks have been ignored because the valid value for parameter 'trise' could not be found in 'C1'. {"history": "Interactive.356", "point": 15, "testname": "TIA_Gain_Linearity", "cornername": "CMOS_VDD_Res_Cap_Temp_13"}
[2026-06-03 11:59:31.857 Z] [WARN] [cadence.virtuoso.ade.simulationMonitor] -     WARNING (CMI-2943): Parameter checks have been ignored because the valid value for parameter 'trise' could not be found in 'C11'. {"history": "Interactive.356", "point": 15, "testname": "TIA_Gain_Linearity", "cornername": "CMOS_VDD_Res_Cap_Temp_13"}
[2026-06-03 11:59:31.857 Z] [WARN] [cadence.virtuoso.ade.simulationMonitor] -     WARNING (CMI-2943): Parameter checks have been ignored because the valid value for parameter 'trise' could not be found in 'C12'. {"history": "Interactive.356", "point": 15, "testname": "TIA_Gain_Linearity", "cornername": "CMOS_VDD_Res_Cap_Temp_13"}
[2026-06-03 11:59:31.857 Z] [WARN] [cadence.virtuoso.ade.simulationMonitor] -     WARNING (CMI-2943): Parameter checks have been ignored because the valid value for parameter 'trise' could not be found in 'C5'.
        Further occurrences of this warning will be suppressed. {"history": "Interactive.356", "point": 15, "testname": "TIA_Gain_Linearity", "cornername": "CMOS_VDD_Res_Cap_Temp_13"}
[2026-06-03 11:59:43.866 Z] [INFO] [cadence.virtuoso.ade.simulationMonitor] - Total time required for tran analysis `tran': CPU = 86.7832 s (1m  26.8s), elapsed = 13.1241 s, util. = 661%. {"history": "Interactive.356", "point": 15, "testname": "TIA_Gain_Linearity", "cornername": "CMOS_VDD_Res_Cap_Temp_13"}
[2026-06-03 11:59:43.867 Z] [INFO] [cadence.virtuoso.ade.simulationMonitor] - Peak resident memory used = 354 Mbytes. {"history": "Interactive.356", "point": 15, "testname": "TIA_Gain_Linearity", "cornername": "CMOS_VDD_Res_Cap_Temp_13"}
[2026-06-03 11:59:43.868 Z] [INFO] [cadence.virtuoso.ade.simulationMonitor] - Notice from spectre.
    1071 warnings suppressed. {"history": "Interactive.356", "point": 15, "testname": "TIA_Gain_Linearity", "cornername": "CMOS_VDD_Res_Cap_Temp_13"}
[2026-06-03 11:59:44.369 Z] [WARN] [cadence.virtuoso.ade.simulationMonitor] -     WARNING (CMI-2425): I7.I0.C0<0>_dummy: `Acde' = 2.393 is unusually large. {"history": "Interactive.356", "point": 15, "testname": "TIA_Gain_Linearity", "cornername": "CMOS_VDD_Res_Cap_Temp_13"}
[2026-06-03 11:59:44.370 Z] [WARN] [cadence.virtuoso.ade.simulationMonitor] -     WARNING (CMI-2425): I7.I0.C0<0>_dummy: `Noff' = 4.732 is unusually large. {"history": "Interactive.356", "point": 15, "testname": "TIA_Gain_Linearity", "cornername": "CMOS_VDD_Res_Cap_Temp_13"}
[2026-06-03 11:59:44.370 Z] [WARN] [cadence.virtuoso.ade.simulationMonitor] -     WARNING (CMI-2424): I7.I0.C0<0>_dummy: `Voffcv' = -867.4e-03 is unusually small. {"history": "Interactive.356", "point": 15, "testname": "TIA_Gain_Linearity", "cornername": "CMOS_VDD_Res_Cap_Temp_13"}
[2026-06-03 11:59:44.370 Z] [WARN] [cadence.virtuoso.ade.simulationMonitor] -     WARNING (CMI-2425): I7.I3.C1<0>_dummy: `Acde' = 2.393 is unusually large. {"history": "Interactive.356", "point": 15, "testname": "TIA_Gain_Linearity", "cornername": "CMOS_VDD_Res_Cap_Temp_13"}
[2026-06-03 11:59:44.370 Z] [WARN] [cadence.virtuoso.ade.simulationMonitor] -     WARNING (CMI-2425): I7.I3.C1<0>_dummy: `Noff' = 4.732 is unusually large. {"history": "Interactive.356", "point": 15, "testname": "TIA_Gain_Linearity", "cornername": "CMOS_VDD_Res_Cap_Temp_13"}
[2026-06-03 11:59:44.370 Z] [WARN] [cadence.virtuoso.ade.simulationMonitor] -     WARNING (CMI-2424): I7.I3.C1<0>_dummy: `Voffcv' = -867.4e-03 is unusually small. {"history": "Interactive.356", "point": 15, "testname": "TIA_Gain_Linearity", "cornername": "CMOS_VDD_Res_Cap_Temp_13"}
[2026-06-03 11:59:44.371 Z] [WARN] [cadence.virtuoso.ade.simulationMonitor] -     WARNING (CMI-2425): I7.I4.C1<0>_dummy: `Acde' = 2.393 is unusually large.
        Further occurrences of this warning will be suppressed. {"history": "Interactive.356", "point": 15, "testname": "TIA_Gain_Linearity", "cornername": "CMOS_VDD_Res_Cap_Temp_13"}
[2026-06-03 11:59:44.371 Z] [WARN] [cadence.virtuoso.ade.simulationMonitor] -     WARNING (CMI-2424): I7.I4.C1<0>_dummy: `Voffcv' = -867.4e-03 is unusually small. {"history": "Interactive.356", "point": 15, "testname": "TIA_Gain_Linearity", "cornername": "CMOS_VDD_Res_Cap_Temp_13"}
[2026-06-03 11:59:44.371 Z] [INFO] [cadence.virtuoso.ade.simulationMonitor] - Notice from spectre.
    1 warning suppressed. {"history": "Interactive.356", "point": 15, "testname": "TIA_Gain_Linearity", "cornername": "CMOS_VDD_Res_Cap_Temp_13"}
[2026-06-03 11:59:44.371 Z] [WARN] [cadence.virtuoso.ade.simulationMonitor] -     WARNING (CMI-2425): I7.I0.C0<0>_dummy: `Acde' = 2.393 is unusually large. {"history": "Interactive.356", "point": 15, "testname": "TIA_Gain_Linearity", "cornername": "CMOS_VDD_Res_Cap_Temp_13"}
[2026-06-03 11:59:44.371 Z] [WARN] [cadence.virtuoso.ade.simulationMonitor] -     WARNING (CMI-2425): I7.I0.C0<0>_dummy: `Noff' = 4.732 is unusually large. {"history": "Interactive.356", "point": 15, "testname": "TIA_Gain_Linearity", "cornername": "CMOS_VDD_Res_Cap_Temp_13"}
[2026-06-03 11:59:44.371 Z] [WARN] [cadence.virtuoso.ade.simulationMonitor] -     WARNING (CMI-2424): I7.I0.C0<0>_dummy: `Voffcv' = -867.4e-03 is unusually small. {"history": "Interactive.356", "point": 15, "testname": "TIA_Gain_Linearity", "cornername": "CMOS_VDD_Res_Cap_Temp_13"}
[2026-06-03 11:59:44.372 Z] [WARN] [cadence.virtuoso.ade.simulationMonitor] -     WARNING (CMI-2425): I7.I3.C1<0>_dummy: `Acde' = 2.393 is unusually large. {"history": "Interactive.356", "point": 15, "testname": "TIA_Gain_Linearity", "cornername": "CMOS_VDD_Res_Cap_Temp_13"}
[2026-06-03 11:59:44.372 Z] [WARN] [cadence.virtuoso.ade.simulationMonitor] -     WARNING (CMI-2425): I7.I3.C1<0>_dummy: `Noff' = 4.732 is unusually large. {"history": "Interactive.356", "point": 15, "testname": "TIA_Gain_Linearity", "cornername": "CMOS_VDD_Res_Cap_Temp_13"}
[2026-06-03 11:59:44.372 Z] [WARN] [cadence.virtuoso.ade.simulationMonitor] -     WARNING (CMI-2424): I7.I3.C1<0>_dummy: `Voffcv' = -867.4e-03 is unusually small. {"history": "Interactive.356", "point": 15, "testname": "TIA_Gain_Linearity", "cornername": "CMOS_VDD_Res_Cap_Temp_13"}
[2026-06-03 11:59:44.372 Z] [WARN] [cadence.virtuoso.ade.simulationMonitor] -     WARNING (CMI-2425): I7.I4.C1<0>_dummy: `Acde' = 2.393 is unusually large.
        Further occurrences of this warning will be suppressed. {"history": "Interactive.356", "point": 15, "testname": "TIA_Gain_Linearity", "cornername": "CMOS_VDD_Res_Cap_Temp_13"}
[2026-06-03 11:59:44.372 Z] [WARN] [cadence.virtuoso.ade.simulationMonitor] -     WARNING (CMI-2424): I7.I4.C1<0>_dummy: `Voffcv' = -867.4e-03 is unusually small. {"history": "Interactive.356", "point": 15, "testname": "TIA_Gain_Linearity", "cornername": "CMOS_VDD_Res_Cap_Temp_13"}
[2026-06-03 11:59:44.372 Z] [INFO] [cadence.virtuoso.ade.simulationMonitor] - Notice from spectre.
    1 warning suppressed. {"history": "Interactive.356", "point": 15, "testname": "TIA_Gain_Linearity", "cornername": "CMOS_VDD_Res_Cap_Temp_13"}
[2026-06-03 11:59:44.373 Z] [INFO] [cadence.virtuoso.ade.simulationMonitor] - Time used: CPU = 95.3 s (1m  35.3s), elapsed = 19.5 s, util. = 488%. {"history": "Interactive.356", "point": 15, "testname": "TIA_Gain_Linearity", "cornername": "CMOS_VDD_Res_Cap_Temp_13"}
[2026-06-03 11:59:44.373 Z] [INFO] [cadence.virtuoso.ade.simulationMonitor] - Time spent in licensing: elapsed = 91.9 ms. {"history": "Interactive.356", "point": 15, "testname": "TIA_Gain_Linearity", "cornername": "CMOS_VDD_Res_Cap_Temp_13"}
[2026-06-03 11:59:44.374 Z] [INFO] [cadence.virtuoso.ade.simulationMonitor] - Peak memory used = 354 Mbytes. {"history": "Interactive.356", "point": 15, "testname": "TIA_Gain_Linearity", "cornername": "CMOS_VDD_Res_Cap_Temp_13"}
[2026-06-03 11:59:44.376 Z] [PROCESS] [cadence.virtuoso.ade.simulationMonitor] - Simulation started at: 11:59:24 AM, Wed Jun 3, 2026, ended at: 11:59:44 AM, Wed Jun 3, 2026, with elapsed time (wall clock): 19.5 s. {"history": "Interactive.356", "point": 15, "testname": "TIA_Gain_Linearity", "cornername": "CMOS_VDD_Res_Cap_Temp_13"}
[2026-06-03 11:59:44.376 Z] [PROCESS] [cadence.virtuoso.ade.simulationMonitor] - spectre completes with 0 errors, 75 warnings, and 28 notices. {"history": "Interactive.356", "point": 15, "testname": "TIA_Gain_Linearity", "cornername": "CMOS_VDD_Res_Cap_Temp_13"}
[2026-06-03 11:59:44.376 Z] [PROCESS] [cadence.virtuoso.ade.simulationMonitor] - Finished simulating for one point {"hostname": "il2244vt26_hrahimi", "processid": 2498769, "history": "Interactive.356", "testname": "TIA_Gain_Linearity", "cornername": "CMOS_VDD_Res_Cap_Temp_13", "point": 15, "logfile": "/home/hrahimi/projects/POTENTIOSTAT_26/logs_hrahimi/logs0/Job19.log", "simid": "7"}
[2026-06-03 11:59:44.376 Z] [PROCESS] [cadence.virtuoso.ade.simulationMonitor] - Simulator exited {"hostname": "il2244vt26_hrahimi", "processid": 2498769, "history": "Interactive.356", "testname": "TIA_Gain_Linearity", "cornername": "CMOS_VDD_Res_Cap_Temp_13", "point": 15, "logfile": "/home/hrahimi/projects/POTENTIOSTAT_26/logs_hrahimi/logs0/Job19.log", "exitStatus": "0"}
[2026-06-03 11:59:44.376 Z] [PROCESS] [cadence.virtuoso.ade.simulationMonitor] - Finished Simulation {"hostname": "il2244vt26_hrahimi", "processid": 2498769, "history": "Interactive.356", "testname": "TIA_Gain_Linearity", "cornername": "CMOS_VDD_Res_Cap_Temp_13", "point": 15, "logfile": "/home/hrahimi/projects/POTENTIOSTAT_26/logs_hrahimi/logs0/Job19.log", "simid": "7"}
[2026-06-03 11:59:48.891 Z] [PROCESS] [cadence.virtuoso.ade.simulationMonitor] - Point Finished {"hostname": "il2244vt26_hrahimi", "processid": 2498769, "history": "Interactive.356", "testname": "TIA_Gain_Linearity", "cornername": "CMOS_VDD_Res_Cap_Temp_13", "point": 15, "logfile": "/home/hrahimi/projects/POTENTIOSTAT_26/logs_hrahimi/logs0/Job19.log"}
[2026-06-03 11:59:48.896 Z] [PROCESS] [cadence.virtuoso.ade.simulationMonitor] - HostInfo:
Host name (type):	il2244vt26_hrahimi (x86_64)
Operating system:	Linux 5.15.0-164-generic #174-Ubuntu SMP Fri Nov 14 20:25:16 UTC 2025 {"hostname": "il2244vt26_hrahimi", "processid": 2498769, "history": "Interactive.356", "testname": "TIA_Gain_Linearity", "cornername": "CMOS_VDD_Res_Cap_Temp_13", "point": 15, "logfile": "/home/hrahimi/projects/POTENTIOSTAT_26/logs_hrahimi/logs0/Job19.log", "nodename": "il2244vt26_hrahimi", "domainname": "(none)", "machine": "x86_64", "sysname": "Linux", "release": "5.15.0-164-generic", "version": "#174-Ubuntu SMP Fri Nov 14 20:25:16 UTC 2025"}
[2026-06-03 11:59:48.896 Z] [PROCESS] [cadence.virtuoso.ade.simulationMonitor] - UsageInfo:
pid=2498769
totalPhysicalMemory=3023.749672GB,Used=2712.517712GB,totalVirtualMemory=3031.749668GB,Used=2712.624157GB
Cpu: Cores=48, Load average:42.930000,40.670000,25.570000 {"hostname": "il2244vt26_hrahimi", "processid": 2498769, "history": "Interactive.356", "testname": "TIA_Gain_Linearity", "cornername": "CMOS_VDD_Res_Cap_Temp_13", "point": 15, "logfile": "/home/hrahimi/projects/POTENTIOSTAT_26/logs_hrahimi/logs0/Job19.log", "pid": "2498769", "totalPhysicalMemory": "3023.749672", "physicalMemoryUsed": "2712.517712", "totalVirtualMemory": "3031.749668", "virtualMemoryUsed": "2712.624157", "cpuCores": "48", "processes": "29712", "loadAverage1": "42.930000", "loadAverage5": "40.670000", "loadAverage15": "25.570000", "loadAverage1Percent": "0.894375"}
[2026-06-03 11:59:48.897 Z] [EVENT] [cadence.virtuoso.ade.simulationMonitor] - NewPoint {"history": "Interactive.356", "point": 18, "testname": "PTAT", "cornername": "CMOS_VDD_Res_Cap_Temp_16", "event": "NewPoint", "EventSource": "Simulation Monitor", "HistoryName": "Interactive.356", "logFile": "/home/hrahimi/projects/POTENTIOSTAT_26/logs_hrahimi/logs0/Job19.log", "logFileSize": "287317"}
[2026-06-03 11:59:48.999 Z] [EVENT] [cadence.virtuoso.ade.simulationMonitor] - NewPoint {"history": "Interactive.356", "point": 18, "testname": "PTAT", "cornername": "CMOS_VDD_Res_Cap_Temp_16", "event": "NewPoint", "EventSource": "spectre", "HistoryName": "Interactive.356", "logFile": "/home/hrahimi/projects/POTENTIOSTAT_26/Sim/Potentiostat_Top/top/maestro/results/maestro/Interactive.356/18/PTAT/psf/spectre.out", "logFileSize": "-1"}
[2026-06-03 11:59:49.009 Z] [PROCESS] [cadence.virtuoso.ade.simulationMonitor] - Simulator launched {"hostname": "il2244vt26_hrahimi", "processid": 2498769, "history": "Interactive.356", "testname": "PTAT", "cornername": "CMOS_VDD_Res_Cap_Temp_16", "point": 18, "logfile": "/home/hrahimi/projects/POTENTIOSTAT_26/logs_hrahimi/logs0/Job19.log", "simid": "8"}
[2026-06-03 11:59:49.072 Z] [PROCESS] [cadence.virtuoso.ade.simulationMonitor] - Started Simulation {"hostname": "il2244vt26_hrahimi", "processid": 2498769, "history": "Interactive.356", "testname": "PTAT", "cornername": "CMOS_VDD_Res_Cap_Temp_16", "point": 18, "logfile": "/home/hrahimi/projects/POTENTIOSTAT_26/logs_hrahimi/logs0/Job19.log", "event": "started", "task": "simulation"}
[2026-06-03 11:59:50.073 Z] [WARN] [cadence.virtuoso.ade.simulationMonitor] -     WARNING (SPECTRE-691): This CPU processor does not support x86 advanced vector extensions instructions. This may affect math operations and slow down the simulation. {"history": "Interactive.356", "point": 18, "testname": "PTAT", "cornername": "CMOS_VDD_Res_Cap_Temp_16"}
[2026-06-03 11:59:50.073 Z] [INFO] [cadence.virtuoso.ade.simulationMonitor] - Notice from spectre during circuit read-in.
    Pre_Configuration file used: /opt/tools/cadence/installs/SPECTRE241/tools.lnx86/spectre/etc/configs/preset.precfg
    Configuration file used: `/opt/tools/cadence/installs/SPECTRE241/tools.lnx86/spectre/etc/configs/preset.cfg'. {"history": "Interactive.356", "point": 18, "testname": "PTAT", "cornername": "CMOS_VDD_Res_Cap_Temp_16"}
[2026-06-03 11:59:50.073 Z] [WARN] [cadence.virtuoso.ade.simulationMonitor] -     WARNING (SPECTRE-8360): line 1511: `ac' is an undefined primitive device. {"history": "Interactive.356", "point": 18, "testname": "PTAT", "cornername": "CMOS_VDD_Res_Cap_Temp_16"}
[2026-06-03 11:59:50.073 Z] [WARN] [cadence.virtuoso.ade.simulationMonitor] -     WARNING (SPECTRE-8360): line 1512: `ac' is an undefined primitive device. {"history": "Interactive.356", "point": 18, "testname": "PTAT", "cornername": "CMOS_VDD_Res_Cap_Temp_16"}
[2026-06-03 11:59:50.074 Z] [WARN] [cadence.virtuoso.ade.simulationMonitor] -     WARNING (SPECTRE-8360): line 1513: `ac' is an undefined primitive device. {"history": "Interactive.356", "point": 18, "testname": "PTAT", "cornername": "CMOS_VDD_Res_Cap_Temp_16"}
[2026-06-03 11:59:50.074 Z] [WARN] [cadence.virtuoso.ade.simulationMonitor] -     WARNING (SPECTRE-8360): line 1514: `ac' is an undefined primitive device. {"history": "Interactive.356", "point": 18, "testname": "PTAT", "cornername": "CMOS_VDD_Res_Cap_Temp_16"}
[2026-06-03 11:59:50.074 Z] [WARN] [cadence.virtuoso.ade.simulationMonitor] -     WARNING (SPECTRE-8360): line 1515: `ac' is an undefined primitive device.
        Further occurrences of this warning will be suppressed. {"history": "Interactive.356", "point": 18, "testname": "PTAT", "cornername": "CMOS_VDD_Res_Cap_Temp_16"}
[2026-06-03 11:59:50.074 Z] [WARN] [cadence.virtuoso.ade.simulationMonitor] -     WARNING (VACOMP-2435): The environment variable CDS_AHDLCMI_ENABLE is no longer supported. Therefore, the simulator will use the default compiled C code flow. {"history": "Interactive.356", "point": 18, "testname": "PTAT", "cornername": "CMOS_VDD_Res_Cap_Temp_16"}
[2026-06-03 11:59:50.074 Z] [INFO] [cadence.virtuoso.ade.simulationMonitor] - Peak resident memory used = 194 Mbytes. {"history": "Interactive.356", "point": 18, "testname": "PTAT", "cornername": "CMOS_VDD_Res_Cap_Temp_16"}
[2026-06-03 11:59:50.575 Z] [WARN] [cadence.virtuoso.ade.simulationMonitor] -     WARNING (SFE-2649): Terminals of top-level instance `R50', in file`netlist', at line 1168, are connected. Remove the instance and rerun the simulation. {"history": "Interactive.356", "point": 18, "testname": "PTAT", "cornername": "CMOS_VDD_Res_Cap_Temp_16"}
[2026-06-03 11:59:50.575 Z] [WARN] [cadence.virtuoso.ade.simulationMonitor] -     WARNING (SFE-2649): Terminals of top-level instance `R48', in file`netlist', at line 1211, are connected. Remove the instance and rerun the simulation. {"history": "Interactive.356", "point": 18, "testname": "PTAT", "cornername": "CMOS_VDD_Res_Cap_Temp_16"}
[2026-06-03 11:59:51.075 Z] [WARN] [cadence.virtuoso.ade.simulationMonitor] -     WARNING (SFE-3027): The dangling resistor I2.rb144 is removed. {"history": "Interactive.356", "point": 18, "testname": "PTAT", "cornername": "CMOS_VDD_Res_Cap_Temp_16"}
[2026-06-03 11:59:51.076 Z] [WARN] [cadence.virtuoso.ade.simulationMonitor] -     WARNING (SFE-3027): The dangling resistor I2.rb241 is removed. {"history": "Interactive.356", "point": 18, "testname": "PTAT", "cornername": "CMOS_VDD_Res_Cap_Temp_16"}
[2026-06-03 11:59:51.077 Z] [WARN] [cadence.virtuoso.ade.simulationMonitor] -     WARNING (SFE-3027): The dangling resistor I2.rb613 is removed. {"history": "Interactive.356", "point": 18, "testname": "PTAT", "cornername": "CMOS_VDD_Res_Cap_Temp_16"}
[2026-06-03 11:59:51.077 Z] [WARN] [cadence.virtuoso.ade.simulationMonitor] -     WARNING (SFE-3027): The dangling resistor I2.rd794 is removed. {"history": "Interactive.356", "point": 18, "testname": "PTAT", "cornername": "CMOS_VDD_Res_Cap_Temp_16"}
[2026-06-03 11:59:51.078 Z] [WARN] [cadence.virtuoso.ade.simulationMonitor] -     WARNING (SFE-3012): The dummy device I0.I16.DLIB9 is removed. {"history": "Interactive.356", "point": 18, "testname": "PTAT", "cornername": "CMOS_VDD_Res_Cap_Temp_16"}
[2026-06-03 11:59:51.078 Z] [WARN] [cadence.virtuoso.ade.simulationMonitor] -     WARNING (SFE-3012): The dummy device I0.I15.DLIB9 is removed. {"history": "Interactive.356", "point": 18, "testname": "PTAT", "cornername": "CMOS_VDD_Res_Cap_Temp_16"}
[2026-06-03 11:59:51.079 Z] [WARN] [cadence.virtuoso.ade.simulationMonitor] -     WARNING (SFE-3012): The dummy device I0.I0.DLIB6 is removed. {"history": "Interactive.356", "point": 18, "testname": "PTAT", "cornername": "CMOS_VDD_Res_Cap_Temp_16"}
[2026-06-03 11:59:51.079 Z] [WARN] [cadence.virtuoso.ade.simulationMonitor] -     WARNING (SFE-3012): The dummy device I7.I2.MP12<0>_turbo_m34 is removed. {"history": "Interactive.356", "point": 18, "testname": "PTAT", "cornername": "CMOS_VDD_Res_Cap_Temp_16"}
[2026-06-03 11:59:51.079 Z] [WARN] [cadence.virtuoso.ade.simulationMonitor] -     WARNING (SFE-3012): The dummy device I0.I16.DLIB10 is removed.
        Further occurrences of this warning will be suppressed. {"history": "Interactive.356", "point": 18, "testname": "PTAT", "cornername": "CMOS_VDD_Res_Cap_Temp_16"}
[2026-06-03 11:59:51.080 Z] [WARN] [cadence.virtuoso.ade.simulationMonitor] -     WARNING (SFE-3029): The dummy capacitor I7.I0.R3.CS1 is removed. {"history": "Interactive.356", "point": 18, "testname": "PTAT", "cornername": "CMOS_VDD_Res_Cap_Temp_16"}
[2026-06-03 11:59:51.080 Z] [WARN] [cadence.virtuoso.ade.simulationMonitor] -     WARNING (SFE-3027): The dangling resistor I2.re2693 is removed.
        Further occurrences of this warning will be suppressed. {"history": "Interactive.356", "point": 18, "testname": "PTAT", "cornername": "CMOS_VDD_Res_Cap_Temp_16"}
[2026-06-03 11:59:51.081 Z] [WARN] [cadence.virtuoso.ade.simulationMonitor] -     WARNING (SFE-3029): The dummy capacitor I7.I13_turbo_m5.C0.C1 is removed. {"history": "Interactive.356", "point": 18, "testname": "PTAT", "cornername": "CMOS_VDD_Res_Cap_Temp_16"}
[2026-06-03 11:59:51.081 Z] [WARN] [cadence.virtuoso.ade.simulationMonitor] -     WARNING (SFE-3029): The dummy capacitor I7.I10_turbo_m4.C0.C1 is removed. {"history": "Interactive.356", "point": 18, "testname": "PTAT", "cornername": "CMOS_VDD_Res_Cap_Temp_16"}
[2026-06-03 11:59:51.082 Z] [WARN] [cadence.virtuoso.ade.simulationMonitor] -     WARNING (SFE-3029): The dummy capacitor I7.I1.R2.CS1 is removed. {"history": "Interactive.356", "point": 18, "testname": "PTAT", "cornername": "CMOS_VDD_Res_Cap_Temp_16"}
[2026-06-03 11:59:51.082 Z] [WARN] [cadence.virtuoso.ade.simulationMonitor] -     WARNING (SFE-3028): The floating resistor R8 is removed. {"history": "Interactive.356", "point": 18, "testname": "PTAT", "cornername": "CMOS_VDD_Res_Cap_Temp_16"}
[2026-06-03 11:59:51.083 Z] [WARN] [cadence.virtuoso.ade.simulationMonitor] -     WARNING (SFE-3029): The dummy capacitor I7.I4.R31.CS1 is removed.
        Further occurrences of this warning will be suppressed. {"history": "Interactive.356", "point": 18, "testname": "PTAT", "cornername": "CMOS_VDD_Res_Cap_Temp_16"}
[2026-06-03 11:59:51.083 Z] [WARN] [cadence.virtuoso.ade.simulationMonitor] -     WARNING (SFE-3015): The dangling node I2.210\:GNDA is removed. {"history": "Interactive.356", "point": 18, "testname": "PTAT", "cornername": "CMOS_VDD_Res_Cap_Temp_16"}
[2026-06-03 11:59:51.083 Z] [WARN] [cadence.virtuoso.ade.simulationMonitor] -     WARNING (SFE-3015): The dangling node I2.222\:POT_OUT is removed. {"history": "Interactive.356", "point": 18, "testname": "PTAT", "cornername": "CMOS_VDD_Res_Cap_Temp_16"}
[2026-06-03 11:59:51.083 Z] [WARN] [cadence.virtuoso.ade.simulationMonitor] -     WARNING (SFE-3015): The dangling node I2.13\:I25|I35|SN is removed. {"history": "Interactive.356", "point": 18, "testname": "PTAT", "cornername": "CMOS_VDD_Res_Cap_Temp_16"}
[2026-06-03 11:59:51.084 Z] [WARN] [cadence.virtuoso.ade.simulationMonitor] -     WARNING (SFE-3015): The dangling node I2.29\:Calib_EN is removed. {"history": "Interactive.356", "point": 18, "testname": "PTAT", "cornername": "CMOS_VDD_Res_Cap_Temp_16"}
[2026-06-03 11:59:51.084 Z] [WARN] [cadence.virtuoso.ade.simulationMonitor] -     WARNING (SFE-3015): The dangling node I2.693\:VPI is removed.
        Further occurrences of this warning will be suppressed. {"history": "Interactive.356", "point": 18, "testname": "PTAT", "cornername": "CMOS_VDD_Res_Cap_Temp_16"}
[2026-06-03 11:59:51.084 Z] [WARN] [cadence.virtuoso.ade.simulationMonitor] -     WARNING (SFE-3016): The floating node net74 is removed. {"history": "Interactive.356", "point": 18, "testname": "PTAT", "cornername": "CMOS_VDD_Res_Cap_Temp_16"}
[2026-06-03 11:59:51.085 Z] [WARN] [cadence.virtuoso.ade.simulationMonitor] -     WARNING (SFE-3016): The floating node net73 is removed. {"history": "Interactive.356", "point": 18, "testname": "PTAT", "cornername": "CMOS_VDD_Res_Cap_Temp_16"}
[2026-06-03 11:59:51.085 Z] [INFO] [cadence.virtuoso.ade.simulationMonitor] - Notice from spectre during hierarchy flattening.
    Spectre X Parasitic Optimization enabled.
    Parasitic optimization will filter out parasitic nodes, nodes only connected to RCs, by default. To view individual parasitic nodes use individual save statements (i.e. save out), or use the 'savefilter=none' option to save all parasitic nodes. Saving all parasitic nodes may slow down simulation and create large waveform files. {"history": "Interactive.356", "point": 18, "testname": "PTAT", "cornername": "CMOS_VDD_Res_Cap_Temp_16"}
[2026-06-03 11:59:51.086 Z] [INFO] [cadence.virtuoso.ade.simulationMonitor] - Peak resident memory used = 224 Mbytes. {"history": "Interactive.356", "point": 18, "testname": "PTAT", "cornername": "CMOS_VDD_Res_Cap_Temp_16"}
[2026-06-03 11:59:51.086 Z] [INFO] [cadence.virtuoso.ade.simulationMonitor] - Notice from spectre during hierarchy flattening.
    The value 'psf' specified for the 'checklimitdest' option will no longer be supported in future releases. Use 'spectre -h' to see other recommended values for the 'checklimitdest' option.
    I0.I46.RLIB_GC1.CS0 of rpoly1c: `c' has the unusually small value of 634.694e-21 F.
    I0.I46.RLIB_GC1.CS1 of rpoly1c: `c' has the unusually small value of 634.694e-21 F.
    I0.I45.RLIB_GC1.CS0 of rpoly1c: `c' has the unusually small value of 634.694e-21 F.
    I0... {"history": "Interactive.356", "point": 18, "testname": "PTAT", "cornername": "CMOS_VDD_Res_Cap_Temp_16"}
[2026-06-03 11:59:51.087 Z] [INFO] [cadence.virtuoso.ade.simulationMonitor] - Notice from spectre during hierarchy flattening.
    V8: `period' has the unusually large value of 100 s.
    V7: `period' has the unusually large value of 10 s.
    V3: `period' has the unusually large value of 6 s.
    I26: `period' has the unusually large value of 6 s. {"history": "Interactive.356", "point": 18, "testname": "PTAT", "cornername": "CMOS_VDD_Res_Cap_Temp_16"}
[2026-06-03 11:59:51.087 Z] [INFO] [cadence.virtuoso.ade.simulationMonitor] - Peak resident memory used = 234 Mbytes. {"history": "Interactive.356", "point": 18, "testname": "PTAT", "cornername": "CMOS_VDD_Res_Cap_Temp_16"}
[2026-06-03 11:59:51.087 Z] [WARN] [cadence.virtuoso.ade.simulationMonitor] -     WARNING (CMI-2425): I2.I56|C3: `Acde' = 2.393 is unusually large. {"history": "Interactive.356", "point": 18, "testname": "PTAT", "cornername": "CMOS_VDD_Res_Cap_Temp_16"}
[2026-06-03 11:59:51.088 Z] [WARN] [cadence.virtuoso.ade.simulationMonitor] -     WARNING (CMI-2425): I2.I56|C3: `Noff' = 4.732 is unusually large. {"history": "Interactive.356", "point": 18, "testname": "PTAT", "cornername": "CMOS_VDD_Res_Cap_Temp_16"}
[2026-06-03 11:59:51.088 Z] [WARN] [cadence.virtuoso.ade.simulationMonitor] -     WARNING (CMI-2424): I2.I56|C3: `Voffcv' = -867.4e-03 is unusually small. {"history": "Interactive.356", "point": 18, "testname": "PTAT", "cornername": "CMOS_VDD_Res_Cap_Temp_16"}
[2026-06-03 11:59:51.088 Z] [WARN] [cadence.virtuoso.ade.simulationMonitor] -     WARNING (CMI-2425): I2.I56|C4: `Acde' = 2.393 is unusually large. {"history": "Interactive.356", "point": 18, "testname": "PTAT", "cornername": "CMOS_VDD_Res_Cap_Temp_16"}
[2026-06-03 11:59:51.089 Z] [WARN] [cadence.virtuoso.ade.simulationMonitor] -     WARNING (CMI-2425): I2.I56|C4: `Noff' = 4.732 is unusually large. {"history": "Interactive.356", "point": 18, "testname": "PTAT", "cornername": "CMOS_VDD_Res_Cap_Temp_16"}
[2026-06-03 11:59:51.089 Z] [WARN] [cadence.virtuoso.ade.simulationMonitor] -     WARNING (CMI-2424): I2.I56|C4: `Voffcv' = -867.4e-03 is unusually small. {"history": "Interactive.356", "point": 18, "testname": "PTAT", "cornername": "CMOS_VDD_Res_Cap_Temp_16"}
[2026-06-03 11:59:51.089 Z] [WARN] [cadence.virtuoso.ade.simulationMonitor] -     WARNING (CMI-2425): I2.I56|C5: `Acde' = 2.393 is unusually large.
        Further occurrences of this warning will be suppressed. {"history": "Interactive.356", "point": 18, "testname": "PTAT", "cornername": "CMOS_VDD_Res_Cap_Temp_16"}
[2026-06-03 11:59:51.089 Z] [WARN] [cadence.virtuoso.ade.simulationMonitor] -     WARNING (CMI-2424): I2.I56|C5: `Voffcv' = -867.4e-03 is unusually small. {"history": "Interactive.356", "point": 18, "testname": "PTAT", "cornername": "CMOS_VDD_Res_Cap_Temp_16"}
[2026-06-03 11:59:51.090 Z] [WARN] [cadence.virtuoso.ade.simulationMonitor] -     WARNING (CMI-2424): I7.I4.C1<0>_turbo_m11: `Voffcv' = -867.4e-03 is unusually small. {"history": "Interactive.356", "point": 18, "testname": "PTAT", "cornername": "CMOS_VDD_Res_Cap_Temp_16"}
[2026-06-03 11:59:51.090 Z] [WARN] [cadence.virtuoso.ade.simulationMonitor] -     WARNING (CMI-2424): I7.I3.C1<0>_turbo_m6: `Voffcv' = -867.4e-03 is unusually small.
        Further occurrences of this warning will be suppressed. {"history": "Interactive.356", "point": 18, "testname": "PTAT", "cornername": "CMOS_VDD_Res_Cap_Temp_16"}
[2026-06-03 11:59:52.091 Z] [WARN] [cadence.virtuoso.ade.simulationMonitor] -     WARNING (SPECTRE-16460): SOAC_esdgcp5_vcpsub:Specified subcircuit master `esdgcp5' was not found. {"history": "Interactive.356", "point": 18, "testname": "PTAT", "cornername": "CMOS_VDD_Res_Cap_Temp_16"}
[2026-06-03 11:59:52.091 Z] [WARN] [cadence.virtuoso.ade.simulationMonitor] -     WARNING (SPECTRE-16462): SOAC_esdgcp5_vcpsub:Error in specification of subcircuit master. Assert is ignored. {"history": "Interactive.356", "point": 18, "testname": "PTAT", "cornername": "CMOS_VDD_Res_Cap_Temp_16"}
[2026-06-03 11:59:52.091 Z] [WARN] [cadence.virtuoso.ade.simulationMonitor] -     WARNING (SPECTRE-16460): SOAC_esdgcp5_vac:Specified subcircuit master `esdgcp5' was not found. {"history": "Interactive.356", "point": 18, "testname": "PTAT", "cornername": "CMOS_VDD_Res_Cap_Temp_16"}
[2026-06-03 11:59:52.092 Z] [WARN] [cadence.virtuoso.ade.simulationMonitor] -     WARNING (SPECTRE-16462): SOAC_esdgcp5_vac:Error in specification of subcircuit master. Assert is ignored. {"history": "Interactive.356", "point": 18, "testname": "PTAT", "cornername": "CMOS_VDD_Res_Cap_Temp_16"}
[2026-06-03 11:59:52.092 Z] [WARN] [cadence.virtuoso.ade.simulationMonitor] -     WARNING (SPECTRE-16460): SOAC_esdgcn5_vac:Specified subcircuit master `esdgcn5' was not found. {"history": "Interactive.356", "point": 18, "testname": "PTAT", "cornername": "CMOS_VDD_Res_Cap_Temp_16"}
[2026-06-03 11:59:52.092 Z] [WARN] [cadence.virtuoso.ade.simulationMonitor] -     WARNING (SPECTRE-16462): SOAC_esdgcn5_vac:Error in specification of subcircuit master. Assert is ignored. {"history": "Interactive.356", "point": 18, "testname": "PTAT", "cornername": "CMOS_VDD_Res_Cap_Temp_16"}
[2026-06-03 11:59:52.092 Z] [WARN] [cadence.virtuoso.ade.simulationMonitor] -     WARNING (SPECTRE-16460): SOAC_esdfdp5_vcpsub:Specified subcircuit master `esdfdp5' was not found. {"history": "Interactive.356", "point": 18, "testname": "PTAT", "cornername": "CMOS_VDD_Res_Cap_Temp_16"}
[2026-06-03 11:59:52.092 Z] [WARN] [cadence.virtuoso.ade.simulationMonitor] -     WARNING (SPECTRE-16462): SOAC_esdfdp5_vcpsub:Error in specification of subcircuit master. Assert is ignored. {"history": "Interactive.356", "point": 18, "testname": "PTAT", "cornername": "CMOS_VDD_Res_Cap_Temp_16"}
[2026-06-03 11:59:52.093 Z] [WARN] [cadence.virtuoso.ade.simulationMonitor] -     WARNING (SPECTRE-16460): SOAC_esdfdp5_vac:Specified subcircuit master `esdfdp5' was not found.
        Further occurrences of this warning will be suppressed. {"history": "Interactive.356", "point": 18, "testname": "PTAT", "cornername": "CMOS_VDD_Res_Cap_Temp_16"}
[2026-06-03 11:59:52.093 Z] [WARN] [cadence.virtuoso.ade.simulationMonitor] -     WARNING (SPECTRE-16462): SOAC_esdfdp5_vac:Error in specification of subcircuit master. Assert is ignored.
        Further occurrences of this warning will be suppressed. {"history": "Interactive.356", "point": 18, "testname": "PTAT", "cornername": "CMOS_VDD_Res_Cap_Temp_16"}
[2026-06-03 11:59:52.093 Z] [WARN] [cadence.virtuoso.ade.simulationMonitor] -     WARNING (SPECTRE-17607): Assert `SOAC_vert10_vsubpsub' is ignored because it contains an expression which is invalid or not supported by native evaluator.  {"history": "Interactive.356", "point": 18, "testname": "PTAT", "cornername": "CMOS_VDD_Res_Cap_Temp_16"}
[2026-06-03 11:59:52.093 Z] [WARN] [cadence.virtuoso.ade.simulationMonitor] -     WARNING (SPECTRE-17607): Assert `SOAC_vert10_vcsub' is ignored because it contains an expression which is invalid or not supported by native evaluator.  {"history": "Interactive.356", "point": 18, "testname": "PTAT", "cornername": "CMOS_VDD_Res_Cap_Temp_16"}
[2026-06-03 11:59:52.594 Z] [INFO] [cadence.virtuoso.ade.simulationMonitor] - Notice from spectre during topology check.
    Only one connection to the following 1898 nodes:
        I0.I46.RLIB_GC1.R1.psub!
        I0.I46.RLIB_GC1.R2.psub!
        I0.I46.MNLIB_DR1.M_esdnmos4.psub!
        I0.I46.DLIB2.psub!
        I0.I46.DLIB1.psub!
        Further occurrences of this notice will be suppressed. {"history": "Interactive.356", "point": 18, "testname": "PTAT", "cornername": "CMOS_VDD_Res_Cap_Temp_16"}
[2026-06-03 11:59:55.098 Z] [INFO] [cadence.virtuoso.ade.simulationMonitor] -               nodes 15748 {"history": "Interactive.356", "point": 18, "testname": "PTAT", "cornername": "CMOS_VDD_Res_Cap_Temp_16"}
[2026-06-03 11:59:55.099 Z] [INFO] [cadence.virtuoso.ade.simulationMonitor] - Notice from spectre during initial setup.
    7 resistors are shorted because their absolute value is less than or equal to 'rabsshort'.
    3 vsources are shorted because their absolute value is less than or equal to 'vabsshort'.
    4 resistors are changed to resistance form because their value are less than 'rthresh'.
    Spectre X preset=cx enabled.
    44 notices suppressed.
    138 warnings suppressed. {"history": "Interactive.356", "point": 18, "testname": "PTAT", "cornername": "CMOS_VDD_Res_Cap_Temp_16"}
[2026-06-03 11:59:55.601 Z] [INFO] [cadence.virtuoso.ade.simulationMonitor] - Notice from spectre.
    Multithreading enabled: 8 threads in the system with 48 available processors. {"history": "Interactive.356", "point": 18, "testname": "PTAT", "cornername": "CMOS_VDD_Res_Cap_Temp_16"}
[2026-06-03 11:59:55.601 Z] [INFO] [cadence.virtuoso.ade.simulationMonitor] - Peak resident memory used = 293 Mbytes. {"history": "Interactive.356", "point": 18, "testname": "PTAT", "cornername": "CMOS_VDD_Res_Cap_Temp_16"}
[2026-06-03 11:59:55.601 Z] [INFO] [cadence.virtuoso.ade.simulationMonitor] -    -   (Spectre X) Multi-threading. The recommended number of threads is [4, 8], consider adding +mt=4 or +mt=8 on command line. {"history": "Interactive.356", "point": 18, "testname": "PTAT", "cornername": "CMOS_VDD_Res_Cap_Temp_16"}
[2026-06-03 11:59:55.602 Z] [INFO] [cadence.virtuoso.ade.simulationMonitor] - Notice from spectre during transient analysis `tran'.
    No checklimit analysis defined for asserts. A default checklimit analysis 'SpectreChecklimitAnal' has been created with all asserts enabled. {"history": "Interactive.356", "point": 18, "testname": "PTAT", "cornername": "CMOS_VDD_Res_Cap_Temp_16"}
[2026-06-03 11:59:56.603 Z] [INFO] [cadence.virtuoso.ade.simulationMonitor] - Notice from spectre during IC analysis, during transient analysis `tran'.
    Bad pivoting is found during DC analysis. Option dc_pivot_check=yes is recommended for possible improvement of convergence. {"history": "Interactive.356", "point": 18, "testname": "PTAT", "cornername": "CMOS_VDD_Res_Cap_Temp_16"}
[2026-06-03 11:59:56.604 Z] [WARN] [cadence.virtuoso.ade.simulationMonitor] -     WARNING (CMI-2943): Parameter checks have been ignored because the valid value for parameter 'trise' could not be found in 'C0'. {"history": "Interactive.356", "point": 18, "testname": "PTAT", "cornername": "CMOS_VDD_Res_Cap_Temp_16"}
[2026-06-03 11:59:56.604 Z] [WARN] [cadence.virtuoso.ade.simulationMonitor] -     WARNING (CMI-2943): Parameter checks have been ignored because the valid value for parameter 'trise' could not be found in 'C1'. {"history": "Interactive.356", "point": 18, "testname": "PTAT", "cornername": "CMOS_VDD_Res_Cap_Temp_16"}
[2026-06-03 11:59:56.605 Z] [WARN] [cadence.virtuoso.ade.simulationMonitor] -     WARNING (CMI-2943): Parameter checks have been ignored because the valid value for parameter 'trise' could not be found in 'C11'. {"history": "Interactive.356", "point": 18, "testname": "PTAT", "cornername": "CMOS_VDD_Res_Cap_Temp_16"}
[2026-06-03 11:59:56.605 Z] [WARN] [cadence.virtuoso.ade.simulationMonitor] -     WARNING (CMI-2943): Parameter checks have been ignored because the valid value for parameter 'trise' could not be found in 'C12'. {"history": "Interactive.356", "point": 18, "testname": "PTAT", "cornername": "CMOS_VDD_Res_Cap_Temp_16"}
[2026-06-03 11:59:56.606 Z] [WARN] [cadence.virtuoso.ade.simulationMonitor] -     WARNING (CMI-2943): Parameter checks have been ignored because the valid value for parameter 'trise' could not be found in 'C5'.
        Further occurrences of this warning will be suppressed. {"history": "Interactive.356", "point": 18, "testname": "PTAT", "cornername": "CMOS_VDD_Res_Cap_Temp_16"}
[2026-06-03 11:59:56.606 Z] [WARN] [cadence.virtuoso.ade.simulationMonitor] -     WARNING (SPECTRE-17192): 
        Tolerance relaxation is used during DC simulation which may affect the accuracy of the result. This is mainly caused by the high impedance nodes in the circuit. Use the dyn_highz check to determine the high impedance nodes. Setting/assigning appropriate initial values to these nodes will usually help to improve both performance and accuracy of DC simulations. {"history": "Interactive.356", "point": 18, "testname": "PTAT", "cornername": "CMOS_VDD_Res_Cap_Temp_16"}
[2026-06-03 11:59:58.107 Z] [INFO] [cadence.virtuoso.ade.simulationMonitor] - Total time required for tran analysis `tran': CPU = 8.1869 s, elapsed = 2.55798 s, util. = 320%. {"history": "Interactive.356", "point": 18, "testname": "PTAT", "cornername": "CMOS_VDD_Res_Cap_Temp_16"}
[2026-06-03 11:59:58.107 Z] [INFO] [cadence.virtuoso.ade.simulationMonitor] - Peak resident memory used = 352 Mbytes. {"history": "Interactive.356", "point": 18, "testname": "PTAT", "cornername": "CMOS_VDD_Res_Cap_Temp_16"}
[2026-06-03 11:59:58.108 Z] [INFO] [cadence.virtuoso.ade.simulationMonitor] - Notice from spectre.
    1071 warnings suppressed. {"history": "Interactive.356", "point": 18, "testname": "PTAT", "cornername": "CMOS_VDD_Res_Cap_Temp_16"}
[2026-06-03 11:59:58.108 Z] [WARN] [cadence.virtuoso.ade.simulationMonitor] -     WARNING (CMI-2425): I7.I0.C0<0>_dummy: `Acde' = 2.393 is unusually large. {"history": "Interactive.356", "point": 18, "testname": "PTAT", "cornername": "CMOS_VDD_Res_Cap_Temp_16"}
[2026-06-03 11:59:58.108 Z] [WARN] [cadence.virtuoso.ade.simulationMonitor] -     WARNING (CMI-2425): I7.I0.C0<0>_dummy: `Noff' = 4.732 is unusually large. {"history": "Interactive.356", "point": 18, "testname": "PTAT", "cornername": "CMOS_VDD_Res_Cap_Temp_16"}
[2026-06-03 11:59:58.108 Z] [WARN] [cadence.virtuoso.ade.simulationMonitor] -     WARNING (CMI-2424): I7.I0.C0<0>_dummy: `Voffcv' = -867.4e-03 is unusually small. {"history": "Interactive.356", "point": 18, "testname": "PTAT", "cornername": "CMOS_VDD_Res_Cap_Temp_16"}
[2026-06-03 11:59:58.108 Z] [WARN] [cadence.virtuoso.ade.simulationMonitor] -     WARNING (CMI-2425): I7.I3.C1<0>_dummy: `Acde' = 2.393 is unusually large. {"history": "Interactive.356", "point": 18, "testname": "PTAT", "cornername": "CMOS_VDD_Res_Cap_Temp_16"}
[2026-06-03 11:59:58.109 Z] [WARN] [cadence.virtuoso.ade.simulationMonitor] -     WARNING (CMI-2425): I7.I3.C1<0>_dummy: `Noff' = 4.732 is unusually large. {"history": "Interactive.356", "point": 18, "testname": "PTAT", "cornername": "CMOS_VDD_Res_Cap_Temp_16"}
[2026-06-03 11:59:58.109 Z] [WARN] [cadence.virtuoso.ade.simulationMonitor] -     WARNING (CMI-2424): I7.I3.C1<0>_dummy: `Voffcv' = -867.4e-03 is unusually small. {"history": "Interactive.356", "point": 18, "testname": "PTAT", "cornername": "CMOS_VDD_Res_Cap_Temp_16"}
[2026-06-03 11:59:58.109 Z] [WARN] [cadence.virtuoso.ade.simulationMonitor] -     WARNING (CMI-2425): I7.I4.C1<0>_dummy: `Acde' = 2.393 is unusually large.
        Further occurrences of this warning will be suppressed. {"history": "Interactive.356", "point": 18, "testname": "PTAT", "cornername": "CMOS_VDD_Res_Cap_Temp_16"}
[2026-06-03 11:59:58.110 Z] [WARN] [cadence.virtuoso.ade.simulationMonitor] -     WARNING (CMI-2424): I7.I4.C1<0>_dummy: `Voffcv' = -867.4e-03 is unusually small. {"history": "Interactive.356", "point": 18, "testname": "PTAT", "cornername": "CMOS_VDD_Res_Cap_Temp_16"}
[2026-06-03 11:59:58.110 Z] [INFO] [cadence.virtuoso.ade.simulationMonitor] - Notice from spectre.
    1 warning suppressed. {"history": "Interactive.356", "point": 18, "testname": "PTAT", "cornername": "CMOS_VDD_Res_Cap_Temp_16"}
[2026-06-03 11:59:58.110 Z] [WARN] [cadence.virtuoso.ade.simulationMonitor] -     WARNING (CMI-2425): I7.I0.C0<0>_dummy: `Acde' = 2.393 is unusually large. {"history": "Interactive.356", "point": 18, "testname": "PTAT", "cornername": "CMOS_VDD_Res_Cap_Temp_16"}
[2026-06-03 11:59:58.111 Z] [WARN] [cadence.virtuoso.ade.simulationMonitor] -     WARNING (CMI-2425): I7.I0.C0<0>_dummy: `Noff' = 4.732 is unusually large. {"history": "Interactive.356", "point": 18, "testname": "PTAT", "cornername": "CMOS_VDD_Res_Cap_Temp_16"}
[2026-06-03 11:59:58.111 Z] [WARN] [cadence.virtuoso.ade.simulationMonitor] -     WARNING (CMI-2424): I7.I0.C0<0>_dummy: `Voffcv' = -867.4e-03 is unusually small. {"history": "Interactive.356", "point": 18, "testname": "PTAT", "cornername": "CMOS_VDD_Res_Cap_Temp_16"}
[2026-06-03 11:59:58.111 Z] [WARN] [cadence.virtuoso.ade.simulationMonitor] -     WARNING (CMI-2425): I7.I3.C1<0>_dummy: `Acde' = 2.393 is unusually large. {"history": "Interactive.356", "point": 18, "testname": "PTAT", "cornername": "CMOS_VDD_Res_Cap_Temp_16"}
[2026-06-03 11:59:58.111 Z] [WARN] [cadence.virtuoso.ade.simulationMonitor] -     WARNING (CMI-2425): I7.I3.C1<0>_dummy: `Noff' = 4.732 is unusually large. {"history": "Interactive.356", "point": 18, "testname": "PTAT", "cornername": "CMOS_VDD_Res_Cap_Temp_16"}
[2026-06-03 11:59:58.112 Z] [WARN] [cadence.virtuoso.ade.simulationMonitor] -     WARNING (CMI-2424): I7.I3.C1<0>_dummy: `Voffcv' = -867.4e-03 is unusually small. {"history": "Interactive.356", "point": 18, "testname": "PTAT", "cornername": "CMOS_VDD_Res_Cap_Temp_16"}
[2026-06-03 11:59:58.112 Z] [WARN] [cadence.virtuoso.ade.simulationMonitor] -     WARNING (CMI-2425): I7.I4.C1<0>_dummy: `Acde' = 2.393 is unusually large.
        Further occurrences of this warning will be suppressed. {"history": "Interactive.356", "point": 18, "testname": "PTAT", "cornername": "CMOS_VDD_Res_Cap_Temp_16"}
[2026-06-03 11:59:58.112 Z] [WARN] [cadence.virtuoso.ade.simulationMonitor] -     WARNING (CMI-2424): I7.I4.C1<0>_dummy: `Voffcv' = -867.4e-03 is unusually small. {"history": "Interactive.356", "point": 18, "testname": "PTAT", "cornername": "CMOS_VDD_Res_Cap_Temp_16"}
[2026-06-03 11:59:58.113 Z] [INFO] [cadence.virtuoso.ade.simulationMonitor] - Notice from spectre.
    1 warning suppressed. {"history": "Interactive.356", "point": 18, "testname": "PTAT", "cornername": "CMOS_VDD_Res_Cap_Temp_16"}
[2026-06-03 11:59:58.113 Z] [INFO] [cadence.virtuoso.ade.simulationMonitor] - Time used: CPU = 13.8 s, elapsed = 8.74 s, util. = 158%. {"history": "Interactive.356", "point": 18, "testname": "PTAT", "cornername": "CMOS_VDD_Res_Cap_Temp_16"}
[2026-06-03 11:59:58.113 Z] [INFO] [cadence.virtuoso.ade.simulationMonitor] - Time spent in licensing: elapsed = 83.1 ms. {"history": "Interactive.356", "point": 18, "testname": "PTAT", "cornername": "CMOS_VDD_Res_Cap_Temp_16"}
[2026-06-03 11:59:58.114 Z] [INFO] [cadence.virtuoso.ade.simulationMonitor] - Peak memory used = 352 Mbytes. {"history": "Interactive.356", "point": 18, "testname": "PTAT", "cornername": "CMOS_VDD_Res_Cap_Temp_16"}
[2026-06-03 11:59:58.116 Z] [PROCESS] [cadence.virtuoso.ade.simulationMonitor] - Simulation started at: 11:59:49 AM, Wed Jun 3, 2026, ended at: 11:59:57 AM, Wed Jun 3, 2026, with elapsed time (wall clock): 8.74 s. {"history": "Interactive.356", "point": 18, "testname": "PTAT", "cornername": "CMOS_VDD_Res_Cap_Temp_16"}
[2026-06-03 11:59:58.116 Z] [PROCESS] [cadence.virtuoso.ade.simulationMonitor] - spectre completes with 0 errors, 76 warnings, and 28 notices. {"history": "Interactive.356", "point": 18, "testname": "PTAT", "cornername": "CMOS_VDD_Res_Cap_Temp_16"}
[2026-06-03 11:59:58.617 Z] [PROCESS] [cadence.virtuoso.ade.simulationMonitor] - Finished simulating for one point {"hostname": "il2244vt26_hrahimi", "processid": 2498769, "history": "Interactive.356", "testname": "PTAT", "cornername": "CMOS_VDD_Res_Cap_Temp_16", "point": 18, "logfile": "/home/hrahimi/projects/POTENTIOSTAT_26/logs_hrahimi/logs0/Job19.log", "simid": "8"}
[2026-06-03 11:59:58.617 Z] [PROCESS] [cadence.virtuoso.ade.simulationMonitor] - Simulator exited {"hostname": "il2244vt26_hrahimi", "processid": 2498769, "history": "Interactive.356", "testname": "PTAT", "cornername": "CMOS_VDD_Res_Cap_Temp_16", "point": 18, "logfile": "/home/hrahimi/projects/POTENTIOSTAT_26/logs_hrahimi/logs0/Job19.log", "exitStatus": "0"}
[2026-06-03 11:59:58.617 Z] [PROCESS] [cadence.virtuoso.ade.simulationMonitor] - Finished Simulation {"hostname": "il2244vt26_hrahimi", "processid": 2498769, "history": "Interactive.356", "testname": "PTAT", "cornername": "CMOS_VDD_Res_Cap_Temp_16", "point": 18, "logfile": "/home/hrahimi/projects/POTENTIOSTAT_26/logs_hrahimi/logs0/Job19.log", "simid": "8"}
[2026-06-03 12:00:03.132 Z] [PROCESS] [cadence.virtuoso.ade.simulationMonitor] - Point Finished {"hostname": "il2244vt26_hrahimi", "processid": 2498769, "history": "Interactive.356", "testname": "PTAT", "cornername": "CMOS_VDD_Res_Cap_Temp_16", "point": 18, "logfile": "/home/hrahimi/projects/POTENTIOSTAT_26/logs_hrahimi/logs0/Job19.log"}
[2026-06-03 12:00:03.136 Z] [PROCESS] [cadence.virtuoso.ade.simulationMonitor] - HostInfo:
Host name (type):	il2244vt26_hrahimi (x86_64)
Operating system:	Linux 5.15.0-164-generic #174-Ubuntu SMP Fri Nov 14 20:25:16 UTC 2025 {"hostname": "il2244vt26_hrahimi", "processid": 2498769, "history": "Interactive.356", "testname": "PTAT", "cornername": "CMOS_VDD_Res_Cap_Temp_16", "point": 18, "logfile": "/home/hrahimi/projects/POTENTIOSTAT_26/logs_hrahimi/logs0/Job19.log", "nodename": "il2244vt26_hrahimi", "domainname": "(none)", "machine": "x86_64", "sysname": "Linux", "release": "5.15.0-164-generic", "version": "#174-Ubuntu SMP Fri Nov 14 20:25:16 UTC 2025"}
[2026-06-03 12:00:03.137 Z] [PROCESS] [cadence.virtuoso.ade.simulationMonitor] - UsageInfo:
pid=2498769
totalPhysicalMemory=3023.749672GB,Used=2712.817570GB,totalVirtualMemory=3031.749668GB,Used=2712.924015GB
Cpu: Cores=48, Load average:43.560000,40.930000,25.890000 {"hostname": "il2244vt26_hrahimi", "processid": 2498769, "history": "Interactive.356", "testname": "PTAT", "cornername": "CMOS_VDD_Res_Cap_Temp_16", "point": 18, "logfile": "/home/hrahimi/projects/POTENTIOSTAT_26/logs_hrahimi/logs0/Job19.log", "pid": "2498769", "totalPhysicalMemory": "3023.749672", "physicalMemoryUsed": "2712.817570", "totalVirtualMemory": "3031.749668", "virtualMemoryUsed": "2712.924015", "cpuCores": "48", "processes": "29695", "loadAverage1": "43.560000", "loadAverage5": "40.930000", "loadAverage15": "25.890000", "loadAverage1Percent": "0.907500"}
[2026-06-03 12:00:03.138 Z] [EVENT] [cadence.virtuoso.ade.simulationMonitor] - NewPoint {"history": "Interactive.356", "point": 16, "testname": "TIA_Gain_Linearity", "cornername": "CMOS_VDD_Res_Cap_Temp_14", "event": "NewPoint", "EventSource": "Simulation Monitor", "HistoryName": "Interactive.356", "logFile": "/home/hrahimi/projects/POTENTIOSTAT_26/logs_hrahimi/logs0/Job19.log", "logFileSize": "321928"}
[2026-06-03 12:00:03.242 Z] [EVENT] [cadence.virtuoso.ade.simulationMonitor] - NewPoint {"history": "Interactive.356", "point": 16, "testname": "TIA_Gain_Linearity", "cornername": "CMOS_VDD_Res_Cap_Temp_14", "event": "NewPoint", "EventSource": "spectre", "HistoryName": "Interactive.356", "logFile": "/home/hrahimi/projects/POTENTIOSTAT_26/Sim/Potentiostat_Top/top/maestro/results/maestro/Interactive.356/16/TIA_Gain_Linearity/psf/spectre.out", "logFileSize": "-1"}
[2026-06-03 12:00:03.256 Z] [PROCESS] [cadence.virtuoso.ade.simulationMonitor] - Simulator launched {"hostname": "il2244vt26_hrahimi", "processid": 2498769, "history": "Interactive.356", "testname": "TIA_Gain_Linearity", "cornername": "CMOS_VDD_Res_Cap_Temp_14", "point": 16, "logfile": "/home/hrahimi/projects/POTENTIOSTAT_26/logs_hrahimi/logs0/Job19.log", "simid": "9"}
[2026-06-03 12:00:03.317 Z] [PROCESS] [cadence.virtuoso.ade.simulationMonitor] - Started Simulation {"hostname": "il2244vt26_hrahimi", "processid": 2498769, "history": "Interactive.356", "testname": "TIA_Gain_Linearity", "cornername": "CMOS_VDD_Res_Cap_Temp_14", "point": 16, "logfile": "/home/hrahimi/projects/POTENTIOSTAT_26/logs_hrahimi/logs0/Job19.log", "event": "started", "task": "simulation"}
[2026-06-03 12:00:04.318 Z] [WARN] [cadence.virtuoso.ade.simulationMonitor] -     WARNING (SPECTRE-691): This CPU processor does not support x86 advanced vector extensions instructions. This may affect math operations and slow down the simulation. {"history": "Interactive.356", "point": 16, "testname": "TIA_Gain_Linearity", "cornername": "CMOS_VDD_Res_Cap_Temp_14"}
[2026-06-03 12:00:04.319 Z] [INFO] [cadence.virtuoso.ade.simulationMonitor] - Notice from spectre during circuit read-in.
    Pre_Configuration file used: /opt/tools/cadence/installs/SPECTRE241/tools.lnx86/spectre/etc/configs/preset.precfg
    Configuration file used: `/opt/tools/cadence/installs/SPECTRE241/tools.lnx86/spectre/etc/configs/preset.cfg'. {"history": "Interactive.356", "point": 16, "testname": "TIA_Gain_Linearity", "cornername": "CMOS_VDD_Res_Cap_Temp_14"}
[2026-06-03 12:00:04.319 Z] [WARN] [cadence.virtuoso.ade.simulationMonitor] -     WARNING (SPECTRE-8360): line 1511: `ac' is an undefined primitive device. {"history": "Interactive.356", "point": 16, "testname": "TIA_Gain_Linearity", "cornername": "CMOS_VDD_Res_Cap_Temp_14"}
[2026-06-03 12:00:04.319 Z] [WARN] [cadence.virtuoso.ade.simulationMonitor] -     WARNING (SPECTRE-8360): line 1512: `ac' is an undefined primitive device. {"history": "Interactive.356", "point": 16, "testname": "TIA_Gain_Linearity", "cornername": "CMOS_VDD_Res_Cap_Temp_14"}
[2026-06-03 12:00:04.320 Z] [WARN] [cadence.virtuoso.ade.simulationMonitor] -     WARNING (SPECTRE-8360): line 1513: `ac' is an undefined primitive device. {"history": "Interactive.356", "point": 16, "testname": "TIA_Gain_Linearity", "cornername": "CMOS_VDD_Res_Cap_Temp_14"}
[2026-06-03 12:00:04.320 Z] [WARN] [cadence.virtuoso.ade.simulationMonitor] -     WARNING (SPECTRE-8360): line 1514: `ac' is an undefined primitive device. {"history": "Interactive.356", "point": 16, "testname": "TIA_Gain_Linearity", "cornername": "CMOS_VDD_Res_Cap_Temp_14"}
[2026-06-03 12:00:04.320 Z] [WARN] [cadence.virtuoso.ade.simulationMonitor] -     WARNING (SPECTRE-8360): line 1515: `ac' is an undefined primitive device.
        Further occurrences of this warning will be suppressed. {"history": "Interactive.356", "point": 16, "testname": "TIA_Gain_Linearity", "cornername": "CMOS_VDD_Res_Cap_Temp_14"}
[2026-06-03 12:00:04.320 Z] [WARN] [cadence.virtuoso.ade.simulationMonitor] -     WARNING (VACOMP-2435): The environment variable CDS_AHDLCMI_ENABLE is no longer supported. Therefore, the simulator will use the default compiled C code flow. {"history": "Interactive.356", "point": 16, "testname": "TIA_Gain_Linearity", "cornername": "CMOS_VDD_Res_Cap_Temp_14"}
[2026-06-03 12:00:04.821 Z] [INFO] [cadence.virtuoso.ade.simulationMonitor] - Peak resident memory used = 195 Mbytes. {"history": "Interactive.356", "point": 16, "testname": "TIA_Gain_Linearity", "cornername": "CMOS_VDD_Res_Cap_Temp_14"}
[2026-06-03 12:00:04.821 Z] [WARN] [cadence.virtuoso.ade.simulationMonitor] -     WARNING (SFE-2649): Terminals of top-level instance `R50', in file`netlist', at line 1168, are connected. Remove the instance and rerun the simulation. {"history": "Interactive.356", "point": 16, "testname": "TIA_Gain_Linearity", "cornername": "CMOS_VDD_Res_Cap_Temp_14"}
[2026-06-03 12:00:04.821 Z] [WARN] [cadence.virtuoso.ade.simulationMonitor] -     WARNING (SFE-2649): Terminals of top-level instance `R48', in file`netlist', at line 1211, are connected. Remove the instance and rerun the simulation. {"history": "Interactive.356", "point": 16, "testname": "TIA_Gain_Linearity", "cornername": "CMOS_VDD_Res_Cap_Temp_14"}
[2026-06-03 12:00:05.322 Z] [WARN] [cadence.virtuoso.ade.simulationMonitor] -     WARNING (SFE-3027): The dangling resistor I2.rb144 is removed. {"history": "Interactive.356", "point": 16, "testname": "TIA_Gain_Linearity", "cornername": "CMOS_VDD_Res_Cap_Temp_14"}
[2026-06-03 12:00:05.322 Z] [WARN] [cadence.virtuoso.ade.simulationMonitor] -     WARNING (SFE-3027): The dangling resistor I2.rb241 is removed. {"history": "Interactive.356", "point": 16, "testname": "TIA_Gain_Linearity", "cornername": "CMOS_VDD_Res_Cap_Temp_14"}
[2026-06-03 12:00:05.322 Z] [WARN] [cadence.virtuoso.ade.simulationMonitor] -     WARNING (SFE-3027): The dangling resistor I2.rb613 is removed. {"history": "Interactive.356", "point": 16, "testname": "TIA_Gain_Linearity", "cornername": "CMOS_VDD_Res_Cap_Temp_14"}
[2026-06-03 12:00:05.323 Z] [WARN] [cadence.virtuoso.ade.simulationMonitor] -     WARNING (SFE-3027): The dangling resistor I2.rd794 is removed. {"history": "Interactive.356", "point": 16, "testname": "TIA_Gain_Linearity", "cornername": "CMOS_VDD_Res_Cap_Temp_14"}
[2026-06-03 12:00:05.323 Z] [WARN] [cadence.virtuoso.ade.simulationMonitor] -     WARNING (SFE-3012): The dummy device I0.I16.DLIB9 is removed. {"history": "Interactive.356", "point": 16, "testname": "TIA_Gain_Linearity", "cornername": "CMOS_VDD_Res_Cap_Temp_14"}
[2026-06-03 12:00:05.323 Z] [WARN] [cadence.virtuoso.ade.simulationMonitor] -     WARNING (SFE-3012): The dummy device I0.I15.DLIB9 is removed. {"history": "Interactive.356", "point": 16, "testname": "TIA_Gain_Linearity", "cornername": "CMOS_VDD_Res_Cap_Temp_14"}
[2026-06-03 12:00:05.323 Z] [WARN] [cadence.virtuoso.ade.simulationMonitor] -     WARNING (SFE-3012): The dummy device I0.I0.DLIB6 is removed. {"history": "Interactive.356", "point": 16, "testname": "TIA_Gain_Linearity", "cornername": "CMOS_VDD_Res_Cap_Temp_14"}
[2026-06-03 12:00:05.324 Z] [WARN] [cadence.virtuoso.ade.simulationMonitor] -     WARNING (SFE-3012): The dummy device I7.I2.MP12<0>_turbo_m34 is removed. {"history": "Interactive.356", "point": 16, "testname": "TIA_Gain_Linearity", "cornername": "CMOS_VDD_Res_Cap_Temp_14"}
[2026-06-03 12:00:05.324 Z] [WARN] [cadence.virtuoso.ade.simulationMonitor] -     WARNING (SFE-3012): The dummy device I0.I16.DLIB10 is removed.
        Further occurrences of this warning will be suppressed. {"history": "Interactive.356", "point": 16, "testname": "TIA_Gain_Linearity", "cornername": "CMOS_VDD_Res_Cap_Temp_14"}
[2026-06-03 12:00:05.324 Z] [WARN] [cadence.virtuoso.ade.simulationMonitor] -     WARNING (SFE-3029): The dummy capacitor I7.I0.R3.CS1 is removed. {"history": "Interactive.356", "point": 16, "testname": "TIA_Gain_Linearity", "cornername": "CMOS_VDD_Res_Cap_Temp_14"}
[2026-06-03 12:00:05.324 Z] [WARN] [cadence.virtuoso.ade.simulationMonitor] -     WARNING (SFE-3027): The dangling resistor I2.re2693 is removed.
        Further occurrences of this warning will be suppressed. {"history": "Interactive.356", "point": 16, "testname": "TIA_Gain_Linearity", "cornername": "CMOS_VDD_Res_Cap_Temp_14"}
[2026-06-03 12:00:05.324 Z] [WARN] [cadence.virtuoso.ade.simulationMonitor] -     WARNING (SFE-3029): The dummy capacitor I7.I13_turbo_m5.C0.C1 is removed. {"history": "Interactive.356", "point": 16, "testname": "TIA_Gain_Linearity", "cornername": "CMOS_VDD_Res_Cap_Temp_14"}
[2026-06-03 12:00:05.324 Z] [WARN] [cadence.virtuoso.ade.simulationMonitor] -     WARNING (SFE-3029): The dummy capacitor I7.I10_turbo_m4.C0.C1 is removed. {"history": "Interactive.356", "point": 16, "testname": "TIA_Gain_Linearity", "cornername": "CMOS_VDD_Res_Cap_Temp_14"}
[2026-06-03 12:00:05.325 Z] [WARN] [cadence.virtuoso.ade.simulationMonitor] -     WARNING (SFE-3029): The dummy capacitor I7.I1.R2.CS1 is removed. {"history": "Interactive.356", "point": 16, "testname": "TIA_Gain_Linearity", "cornername": "CMOS_VDD_Res_Cap_Temp_14"}
[2026-06-03 12:00:05.325 Z] [WARN] [cadence.virtuoso.ade.simulationMonitor] -     WARNING (SFE-3028): The floating resistor R8 is removed. {"history": "Interactive.356", "point": 16, "testname": "TIA_Gain_Linearity", "cornername": "CMOS_VDD_Res_Cap_Temp_14"}
[2026-06-03 12:00:05.325 Z] [WARN] [cadence.virtuoso.ade.simulationMonitor] -     WARNING (SFE-3029): The dummy capacitor I7.I4.R31.CS1 is removed.
        Further occurrences of this warning will be suppressed. {"history": "Interactive.356", "point": 16, "testname": "TIA_Gain_Linearity", "cornername": "CMOS_VDD_Res_Cap_Temp_14"}
[2026-06-03 12:00:05.325 Z] [WARN] [cadence.virtuoso.ade.simulationMonitor] -     WARNING (SFE-3015): The dangling node I2.210\:GNDA is removed. {"history": "Interactive.356", "point": 16, "testname": "TIA_Gain_Linearity", "cornername": "CMOS_VDD_Res_Cap_Temp_14"}
[2026-06-03 12:00:05.325 Z] [WARN] [cadence.virtuoso.ade.simulationMonitor] -     WARNING (SFE-3015): The dangling node I2.222\:POT_OUT is removed. {"history": "Interactive.356", "point": 16, "testname": "TIA_Gain_Linearity", "cornername": "CMOS_VDD_Res_Cap_Temp_14"}
[2026-06-03 12:00:05.325 Z] [WARN] [cadence.virtuoso.ade.simulationMonitor] -     WARNING (SFE-3015): The dangling node I2.13\:I25|I35|SN is removed. {"history": "Interactive.356", "point": 16, "testname": "TIA_Gain_Linearity", "cornername": "CMOS_VDD_Res_Cap_Temp_14"}
[2026-06-03 12:00:05.326 Z] [WARN] [cadence.virtuoso.ade.simulationMonitor] -     WARNING (SFE-3015): The dangling node I2.29\:Calib_EN is removed. {"history": "Interactive.356", "point": 16, "testname": "TIA_Gain_Linearity", "cornername": "CMOS_VDD_Res_Cap_Temp_14"}
[2026-06-03 12:00:05.326 Z] [WARN] [cadence.virtuoso.ade.simulationMonitor] -     WARNING (SFE-3015): The dangling node I2.693\:VPI is removed.
        Further occurrences of this warning will be suppressed. {"history": "Interactive.356", "point": 16, "testname": "TIA_Gain_Linearity", "cornername": "CMOS_VDD_Res_Cap_Temp_14"}
[2026-06-03 12:00:05.326 Z] [WARN] [cadence.virtuoso.ade.simulationMonitor] -     WARNING (SFE-3016): The floating node net74 is removed. {"history": "Interactive.356", "point": 16, "testname": "TIA_Gain_Linearity", "cornername": "CMOS_VDD_Res_Cap_Temp_14"}
[2026-06-03 12:00:05.326 Z] [WARN] [cadence.virtuoso.ade.simulationMonitor] -     WARNING (SFE-3016): The floating node net73 is removed. {"history": "Interactive.356", "point": 16, "testname": "TIA_Gain_Linearity", "cornername": "CMOS_VDD_Res_Cap_Temp_14"}
[2026-06-03 12:00:05.326 Z] [INFO] [cadence.virtuoso.ade.simulationMonitor] - Notice from spectre during hierarchy flattening.
    Spectre X Parasitic Optimization enabled.
    Parasitic optimization will filter out parasitic nodes, nodes only connected to RCs, by default. To view individual parasitic nodes use individual save statements (i.e. save out), or use the 'savefilter=none' option to save all parasitic nodes. Saving all parasitic nodes may slow down simulation and create large waveform files. {"history": "Interactive.356", "point": 16, "testname": "TIA_Gain_Linearity", "cornername": "CMOS_VDD_Res_Cap_Temp_14"}
[2026-06-03 12:00:05.327 Z] [INFO] [cadence.virtuoso.ade.simulationMonitor] - Peak resident memory used = 225 Mbytes. {"history": "Interactive.356", "point": 16, "testname": "TIA_Gain_Linearity", "cornername": "CMOS_VDD_Res_Cap_Temp_14"}
[2026-06-03 12:00:05.327 Z] [INFO] [cadence.virtuoso.ade.simulationMonitor] - Notice from spectre during hierarchy flattening.
    The value 'psf' specified for the 'checklimitdest' option will no longer be supported in future releases. Use 'spectre -h' to see other recommended values for the 'checklimitdest' option.
    I0.I46.RLIB_GC1.CS0 of rpoly1c: `c' has the unusually small value of 634.694e-21 F.
    I0.I46.RLIB_GC1.CS1 of rpoly1c: `c' has the unusually small value of 634.694e-21 F.
    I0.I45.RLIB_GC1.CS0 of rpoly1c: `c' has the unusually small value of 634.694e-21 F.
    I0... {"history": "Interactive.356", "point": 16, "testname": "TIA_Gain_Linearity", "cornername": "CMOS_VDD_Res_Cap_Temp_14"}
[2026-06-03 12:00:05.827 Z] [INFO] [cadence.virtuoso.ade.simulationMonitor] - Notice from spectre during hierarchy flattening.
    V8: `period' has the unusually large value of 100 s.
    V7: `period' has the unusually large value of 10 s.
    V3: `period' has the unusually large value of 6 s.
    I26: `period' has the unusually large value of 6 s. {"history": "Interactive.356", "point": 16, "testname": "TIA_Gain_Linearity", "cornername": "CMOS_VDD_Res_Cap_Temp_14"}
[2026-06-03 12:00:05.828 Z] [INFO] [cadence.virtuoso.ade.simulationMonitor] - Peak resident memory used = 235 Mbytes. {"history": "Interactive.356", "point": 16, "testname": "TIA_Gain_Linearity", "cornername": "CMOS_VDD_Res_Cap_Temp_14"}
[2026-06-03 12:00:05.828 Z] [WARN] [cadence.virtuoso.ade.simulationMonitor] -     WARNING (CMI-2425): I2.I56|C3: `Acde' = 2.393 is unusually large. {"history": "Interactive.356", "point": 16, "testname": "TIA_Gain_Linearity", "cornername": "CMOS_VDD_Res_Cap_Temp_14"}
[2026-06-03 12:00:05.828 Z] [WARN] [cadence.virtuoso.ade.simulationMonitor] -     WARNING (CMI-2425): I2.I56|C3: `Noff' = 4.732 is unusually large. {"history": "Interactive.356", "point": 16, "testname": "TIA_Gain_Linearity", "cornername": "CMOS_VDD_Res_Cap_Temp_14"}
[2026-06-03 12:00:05.828 Z] [WARN] [cadence.virtuoso.ade.simulationMonitor] -     WARNING (CMI-2424): I2.I56|C3: `Voffcv' = -867.4e-03 is unusually small. {"history": "Interactive.356", "point": 16, "testname": "TIA_Gain_Linearity", "cornername": "CMOS_VDD_Res_Cap_Temp_14"}
[2026-06-03 12:00:05.829 Z] [WARN] [cadence.virtuoso.ade.simulationMonitor] -     WARNING (CMI-2425): I2.I56|C4: `Acde' = 2.393 is unusually large. {"history": "Interactive.356", "point": 16, "testname": "TIA_Gain_Linearity", "cornername": "CMOS_VDD_Res_Cap_Temp_14"}
[2026-06-03 12:00:05.829 Z] [WARN] [cadence.virtuoso.ade.simulationMonitor] -     WARNING (CMI-2425): I2.I56|C4: `Noff' = 4.732 is unusually large. {"history": "Interactive.356", "point": 16, "testname": "TIA_Gain_Linearity", "cornername": "CMOS_VDD_Res_Cap_Temp_14"}
[2026-06-03 12:00:05.829 Z] [WARN] [cadence.virtuoso.ade.simulationMonitor] -     WARNING (CMI-2424): I2.I56|C4: `Voffcv' = -867.4e-03 is unusually small. {"history": "Interactive.356", "point": 16, "testname": "TIA_Gain_Linearity", "cornername": "CMOS_VDD_Res_Cap_Temp_14"}
[2026-06-03 12:00:05.829 Z] [WARN] [cadence.virtuoso.ade.simulationMonitor] -     WARNING (CMI-2425): I2.I56|C5: `Acde' = 2.393 is unusually large.
        Further occurrences of this warning will be suppressed. {"history": "Interactive.356", "point": 16, "testname": "TIA_Gain_Linearity", "cornername": "CMOS_VDD_Res_Cap_Temp_14"}
[2026-06-03 12:00:05.829 Z] [WARN] [cadence.virtuoso.ade.simulationMonitor] -     WARNING (CMI-2424): I2.I56|C5: `Voffcv' = -867.4e-03 is unusually small. {"history": "Interactive.356", "point": 16, "testname": "TIA_Gain_Linearity", "cornername": "CMOS_VDD_Res_Cap_Temp_14"}
[2026-06-03 12:00:05.830 Z] [WARN] [cadence.virtuoso.ade.simulationMonitor] -     WARNING (CMI-2424): I7.I4.C1<0>_turbo_m11: `Voffcv' = -867.4e-03 is unusually small. {"history": "Interactive.356", "point": 16, "testname": "TIA_Gain_Linearity", "cornername": "CMOS_VDD_Res_Cap_Temp_14"}
[2026-06-03 12:00:05.830 Z] [WARN] [cadence.virtuoso.ade.simulationMonitor] -     WARNING (CMI-2424): I7.I3.C1<0>_turbo_m6: `Voffcv' = -867.4e-03 is unusually small.
        Further occurrences of this warning will be suppressed. {"history": "Interactive.356", "point": 16, "testname": "TIA_Gain_Linearity", "cornername": "CMOS_VDD_Res_Cap_Temp_14"}
[2026-06-03 12:00:06.830 Z] [WARN] [cadence.virtuoso.ade.simulationMonitor] -     WARNING (SPECTRE-16460): SOAC_esdgcp5_vcpsub:Specified subcircuit master `esdgcp5' was not found. {"history": "Interactive.356", "point": 16, "testname": "TIA_Gain_Linearity", "cornername": "CMOS_VDD_Res_Cap_Temp_14"}
[2026-06-03 12:00:06.831 Z] [WARN] [cadence.virtuoso.ade.simulationMonitor] -     WARNING (SPECTRE-16462): SOAC_esdgcp5_vcpsub:Error in specification of subcircuit master. Assert is ignored. {"history": "Interactive.356", "point": 16, "testname": "TIA_Gain_Linearity", "cornername": "CMOS_VDD_Res_Cap_Temp_14"}
[2026-06-03 12:00:06.831 Z] [WARN] [cadence.virtuoso.ade.simulationMonitor] -     WARNING (SPECTRE-16460): SOAC_esdgcp5_vac:Specified subcircuit master `esdgcp5' was not found. {"history": "Interactive.356", "point": 16, "testname": "TIA_Gain_Linearity", "cornername": "CMOS_VDD_Res_Cap_Temp_14"}
[2026-06-03 12:00:06.831 Z] [WARN] [cadence.virtuoso.ade.simulationMonitor] -     WARNING (SPECTRE-16462): SOAC_esdgcp5_vac:Error in specification of subcircuit master. Assert is ignored. {"history": "Interactive.356", "point": 16, "testname": "TIA_Gain_Linearity", "cornername": "CMOS_VDD_Res_Cap_Temp_14"}
[2026-06-03 12:00:06.831 Z] [WARN] [cadence.virtuoso.ade.simulationMonitor] -     WARNING (SPECTRE-16460): SOAC_esdgcn5_vac:Specified subcircuit master `esdgcn5' was not found. {"history": "Interactive.356", "point": 16, "testname": "TIA_Gain_Linearity", "cornername": "CMOS_VDD_Res_Cap_Temp_14"}
[2026-06-03 12:00:06.832 Z] [WARN] [cadence.virtuoso.ade.simulationMonitor] -     WARNING (SPECTRE-16462): SOAC_esdgcn5_vac:Error in specification of subcircuit master. Assert is ignored. {"history": "Interactive.356", "point": 16, "testname": "TIA_Gain_Linearity", "cornername": "CMOS_VDD_Res_Cap_Temp_14"}
[2026-06-03 12:00:06.832 Z] [WARN] [cadence.virtuoso.ade.simulationMonitor] -     WARNING (SPECTRE-16460): SOAC_esdfdp5_vcpsub:Specified subcircuit master `esdfdp5' was not found. {"history": "Interactive.356", "point": 16, "testname": "TIA_Gain_Linearity", "cornername": "CMOS_VDD_Res_Cap_Temp_14"}
[2026-06-03 12:00:06.832 Z] [WARN] [cadence.virtuoso.ade.simulationMonitor] -     WARNING (SPECTRE-16462): SOAC_esdfdp5_vcpsub:Error in specification of subcircuit master. Assert is ignored. {"history": "Interactive.356", "point": 16, "testname": "TIA_Gain_Linearity", "cornername": "CMOS_VDD_Res_Cap_Temp_14"}
[2026-06-03 12:00:06.832 Z] [WARN] [cadence.virtuoso.ade.simulationMonitor] -     WARNING (SPECTRE-16460): SOAC_esdfdp5_vac:Specified subcircuit master `esdfdp5' was not found.
        Further occurrences of this warning will be suppressed. {"history": "Interactive.356", "point": 16, "testname": "TIA_Gain_Linearity", "cornername": "CMOS_VDD_Res_Cap_Temp_14"}
[2026-06-03 12:00:06.832 Z] [WARN] [cadence.virtuoso.ade.simulationMonitor] -     WARNING (SPECTRE-16462): SOAC_esdfdp5_vac:Error in specification of subcircuit master. Assert is ignored.
        Further occurrences of this warning will be suppressed. {"history": "Interactive.356", "point": 16, "testname": "TIA_Gain_Linearity", "cornername": "CMOS_VDD_Res_Cap_Temp_14"}
[2026-06-03 12:00:06.833 Z] [WARN] [cadence.virtuoso.ade.simulationMonitor] -     WARNING (SPECTRE-17607): Assert `SOAC_vert10_vsubpsub' is ignored because it contains an expression which is invalid or not supported by native evaluator.  {"history": "Interactive.356", "point": 16, "testname": "TIA_Gain_Linearity", "cornername": "CMOS_VDD_Res_Cap_Temp_14"}
[2026-06-03 12:00:06.833 Z] [WARN] [cadence.virtuoso.ade.simulationMonitor] -     WARNING (SPECTRE-17607): Assert `SOAC_vert10_vcsub' is ignored because it contains an expression which is invalid or not supported by native evaluator.  {"history": "Interactive.356", "point": 16, "testname": "TIA_Gain_Linearity", "cornername": "CMOS_VDD_Res_Cap_Temp_14"}
[2026-06-03 12:00:07.334 Z] [INFO] [cadence.virtuoso.ade.simulationMonitor] - Notice from spectre during topology check.
    Only one connection to the following 1898 nodes:
        I0.I46.RLIB_GC1.R1.psub!
        I0.I46.RLIB_GC1.R2.psub!
        I0.I46.MNLIB_DR1.M_esdnmos4.psub!
        I0.I46.DLIB2.psub!
        I0.I46.DLIB1.psub!
        Further occurrences of this notice will be suppressed. {"history": "Interactive.356", "point": 16, "testname": "TIA_Gain_Linearity", "cornername": "CMOS_VDD_Res_Cap_Temp_14"}
[2026-06-03 12:00:10.339 Z] [INFO] [cadence.virtuoso.ade.simulationMonitor] -               nodes 15748 {"history": "Interactive.356", "point": 16, "testname": "TIA_Gain_Linearity", "cornername": "CMOS_VDD_Res_Cap_Temp_14"}
[2026-06-03 12:00:10.339 Z] [INFO] [cadence.virtuoso.ade.simulationMonitor] - Notice from spectre during initial setup.
    7 resistors are shorted because their absolute value is less than or equal to 'rabsshort'.
    3 vsources are shorted because their absolute value is less than or equal to 'vabsshort'.
    4 resistors are changed to resistance form because their value are less than 'rthresh'.
    Spectre X preset=cx enabled.
    44 notices suppressed.
    138 warnings suppressed. {"history": "Interactive.356", "point": 16, "testname": "TIA_Gain_Linearity", "cornername": "CMOS_VDD_Res_Cap_Temp_14"}
[2026-06-03 12:00:10.340 Z] [INFO] [cadence.virtuoso.ade.simulationMonitor] - Notice from spectre.
    Multithreading enabled: 8 threads in the system with 48 available processors. {"history": "Interactive.356", "point": 16, "testname": "TIA_Gain_Linearity", "cornername": "CMOS_VDD_Res_Cap_Temp_14"}
[2026-06-03 12:00:10.340 Z] [INFO] [cadence.virtuoso.ade.simulationMonitor] - Peak resident memory used = 293 Mbytes. {"history": "Interactive.356", "point": 16, "testname": "TIA_Gain_Linearity", "cornername": "CMOS_VDD_Res_Cap_Temp_14"}
[2026-06-03 12:00:10.340 Z] [INFO] [cadence.virtuoso.ade.simulationMonitor] -    -   (Spectre X) Multi-threading. The recommended number of threads is [4, 8], consider adding +mt=4 or +mt=8 on command line. {"history": "Interactive.356", "point": 16, "testname": "TIA_Gain_Linearity", "cornername": "CMOS_VDD_Res_Cap_Temp_14"}
[2026-06-03 12:00:10.340 Z] [INFO] [cadence.virtuoso.ade.simulationMonitor] - Notice from spectre during transient analysis `tran'.
    No checklimit analysis defined for asserts. A default checklimit analysis 'SpectreChecklimitAnal' has been created with all asserts enabled. {"history": "Interactive.356", "point": 16, "testname": "TIA_Gain_Linearity", "cornername": "CMOS_VDD_Res_Cap_Temp_14"}
[2026-06-03 12:00:11.342 Z] [INFO] [cadence.virtuoso.ade.simulationMonitor] - Notice from spectre during IC analysis, during transient analysis `tran'.
    Bad pivoting is found during DC analysis. Option dc_pivot_check=yes is recommended for possible improvement of convergence. {"history": "Interactive.356", "point": 16, "testname": "TIA_Gain_Linearity", "cornername": "CMOS_VDD_Res_Cap_Temp_14"}
[2026-06-03 12:00:11.342 Z] [WARN] [cadence.virtuoso.ade.simulationMonitor] -     WARNING (CMI-2943): Parameter checks have been ignored because the valid value for parameter 'trise' could not be found in 'C0'. {"history": "Interactive.356", "point": 16, "testname": "TIA_Gain_Linearity", "cornername": "CMOS_VDD_Res_Cap_Temp_14"}
[2026-06-03 12:00:11.342 Z] [WARN] [cadence.virtuoso.ade.simulationMonitor] -     WARNING (CMI-2943): Parameter checks have been ignored because the valid value for parameter 'trise' could not be found in 'C1'. {"history": "Interactive.356", "point": 16, "testname": "TIA_Gain_Linearity", "cornername": "CMOS_VDD_Res_Cap_Temp_14"}
[2026-06-03 12:00:11.343 Z] [WARN] [cadence.virtuoso.ade.simulationMonitor] -     WARNING (CMI-2943): Parameter checks have been ignored because the valid value for parameter 'trise' could not be found in 'C11'. {"history": "Interactive.356", "point": 16, "testname": "TIA_Gain_Linearity", "cornername": "CMOS_VDD_Res_Cap_Temp_14"}
[2026-06-03 12:00:11.343 Z] [WARN] [cadence.virtuoso.ade.simulationMonitor] -     WARNING (CMI-2943): Parameter checks have been ignored because the valid value for parameter 'trise' could not be found in 'C12'. {"history": "Interactive.356", "point": 16, "testname": "TIA_Gain_Linearity", "cornername": "CMOS_VDD_Res_Cap_Temp_14"}
[2026-06-03 12:00:11.343 Z] [WARN] [cadence.virtuoso.ade.simulationMonitor] -     WARNING (CMI-2943): Parameter checks have been ignored because the valid value for parameter 'trise' could not be found in 'C5'.
        Further occurrences of this warning will be suppressed. {"history": "Interactive.356", "point": 16, "testname": "TIA_Gain_Linearity", "cornername": "CMOS_VDD_Res_Cap_Temp_14"}
[2026-06-03 12:00:11.344 Z] [WARN] [cadence.virtuoso.ade.simulationMonitor] -     WARNING (SPECTRE-17192): 
        Tolerance relaxation is used during DC simulation which may affect the accuracy of the result. This is mainly caused by the high impedance nodes in the circuit. Use the dyn_highz check to determine the high impedance nodes. Setting/assigning appropriate initial values to these nodes will usually help to improve both performance and accuracy of DC simulations. {"history": "Interactive.356", "point": 16, "testname": "TIA_Gain_Linearity", "cornername": "CMOS_VDD_Res_Cap_Temp_14"}
[2026-06-03 12:00:27.362 Z] [INFO] [cadence.virtuoso.ade.simulationMonitor] - Total time required for tran analysis `tran': CPU = 110.684 s (1m  50.7s), elapsed = 16.9875 s, util. = 652%. {"history": "Interactive.356", "point": 16, "testname": "TIA_Gain_Linearity", "cornername": "CMOS_VDD_Res_Cap_Temp_14"}
[2026-06-03 12:00:27.363 Z] [INFO] [cadence.virtuoso.ade.simulationMonitor] - Peak resident memory used = 358 Mbytes. {"history": "Interactive.356", "point": 16, "testname": "TIA_Gain_Linearity", "cornername": "CMOS_VDD_Res_Cap_Temp_14"}
[2026-06-03 12:00:27.364 Z] [INFO] [cadence.virtuoso.ade.simulationMonitor] - Notice from spectre.
    1071 warnings suppressed. {"history": "Interactive.356", "point": 16, "testname": "TIA_Gain_Linearity", "cornername": "CMOS_VDD_Res_Cap_Temp_14"}
[2026-06-03 12:00:27.364 Z] [WARN] [cadence.virtuoso.ade.simulationMonitor] -     WARNING (CMI-2425): I7.I0.C0<0>_dummy: `Acde' = 2.393 is unusually large. {"history": "Interactive.356", "point": 16, "testname": "TIA_Gain_Linearity", "cornername": "CMOS_VDD_Res_Cap_Temp_14"}
[2026-06-03 12:00:27.364 Z] [WARN] [cadence.virtuoso.ade.simulationMonitor] -     WARNING (CMI-2425): I7.I0.C0<0>_dummy: `Noff' = 4.732 is unusually large. {"history": "Interactive.356", "point": 16, "testname": "TIA_Gain_Linearity", "cornername": "CMOS_VDD_Res_Cap_Temp_14"}
[2026-06-03 12:00:27.365 Z] [WARN] [cadence.virtuoso.ade.simulationMonitor] -     WARNING (CMI-2424): I7.I0.C0<0>_dummy: `Voffcv' = -867.4e-03 is unusually small. {"history": "Interactive.356", "point": 16, "testname": "TIA_Gain_Linearity", "cornername": "CMOS_VDD_Res_Cap_Temp_14"}
[2026-06-03 12:00:27.365 Z] [WARN] [cadence.virtuoso.ade.simulationMonitor] -     WARNING (CMI-2425): I7.I3.C1<0>_dummy: `Acde' = 2.393 is unusually large. {"history": "Interactive.356", "point": 16, "testname": "TIA_Gain_Linearity", "cornername": "CMOS_VDD_Res_Cap_Temp_14"}
[2026-06-03 12:00:27.365 Z] [WARN] [cadence.virtuoso.ade.simulationMonitor] -     WARNING (CMI-2425): I7.I3.C1<0>_dummy: `Noff' = 4.732 is unusually large. {"history": "Interactive.356", "point": 16, "testname": "TIA_Gain_Linearity", "cornername": "CMOS_VDD_Res_Cap_Temp_14"}
[2026-06-03 12:00:27.365 Z] [WARN] [cadence.virtuoso.ade.simulationMonitor] -     WARNING (CMI-2424): I7.I3.C1<0>_dummy: `Voffcv' = -867.4e-03 is unusually small. {"history": "Interactive.356", "point": 16, "testname": "TIA_Gain_Linearity", "cornername": "CMOS_VDD_Res_Cap_Temp_14"}
[2026-06-03 12:00:27.365 Z] [WARN] [cadence.virtuoso.ade.simulationMonitor] -     WARNING (CMI-2425): I7.I4.C1<0>_dummy: `Acde' = 2.393 is unusually large.
        Further occurrences of this warning will be suppressed. {"history": "Interactive.356", "point": 16, "testname": "TIA_Gain_Linearity", "cornername": "CMOS_VDD_Res_Cap_Temp_14"}
[2026-06-03 12:00:27.366 Z] [WARN] [cadence.virtuoso.ade.simulationMonitor] -     WARNING (CMI-2424): I7.I4.C1<0>_dummy: `Voffcv' = -867.4e-03 is unusually small. {"history": "Interactive.356", "point": 16, "testname": "TIA_Gain_Linearity", "cornername": "CMOS_VDD_Res_Cap_Temp_14"}
[2026-06-03 12:00:27.366 Z] [INFO] [cadence.virtuoso.ade.simulationMonitor] - Notice from spectre.
    1 warning suppressed. {"history": "Interactive.356", "point": 16, "testname": "TIA_Gain_Linearity", "cornername": "CMOS_VDD_Res_Cap_Temp_14"}
[2026-06-03 12:00:27.366 Z] [WARN] [cadence.virtuoso.ade.simulationMonitor] -     WARNING (CMI-2425): I7.I0.C0<0>_dummy: `Acde' = 2.393 is unusually large. {"history": "Interactive.356", "point": 16, "testname": "TIA_Gain_Linearity", "cornername": "CMOS_VDD_Res_Cap_Temp_14"}
[2026-06-03 12:00:27.366 Z] [WARN] [cadence.virtuoso.ade.simulationMonitor] -     WARNING (CMI-2425): I7.I0.C0<0>_dummy: `Noff' = 4.732 is unusually large. {"history": "Interactive.356", "point": 16, "testname": "TIA_Gain_Linearity", "cornername": "CMOS_VDD_Res_Cap_Temp_14"}
[2026-06-03 12:00:27.366 Z] [WARN] [cadence.virtuoso.ade.simulationMonitor] -     WARNING (CMI-2424): I7.I0.C0<0>_dummy: `Voffcv' = -867.4e-03 is unusually small. {"history": "Interactive.356", "point": 16, "testname": "TIA_Gain_Linearity", "cornername": "CMOS_VDD_Res_Cap_Temp_14"}
[2026-06-03 12:00:27.366 Z] [WARN] [cadence.virtuoso.ade.simulationMonitor] -     WARNING (CMI-2425): I7.I3.C1<0>_dummy: `Acde' = 2.393 is unusually large. {"history": "Interactive.356", "point": 16, "testname": "TIA_Gain_Linearity", "cornername": "CMOS_VDD_Res_Cap_Temp_14"}
[2026-06-03 12:00:27.367 Z] [WARN] [cadence.virtuoso.ade.simulationMonitor] -     WARNING (CMI-2425): I7.I3.C1<0>_dummy: `Noff' = 4.732 is unusually large. {"history": "Interactive.356", "point": 16, "testname": "TIA_Gain_Linearity", "cornername": "CMOS_VDD_Res_Cap_Temp_14"}
[2026-06-03 12:00:27.367 Z] [WARN] [cadence.virtuoso.ade.simulationMonitor] -     WARNING (CMI-2424): I7.I3.C1<0>_dummy: `Voffcv' = -867.4e-03 is unusually small. {"history": "Interactive.356", "point": 16, "testname": "TIA_Gain_Linearity", "cornername": "CMOS_VDD_Res_Cap_Temp_14"}
[2026-06-03 12:00:27.367 Z] [WARN] [cadence.virtuoso.ade.simulationMonitor] -     WARNING (CMI-2425): I7.I4.C1<0>_dummy: `Acde' = 2.393 is unusually large.
        Further occurrences of this warning will be suppressed. {"history": "Interactive.356", "point": 16, "testname": "TIA_Gain_Linearity", "cornername": "CMOS_VDD_Res_Cap_Temp_14"}
[2026-06-03 12:00:27.367 Z] [WARN] [cadence.virtuoso.ade.simulationMonitor] -     WARNING (CMI-2424): I7.I4.C1<0>_dummy: `Voffcv' = -867.4e-03 is unusually small. {"history": "Interactive.356", "point": 16, "testname": "TIA_Gain_Linearity", "cornername": "CMOS_VDD_Res_Cap_Temp_14"}
[2026-06-03 12:00:27.368 Z] [INFO] [cadence.virtuoso.ade.simulationMonitor] - Notice from spectre.
    1 warning suppressed. {"history": "Interactive.356", "point": 16, "testname": "TIA_Gain_Linearity", "cornername": "CMOS_VDD_Res_Cap_Temp_14"}
[2026-06-03 12:00:27.368 Z] [INFO] [cadence.virtuoso.ade.simulationMonitor] - Time used: CPU = 119 s (1m  59.3s), elapsed = 23.7 s, util. = 504%. {"history": "Interactive.356", "point": 16, "testname": "TIA_Gain_Linearity", "cornername": "CMOS_VDD_Res_Cap_Temp_14"}
[2026-06-03 12:00:27.368 Z] [INFO] [cadence.virtuoso.ade.simulationMonitor] - Time spent in licensing: elapsed = 88.1 ms. {"history": "Interactive.356", "point": 16, "testname": "TIA_Gain_Linearity", "cornername": "CMOS_VDD_Res_Cap_Temp_14"}
[2026-06-03 12:00:27.369 Z] [INFO] [cadence.virtuoso.ade.simulationMonitor] - Peak memory used = 358 Mbytes. {"history": "Interactive.356", "point": 16, "testname": "TIA_Gain_Linearity", "cornername": "CMOS_VDD_Res_Cap_Temp_14"}
[2026-06-03 12:00:27.370 Z] [PROCESS] [cadence.virtuoso.ade.simulationMonitor] - Simulation started at: 12:00:03 PM, Wed Jun 3, 2026, ended at: 12:00:27 PM, Wed Jun 3, 2026, with elapsed time (wall clock): 23.7 s. {"history": "Interactive.356", "point": 16, "testname": "TIA_Gain_Linearity", "cornername": "CMOS_VDD_Res_Cap_Temp_14"}
[2026-06-03 12:00:27.371 Z] [PROCESS] [cadence.virtuoso.ade.simulationMonitor] - spectre completes with 0 errors, 76 warnings, and 28 notices. {"history": "Interactive.356", "point": 16, "testname": "TIA_Gain_Linearity", "cornername": "CMOS_VDD_Res_Cap_Temp_14"}
[2026-06-03 12:00:27.371 Z] [PROCESS] [cadence.virtuoso.ade.simulationMonitor] - Finished simulating for one point {"hostname": "il2244vt26_hrahimi", "processid": 2498769, "history": "Interactive.356", "testname": "TIA_Gain_Linearity", "cornername": "CMOS_VDD_Res_Cap_Temp_14", "point": 16, "logfile": "/home/hrahimi/projects/POTENTIOSTAT_26/logs_hrahimi/logs0/Job19.log", "simid": "9"}
[2026-06-03 12:00:27.371 Z] [PROCESS] [cadence.virtuoso.ade.simulationMonitor] - Simulator exited {"hostname": "il2244vt26_hrahimi", "processid": 2498769, "history": "Interactive.356", "testname": "TIA_Gain_Linearity", "cornername": "CMOS_VDD_Res_Cap_Temp_14", "point": 16, "logfile": "/home/hrahimi/projects/POTENTIOSTAT_26/logs_hrahimi/logs0/Job19.log", "exitStatus": "0"}
[2026-06-03 12:00:27.371 Z] [PROCESS] [cadence.virtuoso.ade.simulationMonitor] - Finished Simulation {"hostname": "il2244vt26_hrahimi", "processid": 2498769, "history": "Interactive.356", "testname": "TIA_Gain_Linearity", "cornername": "CMOS_VDD_Res_Cap_Temp_14", "point": 16, "logfile": "/home/hrahimi/projects/POTENTIOSTAT_26/logs_hrahimi/logs0/Job19.log", "simid": "9"}
[2026-06-03 12:00:31.387 Z] [PROCESS] [cadence.virtuoso.ade.simulationMonitor] - Point Finished {"hostname": "il2244vt26_hrahimi", "processid": 2498769, "history": "Interactive.356", "testname": "TIA_Gain_Linearity", "cornername": "CMOS_VDD_Res_Cap_Temp_14", "point": 16, "logfile": "/home/hrahimi/projects/POTENTIOSTAT_26/logs_hrahimi/logs0/Job19.log"}
[2026-06-03 12:00:31.390 Z] [PROCESS] [cadence.virtuoso.ade.simulationMonitor] - HostInfo:
Host name (type):	il2244vt26_hrahimi (x86_64)
Operating system:	Linux 5.15.0-164-generic #174-Ubuntu SMP Fri Nov 14 20:25:16 UTC 2025 {"hostname": "il2244vt26_hrahimi", "processid": 2498769, "history": "Interactive.356", "testname": "TIA_Gain_Linearity", "cornername": "CMOS_VDD_Res_Cap_Temp_14", "point": 16, "logfile": "/home/hrahimi/projects/POTENTIOSTAT_26/logs_hrahimi/logs0/Job19.log", "nodename": "il2244vt26_hrahimi", "domainname": "(none)", "machine": "x86_64", "sysname": "Linux", "release": "5.15.0-164-generic", "version": "#174-Ubuntu SMP Fri Nov 14 20:25:16 UTC 2025"}
[2026-06-03 12:00:31.390 Z] [PROCESS] [cadence.virtuoso.ade.simulationMonitor] - UsageInfo:
pid=2498769
totalPhysicalMemory=3023.749672GB,Used=2713.109711GB,totalVirtualMemory=3031.749668GB,Used=2713.216156GB
Cpu: Cores=48, Load average:47.350000,42.060000,26.750000 {"hostname": "il2244vt26_hrahimi", "processid": 2498769, "history": "Interactive.356", "testname": "TIA_Gain_Linearity", "cornername": "CMOS_VDD_Res_Cap_Temp_14", "point": 16, "logfile": "/home/hrahimi/projects/POTENTIOSTAT_26/logs_hrahimi/logs0/Job19.log", "pid": "2498769", "totalPhysicalMemory": "3023.749672", "physicalMemoryUsed": "2713.109711", "totalVirtualMemory": "3031.749668", "virtualMemoryUsed": "2713.216156", "cpuCores": "48", "processes": "29750", "loadAverage1": "47.350000", "loadAverage5": "42.060000", "loadAverage15": "26.750000", "loadAverage1Percent": "0.986458"}
[2026-06-03 12:00:31.391 Z] [EVENT] [cadence.virtuoso.ade.simulationMonitor] - NewPoint {"history": "Interactive.356", "point": 17, "testname": "TIA_Gain_Linearity", "cornername": "CMOS_VDD_Res_Cap_Temp_15", "event": "NewPoint", "EventSource": "Simulation Monitor", "HistoryName": "Interactive.356", "logFile": "/home/hrahimi/projects/POTENTIOSTAT_26/logs_hrahimi/logs0/Job19.log", "logFileSize": "358131"}
[2026-06-03 12:00:31.494 Z] [EVENT] [cadence.virtuoso.ade.simulationMonitor] - NewPoint {"history": "Interactive.356", "point": 17, "testname": "TIA_Gain_Linearity", "cornername": "CMOS_VDD_Res_Cap_Temp_15", "event": "NewPoint", "EventSource": "spectre", "HistoryName": "Interactive.356", "logFile": "/home/hrahimi/projects/POTENTIOSTAT_26/Sim/Potentiostat_Top/top/maestro/results/maestro/Interactive.356/17/TIA_Gain_Linearity/psf/spectre.out", "logFileSize": "-1"}
[2026-06-03 12:00:31.506 Z] [PROCESS] [cadence.virtuoso.ade.simulationMonitor] - Simulator launched {"hostname": "il2244vt26_hrahimi", "processid": 2498769, "history": "Interactive.356", "testname": "TIA_Gain_Linearity", "cornername": "CMOS_VDD_Res_Cap_Temp_15", "point": 17, "logfile": "/home/hrahimi/projects/POTENTIOSTAT_26/logs_hrahimi/logs0/Job19.log", "simid": "10"}
[2026-06-03 12:00:31.567 Z] [PROCESS] [cadence.virtuoso.ade.simulationMonitor] - Started Simulation {"hostname": "il2244vt26_hrahimi", "processid": 2498769, "history": "Interactive.356", "testname": "TIA_Gain_Linearity", "cornername": "CMOS_VDD_Res_Cap_Temp_15", "point": 17, "logfile": "/home/hrahimi/projects/POTENTIOSTAT_26/logs_hrahimi/logs0/Job19.log", "event": "started", "task": "simulation"}
[2026-06-03 12:00:32.569 Z] [WARN] [cadence.virtuoso.ade.simulationMonitor] -     WARNING (SPECTRE-691): This CPU processor does not support x86 advanced vector extensions instructions. This may affect math operations and slow down the simulation. {"history": "Interactive.356", "point": 17, "testname": "TIA_Gain_Linearity", "cornername": "CMOS_VDD_Res_Cap_Temp_15"}
[2026-06-03 12:00:32.569 Z] [INFO] [cadence.virtuoso.ade.simulationMonitor] - Notice from spectre during circuit read-in.
    Pre_Configuration file used: /opt/tools/cadence/installs/SPECTRE241/tools.lnx86/spectre/etc/configs/preset.precfg
    Configuration file used: `/opt/tools/cadence/installs/SPECTRE241/tools.lnx86/spectre/etc/configs/preset.cfg'. {"history": "Interactive.356", "point": 17, "testname": "TIA_Gain_Linearity", "cornername": "CMOS_VDD_Res_Cap_Temp_15"}
[2026-06-03 12:00:32.569 Z] [WARN] [cadence.virtuoso.ade.simulationMonitor] -     WARNING (SPECTRE-8360): line 1511: `ac' is an undefined primitive device. {"history": "Interactive.356", "point": 17, "testname": "TIA_Gain_Linearity", "cornername": "CMOS_VDD_Res_Cap_Temp_15"}
[2026-06-03 12:00:32.569 Z] [WARN] [cadence.virtuoso.ade.simulationMonitor] -     WARNING (SPECTRE-8360): line 1512: `ac' is an undefined primitive device. {"history": "Interactive.356", "point": 17, "testname": "TIA_Gain_Linearity", "cornername": "CMOS_VDD_Res_Cap_Temp_15"}
[2026-06-03 12:00:32.569 Z] [WARN] [cadence.virtuoso.ade.simulationMonitor] -     WARNING (SPECTRE-8360): line 1513: `ac' is an undefined primitive device. {"history": "Interactive.356", "point": 17, "testname": "TIA_Gain_Linearity", "cornername": "CMOS_VDD_Res_Cap_Temp_15"}
[2026-06-03 12:00:32.569 Z] [WARN] [cadence.virtuoso.ade.simulationMonitor] -     WARNING (SPECTRE-8360): line 1514: `ac' is an undefined primitive device. {"history": "Interactive.356", "point": 17, "testname": "TIA_Gain_Linearity", "cornername": "CMOS_VDD_Res_Cap_Temp_15"}
[2026-06-03 12:00:32.570 Z] [WARN] [cadence.virtuoso.ade.simulationMonitor] -     WARNING (SPECTRE-8360): line 1515: `ac' is an undefined primitive device.
        Further occurrences of this warning will be suppressed. {"history": "Interactive.356", "point": 17, "testname": "TIA_Gain_Linearity", "cornername": "CMOS_VDD_Res_Cap_Temp_15"}
[2026-06-03 12:00:32.570 Z] [WARN] [cadence.virtuoso.ade.simulationMonitor] -     WARNING (VACOMP-2435): The environment variable CDS_AHDLCMI_ENABLE is no longer supported. Therefore, the simulator will use the default compiled C code flow. {"history": "Interactive.356", "point": 17, "testname": "TIA_Gain_Linearity", "cornername": "CMOS_VDD_Res_Cap_Temp_15"}
[2026-06-03 12:00:32.570 Z] [INFO] [cadence.virtuoso.ade.simulationMonitor] - Peak resident memory used = 194 Mbytes. {"history": "Interactive.356", "point": 17, "testname": "TIA_Gain_Linearity", "cornername": "CMOS_VDD_Res_Cap_Temp_15"}
[2026-06-03 12:00:33.070 Z] [WARN] [cadence.virtuoso.ade.simulationMonitor] -     WARNING (SFE-2649): Terminals of top-level instance `R50', in file`netlist', at line 1168, are connected. Remove the instance and rerun the simulation. {"history": "Interactive.356", "point": 17, "testname": "TIA_Gain_Linearity", "cornername": "CMOS_VDD_Res_Cap_Temp_15"}
[2026-06-03 12:00:33.071 Z] [WARN] [cadence.virtuoso.ade.simulationMonitor] -     WARNING (SFE-2649): Terminals of top-level instance `R48', in file`netlist', at line 1211, are connected. Remove the instance and rerun the simulation. {"history": "Interactive.356", "point": 17, "testname": "TIA_Gain_Linearity", "cornername": "CMOS_VDD_Res_Cap_Temp_15"}
[2026-06-03 12:00:33.571 Z] [WARN] [cadence.virtuoso.ade.simulationMonitor] -     WARNING (SFE-3027): The dangling resistor I2.rb144 is removed. {"history": "Interactive.356", "point": 17, "testname": "TIA_Gain_Linearity", "cornername": "CMOS_VDD_Res_Cap_Temp_15"}
[2026-06-03 12:00:33.572 Z] [WARN] [cadence.virtuoso.ade.simulationMonitor] -     WARNING (SFE-3027): The dangling resistor I2.rb241 is removed. {"history": "Interactive.356", "point": 17, "testname": "TIA_Gain_Linearity", "cornername": "CMOS_VDD_Res_Cap_Temp_15"}
[2026-06-03 12:00:33.572 Z] [WARN] [cadence.virtuoso.ade.simulationMonitor] -     WARNING (SFE-3027): The dangling resistor I2.rb613 is removed. {"history": "Interactive.356", "point": 17, "testname": "TIA_Gain_Linearity", "cornername": "CMOS_VDD_Res_Cap_Temp_15"}
[2026-06-03 12:00:33.572 Z] [WARN] [cadence.virtuoso.ade.simulationMonitor] -     WARNING (SFE-3027): The dangling resistor I2.rd794 is removed. {"history": "Interactive.356", "point": 17, "testname": "TIA_Gain_Linearity", "cornername": "CMOS_VDD_Res_Cap_Temp_15"}
[2026-06-03 12:00:33.572 Z] [WARN] [cadence.virtuoso.ade.simulationMonitor] -     WARNING (SFE-3012): The dummy device I0.I16.DLIB9 is removed. {"history": "Interactive.356", "point": 17, "testname": "TIA_Gain_Linearity", "cornername": "CMOS_VDD_Res_Cap_Temp_15"}
[2026-06-03 12:00:33.572 Z] [WARN] [cadence.virtuoso.ade.simulationMonitor] -     WARNING (SFE-3012): The dummy device I0.I15.DLIB9 is removed. {"history": "Interactive.356", "point": 17, "testname": "TIA_Gain_Linearity", "cornername": "CMOS_VDD_Res_Cap_Temp_15"}
[2026-06-03 12:00:33.572 Z] [WARN] [cadence.virtuoso.ade.simulationMonitor] -     WARNING (SFE-3012): The dummy device I0.I0.DLIB6 is removed. {"history": "Interactive.356", "point": 17, "testname": "TIA_Gain_Linearity", "cornername": "CMOS_VDD_Res_Cap_Temp_15"}
[2026-06-03 12:00:33.573 Z] [WARN] [cadence.virtuoso.ade.simulationMonitor] -     WARNING (SFE-3012): The dummy device I7.I2.MP12<0>_turbo_m34 is removed. {"history": "Interactive.356", "point": 17, "testname": "TIA_Gain_Linearity", "cornername": "CMOS_VDD_Res_Cap_Temp_15"}
[2026-06-03 12:00:33.573 Z] [WARN] [cadence.virtuoso.ade.simulationMonitor] -     WARNING (SFE-3012): The dummy device I0.I16.DLIB10 is removed.
        Further occurrences of this warning will be suppressed. {"history": "Interactive.356", "point": 17, "testname": "TIA_Gain_Linearity", "cornername": "CMOS_VDD_Res_Cap_Temp_15"}
[2026-06-03 12:00:33.573 Z] [WARN] [cadence.virtuoso.ade.simulationMonitor] -     WARNING (SFE-3029): The dummy capacitor I7.I0.R3.CS1 is removed. {"history": "Interactive.356", "point": 17, "testname": "TIA_Gain_Linearity", "cornername": "CMOS_VDD_Res_Cap_Temp_15"}
[2026-06-03 12:00:33.573 Z] [WARN] [cadence.virtuoso.ade.simulationMonitor] -     WARNING (SFE-3027): The dangling resistor I2.re2693 is removed.
        Further occurrences of this warning will be suppressed. {"history": "Interactive.356", "point": 17, "testname": "TIA_Gain_Linearity", "cornername": "CMOS_VDD_Res_Cap_Temp_15"}
[2026-06-03 12:00:33.573 Z] [WARN] [cadence.virtuoso.ade.simulationMonitor] -     WARNING (SFE-3029): The dummy capacitor I7.I13_turbo_m5.C0.C1 is removed. {"history": "Interactive.356", "point": 17, "testname": "TIA_Gain_Linearity", "cornername": "CMOS_VDD_Res_Cap_Temp_15"}
[2026-06-03 12:00:33.573 Z] [WARN] [cadence.virtuoso.ade.simulationMonitor] -     WARNING (SFE-3029): The dummy capacitor I7.I10_turbo_m4.C0.C1 is removed. {"history": "Interactive.356", "point": 17, "testname": "TIA_Gain_Linearity", "cornername": "CMOS_VDD_Res_Cap_Temp_15"}
[2026-06-03 12:00:33.574 Z] [WARN] [cadence.virtuoso.ade.simulationMonitor] -     WARNING (SFE-3029): The dummy capacitor I7.I1.R2.CS1 is removed. {"history": "Interactive.356", "point": 17, "testname": "TIA_Gain_Linearity", "cornername": "CMOS_VDD_Res_Cap_Temp_15"}
[2026-06-03 12:00:33.574 Z] [WARN] [cadence.virtuoso.ade.simulationMonitor] -     WARNING (SFE-3028): The floating resistor R8 is removed. {"history": "Interactive.356", "point": 17, "testname": "TIA_Gain_Linearity", "cornername": "CMOS_VDD_Res_Cap_Temp_15"}
[2026-06-03 12:00:33.574 Z] [WARN] [cadence.virtuoso.ade.simulationMonitor] -     WARNING (SFE-3029): The dummy capacitor I7.I4.R31.CS1 is removed.
        Further occurrences of this warning will be suppressed. {"history": "Interactive.356", "point": 17, "testname": "TIA_Gain_Linearity", "cornername": "CMOS_VDD_Res_Cap_Temp_15"}
[2026-06-03 12:00:33.574 Z] [WARN] [cadence.virtuoso.ade.simulationMonitor] -     WARNING (SFE-3015): The dangling node I2.210\:GNDA is removed. {"history": "Interactive.356", "point": 17, "testname": "TIA_Gain_Linearity", "cornername": "CMOS_VDD_Res_Cap_Temp_15"}
[2026-06-03 12:00:33.574 Z] [WARN] [cadence.virtuoso.ade.simulationMonitor] -     WARNING (SFE-3015): The dangling node I2.222\:POT_OUT is removed. {"history": "Interactive.356", "point": 17, "testname": "TIA_Gain_Linearity", "cornername": "CMOS_VDD_Res_Cap_Temp_15"}
[2026-06-03 12:00:33.575 Z] [WARN] [cadence.virtuoso.ade.simulationMonitor] -     WARNING (SFE-3015): The dangling node I2.13\:I25|I35|SN is removed. {"history": "Interactive.356", "point": 17, "testname": "TIA_Gain_Linearity", "cornername": "CMOS_VDD_Res_Cap_Temp_15"}
[2026-06-03 12:00:33.575 Z] [WARN] [cadence.virtuoso.ade.simulationMonitor] -     WARNING (SFE-3015): The dangling node I2.29\:Calib_EN is removed. {"history": "Interactive.356", "point": 17, "testname": "TIA_Gain_Linearity", "cornername": "CMOS_VDD_Res_Cap_Temp_15"}
[2026-06-03 12:00:33.575 Z] [WARN] [cadence.virtuoso.ade.simulationMonitor] -     WARNING (SFE-3015): The dangling node I2.693\:VPI is removed.
        Further occurrences of this warning will be suppressed. {"history": "Interactive.356", "point": 17, "testname": "TIA_Gain_Linearity", "cornername": "CMOS_VDD_Res_Cap_Temp_15"}
[2026-06-03 12:00:33.575 Z] [WARN] [cadence.virtuoso.ade.simulationMonitor] -     WARNING (SFE-3016): The floating node net74 is removed. {"history": "Interactive.356", "point": 17, "testname": "TIA_Gain_Linearity", "cornername": "CMOS_VDD_Res_Cap_Temp_15"}
[2026-06-03 12:00:33.575 Z] [WARN] [cadence.virtuoso.ade.simulationMonitor] -     WARNING (SFE-3016): The floating node net73 is removed. {"history": "Interactive.356", "point": 17, "testname": "TIA_Gain_Linearity", "cornername": "CMOS_VDD_Res_Cap_Temp_15"}
[2026-06-03 12:00:33.576 Z] [INFO] [cadence.virtuoso.ade.simulationMonitor] - Notice from spectre during hierarchy flattening.
    Spectre X Parasitic Optimization enabled.
    Parasitic optimization will filter out parasitic nodes, nodes only connected to RCs, by default. To view individual parasitic nodes use individual save statements (i.e. save out), or use the 'savefilter=none' option to save all parasitic nodes. Saving all parasitic nodes may slow down simulation and create large waveform files. {"history": "Interactive.356", "point": 17, "testname": "TIA_Gain_Linearity", "cornername": "CMOS_VDD_Res_Cap_Temp_15"}
[2026-06-03 12:00:33.576 Z] [INFO] [cadence.virtuoso.ade.simulationMonitor] - Peak resident memory used = 224 Mbytes. {"history": "Interactive.356", "point": 17, "testname": "TIA_Gain_Linearity", "cornername": "CMOS_VDD_Res_Cap_Temp_15"}
[2026-06-03 12:00:33.576 Z] [INFO] [cadence.virtuoso.ade.simulationMonitor] - Notice from spectre during hierarchy flattening.
    The value 'psf' specified for the 'checklimitdest' option will no longer be supported in future releases. Use 'spectre -h' to see other recommended values for the 'checklimitdest' option.
    I0.I46.RLIB_GC1.CS0 of rpoly1c: `c' has the unusually small value of 634.694e-21 F.
    I0.I46.RLIB_GC1.CS1 of rpoly1c: `c' has the unusually small value of 634.694e-21 F.
    I0.I45.RLIB_GC1.CS0 of rpoly1c: `c' has the unusually small value of 634.694e-21 F.
    I0... {"history": "Interactive.356", "point": 17, "testname": "TIA_Gain_Linearity", "cornername": "CMOS_VDD_Res_Cap_Temp_15"}
[2026-06-03 12:00:34.076 Z] [INFO] [cadence.virtuoso.ade.simulationMonitor] - Notice from spectre during hierarchy flattening.
    V8: `period' has the unusually large value of 100 s.
    V7: `period' has the unusually large value of 10 s.
    V3: `period' has the unusually large value of 6 s.
    I26: `period' has the unusually large value of 6 s. {"history": "Interactive.356", "point": 17, "testname": "TIA_Gain_Linearity", "cornername": "CMOS_VDD_Res_Cap_Temp_15"}
[2026-06-03 12:00:34.077 Z] [INFO] [cadence.virtuoso.ade.simulationMonitor] - Peak resident memory used = 234 Mbytes. {"history": "Interactive.356", "point": 17, "testname": "TIA_Gain_Linearity", "cornername": "CMOS_VDD_Res_Cap_Temp_15"}
[2026-06-03 12:00:34.077 Z] [WARN] [cadence.virtuoso.ade.simulationMonitor] -     WARNING (CMI-2425): I2.I56|C3: `Acde' = 2.393 is unusually large. {"history": "Interactive.356", "point": 17, "testname": "TIA_Gain_Linearity", "cornername": "CMOS_VDD_Res_Cap_Temp_15"}
[2026-06-03 12:00:34.077 Z] [WARN] [cadence.virtuoso.ade.simulationMonitor] -     WARNING (CMI-2425): I2.I56|C3: `Noff' = 4.732 is unusually large. {"history": "Interactive.356", "point": 17, "testname": "TIA_Gain_Linearity", "cornername": "CMOS_VDD_Res_Cap_Temp_15"}
[2026-06-03 12:00:34.078 Z] [WARN] [cadence.virtuoso.ade.simulationMonitor] -     WARNING (CMI-2424): I2.I56|C3: `Voffcv' = -867.4e-03 is unusually small. {"history": "Interactive.356", "point": 17, "testname": "TIA_Gain_Linearity", "cornername": "CMOS_VDD_Res_Cap_Temp_15"}
[2026-06-03 12:00:34.078 Z] [WARN] [cadence.virtuoso.ade.simulationMonitor] -     WARNING (CMI-2425): I2.I56|C4: `Acde' = 2.393 is unusually large. {"history": "Interactive.356", "point": 17, "testname": "TIA_Gain_Linearity", "cornername": "CMOS_VDD_Res_Cap_Temp_15"}
[2026-06-03 12:00:34.079 Z] [WARN] [cadence.virtuoso.ade.simulationMonitor] -     WARNING (CMI-2425): I2.I56|C4: `Noff' = 4.732 is unusually large. {"history": "Interactive.356", "point": 17, "testname": "TIA_Gain_Linearity", "cornername": "CMOS_VDD_Res_Cap_Temp_15"}
[2026-06-03 12:00:34.079 Z] [WARN] [cadence.virtuoso.ade.simulationMonitor] -     WARNING (CMI-2424): I2.I56|C4: `Voffcv' = -867.4e-03 is unusually small. {"history": "Interactive.356", "point": 17, "testname": "TIA_Gain_Linearity", "cornername": "CMOS_VDD_Res_Cap_Temp_15"}
[2026-06-03 12:00:34.080 Z] [WARN] [cadence.virtuoso.ade.simulationMonitor] -     WARNING (CMI-2425): I2.I56|C5: `Acde' = 2.393 is unusually large.
        Further occurrences of this warning will be suppressed. {"history": "Interactive.356", "point": 17, "testname": "TIA_Gain_Linearity", "cornername": "CMOS_VDD_Res_Cap_Temp_15"}
[2026-06-03 12:00:34.080 Z] [WARN] [cadence.virtuoso.ade.simulationMonitor] -     WARNING (CMI-2424): I2.I56|C5: `Voffcv' = -867.4e-03 is unusually small. {"history": "Interactive.356", "point": 17, "testname": "TIA_Gain_Linearity", "cornername": "CMOS_VDD_Res_Cap_Temp_15"}
[2026-06-03 12:00:34.080 Z] [WARN] [cadence.virtuoso.ade.simulationMonitor] -     WARNING (CMI-2424): I7.I4.C1<0>_turbo_m11: `Voffcv' = -867.4e-03 is unusually small. {"history": "Interactive.356", "point": 17, "testname": "TIA_Gain_Linearity", "cornername": "CMOS_VDD_Res_Cap_Temp_15"}
[2026-06-03 12:00:34.080 Z] [WARN] [cadence.virtuoso.ade.simulationMonitor] -     WARNING (CMI-2424): I7.I3.C1<0>_turbo_m6: `Voffcv' = -867.4e-03 is unusually small.
        Further occurrences of this warning will be suppressed. {"history": "Interactive.356", "point": 17, "testname": "TIA_Gain_Linearity", "cornername": "CMOS_VDD_Res_Cap_Temp_15"}
[2026-06-03 12:00:34.581 Z] [WARN] [cadence.virtuoso.ade.simulationMonitor] -     WARNING (SPECTRE-16460): SOAC_esdgcp5_vcpsub:Specified subcircuit master `esdgcp5' was not found. {"history": "Interactive.356", "point": 17, "testname": "TIA_Gain_Linearity", "cornername": "CMOS_VDD_Res_Cap_Temp_15"}
[2026-06-03 12:00:34.581 Z] [WARN] [cadence.virtuoso.ade.simulationMonitor] -     WARNING (SPECTRE-16462): SOAC_esdgcp5_vcpsub:Error in specification of subcircuit master. Assert is ignored. {"history": "Interactive.356", "point": 17, "testname": "TIA_Gain_Linearity", "cornername": "CMOS_VDD_Res_Cap_Temp_15"}
[2026-06-03 12:00:34.582 Z] [WARN] [cadence.virtuoso.ade.simulationMonitor] -     WARNING (SPECTRE-16460): SOAC_esdgcp5_vac:Specified subcircuit master `esdgcp5' was not found. {"history": "Interactive.356", "point": 17, "testname": "TIA_Gain_Linearity", "cornername": "CMOS_VDD_Res_Cap_Temp_15"}
[2026-06-03 12:00:34.582 Z] [WARN] [cadence.virtuoso.ade.simulationMonitor] -     WARNING (SPECTRE-16462): SOAC_esdgcp5_vac:Error in specification of subcircuit master. Assert is ignored. {"history": "Interactive.356", "point": 17, "testname": "TIA_Gain_Linearity", "cornername": "CMOS_VDD_Res_Cap_Temp_15"}
[2026-06-03 12:00:34.582 Z] [WARN] [cadence.virtuoso.ade.simulationMonitor] -     WARNING (SPECTRE-16460): SOAC_esdgcn5_vac:Specified subcircuit master `esdgcn5' was not found. {"history": "Interactive.356", "point": 17, "testname": "TIA_Gain_Linearity", "cornername": "CMOS_VDD_Res_Cap_Temp_15"}
[2026-06-03 12:00:34.582 Z] [WARN] [cadence.virtuoso.ade.simulationMonitor] -     WARNING (SPECTRE-16462): SOAC_esdgcn5_vac:Error in specification of subcircuit master. Assert is ignored. {"history": "Interactive.356", "point": 17, "testname": "TIA_Gain_Linearity", "cornername": "CMOS_VDD_Res_Cap_Temp_15"}
[2026-06-03 12:00:34.582 Z] [WARN] [cadence.virtuoso.ade.simulationMonitor] -     WARNING (SPECTRE-16460): SOAC_esdfdp5_vcpsub:Specified subcircuit master `esdfdp5' was not found. {"history": "Interactive.356", "point": 17, "testname": "TIA_Gain_Linearity", "cornername": "CMOS_VDD_Res_Cap_Temp_15"}
[2026-06-03 12:00:34.583 Z] [WARN] [cadence.virtuoso.ade.simulationMonitor] -     WARNING (SPECTRE-16462): SOAC_esdfdp5_vcpsub:Error in specification of subcircuit master. Assert is ignored. {"history": "Interactive.356", "point": 17, "testname": "TIA_Gain_Linearity", "cornername": "CMOS_VDD_Res_Cap_Temp_15"}
[2026-06-03 12:00:34.583 Z] [WARN] [cadence.virtuoso.ade.simulationMonitor] -     WARNING (SPECTRE-16460): SOAC_esdfdp5_vac:Specified subcircuit master `esdfdp5' was not found.
        Further occurrences of this warning will be suppressed. {"history": "Interactive.356", "point": 17, "testname": "TIA_Gain_Linearity", "cornername": "CMOS_VDD_Res_Cap_Temp_15"}
[2026-06-03 12:00:34.583 Z] [WARN] [cadence.virtuoso.ade.simulationMonitor] -     WARNING (SPECTRE-16462): SOAC_esdfdp5_vac:Error in specification of subcircuit master. Assert is ignored.
        Further occurrences of this warning will be suppressed. {"history": "Interactive.356", "point": 17, "testname": "TIA_Gain_Linearity", "cornername": "CMOS_VDD_Res_Cap_Temp_15"}
[2026-06-03 12:00:34.583 Z] [WARN] [cadence.virtuoso.ade.simulationMonitor] -     WARNING (SPECTRE-17607): Assert `SOAC_vert10_vsubpsub' is ignored because it contains an expression which is invalid or not supported by native evaluator.  {"history": "Interactive.356", "point": 17, "testname": "TIA_Gain_Linearity", "cornername": "CMOS_VDD_Res_Cap_Temp_15"}
[2026-06-03 12:00:34.583 Z] [WARN] [cadence.virtuoso.ade.simulationMonitor] -     WARNING (SPECTRE-17607): Assert `SOAC_vert10_vcsub' is ignored because it contains an expression which is invalid or not supported by native evaluator.  {"history": "Interactive.356", "point": 17, "testname": "TIA_Gain_Linearity", "cornername": "CMOS_VDD_Res_Cap_Temp_15"}
[2026-06-03 12:00:35.584 Z] [INFO] [cadence.virtuoso.ade.simulationMonitor] - Notice from spectre during topology check.
    Only one connection to the following 1898 nodes:
        I0.I46.RLIB_GC1.R1.psub!
        I0.I46.RLIB_GC1.R2.psub!
        I0.I46.MNLIB_DR1.M_esdnmos4.psub!
        I0.I46.DLIB2.psub!
        I0.I46.DLIB1.psub!
        Further occurrences of this notice will be suppressed. {"history": "Interactive.356", "point": 17, "testname": "TIA_Gain_Linearity", "cornername": "CMOS_VDD_Res_Cap_Temp_15"}
[2026-06-03 12:00:38.089 Z] [INFO] [cadence.virtuoso.ade.simulationMonitor] -               nodes 15748 {"history": "Interactive.356", "point": 17, "testname": "TIA_Gain_Linearity", "cornername": "CMOS_VDD_Res_Cap_Temp_15"}
[2026-06-03 12:00:38.089 Z] [INFO] [cadence.virtuoso.ade.simulationMonitor] - Notice from spectre during initial setup.
    7 resistors are shorted because their absolute value is less than or equal to 'rabsshort'.
    3 vsources are shorted because their absolute value is less than or equal to 'vabsshort'.
    4 resistors are changed to resistance form because their value are less than 'rthresh'.
    Spectre X preset=cx enabled.
    44 notices suppressed.
    138 warnings suppressed. {"history": "Interactive.356", "point": 17, "testname": "TIA_Gain_Linearity", "cornername": "CMOS_VDD_Res_Cap_Temp_15"}
[2026-06-03 12:00:38.090 Z] [INFO] [cadence.virtuoso.ade.simulationMonitor] - Notice from spectre.
    Multithreading enabled: 8 threads in the system with 48 available processors. {"history": "Interactive.356", "point": 17, "testname": "TIA_Gain_Linearity", "cornername": "CMOS_VDD_Res_Cap_Temp_15"}
[2026-06-03 12:00:38.090 Z] [INFO] [cadence.virtuoso.ade.simulationMonitor] - Peak resident memory used = 293 Mbytes. {"history": "Interactive.356", "point": 17, "testname": "TIA_Gain_Linearity", "cornername": "CMOS_VDD_Res_Cap_Temp_15"}
[2026-06-03 12:00:38.090 Z] [INFO] [cadence.virtuoso.ade.simulationMonitor] -    -   (Spectre X) Multi-threading. The recommended number of threads is [4, 8], consider adding +mt=4 or +mt=8 on command line. {"history": "Interactive.356", "point": 17, "testname": "TIA_Gain_Linearity", "cornername": "CMOS_VDD_Res_Cap_Temp_15"}
[2026-06-03 12:00:38.090 Z] [INFO] [cadence.virtuoso.ade.simulationMonitor] - Notice from spectre during transient analysis `tran'.
    No checklimit analysis defined for asserts. A default checklimit analysis 'SpectreChecklimitAnal' has been created with all asserts enabled. {"history": "Interactive.356", "point": 17, "testname": "TIA_Gain_Linearity", "cornername": "CMOS_VDD_Res_Cap_Temp_15"}
[2026-06-03 12:00:38.591 Z] [INFO] [cadence.virtuoso.ade.simulationMonitor] - Notice from spectre during IC analysis, during transient analysis `tran'.
    Bad pivoting is found during DC analysis. Option dc_pivot_check=yes is recommended for possible improvement of convergence. {"history": "Interactive.356", "point": 17, "testname": "TIA_Gain_Linearity", "cornername": "CMOS_VDD_Res_Cap_Temp_15"}
[2026-06-03 12:00:38.592 Z] [WARN] [cadence.virtuoso.ade.simulationMonitor] -     WARNING (CMI-2943): Parameter checks have been ignored because the valid value for parameter 'trise' could not be found in 'C0'. {"history": "Interactive.356", "point": 17, "testname": "TIA_Gain_Linearity", "cornername": "CMOS_VDD_Res_Cap_Temp_15"}
[2026-06-03 12:00:38.592 Z] [WARN] [cadence.virtuoso.ade.simulationMonitor] -     WARNING (CMI-2943): Parameter checks have been ignored because the valid value for parameter 'trise' could not be found in 'C1'. {"history": "Interactive.356", "point": 17, "testname": "TIA_Gain_Linearity", "cornername": "CMOS_VDD_Res_Cap_Temp_15"}
[2026-06-03 12:00:38.593 Z] [WARN] [cadence.virtuoso.ade.simulationMonitor] -     WARNING (CMI-2943): Parameter checks have been ignored because the valid value for parameter 'trise' could not be found in 'C11'. {"history": "Interactive.356", "point": 17, "testname": "TIA_Gain_Linearity", "cornername": "CMOS_VDD_Res_Cap_Temp_15"}
[2026-06-03 12:00:38.593 Z] [WARN] [cadence.virtuoso.ade.simulationMonitor] -     WARNING (CMI-2943): Parameter checks have been ignored because the valid value for parameter 'trise' could not be found in 'C12'. {"history": "Interactive.356", "point": 17, "testname": "TIA_Gain_Linearity", "cornername": "CMOS_VDD_Res_Cap_Temp_15"}
[2026-06-03 12:00:38.593 Z] [WARN] [cadence.virtuoso.ade.simulationMonitor] -     WARNING (CMI-2943): Parameter checks have been ignored because the valid value for parameter 'trise' could not be found in 'C5'.
        Further occurrences of this warning will be suppressed. {"history": "Interactive.356", "point": 17, "testname": "TIA_Gain_Linearity", "cornername": "CMOS_VDD_Res_Cap_Temp_15"}
[2026-06-03 12:00:57.100 Z] [INFO] [cadence.virtuoso.ade.simulationMonitor] - Total time required for tran analysis `tran': CPU = 127.039 s (2m  7.0s), elapsed = 18.8892 s, util. = 673%. {"history": "Interactive.356", "point": 17, "testname": "TIA_Gain_Linearity", "cornername": "CMOS_VDD_Res_Cap_Temp_15"}
[2026-06-03 12:00:57.103 Z] [INFO] [cadence.virtuoso.ade.simulationMonitor] - Peak resident memory used = 356 Mbytes. {"history": "Interactive.356", "point": 17, "testname": "TIA_Gain_Linearity", "cornername": "CMOS_VDD_Res_Cap_Temp_15"}
[2026-06-03 12:00:57.103 Z] [INFO] [cadence.virtuoso.ade.simulationMonitor] - Notice from spectre.
    1071 warnings suppressed. {"history": "Interactive.356", "point": 17, "testname": "TIA_Gain_Linearity", "cornername": "CMOS_VDD_Res_Cap_Temp_15"}
[2026-06-03 12:00:57.103 Z] [WARN] [cadence.virtuoso.ade.simulationMonitor] -     WARNING (CMI-2425): I7.I0.C0<0>_dummy: `Acde' = 2.393 is unusually large. {"history": "Interactive.356", "point": 17, "testname": "TIA_Gain_Linearity", "cornername": "CMOS_VDD_Res_Cap_Temp_15"}
[2026-06-03 12:00:57.104 Z] [WARN] [cadence.virtuoso.ade.simulationMonitor] -     WARNING (CMI-2425): I7.I0.C0<0>_dummy: `Noff' = 4.732 is unusually large. {"history": "Interactive.356", "point": 17, "testname": "TIA_Gain_Linearity", "cornername": "CMOS_VDD_Res_Cap_Temp_15"}
[2026-06-03 12:00:57.104 Z] [WARN] [cadence.virtuoso.ade.simulationMonitor] -     WARNING (CMI-2424): I7.I0.C0<0>_dummy: `Voffcv' = -867.4e-03 is unusually small. {"history": "Interactive.356", "point": 17, "testname": "TIA_Gain_Linearity", "cornername": "CMOS_VDD_Res_Cap_Temp_15"}
[2026-06-03 12:00:57.104 Z] [WARN] [cadence.virtuoso.ade.simulationMonitor] -     WARNING (CMI-2425): I7.I3.C1<0>_dummy: `Acde' = 2.393 is unusually large. {"history": "Interactive.356", "point": 17, "testname": "TIA_Gain_Linearity", "cornername": "CMOS_VDD_Res_Cap_Temp_15"}
[2026-06-03 12:00:57.104 Z] [WARN] [cadence.virtuoso.ade.simulationMonitor] -     WARNING (CMI-2425): I7.I3.C1<0>_dummy: `Noff' = 4.732 is unusually large. {"history": "Interactive.356", "point": 17, "testname": "TIA_Gain_Linearity", "cornername": "CMOS_VDD_Res_Cap_Temp_15"}
[2026-06-03 12:00:57.105 Z] [WARN] [cadence.virtuoso.ade.simulationMonitor] -     WARNING (CMI-2424): I7.I3.C1<0>_dummy: `Voffcv' = -867.4e-03 is unusually small. {"history": "Interactive.356", "point": 17, "testname": "TIA_Gain_Linearity", "cornername": "CMOS_VDD_Res_Cap_Temp_15"}
[2026-06-03 12:00:57.105 Z] [WARN] [cadence.virtuoso.ade.simulationMonitor] -     WARNING (CMI-2425): I7.I4.C1<0>_dummy: `Acde' = 2.393 is unusually large.
        Further occurrences of this warning will be suppressed. {"history": "Interactive.356", "point": 17, "testname": "TIA_Gain_Linearity", "cornername": "CMOS_VDD_Res_Cap_Temp_15"}
[2026-06-03 12:00:57.105 Z] [WARN] [cadence.virtuoso.ade.simulationMonitor] -     WARNING (CMI-2424): I7.I4.C1<0>_dummy: `Voffcv' = -867.4e-03 is unusually small. {"history": "Interactive.356", "point": 17, "testname": "TIA_Gain_Linearity", "cornername": "CMOS_VDD_Res_Cap_Temp_15"}
[2026-06-03 12:00:57.105 Z] [INFO] [cadence.virtuoso.ade.simulationMonitor] - Notice from spectre.
    1 warning suppressed. {"history": "Interactive.356", "point": 17, "testname": "TIA_Gain_Linearity", "cornername": "CMOS_VDD_Res_Cap_Temp_15"}
[2026-06-03 12:00:57.106 Z] [WARN] [cadence.virtuoso.ade.simulationMonitor] -     WARNING (CMI-2425): I7.I0.C0<0>_dummy: `Acde' = 2.393 is unusually large. {"history": "Interactive.356", "point": 17, "testname": "TIA_Gain_Linearity", "cornername": "CMOS_VDD_Res_Cap_Temp_15"}
[2026-06-03 12:00:57.106 Z] [WARN] [cadence.virtuoso.ade.simulationMonitor] -     WARNING (CMI-2425): I7.I0.C0<0>_dummy: `Noff' = 4.732 is unusually large. {"history": "Interactive.356", "point": 17, "testname": "TIA_Gain_Linearity", "cornername": "CMOS_VDD_Res_Cap_Temp_15"}
[2026-06-03 12:00:57.106 Z] [WARN] [cadence.virtuoso.ade.simulationMonitor] -     WARNING (CMI-2424): I7.I0.C0<0>_dummy: `Voffcv' = -867.4e-03 is unusually small. {"history": "Interactive.356", "point": 17, "testname": "TIA_Gain_Linearity", "cornername": "CMOS_VDD_Res_Cap_Temp_15"}
[2026-06-03 12:00:57.106 Z] [WARN] [cadence.virtuoso.ade.simulationMonitor] -     WARNING (CMI-2425): I7.I3.C1<0>_dummy: `Acde' = 2.393 is unusually large. {"history": "Interactive.356", "point": 17, "testname": "TIA_Gain_Linearity", "cornername": "CMOS_VDD_Res_Cap_Temp_15"}
[2026-06-03 12:00:57.107 Z] [WARN] [cadence.virtuoso.ade.simulationMonitor] -     WARNING (CMI-2425): I7.I3.C1<0>_dummy: `Noff' = 4.732 is unusually large. {"history": "Interactive.356", "point": 17, "testname": "TIA_Gain_Linearity", "cornername": "CMOS_VDD_Res_Cap_Temp_15"}
[2026-06-03 12:00:57.107 Z] [WARN] [cadence.virtuoso.ade.simulationMonitor] -     WARNING (CMI-2424): I7.I3.C1<0>_dummy: `Voffcv' = -867.4e-03 is unusually small. {"history": "Interactive.356", "point": 17, "testname": "TIA_Gain_Linearity", "cornername": "CMOS_VDD_Res_Cap_Temp_15"}
[2026-06-03 12:00:57.108 Z] [WARN] [cadence.virtuoso.ade.simulationMonitor] -     WARNING (CMI-2425): I7.I4.C1<0>_dummy: `Acde' = 2.393 is unusually large.
        Further occurrences of this warning will be suppressed. {"history": "Interactive.356", "point": 17, "testname": "TIA_Gain_Linearity", "cornername": "CMOS_VDD_Res_Cap_Temp_15"}
[2026-06-03 12:00:57.108 Z] [WARN] [cadence.virtuoso.ade.simulationMonitor] -     WARNING (CMI-2424): I7.I4.C1<0>_dummy: `Voffcv' = -867.4e-03 is unusually small. {"history": "Interactive.356", "point": 17, "testname": "TIA_Gain_Linearity", "cornername": "CMOS_VDD_Res_Cap_Temp_15"}
[2026-06-03 12:00:57.108 Z] [INFO] [cadence.virtuoso.ade.simulationMonitor] - Notice from spectre.
    1 warning suppressed. {"history": "Interactive.356", "point": 17, "testname": "TIA_Gain_Linearity", "cornername": "CMOS_VDD_Res_Cap_Temp_15"}
[2026-06-03 12:00:57.108 Z] [INFO] [cadence.virtuoso.ade.simulationMonitor] - Time used: CPU = 135 s (2m  15.4s), elapsed = 25.2 s, util. = 537%. {"history": "Interactive.356", "point": 17, "testname": "TIA_Gain_Linearity", "cornername": "CMOS_VDD_Res_Cap_Temp_15"}
[2026-06-03 12:00:57.108 Z] [INFO] [cadence.virtuoso.ade.simulationMonitor] - Time spent in licensing: elapsed = 86.1 ms. {"history": "Interactive.356", "point": 17, "testname": "TIA_Gain_Linearity", "cornername": "CMOS_VDD_Res_Cap_Temp_15"}
[2026-06-03 12:00:57.109 Z] [INFO] [cadence.virtuoso.ade.simulationMonitor] - Peak memory used = 356 Mbytes. {"history": "Interactive.356", "point": 17, "testname": "TIA_Gain_Linearity", "cornername": "CMOS_VDD_Res_Cap_Temp_15"}
[2026-06-03 12:00:57.111 Z] [PROCESS] [cadence.virtuoso.ade.simulationMonitor] - Simulation started at: 12:00:31 PM, Wed Jun 3, 2026, ended at: 12:00:56 PM, Wed Jun 3, 2026, with elapsed time (wall clock): 25.2 s. {"history": "Interactive.356", "point": 17, "testname": "TIA_Gain_Linearity", "cornername": "CMOS_VDD_Res_Cap_Temp_15"}
[2026-06-03 12:00:57.111 Z] [PROCESS] [cadence.virtuoso.ade.simulationMonitor] - spectre completes with 0 errors, 75 warnings, and 28 notices. {"history": "Interactive.356", "point": 17, "testname": "TIA_Gain_Linearity", "cornername": "CMOS_VDD_Res_Cap_Temp_15"}
[2026-06-03 12:00:57.612 Z] [PROCESS] [cadence.virtuoso.ade.simulationMonitor] - Finished simulating for one point {"hostname": "il2244vt26_hrahimi", "processid": 2498769, "history": "Interactive.356", "testname": "TIA_Gain_Linearity", "cornername": "CMOS_VDD_Res_Cap_Temp_15", "point": 17, "logfile": "/home/hrahimi/projects/POTENTIOSTAT_26/logs_hrahimi/logs0/Job19.log", "simid": "10"}
[2026-06-03 12:00:57.612 Z] [PROCESS] [cadence.virtuoso.ade.simulationMonitor] - Simulator exited {"hostname": "il2244vt26_hrahimi", "processid": 2498769, "history": "Interactive.356", "testname": "TIA_Gain_Linearity", "cornername": "CMOS_VDD_Res_Cap_Temp_15", "point": 17, "logfile": "/home/hrahimi/projects/POTENTIOSTAT_26/logs_hrahimi/logs0/Job19.log", "exitStatus": "0"}
[2026-06-03 12:00:57.613 Z] [PROCESS] [cadence.virtuoso.ade.simulationMonitor] - Finished Simulation {"hostname": "il2244vt26_hrahimi", "processid": 2498769, "history": "Interactive.356", "testname": "TIA_Gain_Linearity", "cornername": "CMOS_VDD_Res_Cap_Temp_15", "point": 17, "logfile": "/home/hrahimi/projects/POTENTIOSTAT_26/logs_hrahimi/logs0/Job19.log", "simid": "10"}
[2026-06-03 12:01:02.130 Z] [PROCESS] [cadence.virtuoso.ade.simulationMonitor] - Point Finished {"hostname": "il2244vt26_hrahimi", "processid": 2498769, "history": "Interactive.356", "testname": "TIA_Gain_Linearity", "cornername": "CMOS_VDD_Res_Cap_Temp_15", "point": 17, "logfile": "/home/hrahimi/projects/POTENTIOSTAT_26/logs_hrahimi/logs0/Job19.log"}
[2026-06-03 12:01:02.135 Z] [PROCESS] [cadence.virtuoso.ade.simulationMonitor] - HostInfo:
Host name (type):	il2244vt26_hrahimi (x86_64)
Operating system:	Linux 5.15.0-164-generic #174-Ubuntu SMP Fri Nov 14 20:25:16 UTC 2025 {"hostname": "il2244vt26_hrahimi", "processid": 2498769, "history": "Interactive.356", "testname": "TIA_Gain_Linearity", "cornername": "CMOS_VDD_Res_Cap_Temp_15", "point": 17, "logfile": "/home/hrahimi/projects/POTENTIOSTAT_26/logs_hrahimi/logs0/Job19.log", "nodename": "il2244vt26_hrahimi", "domainname": "(none)", "machine": "x86_64", "sysname": "Linux", "release": "5.15.0-164-generic", "version": "#174-Ubuntu SMP Fri Nov 14 20:25:16 UTC 2025"}
[2026-06-03 12:01:02.136 Z] [PROCESS] [cadence.virtuoso.ade.simulationMonitor] - UsageInfo:
pid=2498769
totalPhysicalMemory=3023.749672GB,Used=2713.637775GB,totalVirtualMemory=3031.749668GB,Used=2713.744221GB
Cpu: Cores=48, Load average:49.270000,43.030000,27.560000 {"hostname": "il2244vt26_hrahimi", "processid": 2498769, "history": "Interactive.356", "testname": "TIA_Gain_Linearity", "cornername": "CMOS_VDD_Res_Cap_Temp_15", "point": 17, "logfile": "/home/hrahimi/projects/POTENTIOSTAT_26/logs_hrahimi/logs0/Job19.log", "pid": "2498769", "totalPhysicalMemory": "3023.749672", "physicalMemoryUsed": "2713.637775", "totalVirtualMemory": "3031.749668", "virtualMemoryUsed": "2713.744221", "cpuCores": "48", "processes": "29727", "loadAverage1": "49.270000", "loadAverage5": "43.030000", "loadAverage15": "27.560000", "loadAverage1Percent": "1.026458"}
[2026-06-03 12:01:02.137 Z] [EVENT] [cadence.virtuoso.ade.simulationMonitor] - NewPoint {"history": "Interactive.356", "point": 31, "testname": "Poten", "cornername": "CMOS_VDD_Res_Cap_Temp_29", "event": "NewPoint", "EventSource": "Simulation Monitor", "HistoryName": "Interactive.356", "logFile": "/home/hrahimi/projects/POTENTIOSTAT_26/logs_hrahimi/logs0/Job19.log", "logFileSize": "393738"}
[2026-06-03 12:01:02.243 Z] [EVENT] [cadence.virtuoso.ade.simulationMonitor] - NewPoint {"history": "Interactive.356", "point": 31, "testname": "Poten", "cornername": "CMOS_VDD_Res_Cap_Temp_29", "event": "NewPoint", "EventSource": "spectre", "HistoryName": "Interactive.356", "logFile": "/home/hrahimi/projects/POTENTIOSTAT_26/Sim/Potentiostat_Top/top/maestro/results/maestro/Interactive.356/31/Poten/psf/spectre.out", "logFileSize": "-1"}
[2026-06-03 12:01:02.254 Z] [PROCESS] [cadence.virtuoso.ade.simulationMonitor] - Simulator launched {"hostname": "il2244vt26_hrahimi", "processid": 2498769, "history": "Interactive.356", "testname": "Poten", "cornername": "CMOS_VDD_Res_Cap_Temp_29", "point": 31, "logfile": "/home/hrahimi/projects/POTENTIOSTAT_26/logs_hrahimi/logs0/Job19.log", "simid": "11"}
[2026-06-03 12:01:02.318 Z] [PROCESS] [cadence.virtuoso.ade.simulationMonitor] - Started Simulation {"hostname": "il2244vt26_hrahimi", "processid": 2498769, "history": "Interactive.356", "testname": "Poten", "cornername": "CMOS_VDD_Res_Cap_Temp_29", "point": 31, "logfile": "/home/hrahimi/projects/POTENTIOSTAT_26/logs_hrahimi/logs0/Job19.log", "event": "started", "task": "simulation"}
[2026-06-03 12:01:03.321 Z] [WARN] [cadence.virtuoso.ade.simulationMonitor] -     WARNING (SPECTRE-691): This CPU processor does not support x86 advanced vector extensions instructions. This may affect math operations and slow down the simulation. {"history": "Interactive.356", "point": 31, "testname": "Poten", "cornername": "CMOS_VDD_Res_Cap_Temp_29"}
[2026-06-03 12:01:03.322 Z] [INFO] [cadence.virtuoso.ade.simulationMonitor] - Notice from spectre during circuit read-in.
    Pre_Configuration file used: /opt/tools/cadence/installs/SPECTRE241/tools.lnx86/spectre/etc/configs/preset.precfg
    Configuration file used: `/opt/tools/cadence/installs/SPECTRE241/tools.lnx86/spectre/etc/configs/preset.cfg'. {"history": "Interactive.356", "point": 31, "testname": "Poten", "cornername": "CMOS_VDD_Res_Cap_Temp_29"}
[2026-06-03 12:01:03.323 Z] [WARN] [cadence.virtuoso.ade.simulationMonitor] -     WARNING (SPECTRE-8360): line 1511: `ac' is an undefined primitive device. {"history": "Interactive.356", "point": 31, "testname": "Poten", "cornername": "CMOS_VDD_Res_Cap_Temp_29"}
[2026-06-03 12:01:03.323 Z] [WARN] [cadence.virtuoso.ade.simulationMonitor] -     WARNING (SPECTRE-8360): line 1512: `ac' is an undefined primitive device. {"history": "Interactive.356", "point": 31, "testname": "Poten", "cornername": "CMOS_VDD_Res_Cap_Temp_29"}
[2026-06-03 12:01:03.323 Z] [WARN] [cadence.virtuoso.ade.simulationMonitor] -     WARNING (SPECTRE-8360): line 1513: `ac' is an undefined primitive device. {"history": "Interactive.356", "point": 31, "testname": "Poten", "cornername": "CMOS_VDD_Res_Cap_Temp_29"}
[2026-06-03 12:01:03.323 Z] [WARN] [cadence.virtuoso.ade.simulationMonitor] -     WARNING (SPECTRE-8360): line 1514: `ac' is an undefined primitive device. {"history": "Interactive.356", "point": 31, "testname": "Poten", "cornername": "CMOS_VDD_Res_Cap_Temp_29"}
[2026-06-03 12:01:03.324 Z] [WARN] [cadence.virtuoso.ade.simulationMonitor] -     WARNING (SPECTRE-8360): line 1515: `ac' is an undefined primitive device.
        Further occurrences of this warning will be suppressed. {"history": "Interactive.356", "point": 31, "testname": "Poten", "cornername": "CMOS_VDD_Res_Cap_Temp_29"}
[2026-06-03 12:01:03.324 Z] [WARN] [cadence.virtuoso.ade.simulationMonitor] -     WARNING (VACOMP-2435): The environment variable CDS_AHDLCMI_ENABLE is no longer supported. Therefore, the simulator will use the default compiled C code flow. {"history": "Interactive.356", "point": 31, "testname": "Poten", "cornername": "CMOS_VDD_Res_Cap_Temp_29"}
[2026-06-03 12:01:03.824 Z] [INFO] [cadence.virtuoso.ade.simulationMonitor] - Peak resident memory used = 194 Mbytes. {"history": "Interactive.356", "point": 31, "testname": "Poten", "cornername": "CMOS_VDD_Res_Cap_Temp_29"}
[2026-06-03 12:01:03.825 Z] [WARN] [cadence.virtuoso.ade.simulationMonitor] -     WARNING (SFE-2649): Terminals of top-level instance `R50', in file`netlist', at line 1168, are connected. Remove the instance and rerun the simulation. {"history": "Interactive.356", "point": 31, "testname": "Poten", "cornername": "CMOS_VDD_Res_Cap_Temp_29"}
[2026-06-03 12:01:03.827 Z] [WARN] [cadence.virtuoso.ade.simulationMonitor] -     WARNING (SFE-2649): Terminals of top-level instance `R48', in file`netlist', at line 1211, are connected. Remove the instance and rerun the simulation. {"history": "Interactive.356", "point": 31, "testname": "Poten", "cornername": "CMOS_VDD_Res_Cap_Temp_29"}
[2026-06-03 12:01:04.327 Z] [WARN] [cadence.virtuoso.ade.simulationMonitor] -     WARNING (SFE-3027): The dangling resistor I2.rb144 is removed. {"history": "Interactive.356", "point": 31, "testname": "Poten", "cornername": "CMOS_VDD_Res_Cap_Temp_29"}
[2026-06-03 12:01:04.328 Z] [WARN] [cadence.virtuoso.ade.simulationMonitor] -     WARNING (SFE-3027): The dangling resistor I2.rb241 is removed. {"history": "Interactive.356", "point": 31, "testname": "Poten", "cornername": "CMOS_VDD_Res_Cap_Temp_29"}
[2026-06-03 12:01:04.328 Z] [WARN] [cadence.virtuoso.ade.simulationMonitor] -     WARNING (SFE-3027): The dangling resistor I2.rb613 is removed. {"history": "Interactive.356", "point": 31, "testname": "Poten", "cornername": "CMOS_VDD_Res_Cap_Temp_29"}
[2026-06-03 12:01:04.328 Z] [WARN] [cadence.virtuoso.ade.simulationMonitor] -     WARNING (SFE-3027): The dangling resistor I2.rd794 is removed. {"history": "Interactive.356", "point": 31, "testname": "Poten", "cornername": "CMOS_VDD_Res_Cap_Temp_29"}
[2026-06-03 12:01:04.329 Z] [WARN] [cadence.virtuoso.ade.simulationMonitor] -     WARNING (SFE-3012): The dummy device I0.I16.DLIB9 is removed. {"history": "Interactive.356", "point": 31, "testname": "Poten", "cornername": "CMOS_VDD_Res_Cap_Temp_29"}
[2026-06-03 12:01:04.329 Z] [WARN] [cadence.virtuoso.ade.simulationMonitor] -     WARNING (SFE-3012): The dummy device I0.I15.DLIB9 is removed. {"history": "Interactive.356", "point": 31, "testname": "Poten", "cornername": "CMOS_VDD_Res_Cap_Temp_29"}
[2026-06-03 12:01:04.329 Z] [WARN] [cadence.virtuoso.ade.simulationMonitor] -     WARNING (SFE-3012): The dummy device I0.I0.DLIB6 is removed. {"history": "Interactive.356", "point": 31, "testname": "Poten", "cornername": "CMOS_VDD_Res_Cap_Temp_29"}
[2026-06-03 12:01:04.329 Z] [WARN] [cadence.virtuoso.ade.simulationMonitor] -     WARNING (SFE-3012): The dummy device I7.I2.MP12<0>_turbo_m34 is removed. {"history": "Interactive.356", "point": 31, "testname": "Poten", "cornername": "CMOS_VDD_Res_Cap_Temp_29"}
[2026-06-03 12:01:04.329 Z] [WARN] [cadence.virtuoso.ade.simulationMonitor] -     WARNING (SFE-3012): The dummy device I0.I16.DLIB10 is removed.
        Further occurrences of this warning will be suppressed. {"history": "Interactive.356", "point": 31, "testname": "Poten", "cornername": "CMOS_VDD_Res_Cap_Temp_29"}
[2026-06-03 12:01:04.330 Z] [WARN] [cadence.virtuoso.ade.simulationMonitor] -     WARNING (SFE-3029): The dummy capacitor I7.I0.R3.CS1 is removed. {"history": "Interactive.356", "point": 31, "testname": "Poten", "cornername": "CMOS_VDD_Res_Cap_Temp_29"}
[2026-06-03 12:01:04.330 Z] [WARN] [cadence.virtuoso.ade.simulationMonitor] -     WARNING (SFE-3027): The dangling resistor I2.re2693 is removed.
        Further occurrences of this warning will be suppressed. {"history": "Interactive.356", "point": 31, "testname": "Poten", "cornername": "CMOS_VDD_Res_Cap_Temp_29"}
[2026-06-03 12:01:04.330 Z] [WARN] [cadence.virtuoso.ade.simulationMonitor] -     WARNING (SFE-3029): The dummy capacitor I7.I13_turbo_m5.C0.C1 is removed. {"history": "Interactive.356", "point": 31, "testname": "Poten", "cornername": "CMOS_VDD_Res_Cap_Temp_29"}
[2026-06-03 12:01:04.331 Z] [WARN] [cadence.virtuoso.ade.simulationMonitor] -     WARNING (SFE-3029): The dummy capacitor I7.I10_turbo_m4.C0.C1 is removed. {"history": "Interactive.356", "point": 31, "testname": "Poten", "cornername": "CMOS_VDD_Res_Cap_Temp_29"}
[2026-06-03 12:01:04.331 Z] [WARN] [cadence.virtuoso.ade.simulationMonitor] -     WARNING (SFE-3029): The dummy capacitor I7.I1.R2.CS1 is removed. {"history": "Interactive.356", "point": 31, "testname": "Poten", "cornername": "CMOS_VDD_Res_Cap_Temp_29"}
[2026-06-03 12:01:04.331 Z] [WARN] [cadence.virtuoso.ade.simulationMonitor] -     WARNING (SFE-3028): The floating resistor R8 is removed. {"history": "Interactive.356", "point": 31, "testname": "Poten", "cornername": "CMOS_VDD_Res_Cap_Temp_29"}
[2026-06-03 12:01:04.331 Z] [WARN] [cadence.virtuoso.ade.simulationMonitor] -     WARNING (SFE-3029): The dummy capacitor I7.I4.R31.CS1 is removed.
        Further occurrences of this warning will be suppressed. {"history": "Interactive.356", "point": 31, "testname": "Poten", "cornername": "CMOS_VDD_Res_Cap_Temp_29"}
[2026-06-03 12:01:04.332 Z] [WARN] [cadence.virtuoso.ade.simulationMonitor] -     WARNING (SFE-3015): The dangling node I2.210\:GNDA is removed. {"history": "Interactive.356", "point": 31, "testname": "Poten", "cornername": "CMOS_VDD_Res_Cap_Temp_29"}
[2026-06-03 12:01:04.332 Z] [WARN] [cadence.virtuoso.ade.simulationMonitor] -     WARNING (SFE-3015): The dangling node I2.222\:POT_OUT is removed. {"history": "Interactive.356", "point": 31, "testname": "Poten", "cornername": "CMOS_VDD_Res_Cap_Temp_29"}
[2026-06-03 12:01:04.332 Z] [WARN] [cadence.virtuoso.ade.simulationMonitor] -     WARNING (SFE-3015): The dangling node I2.13\:I25|I35|SN is removed. {"history": "Interactive.356", "point": 31, "testname": "Poten", "cornername": "CMOS_VDD_Res_Cap_Temp_29"}
[2026-06-03 12:01:04.332 Z] [WARN] [cadence.virtuoso.ade.simulationMonitor] -     WARNING (SFE-3015): The dangling node I2.29\:Calib_EN is removed. {"history": "Interactive.356", "point": 31, "testname": "Poten", "cornername": "CMOS_VDD_Res_Cap_Temp_29"}
[2026-06-03 12:01:04.333 Z] [WARN] [cadence.virtuoso.ade.simulationMonitor] -     WARNING (SFE-3015): The dangling node I2.693\:VPI is removed.
        Further occurrences of this warning will be suppressed. {"history": "Interactive.356", "point": 31, "testname": "Poten", "cornername": "CMOS_VDD_Res_Cap_Temp_29"}
[2026-06-03 12:01:04.333 Z] [WARN] [cadence.virtuoso.ade.simulationMonitor] -     WARNING (SFE-3016): The floating node net74 is removed. {"history": "Interactive.356", "point": 31, "testname": "Poten", "cornername": "CMOS_VDD_Res_Cap_Temp_29"}
[2026-06-03 12:01:04.333 Z] [WARN] [cadence.virtuoso.ade.simulationMonitor] -     WARNING (SFE-3016): The floating node net73 is removed. {"history": "Interactive.356", "point": 31, "testname": "Poten", "cornername": "CMOS_VDD_Res_Cap_Temp_29"}
[2026-06-03 12:01:04.333 Z] [INFO] [cadence.virtuoso.ade.simulationMonitor] - Notice from spectre during hierarchy flattening.
    Spectre X Parasitic Optimization enabled.
    Parasitic optimization will filter out parasitic nodes, nodes only connected to RCs, by default. To view individual parasitic nodes use individual save statements (i.e. save out), or use the 'savefilter=none' option to save all parasitic nodes. Saving all parasitic nodes may slow down simulation and create large waveform files. {"history": "Interactive.356", "point": 31, "testname": "Poten", "cornername": "CMOS_VDD_Res_Cap_Temp_29"}
[2026-06-03 12:01:04.334 Z] [INFO] [cadence.virtuoso.ade.simulationMonitor] - Peak resident memory used = 224 Mbytes. {"history": "Interactive.356", "point": 31, "testname": "Poten", "cornername": "CMOS_VDD_Res_Cap_Temp_29"}
[2026-06-03 12:01:04.334 Z] [INFO] [cadence.virtuoso.ade.simulationMonitor] - Notice from spectre during hierarchy flattening.
    The value 'psf' specified for the 'checklimitdest' option will no longer be supported in future releases. Use 'spectre -h' to see other recommended values for the 'checklimitdest' option.
    I0.I46.RLIB_GC1.CS0 of rpoly1c: `c' has the unusually small value of 634.694e-21 F.
    I0.I46.RLIB_GC1.CS1 of rpoly1c: `c' has the unusually small value of 634.694e-21 F.
    I0.I45.RLIB_GC1.CS0 of rpoly1c: `c' has the unusually small value of 634.694e-21 F.
    I0... {"history": "Interactive.356", "point": 31, "testname": "Poten", "cornername": "CMOS_VDD_Res_Cap_Temp_29"}
[2026-06-03 12:01:04.834 Z] [INFO] [cadence.virtuoso.ade.simulationMonitor] - Notice from spectre during hierarchy flattening.
    V8: `period' has the unusually large value of 100 s.
    V7: `period' has the unusually large value of 10 s.
    V3: `period' has the unusually large value of 6 s.
    I26: `period' has the unusually large value of 6 s. {"history": "Interactive.356", "point": 31, "testname": "Poten", "cornername": "CMOS_VDD_Res_Cap_Temp_29"}
[2026-06-03 12:01:04.835 Z] [INFO] [cadence.virtuoso.ade.simulationMonitor] - Peak resident memory used = 235 Mbytes. {"history": "Interactive.356", "point": 31, "testname": "Poten", "cornername": "CMOS_VDD_Res_Cap_Temp_29"}
[2026-06-03 12:01:04.835 Z] [WARN] [cadence.virtuoso.ade.simulationMonitor] -     WARNING (CMI-2425): I2.I56|C3: `Acde' = 2.393 is unusually large. {"history": "Interactive.356", "point": 31, "testname": "Poten", "cornername": "CMOS_VDD_Res_Cap_Temp_29"}
[2026-06-03 12:01:04.836 Z] [WARN] [cadence.virtuoso.ade.simulationMonitor] -     WARNING (CMI-2425): I2.I56|C3: `Noff' = 4.732 is unusually large. {"history": "Interactive.356", "point": 31, "testname": "Poten", "cornername": "CMOS_VDD_Res_Cap_Temp_29"}
[2026-06-03 12:01:04.836 Z] [WARN] [cadence.virtuoso.ade.simulationMonitor] -     WARNING (CMI-2424): I2.I56|C3: `Voffcv' = -867.4e-03 is unusually small. {"history": "Interactive.356", "point": 31, "testname": "Poten", "cornername": "CMOS_VDD_Res_Cap_Temp_29"}
[2026-06-03 12:01:04.836 Z] [WARN] [cadence.virtuoso.ade.simulationMonitor] -     WARNING (CMI-2425): I2.I56|C4: `Acde' = 2.393 is unusually large. {"history": "Interactive.356", "point": 31, "testname": "Poten", "cornername": "CMOS_VDD_Res_Cap_Temp_29"}
[2026-06-03 12:01:04.836 Z] [WARN] [cadence.virtuoso.ade.simulationMonitor] -     WARNING (CMI-2425): I2.I56|C4: `Noff' = 4.732 is unusually large. {"history": "Interactive.356", "point": 31, "testname": "Poten", "cornername": "CMOS_VDD_Res_Cap_Temp_29"}
[2026-06-03 12:01:04.837 Z] [WARN] [cadence.virtuoso.ade.simulationMonitor] -     WARNING (CMI-2424): I2.I56|C4: `Voffcv' = -867.4e-03 is unusually small. {"history": "Interactive.356", "point": 31, "testname": "Poten", "cornername": "CMOS_VDD_Res_Cap_Temp_29"}
[2026-06-03 12:01:04.837 Z] [WARN] [cadence.virtuoso.ade.simulationMonitor] -     WARNING (CMI-2425): I2.I56|C5: `Acde' = 2.393 is unusually large.
        Further occurrences of this warning will be suppressed. {"history": "Interactive.356", "point": 31, "testname": "Poten", "cornername": "CMOS_VDD_Res_Cap_Temp_29"}
[2026-06-03 12:01:04.837 Z] [WARN] [cadence.virtuoso.ade.simulationMonitor] -     WARNING (CMI-2424): I2.I56|C5: `Voffcv' = -867.4e-03 is unusually small. {"history": "Interactive.356", "point": 31, "testname": "Poten", "cornername": "CMOS_VDD_Res_Cap_Temp_29"}
[2026-06-03 12:01:04.837 Z] [WARN] [cadence.virtuoso.ade.simulationMonitor] -     WARNING (CMI-2424): I7.I4.C1<0>_turbo_m11: `Voffcv' = -867.4e-03 is unusually small. {"history": "Interactive.356", "point": 31, "testname": "Poten", "cornername": "CMOS_VDD_Res_Cap_Temp_29"}
[2026-06-03 12:01:04.838 Z] [WARN] [cadence.virtuoso.ade.simulationMonitor] -     WARNING (CMI-2424): I7.I3.C1<0>_turbo_m6: `Voffcv' = -867.4e-03 is unusually small.
        Further occurrences of this warning will be suppressed. {"history": "Interactive.356", "point": 31, "testname": "Poten", "cornername": "CMOS_VDD_Res_Cap_Temp_29"}
[2026-06-03 12:01:05.838 Z] [WARN] [cadence.virtuoso.ade.simulationMonitor] -     WARNING (SPECTRE-16460): SOAC_esdgcp5_vcpsub:Specified subcircuit master `esdgcp5' was not found. {"history": "Interactive.356", "point": 31, "testname": "Poten", "cornername": "CMOS_VDD_Res_Cap_Temp_29"}
[2026-06-03 12:01:05.839 Z] [WARN] [cadence.virtuoso.ade.simulationMonitor] -     WARNING (SPECTRE-16462): SOAC_esdgcp5_vcpsub:Error in specification of subcircuit master. Assert is ignored. {"history": "Interactive.356", "point": 31, "testname": "Poten", "cornername": "CMOS_VDD_Res_Cap_Temp_29"}
[2026-06-03 12:01:05.839 Z] [WARN] [cadence.virtuoso.ade.simulationMonitor] -     WARNING (SPECTRE-16460): SOAC_esdgcp5_vac:Specified subcircuit master `esdgcp5' was not found. {"history": "Interactive.356", "point": 31, "testname": "Poten", "cornername": "CMOS_VDD_Res_Cap_Temp_29"}
[2026-06-03 12:01:05.839 Z] [WARN] [cadence.virtuoso.ade.simulationMonitor] -     WARNING (SPECTRE-16462): SOAC_esdgcp5_vac:Error in specification of subcircuit master. Assert is ignored. {"history": "Interactive.356", "point": 31, "testname": "Poten", "cornername": "CMOS_VDD_Res_Cap_Temp_29"}
[2026-06-03 12:01:05.840 Z] [WARN] [cadence.virtuoso.ade.simulationMonitor] -     WARNING (SPECTRE-16460): SOAC_esdgcn5_vac:Specified subcircuit master `esdgcn5' was not found. {"history": "Interactive.356", "point": 31, "testname": "Poten", "cornername": "CMOS_VDD_Res_Cap_Temp_29"}
[2026-06-03 12:01:05.840 Z] [WARN] [cadence.virtuoso.ade.simulationMonitor] -     WARNING (SPECTRE-16462): SOAC_esdgcn5_vac:Error in specification of subcircuit master. Assert is ignored. {"history": "Interactive.356", "point": 31, "testname": "Poten", "cornername": "CMOS_VDD_Res_Cap_Temp_29"}
[2026-06-03 12:01:05.840 Z] [WARN] [cadence.virtuoso.ade.simulationMonitor] -     WARNING (SPECTRE-16460): SOAC_esdfdp5_vcpsub:Specified subcircuit master `esdfdp5' was not found. {"history": "Interactive.356", "point": 31, "testname": "Poten", "cornername": "CMOS_VDD_Res_Cap_Temp_29"}
[2026-06-03 12:01:05.840 Z] [WARN] [cadence.virtuoso.ade.simulationMonitor] -     WARNING (SPECTRE-16462): SOAC_esdfdp5_vcpsub:Error in specification of subcircuit master. Assert is ignored. {"history": "Interactive.356", "point": 31, "testname": "Poten", "cornername": "CMOS_VDD_Res_Cap_Temp_29"}
[2026-06-03 12:01:05.841 Z] [WARN] [cadence.virtuoso.ade.simulationMonitor] -     WARNING (SPECTRE-16460): SOAC_esdfdp5_vac:Specified subcircuit master `esdfdp5' was not found.
        Further occurrences of this warning will be suppressed. {"history": "Interactive.356", "point": 31, "testname": "Poten", "cornername": "CMOS_VDD_Res_Cap_Temp_29"}
[2026-06-03 12:01:05.841 Z] [WARN] [cadence.virtuoso.ade.simulationMonitor] -     WARNING (SPECTRE-16462): SOAC_esdfdp5_vac:Error in specification of subcircuit master. Assert is ignored.
        Further occurrences of this warning will be suppressed. {"history": "Interactive.356", "point": 31, "testname": "Poten", "cornername": "CMOS_VDD_Res_Cap_Temp_29"}
[2026-06-03 12:01:05.841 Z] [WARN] [cadence.virtuoso.ade.simulationMonitor] -     WARNING (SPECTRE-17607): Assert `SOAC_vert10_vsubpsub' is ignored because it contains an expression which is invalid or not supported by native evaluator.  {"history": "Interactive.356", "point": 31, "testname": "Poten", "cornername": "CMOS_VDD_Res_Cap_Temp_29"}
[2026-06-03 12:01:05.841 Z] [WARN] [cadence.virtuoso.ade.simulationMonitor] -     WARNING (SPECTRE-17607): Assert `SOAC_vert10_vcsub' is ignored because it contains an expression which is invalid or not supported by native evaluator.  {"history": "Interactive.356", "point": 31, "testname": "Poten", "cornername": "CMOS_VDD_Res_Cap_Temp_29"}
[2026-06-03 12:01:06.843 Z] [INFO] [cadence.virtuoso.ade.simulationMonitor] - Notice from spectre during topology check.
    Only one connection to the following 1898 nodes:
        I0.I46.RLIB_GC1.R1.psub!
        I0.I46.RLIB_GC1.R2.psub!
        I0.I46.MNLIB_DR1.M_esdnmos4.psub!
        I0.I46.DLIB2.psub!
        I0.I46.DLIB1.psub!
        Further occurrences of this notice will be suppressed. {"history": "Interactive.356", "point": 31, "testname": "Poten", "cornername": "CMOS_VDD_Res_Cap_Temp_29"}
[2026-06-03 12:01:09.347 Z] [INFO] [cadence.virtuoso.ade.simulationMonitor] -               nodes 15748 {"history": "Interactive.356", "point": 31, "testname": "Poten", "cornername": "CMOS_VDD_Res_Cap_Temp_29"}
[2026-06-03 12:01:09.347 Z] [INFO] [cadence.virtuoso.ade.simulationMonitor] - Notice from spectre during initial setup.
    7 resistors are shorted because their absolute value is less than or equal to 'rabsshort'.
    3 vsources are shorted because their absolute value is less than or equal to 'vabsshort'.
    4 resistors are changed to resistance form because their value are less than 'rthresh'.
    Spectre X preset=cx enabled.
    44 notices suppressed.
    138 warnings suppressed. {"history": "Interactive.356", "point": 31, "testname": "Poten", "cornername": "CMOS_VDD_Res_Cap_Temp_29"}
[2026-06-03 12:01:09.348 Z] [INFO] [cadence.virtuoso.ade.simulationMonitor] - Notice from spectre.
    Multithreading enabled: 8 threads in the system with 48 available processors. {"history": "Interactive.356", "point": 31, "testname": "Poten", "cornername": "CMOS_VDD_Res_Cap_Temp_29"}
[2026-06-03 12:01:09.348 Z] [INFO] [cadence.virtuoso.ade.simulationMonitor] - Peak resident memory used = 295 Mbytes. {"history": "Interactive.356", "point": 31, "testname": "Poten", "cornername": "CMOS_VDD_Res_Cap_Temp_29"}
[2026-06-03 12:01:09.349 Z] [INFO] [cadence.virtuoso.ade.simulationMonitor] -    -   (Spectre X) Multi-threading. The recommended number of threads is [4, 8], consider adding +mt=4 or +mt=8 on command line. {"history": "Interactive.356", "point": 31, "testname": "Poten", "cornername": "CMOS_VDD_Res_Cap_Temp_29"}
[2026-06-03 12:01:09.349 Z] [INFO] [cadence.virtuoso.ade.simulationMonitor] - Notice from spectre during DC analysis `dcOp'.
    No checklimit analysis defined for asserts. A default checklimit analysis 'SpectreChecklimitAnal' has been created with all asserts enabled. {"history": "Interactive.356", "point": 31, "testname": "Poten", "cornername": "CMOS_VDD_Res_Cap_Temp_29"}
[2026-06-03 12:01:10.849 Z] [INFO] [cadence.virtuoso.ade.simulationMonitor] - Notice from spectre during DC analysis `dcOp'.
    Bad pivoting is found during DC analysis. Option dc_pivot_check=yes is recommended for possible improvement of convergence. {"history": "Interactive.356", "point": 31, "testname": "Poten", "cornername": "CMOS_VDD_Res_Cap_Temp_29"}
[2026-06-03 12:01:11.350 Z] [WARN] [cadence.virtuoso.ade.simulationMonitor] -     WARNING (CMI-2943): Parameter checks have been ignored because the valid value for parameter 'trise' could not be found in 'C0'. {"history": "Interactive.356", "point": 31, "testname": "Poten", "cornername": "CMOS_VDD_Res_Cap_Temp_29"}
[2026-06-03 12:01:11.351 Z] [WARN] [cadence.virtuoso.ade.simulationMonitor] -     WARNING (CMI-2943): Parameter checks have been ignored because the valid value for parameter 'trise' could not be found in 'C1'. {"history": "Interactive.356", "point": 31, "testname": "Poten", "cornername": "CMOS_VDD_Res_Cap_Temp_29"}
[2026-06-03 12:01:11.351 Z] [WARN] [cadence.virtuoso.ade.simulationMonitor] -     WARNING (CMI-2943): Parameter checks have been ignored because the valid value for parameter 'trise' could not be found in 'C11'. {"history": "Interactive.356", "point": 31, "testname": "Poten", "cornername": "CMOS_VDD_Res_Cap_Temp_29"}
[2026-06-03 12:01:11.352 Z] [WARN] [cadence.virtuoso.ade.simulationMonitor] -     WARNING (CMI-2943): Parameter checks have been ignored because the valid value for parameter 'trise' could not be found in 'C12'. {"history": "Interactive.356", "point": 31, "testname": "Poten", "cornername": "CMOS_VDD_Res_Cap_Temp_29"}
[2026-06-03 12:01:11.352 Z] [WARN] [cadence.virtuoso.ade.simulationMonitor] -     WARNING (CMI-2943): Parameter checks have been ignored because the valid value for parameter 'trise' could not be found in 'C5'.
        Further occurrences of this warning will be suppressed. {"history": "Interactive.356", "point": 31, "testname": "Poten", "cornername": "CMOS_VDD_Res_Cap_Temp_29"}
[2026-06-03 12:01:11.352 Z] [WARN] [cadence.virtuoso.ade.simulationMonitor] -     WARNING (SPECTRE-17192): 
        Tolerance relaxation is used during DC simulation which may affect the accuracy of the result. This is mainly caused by the high impedance nodes in the circuit. Use the dyn_highz check to determine the high impedance nodes. Setting/assigning appropriate initial values to these nodes will usually help to improve both performance and accuracy of DC simulations. {"history": "Interactive.356", "point": 31, "testname": "Poten", "cornername": "CMOS_VDD_Res_Cap_Temp_29"}
[2026-06-03 12:01:11.352 Z] [INFO] [cadence.virtuoso.ade.simulationMonitor] - Total time required for dc analysis `dcOp': CPU = 5.02607 s, elapsed = 1.6183 s, util. = 311%. {"history": "Interactive.356", "point": 31, "testname": "Poten", "cornername": "CMOS_VDD_Res_Cap_Temp_29"}
[2026-06-03 12:01:11.352 Z] [INFO] [cadence.virtuoso.ade.simulationMonitor] - Peak resident memory used = 321 Mbytes. {"history": "Interactive.356", "point": 31, "testname": "Poten", "cornername": "CMOS_VDD_Res_Cap_Temp_29"}
[2026-06-03 12:01:11.352 Z] [INFO] [cadence.virtuoso.ade.simulationMonitor] - Notice from spectre.
    1071 warnings suppressed. {"history": "Interactive.356", "point": 31, "testname": "Poten", "cornername": "CMOS_VDD_Res_Cap_Temp_29"}
[2026-06-03 12:01:11.353 Z] [WARN] [cadence.virtuoso.ade.simulationMonitor] -     WARNING (CMI-2425): I7.I0.C0<0>_dummy: `Acde' = 2.393 is unusually large. {"history": "Interactive.356", "point": 31, "testname": "Poten", "cornername": "CMOS_VDD_Res_Cap_Temp_29"}
[2026-06-03 12:01:11.353 Z] [WARN] [cadence.virtuoso.ade.simulationMonitor] -     WARNING (CMI-2425): I7.I0.C0<0>_dummy: `Noff' = 4.732 is unusually large. {"history": "Interactive.356", "point": 31, "testname": "Poten", "cornername": "CMOS_VDD_Res_Cap_Temp_29"}
[2026-06-03 12:01:11.353 Z] [WARN] [cadence.virtuoso.ade.simulationMonitor] -     WARNING (CMI-2424): I7.I0.C0<0>_dummy: `Voffcv' = -867.4e-03 is unusually small. {"history": "Interactive.356", "point": 31, "testname": "Poten", "cornername": "CMOS_VDD_Res_Cap_Temp_29"}
[2026-06-03 12:01:11.353 Z] [WARN] [cadence.virtuoso.ade.simulationMonitor] -     WARNING (CMI-2425): I7.I3.C1<0>_dummy: `Acde' = 2.393 is unusually large. {"history": "Interactive.356", "point": 31, "testname": "Poten", "cornername": "CMOS_VDD_Res_Cap_Temp_29"}
[2026-06-03 12:01:11.353 Z] [WARN] [cadence.virtuoso.ade.simulationMonitor] -     WARNING (CMI-2425): I7.I3.C1<0>_dummy: `Noff' = 4.732 is unusually large. {"history": "Interactive.356", "point": 31, "testname": "Poten", "cornername": "CMOS_VDD_Res_Cap_Temp_29"}
[2026-06-03 12:01:11.353 Z] [WARN] [cadence.virtuoso.ade.simulationMonitor] -     WARNING (CMI-2424): I7.I3.C1<0>_dummy: `Voffcv' = -867.4e-03 is unusually small. {"history": "Interactive.356", "point": 31, "testname": "Poten", "cornername": "CMOS_VDD_Res_Cap_Temp_29"}
[2026-06-03 12:01:11.354 Z] [WARN] [cadence.virtuoso.ade.simulationMonitor] -     WARNING (CMI-2425): I7.I4.C1<0>_dummy: `Acde' = 2.393 is unusually large.
        Further occurrences of this warning will be suppressed. {"history": "Interactive.356", "point": 31, "testname": "Poten", "cornername": "CMOS_VDD_Res_Cap_Temp_29"}
[2026-06-03 12:01:11.354 Z] [WARN] [cadence.virtuoso.ade.simulationMonitor] -     WARNING (CMI-2424): I7.I4.C1<0>_dummy: `Voffcv' = -867.4e-03 is unusually small. {"history": "Interactive.356", "point": 31, "testname": "Poten", "cornername": "CMOS_VDD_Res_Cap_Temp_29"}
[2026-06-03 12:01:11.354 Z] [INFO] [cadence.virtuoso.ade.simulationMonitor] - Notice from spectre.
    1 warning suppressed. {"history": "Interactive.356", "point": 31, "testname": "Poten", "cornername": "CMOS_VDD_Res_Cap_Temp_29"}
[2026-06-03 12:01:12.355 Z] [INFO] [cadence.virtuoso.ade.simulationMonitor] - Notice from spectre during IC analysis, during transient analysis `tran'.
    Bad pivoting is found during DC analysis. Option dc_pivot_check=yes is recommended for possible improvement of convergence. {"history": "Interactive.356", "point": 31, "testname": "Poten", "cornername": "CMOS_VDD_Res_Cap_Temp_29"}
[2026-06-03 12:01:12.356 Z] [WARN] [cadence.virtuoso.ade.simulationMonitor] -     WARNING (CMI-2943): Parameter checks have been ignored because the valid value for parameter 'trise' could not be found in 'C0'. {"history": "Interactive.356", "point": 31, "testname": "Poten", "cornername": "CMOS_VDD_Res_Cap_Temp_29"}
[2026-06-03 12:01:12.356 Z] [WARN] [cadence.virtuoso.ade.simulationMonitor] -     WARNING (CMI-2943): Parameter checks have been ignored because the valid value for parameter 'trise' could not be found in 'C1'. {"history": "Interactive.356", "point": 31, "testname": "Poten", "cornername": "CMOS_VDD_Res_Cap_Temp_29"}
[2026-06-03 12:01:12.356 Z] [WARN] [cadence.virtuoso.ade.simulationMonitor] -     WARNING (CMI-2943): Parameter checks have been ignored because the valid value for parameter 'trise' could not be found in 'C11'. {"history": "Interactive.356", "point": 31, "testname": "Poten", "cornername": "CMOS_VDD_Res_Cap_Temp_29"}
[2026-06-03 12:01:12.356 Z] [WARN] [cadence.virtuoso.ade.simulationMonitor] -     WARNING (CMI-2943): Parameter checks have been ignored because the valid value for parameter 'trise' could not be found in 'C12'. {"history": "Interactive.356", "point": 31, "testname": "Poten", "cornername": "CMOS_VDD_Res_Cap_Temp_29"}
[2026-06-03 12:01:12.356 Z] [WARN] [cadence.virtuoso.ade.simulationMonitor] -     WARNING (CMI-2943): Parameter checks have been ignored because the valid value for parameter 'trise' could not be found in 'C5'.
        Further occurrences of this warning will be suppressed. {"history": "Interactive.356", "point": 31, "testname": "Poten", "cornername": "CMOS_VDD_Res_Cap_Temp_29"}
[2026-06-03 12:01:12.357 Z] [WARN] [cadence.virtuoso.ade.simulationMonitor] -     WARNING (SPECTRE-17192): 
        Tolerance relaxation is used during DC simulation which may affect the accuracy of the result. This is mainly caused by the high impedance nodes in the circuit. Use the dyn_highz check to determine the high impedance nodes. Setting/assigning appropriate initial values to these nodes will usually help to improve both performance and accuracy of DC simulations. {"history": "Interactive.356", "point": 31, "testname": "Poten", "cornername": "CMOS_VDD_Res_Cap_Temp_29"}
[2026-06-03 12:01:22.861 Z] [WARN] [cadence.virtuoso.ade.simulationMonitor] -     WARNING (CMI-2425): I7.I0.C0<0>_dummy: `Acde' = 2.393 is unusually large. {"history": "Interactive.356", "point": 31, "testname": "Poten", "cornername": "CMOS_VDD_Res_Cap_Temp_29"}
[2026-06-03 12:01:22.861 Z] [WARN] [cadence.virtuoso.ade.simulationMonitor] -     WARNING (CMI-2425): I7.I0.C0<0>_dummy: `Noff' = 4.732 is unusually large. {"history": "Interactive.356", "point": 31, "testname": "Poten", "cornername": "CMOS_VDD_Res_Cap_Temp_29"}
[2026-06-03 12:01:22.862 Z] [WARN] [cadence.virtuoso.ade.simulationMonitor] -     WARNING (CMI-2424): I7.I0.C0<0>_dummy: `Voffcv' = -867.4e-03 is unusually small. {"history": "Interactive.356", "point": 31, "testname": "Poten", "cornername": "CMOS_VDD_Res_Cap_Temp_29"}
[2026-06-03 12:01:22.869 Z] [WARN] [cadence.virtuoso.ade.simulationMonitor] -     WARNING (CMI-2425): I7.I3.C1<0>_dummy: `Acde' = 2.393 is unusually large. {"history": "Interactive.356", "point": 31, "testname": "Poten", "cornername": "CMOS_VDD_Res_Cap_Temp_29"}
[2026-06-03 12:01:22.870 Z] [WARN] [cadence.virtuoso.ade.simulationMonitor] -     WARNING (CMI-2425): I7.I3.C1<0>_dummy: `Noff' = 4.732 is unusually large. {"history": "Interactive.356", "point": 31, "testname": "Poten", "cornername": "CMOS_VDD_Res_Cap_Temp_29"}
[2026-06-03 12:01:22.871 Z] [WARN] [cadence.virtuoso.ade.simulationMonitor] -     WARNING (CMI-2424): I7.I3.C1<0>_dummy: `Voffcv' = -867.4e-03 is unusually small. {"history": "Interactive.356", "point": 31, "testname": "Poten", "cornername": "CMOS_VDD_Res_Cap_Temp_29"}
[2026-06-03 12:01:22.871 Z] [WARN] [cadence.virtuoso.ade.simulationMonitor] -     WARNING (CMI-2425): I7.I4.C1<0>_dummy: `Acde' = 2.393 is unusually large.
        Further occurrences of this warning will be suppressed. {"history": "Interactive.356", "point": 31, "testname": "Poten", "cornername": "CMOS_VDD_Res_Cap_Temp_29"}
[2026-06-03 12:01:22.872 Z] [WARN] [cadence.virtuoso.ade.simulationMonitor] -     WARNING (CMI-2424): I7.I4.C1<0>_dummy: `Voffcv' = -867.4e-03 is unusually small. {"history": "Interactive.356", "point": 31, "testname": "Poten", "cornername": "CMOS_VDD_Res_Cap_Temp_29"}
[2026-06-03 12:01:22.872 Z] [INFO] [cadence.virtuoso.ade.simulationMonitor] - Notice from spectre at time = 250 ms during transient analysis `tran'.
    1072 warnings suppressed. {"history": "Interactive.356", "point": 31, "testname": "Poten", "cornername": "CMOS_VDD_Res_Cap_Temp_29"}
[2026-06-03 12:01:54.391 Z] [INFO] [cadence.virtuoso.ade.simulationMonitor] - Notice from spectre at time = 600 ms during XF analysis `tran-000_xf', during transient analysis `tran'.
    Operating points will not be recomputed: the circuit and conditions were not changed since previous analysis. {"history": "Interactive.356", "point": 31, "testname": "Poten", "cornername": "CMOS_VDD_Res_Cap_Temp_29"}
[2026-06-03 12:02:14.902 Z] [INFO] [cadence.virtuoso.ade.simulationMonitor] - Total time required for xf analysis `tran-000_xf': CPU = 60.0463 s (1m  0.0s), elapsed = 20.287 s, util. = 296%. {"history": "Interactive.356", "point": 31, "testname": "Poten", "cornername": "CMOS_VDD_Res_Cap_Temp_29"}
[2026-06-03 12:02:14.902 Z] [INFO] [cadence.virtuoso.ade.simulationMonitor] - Peak resident memory used = 431 Mbytes. {"history": "Interactive.356", "point": 31, "testname": "Poten", "cornername": "CMOS_VDD_Res_Cap_Temp_29"}
[2026-06-03 12:02:15.403 Z] [INFO] [cadence.virtuoso.ade.simulationMonitor] - Total time required for tran analysis `tran': CPU = 204.406 s (3m  24.4s), elapsed = 64.0866 s (1m  4.1s), util. = 319%. {"history": "Interactive.356", "point": 31, "testname": "Poten", "cornername": "CMOS_VDD_Res_Cap_Temp_29"}
[2026-06-03 12:02:15.403 Z] [INFO] [cadence.virtuoso.ade.simulationMonitor] - Peak resident memory used = 432 Mbytes. {"history": "Interactive.356", "point": 31, "testname": "Poten", "cornername": "CMOS_VDD_Res_Cap_Temp_29"}
[2026-06-03 12:02:15.404 Z] [WARN] [cadence.virtuoso.ade.simulationMonitor] -     WARNING (CMI-2425): I7.I0.C0<0>_dummy: `Acde' = 2.393 is unusually large. {"history": "Interactive.356", "point": 31, "testname": "Poten", "cornername": "CMOS_VDD_Res_Cap_Temp_29"}
[2026-06-03 12:02:15.404 Z] [WARN] [cadence.virtuoso.ade.simulationMonitor] -     WARNING (CMI-2425): I7.I0.C0<0>_dummy: `Noff' = 4.732 is unusually large. {"history": "Interactive.356", "point": 31, "testname": "Poten", "cornername": "CMOS_VDD_Res_Cap_Temp_29"}
[2026-06-03 12:02:15.404 Z] [WARN] [cadence.virtuoso.ade.simulationMonitor] -     WARNING (CMI-2424): I7.I0.C0<0>_dummy: `Voffcv' = -867.4e-03 is unusually small. {"history": "Interactive.356", "point": 31, "testname": "Poten", "cornername": "CMOS_VDD_Res_Cap_Temp_29"}
[2026-06-03 12:02:15.404 Z] [WARN] [cadence.virtuoso.ade.simulationMonitor] -     WARNING (CMI-2425): I7.I3.C1<0>_dummy: `Acde' = 2.393 is unusually large. {"history": "Interactive.356", "point": 31, "testname": "Poten", "cornername": "CMOS_VDD_Res_Cap_Temp_29"}
[2026-06-03 12:02:15.404 Z] [WARN] [cadence.virtuoso.ade.simulationMonitor] -     WARNING (CMI-2425): I7.I3.C1<0>_dummy: `Noff' = 4.732 is unusually large. {"history": "Interactive.356", "point": 31, "testname": "Poten", "cornername": "CMOS_VDD_Res_Cap_Temp_29"}
[2026-06-03 12:02:15.404 Z] [WARN] [cadence.virtuoso.ade.simulationMonitor] -     WARNING (CMI-2424): I7.I3.C1<0>_dummy: `Voffcv' = -867.4e-03 is unusually small. {"history": "Interactive.356", "point": 31, "testname": "Poten", "cornername": "CMOS_VDD_Res_Cap_Temp_29"}
[2026-06-03 12:02:15.405 Z] [WARN] [cadence.virtuoso.ade.simulationMonitor] -     WARNING (CMI-2425): I7.I4.C1<0>_dummy: `Acde' = 2.393 is unusually large.
        Further occurrences of this warning will be suppressed. {"history": "Interactive.356", "point": 31, "testname": "Poten", "cornername": "CMOS_VDD_Res_Cap_Temp_29"}
[2026-06-03 12:02:15.405 Z] [WARN] [cadence.virtuoso.ade.simulationMonitor] -     WARNING (CMI-2424): I7.I4.C1<0>_dummy: `Voffcv' = -867.4e-03 is unusually small. {"history": "Interactive.356", "point": 31, "testname": "Poten", "cornername": "CMOS_VDD_Res_Cap_Temp_29"}
[2026-06-03 12:02:15.905 Z] [INFO] [cadence.virtuoso.ade.simulationMonitor] - Notice from spectre.
    1 warning suppressed. {"history": "Interactive.356", "point": 31, "testname": "Poten", "cornername": "CMOS_VDD_Res_Cap_Temp_29"}
[2026-06-03 12:02:15.906 Z] [WARN] [cadence.virtuoso.ade.simulationMonitor] -     WARNING (CMI-2425): I7.I1.C0: `Acde' = 2.393 is unusually large. {"history": "Interactive.356", "point": 31, "testname": "Poten", "cornername": "CMOS_VDD_Res_Cap_Temp_29"}
[2026-06-03 12:02:15.906 Z] [WARN] [cadence.virtuoso.ade.simulationMonitor] -     WARNING (CMI-2425): I7.I1.C0: `Noff' = 4.732 is unusually large. {"history": "Interactive.356", "point": 31, "testname": "Poten", "cornername": "CMOS_VDD_Res_Cap_Temp_29"}
[2026-06-03 12:02:15.906 Z] [WARN] [cadence.virtuoso.ade.simulationMonitor] -     WARNING (CMI-2424): I7.I1.C0: `Voffcv' = -867.4e-03 is unusually small. {"history": "Interactive.356", "point": 31, "testname": "Poten", "cornername": "CMOS_VDD_Res_Cap_Temp_29"}
[2026-06-03 12:02:15.906 Z] [WARN] [cadence.virtuoso.ade.simulationMonitor] -     WARNING (CMI-2425): I7.I0.C1: `Acde' = 2.393 is unusually large. {"history": "Interactive.356", "point": 31, "testname": "Poten", "cornername": "CMOS_VDD_Res_Cap_Temp_29"}
[2026-06-03 12:02:15.906 Z] [WARN] [cadence.virtuoso.ade.simulationMonitor] -     WARNING (CMI-2425): I7.I0.C1: `Noff' = 4.732 is unusually large. {"history": "Interactive.356", "point": 31, "testname": "Poten", "cornername": "CMOS_VDD_Res_Cap_Temp_29"}
[2026-06-03 12:02:15.906 Z] [WARN] [cadence.virtuoso.ade.simulationMonitor] -     WARNING (CMI-2424): I7.I0.C1: `Voffcv' = -867.4e-03 is unusually small. {"history": "Interactive.356", "point": 31, "testname": "Poten", "cornername": "CMOS_VDD_Res_Cap_Temp_29"}
[2026-06-03 12:02:15.907 Z] [WARN] [cadence.virtuoso.ade.simulationMonitor] -     WARNING (CMI-2425): I7.I0.C2: `Acde' = 2.393 is unusually large.
        Further occurrences of this warning will be suppressed. {"history": "Interactive.356", "point": 31, "testname": "Poten", "cornername": "CMOS_VDD_Res_Cap_Temp_29"}
[2026-06-03 12:02:15.907 Z] [WARN] [cadence.virtuoso.ade.simulationMonitor] -     WARNING (CMI-2424): I7.I0.C2: `Voffcv' = -867.4e-03 is unusually small. {"history": "Interactive.356", "point": 31, "testname": "Poten", "cornername": "CMOS_VDD_Res_Cap_Temp_29"}
[2026-06-03 12:02:15.907 Z] [WARN] [cadence.virtuoso.ade.simulationMonitor] -     WARNING (CMI-2424): I7.I0.C0<0>_turbo_m6: `Voffcv' = -867.4e-03 is unusually small. {"history": "Interactive.356", "point": 31, "testname": "Poten", "cornername": "CMOS_VDD_Res_Cap_Temp_29"}
[2026-06-03 12:02:15.907 Z] [WARN] [cadence.virtuoso.ade.simulationMonitor] -     WARNING (CMI-2424): I7.I3.C1<0>_turbo_m6: `Voffcv' = -867.4e-03 is unusually small.
        Further occurrences of this warning will be suppressed. {"history": "Interactive.356", "point": 31, "testname": "Poten", "cornername": "CMOS_VDD_Res_Cap_Temp_29"}
[2026-06-03 12:02:31.413 Z] [WARN] [cadence.virtuoso.ade.simulationMonitor] -     WARNING (CMI-2943): Parameter checks have been ignored because the valid value for parameter 'trise' could not be found in 'C0'. {"history": "Interactive.356", "point": 31, "testname": "Poten", "cornername": "CMOS_VDD_Res_Cap_Temp_29"}
[2026-06-03 12:02:31.414 Z] [WARN] [cadence.virtuoso.ade.simulationMonitor] -     WARNING (CMI-2943): Parameter checks have been ignored because the valid value for parameter 'trise' could not be found in 'C1'. {"history": "Interactive.356", "point": 31, "testname": "Poten", "cornername": "CMOS_VDD_Res_Cap_Temp_29"}
[2026-06-03 12:02:31.414 Z] [WARN] [cadence.virtuoso.ade.simulationMonitor] -     WARNING (CMI-2943): Parameter checks have been ignored because the valid value for parameter 'trise' could not be found in 'C11'. {"history": "Interactive.356", "point": 31, "testname": "Poten", "cornername": "CMOS_VDD_Res_Cap_Temp_29"}
[2026-06-03 12:02:31.414 Z] [WARN] [cadence.virtuoso.ade.simulationMonitor] -     WARNING (CMI-2943): Parameter checks have been ignored because the valid value for parameter 'trise' could not be found in 'C12'. {"history": "Interactive.356", "point": 31, "testname": "Poten", "cornername": "CMOS_VDD_Res_Cap_Temp_29"}
[2026-06-03 12:02:31.414 Z] [WARN] [cadence.virtuoso.ade.simulationMonitor] -     WARNING (CMI-2943): Parameter checks have been ignored because the valid value for parameter 'trise' could not be found in 'C5'.
        Further occurrences of this warning will be suppressed. {"history": "Interactive.356", "point": 31, "testname": "Poten", "cornername": "CMOS_VDD_Res_Cap_Temp_29"}
[2026-06-03 12:02:31.415 Z] [INFO] [cadence.virtuoso.ade.simulationMonitor] - Notice from spectre during check, during DC analysis, during Noise analysis `noise'.
    I0.I5.RLIB_GC1 of rdiffp3: `ig' has the unusually large value of -15.4669 A.
    I0.I3.RLIB_GC1 of rdiffp3: `ig' has the unusually large value of -15.4669 A.
    I0.I3.RLIB_GC2 of rdiffp3: `ig' has the unusually large value of -15.4669 A.
    I0.I6.RLIB_GC2 of rdiffp3: `ig' has the unusually large value of -15.4669 A. {"history": "Interactive.356", "point": 31, "testname": "Poten", "cornername": "CMOS_VDD_Res_Cap_Temp_29"}
[2026-06-03 12:04:05.455 Z] [INFO] [cadence.virtuoso.ade.simulationMonitor] - Total time required for noise analysis `noise': CPU = 443.802 s (7m  23.8s), elapsed = 109.713 s (1m  49.7s), util. = 405%. {"history": "Interactive.356", "point": 31, "testname": "Poten", "cornername": "CMOS_VDD_Res_Cap_Temp_29"}
[2026-06-03 12:04:05.455 Z] [INFO] [cadence.virtuoso.ade.simulationMonitor] - Peak resident memory used = 725 Mbytes. {"history": "Interactive.356", "point": 31, "testname": "Poten", "cornername": "CMOS_VDD_Res_Cap_Temp_29"}
[2026-06-03 12:04:05.456 Z] [INFO] [cadence.virtuoso.ade.simulationMonitor] - Notice from spectre.
    1088 warnings suppressed. {"history": "Interactive.356", "point": 31, "testname": "Poten", "cornername": "CMOS_VDD_Res_Cap_Temp_29"}
[2026-06-03 12:04:05.956 Z] [WARN] [cadence.virtuoso.ade.simulationMonitor] -     WARNING (CMI-2425): I7.I0.C0<0>_dummy: `Acde' = 2.393 is unusually large. {"history": "Interactive.356", "point": 31, "testname": "Poten", "cornername": "CMOS_VDD_Res_Cap_Temp_29"}
[2026-06-03 12:04:05.956 Z] [WARN] [cadence.virtuoso.ade.simulationMonitor] -     WARNING (CMI-2425): I7.I0.C0<0>_dummy: `Noff' = 4.732 is unusually large. {"history": "Interactive.356", "point": 31, "testname": "Poten", "cornername": "CMOS_VDD_Res_Cap_Temp_29"}
[2026-06-03 12:04:05.957 Z] [WARN] [cadence.virtuoso.ade.simulationMonitor] -     WARNING (CMI-2424): I7.I0.C0<0>_dummy: `Voffcv' = -867.4e-03 is unusually small. {"history": "Interactive.356", "point": 31, "testname": "Poten", "cornername": "CMOS_VDD_Res_Cap_Temp_29"}
[2026-06-03 12:04:05.957 Z] [WARN] [cadence.virtuoso.ade.simulationMonitor] -     WARNING (CMI-2425): I7.I3.C1<0>_dummy: `Acde' = 2.393 is unusually large. {"history": "Interactive.356", "point": 31, "testname": "Poten", "cornername": "CMOS_VDD_Res_Cap_Temp_29"}
[2026-06-03 12:04:05.957 Z] [WARN] [cadence.virtuoso.ade.simulationMonitor] -     WARNING (CMI-2425): I7.I3.C1<0>_dummy: `Noff' = 4.732 is unusually large. {"history": "Interactive.356", "point": 31, "testname": "Poten", "cornername": "CMOS_VDD_Res_Cap_Temp_29"}
[2026-06-03 12:04:05.957 Z] [WARN] [cadence.virtuoso.ade.simulationMonitor] -     WARNING (CMI-2424): I7.I3.C1<0>_dummy: `Voffcv' = -867.4e-03 is unusually small. {"history": "Interactive.356", "point": 31, "testname": "Poten", "cornername": "CMOS_VDD_Res_Cap_Temp_29"}
[2026-06-03 12:04:05.957 Z] [WARN] [cadence.virtuoso.ade.simulationMonitor] -     WARNING (CMI-2425): I7.I4.C1<0>_dummy: `Acde' = 2.393 is unusually large.
        Further occurrences of this warning will be suppressed. {"history": "Interactive.356", "point": 31, "testname": "Poten", "cornername": "CMOS_VDD_Res_Cap_Temp_29"}
[2026-06-03 12:04:05.958 Z] [WARN] [cadence.virtuoso.ade.simulationMonitor] -     WARNING (CMI-2424): I7.I4.C1<0>_dummy: `Voffcv' = -867.4e-03 is unusually small. {"history": "Interactive.356", "point": 31, "testname": "Poten", "cornername": "CMOS_VDD_Res_Cap_Temp_29"}
[2026-06-03 12:04:05.958 Z] [INFO] [cadence.virtuoso.ade.simulationMonitor] - Notice from spectre.
    1 warning suppressed. {"history": "Interactive.356", "point": 31, "testname": "Poten", "cornername": "CMOS_VDD_Res_Cap_Temp_29"}
[2026-06-03 12:04:05.958 Z] [INFO] [cadence.virtuoso.ade.simulationMonitor] - Time used: CPU = 660 s (11m  0.1s), elapsed = 183 s (3m  3.1s), util. = 360%. {"history": "Interactive.356", "point": 31, "testname": "Poten", "cornername": "CMOS_VDD_Res_Cap_Temp_29"}
[2026-06-03 12:04:05.958 Z] [INFO] [cadence.virtuoso.ade.simulationMonitor] - Time spent in licensing: elapsed = 95.2 ms. {"history": "Interactive.356", "point": 31, "testname": "Poten", "cornername": "CMOS_VDD_Res_Cap_Temp_29"}
[2026-06-03 12:04:05.960 Z] [INFO] [cadence.virtuoso.ade.simulationMonitor] - Peak memory used = 725 Mbytes. {"history": "Interactive.356", "point": 31, "testname": "Poten", "cornername": "CMOS_VDD_Res_Cap_Temp_29"}
[2026-06-03 12:04:05.961 Z] [PROCESS] [cadence.virtuoso.ade.simulationMonitor] - Simulation started at: 12:01:02 PM, Wed Jun 3, 2026, ended at: 12:04:05 PM, Wed Jun 3, 2026, with elapsed time (wall clock): 183 s (3m  3.1s). {"history": "Interactive.356", "point": 31, "testname": "Poten", "cornername": "CMOS_VDD_Res_Cap_Temp_29"}
[2026-06-03 12:04:05.962 Z] [PROCESS] [cadence.virtuoso.ade.simulationMonitor] - spectre completes with 0 errors, 113 warnings, and 37 notices. {"history": "Interactive.356", "point": 31, "testname": "Poten", "cornername": "CMOS_VDD_Res_Cap_Temp_29"}
[2026-06-03 12:04:06.463 Z] [PROCESS] [cadence.virtuoso.ade.simulationMonitor] - Finished simulating for one point {"hostname": "il2244vt26_hrahimi", "processid": 2498769, "history": "Interactive.356", "testname": "Poten", "cornername": "CMOS_VDD_Res_Cap_Temp_29", "point": 31, "logfile": "/home/hrahimi/projects/POTENTIOSTAT_26/logs_hrahimi/logs0/Job19.log", "simid": "11"}
[2026-06-03 12:04:06.463 Z] [PROCESS] [cadence.virtuoso.ade.simulationMonitor] - Simulator exited {"hostname": "il2244vt26_hrahimi", "processid": 2498769, "history": "Interactive.356", "testname": "Poten", "cornername": "CMOS_VDD_Res_Cap_Temp_29", "point": 31, "logfile": "/home/hrahimi/projects/POTENTIOSTAT_26/logs_hrahimi/logs0/Job19.log", "exitStatus": "0"}
[2026-06-03 12:04:06.464 Z] [PROCESS] [cadence.virtuoso.ade.simulationMonitor] - Finished Simulation {"hostname": "il2244vt26_hrahimi", "processid": 2498769, "history": "Interactive.356", "testname": "Poten", "cornername": "CMOS_VDD_Res_Cap_Temp_29", "point": 31, "logfile": "/home/hrahimi/projects/POTENTIOSTAT_26/logs_hrahimi/logs0/Job19.log", "simid": "11"}
[2026-06-03 12:04:11.480 Z] [PROCESS] [cadence.virtuoso.ade.simulationMonitor] - Point Finished {"hostname": "il2244vt26_hrahimi", "processid": 2498769, "history": "Interactive.356", "testname": "Poten", "cornername": "CMOS_VDD_Res_Cap_Temp_29", "point": 31, "logfile": "/home/hrahimi/projects/POTENTIOSTAT_26/logs_hrahimi/logs0/Job19.log"}
[2026-06-03 12:04:11.486 Z] [PROCESS] [cadence.virtuoso.ade.simulationMonitor] - HostInfo:
Host name (type):	il2244vt26_hrahimi (x86_64)
Operating system:	Linux 5.15.0-164-generic #174-Ubuntu SMP Fri Nov 14 20:25:16 UTC 2025 {"hostname": "il2244vt26_hrahimi", "processid": 2498769, "history": "Interactive.356", "testname": "Poten", "cornername": "CMOS_VDD_Res_Cap_Temp_29", "point": 31, "logfile": "/home/hrahimi/projects/POTENTIOSTAT_26/logs_hrahimi/logs0/Job19.log", "nodename": "il2244vt26_hrahimi", "domainname": "(none)", "machine": "x86_64", "sysname": "Linux", "release": "5.15.0-164-generic", "version": "#174-Ubuntu SMP Fri Nov 14 20:25:16 UTC 2025"}
[2026-06-03 12:04:11.487 Z] [PROCESS] [cadence.virtuoso.ade.simulationMonitor] - UsageInfo:
pid=2498769
totalPhysicalMemory=3023.749672GB,Used=2715.405430GB,totalVirtualMemory=3031.749668GB,Used=2715.511875GB
Cpu: Cores=48, Load average:45.230000,43.530000,30.610000 {"hostname": "il2244vt26_hrahimi", "processid": 2498769, "history": "Interactive.356", "testname": "Poten", "cornername": "CMOS_VDD_Res_Cap_Temp_29", "point": 31, "logfile": "/home/hrahimi/projects/POTENTIOSTAT_26/logs_hrahimi/logs0/Job19.log", "pid": "2498769", "totalPhysicalMemory": "3023.749672", "physicalMemoryUsed": "2715.405430", "totalVirtualMemory": "3031.749668", "virtualMemoryUsed": "2715.511875", "cpuCores": "48", "processes": "29737", "loadAverage1": "45.230000", "loadAverage5": "43.530000", "loadAverage15": "30.610000", "loadAverage1Percent": "0.942292"}
[2026-06-03 12:04:11.488 Z] [EVENT] [cadence.virtuoso.ade.simulationMonitor] - NewPoint {"history": "Interactive.356", "point": 27, "testname": "PTAT", "cornername": "CMOS_VDD_Res_Cap_Temp_25", "event": "NewPoint", "EventSource": "Simulation Monitor", "HistoryName": "Interactive.356", "logFile": "/home/hrahimi/projects/POTENTIOSTAT_26/logs_hrahimi/logs0/Job19.log", "logFileSize": "443189"}
[2026-06-03 12:04:11.590 Z] [EVENT] [cadence.virtuoso.ade.simulationMonitor] - NewPoint {"history": "Interactive.356", "point": 27, "testname": "PTAT", "cornername": "CMOS_VDD_Res_Cap_Temp_25", "event": "NewPoint", "EventSource": "spectre", "HistoryName": "Interactive.356", "logFile": "/home/hrahimi/projects/POTENTIOSTAT_26/Sim/Potentiostat_Top/top/maestro/results/maestro/Interactive.356/27/PTAT/psf/spectre.out", "logFileSize": "-1"}
[2026-06-03 12:04:11.603 Z] [PROCESS] [cadence.virtuoso.ade.simulationMonitor] - Simulator launched {"hostname": "il2244vt26_hrahimi", "processid": 2498769, "history": "Interactive.356", "testname": "PTAT", "cornername": "CMOS_VDD_Res_Cap_Temp_25", "point": 27, "logfile": "/home/hrahimi/projects/POTENTIOSTAT_26/logs_hrahimi/logs0/Job19.log", "simid": "12"}
[2026-06-03 12:04:11.678 Z] [PROCESS] [cadence.virtuoso.ade.simulationMonitor] - Started Simulation {"hostname": "il2244vt26_hrahimi", "processid": 2498769, "history": "Interactive.356", "testname": "PTAT", "cornername": "CMOS_VDD_Res_Cap_Temp_25", "point": 27, "logfile": "/home/hrahimi/projects/POTENTIOSTAT_26/logs_hrahimi/logs0/Job19.log", "event": "started", "task": "simulation"}
[2026-06-03 12:04:12.679 Z] [WARN] [cadence.virtuoso.ade.simulationMonitor] -     WARNING (SPECTRE-691): This CPU processor does not support x86 advanced vector extensions instructions. This may affect math operations and slow down the simulation. {"history": "Interactive.356", "point": 27, "testname": "PTAT", "cornername": "CMOS_VDD_Res_Cap_Temp_25"}
[2026-06-03 12:04:12.679 Z] [INFO] [cadence.virtuoso.ade.simulationMonitor] - Notice from spectre during circuit read-in.
    Pre_Configuration file used: /opt/tools/cadence/installs/SPECTRE241/tools.lnx86/spectre/etc/configs/preset.precfg
    Configuration file used: `/opt/tools/cadence/installs/SPECTRE241/tools.lnx86/spectre/etc/configs/preset.cfg'. {"history": "Interactive.356", "point": 27, "testname": "PTAT", "cornername": "CMOS_VDD_Res_Cap_Temp_25"}
[2026-06-03 12:04:12.680 Z] [WARN] [cadence.virtuoso.ade.simulationMonitor] -     WARNING (SPECTRE-8360): line 1511: `ac' is an undefined primitive device. {"history": "Interactive.356", "point": 27, "testname": "PTAT", "cornername": "CMOS_VDD_Res_Cap_Temp_25"}
[2026-06-03 12:04:12.680 Z] [WARN] [cadence.virtuoso.ade.simulationMonitor] -     WARNING (SPECTRE-8360): line 1512: `ac' is an undefined primitive device. {"history": "Interactive.356", "point": 27, "testname": "PTAT", "cornername": "CMOS_VDD_Res_Cap_Temp_25"}
[2026-06-03 12:04:12.680 Z] [WARN] [cadence.virtuoso.ade.simulationMonitor] -     WARNING (SPECTRE-8360): line 1513: `ac' is an undefined primitive device. {"history": "Interactive.356", "point": 27, "testname": "PTAT", "cornername": "CMOS_VDD_Res_Cap_Temp_25"}
[2026-06-03 12:04:12.680 Z] [WARN] [cadence.virtuoso.ade.simulationMonitor] -     WARNING (SPECTRE-8360): line 1514: `ac' is an undefined primitive device. {"history": "Interactive.356", "point": 27, "testname": "PTAT", "cornername": "CMOS_VDD_Res_Cap_Temp_25"}
[2026-06-03 12:04:12.680 Z] [WARN] [cadence.virtuoso.ade.simulationMonitor] -     WARNING (SPECTRE-8360): line 1515: `ac' is an undefined primitive device.
        Further occurrences of this warning will be suppressed. {"history": "Interactive.356", "point": 27, "testname": "PTAT", "cornername": "CMOS_VDD_Res_Cap_Temp_25"}
[2026-06-03 12:04:12.680 Z] [WARN] [cadence.virtuoso.ade.simulationMonitor] -     WARNING (VACOMP-2435): The environment variable CDS_AHDLCMI_ENABLE is no longer supported. Therefore, the simulator will use the default compiled C code flow. {"history": "Interactive.356", "point": 27, "testname": "PTAT", "cornername": "CMOS_VDD_Res_Cap_Temp_25"}
[2026-06-03 12:04:13.181 Z] [INFO] [cadence.virtuoso.ade.simulationMonitor] - Peak resident memory used = 194 Mbytes. {"history": "Interactive.356", "point": 27, "testname": "PTAT", "cornername": "CMOS_VDD_Res_Cap_Temp_25"}
[2026-06-03 12:04:13.682 Z] [WARN] [cadence.virtuoso.ade.simulationMonitor] -     WARNING (SFE-2649): Terminals of top-level instance `R50', in file`netlist', at line 1168, are connected. Remove the instance and rerun the simulation. {"history": "Interactive.356", "point": 27, "testname": "PTAT", "cornername": "CMOS_VDD_Res_Cap_Temp_25"}
[2026-06-03 12:04:13.683 Z] [WARN] [cadence.virtuoso.ade.simulationMonitor] -     WARNING (SFE-2649): Terminals of top-level instance `R48', in file`netlist', at line 1211, are connected. Remove the instance and rerun the simulation. {"history": "Interactive.356", "point": 27, "testname": "PTAT", "cornername": "CMOS_VDD_Res_Cap_Temp_25"}
[2026-06-03 12:04:14.183 Z] [WARN] [cadence.virtuoso.ade.simulationMonitor] -     WARNING (SFE-3027): The dangling resistor I2.rb144 is removed. {"history": "Interactive.356", "point": 27, "testname": "PTAT", "cornername": "CMOS_VDD_Res_Cap_Temp_25"}
[2026-06-03 12:04:14.184 Z] [WARN] [cadence.virtuoso.ade.simulationMonitor] -     WARNING (SFE-3027): The dangling resistor I2.rb241 is removed. {"history": "Interactive.356", "point": 27, "testname": "PTAT", "cornername": "CMOS_VDD_Res_Cap_Temp_25"}
[2026-06-03 12:04:14.184 Z] [WARN] [cadence.virtuoso.ade.simulationMonitor] -     WARNING (SFE-3027): The dangling resistor I2.rb613 is removed. {"history": "Interactive.356", "point": 27, "testname": "PTAT", "cornername": "CMOS_VDD_Res_Cap_Temp_25"}
[2026-06-03 12:04:14.184 Z] [WARN] [cadence.virtuoso.ade.simulationMonitor] -     WARNING (SFE-3027): The dangling resistor I2.rd794 is removed. {"history": "Interactive.356", "point": 27, "testname": "PTAT", "cornername": "CMOS_VDD_Res_Cap_Temp_25"}
[2026-06-03 12:04:14.184 Z] [WARN] [cadence.virtuoso.ade.simulationMonitor] -     WARNING (SFE-3012): The dummy device I0.I16.DLIB9 is removed. {"history": "Interactive.356", "point": 27, "testname": "PTAT", "cornername": "CMOS_VDD_Res_Cap_Temp_25"}
[2026-06-03 12:04:14.184 Z] [WARN] [cadence.virtuoso.ade.simulationMonitor] -     WARNING (SFE-3012): The dummy device I0.I15.DLIB9 is removed. {"history": "Interactive.356", "point": 27, "testname": "PTAT", "cornername": "CMOS_VDD_Res_Cap_Temp_25"}
[2026-06-03 12:04:14.185 Z] [WARN] [cadence.virtuoso.ade.simulationMonitor] -     WARNING (SFE-3012): The dummy device I0.I0.DLIB6 is removed. {"history": "Interactive.356", "point": 27, "testname": "PTAT", "cornername": "CMOS_VDD_Res_Cap_Temp_25"}
[2026-06-03 12:04:14.185 Z] [WARN] [cadence.virtuoso.ade.simulationMonitor] -     WARNING (SFE-3012): The dummy device I7.I2.MP12<0>_turbo_m34 is removed. {"history": "Interactive.356", "point": 27, "testname": "PTAT", "cornername": "CMOS_VDD_Res_Cap_Temp_25"}
[2026-06-03 12:04:14.185 Z] [WARN] [cadence.virtuoso.ade.simulationMonitor] -     WARNING (SFE-3012): The dummy device I0.I16.DLIB10 is removed.
        Further occurrences of this warning will be suppressed. {"history": "Interactive.356", "point": 27, "testname": "PTAT", "cornername": "CMOS_VDD_Res_Cap_Temp_25"}
[2026-06-03 12:04:14.185 Z] [WARN] [cadence.virtuoso.ade.simulationMonitor] -     WARNING (SFE-3029): The dummy capacitor I7.I0.R3.CS1 is removed. {"history": "Interactive.356", "point": 27, "testname": "PTAT", "cornername": "CMOS_VDD_Res_Cap_Temp_25"}
[2026-06-03 12:04:14.185 Z] [WARN] [cadence.virtuoso.ade.simulationMonitor] -     WARNING (SFE-3027): The dangling resistor I2.re2693 is removed.
        Further occurrences of this warning will be suppressed. {"history": "Interactive.356", "point": 27, "testname": "PTAT", "cornername": "CMOS_VDD_Res_Cap_Temp_25"}
[2026-06-03 12:04:14.185 Z] [WARN] [cadence.virtuoso.ade.simulationMonitor] -     WARNING (SFE-3029): The dummy capacitor I7.I13_turbo_m5.C0.C1 is removed. {"history": "Interactive.356", "point": 27, "testname": "PTAT", "cornername": "CMOS_VDD_Res_Cap_Temp_25"}
[2026-06-03 12:04:14.186 Z] [WARN] [cadence.virtuoso.ade.simulationMonitor] -     WARNING (SFE-3029): The dummy capacitor I7.I10_turbo_m4.C0.C1 is removed. {"history": "Interactive.356", "point": 27, "testname": "PTAT", "cornername": "CMOS_VDD_Res_Cap_Temp_25"}
[2026-06-03 12:04:14.186 Z] [WARN] [cadence.virtuoso.ade.simulationMonitor] -     WARNING (SFE-3029): The dummy capacitor I7.I1.R2.CS1 is removed. {"history": "Interactive.356", "point": 27, "testname": "PTAT", "cornername": "CMOS_VDD_Res_Cap_Temp_25"}
[2026-06-03 12:04:14.186 Z] [WARN] [cadence.virtuoso.ade.simulationMonitor] -     WARNING (SFE-3028): The floating resistor R8 is removed. {"history": "Interactive.356", "point": 27, "testname": "PTAT", "cornername": "CMOS_VDD_Res_Cap_Temp_25"}
[2026-06-03 12:04:14.186 Z] [WARN] [cadence.virtuoso.ade.simulationMonitor] -     WARNING (SFE-3029): The dummy capacitor I7.I4.R31.CS1 is removed.
        Further occurrences of this warning will be suppressed. {"history": "Interactive.356", "point": 27, "testname": "PTAT", "cornername": "CMOS_VDD_Res_Cap_Temp_25"}
[2026-06-03 12:04:14.186 Z] [WARN] [cadence.virtuoso.ade.simulationMonitor] -     WARNING (SFE-3015): The dangling node I2.210\:GNDA is removed. {"history": "Interactive.356", "point": 27, "testname": "PTAT", "cornername": "CMOS_VDD_Res_Cap_Temp_25"}
[2026-06-03 12:04:14.186 Z] [WARN] [cadence.virtuoso.ade.simulationMonitor] -     WARNING (SFE-3015): The dangling node I2.222\:POT_OUT is removed. {"history": "Interactive.356", "point": 27, "testname": "PTAT", "cornername": "CMOS_VDD_Res_Cap_Temp_25"}
[2026-06-03 12:04:14.187 Z] [WARN] [cadence.virtuoso.ade.simulationMonitor] -     WARNING (SFE-3015): The dangling node I2.13\:I25|I35|SN is removed. {"history": "Interactive.356", "point": 27, "testname": "PTAT", "cornername": "CMOS_VDD_Res_Cap_Temp_25"}
[2026-06-03 12:04:14.187 Z] [WARN] [cadence.virtuoso.ade.simulationMonitor] -     WARNING (SFE-3015): The dangling node I2.29\:Calib_EN is removed. {"history": "Interactive.356", "point": 27, "testname": "PTAT", "cornername": "CMOS_VDD_Res_Cap_Temp_25"}
[2026-06-03 12:04:14.187 Z] [WARN] [cadence.virtuoso.ade.simulationMonitor] -     WARNING (SFE-3015): The dangling node I2.693\:VPI is removed.
        Further occurrences of this warning will be suppressed. {"history": "Interactive.356", "point": 27, "testname": "PTAT", "cornername": "CMOS_VDD_Res_Cap_Temp_25"}
[2026-06-03 12:04:14.187 Z] [WARN] [cadence.virtuoso.ade.simulationMonitor] -     WARNING (SFE-3016): The floating node net74 is removed. {"history": "Interactive.356", "point": 27, "testname": "PTAT", "cornername": "CMOS_VDD_Res_Cap_Temp_25"}
[2026-06-03 12:04:14.187 Z] [WARN] [cadence.virtuoso.ade.simulationMonitor] -     WARNING (SFE-3016): The floating node net73 is removed. {"history": "Interactive.356", "point": 27, "testname": "PTAT", "cornername": "CMOS_VDD_Res_Cap_Temp_25"}
[2026-06-03 12:04:14.188 Z] [INFO] [cadence.virtuoso.ade.simulationMonitor] - Notice from spectre during hierarchy flattening.
    Spectre X Parasitic Optimization enabled.
    Parasitic optimization will filter out parasitic nodes, nodes only connected to RCs, by default. To view individual parasitic nodes use individual save statements (i.e. save out), or use the 'savefilter=none' option to save all parasitic nodes. Saving all parasitic nodes may slow down simulation and create large waveform files. {"history": "Interactive.356", "point": 27, "testname": "PTAT", "cornername": "CMOS_VDD_Res_Cap_Temp_25"}
[2026-06-03 12:04:14.188 Z] [INFO] [cadence.virtuoso.ade.simulationMonitor] - Peak resident memory used = 224 Mbytes. {"history": "Interactive.356", "point": 27, "testname": "PTAT", "cornername": "CMOS_VDD_Res_Cap_Temp_25"}
[2026-06-03 12:04:14.188 Z] [INFO] [cadence.virtuoso.ade.simulationMonitor] - Notice from spectre during hierarchy flattening.
    The value 'psf' specified for the 'checklimitdest' option will no longer be supported in future releases. Use 'spectre -h' to see other recommended values for the 'checklimitdest' option. {"history": "Interactive.356", "point": 27, "testname": "PTAT", "cornername": "CMOS_VDD_Res_Cap_Temp_25"}
[2026-06-03 12:04:14.688 Z] [INFO] [cadence.virtuoso.ade.simulationMonitor] - Notice from spectre during hierarchy flattening.
    V8: `period' has the unusually large value of 100 s.
    V7: `period' has the unusually large value of 10 s.
    V3: `period' has the unusually large value of 6 s.
    I26: `period' has the unusually large value of 6 s. {"history": "Interactive.356", "point": 27, "testname": "PTAT", "cornername": "CMOS_VDD_Res_Cap_Temp_25"}
[2026-06-03 12:04:14.689 Z] [INFO] [cadence.virtuoso.ade.simulationMonitor] - Peak resident memory used = 235 Mbytes. {"history": "Interactive.356", "point": 27, "testname": "PTAT", "cornername": "CMOS_VDD_Res_Cap_Temp_25"}
[2026-06-03 12:04:14.689 Z] [WARN] [cadence.virtuoso.ade.simulationMonitor] -     WARNING (CMI-2425): I2.I56|C3: `Acde' = 2.393 is unusually large. {"history": "Interactive.356", "point": 27, "testname": "PTAT", "cornername": "CMOS_VDD_Res_Cap_Temp_25"}
[2026-06-03 12:04:14.689 Z] [WARN] [cadence.virtuoso.ade.simulationMonitor] -     WARNING (CMI-2425): I2.I56|C3: `Noff' = 4.732 is unusually large. {"history": "Interactive.356", "point": 27, "testname": "PTAT", "cornername": "CMOS_VDD_Res_Cap_Temp_25"}
[2026-06-03 12:04:14.689 Z] [WARN] [cadence.virtuoso.ade.simulationMonitor] -     WARNING (CMI-2424): I2.I56|C3: `Voffcv' = -867.4e-03 is unusually small. {"history": "Interactive.356", "point": 27, "testname": "PTAT", "cornername": "CMOS_VDD_Res_Cap_Temp_25"}
[2026-06-03 12:04:14.689 Z] [WARN] [cadence.virtuoso.ade.simulationMonitor] -     WARNING (CMI-2425): I2.I56|C4: `Acde' = 2.393 is unusually large. {"history": "Interactive.356", "point": 27, "testname": "PTAT", "cornername": "CMOS_VDD_Res_Cap_Temp_25"}
[2026-06-03 12:04:14.690 Z] [WARN] [cadence.virtuoso.ade.simulationMonitor] -     WARNING (CMI-2425): I2.I56|C4: `Noff' = 4.732 is unusually large. {"history": "Interactive.356", "point": 27, "testname": "PTAT", "cornername": "CMOS_VDD_Res_Cap_Temp_25"}
[2026-06-03 12:04:14.690 Z] [WARN] [cadence.virtuoso.ade.simulationMonitor] -     WARNING (CMI-2424): I2.I56|C4: `Voffcv' = -867.4e-03 is unusually small. {"history": "Interactive.356", "point": 27, "testname": "PTAT", "cornername": "CMOS_VDD_Res_Cap_Temp_25"}
[2026-06-03 12:04:14.690 Z] [WARN] [cadence.virtuoso.ade.simulationMonitor] -     WARNING (CMI-2425): I2.I56|C5: `Acde' = 2.393 is unusually large.
        Further occurrences of this warning will be suppressed. {"history": "Interactive.356", "point": 27, "testname": "PTAT", "cornername": "CMOS_VDD_Res_Cap_Temp_25"}
[2026-06-03 12:04:14.690 Z] [WARN] [cadence.virtuoso.ade.simulationMonitor] -     WARNING (CMI-2424): I2.I56|C5: `Voffcv' = -867.4e-03 is unusually small. {"history": "Interactive.356", "point": 27, "testname": "PTAT", "cornername": "CMOS_VDD_Res_Cap_Temp_25"}
[2026-06-03 12:04:14.690 Z] [WARN] [cadence.virtuoso.ade.simulationMonitor] -     WARNING (CMI-2424): I7.I4.C1<0>_turbo_m11: `Voffcv' = -867.4e-03 is unusually small. {"history": "Interactive.356", "point": 27, "testname": "PTAT", "cornername": "CMOS_VDD_Res_Cap_Temp_25"}
[2026-06-03 12:04:14.691 Z] [WARN] [cadence.virtuoso.ade.simulationMonitor] -     WARNING (CMI-2424): I7.I3.C1<0>_turbo_m6: `Voffcv' = -867.4e-03 is unusually small.
        Further occurrences of this warning will be suppressed. {"history": "Interactive.356", "point": 27, "testname": "PTAT", "cornername": "CMOS_VDD_Res_Cap_Temp_25"}
[2026-06-03 12:04:15.692 Z] [WARN] [cadence.virtuoso.ade.simulationMonitor] -     WARNING (SPECTRE-16460): SOAC_esdgcp5_vcpsub:Specified subcircuit master `esdgcp5' was not found. {"history": "Interactive.356", "point": 27, "testname": "PTAT", "cornername": "CMOS_VDD_Res_Cap_Temp_25"}
[2026-06-03 12:04:15.692 Z] [WARN] [cadence.virtuoso.ade.simulationMonitor] -     WARNING (SPECTRE-16462): SOAC_esdgcp5_vcpsub:Error in specification of subcircuit master. Assert is ignored. {"history": "Interactive.356", "point": 27, "testname": "PTAT", "cornername": "CMOS_VDD_Res_Cap_Temp_25"}
[2026-06-03 12:04:15.692 Z] [WARN] [cadence.virtuoso.ade.simulationMonitor] -     WARNING (SPECTRE-16460): SOAC_esdgcp5_vac:Specified subcircuit master `esdgcp5' was not found. {"history": "Interactive.356", "point": 27, "testname": "PTAT", "cornername": "CMOS_VDD_Res_Cap_Temp_25"}
[2026-06-03 12:04:15.693 Z] [WARN] [cadence.virtuoso.ade.simulationMonitor] -     WARNING (SPECTRE-16462): SOAC_esdgcp5_vac:Error in specification of subcircuit master. Assert is ignored. {"history": "Interactive.356", "point": 27, "testname": "PTAT", "cornername": "CMOS_VDD_Res_Cap_Temp_25"}
[2026-06-03 12:04:15.693 Z] [WARN] [cadence.virtuoso.ade.simulationMonitor] -     WARNING (SPECTRE-16460): SOAC_esdgcn5_vac:Specified subcircuit master `esdgcn5' was not found. {"history": "Interactive.356", "point": 27, "testname": "PTAT", "cornername": "CMOS_VDD_Res_Cap_Temp_25"}
[2026-06-03 12:04:15.693 Z] [WARN] [cadence.virtuoso.ade.simulationMonitor] -     WARNING (SPECTRE-16462): SOAC_esdgcn5_vac:Error in specification of subcircuit master. Assert is ignored. {"history": "Interactive.356", "point": 27, "testname": "PTAT", "cornername": "CMOS_VDD_Res_Cap_Temp_25"}
[2026-06-03 12:04:15.693 Z] [WARN] [cadence.virtuoso.ade.simulationMonitor] -     WARNING (SPECTRE-16460): SOAC_esdfdp5_vcpsub:Specified subcircuit master `esdfdp5' was not found. {"history": "Interactive.356", "point": 27, "testname": "PTAT", "cornername": "CMOS_VDD_Res_Cap_Temp_25"}
[2026-06-03 12:04:15.693 Z] [WARN] [cadence.virtuoso.ade.simulationMonitor] -     WARNING (SPECTRE-16462): SOAC_esdfdp5_vcpsub:Error in specification of subcircuit master. Assert is ignored. {"history": "Interactive.356", "point": 27, "testname": "PTAT", "cornername": "CMOS_VDD_Res_Cap_Temp_25"}
[2026-06-03 12:04:15.694 Z] [WARN] [cadence.virtuoso.ade.simulationMonitor] -     WARNING (SPECTRE-16460): SOAC_esdfdp5_vac:Specified subcircuit master `esdfdp5' was not found.
        Further occurrences of this warning will be suppressed. {"history": "Interactive.356", "point": 27, "testname": "PTAT", "cornername": "CMOS_VDD_Res_Cap_Temp_25"}
[2026-06-03 12:04:15.694 Z] [WARN] [cadence.virtuoso.ade.simulationMonitor] -     WARNING (SPECTRE-16462): SOAC_esdfdp5_vac:Error in specification of subcircuit master. Assert is ignored.
        Further occurrences of this warning will be suppressed. {"history": "Interactive.356", "point": 27, "testname": "PTAT", "cornername": "CMOS_VDD_Res_Cap_Temp_25"}
[2026-06-03 12:04:15.694 Z] [WARN] [cadence.virtuoso.ade.simulationMonitor] -     WARNING (SPECTRE-17607): Assert `SOAC_vert10_vsubpsub' is ignored because it contains an expression which is invalid or not supported by native evaluator.  {"history": "Interactive.356", "point": 27, "testname": "PTAT", "cornername": "CMOS_VDD_Res_Cap_Temp_25"}
[2026-06-03 12:04:15.694 Z] [WARN] [cadence.virtuoso.ade.simulationMonitor] -     WARNING (SPECTRE-17607): Assert `SOAC_vert10_vcsub' is ignored because it contains an expression which is invalid or not supported by native evaluator.  {"history": "Interactive.356", "point": 27, "testname": "PTAT", "cornername": "CMOS_VDD_Res_Cap_Temp_25"}
[2026-06-03 12:04:16.696 Z] [INFO] [cadence.virtuoso.ade.simulationMonitor] - Notice from spectre during topology check.
    Only one connection to the following 1898 nodes:
        I0.I46.RLIB_GC1.R1.psub!
        I0.I46.RLIB_GC1.R2.psub!
        I0.I46.MNLIB_DR1.M_esdnmos4.psub!
        I0.I46.DLIB2.psub!
        I0.I46.DLIB1.psub!
        Further occurrences of this notice will be suppressed. {"history": "Interactive.356", "point": 27, "testname": "PTAT", "cornername": "CMOS_VDD_Res_Cap_Temp_25"}
[2026-06-03 12:04:19.699 Z] [INFO] [cadence.virtuoso.ade.simulationMonitor] -               nodes 15748 {"history": "Interactive.356", "point": 27, "testname": "PTAT", "cornername": "CMOS_VDD_Res_Cap_Temp_25"}
[2026-06-03 12:04:19.700 Z] [INFO] [cadence.virtuoso.ade.simulationMonitor] - Notice from spectre during initial setup.
    7 resistors are shorted because their absolute value is less than or equal to 'rabsshort'.
    3 vsources are shorted because their absolute value is less than or equal to 'vabsshort'.
    4 resistors are changed to resistance form because their value are less than 'rthresh'.
    Spectre X preset=cx enabled.
    44 notices suppressed.
    138 warnings suppressed. {"history": "Interactive.356", "point": 27, "testname": "PTAT", "cornername": "CMOS_VDD_Res_Cap_Temp_25"}
[2026-06-03 12:04:19.700 Z] [INFO] [cadence.virtuoso.ade.simulationMonitor] - Notice from spectre.
    Multithreading enabled: 8 threads in the system with 48 available processors. {"history": "Interactive.356", "point": 27, "testname": "PTAT", "cornername": "CMOS_VDD_Res_Cap_Temp_25"}
[2026-06-03 12:04:19.701 Z] [INFO] [cadence.virtuoso.ade.simulationMonitor] - Peak resident memory used = 294 Mbytes. {"history": "Interactive.356", "point": 27, "testname": "PTAT", "cornername": "CMOS_VDD_Res_Cap_Temp_25"}
[2026-06-03 12:04:19.701 Z] [INFO] [cadence.virtuoso.ade.simulationMonitor] -    -   (Spectre X) Multi-threading. The recommended number of threads is [4, 8], consider adding +mt=4 or +mt=8 on command line. {"history": "Interactive.356", "point": 27, "testname": "PTAT", "cornername": "CMOS_VDD_Res_Cap_Temp_25"}
[2026-06-03 12:04:19.701 Z] [INFO] [cadence.virtuoso.ade.simulationMonitor] - Notice from spectre during transient analysis `tran'.
    No checklimit analysis defined for asserts. A default checklimit analysis 'SpectreChecklimitAnal' has been created with all asserts enabled. {"history": "Interactive.356", "point": 27, "testname": "PTAT", "cornername": "CMOS_VDD_Res_Cap_Temp_25"}
[2026-06-03 12:04:20.201 Z] [INFO] [cadence.virtuoso.ade.simulationMonitor] - Notice from spectre during IC analysis, during transient analysis `tran'.
    Bad pivoting is found during DC analysis. Option dc_pivot_check=yes is recommended for possible improvement of convergence. {"history": "Interactive.356", "point": 27, "testname": "PTAT", "cornername": "CMOS_VDD_Res_Cap_Temp_25"}
[2026-06-03 12:04:20.202 Z] [WARN] [cadence.virtuoso.ade.simulationMonitor] -     WARNING (CMI-2943): Parameter checks have been ignored because the valid value for parameter 'trise' could not be found in 'C0'. {"history": "Interactive.356", "point": 27, "testname": "PTAT", "cornername": "CMOS_VDD_Res_Cap_Temp_25"}
[2026-06-03 12:04:20.202 Z] [WARN] [cadence.virtuoso.ade.simulationMonitor] -     WARNING (CMI-2943): Parameter checks have been ignored because the valid value for parameter 'trise' could not be found in 'C1'. {"history": "Interactive.356", "point": 27, "testname": "PTAT", "cornername": "CMOS_VDD_Res_Cap_Temp_25"}
[2026-06-03 12:04:20.203 Z] [WARN] [cadence.virtuoso.ade.simulationMonitor] -     WARNING (CMI-2943): Parameter checks have been ignored because the valid value for parameter 'trise' could not be found in 'C11'. {"history": "Interactive.356", "point": 27, "testname": "PTAT", "cornername": "CMOS_VDD_Res_Cap_Temp_25"}
[2026-06-03 12:04:20.203 Z] [WARN] [cadence.virtuoso.ade.simulationMonitor] -     WARNING (CMI-2943): Parameter checks have been ignored because the valid value for parameter 'trise' could not be found in 'C12'. {"history": "Interactive.356", "point": 27, "testname": "PTAT", "cornername": "CMOS_VDD_Res_Cap_Temp_25"}
[2026-06-03 12:04:20.203 Z] [WARN] [cadence.virtuoso.ade.simulationMonitor] -     WARNING (CMI-2943): Parameter checks have been ignored because the valid value for parameter 'trise' could not be found in 'C5'.
        Further occurrences of this warning will be suppressed. {"history": "Interactive.356", "point": 27, "testname": "PTAT", "cornername": "CMOS_VDD_Res_Cap_Temp_25"}
[2026-06-03 12:04:20.203 Z] [WARN] [cadence.virtuoso.ade.simulationMonitor] -     WARNING (SPECTRE-17192): 
        Tolerance relaxation is used during DC simulation which may affect the accuracy of the result. This is mainly caused by the high impedance nodes in the circuit. Use the dyn_highz check to determine the high impedance nodes. Setting/assigning appropriate initial values to these nodes will usually help to improve both performance and accuracy of DC simulations. {"history": "Interactive.356", "point": 27, "testname": "PTAT", "cornername": "CMOS_VDD_Res_Cap_Temp_25"}
[2026-06-03 12:04:21.204 Z] [INFO] [cadence.virtuoso.ade.simulationMonitor] - Total time required for tran analysis `tran': CPU = 7.41968 s, elapsed = 1.69741 s, util. = 437%. {"history": "Interactive.356", "point": 27, "testname": "PTAT", "cornername": "CMOS_VDD_Res_Cap_Temp_25"}
[2026-06-03 12:04:21.205 Z] [INFO] [cadence.virtuoso.ade.simulationMonitor] - Peak resident memory used = 352 Mbytes. {"history": "Interactive.356", "point": 27, "testname": "PTAT", "cornername": "CMOS_VDD_Res_Cap_Temp_25"}
[2026-06-03 12:04:21.205 Z] [INFO] [cadence.virtuoso.ade.simulationMonitor] - Notice from spectre.
    1071 warnings suppressed. {"history": "Interactive.356", "point": 27, "testname": "PTAT", "cornername": "CMOS_VDD_Res_Cap_Temp_25"}
[2026-06-03 12:04:21.205 Z] [WARN] [cadence.virtuoso.ade.simulationMonitor] -     WARNING (CMI-2425): I7.I0.C0<0>_dummy: `Acde' = 2.393 is unusually large. {"history": "Interactive.356", "point": 27, "testname": "PTAT", "cornername": "CMOS_VDD_Res_Cap_Temp_25"}
[2026-06-03 12:04:21.205 Z] [WARN] [cadence.virtuoso.ade.simulationMonitor] -     WARNING (CMI-2425): I7.I0.C0<0>_dummy: `Noff' = 4.732 is unusually large. {"history": "Interactive.356", "point": 27, "testname": "PTAT", "cornername": "CMOS_VDD_Res_Cap_Temp_25"}
[2026-06-03 12:04:21.205 Z] [WARN] [cadence.virtuoso.ade.simulationMonitor] -     WARNING (CMI-2424): I7.I0.C0<0>_dummy: `Voffcv' = -867.4e-03 is unusually small. {"history": "Interactive.356", "point": 27, "testname": "PTAT", "cornername": "CMOS_VDD_Res_Cap_Temp_25"}
[2026-06-03 12:04:21.205 Z] [WARN] [cadence.virtuoso.ade.simulationMonitor] -     WARNING (CMI-2425): I7.I3.C1<0>_dummy: `Acde' = 2.393 is unusually large. {"history": "Interactive.356", "point": 27, "testname": "PTAT", "cornername": "CMOS_VDD_Res_Cap_Temp_25"}
[2026-06-03 12:04:21.206 Z] [WARN] [cadence.virtuoso.ade.simulationMonitor] -     WARNING (CMI-2425): I7.I3.C1<0>_dummy: `Noff' = 4.732 is unusually large. {"history": "Interactive.356", "point": 27, "testname": "PTAT", "cornername": "CMOS_VDD_Res_Cap_Temp_25"}
[2026-06-03 12:04:21.206 Z] [WARN] [cadence.virtuoso.ade.simulationMonitor] -     WARNING (CMI-2424): I7.I3.C1<0>_dummy: `Voffcv' = -867.4e-03 is unusually small. {"history": "Interactive.356", "point": 27, "testname": "PTAT", "cornername": "CMOS_VDD_Res_Cap_Temp_25"}
[2026-06-03 12:04:21.206 Z] [WARN] [cadence.virtuoso.ade.simulationMonitor] -     WARNING (CMI-2425): I7.I4.C1<0>_dummy: `Acde' = 2.393 is unusually large.
        Further occurrences of this warning will be suppressed. {"history": "Interactive.356", "point": 27, "testname": "PTAT", "cornername": "CMOS_VDD_Res_Cap_Temp_25"}
[2026-06-03 12:04:21.206 Z] [WARN] [cadence.virtuoso.ade.simulationMonitor] -     WARNING (CMI-2424): I7.I4.C1<0>_dummy: `Voffcv' = -867.4e-03 is unusually small. {"history": "Interactive.356", "point": 27, "testname": "PTAT", "cornername": "CMOS_VDD_Res_Cap_Temp_25"}
[2026-06-03 12:04:21.206 Z] [INFO] [cadence.virtuoso.ade.simulationMonitor] - Notice from spectre.
    1 warning suppressed. {"history": "Interactive.356", "point": 27, "testname": "PTAT", "cornername": "CMOS_VDD_Res_Cap_Temp_25"}
[2026-06-03 12:04:21.707 Z] [WARN] [cadence.virtuoso.ade.simulationMonitor] -     WARNING (CMI-2425): I7.I0.C0<0>_dummy: `Acde' = 2.393 is unusually large. {"history": "Interactive.356", "point": 27, "testname": "PTAT", "cornername": "CMOS_VDD_Res_Cap_Temp_25"}
[2026-06-03 12:04:21.707 Z] [WARN] [cadence.virtuoso.ade.simulationMonitor] -     WARNING (CMI-2425): I7.I0.C0<0>_dummy: `Noff' = 4.732 is unusually large. {"history": "Interactive.356", "point": 27, "testname": "PTAT", "cornername": "CMOS_VDD_Res_Cap_Temp_25"}
[2026-06-03 12:04:21.707 Z] [WARN] [cadence.virtuoso.ade.simulationMonitor] -     WARNING (CMI-2424): I7.I0.C0<0>_dummy: `Voffcv' = -867.4e-03 is unusually small. {"history": "Interactive.356", "point": 27, "testname": "PTAT", "cornername": "CMOS_VDD_Res_Cap_Temp_25"}
[2026-06-03 12:04:21.708 Z] [WARN] [cadence.virtuoso.ade.simulationMonitor] -     WARNING (CMI-2425): I7.I3.C1<0>_dummy: `Acde' = 2.393 is unusually large. {"history": "Interactive.356", "point": 27, "testname": "PTAT", "cornername": "CMOS_VDD_Res_Cap_Temp_25"}
[2026-06-03 12:04:21.708 Z] [WARN] [cadence.virtuoso.ade.simulationMonitor] -     WARNING (CMI-2425): I7.I3.C1<0>_dummy: `Noff' = 4.732 is unusually large. {"history": "Interactive.356", "point": 27, "testname": "PTAT", "cornername": "CMOS_VDD_Res_Cap_Temp_25"}
[2026-06-03 12:04:21.708 Z] [WARN] [cadence.virtuoso.ade.simulationMonitor] -     WARNING (CMI-2424): I7.I3.C1<0>_dummy: `Voffcv' = -867.4e-03 is unusually small. {"history": "Interactive.356", "point": 27, "testname": "PTAT", "cornername": "CMOS_VDD_Res_Cap_Temp_25"}
[2026-06-03 12:04:21.708 Z] [WARN] [cadence.virtuoso.ade.simulationMonitor] -     WARNING (CMI-2425): I7.I4.C1<0>_dummy: `Acde' = 2.393 is unusually large.
        Further occurrences of this warning will be suppressed. {"history": "Interactive.356", "point": 27, "testname": "PTAT", "cornername": "CMOS_VDD_Res_Cap_Temp_25"}
[2026-06-03 12:04:21.708 Z] [WARN] [cadence.virtuoso.ade.simulationMonitor] -     WARNING (CMI-2424): I7.I4.C1<0>_dummy: `Voffcv' = -867.4e-03 is unusually small. {"history": "Interactive.356", "point": 27, "testname": "PTAT", "cornername": "CMOS_VDD_Res_Cap_Temp_25"}
[2026-06-03 12:04:21.708 Z] [INFO] [cadence.virtuoso.ade.simulationMonitor] - Notice from spectre.
    1 warning suppressed. {"history": "Interactive.356", "point": 27, "testname": "PTAT", "cornername": "CMOS_VDD_Res_Cap_Temp_25"}
[2026-06-03 12:04:21.709 Z] [INFO] [cadence.virtuoso.ade.simulationMonitor] - Time used: CPU = 14.2 s, elapsed = 9.3 s, util. = 153%. {"history": "Interactive.356", "point": 27, "testname": "PTAT", "cornername": "CMOS_VDD_Res_Cap_Temp_25"}
[2026-06-03 12:04:21.709 Z] [INFO] [cadence.virtuoso.ade.simulationMonitor] - Time spent in licensing: elapsed = 219 ms. {"history": "Interactive.356", "point": 27, "testname": "PTAT", "cornername": "CMOS_VDD_Res_Cap_Temp_25"}
[2026-06-03 12:04:21.710 Z] [INFO] [cadence.virtuoso.ade.simulationMonitor] - Peak memory used = 353 Mbytes. {"history": "Interactive.356", "point": 27, "testname": "PTAT", "cornername": "CMOS_VDD_Res_Cap_Temp_25"}
[2026-06-03 12:04:21.711 Z] [PROCESS] [cadence.virtuoso.ade.simulationMonitor] - Simulation started at: 12:04:11 PM, Wed Jun 3, 2026, ended at: 12:04:21 PM, Wed Jun 3, 2026, with elapsed time (wall clock): 9.3 s. {"history": "Interactive.356", "point": 27, "testname": "PTAT", "cornername": "CMOS_VDD_Res_Cap_Temp_25"}
[2026-06-03 12:04:21.711 Z] [PROCESS] [cadence.virtuoso.ade.simulationMonitor] - spectre completes with 0 errors, 76 warnings, and 28 notices. {"history": "Interactive.356", "point": 27, "testname": "PTAT", "cornername": "CMOS_VDD_Res_Cap_Temp_25"}
[2026-06-03 12:04:21.711 Z] [PROCESS] [cadence.virtuoso.ade.simulationMonitor] - Finished simulating for one point {"hostname": "il2244vt26_hrahimi", "processid": 2498769, "history": "Interactive.356", "testname": "PTAT", "cornername": "CMOS_VDD_Res_Cap_Temp_25", "point": 27, "logfile": "/home/hrahimi/projects/POTENTIOSTAT_26/logs_hrahimi/logs0/Job19.log", "simid": "12"}
[2026-06-03 12:04:21.711 Z] [PROCESS] [cadence.virtuoso.ade.simulationMonitor] - Simulator exited {"hostname": "il2244vt26_hrahimi", "processid": 2498769, "history": "Interactive.356", "testname": "PTAT", "cornername": "CMOS_VDD_Res_Cap_Temp_25", "point": 27, "logfile": "/home/hrahimi/projects/POTENTIOSTAT_26/logs_hrahimi/logs0/Job19.log", "exitStatus": "0"}
[2026-06-03 12:04:21.712 Z] [PROCESS] [cadence.virtuoso.ade.simulationMonitor] - Finished Simulation {"hostname": "il2244vt26_hrahimi", "processid": 2498769, "history": "Interactive.356", "testname": "PTAT", "cornername": "CMOS_VDD_Res_Cap_Temp_25", "point": 27, "logfile": "/home/hrahimi/projects/POTENTIOSTAT_26/logs_hrahimi/logs0/Job19.log", "simid": "12"}
[2026-06-03 12:04:26.224 Z] [PROCESS] [cadence.virtuoso.ade.simulationMonitor] - Point Finished {"hostname": "il2244vt26_hrahimi", "processid": 2498769, "history": "Interactive.356", "testname": "PTAT", "cornername": "CMOS_VDD_Res_Cap_Temp_25", "point": 27, "logfile": "/home/hrahimi/projects/POTENTIOSTAT_26/logs_hrahimi/logs0/Job19.log"}
[2026-06-03 12:04:26.231 Z] [PROCESS] [cadence.virtuoso.ade.simulationMonitor] - HostInfo:
Host name (type):	il2244vt26_hrahimi (x86_64)
Operating system:	Linux 5.15.0-164-generic #174-Ubuntu SMP Fri Nov 14 20:25:16 UTC 2025 {"hostname": "il2244vt26_hrahimi", "processid": 2498769, "history": "Interactive.356", "testname": "PTAT", "cornername": "CMOS_VDD_Res_Cap_Temp_25", "point": 27, "logfile": "/home/hrahimi/projects/POTENTIOSTAT_26/logs_hrahimi/logs0/Job19.log", "nodename": "il2244vt26_hrahimi", "domainname": "(none)", "machine": "x86_64", "sysname": "Linux", "release": "5.15.0-164-generic", "version": "#174-Ubuntu SMP Fri Nov 14 20:25:16 UTC 2025"}
[2026-06-03 12:04:26.231 Z] [PROCESS] [cadence.virtuoso.ade.simulationMonitor] - UsageInfo:
pid=2498769
totalPhysicalMemory=3023.749672GB,Used=2715.521976GB,totalVirtualMemory=3031.749668GB,Used=2715.628422GB
Cpu: Cores=48, Load average:43.420000,43.200000,30.640000 {"hostname": "il2244vt26_hrahimi", "processid": 2498769, "history": "Interactive.356", "testname": "PTAT", "cornername": "CMOS_VDD_Res_Cap_Temp_25", "point": 27, "logfile": "/home/hrahimi/projects/POTENTIOSTAT_26/logs_hrahimi/logs0/Job19.log", "pid": "2498769", "totalPhysicalMemory": "3023.749672", "physicalMemoryUsed": "2715.521976", "totalVirtualMemory": "3031.749668", "virtualMemoryUsed": "2715.628422", "cpuCores": "48", "processes": "29747", "loadAverage1": "43.420000", "loadAverage5": "43.200000", "loadAverage15": "30.640000", "loadAverage1Percent": "0.904583"}
[2026-06-03 12:04:26.232 Z] [EVENT] [cadence.virtuoso.ade.simulationMonitor] - NewPoint {"history": "Interactive.356", "point": 39, "testname": "Poten", "cornername": "CMOS_VDD_Res_Cap_Temp_37", "event": "NewPoint", "EventSource": "Simulation Monitor", "HistoryName": "Interactive.356", "logFile": "/home/hrahimi/projects/POTENTIOSTAT_26/logs_hrahimi/logs0/Job19.log", "logFileSize": "477527"}
[2026-06-03 12:04:26.334 Z] [EVENT] [cadence.virtuoso.ade.simulationMonitor] - NewPoint {"history": "Interactive.356", "point": 39, "testname": "Poten", "cornername": "CMOS_VDD_Res_Cap_Temp_37", "event": "NewPoint", "EventSource": "spectre", "HistoryName": "Interactive.356", "logFile": "/home/hrahimi/projects/POTENTIOSTAT_26/Sim/Potentiostat_Top/top/maestro/results/maestro/Interactive.356/39/Poten/psf/spectre.out", "logFileSize": "-1"}
[2026-06-03 12:04:26.345 Z] [PROCESS] [cadence.virtuoso.ade.simulationMonitor] - Simulator launched {"hostname": "il2244vt26_hrahimi", "processid": 2498769, "history": "Interactive.356", "testname": "Poten", "cornername": "CMOS_VDD_Res_Cap_Temp_37", "point": 39, "logfile": "/home/hrahimi/projects/POTENTIOSTAT_26/logs_hrahimi/logs0/Job19.log", "simid": "13"}
[2026-06-03 12:04:26.407 Z] [PROCESS] [cadence.virtuoso.ade.simulationMonitor] - Started Simulation {"hostname": "il2244vt26_hrahimi", "processid": 2498769, "history": "Interactive.356", "testname": "Poten", "cornername": "CMOS_VDD_Res_Cap_Temp_37", "point": 39, "logfile": "/home/hrahimi/projects/POTENTIOSTAT_26/logs_hrahimi/logs0/Job19.log", "event": "started", "task": "simulation"}
[2026-06-03 12:04:27.408 Z] [WARN] [cadence.virtuoso.ade.simulationMonitor] -     WARNING (SPECTRE-691): This CPU processor does not support x86 advanced vector extensions instructions. This may affect math operations and slow down the simulation. {"history": "Interactive.356", "point": 39, "testname": "Poten", "cornername": "CMOS_VDD_Res_Cap_Temp_37"}
[2026-06-03 12:04:27.409 Z] [INFO] [cadence.virtuoso.ade.simulationMonitor] - Notice from spectre during circuit read-in.
    Pre_Configuration file used: /opt/tools/cadence/installs/SPECTRE241/tools.lnx86/spectre/etc/configs/preset.precfg
    Configuration file used: `/opt/tools/cadence/installs/SPECTRE241/tools.lnx86/spectre/etc/configs/preset.cfg'. {"history": "Interactive.356", "point": 39, "testname": "Poten", "cornername": "CMOS_VDD_Res_Cap_Temp_37"}
[2026-06-03 12:04:27.409 Z] [WARN] [cadence.virtuoso.ade.simulationMonitor] -     WARNING (SPECTRE-8360): line 1511: `ac' is an undefined primitive device. {"history": "Interactive.356", "point": 39, "testname": "Poten", "cornername": "CMOS_VDD_Res_Cap_Temp_37"}
[2026-06-03 12:04:27.409 Z] [WARN] [cadence.virtuoso.ade.simulationMonitor] -     WARNING (SPECTRE-8360): line 1512: `ac' is an undefined primitive device. {"history": "Interactive.356", "point": 39, "testname": "Poten", "cornername": "CMOS_VDD_Res_Cap_Temp_37"}
[2026-06-03 12:04:27.409 Z] [WARN] [cadence.virtuoso.ade.simulationMonitor] -     WARNING (SPECTRE-8360): line 1513: `ac' is an undefined primitive device. {"history": "Interactive.356", "point": 39, "testname": "Poten", "cornername": "CMOS_VDD_Res_Cap_Temp_37"}
[2026-06-03 12:04:27.410 Z] [WARN] [cadence.virtuoso.ade.simulationMonitor] -     WARNING (SPECTRE-8360): line 1514: `ac' is an undefined primitive device. {"history": "Interactive.356", "point": 39, "testname": "Poten", "cornername": "CMOS_VDD_Res_Cap_Temp_37"}
[2026-06-03 12:04:27.410 Z] [WARN] [cadence.virtuoso.ade.simulationMonitor] -     WARNING (SPECTRE-8360): line 1515: `ac' is an undefined primitive device.
        Further occurrences of this warning will be suppressed. {"history": "Interactive.356", "point": 39, "testname": "Poten", "cornername": "CMOS_VDD_Res_Cap_Temp_37"}
[2026-06-03 12:04:27.410 Z] [WARN] [cadence.virtuoso.ade.simulationMonitor] -     WARNING (VACOMP-2435): The environment variable CDS_AHDLCMI_ENABLE is no longer supported. Therefore, the simulator will use the default compiled C code flow. {"history": "Interactive.356", "point": 39, "testname": "Poten", "cornername": "CMOS_VDD_Res_Cap_Temp_37"}
[2026-06-03 12:04:27.410 Z] [INFO] [cadence.virtuoso.ade.simulationMonitor] - Peak resident memory used = 194 Mbytes. {"history": "Interactive.356", "point": 39, "testname": "Poten", "cornername": "CMOS_VDD_Res_Cap_Temp_37"}
[2026-06-03 12:04:27.910 Z] [WARN] [cadence.virtuoso.ade.simulationMonitor] -     WARNING (SFE-2649): Terminals of top-level instance `R50', in file`netlist', at line 1168, are connected. Remove the instance and rerun the simulation. {"history": "Interactive.356", "point": 39, "testname": "Poten", "cornername": "CMOS_VDD_Res_Cap_Temp_37"}
[2026-06-03 12:04:27.911 Z] [WARN] [cadence.virtuoso.ade.simulationMonitor] -     WARNING (SFE-2649): Terminals of top-level instance `R48', in file`netlist', at line 1211, are connected. Remove the instance and rerun the simulation. {"history": "Interactive.356", "point": 39, "testname": "Poten", "cornername": "CMOS_VDD_Res_Cap_Temp_37"}
[2026-06-03 12:04:28.411 Z] [WARN] [cadence.virtuoso.ade.simulationMonitor] -     WARNING (SFE-3027): The dangling resistor I2.rb144 is removed. {"history": "Interactive.356", "point": 39, "testname": "Poten", "cornername": "CMOS_VDD_Res_Cap_Temp_37"}
[2026-06-03 12:04:28.413 Z] [WARN] [cadence.virtuoso.ade.simulationMonitor] -     WARNING (SFE-3027): The dangling resistor I2.rb241 is removed. {"history": "Interactive.356", "point": 39, "testname": "Poten", "cornername": "CMOS_VDD_Res_Cap_Temp_37"}
[2026-06-03 12:04:28.413 Z] [WARN] [cadence.virtuoso.ade.simulationMonitor] -     WARNING (SFE-3027): The dangling resistor I2.rb613 is removed. {"history": "Interactive.356", "point": 39, "testname": "Poten", "cornername": "CMOS_VDD_Res_Cap_Temp_37"}
[2026-06-03 12:04:28.413 Z] [WARN] [cadence.virtuoso.ade.simulationMonitor] -     WARNING (SFE-3027): The dangling resistor I2.rd794 is removed. {"history": "Interactive.356", "point": 39, "testname": "Poten", "cornername": "CMOS_VDD_Res_Cap_Temp_37"}
[2026-06-03 12:04:28.414 Z] [WARN] [cadence.virtuoso.ade.simulationMonitor] -     WARNING (SFE-3012): The dummy device I0.I16.DLIB9 is removed. {"history": "Interactive.356", "point": 39, "testname": "Poten", "cornername": "CMOS_VDD_Res_Cap_Temp_37"}
[2026-06-03 12:04:28.415 Z] [WARN] [cadence.virtuoso.ade.simulationMonitor] -     WARNING (SFE-3012): The dummy device I0.I15.DLIB9 is removed. {"history": "Interactive.356", "point": 39, "testname": "Poten", "cornername": "CMOS_VDD_Res_Cap_Temp_37"}
[2026-06-03 12:04:28.415 Z] [WARN] [cadence.virtuoso.ade.simulationMonitor] -     WARNING (SFE-3012): The dummy device I0.I0.DLIB6 is removed. {"history": "Interactive.356", "point": 39, "testname": "Poten", "cornername": "CMOS_VDD_Res_Cap_Temp_37"}
[2026-06-03 12:04:28.415 Z] [WARN] [cadence.virtuoso.ade.simulationMonitor] -     WARNING (SFE-3012): The dummy device I7.I2.MP12<0>_turbo_m34 is removed. {"history": "Interactive.356", "point": 39, "testname": "Poten", "cornername": "CMOS_VDD_Res_Cap_Temp_37"}
[2026-06-03 12:04:28.416 Z] [WARN] [cadence.virtuoso.ade.simulationMonitor] -     WARNING (SFE-3012): The dummy device I0.I16.DLIB10 is removed.
        Further occurrences of this warning will be suppressed. {"history": "Interactive.356", "point": 39, "testname": "Poten", "cornername": "CMOS_VDD_Res_Cap_Temp_37"}
[2026-06-03 12:04:28.416 Z] [WARN] [cadence.virtuoso.ade.simulationMonitor] -     WARNING (SFE-3029): The dummy capacitor I7.I0.R3.CS1 is removed. {"history": "Interactive.356", "point": 39, "testname": "Poten", "cornername": "CMOS_VDD_Res_Cap_Temp_37"}
[2026-06-03 12:04:28.417 Z] [WARN] [cadence.virtuoso.ade.simulationMonitor] -     WARNING (SFE-3027): The dangling resistor I2.re2693 is removed.
        Further occurrences of this warning will be suppressed. {"history": "Interactive.356", "point": 39, "testname": "Poten", "cornername": "CMOS_VDD_Res_Cap_Temp_37"}
[2026-06-03 12:04:28.417 Z] [WARN] [cadence.virtuoso.ade.simulationMonitor] -     WARNING (SFE-3029): The dummy capacitor I7.I13_turbo_m5.C0.C1 is removed. {"history": "Interactive.356", "point": 39, "testname": "Poten", "cornername": "CMOS_VDD_Res_Cap_Temp_37"}
[2026-06-03 12:04:28.419 Z] [WARN] [cadence.virtuoso.ade.simulationMonitor] -     WARNING (SFE-3029): The dummy capacitor I7.I10_turbo_m4.C0.C1 is removed. {"history": "Interactive.356", "point": 39, "testname": "Poten", "cornername": "CMOS_VDD_Res_Cap_Temp_37"}
[2026-06-03 12:04:28.419 Z] [WARN] [cadence.virtuoso.ade.simulationMonitor] -     WARNING (SFE-3029): The dummy capacitor I7.I1.R2.CS1 is removed. {"history": "Interactive.356", "point": 39, "testname": "Poten", "cornername": "CMOS_VDD_Res_Cap_Temp_37"}
[2026-06-03 12:04:28.420 Z] [WARN] [cadence.virtuoso.ade.simulationMonitor] -     WARNING (SFE-3028): The floating resistor R8 is removed. {"history": "Interactive.356", "point": 39, "testname": "Poten", "cornername": "CMOS_VDD_Res_Cap_Temp_37"}
[2026-06-03 12:04:28.420 Z] [WARN] [cadence.virtuoso.ade.simulationMonitor] -     WARNING (SFE-3029): The dummy capacitor I7.I4.R31.CS1 is removed.
        Further occurrences of this warning will be suppressed. {"history": "Interactive.356", "point": 39, "testname": "Poten", "cornername": "CMOS_VDD_Res_Cap_Temp_37"}
[2026-06-03 12:04:28.420 Z] [WARN] [cadence.virtuoso.ade.simulationMonitor] -     WARNING (SFE-3015): The dangling node I2.210\:GNDA is removed. {"history": "Interactive.356", "point": 39, "testname": "Poten", "cornername": "CMOS_VDD_Res_Cap_Temp_37"}
[2026-06-03 12:04:28.421 Z] [WARN] [cadence.virtuoso.ade.simulationMonitor] -     WARNING (SFE-3015): The dangling node I2.222\:POT_OUT is removed. {"history": "Interactive.356", "point": 39, "testname": "Poten", "cornername": "CMOS_VDD_Res_Cap_Temp_37"}
[2026-06-03 12:04:28.421 Z] [WARN] [cadence.virtuoso.ade.simulationMonitor] -     WARNING (SFE-3015): The dangling node I2.13\:I25|I35|SN is removed. {"history": "Interactive.356", "point": 39, "testname": "Poten", "cornername": "CMOS_VDD_Res_Cap_Temp_37"}
[2026-06-03 12:04:28.421 Z] [WARN] [cadence.virtuoso.ade.simulationMonitor] -     WARNING (SFE-3015): The dangling node I2.29\:Calib_EN is removed. {"history": "Interactive.356", "point": 39, "testname": "Poten", "cornername": "CMOS_VDD_Res_Cap_Temp_37"}
[2026-06-03 12:04:28.422 Z] [WARN] [cadence.virtuoso.ade.simulationMonitor] -     WARNING (SFE-3015): The dangling node I2.693\:VPI is removed.
        Further occurrences of this warning will be suppressed. {"history": "Interactive.356", "point": 39, "testname": "Poten", "cornername": "CMOS_VDD_Res_Cap_Temp_37"}
[2026-06-03 12:04:28.422 Z] [WARN] [cadence.virtuoso.ade.simulationMonitor] -     WARNING (SFE-3016): The floating node net74 is removed. {"history": "Interactive.356", "point": 39, "testname": "Poten", "cornername": "CMOS_VDD_Res_Cap_Temp_37"}
[2026-06-03 12:04:28.422 Z] [WARN] [cadence.virtuoso.ade.simulationMonitor] -     WARNING (SFE-3016): The floating node net73 is removed. {"history": "Interactive.356", "point": 39, "testname": "Poten", "cornername": "CMOS_VDD_Res_Cap_Temp_37"}
[2026-06-03 12:04:28.422 Z] [INFO] [cadence.virtuoso.ade.simulationMonitor] - Notice from spectre during hierarchy flattening.
    Spectre X Parasitic Optimization enabled.
    Parasitic optimization will filter out parasitic nodes, nodes only connected to RCs, by default. To view individual parasitic nodes use individual save statements (i.e. save out), or use the 'savefilter=none' option to save all parasitic nodes. Saving all parasitic nodes may slow down simulation and create large waveform files. {"history": "Interactive.356", "point": 39, "testname": "Poten", "cornername": "CMOS_VDD_Res_Cap_Temp_37"}
[2026-06-03 12:04:28.423 Z] [INFO] [cadence.virtuoso.ade.simulationMonitor] - Peak resident memory used = 224 Mbytes. {"history": "Interactive.356", "point": 39, "testname": "Poten", "cornername": "CMOS_VDD_Res_Cap_Temp_37"}
[2026-06-03 12:04:28.423 Z] [INFO] [cadence.virtuoso.ade.simulationMonitor] - Notice from spectre during hierarchy flattening.
    The value 'psf' specified for the 'checklimitdest' option will no longer be supported in future releases. Use 'spectre -h' to see other recommended values for the 'checklimitdest' option.
    I0.I46.RLIB_GC1.CS0 of rpoly1c: `c' has the unusually small value of 634.694e-21 F.
    I0.I46.RLIB_GC1.CS1 of rpoly1c: `c' has the unusually small value of 634.694e-21 F.
    I0.I45.RLIB_GC1.CS0 of rpoly1c: `c' has the unusually small value of 634.694e-21 F.
    I0... {"history": "Interactive.356", "point": 39, "testname": "Poten", "cornername": "CMOS_VDD_Res_Cap_Temp_37"}
[2026-06-03 12:04:28.923 Z] [INFO] [cadence.virtuoso.ade.simulationMonitor] - Notice from spectre during hierarchy flattening.
    V8: `period' has the unusually large value of 100 s.
    V7: `period' has the unusually large value of 10 s.
    V3: `period' has the unusually large value of 6 s.
    I26: `period' has the unusually large value of 6 s. {"history": "Interactive.356", "point": 39, "testname": "Poten", "cornername": "CMOS_VDD_Res_Cap_Temp_37"}
[2026-06-03 12:04:28.924 Z] [INFO] [cadence.virtuoso.ade.simulationMonitor] - Peak resident memory used = 235 Mbytes. {"history": "Interactive.356", "point": 39, "testname": "Poten", "cornername": "CMOS_VDD_Res_Cap_Temp_37"}
[2026-06-03 12:04:28.924 Z] [WARN] [cadence.virtuoso.ade.simulationMonitor] -     WARNING (CMI-2425): I2.I56|C3: `Acde' = 2.393 is unusually large. {"history": "Interactive.356", "point": 39, "testname": "Poten", "cornername": "CMOS_VDD_Res_Cap_Temp_37"}
[2026-06-03 12:04:28.925 Z] [WARN] [cadence.virtuoso.ade.simulationMonitor] -     WARNING (CMI-2425): I2.I56|C3: `Noff' = 4.732 is unusually large. {"history": "Interactive.356", "point": 39, "testname": "Poten", "cornername": "CMOS_VDD_Res_Cap_Temp_37"}
[2026-06-03 12:04:28.925 Z] [WARN] [cadence.virtuoso.ade.simulationMonitor] -     WARNING (CMI-2424): I2.I56|C3: `Voffcv' = -867.4e-03 is unusually small. {"history": "Interactive.356", "point": 39, "testname": "Poten", "cornername": "CMOS_VDD_Res_Cap_Temp_37"}
[2026-06-03 12:04:28.925 Z] [WARN] [cadence.virtuoso.ade.simulationMonitor] -     WARNING (CMI-2425): I2.I56|C4: `Acde' = 2.393 is unusually large. {"history": "Interactive.356", "point": 39, "testname": "Poten", "cornername": "CMOS_VDD_Res_Cap_Temp_37"}
[2026-06-03 12:04:28.925 Z] [WARN] [cadence.virtuoso.ade.simulationMonitor] -     WARNING (CMI-2425): I2.I56|C4: `Noff' = 4.732 is unusually large. {"history": "Interactive.356", "point": 39, "testname": "Poten", "cornername": "CMOS_VDD_Res_Cap_Temp_37"}
[2026-06-03 12:04:28.926 Z] [WARN] [cadence.virtuoso.ade.simulationMonitor] -     WARNING (CMI-2424): I2.I56|C4: `Voffcv' = -867.4e-03 is unusually small. {"history": "Interactive.356", "point": 39, "testname": "Poten", "cornername": "CMOS_VDD_Res_Cap_Temp_37"}
[2026-06-03 12:04:28.926 Z] [WARN] [cadence.virtuoso.ade.simulationMonitor] -     WARNING (CMI-2425): I2.I56|C5: `Acde' = 2.393 is unusually large.
        Further occurrences of this warning will be suppressed. {"history": "Interactive.356", "point": 39, "testname": "Poten", "cornername": "CMOS_VDD_Res_Cap_Temp_37"}
[2026-06-03 12:04:28.926 Z] [WARN] [cadence.virtuoso.ade.simulationMonitor] -     WARNING (CMI-2424): I2.I56|C5: `Voffcv' = -867.4e-03 is unusually small. {"history": "Interactive.356", "point": 39, "testname": "Poten", "cornername": "CMOS_VDD_Res_Cap_Temp_37"}
[2026-06-03 12:04:28.927 Z] [WARN] [cadence.virtuoso.ade.simulationMonitor] -     WARNING (CMI-2424): I7.I4.C1<0>_turbo_m11: `Voffcv' = -867.4e-03 is unusually small. {"history": "Interactive.356", "point": 39, "testname": "Poten", "cornername": "CMOS_VDD_Res_Cap_Temp_37"}
[2026-06-03 12:04:28.927 Z] [WARN] [cadence.virtuoso.ade.simulationMonitor] -     WARNING (CMI-2424): I7.I3.C1<0>_turbo_m6: `Voffcv' = -867.4e-03 is unusually small.
        Further occurrences of this warning will be suppressed. {"history": "Interactive.356", "point": 39, "testname": "Poten", "cornername": "CMOS_VDD_Res_Cap_Temp_37"}
[2026-06-03 12:04:29.928 Z] [WARN] [cadence.virtuoso.ade.simulationMonitor] -     WARNING (SPECTRE-16460): SOAC_esdgcp5_vcpsub:Specified subcircuit master `esdgcp5' was not found. {"history": "Interactive.356", "point": 39, "testname": "Poten", "cornername": "CMOS_VDD_Res_Cap_Temp_37"}
[2026-06-03 12:04:29.928 Z] [WARN] [cadence.virtuoso.ade.simulationMonitor] -     WARNING (SPECTRE-16462): SOAC_esdgcp5_vcpsub:Error in specification of subcircuit master. Assert is ignored. {"history": "Interactive.356", "point": 39, "testname": "Poten", "cornername": "CMOS_VDD_Res_Cap_Temp_37"}
[2026-06-03 12:04:29.928 Z] [WARN] [cadence.virtuoso.ade.simulationMonitor] -     WARNING (SPECTRE-16460): SOAC_esdgcp5_vac:Specified subcircuit master `esdgcp5' was not found. {"history": "Interactive.356", "point": 39, "testname": "Poten", "cornername": "CMOS_VDD_Res_Cap_Temp_37"}
[2026-06-03 12:04:29.929 Z] [WARN] [cadence.virtuoso.ade.simulationMonitor] -     WARNING (SPECTRE-16462): SOAC_esdgcp5_vac:Error in specification of subcircuit master. Assert is ignored. {"history": "Interactive.356", "point": 39, "testname": "Poten", "cornername": "CMOS_VDD_Res_Cap_Temp_37"}
[2026-06-03 12:04:29.929 Z] [WARN] [cadence.virtuoso.ade.simulationMonitor] -     WARNING (SPECTRE-16460): SOAC_esdgcn5_vac:Specified subcircuit master `esdgcn5' was not found. {"history": "Interactive.356", "point": 39, "testname": "Poten", "cornername": "CMOS_VDD_Res_Cap_Temp_37"}
[2026-06-03 12:04:29.929 Z] [WARN] [cadence.virtuoso.ade.simulationMonitor] -     WARNING (SPECTRE-16462): SOAC_esdgcn5_vac:Error in specification of subcircuit master. Assert is ignored. {"history": "Interactive.356", "point": 39, "testname": "Poten", "cornername": "CMOS_VDD_Res_Cap_Temp_37"}
[2026-06-03 12:04:29.929 Z] [WARN] [cadence.virtuoso.ade.simulationMonitor] -     WARNING (SPECTRE-16460): SOAC_esdfdp5_vcpsub:Specified subcircuit master `esdfdp5' was not found. {"history": "Interactive.356", "point": 39, "testname": "Poten", "cornername": "CMOS_VDD_Res_Cap_Temp_37"}
[2026-06-03 12:04:29.929 Z] [WARN] [cadence.virtuoso.ade.simulationMonitor] -     WARNING (SPECTRE-16462): SOAC_esdfdp5_vcpsub:Error in specification of subcircuit master. Assert is ignored. {"history": "Interactive.356", "point": 39, "testname": "Poten", "cornername": "CMOS_VDD_Res_Cap_Temp_37"}
[2026-06-03 12:04:29.930 Z] [WARN] [cadence.virtuoso.ade.simulationMonitor] -     WARNING (SPECTRE-16460): SOAC_esdfdp5_vac:Specified subcircuit master `esdfdp5' was not found.
        Further occurrences of this warning will be suppressed. {"history": "Interactive.356", "point": 39, "testname": "Poten", "cornername": "CMOS_VDD_Res_Cap_Temp_37"}
[2026-06-03 12:04:29.930 Z] [WARN] [cadence.virtuoso.ade.simulationMonitor] -     WARNING (SPECTRE-16462): SOAC_esdfdp5_vac:Error in specification of subcircuit master. Assert is ignored.
        Further occurrences of this warning will be suppressed. {"history": "Interactive.356", "point": 39, "testname": "Poten", "cornername": "CMOS_VDD_Res_Cap_Temp_37"}
[2026-06-03 12:04:29.930 Z] [WARN] [cadence.virtuoso.ade.simulationMonitor] -     WARNING (SPECTRE-17607): Assert `SOAC_vert10_vsubpsub' is ignored because it contains an expression which is invalid or not supported by native evaluator.  {"history": "Interactive.356", "point": 39, "testname": "Poten", "cornername": "CMOS_VDD_Res_Cap_Temp_37"}
[2026-06-03 12:04:29.930 Z] [WARN] [cadence.virtuoso.ade.simulationMonitor] -     WARNING (SPECTRE-17607): Assert `SOAC_vert10_vcsub' is ignored because it contains an expression which is invalid or not supported by native evaluator.  {"history": "Interactive.356", "point": 39, "testname": "Poten", "cornername": "CMOS_VDD_Res_Cap_Temp_37"}
[2026-06-03 12:04:30.431 Z] [INFO] [cadence.virtuoso.ade.simulationMonitor] - Notice from spectre during topology check.
    Only one connection to the following 1898 nodes:
        I0.I46.RLIB_GC1.R1.psub!
        I0.I46.RLIB_GC1.R2.psub!
        I0.I46.MNLIB_DR1.M_esdnmos4.psub!
        I0.I46.DLIB2.psub!
        I0.I46.DLIB1.psub!
        Further occurrences of this notice will be suppressed. {"history": "Interactive.356", "point": 39, "testname": "Poten", "cornername": "CMOS_VDD_Res_Cap_Temp_37"}
[2026-06-03 12:04:32.935 Z] [INFO] [cadence.virtuoso.ade.simulationMonitor] -               nodes 15748 {"history": "Interactive.356", "point": 39, "testname": "Poten", "cornername": "CMOS_VDD_Res_Cap_Temp_37"}
[2026-06-03 12:04:32.935 Z] [INFO] [cadence.virtuoso.ade.simulationMonitor] - Notice from spectre during initial setup.
    7 resistors are shorted because their absolute value is less than or equal to 'rabsshort'.
    3 vsources are shorted because their absolute value is less than or equal to 'vabsshort'.
    4 resistors are changed to resistance form because their value are less than 'rthresh'.
    Spectre X preset=cx enabled.
    44 notices suppressed.
    138 warnings suppressed. {"history": "Interactive.356", "point": 39, "testname": "Poten", "cornername": "CMOS_VDD_Res_Cap_Temp_37"}
[2026-06-03 12:04:33.437 Z] [INFO] [cadence.virtuoso.ade.simulationMonitor] - Notice from spectre.
    Multithreading enabled: 8 threads in the system with 48 available processors. {"history": "Interactive.356", "point": 39, "testname": "Poten", "cornername": "CMOS_VDD_Res_Cap_Temp_37"}
[2026-06-03 12:04:33.437 Z] [INFO] [cadence.virtuoso.ade.simulationMonitor] - Peak resident memory used = 295 Mbytes. {"history": "Interactive.356", "point": 39, "testname": "Poten", "cornername": "CMOS_VDD_Res_Cap_Temp_37"}
[2026-06-03 12:04:33.437 Z] [INFO] [cadence.virtuoso.ade.simulationMonitor] -    -   (Spectre X) Multi-threading. The recommended number of threads is [4, 8], consider adding +mt=4 or +mt=8 on command line. {"history": "Interactive.356", "point": 39, "testname": "Poten", "cornername": "CMOS_VDD_Res_Cap_Temp_37"}
[2026-06-03 12:04:33.437 Z] [INFO] [cadence.virtuoso.ade.simulationMonitor] - Notice from spectre during DC analysis `dcOp'.
    No checklimit analysis defined for asserts. A default checklimit analysis 'SpectreChecklimitAnal' has been created with all asserts enabled. {"history": "Interactive.356", "point": 39, "testname": "Poten", "cornername": "CMOS_VDD_Res_Cap_Temp_37"}
[2026-06-03 12:04:33.938 Z] [INFO] [cadence.virtuoso.ade.simulationMonitor] - Notice from spectre during DC analysis `dcOp'.
    Bad pivoting is found during DC analysis. Option dc_pivot_check=yes is recommended for possible improvement of convergence. {"history": "Interactive.356", "point": 39, "testname": "Poten", "cornername": "CMOS_VDD_Res_Cap_Temp_37"}
[2026-06-03 12:04:33.938 Z] [WARN] [cadence.virtuoso.ade.simulationMonitor] -     WARNING (CMI-2943): Parameter checks have been ignored because the valid value for parameter 'trise' could not be found in 'C0'. {"history": "Interactive.356", "point": 39, "testname": "Poten", "cornername": "CMOS_VDD_Res_Cap_Temp_37"}
[2026-06-03 12:04:33.939 Z] [WARN] [cadence.virtuoso.ade.simulationMonitor] -     WARNING (CMI-2943): Parameter checks have been ignored because the valid value for parameter 'trise' could not be found in 'C1'. {"history": "Interactive.356", "point": 39, "testname": "Poten", "cornername": "CMOS_VDD_Res_Cap_Temp_37"}
[2026-06-03 12:04:33.939 Z] [WARN] [cadence.virtuoso.ade.simulationMonitor] -     WARNING (CMI-2943): Parameter checks have been ignored because the valid value for parameter 'trise' could not be found in 'C11'. {"history": "Interactive.356", "point": 39, "testname": "Poten", "cornername": "CMOS_VDD_Res_Cap_Temp_37"}
[2026-06-03 12:04:33.939 Z] [WARN] [cadence.virtuoso.ade.simulationMonitor] -     WARNING (CMI-2943): Parameter checks have been ignored because the valid value for parameter 'trise' could not be found in 'C12'. {"history": "Interactive.356", "point": 39, "testname": "Poten", "cornername": "CMOS_VDD_Res_Cap_Temp_37"}
[2026-06-03 12:04:33.939 Z] [WARN] [cadence.virtuoso.ade.simulationMonitor] -     WARNING (CMI-2943): Parameter checks have been ignored because the valid value for parameter 'trise' could not be found in 'C5'.
        Further occurrences of this warning will be suppressed. {"history": "Interactive.356", "point": 39, "testname": "Poten", "cornername": "CMOS_VDD_Res_Cap_Temp_37"}
[2026-06-03 12:04:34.440 Z] [INFO] [cadence.virtuoso.ade.simulationMonitor] - Total time required for dc analysis `dcOp': CPU = 4.07599 s, elapsed = 1.00676 s, util. = 405%. {"history": "Interactive.356", "point": 39, "testname": "Poten", "cornername": "CMOS_VDD_Res_Cap_Temp_37"}
[2026-06-03 12:04:34.440 Z] [INFO] [cadence.virtuoso.ade.simulationMonitor] - Peak resident memory used = 321 Mbytes. {"history": "Interactive.356", "point": 39, "testname": "Poten", "cornername": "CMOS_VDD_Res_Cap_Temp_37"}
[2026-06-03 12:04:34.441 Z] [INFO] [cadence.virtuoso.ade.simulationMonitor] - Notice from spectre.
    1071 warnings suppressed. {"history": "Interactive.356", "point": 39, "testname": "Poten", "cornername": "CMOS_VDD_Res_Cap_Temp_37"}
[2026-06-03 12:04:34.441 Z] [WARN] [cadence.virtuoso.ade.simulationMonitor] -     WARNING (CMI-2425): I7.I0.C0<0>_dummy: `Acde' = 2.393 is unusually large. {"history": "Interactive.356", "point": 39, "testname": "Poten", "cornername": "CMOS_VDD_Res_Cap_Temp_37"}
[2026-06-03 12:04:34.441 Z] [WARN] [cadence.virtuoso.ade.simulationMonitor] -     WARNING (CMI-2425): I7.I0.C0<0>_dummy: `Noff' = 4.732 is unusually large. {"history": "Interactive.356", "point": 39, "testname": "Poten", "cornername": "CMOS_VDD_Res_Cap_Temp_37"}
[2026-06-03 12:04:34.441 Z] [WARN] [cadence.virtuoso.ade.simulationMonitor] -     WARNING (CMI-2424): I7.I0.C0<0>_dummy: `Voffcv' = -867.4e-03 is unusually small. {"history": "Interactive.356", "point": 39, "testname": "Poten", "cornername": "CMOS_VDD_Res_Cap_Temp_37"}
[2026-06-03 12:04:34.442 Z] [WARN] [cadence.virtuoso.ade.simulationMonitor] -     WARNING (CMI-2425): I7.I3.C1<0>_dummy: `Acde' = 2.393 is unusually large. {"history": "Interactive.356", "point": 39, "testname": "Poten", "cornername": "CMOS_VDD_Res_Cap_Temp_37"}
[2026-06-03 12:04:34.442 Z] [WARN] [cadence.virtuoso.ade.simulationMonitor] -     WARNING (CMI-2425): I7.I3.C1<0>_dummy: `Noff' = 4.732 is unusually large. {"history": "Interactive.356", "point": 39, "testname": "Poten", "cornername": "CMOS_VDD_Res_Cap_Temp_37"}
[2026-06-03 12:04:34.442 Z] [WARN] [cadence.virtuoso.ade.simulationMonitor] -     WARNING (CMI-2424): I7.I3.C1<0>_dummy: `Voffcv' = -867.4e-03 is unusually small. {"history": "Interactive.356", "point": 39, "testname": "Poten", "cornername": "CMOS_VDD_Res_Cap_Temp_37"}
[2026-06-03 12:04:34.442 Z] [WARN] [cadence.virtuoso.ade.simulationMonitor] -     WARNING (CMI-2425): I7.I4.C1<0>_dummy: `Acde' = 2.393 is unusually large.
        Further occurrences of this warning will be suppressed. {"history": "Interactive.356", "point": 39, "testname": "Poten", "cornername": "CMOS_VDD_Res_Cap_Temp_37"}
[2026-06-03 12:04:34.443 Z] [WARN] [cadence.virtuoso.ade.simulationMonitor] -     WARNING (CMI-2424): I7.I4.C1<0>_dummy: `Voffcv' = -867.4e-03 is unusually small. {"history": "Interactive.356", "point": 39, "testname": "Poten", "cornername": "CMOS_VDD_Res_Cap_Temp_37"}
[2026-06-03 12:04:34.443 Z] [INFO] [cadence.virtuoso.ade.simulationMonitor] - Notice from spectre.
    1 warning suppressed. {"history": "Interactive.356", "point": 39, "testname": "Poten", "cornername": "CMOS_VDD_Res_Cap_Temp_37"}
[2026-06-03 12:04:34.944 Z] [INFO] [cadence.virtuoso.ade.simulationMonitor] - Notice from spectre during IC analysis, during transient analysis `tran'.
    Bad pivoting is found during DC analysis. Option dc_pivot_check=yes is recommended for possible improvement of convergence. {"history": "Interactive.356", "point": 39, "testname": "Poten", "cornername": "CMOS_VDD_Res_Cap_Temp_37"}
[2026-06-03 12:04:34.944 Z] [WARN] [cadence.virtuoso.ade.simulationMonitor] -     WARNING (CMI-2943): Parameter checks have been ignored because the valid value for parameter 'trise' could not be found in 'C0'. {"history": "Interactive.356", "point": 39, "testname": "Poten", "cornername": "CMOS_VDD_Res_Cap_Temp_37"}
[2026-06-03 12:04:34.944 Z] [WARN] [cadence.virtuoso.ade.simulationMonitor] -     WARNING (CMI-2943): Parameter checks have been ignored because the valid value for parameter 'trise' could not be found in 'C1'. {"history": "Interactive.356", "point": 39, "testname": "Poten", "cornername": "CMOS_VDD_Res_Cap_Temp_37"}
[2026-06-03 12:04:34.945 Z] [WARN] [cadence.virtuoso.ade.simulationMonitor] -     WARNING (CMI-2943): Parameter checks have been ignored because the valid value for parameter 'trise' could not be found in 'C11'. {"history": "Interactive.356", "point": 39, "testname": "Poten", "cornername": "CMOS_VDD_Res_Cap_Temp_37"}
[2026-06-03 12:04:34.945 Z] [WARN] [cadence.virtuoso.ade.simulationMonitor] -     WARNING (CMI-2943): Parameter checks have been ignored because the valid value for parameter 'trise' could not be found in 'C12'. {"history": "Interactive.356", "point": 39, "testname": "Poten", "cornername": "CMOS_VDD_Res_Cap_Temp_37"}
[2026-06-03 12:04:34.945 Z] [WARN] [cadence.virtuoso.ade.simulationMonitor] -     WARNING (CMI-2943): Parameter checks have been ignored because the valid value for parameter 'trise' could not be found in 'C5'.
        Further occurrences of this warning will be suppressed. {"history": "Interactive.356", "point": 39, "testname": "Poten", "cornername": "CMOS_VDD_Res_Cap_Temp_37"}
[2026-06-03 12:04:39.951 Z] [WARN] [cadence.virtuoso.ade.simulationMonitor] -     WARNING (CMI-2425): I7.I0.C0<0>_dummy: `Acde' = 2.393 is unusually large. {"history": "Interactive.356", "point": 39, "testname": "Poten", "cornername": "CMOS_VDD_Res_Cap_Temp_37"}
[2026-06-03 12:04:39.952 Z] [WARN] [cadence.virtuoso.ade.simulationMonitor] -     WARNING (CMI-2425): I7.I0.C0<0>_dummy: `Noff' = 4.732 is unusually large. {"history": "Interactive.356", "point": 39, "testname": "Poten", "cornername": "CMOS_VDD_Res_Cap_Temp_37"}
[2026-06-03 12:04:39.952 Z] [WARN] [cadence.virtuoso.ade.simulationMonitor] -     WARNING (CMI-2424): I7.I0.C0<0>_dummy: `Voffcv' = -867.4e-03 is unusually small. {"history": "Interactive.356", "point": 39, "testname": "Poten", "cornername": "CMOS_VDD_Res_Cap_Temp_37"}
[2026-06-03 12:04:39.952 Z] [WARN] [cadence.virtuoso.ade.simulationMonitor] -     WARNING (CMI-2425): I7.I3.C1<0>_dummy: `Acde' = 2.393 is unusually large. {"history": "Interactive.356", "point": 39, "testname": "Poten", "cornername": "CMOS_VDD_Res_Cap_Temp_37"}
[2026-06-03 12:04:39.952 Z] [WARN] [cadence.virtuoso.ade.simulationMonitor] -     WARNING (CMI-2425): I7.I3.C1<0>_dummy: `Noff' = 4.732 is unusually large. {"history": "Interactive.356", "point": 39, "testname": "Poten", "cornername": "CMOS_VDD_Res_Cap_Temp_37"}
[2026-06-03 12:04:39.952 Z] [WARN] [cadence.virtuoso.ade.simulationMonitor] -     WARNING (CMI-2424): I7.I3.C1<0>_dummy: `Voffcv' = -867.4e-03 is unusually small. {"history": "Interactive.356", "point": 39, "testname": "Poten", "cornername": "CMOS_VDD_Res_Cap_Temp_37"}
[2026-06-03 12:04:39.953 Z] [WARN] [cadence.virtuoso.ade.simulationMonitor] -     WARNING (CMI-2425): I7.I4.C1<0>_dummy: `Acde' = 2.393 is unusually large.
        Further occurrences of this warning will be suppressed. {"history": "Interactive.356", "point": 39, "testname": "Poten", "cornername": "CMOS_VDD_Res_Cap_Temp_37"}
[2026-06-03 12:04:39.953 Z] [WARN] [cadence.virtuoso.ade.simulationMonitor] -     WARNING (CMI-2424): I7.I4.C1<0>_dummy: `Voffcv' = -867.4e-03 is unusually small. {"history": "Interactive.356", "point": 39, "testname": "Poten", "cornername": "CMOS_VDD_Res_Cap_Temp_37"}
[2026-06-03 12:04:39.953 Z] [INFO] [cadence.virtuoso.ade.simulationMonitor] - Notice from spectre at time = 250 ms during transient analysis `tran'.
    1072 warnings suppressed. {"history": "Interactive.356", "point": 39, "testname": "Poten", "cornername": "CMOS_VDD_Res_Cap_Temp_37"}
[2026-06-03 12:04:58.461 Z] [INFO] [cadence.virtuoso.ade.simulationMonitor] - Notice from spectre at time = 600 ms during XF analysis `tran-000_xf', during transient analysis `tran'.
    Operating points will not be recomputed: the circuit and conditions were not changed since previous analysis. {"history": "Interactive.356", "point": 39, "testname": "Poten", "cornername": "CMOS_VDD_Res_Cap_Temp_37"}
[2026-06-03 12:05:14.468 Z] [INFO] [cadence.virtuoso.ade.simulationMonitor] - Total time required for xf analysis `tran-000_xf': CPU = 58.1112 s, elapsed = 16.1064 s, util. = 361%. {"history": "Interactive.356", "point": 39, "testname": "Poten", "cornername": "CMOS_VDD_Res_Cap_Temp_37"}
[2026-06-03 12:05:14.468 Z] [INFO] [cadence.virtuoso.ade.simulationMonitor] - Peak resident memory used = 431 Mbytes. {"history": "Interactive.356", "point": 39, "testname": "Poten", "cornername": "CMOS_VDD_Res_Cap_Temp_37"}
[2026-06-03 12:05:14.469 Z] [INFO] [cadence.virtuoso.ade.simulationMonitor] - Total time required for tran analysis `tran': CPU = 164.645 s (2m  44.6s), elapsed = 40.439 s, util. = 407%. {"history": "Interactive.356", "point": 39, "testname": "Poten", "cornername": "CMOS_VDD_Res_Cap_Temp_37"}
[2026-06-03 12:05:14.469 Z] [INFO] [cadence.virtuoso.ade.simulationMonitor] - Peak resident memory used = 432 Mbytes. {"history": "Interactive.356", "point": 39, "testname": "Poten", "cornername": "CMOS_VDD_Res_Cap_Temp_37"}
[2026-06-03 12:05:14.969 Z] [WARN] [cadence.virtuoso.ade.simulationMonitor] -     WARNING (CMI-2425): I7.I0.C0<0>_dummy: `Acde' = 2.393 is unusually large. {"history": "Interactive.356", "point": 39, "testname": "Poten", "cornername": "CMOS_VDD_Res_Cap_Temp_37"}
[2026-06-03 12:05:14.970 Z] [WARN] [cadence.virtuoso.ade.simulationMonitor] -     WARNING (CMI-2425): I7.I0.C0<0>_dummy: `Noff' = 4.732 is unusually large. {"history": "Interactive.356", "point": 39, "testname": "Poten", "cornername": "CMOS_VDD_Res_Cap_Temp_37"}
[2026-06-03 12:05:14.970 Z] [WARN] [cadence.virtuoso.ade.simulationMonitor] -     WARNING (CMI-2424): I7.I0.C0<0>_dummy: `Voffcv' = -867.4e-03 is unusually small. {"history": "Interactive.356", "point": 39, "testname": "Poten", "cornername": "CMOS_VDD_Res_Cap_Temp_37"}
[2026-06-03 12:05:14.970 Z] [WARN] [cadence.virtuoso.ade.simulationMonitor] -     WARNING (CMI-2425): I7.I3.C1<0>_dummy: `Acde' = 2.393 is unusually large. {"history": "Interactive.356", "point": 39, "testname": "Poten", "cornername": "CMOS_VDD_Res_Cap_Temp_37"}
[2026-06-03 12:05:14.970 Z] [WARN] [cadence.virtuoso.ade.simulationMonitor] -     WARNING (CMI-2425): I7.I3.C1<0>_dummy: `Noff' = 4.732 is unusually large. {"history": "Interactive.356", "point": 39, "testname": "Poten", "cornername": "CMOS_VDD_Res_Cap_Temp_37"}
[2026-06-03 12:05:14.970 Z] [WARN] [cadence.virtuoso.ade.simulationMonitor] -     WARNING (CMI-2424): I7.I3.C1<0>_dummy: `Voffcv' = -867.4e-03 is unusually small. {"history": "Interactive.356", "point": 39, "testname": "Poten", "cornername": "CMOS_VDD_Res_Cap_Temp_37"}
[2026-06-03 12:05:14.970 Z] [WARN] [cadence.virtuoso.ade.simulationMonitor] -     WARNING (CMI-2425): I7.I4.C1<0>_dummy: `Acde' = 2.393 is unusually large.
        Further occurrences of this warning will be suppressed. {"history": "Interactive.356", "point": 39, "testname": "Poten", "cornername": "CMOS_VDD_Res_Cap_Temp_37"}
[2026-06-03 12:05:14.971 Z] [WARN] [cadence.virtuoso.ade.simulationMonitor] -     WARNING (CMI-2424): I7.I4.C1<0>_dummy: `Voffcv' = -867.4e-03 is unusually small. {"history": "Interactive.356", "point": 39, "testname": "Poten", "cornername": "CMOS_VDD_Res_Cap_Temp_37"}
[2026-06-03 12:05:14.971 Z] [INFO] [cadence.virtuoso.ade.simulationMonitor] - Notice from spectre.
    1 warning suppressed. {"history": "Interactive.356", "point": 39, "testname": "Poten", "cornername": "CMOS_VDD_Res_Cap_Temp_37"}
[2026-06-03 12:05:14.971 Z] [WARN] [cadence.virtuoso.ade.simulationMonitor] -     WARNING (CMI-2425): I7.I1.C0: `Acde' = 2.393 is unusually large. {"history": "Interactive.356", "point": 39, "testname": "Poten", "cornername": "CMOS_VDD_Res_Cap_Temp_37"}
[2026-06-03 12:05:14.971 Z] [WARN] [cadence.virtuoso.ade.simulationMonitor] -     WARNING (CMI-2425): I7.I1.C0: `Noff' = 4.732 is unusually large. {"history": "Interactive.356", "point": 39, "testname": "Poten", "cornername": "CMOS_VDD_Res_Cap_Temp_37"}
[2026-06-03 12:05:14.971 Z] [WARN] [cadence.virtuoso.ade.simulationMonitor] -     WARNING (CMI-2424): I7.I1.C0: `Voffcv' = -867.4e-03 is unusually small. {"history": "Interactive.356", "point": 39, "testname": "Poten", "cornername": "CMOS_VDD_Res_Cap_Temp_37"}
[2026-06-03 12:05:14.971 Z] [WARN] [cadence.virtuoso.ade.simulationMonitor] -     WARNING (CMI-2425): I7.I0.C1: `Acde' = 2.393 is unusually large. {"history": "Interactive.356", "point": 39, "testname": "Poten", "cornername": "CMOS_VDD_Res_Cap_Temp_37"}
[2026-06-03 12:05:14.972 Z] [WARN] [cadence.virtuoso.ade.simulationMonitor] -     WARNING (CMI-2425): I7.I0.C1: `Noff' = 4.732 is unusually large. {"history": "Interactive.356", "point": 39, "testname": "Poten", "cornername": "CMOS_VDD_Res_Cap_Temp_37"}
[2026-06-03 12:05:14.972 Z] [WARN] [cadence.virtuoso.ade.simulationMonitor] -     WARNING (CMI-2424): I7.I0.C1: `Voffcv' = -867.4e-03 is unusually small. {"history": "Interactive.356", "point": 39, "testname": "Poten", "cornername": "CMOS_VDD_Res_Cap_Temp_37"}
[2026-06-03 12:05:14.972 Z] [WARN] [cadence.virtuoso.ade.simulationMonitor] -     WARNING (CMI-2425): I7.I0.C2: `Acde' = 2.393 is unusually large.
        Further occurrences of this warning will be suppressed. {"history": "Interactive.356", "point": 39, "testname": "Poten", "cornername": "CMOS_VDD_Res_Cap_Temp_37"}
[2026-06-03 12:05:14.972 Z] [WARN] [cadence.virtuoso.ade.simulationMonitor] -     WARNING (CMI-2424): I7.I0.C2: `Voffcv' = -867.4e-03 is unusually small. {"history": "Interactive.356", "point": 39, "testname": "Poten", "cornername": "CMOS_VDD_Res_Cap_Temp_37"}
[2026-06-03 12:05:14.972 Z] [WARN] [cadence.virtuoso.ade.simulationMonitor] -     WARNING (CMI-2424): I7.I0.C0<0>_turbo_m6: `Voffcv' = -867.4e-03 is unusually small. {"history": "Interactive.356", "point": 39, "testname": "Poten", "cornername": "CMOS_VDD_Res_Cap_Temp_37"}
[2026-06-03 12:05:14.972 Z] [WARN] [cadence.virtuoso.ade.simulationMonitor] -     WARNING (CMI-2424): I7.I3.C1<0>_turbo_m6: `Voffcv' = -867.4e-03 is unusually small.
        Further occurrences of this warning will be suppressed. {"history": "Interactive.356", "point": 39, "testname": "Poten", "cornername": "CMOS_VDD_Res_Cap_Temp_37"}
[2026-06-03 12:05:27.477 Z] [WARN] [cadence.virtuoso.ade.simulationMonitor] -     WARNING (CMI-2943): Parameter checks have been ignored because the valid value for parameter 'trise' could not be found in 'C0'. {"history": "Interactive.356", "point": 39, "testname": "Poten", "cornername": "CMOS_VDD_Res_Cap_Temp_37"}
[2026-06-03 12:05:27.478 Z] [WARN] [cadence.virtuoso.ade.simulationMonitor] -     WARNING (CMI-2943): Parameter checks have been ignored because the valid value for parameter 'trise' could not be found in 'C1'. {"history": "Interactive.356", "point": 39, "testname": "Poten", "cornername": "CMOS_VDD_Res_Cap_Temp_37"}
[2026-06-03 12:05:27.478 Z] [WARN] [cadence.virtuoso.ade.simulationMonitor] -     WARNING (CMI-2943): Parameter checks have been ignored because the valid value for parameter 'trise' could not be found in 'C11'. {"history": "Interactive.356", "point": 39, "testname": "Poten", "cornername": "CMOS_VDD_Res_Cap_Temp_37"}
[2026-06-03 12:05:27.478 Z] [WARN] [cadence.virtuoso.ade.simulationMonitor] -     WARNING (CMI-2943): Parameter checks have been ignored because the valid value for parameter 'trise' could not be found in 'C12'. {"history": "Interactive.356", "point": 39, "testname": "Poten", "cornername": "CMOS_VDD_Res_Cap_Temp_37"}
[2026-06-03 12:05:27.478 Z] [WARN] [cadence.virtuoso.ade.simulationMonitor] -     WARNING (CMI-2943): Parameter checks have been ignored because the valid value for parameter 'trise' could not be found in 'C5'.
        Further occurrences of this warning will be suppressed. {"history": "Interactive.356", "point": 39, "testname": "Poten", "cornername": "CMOS_VDD_Res_Cap_Temp_37"}
[2026-06-03 12:05:27.479 Z] [INFO] [cadence.virtuoso.ade.simulationMonitor] - Notice from spectre during check, during DC analysis, during Noise analysis `noise'.
    I0.I5.RLIB_GC1 of rdiffp3: `ig' has the unusually large value of -15.4669 A.
    I0.I3.RLIB_GC1 of rdiffp3: `ig' has the unusually large value of -15.4669 A.
    I0.I3.RLIB_GC2 of rdiffp3: `ig' has the unusually large value of -15.4669 A.
    I0.I6.RLIB_GC2 of rdiffp3: `ig' has the unusually large value of -15.4669 A. {"history": "Interactive.356", "point": 39, "testname": "Poten", "cornername": "CMOS_VDD_Res_Cap_Temp_37"}
[2026-06-03 12:06:56.052 Z] [INFO] [cadence.virtuoso.ade.simulationMonitor] - Total time required for noise analysis `noise': CPU = 423.839 s (7m  3.8s), elapsed = 100.904 s (1m  40.9s), util. = 420%. {"history": "Interactive.356", "point": 39, "testname": "Poten", "cornername": "CMOS_VDD_Res_Cap_Temp_37"}
[2026-06-03 12:06:56.052 Z] [INFO] [cadence.virtuoso.ade.simulationMonitor] - Peak resident memory used = 732 Mbytes. {"history": "Interactive.356", "point": 39, "testname": "Poten", "cornername": "CMOS_VDD_Res_Cap_Temp_37"}
[2026-06-03 12:06:56.052 Z] [INFO] [cadence.virtuoso.ade.simulationMonitor] - Notice from spectre.
    1088 warnings suppressed. {"history": "Interactive.356", "point": 39, "testname": "Poten", "cornername": "CMOS_VDD_Res_Cap_Temp_37"}
[2026-06-03 12:06:56.052 Z] [WARN] [cadence.virtuoso.ade.simulationMonitor] -     WARNING (CMI-2425): I7.I0.C0<0>_dummy: `Acde' = 2.393 is unusually large. {"history": "Interactive.356", "point": 39, "testname": "Poten", "cornername": "CMOS_VDD_Res_Cap_Temp_37"}
[2026-06-03 12:06:56.052 Z] [WARN] [cadence.virtuoso.ade.simulationMonitor] -     WARNING (CMI-2425): I7.I0.C0<0>_dummy: `Noff' = 4.732 is unusually large. {"history": "Interactive.356", "point": 39, "testname": "Poten", "cornername": "CMOS_VDD_Res_Cap_Temp_37"}
[2026-06-03 12:06:56.053 Z] [WARN] [cadence.virtuoso.ade.simulationMonitor] -     WARNING (CMI-2424): I7.I0.C0<0>_dummy: `Voffcv' = -867.4e-03 is unusually small. {"history": "Interactive.356", "point": 39, "testname": "Poten", "cornername": "CMOS_VDD_Res_Cap_Temp_37"}
[2026-06-03 12:06:56.053 Z] [WARN] [cadence.virtuoso.ade.simulationMonitor] -     WARNING (CMI-2425): I7.I3.C1<0>_dummy: `Acde' = 2.393 is unusually large. {"history": "Interactive.356", "point": 39, "testname": "Poten", "cornername": "CMOS_VDD_Res_Cap_Temp_37"}
[2026-06-03 12:06:56.053 Z] [WARN] [cadence.virtuoso.ade.simulationMonitor] -     WARNING (CMI-2425): I7.I3.C1<0>_dummy: `Noff' = 4.732 is unusually large. {"history": "Interactive.356", "point": 39, "testname": "Poten", "cornername": "CMOS_VDD_Res_Cap_Temp_37"}
[2026-06-03 12:06:56.053 Z] [WARN] [cadence.virtuoso.ade.simulationMonitor] -     WARNING (CMI-2424): I7.I3.C1<0>_dummy: `Voffcv' = -867.4e-03 is unusually small. {"history": "Interactive.356", "point": 39, "testname": "Poten", "cornername": "CMOS_VDD_Res_Cap_Temp_37"}
[2026-06-03 12:06:56.053 Z] [WARN] [cadence.virtuoso.ade.simulationMonitor] -     WARNING (CMI-2425): I7.I4.C1<0>_dummy: `Acde' = 2.393 is unusually large.
        Further occurrences of this warning will be suppressed. {"history": "Interactive.356", "point": 39, "testname": "Poten", "cornername": "CMOS_VDD_Res_Cap_Temp_37"}
[2026-06-03 12:06:56.053 Z] [WARN] [cadence.virtuoso.ade.simulationMonitor] -     WARNING (CMI-2424): I7.I4.C1<0>_dummy: `Voffcv' = -867.4e-03 is unusually small. {"history": "Interactive.356", "point": 39, "testname": "Poten", "cornername": "CMOS_VDD_Res_Cap_Temp_37"}
[2026-06-03 12:06:56.053 Z] [INFO] [cadence.virtuoso.ade.simulationMonitor] - Notice from spectre.
    1 warning suppressed. {"history": "Interactive.356", "point": 39, "testname": "Poten", "cornername": "CMOS_VDD_Res_Cap_Temp_37"}
[2026-06-03 12:06:56.554 Z] [INFO] [cadence.virtuoso.ade.simulationMonitor] - Time used: CPU = 599 s (9m  58.9s), elapsed = 149 s (2m  29.3s), util. = 401%. {"history": "Interactive.356", "point": 39, "testname": "Poten", "cornername": "CMOS_VDD_Res_Cap_Temp_37"}
[2026-06-03 12:06:56.555 Z] [INFO] [cadence.virtuoso.ade.simulationMonitor] - Time spent in licensing: elapsed = 87.9 ms. {"history": "Interactive.356", "point": 39, "testname": "Poten", "cornername": "CMOS_VDD_Res_Cap_Temp_37"}
[2026-06-03 12:06:56.556 Z] [INFO] [cadence.virtuoso.ade.simulationMonitor] - Peak memory used = 732 Mbytes. {"history": "Interactive.356", "point": 39, "testname": "Poten", "cornername": "CMOS_VDD_Res_Cap_Temp_37"}
[2026-06-03 12:06:56.557 Z] [PROCESS] [cadence.virtuoso.ade.simulationMonitor] - Simulation started at: 12:04:26 PM, Wed Jun 3, 2026, ended at: 12:06:55 PM, Wed Jun 3, 2026, with elapsed time (wall clock): 149 s (2m  29.3s). {"history": "Interactive.356", "point": 39, "testname": "Poten", "cornername": "CMOS_VDD_Res_Cap_Temp_37"}
[2026-06-03 12:06:56.557 Z] [PROCESS] [cadence.virtuoso.ade.simulationMonitor] - spectre completes with 0 errors, 111 warnings, and 37 notices. {"history": "Interactive.356", "point": 39, "testname": "Poten", "cornername": "CMOS_VDD_Res_Cap_Temp_37"}
[2026-06-03 12:06:56.558 Z] [PROCESS] [cadence.virtuoso.ade.simulationMonitor] - Finished simulating for one point {"hostname": "il2244vt26_hrahimi", "processid": 2498769, "history": "Interactive.356", "testname": "Poten", "cornername": "CMOS_VDD_Res_Cap_Temp_37", "point": 39, "logfile": "/home/hrahimi/projects/POTENTIOSTAT_26/logs_hrahimi/logs0/Job19.log", "simid": "13"}
[2026-06-03 12:06:56.558 Z] [PROCESS] [cadence.virtuoso.ade.simulationMonitor] - Simulator exited {"hostname": "il2244vt26_hrahimi", "processid": 2498769, "history": "Interactive.356", "testname": "Poten", "cornername": "CMOS_VDD_Res_Cap_Temp_37", "point": 39, "logfile": "/home/hrahimi/projects/POTENTIOSTAT_26/logs_hrahimi/logs0/Job19.log", "exitStatus": "0"}
[2026-06-03 12:06:56.558 Z] [PROCESS] [cadence.virtuoso.ade.simulationMonitor] - Finished Simulation {"hostname": "il2244vt26_hrahimi", "processid": 2498769, "history": "Interactive.356", "testname": "Poten", "cornername": "CMOS_VDD_Res_Cap_Temp_37", "point": 39, "logfile": "/home/hrahimi/projects/POTENTIOSTAT_26/logs_hrahimi/logs0/Job19.log", "simid": "13"}
[2026-06-03 12:07:01.572 Z] [PROCESS] [cadence.virtuoso.ade.simulationMonitor] - Point Finished {"hostname": "il2244vt26_hrahimi", "processid": 2498769, "history": "Interactive.356", "testname": "Poten", "cornername": "CMOS_VDD_Res_Cap_Temp_37", "point": 39, "logfile": "/home/hrahimi/projects/POTENTIOSTAT_26/logs_hrahimi/logs0/Job19.log"}
[2026-06-03 12:07:01.580 Z] [PROCESS] [cadence.virtuoso.ade.simulationMonitor] - HostInfo:
Host name (type):	il2244vt26_hrahimi (x86_64)
Operating system:	Linux 5.15.0-164-generic #174-Ubuntu SMP Fri Nov 14 20:25:16 UTC 2025 {"hostname": "il2244vt26_hrahimi", "processid": 2498769, "history": "Interactive.356", "testname": "Poten", "cornername": "CMOS_VDD_Res_Cap_Temp_37", "point": 39, "logfile": "/home/hrahimi/projects/POTENTIOSTAT_26/logs_hrahimi/logs0/Job19.log", "nodename": "il2244vt26_hrahimi", "domainname": "(none)", "machine": "x86_64", "sysname": "Linux", "release": "5.15.0-164-generic", "version": "#174-Ubuntu SMP Fri Nov 14 20:25:16 UTC 2025"}
[2026-06-03 12:07:01.580 Z] [PROCESS] [cadence.virtuoso.ade.simulationMonitor] - UsageInfo:
pid=2498769
totalPhysicalMemory=3023.749672GB,Used=2716.533848GB,totalVirtualMemory=3031.749668GB,Used=2716.640293GB
Cpu: Cores=48, Load average:46.880000,44.430000,33.060000 {"hostname": "il2244vt26_hrahimi", "processid": 2498769, "history": "Interactive.356", "testname": "Poten", "cornername": "CMOS_VDD_Res_Cap_Temp_37", "point": 39, "logfile": "/home/hrahimi/projects/POTENTIOSTAT_26/logs_hrahimi/logs0/Job19.log", "pid": "2498769", "totalPhysicalMemory": "3023.749672", "physicalMemoryUsed": "2716.533848", "totalVirtualMemory": "3031.749668", "virtualMemoryUsed": "2716.640293", "cpuCores": "48", "processes": "29733", "loadAverage1": "46.880000", "loadAverage5": "44.430000", "loadAverage15": "33.060000", "loadAverage1Percent": "0.976667"}
[2026-06-03 12:07:01.582 Z] [EVENT] [cadence.virtuoso.ade.simulationMonitor] - NewPoint {"history": "Interactive.356", "point": 31, "testname": "TIA_Gain_Linearity", "cornername": "CMOS_VDD_Res_Cap_Temp_29", "event": "NewPoint", "EventSource": "Simulation Monitor", "HistoryName": "Interactive.356", "logFile": "/home/hrahimi/projects/POTENTIOSTAT_26/logs_hrahimi/logs0/Job19.log", "logFileSize": "525788"}
[2026-06-03 12:07:01.684 Z] [EVENT] [cadence.virtuoso.ade.simulationMonitor] - NewPoint {"history": "Interactive.356", "point": 31, "testname": "TIA_Gain_Linearity", "cornername": "CMOS_VDD_Res_Cap_Temp_29", "event": "NewPoint", "EventSource": "spectre", "HistoryName": "Interactive.356", "logFile": "/home/hrahimi/projects/POTENTIOSTAT_26/Sim/Potentiostat_Top/top/maestro/results/maestro/Interactive.356/31/TIA_Gain_Linearity/psf/spectre.out", "logFileSize": "-1"}
[2026-06-03 12:07:01.698 Z] [PROCESS] [cadence.virtuoso.ade.simulationMonitor] - Simulator launched {"hostname": "il2244vt26_hrahimi", "processid": 2498769, "history": "Interactive.356", "testname": "TIA_Gain_Linearity", "cornername": "CMOS_VDD_Res_Cap_Temp_29", "point": 31, "logfile": "/home/hrahimi/projects/POTENTIOSTAT_26/logs_hrahimi/logs0/Job19.log", "simid": "14"}
[2026-06-03 12:07:01.762 Z] [PROCESS] [cadence.virtuoso.ade.simulationMonitor] - Started Simulation {"hostname": "il2244vt26_hrahimi", "processid": 2498769, "history": "Interactive.356", "testname": "TIA_Gain_Linearity", "cornername": "CMOS_VDD_Res_Cap_Temp_29", "point": 31, "logfile": "/home/hrahimi/projects/POTENTIOSTAT_26/logs_hrahimi/logs0/Job19.log", "event": "started", "task": "simulation"}
[2026-06-03 12:07:02.763 Z] [WARN] [cadence.virtuoso.ade.simulationMonitor] -     WARNING (SPECTRE-691): This CPU processor does not support x86 advanced vector extensions instructions. This may affect math operations and slow down the simulation. {"history": "Interactive.356", "point": 31, "testname": "TIA_Gain_Linearity", "cornername": "CMOS_VDD_Res_Cap_Temp_29"}
[2026-06-03 12:07:02.763 Z] [INFO] [cadence.virtuoso.ade.simulationMonitor] - Notice from spectre during circuit read-in.
    Pre_Configuration file used: /opt/tools/cadence/installs/SPECTRE241/tools.lnx86/spectre/etc/configs/preset.precfg
    Configuration file used: `/opt/tools/cadence/installs/SPECTRE241/tools.lnx86/spectre/etc/configs/preset.cfg'. {"history": "Interactive.356", "point": 31, "testname": "TIA_Gain_Linearity", "cornername": "CMOS_VDD_Res_Cap_Temp_29"}
[2026-06-03 12:07:02.764 Z] [WARN] [cadence.virtuoso.ade.simulationMonitor] -     WARNING (SPECTRE-8360): line 1511: `ac' is an undefined primitive device. {"history": "Interactive.356", "point": 31, "testname": "TIA_Gain_Linearity", "cornername": "CMOS_VDD_Res_Cap_Temp_29"}
[2026-06-03 12:07:02.764 Z] [WARN] [cadence.virtuoso.ade.simulationMonitor] -     WARNING (SPECTRE-8360): line 1512: `ac' is an undefined primitive device. {"history": "Interactive.356", "point": 31, "testname": "TIA_Gain_Linearity", "cornername": "CMOS_VDD_Res_Cap_Temp_29"}
[2026-06-03 12:07:02.764 Z] [WARN] [cadence.virtuoso.ade.simulationMonitor] -     WARNING (SPECTRE-8360): line 1513: `ac' is an undefined primitive device. {"history": "Interactive.356", "point": 31, "testname": "TIA_Gain_Linearity", "cornername": "CMOS_VDD_Res_Cap_Temp_29"}
[2026-06-03 12:07:02.765 Z] [WARN] [cadence.virtuoso.ade.simulationMonitor] -     WARNING (SPECTRE-8360): line 1514: `ac' is an undefined primitive device. {"history": "Interactive.356", "point": 31, "testname": "TIA_Gain_Linearity", "cornername": "CMOS_VDD_Res_Cap_Temp_29"}
[2026-06-03 12:07:02.766 Z] [WARN] [cadence.virtuoso.ade.simulationMonitor] -     WARNING (SPECTRE-8360): line 1515: `ac' is an undefined primitive device.
        Further occurrences of this warning will be suppressed. {"history": "Interactive.356", "point": 31, "testname": "TIA_Gain_Linearity", "cornername": "CMOS_VDD_Res_Cap_Temp_29"}
[2026-06-03 12:07:02.766 Z] [WARN] [cadence.virtuoso.ade.simulationMonitor] -     WARNING (VACOMP-2435): The environment variable CDS_AHDLCMI_ENABLE is no longer supported. Therefore, the simulator will use the default compiled C code flow. {"history": "Interactive.356", "point": 31, "testname": "TIA_Gain_Linearity", "cornername": "CMOS_VDD_Res_Cap_Temp_29"}
[2026-06-03 12:07:03.267 Z] [INFO] [cadence.virtuoso.ade.simulationMonitor] - Peak resident memory used = 195 Mbytes. {"history": "Interactive.356", "point": 31, "testname": "TIA_Gain_Linearity", "cornername": "CMOS_VDD_Res_Cap_Temp_29"}
[2026-06-03 12:07:03.767 Z] [WARN] [cadence.virtuoso.ade.simulationMonitor] -     WARNING (SFE-2649): Terminals of top-level instance `R50', in file`netlist', at line 1168, are connected. Remove the instance and rerun the simulation. {"history": "Interactive.356", "point": 31, "testname": "TIA_Gain_Linearity", "cornername": "CMOS_VDD_Res_Cap_Temp_29"}
[2026-06-03 12:07:03.768 Z] [WARN] [cadence.virtuoso.ade.simulationMonitor] -     WARNING (SFE-2649): Terminals of top-level instance `R48', in file`netlist', at line 1211, are connected. Remove the instance and rerun the simulation. {"history": "Interactive.356", "point": 31, "testname": "TIA_Gain_Linearity", "cornername": "CMOS_VDD_Res_Cap_Temp_29"}
[2026-06-03 12:07:03.768 Z] [WARN] [cadence.virtuoso.ade.simulationMonitor] -     WARNING (SFE-3027): The dangling resistor I2.rb144 is removed. {"history": "Interactive.356", "point": 31, "testname": "TIA_Gain_Linearity", "cornername": "CMOS_VDD_Res_Cap_Temp_29"}
[2026-06-03 12:07:03.769 Z] [WARN] [cadence.virtuoso.ade.simulationMonitor] -     WARNING (SFE-3027): The dangling resistor I2.rb241 is removed. {"history": "Interactive.356", "point": 31, "testname": "TIA_Gain_Linearity", "cornername": "CMOS_VDD_Res_Cap_Temp_29"}
[2026-06-03 12:07:03.769 Z] [WARN] [cadence.virtuoso.ade.simulationMonitor] -     WARNING (SFE-3027): The dangling resistor I2.rb613 is removed. {"history": "Interactive.356", "point": 31, "testname": "TIA_Gain_Linearity", "cornername": "CMOS_VDD_Res_Cap_Temp_29"}
[2026-06-03 12:07:03.769 Z] [WARN] [cadence.virtuoso.ade.simulationMonitor] -     WARNING (SFE-3027): The dangling resistor I2.rd794 is removed. {"history": "Interactive.356", "point": 31, "testname": "TIA_Gain_Linearity", "cornername": "CMOS_VDD_Res_Cap_Temp_29"}
[2026-06-03 12:07:03.769 Z] [WARN] [cadence.virtuoso.ade.simulationMonitor] -     WARNING (SFE-3012): The dummy device I0.I16.DLIB9 is removed. {"history": "Interactive.356", "point": 31, "testname": "TIA_Gain_Linearity", "cornername": "CMOS_VDD_Res_Cap_Temp_29"}
[2026-06-03 12:07:03.769 Z] [WARN] [cadence.virtuoso.ade.simulationMonitor] -     WARNING (SFE-3012): The dummy device I0.I15.DLIB9 is removed. {"history": "Interactive.356", "point": 31, "testname": "TIA_Gain_Linearity", "cornername": "CMOS_VDD_Res_Cap_Temp_29"}
[2026-06-03 12:07:03.770 Z] [WARN] [cadence.virtuoso.ade.simulationMonitor] -     WARNING (SFE-3012): The dummy device I0.I0.DLIB6 is removed. {"history": "Interactive.356", "point": 31, "testname": "TIA_Gain_Linearity", "cornername": "CMOS_VDD_Res_Cap_Temp_29"}
[2026-06-03 12:07:03.770 Z] [WARN] [cadence.virtuoso.ade.simulationMonitor] -     WARNING (SFE-3012): The dummy device I7.I2.MP12<0>_turbo_m34 is removed. {"history": "Interactive.356", "point": 31, "testname": "TIA_Gain_Linearity", "cornername": "CMOS_VDD_Res_Cap_Temp_29"}
[2026-06-03 12:07:03.770 Z] [WARN] [cadence.virtuoso.ade.simulationMonitor] -     WARNING (SFE-3012): The dummy device I0.I16.DLIB10 is removed.
        Further occurrences of this warning will be suppressed. {"history": "Interactive.356", "point": 31, "testname": "TIA_Gain_Linearity", "cornername": "CMOS_VDD_Res_Cap_Temp_29"}
[2026-06-03 12:07:03.770 Z] [WARN] [cadence.virtuoso.ade.simulationMonitor] -     WARNING (SFE-3029): The dummy capacitor I7.I0.R3.CS1 is removed. {"history": "Interactive.356", "point": 31, "testname": "TIA_Gain_Linearity", "cornername": "CMOS_VDD_Res_Cap_Temp_29"}
[2026-06-03 12:07:03.770 Z] [WARN] [cadence.virtuoso.ade.simulationMonitor] -     WARNING (SFE-3027): The dangling resistor I2.re2693 is removed.
        Further occurrences of this warning will be suppressed. {"history": "Interactive.356", "point": 31, "testname": "TIA_Gain_Linearity", "cornername": "CMOS_VDD_Res_Cap_Temp_29"}
[2026-06-03 12:07:03.770 Z] [WARN] [cadence.virtuoso.ade.simulationMonitor] -     WARNING (SFE-3029): The dummy capacitor I7.I13_turbo_m5.C0.C1 is removed. {"history": "Interactive.356", "point": 31, "testname": "TIA_Gain_Linearity", "cornername": "CMOS_VDD_Res_Cap_Temp_29"}
[2026-06-03 12:07:03.771 Z] [WARN] [cadence.virtuoso.ade.simulationMonitor] -     WARNING (SFE-3029): The dummy capacitor I7.I10_turbo_m4.C0.C1 is removed. {"history": "Interactive.356", "point": 31, "testname": "TIA_Gain_Linearity", "cornername": "CMOS_VDD_Res_Cap_Temp_29"}
[2026-06-03 12:07:03.771 Z] [WARN] [cadence.virtuoso.ade.simulationMonitor] -     WARNING (SFE-3029): The dummy capacitor I7.I1.R2.CS1 is removed. {"history": "Interactive.356", "point": 31, "testname": "TIA_Gain_Linearity", "cornername": "CMOS_VDD_Res_Cap_Temp_29"}
[2026-06-03 12:07:03.771 Z] [WARN] [cadence.virtuoso.ade.simulationMonitor] -     WARNING (SFE-3028): The floating resistor R8 is removed. {"history": "Interactive.356", "point": 31, "testname": "TIA_Gain_Linearity", "cornername": "CMOS_VDD_Res_Cap_Temp_29"}
[2026-06-03 12:07:03.771 Z] [WARN] [cadence.virtuoso.ade.simulationMonitor] -     WARNING (SFE-3029): The dummy capacitor I7.I4.R31.CS1 is removed.
        Further occurrences of this warning will be suppressed. {"history": "Interactive.356", "point": 31, "testname": "TIA_Gain_Linearity", "cornername": "CMOS_VDD_Res_Cap_Temp_29"}
[2026-06-03 12:07:03.771 Z] [WARN] [cadence.virtuoso.ade.simulationMonitor] -     WARNING (SFE-3015): The dangling node I2.210\:GNDA is removed. {"history": "Interactive.356", "point": 31, "testname": "TIA_Gain_Linearity", "cornername": "CMOS_VDD_Res_Cap_Temp_29"}
[2026-06-03 12:07:03.771 Z] [WARN] [cadence.virtuoso.ade.simulationMonitor] -     WARNING (SFE-3015): The dangling node I2.222\:POT_OUT is removed. {"history": "Interactive.356", "point": 31, "testname": "TIA_Gain_Linearity", "cornername": "CMOS_VDD_Res_Cap_Temp_29"}
[2026-06-03 12:07:03.772 Z] [WARN] [cadence.virtuoso.ade.simulationMonitor] -     WARNING (SFE-3015): The dangling node I2.13\:I25|I35|SN is removed. {"history": "Interactive.356", "point": 31, "testname": "TIA_Gain_Linearity", "cornername": "CMOS_VDD_Res_Cap_Temp_29"}
[2026-06-03 12:07:03.772 Z] [WARN] [cadence.virtuoso.ade.simulationMonitor] -     WARNING (SFE-3015): The dangling node I2.29\:Calib_EN is removed. {"history": "Interactive.356", "point": 31, "testname": "TIA_Gain_Linearity", "cornername": "CMOS_VDD_Res_Cap_Temp_29"}
[2026-06-03 12:07:03.772 Z] [WARN] [cadence.virtuoso.ade.simulationMonitor] -     WARNING (SFE-3015): The dangling node I2.693\:VPI is removed.
        Further occurrences of this warning will be suppressed. {"history": "Interactive.356", "point": 31, "testname": "TIA_Gain_Linearity", "cornername": "CMOS_VDD_Res_Cap_Temp_29"}
[2026-06-03 12:07:03.772 Z] [WARN] [cadence.virtuoso.ade.simulationMonitor] -     WARNING (SFE-3016): The floating node net74 is removed. {"history": "Interactive.356", "point": 31, "testname": "TIA_Gain_Linearity", "cornername": "CMOS_VDD_Res_Cap_Temp_29"}
[2026-06-03 12:07:03.772 Z] [WARN] [cadence.virtuoso.ade.simulationMonitor] -     WARNING (SFE-3016): The floating node net73 is removed. {"history": "Interactive.356", "point": 31, "testname": "TIA_Gain_Linearity", "cornername": "CMOS_VDD_Res_Cap_Temp_29"}
[2026-06-03 12:07:03.772 Z] [INFO] [cadence.virtuoso.ade.simulationMonitor] - Notice from spectre during hierarchy flattening.
    Spectre X Parasitic Optimization enabled.
    Parasitic optimization will filter out parasitic nodes, nodes only connected to RCs, by default. To view individual parasitic nodes use individual save statements (i.e. save out), or use the 'savefilter=none' option to save all parasitic nodes. Saving all parasitic nodes may slow down simulation and create large waveform files. {"history": "Interactive.356", "point": 31, "testname": "TIA_Gain_Linearity", "cornername": "CMOS_VDD_Res_Cap_Temp_29"}
[2026-06-03 12:07:03.772 Z] [INFO] [cadence.virtuoso.ade.simulationMonitor] - Peak resident memory used = 225 Mbytes. {"history": "Interactive.356", "point": 31, "testname": "TIA_Gain_Linearity", "cornername": "CMOS_VDD_Res_Cap_Temp_29"}
[2026-06-03 12:07:03.773 Z] [INFO] [cadence.virtuoso.ade.simulationMonitor] - Notice from spectre during hierarchy flattening.
    The value 'psf' specified for the 'checklimitdest' option will no longer be supported in future releases. Use 'spectre -h' to see other recommended values for the 'checklimitdest' option.
    I0.I46.RLIB_GC1.CS0 of rpoly1c: `c' has the unusually small value of 634.694e-21 F.
    I0.I46.RLIB_GC1.CS1 of rpoly1c: `c' has the unusually small value of 634.694e-21 F.
    I0.I45.RLIB_GC1.CS0 of rpoly1c: `c' has the unusually small value of 634.694e-21 F.
    I0... {"history": "Interactive.356", "point": 31, "testname": "TIA_Gain_Linearity", "cornername": "CMOS_VDD_Res_Cap_Temp_29"}
[2026-06-03 12:07:04.273 Z] [INFO] [cadence.virtuoso.ade.simulationMonitor] - Notice from spectre during hierarchy flattening.
    V8: `period' has the unusually large value of 100 s.
    V7: `period' has the unusually large value of 10 s.
    V3: `period' has the unusually large value of 6 s.
    I26: `period' has the unusually large value of 6 s. {"history": "Interactive.356", "point": 31, "testname": "TIA_Gain_Linearity", "cornername": "CMOS_VDD_Res_Cap_Temp_29"}
[2026-06-03 12:07:04.274 Z] [INFO] [cadence.virtuoso.ade.simulationMonitor] - Peak resident memory used = 235 Mbytes. {"history": "Interactive.356", "point": 31, "testname": "TIA_Gain_Linearity", "cornername": "CMOS_VDD_Res_Cap_Temp_29"}
[2026-06-03 12:07:04.274 Z] [WARN] [cadence.virtuoso.ade.simulationMonitor] -     WARNING (CMI-2425): I2.I56|C3: `Acde' = 2.393 is unusually large. {"history": "Interactive.356", "point": 31, "testname": "TIA_Gain_Linearity", "cornername": "CMOS_VDD_Res_Cap_Temp_29"}
[2026-06-03 12:07:04.274 Z] [WARN] [cadence.virtuoso.ade.simulationMonitor] -     WARNING (CMI-2425): I2.I56|C3: `Noff' = 4.732 is unusually large. {"history": "Interactive.356", "point": 31, "testname": "TIA_Gain_Linearity", "cornername": "CMOS_VDD_Res_Cap_Temp_29"}
[2026-06-03 12:07:04.274 Z] [WARN] [cadence.virtuoso.ade.simulationMonitor] -     WARNING (CMI-2424): I2.I56|C3: `Voffcv' = -867.4e-03 is unusually small. {"history": "Interactive.356", "point": 31, "testname": "TIA_Gain_Linearity", "cornername": "CMOS_VDD_Res_Cap_Temp_29"}
[2026-06-03 12:07:04.275 Z] [WARN] [cadence.virtuoso.ade.simulationMonitor] -     WARNING (CMI-2425): I2.I56|C4: `Acde' = 2.393 is unusually large. {"history": "Interactive.356", "point": 31, "testname": "TIA_Gain_Linearity", "cornername": "CMOS_VDD_Res_Cap_Temp_29"}
[2026-06-03 12:07:04.275 Z] [WARN] [cadence.virtuoso.ade.simulationMonitor] -     WARNING (CMI-2425): I2.I56|C4: `Noff' = 4.732 is unusually large. {"history": "Interactive.356", "point": 31, "testname": "TIA_Gain_Linearity", "cornername": "CMOS_VDD_Res_Cap_Temp_29"}
[2026-06-03 12:07:04.275 Z] [WARN] [cadence.virtuoso.ade.simulationMonitor] -     WARNING (CMI-2424): I2.I56|C4: `Voffcv' = -867.4e-03 is unusually small. {"history": "Interactive.356", "point": 31, "testname": "TIA_Gain_Linearity", "cornername": "CMOS_VDD_Res_Cap_Temp_29"}
[2026-06-03 12:07:04.276 Z] [WARN] [cadence.virtuoso.ade.simulationMonitor] -     WARNING (CMI-2425): I2.I56|C5: `Acde' = 2.393 is unusually large.
        Further occurrences of this warning will be suppressed. {"history": "Interactive.356", "point": 31, "testname": "TIA_Gain_Linearity", "cornername": "CMOS_VDD_Res_Cap_Temp_29"}
[2026-06-03 12:07:04.276 Z] [WARN] [cadence.virtuoso.ade.simulationMonitor] -     WARNING (CMI-2424): I2.I56|C5: `Voffcv' = -867.4e-03 is unusually small. {"history": "Interactive.356", "point": 31, "testname": "TIA_Gain_Linearity", "cornername": "CMOS_VDD_Res_Cap_Temp_29"}
[2026-06-03 12:07:04.276 Z] [WARN] [cadence.virtuoso.ade.simulationMonitor] -     WARNING (CMI-2424): I7.I4.C1<0>_turbo_m11: `Voffcv' = -867.4e-03 is unusually small. {"history": "Interactive.356", "point": 31, "testname": "TIA_Gain_Linearity", "cornername": "CMOS_VDD_Res_Cap_Temp_29"}
[2026-06-03 12:07:04.277 Z] [WARN] [cadence.virtuoso.ade.simulationMonitor] -     WARNING (CMI-2424): I7.I3.C1<0>_turbo_m6: `Voffcv' = -867.4e-03 is unusually small.
        Further occurrences of this warning will be suppressed. {"history": "Interactive.356", "point": 31, "testname": "TIA_Gain_Linearity", "cornername": "CMOS_VDD_Res_Cap_Temp_29"}
[2026-06-03 12:07:05.278 Z] [WARN] [cadence.virtuoso.ade.simulationMonitor] -     WARNING (SPECTRE-16460): SOAC_esdgcp5_vcpsub:Specified subcircuit master `esdgcp5' was not found. {"history": "Interactive.356", "point": 31, "testname": "TIA_Gain_Linearity", "cornername": "CMOS_VDD_Res_Cap_Temp_29"}
[2026-06-03 12:07:05.278 Z] [WARN] [cadence.virtuoso.ade.simulationMonitor] -     WARNING (SPECTRE-16462): SOAC_esdgcp5_vcpsub:Error in specification of subcircuit master. Assert is ignored. {"history": "Interactive.356", "point": 31, "testname": "TIA_Gain_Linearity", "cornername": "CMOS_VDD_Res_Cap_Temp_29"}
[2026-06-03 12:07:05.278 Z] [WARN] [cadence.virtuoso.ade.simulationMonitor] -     WARNING (SPECTRE-16460): SOAC_esdgcp5_vac:Specified subcircuit master `esdgcp5' was not found. {"history": "Interactive.356", "point": 31, "testname": "TIA_Gain_Linearity", "cornername": "CMOS_VDD_Res_Cap_Temp_29"}
[2026-06-03 12:07:05.278 Z] [WARN] [cadence.virtuoso.ade.simulationMonitor] -     WARNING (SPECTRE-16462): SOAC_esdgcp5_vac:Error in specification of subcircuit master. Assert is ignored. {"history": "Interactive.356", "point": 31, "testname": "TIA_Gain_Linearity", "cornername": "CMOS_VDD_Res_Cap_Temp_29"}
[2026-06-03 12:07:05.279 Z] [WARN] [cadence.virtuoso.ade.simulationMonitor] -     WARNING (SPECTRE-16460): SOAC_esdgcn5_vac:Specified subcircuit master `esdgcn5' was not found. {"history": "Interactive.356", "point": 31, "testname": "TIA_Gain_Linearity", "cornername": "CMOS_VDD_Res_Cap_Temp_29"}
[2026-06-03 12:07:05.279 Z] [WARN] [cadence.virtuoso.ade.simulationMonitor] -     WARNING (SPECTRE-16462): SOAC_esdgcn5_vac:Error in specification of subcircuit master. Assert is ignored. {"history": "Interactive.356", "point": 31, "testname": "TIA_Gain_Linearity", "cornername": "CMOS_VDD_Res_Cap_Temp_29"}
[2026-06-03 12:07:05.279 Z] [WARN] [cadence.virtuoso.ade.simulationMonitor] -     WARNING (SPECTRE-16460): SOAC_esdfdp5_vcpsub:Specified subcircuit master `esdfdp5' was not found. {"history": "Interactive.356", "point": 31, "testname": "TIA_Gain_Linearity", "cornername": "CMOS_VDD_Res_Cap_Temp_29"}
[2026-06-03 12:07:05.279 Z] [WARN] [cadence.virtuoso.ade.simulationMonitor] -     WARNING (SPECTRE-16462): SOAC_esdfdp5_vcpsub:Error in specification of subcircuit master. Assert is ignored. {"history": "Interactive.356", "point": 31, "testname": "TIA_Gain_Linearity", "cornername": "CMOS_VDD_Res_Cap_Temp_29"}
[2026-06-03 12:07:05.279 Z] [WARN] [cadence.virtuoso.ade.simulationMonitor] -     WARNING (SPECTRE-16460): SOAC_esdfdp5_vac:Specified subcircuit master `esdfdp5' was not found.
        Further occurrences of this warning will be suppressed. {"history": "Interactive.356", "point": 31, "testname": "TIA_Gain_Linearity", "cornername": "CMOS_VDD_Res_Cap_Temp_29"}
[2026-06-03 12:07:05.280 Z] [WARN] [cadence.virtuoso.ade.simulationMonitor] -     WARNING (SPECTRE-16462): SOAC_esdfdp5_vac:Error in specification of subcircuit master. Assert is ignored.
        Further occurrences of this warning will be suppressed. {"history": "Interactive.356", "point": 31, "testname": "TIA_Gain_Linearity", "cornername": "CMOS_VDD_Res_Cap_Temp_29"}
[2026-06-03 12:07:05.280 Z] [WARN] [cadence.virtuoso.ade.simulationMonitor] -     WARNING (SPECTRE-17607): Assert `SOAC_vert10_vsubpsub' is ignored because it contains an expression which is invalid or not supported by native evaluator.  {"history": "Interactive.356", "point": 31, "testname": "TIA_Gain_Linearity", "cornername": "CMOS_VDD_Res_Cap_Temp_29"}
[2026-06-03 12:07:05.280 Z] [WARN] [cadence.virtuoso.ade.simulationMonitor] -     WARNING (SPECTRE-17607): Assert `SOAC_vert10_vcsub' is ignored because it contains an expression which is invalid or not supported by native evaluator.  {"history": "Interactive.356", "point": 31, "testname": "TIA_Gain_Linearity", "cornername": "CMOS_VDD_Res_Cap_Temp_29"}
[2026-06-03 12:07:05.780 Z] [INFO] [cadence.virtuoso.ade.simulationMonitor] - Notice from spectre during topology check.
    Only one connection to the following 1898 nodes:
        I0.I46.RLIB_GC1.R1.psub!
        I0.I46.RLIB_GC1.R2.psub!
        I0.I46.MNLIB_DR1.M_esdnmos4.psub!
        I0.I46.DLIB2.psub!
        I0.I46.DLIB1.psub!
        Further occurrences of this notice will be suppressed. {"history": "Interactive.356", "point": 31, "testname": "TIA_Gain_Linearity", "cornername": "CMOS_VDD_Res_Cap_Temp_29"}
[2026-06-03 12:07:08.785 Z] [INFO] [cadence.virtuoso.ade.simulationMonitor] -               nodes 15748 {"history": "Interactive.356", "point": 31, "testname": "TIA_Gain_Linearity", "cornername": "CMOS_VDD_Res_Cap_Temp_29"}
[2026-06-03 12:07:08.785 Z] [INFO] [cadence.virtuoso.ade.simulationMonitor] - Notice from spectre during initial setup.
    7 resistors are shorted because their absolute value is less than or equal to 'rabsshort'.
    3 vsources are shorted because their absolute value is less than or equal to 'vabsshort'.
    4 resistors are changed to resistance form because their value are less than 'rthresh'.
    Spectre X preset=cx enabled.
    44 notices suppressed.
    138 warnings suppressed. {"history": "Interactive.356", "point": 31, "testname": "TIA_Gain_Linearity", "cornername": "CMOS_VDD_Res_Cap_Temp_29"}
[2026-06-03 12:07:08.786 Z] [INFO] [cadence.virtuoso.ade.simulationMonitor] - Notice from spectre.
    Multithreading enabled: 8 threads in the system with 48 available processors. {"history": "Interactive.356", "point": 31, "testname": "TIA_Gain_Linearity", "cornername": "CMOS_VDD_Res_Cap_Temp_29"}
[2026-06-03 12:07:08.786 Z] [INFO] [cadence.virtuoso.ade.simulationMonitor] - Peak resident memory used = 293 Mbytes. {"history": "Interactive.356", "point": 31, "testname": "TIA_Gain_Linearity", "cornername": "CMOS_VDD_Res_Cap_Temp_29"}
[2026-06-03 12:07:08.786 Z] [INFO] [cadence.virtuoso.ade.simulationMonitor] -    -   (Spectre X) Multi-threading. The recommended number of threads is [4, 8], consider adding +mt=4 or +mt=8 on command line. {"history": "Interactive.356", "point": 31, "testname": "TIA_Gain_Linearity", "cornername": "CMOS_VDD_Res_Cap_Temp_29"}
[2026-06-03 12:07:08.786 Z] [INFO] [cadence.virtuoso.ade.simulationMonitor] - Notice from spectre during transient analysis `tran'.
    No checklimit analysis defined for asserts. A default checklimit analysis 'SpectreChecklimitAnal' has been created with all asserts enabled. {"history": "Interactive.356", "point": 31, "testname": "TIA_Gain_Linearity", "cornername": "CMOS_VDD_Res_Cap_Temp_29"}
[2026-06-03 12:07:09.287 Z] [INFO] [cadence.virtuoso.ade.simulationMonitor] - Notice from spectre during IC analysis, during transient analysis `tran'.
    Bad pivoting is found during DC analysis. Option dc_pivot_check=yes is recommended for possible improvement of convergence. {"history": "Interactive.356", "point": 31, "testname": "TIA_Gain_Linearity", "cornername": "CMOS_VDD_Res_Cap_Temp_29"}
[2026-06-03 12:07:09.287 Z] [WARN] [cadence.virtuoso.ade.simulationMonitor] -     WARNING (CMI-2943): Parameter checks have been ignored because the valid value for parameter 'trise' could not be found in 'C0'. {"history": "Interactive.356", "point": 31, "testname": "TIA_Gain_Linearity", "cornername": "CMOS_VDD_Res_Cap_Temp_29"}
[2026-06-03 12:07:09.287 Z] [WARN] [cadence.virtuoso.ade.simulationMonitor] -     WARNING (CMI-2943): Parameter checks have been ignored because the valid value for parameter 'trise' could not be found in 'C1'. {"history": "Interactive.356", "point": 31, "testname": "TIA_Gain_Linearity", "cornername": "CMOS_VDD_Res_Cap_Temp_29"}
[2026-06-03 12:07:09.288 Z] [WARN] [cadence.virtuoso.ade.simulationMonitor] -     WARNING (CMI-2943): Parameter checks have been ignored because the valid value for parameter 'trise' could not be found in 'C11'. {"history": "Interactive.356", "point": 31, "testname": "TIA_Gain_Linearity", "cornername": "CMOS_VDD_Res_Cap_Temp_29"}
[2026-06-03 12:07:09.288 Z] [WARN] [cadence.virtuoso.ade.simulationMonitor] -     WARNING (CMI-2943): Parameter checks have been ignored because the valid value for parameter 'trise' could not be found in 'C12'. {"history": "Interactive.356", "point": 31, "testname": "TIA_Gain_Linearity", "cornername": "CMOS_VDD_Res_Cap_Temp_29"}
[2026-06-03 12:07:09.288 Z] [WARN] [cadence.virtuoso.ade.simulationMonitor] -     WARNING (CMI-2943): Parameter checks have been ignored because the valid value for parameter 'trise' could not be found in 'C5'.
        Further occurrences of this warning will be suppressed. {"history": "Interactive.356", "point": 31, "testname": "TIA_Gain_Linearity", "cornername": "CMOS_VDD_Res_Cap_Temp_29"}
[2026-06-03 12:07:09.288 Z] [WARN] [cadence.virtuoso.ade.simulationMonitor] -     WARNING (SPECTRE-17192): 
        Tolerance relaxation is used during DC simulation which may affect the accuracy of the result. This is mainly caused by the high impedance nodes in the circuit. Use the dyn_highz check to determine the high impedance nodes. Setting/assigning appropriate initial values to these nodes will usually help to improve both performance and accuracy of DC simulations. {"history": "Interactive.356", "point": 31, "testname": "TIA_Gain_Linearity", "cornername": "CMOS_VDD_Res_Cap_Temp_29"}
[2026-06-03 12:07:17.293 Z] [INFO] [cadence.virtuoso.ade.simulationMonitor] - Total time required for tran analysis `tran': CPU = 50.7513 s, elapsed = 8.35748 s, util. = 607%. {"history": "Interactive.356", "point": 31, "testname": "TIA_Gain_Linearity", "cornername": "CMOS_VDD_Res_Cap_Temp_29"}
[2026-06-03 12:07:17.293 Z] [INFO] [cadence.virtuoso.ade.simulationMonitor] - Peak resident memory used = 354 Mbytes. {"history": "Interactive.356", "point": 31, "testname": "TIA_Gain_Linearity", "cornername": "CMOS_VDD_Res_Cap_Temp_29"}
[2026-06-03 12:07:17.293 Z] [INFO] [cadence.virtuoso.ade.simulationMonitor] - Notice from spectre.
    1071 warnings suppressed. {"history": "Interactive.356", "point": 31, "testname": "TIA_Gain_Linearity", "cornername": "CMOS_VDD_Res_Cap_Temp_29"}
[2026-06-03 12:07:17.293 Z] [WARN] [cadence.virtuoso.ade.simulationMonitor] -     WARNING (CMI-2425): I7.I0.C0<0>_dummy: `Acde' = 2.393 is unusually large. {"history": "Interactive.356", "point": 31, "testname": "TIA_Gain_Linearity", "cornername": "CMOS_VDD_Res_Cap_Temp_29"}
[2026-06-03 12:07:17.294 Z] [WARN] [cadence.virtuoso.ade.simulationMonitor] -     WARNING (CMI-2425): I7.I0.C0<0>_dummy: `Noff' = 4.732 is unusually large. {"history": "Interactive.356", "point": 31, "testname": "TIA_Gain_Linearity", "cornername": "CMOS_VDD_Res_Cap_Temp_29"}
[2026-06-03 12:07:17.294 Z] [WARN] [cadence.virtuoso.ade.simulationMonitor] -     WARNING (CMI-2424): I7.I0.C0<0>_dummy: `Voffcv' = -867.4e-03 is unusually small. {"history": "Interactive.356", "point": 31, "testname": "TIA_Gain_Linearity", "cornername": "CMOS_VDD_Res_Cap_Temp_29"}
[2026-06-03 12:07:17.294 Z] [WARN] [cadence.virtuoso.ade.simulationMonitor] -     WARNING (CMI-2425): I7.I3.C1<0>_dummy: `Acde' = 2.393 is unusually large. {"history": "Interactive.356", "point": 31, "testname": "TIA_Gain_Linearity", "cornername": "CMOS_VDD_Res_Cap_Temp_29"}
[2026-06-03 12:07:17.294 Z] [WARN] [cadence.virtuoso.ade.simulationMonitor] -     WARNING (CMI-2425): I7.I3.C1<0>_dummy: `Noff' = 4.732 is unusually large. {"history": "Interactive.356", "point": 31, "testname": "TIA_Gain_Linearity", "cornername": "CMOS_VDD_Res_Cap_Temp_29"}
[2026-06-03 12:07:17.294 Z] [WARN] [cadence.virtuoso.ade.simulationMonitor] -     WARNING (CMI-2424): I7.I3.C1<0>_dummy: `Voffcv' = -867.4e-03 is unusually small. {"history": "Interactive.356", "point": 31, "testname": "TIA_Gain_Linearity", "cornername": "CMOS_VDD_Res_Cap_Temp_29"}
[2026-06-03 12:07:17.294 Z] [WARN] [cadence.virtuoso.ade.simulationMonitor] -     WARNING (CMI-2425): I7.I4.C1<0>_dummy: `Acde' = 2.393 is unusually large.
        Further occurrences of this warning will be suppressed. {"history": "Interactive.356", "point": 31, "testname": "TIA_Gain_Linearity", "cornername": "CMOS_VDD_Res_Cap_Temp_29"}
[2026-06-03 12:07:17.295 Z] [WARN] [cadence.virtuoso.ade.simulationMonitor] -     WARNING (CMI-2424): I7.I4.C1<0>_dummy: `Voffcv' = -867.4e-03 is unusually small. {"history": "Interactive.356", "point": 31, "testname": "TIA_Gain_Linearity", "cornername": "CMOS_VDD_Res_Cap_Temp_29"}
[2026-06-03 12:07:17.295 Z] [INFO] [cadence.virtuoso.ade.simulationMonitor] - Notice from spectre.
    1 warning suppressed. {"history": "Interactive.356", "point": 31, "testname": "TIA_Gain_Linearity", "cornername": "CMOS_VDD_Res_Cap_Temp_29"}
[2026-06-03 12:07:17.295 Z] [WARN] [cadence.virtuoso.ade.simulationMonitor] -     WARNING (CMI-2425): I7.I0.C0<0>_dummy: `Acde' = 2.393 is unusually large. {"history": "Interactive.356", "point": 31, "testname": "TIA_Gain_Linearity", "cornername": "CMOS_VDD_Res_Cap_Temp_29"}
[2026-06-03 12:07:17.295 Z] [WARN] [cadence.virtuoso.ade.simulationMonitor] -     WARNING (CMI-2425): I7.I0.C0<0>_dummy: `Noff' = 4.732 is unusually large. {"history": "Interactive.356", "point": 31, "testname": "TIA_Gain_Linearity", "cornername": "CMOS_VDD_Res_Cap_Temp_29"}
[2026-06-03 12:07:17.295 Z] [WARN] [cadence.virtuoso.ade.simulationMonitor] -     WARNING (CMI-2424): I7.I0.C0<0>_dummy: `Voffcv' = -867.4e-03 is unusually small. {"history": "Interactive.356", "point": 31, "testname": "TIA_Gain_Linearity", "cornername": "CMOS_VDD_Res_Cap_Temp_29"}
[2026-06-03 12:07:17.295 Z] [WARN] [cadence.virtuoso.ade.simulationMonitor] -     WARNING (CMI-2425): I7.I3.C1<0>_dummy: `Acde' = 2.393 is unusually large. {"history": "Interactive.356", "point": 31, "testname": "TIA_Gain_Linearity", "cornername": "CMOS_VDD_Res_Cap_Temp_29"}
[2026-06-03 12:07:17.296 Z] [WARN] [cadence.virtuoso.ade.simulationMonitor] -     WARNING (CMI-2425): I7.I3.C1<0>_dummy: `Noff' = 4.732 is unusually large. {"history": "Interactive.356", "point": 31, "testname": "TIA_Gain_Linearity", "cornername": "CMOS_VDD_Res_Cap_Temp_29"}
[2026-06-03 12:07:17.296 Z] [WARN] [cadence.virtuoso.ade.simulationMonitor] -     WARNING (CMI-2424): I7.I3.C1<0>_dummy: `Voffcv' = -867.4e-03 is unusually small. {"history": "Interactive.356", "point": 31, "testname": "TIA_Gain_Linearity", "cornername": "CMOS_VDD_Res_Cap_Temp_29"}
[2026-06-03 12:07:17.296 Z] [WARN] [cadence.virtuoso.ade.simulationMonitor] -     WARNING (CMI-2425): I7.I4.C1<0>_dummy: `Acde' = 2.393 is unusually large.
        Further occurrences of this warning will be suppressed. {"history": "Interactive.356", "point": 31, "testname": "TIA_Gain_Linearity", "cornername": "CMOS_VDD_Res_Cap_Temp_29"}
[2026-06-03 12:07:17.296 Z] [WARN] [cadence.virtuoso.ade.simulationMonitor] -     WARNING (CMI-2424): I7.I4.C1<0>_dummy: `Voffcv' = -867.4e-03 is unusually small. {"history": "Interactive.356", "point": 31, "testname": "TIA_Gain_Linearity", "cornername": "CMOS_VDD_Res_Cap_Temp_29"}
[2026-06-03 12:07:17.296 Z] [INFO] [cadence.virtuoso.ade.simulationMonitor] - Notice from spectre.
    1 warning suppressed. {"history": "Interactive.356", "point": 31, "testname": "TIA_Gain_Linearity", "cornername": "CMOS_VDD_Res_Cap_Temp_29"}
[2026-06-03 12:07:17.798 Z] [INFO] [cadence.virtuoso.ade.simulationMonitor] - Time used: CPU = 56.8 s, elapsed = 15.1 s, util. = 375%. {"history": "Interactive.356", "point": 31, "testname": "TIA_Gain_Linearity", "cornername": "CMOS_VDD_Res_Cap_Temp_29"}
[2026-06-03 12:07:17.799 Z] [INFO] [cadence.virtuoso.ade.simulationMonitor] - Time spent in licensing: elapsed = 95.6 ms. {"history": "Interactive.356", "point": 31, "testname": "TIA_Gain_Linearity", "cornername": "CMOS_VDD_Res_Cap_Temp_29"}
[2026-06-03 12:07:17.800 Z] [INFO] [cadence.virtuoso.ade.simulationMonitor] - Peak memory used = 354 Mbytes. {"history": "Interactive.356", "point": 31, "testname": "TIA_Gain_Linearity", "cornername": "CMOS_VDD_Res_Cap_Temp_29"}
[2026-06-03 12:07:17.801 Z] [PROCESS] [cadence.virtuoso.ade.simulationMonitor] - Simulation started at: 12:07:02 PM, Wed Jun 3, 2026, ended at: 12:07:17 PM, Wed Jun 3, 2026, with elapsed time (wall clock): 15.1 s. {"history": "Interactive.356", "point": 31, "testname": "TIA_Gain_Linearity", "cornername": "CMOS_VDD_Res_Cap_Temp_29"}
[2026-06-03 12:07:17.801 Z] [PROCESS] [cadence.virtuoso.ade.simulationMonitor] - spectre completes with 0 errors, 76 warnings, and 28 notices. {"history": "Interactive.356", "point": 31, "testname": "TIA_Gain_Linearity", "cornername": "CMOS_VDD_Res_Cap_Temp_29"}
[2026-06-03 12:07:17.801 Z] [PROCESS] [cadence.virtuoso.ade.simulationMonitor] - Finished simulating for one point {"hostname": "il2244vt26_hrahimi", "processid": 2498769, "history": "Interactive.356", "testname": "TIA_Gain_Linearity", "cornername": "CMOS_VDD_Res_Cap_Temp_29", "point": 31, "logfile": "/home/hrahimi/projects/POTENTIOSTAT_26/logs_hrahimi/logs0/Job19.log", "simid": "14"}
[2026-06-03 12:07:17.802 Z] [PROCESS] [cadence.virtuoso.ade.simulationMonitor] - Simulator exited {"hostname": "il2244vt26_hrahimi", "processid": 2498769, "history": "Interactive.356", "testname": "TIA_Gain_Linearity", "cornername": "CMOS_VDD_Res_Cap_Temp_29", "point": 31, "logfile": "/home/hrahimi/projects/POTENTIOSTAT_26/logs_hrahimi/logs0/Job19.log", "exitStatus": "0"}
[2026-06-03 12:07:17.802 Z] [PROCESS] [cadence.virtuoso.ade.simulationMonitor] - Finished Simulation {"hostname": "il2244vt26_hrahimi", "processid": 2498769, "history": "Interactive.356", "testname": "TIA_Gain_Linearity", "cornername": "CMOS_VDD_Res_Cap_Temp_29", "point": 31, "logfile": "/home/hrahimi/projects/POTENTIOSTAT_26/logs_hrahimi/logs0/Job19.log", "simid": "14"}
[2026-06-03 12:07:22.314 Z] [PROCESS] [cadence.virtuoso.ade.simulationMonitor] - Point Finished {"hostname": "il2244vt26_hrahimi", "processid": 2498769, "history": "Interactive.356", "testname": "TIA_Gain_Linearity", "cornername": "CMOS_VDD_Res_Cap_Temp_29", "point": 31, "logfile": "/home/hrahimi/projects/POTENTIOSTAT_26/logs_hrahimi/logs0/Job19.log"}
[2026-06-03 12:07:22.317 Z] [PROCESS] [cadence.virtuoso.ade.simulationMonitor] - HostInfo:
Host name (type):	il2244vt26_hrahimi (x86_64)
Operating system:	Linux 5.15.0-164-generic #174-Ubuntu SMP Fri Nov 14 20:25:16 UTC 2025 {"hostname": "il2244vt26_hrahimi", "processid": 2498769, "history": "Interactive.356", "testname": "TIA_Gain_Linearity", "cornername": "CMOS_VDD_Res_Cap_Temp_29", "point": 31, "logfile": "/home/hrahimi/projects/POTENTIOSTAT_26/logs_hrahimi/logs0/Job19.log", "nodename": "il2244vt26_hrahimi", "domainname": "(none)", "machine": "x86_64", "sysname": "Linux", "release": "5.15.0-164-generic", "version": "#174-Ubuntu SMP Fri Nov 14 20:25:16 UTC 2025"}
[2026-06-03 12:07:22.317 Z] [PROCESS] [cadence.virtuoso.ade.simulationMonitor] - UsageInfo:
pid=2498769
totalPhysicalMemory=3023.749672GB,Used=2717.295277GB,totalVirtualMemory=3031.749668GB,Used=2717.401722GB
Cpu: Cores=48, Load average:45.290000,44.180000,33.220000 {"hostname": "il2244vt26_hrahimi", "processid": 2498769, "history": "Interactive.356", "testname": "TIA_Gain_Linearity", "cornername": "CMOS_VDD_Res_Cap_Temp_29", "point": 31, "logfile": "/home/hrahimi/projects/POTENTIOSTAT_26/logs_hrahimi/logs0/Job19.log", "pid": "2498769", "totalPhysicalMemory": "3023.749672", "physicalMemoryUsed": "2717.295277", "totalVirtualMemory": "3031.749668", "virtualMemoryUsed": "2717.401722", "cpuCores": "48", "processes": "29719", "loadAverage1": "45.290000", "loadAverage5": "44.180000", "loadAverage15": "33.220000", "loadAverage1Percent": "0.943542"}
[2026-06-03 12:07:22.319 Z] [EVENT] [cadence.virtuoso.ade.simulationMonitor] - NewPoint {"history": "Interactive.356", "point": 32, "testname": "TIA_Gain_Linearity", "cornername": "CMOS_VDD_Res_Cap_Temp_30", "event": "NewPoint", "EventSource": "Simulation Monitor", "HistoryName": "Interactive.356", "logFile": "/home/hrahimi/projects/POTENTIOSTAT_26/logs_hrahimi/logs0/Job19.log", "logFileSize": "561971"}
[2026-06-03 12:07:22.421 Z] [EVENT] [cadence.virtuoso.ade.simulationMonitor] - NewPoint {"history": "Interactive.356", "point": 32, "testname": "TIA_Gain_Linearity", "cornername": "CMOS_VDD_Res_Cap_Temp_30", "event": "NewPoint", "EventSource": "spectre", "HistoryName": "Interactive.356", "logFile": "/home/hrahimi/projects/POTENTIOSTAT_26/Sim/Potentiostat_Top/top/maestro/results/maestro/Interactive.356/32/TIA_Gain_Linearity/psf/spectre.out", "logFileSize": "-1"}
[2026-06-03 12:07:22.432 Z] [PROCESS] [cadence.virtuoso.ade.simulationMonitor] - Simulator launched {"hostname": "il2244vt26_hrahimi", "processid": 2498769, "history": "Interactive.356", "testname": "TIA_Gain_Linearity", "cornername": "CMOS_VDD_Res_Cap_Temp_30", "point": 32, "logfile": "/home/hrahimi/projects/POTENTIOSTAT_26/logs_hrahimi/logs0/Job19.log", "simid": "15"}
[2026-06-03 12:07:22.494 Z] [PROCESS] [cadence.virtuoso.ade.simulationMonitor] - Started Simulation {"hostname": "il2244vt26_hrahimi", "processid": 2498769, "history": "Interactive.356", "testname": "TIA_Gain_Linearity", "cornername": "CMOS_VDD_Res_Cap_Temp_30", "point": 32, "logfile": "/home/hrahimi/projects/POTENTIOSTAT_26/logs_hrahimi/logs0/Job19.log", "event": "started", "task": "simulation"}
[2026-06-03 12:07:23.495 Z] [WARN] [cadence.virtuoso.ade.simulationMonitor] -     WARNING (SPECTRE-691): This CPU processor does not support x86 advanced vector extensions instructions. This may affect math operations and slow down the simulation. {"history": "Interactive.356", "point": 32, "testname": "TIA_Gain_Linearity", "cornername": "CMOS_VDD_Res_Cap_Temp_30"}
[2026-06-03 12:07:23.496 Z] [INFO] [cadence.virtuoso.ade.simulationMonitor] - Notice from spectre during circuit read-in.
    Pre_Configuration file used: /opt/tools/cadence/installs/SPECTRE241/tools.lnx86/spectre/etc/configs/preset.precfg
    Configuration file used: `/opt/tools/cadence/installs/SPECTRE241/tools.lnx86/spectre/etc/configs/preset.cfg'. {"history": "Interactive.356", "point": 32, "testname": "TIA_Gain_Linearity", "cornername": "CMOS_VDD_Res_Cap_Temp_30"}
[2026-06-03 12:07:23.496 Z] [WARN] [cadence.virtuoso.ade.simulationMonitor] -     WARNING (SPECTRE-8360): line 1511: `ac' is an undefined primitive device. {"history": "Interactive.356", "point": 32, "testname": "TIA_Gain_Linearity", "cornername": "CMOS_VDD_Res_Cap_Temp_30"}
[2026-06-03 12:07:23.496 Z] [WARN] [cadence.virtuoso.ade.simulationMonitor] -     WARNING (SPECTRE-8360): line 1512: `ac' is an undefined primitive device. {"history": "Interactive.356", "point": 32, "testname": "TIA_Gain_Linearity", "cornername": "CMOS_VDD_Res_Cap_Temp_30"}
[2026-06-03 12:07:23.497 Z] [WARN] [cadence.virtuoso.ade.simulationMonitor] -     WARNING (SPECTRE-8360): line 1513: `ac' is an undefined primitive device. {"history": "Interactive.356", "point": 32, "testname": "TIA_Gain_Linearity", "cornername": "CMOS_VDD_Res_Cap_Temp_30"}
[2026-06-03 12:07:23.497 Z] [WARN] [cadence.virtuoso.ade.simulationMonitor] -     WARNING (SPECTRE-8360): line 1514: `ac' is an undefined primitive device. {"history": "Interactive.356", "point": 32, "testname": "TIA_Gain_Linearity", "cornername": "CMOS_VDD_Res_Cap_Temp_30"}
[2026-06-03 12:07:23.497 Z] [WARN] [cadence.virtuoso.ade.simulationMonitor] -     WARNING (SPECTRE-8360): line 1515: `ac' is an undefined primitive device.
        Further occurrences of this warning will be suppressed. {"history": "Interactive.356", "point": 32, "testname": "TIA_Gain_Linearity", "cornername": "CMOS_VDD_Res_Cap_Temp_30"}
[2026-06-03 12:07:23.497 Z] [WARN] [cadence.virtuoso.ade.simulationMonitor] -     WARNING (VACOMP-2435): The environment variable CDS_AHDLCMI_ENABLE is no longer supported. Therefore, the simulator will use the default compiled C code flow. {"history": "Interactive.356", "point": 32, "testname": "TIA_Gain_Linearity", "cornername": "CMOS_VDD_Res_Cap_Temp_30"}
[2026-06-03 12:07:23.498 Z] [INFO] [cadence.virtuoso.ade.simulationMonitor] - Peak resident memory used = 194 Mbytes. {"history": "Interactive.356", "point": 32, "testname": "TIA_Gain_Linearity", "cornername": "CMOS_VDD_Res_Cap_Temp_30"}
[2026-06-03 12:07:23.998 Z] [WARN] [cadence.virtuoso.ade.simulationMonitor] -     WARNING (SFE-2649): Terminals of top-level instance `R50', in file`netlist', at line 1168, are connected. Remove the instance and rerun the simulation. {"history": "Interactive.356", "point": 32, "testname": "TIA_Gain_Linearity", "cornername": "CMOS_VDD_Res_Cap_Temp_30"}
[2026-06-03 12:07:23.999 Z] [WARN] [cadence.virtuoso.ade.simulationMonitor] -     WARNING (SFE-2649): Terminals of top-level instance `R48', in file`netlist', at line 1211, are connected. Remove the instance and rerun the simulation. {"history": "Interactive.356", "point": 32, "testname": "TIA_Gain_Linearity", "cornername": "CMOS_VDD_Res_Cap_Temp_30"}
[2026-06-03 12:07:24.500 Z] [WARN] [cadence.virtuoso.ade.simulationMonitor] -     WARNING (SFE-3027): The dangling resistor I2.rb144 is removed. {"history": "Interactive.356", "point": 32, "testname": "TIA_Gain_Linearity", "cornername": "CMOS_VDD_Res_Cap_Temp_30"}
[2026-06-03 12:07:24.500 Z] [WARN] [cadence.virtuoso.ade.simulationMonitor] -     WARNING (SFE-3027): The dangling resistor I2.rb241 is removed. {"history": "Interactive.356", "point": 32, "testname": "TIA_Gain_Linearity", "cornername": "CMOS_VDD_Res_Cap_Temp_30"}
[2026-06-03 12:07:24.501 Z] [WARN] [cadence.virtuoso.ade.simulationMonitor] -     WARNING (SFE-3027): The dangling resistor I2.rb613 is removed. {"history": "Interactive.356", "point": 32, "testname": "TIA_Gain_Linearity", "cornername": "CMOS_VDD_Res_Cap_Temp_30"}
[2026-06-03 12:07:24.501 Z] [WARN] [cadence.virtuoso.ade.simulationMonitor] -     WARNING (SFE-3027): The dangling resistor I2.rd794 is removed. {"history": "Interactive.356", "point": 32, "testname": "TIA_Gain_Linearity", "cornername": "CMOS_VDD_Res_Cap_Temp_30"}
[2026-06-03 12:07:24.501 Z] [WARN] [cadence.virtuoso.ade.simulationMonitor] -     WARNING (SFE-3012): The dummy device I0.I16.DLIB9 is removed. {"history": "Interactive.356", "point": 32, "testname": "TIA_Gain_Linearity", "cornername": "CMOS_VDD_Res_Cap_Temp_30"}
[2026-06-03 12:07:24.501 Z] [WARN] [cadence.virtuoso.ade.simulationMonitor] -     WARNING (SFE-3012): The dummy device I0.I15.DLIB9 is removed. {"history": "Interactive.356", "point": 32, "testname": "TIA_Gain_Linearity", "cornername": "CMOS_VDD_Res_Cap_Temp_30"}
[2026-06-03 12:07:24.501 Z] [WARN] [cadence.virtuoso.ade.simulationMonitor] -     WARNING (SFE-3012): The dummy device I0.I0.DLIB6 is removed. {"history": "Interactive.356", "point": 32, "testname": "TIA_Gain_Linearity", "cornername": "CMOS_VDD_Res_Cap_Temp_30"}
[2026-06-03 12:07:24.502 Z] [WARN] [cadence.virtuoso.ade.simulationMonitor] -     WARNING (SFE-3012): The dummy device I7.I2.MP12<0>_turbo_m34 is removed. {"history": "Interactive.356", "point": 32, "testname": "TIA_Gain_Linearity", "cornername": "CMOS_VDD_Res_Cap_Temp_30"}
[2026-06-03 12:07:24.502 Z] [WARN] [cadence.virtuoso.ade.simulationMonitor] -     WARNING (SFE-3012): The dummy device I0.I16.DLIB10 is removed.
        Further occurrences of this warning will be suppressed. {"history": "Interactive.356", "point": 32, "testname": "TIA_Gain_Linearity", "cornername": "CMOS_VDD_Res_Cap_Temp_30"}
[2026-06-03 12:07:24.502 Z] [WARN] [cadence.virtuoso.ade.simulationMonitor] -     WARNING (SFE-3029): The dummy capacitor I7.I0.R3.CS1 is removed. {"history": "Interactive.356", "point": 32, "testname": "TIA_Gain_Linearity", "cornername": "CMOS_VDD_Res_Cap_Temp_30"}
[2026-06-03 12:07:24.502 Z] [WARN] [cadence.virtuoso.ade.simulationMonitor] -     WARNING (SFE-3027): The dangling resistor I2.re2693 is removed.
        Further occurrences of this warning will be suppressed. {"history": "Interactive.356", "point": 32, "testname": "TIA_Gain_Linearity", "cornername": "CMOS_VDD_Res_Cap_Temp_30"}
[2026-06-03 12:07:24.502 Z] [WARN] [cadence.virtuoso.ade.simulationMonitor] -     WARNING (SFE-3029): The dummy capacitor I7.I13_turbo_m5.C0.C1 is removed. {"history": "Interactive.356", "point": 32, "testname": "TIA_Gain_Linearity", "cornername": "CMOS_VDD_Res_Cap_Temp_30"}
[2026-06-03 12:07:24.503 Z] [WARN] [cadence.virtuoso.ade.simulationMonitor] -     WARNING (SFE-3029): The dummy capacitor I7.I10_turbo_m4.C0.C1 is removed. {"history": "Interactive.356", "point": 32, "testname": "TIA_Gain_Linearity", "cornername": "CMOS_VDD_Res_Cap_Temp_30"}
[2026-06-03 12:07:24.503 Z] [WARN] [cadence.virtuoso.ade.simulationMonitor] -     WARNING (SFE-3029): The dummy capacitor I7.I1.R2.CS1 is removed. {"history": "Interactive.356", "point": 32, "testname": "TIA_Gain_Linearity", "cornername": "CMOS_VDD_Res_Cap_Temp_30"}
[2026-06-03 12:07:24.503 Z] [WARN] [cadence.virtuoso.ade.simulationMonitor] -     WARNING (SFE-3028): The floating resistor R8 is removed. {"history": "Interactive.356", "point": 32, "testname": "TIA_Gain_Linearity", "cornername": "CMOS_VDD_Res_Cap_Temp_30"}
[2026-06-03 12:07:24.503 Z] [WARN] [cadence.virtuoso.ade.simulationMonitor] -     WARNING (SFE-3029): The dummy capacitor I7.I4.R31.CS1 is removed.
        Further occurrences of this warning will be suppressed. {"history": "Interactive.356", "point": 32, "testname": "TIA_Gain_Linearity", "cornername": "CMOS_VDD_Res_Cap_Temp_30"}
[2026-06-03 12:07:24.503 Z] [WARN] [cadence.virtuoso.ade.simulationMonitor] -     WARNING (SFE-3015): The dangling node I2.210\:GNDA is removed. {"history": "Interactive.356", "point": 32, "testname": "TIA_Gain_Linearity", "cornername": "CMOS_VDD_Res_Cap_Temp_30"}
[2026-06-03 12:07:24.503 Z] [WARN] [cadence.virtuoso.ade.simulationMonitor] -     WARNING (SFE-3015): The dangling node I2.222\:POT_OUT is removed. {"history": "Interactive.356", "point": 32, "testname": "TIA_Gain_Linearity", "cornername": "CMOS_VDD_Res_Cap_Temp_30"}
[2026-06-03 12:07:24.504 Z] [WARN] [cadence.virtuoso.ade.simulationMonitor] -     WARNING (SFE-3015): The dangling node I2.13\:I25|I35|SN is removed. {"history": "Interactive.356", "point": 32, "testname": "TIA_Gain_Linearity", "cornername": "CMOS_VDD_Res_Cap_Temp_30"}
[2026-06-03 12:07:24.504 Z] [WARN] [cadence.virtuoso.ade.simulationMonitor] -     WARNING (SFE-3015): The dangling node I2.29\:Calib_EN is removed. {"history": "Interactive.356", "point": 32, "testname": "TIA_Gain_Linearity", "cornername": "CMOS_VDD_Res_Cap_Temp_30"}
[2026-06-03 12:07:24.504 Z] [WARN] [cadence.virtuoso.ade.simulationMonitor] -     WARNING (SFE-3015): The dangling node I2.693\:VPI is removed.
        Further occurrences of this warning will be suppressed. {"history": "Interactive.356", "point": 32, "testname": "TIA_Gain_Linearity", "cornername": "CMOS_VDD_Res_Cap_Temp_30"}
[2026-06-03 12:07:24.504 Z] [WARN] [cadence.virtuoso.ade.simulationMonitor] -     WARNING (SFE-3016): The floating node net74 is removed. {"history": "Interactive.356", "point": 32, "testname": "TIA_Gain_Linearity", "cornername": "CMOS_VDD_Res_Cap_Temp_30"}
[2026-06-03 12:07:24.504 Z] [WARN] [cadence.virtuoso.ade.simulationMonitor] -     WARNING (SFE-3016): The floating node net73 is removed. {"history": "Interactive.356", "point": 32, "testname": "TIA_Gain_Linearity", "cornername": "CMOS_VDD_Res_Cap_Temp_30"}
[2026-06-03 12:07:24.504 Z] [INFO] [cadence.virtuoso.ade.simulationMonitor] - Notice from spectre during hierarchy flattening.
    Spectre X Parasitic Optimization enabled.
    Parasitic optimization will filter out parasitic nodes, nodes only connected to RCs, by default. To view individual parasitic nodes use individual save statements (i.e. save out), or use the 'savefilter=none' option to save all parasitic nodes. Saving all parasitic nodes may slow down simulation and create large waveform files. {"history": "Interactive.356", "point": 32, "testname": "TIA_Gain_Linearity", "cornername": "CMOS_VDD_Res_Cap_Temp_30"}
[2026-06-03 12:07:24.507 Z] [INFO] [cadence.virtuoso.ade.simulationMonitor] - Peak resident memory used = 224 Mbytes. {"history": "Interactive.356", "point": 32, "testname": "TIA_Gain_Linearity", "cornername": "CMOS_VDD_Res_Cap_Temp_30"}
[2026-06-03 12:07:24.508 Z] [INFO] [cadence.virtuoso.ade.simulationMonitor] - Notice from spectre during hierarchy flattening.
    The value 'psf' specified for the 'checklimitdest' option will no longer be supported in future releases. Use 'spectre -h' to see other recommended values for the 'checklimitdest' option.
    I0.I46.RLIB_GC1.CS0 of rpoly1c: `c' has the unusually small value of 634.694e-21 F.
    I0.I46.RLIB_GC1.CS1 of rpoly1c: `c' has the unusually small value of 634.694e-21 F.
    I0.I45.RLIB_GC1.CS0 of rpoly1c: `c' has the unusually small value of 634.694e-21 F.
    I0... {"history": "Interactive.356", "point": 32, "testname": "TIA_Gain_Linearity", "cornername": "CMOS_VDD_Res_Cap_Temp_30"}
[2026-06-03 12:07:24.508 Z] [INFO] [cadence.virtuoso.ade.simulationMonitor] - Notice from spectre during hierarchy flattening.
    V8: `period' has the unusually large value of 100 s.
    V7: `period' has the unusually large value of 10 s.
    V3: `period' has the unusually large value of 6 s.
    I26: `period' has the unusually large value of 6 s. {"history": "Interactive.356", "point": 32, "testname": "TIA_Gain_Linearity", "cornername": "CMOS_VDD_Res_Cap_Temp_30"}
[2026-06-03 12:07:24.508 Z] [INFO] [cadence.virtuoso.ade.simulationMonitor] - Peak resident memory used = 234 Mbytes. {"history": "Interactive.356", "point": 32, "testname": "TIA_Gain_Linearity", "cornername": "CMOS_VDD_Res_Cap_Temp_30"}
[2026-06-03 12:07:24.508 Z] [WARN] [cadence.virtuoso.ade.simulationMonitor] -     WARNING (CMI-2425): I2.I56|C3: `Acde' = 2.393 is unusually large. {"history": "Interactive.356", "point": 32, "testname": "TIA_Gain_Linearity", "cornername": "CMOS_VDD_Res_Cap_Temp_30"}
[2026-06-03 12:07:24.508 Z] [WARN] [cadence.virtuoso.ade.simulationMonitor] -     WARNING (CMI-2425): I2.I56|C3: `Noff' = 4.732 is unusually large. {"history": "Interactive.356", "point": 32, "testname": "TIA_Gain_Linearity", "cornername": "CMOS_VDD_Res_Cap_Temp_30"}
[2026-06-03 12:07:24.509 Z] [WARN] [cadence.virtuoso.ade.simulationMonitor] -     WARNING (CMI-2424): I2.I56|C3: `Voffcv' = -867.4e-03 is unusually small. {"history": "Interactive.356", "point": 32, "testname": "TIA_Gain_Linearity", "cornername": "CMOS_VDD_Res_Cap_Temp_30"}
[2026-06-03 12:07:24.509 Z] [WARN] [cadence.virtuoso.ade.simulationMonitor] -     WARNING (CMI-2425): I2.I56|C4: `Acde' = 2.393 is unusually large. {"history": "Interactive.356", "point": 32, "testname": "TIA_Gain_Linearity", "cornername": "CMOS_VDD_Res_Cap_Temp_30"}
[2026-06-03 12:07:24.509 Z] [WARN] [cadence.virtuoso.ade.simulationMonitor] -     WARNING (CMI-2425): I2.I56|C4: `Noff' = 4.732 is unusually large. {"history": "Interactive.356", "point": 32, "testname": "TIA_Gain_Linearity", "cornername": "CMOS_VDD_Res_Cap_Temp_30"}
[2026-06-03 12:07:24.509 Z] [WARN] [cadence.virtuoso.ade.simulationMonitor] -     WARNING (CMI-2424): I2.I56|C4: `Voffcv' = -867.4e-03 is unusually small. {"history": "Interactive.356", "point": 32, "testname": "TIA_Gain_Linearity", "cornername": "CMOS_VDD_Res_Cap_Temp_30"}
[2026-06-03 12:07:24.509 Z] [WARN] [cadence.virtuoso.ade.simulationMonitor] -     WARNING (CMI-2425): I2.I56|C5: `Acde' = 2.393 is unusually large.
        Further occurrences of this warning will be suppressed. {"history": "Interactive.356", "point": 32, "testname": "TIA_Gain_Linearity", "cornername": "CMOS_VDD_Res_Cap_Temp_30"}
[2026-06-03 12:07:24.509 Z] [WARN] [cadence.virtuoso.ade.simulationMonitor] -     WARNING (CMI-2424): I2.I56|C5: `Voffcv' = -867.4e-03 is unusually small. {"history": "Interactive.356", "point": 32, "testname": "TIA_Gain_Linearity", "cornername": "CMOS_VDD_Res_Cap_Temp_30"}
[2026-06-03 12:07:24.510 Z] [WARN] [cadence.virtuoso.ade.simulationMonitor] -     WARNING (CMI-2424): I7.I4.C1<0>_turbo_m11: `Voffcv' = -867.4e-03 is unusually small. {"history": "Interactive.356", "point": 32, "testname": "TIA_Gain_Linearity", "cornername": "CMOS_VDD_Res_Cap_Temp_30"}
[2026-06-03 12:07:24.510 Z] [WARN] [cadence.virtuoso.ade.simulationMonitor] -     WARNING (CMI-2424): I7.I3.C1<0>_turbo_m6: `Voffcv' = -867.4e-03 is unusually small.
        Further occurrences of this warning will be suppressed. {"history": "Interactive.356", "point": 32, "testname": "TIA_Gain_Linearity", "cornername": "CMOS_VDD_Res_Cap_Temp_30"}
[2026-06-03 12:07:25.510 Z] [WARN] [cadence.virtuoso.ade.simulationMonitor] -     WARNING (SPECTRE-16460): SOAC_esdgcp5_vcpsub:Specified subcircuit master `esdgcp5' was not found. {"history": "Interactive.356", "point": 32, "testname": "TIA_Gain_Linearity", "cornername": "CMOS_VDD_Res_Cap_Temp_30"}
[2026-06-03 12:07:25.511 Z] [WARN] [cadence.virtuoso.ade.simulationMonitor] -     WARNING (SPECTRE-16462): SOAC_esdgcp5_vcpsub:Error in specification of subcircuit master. Assert is ignored. {"history": "Interactive.356", "point": 32, "testname": "TIA_Gain_Linearity", "cornername": "CMOS_VDD_Res_Cap_Temp_30"}
[2026-06-03 12:07:25.511 Z] [WARN] [cadence.virtuoso.ade.simulationMonitor] -     WARNING (SPECTRE-16460): SOAC_esdgcp5_vac:Specified subcircuit master `esdgcp5' was not found. {"history": "Interactive.356", "point": 32, "testname": "TIA_Gain_Linearity", "cornername": "CMOS_VDD_Res_Cap_Temp_30"}
[2026-06-03 12:07:25.511 Z] [WARN] [cadence.virtuoso.ade.simulationMonitor] -     WARNING (SPECTRE-16462): SOAC_esdgcp5_vac:Error in specification of subcircuit master. Assert is ignored. {"history": "Interactive.356", "point": 32, "testname": "TIA_Gain_Linearity", "cornername": "CMOS_VDD_Res_Cap_Temp_30"}
[2026-06-03 12:07:25.511 Z] [WARN] [cadence.virtuoso.ade.simulationMonitor] -     WARNING (SPECTRE-16460): SOAC_esdgcn5_vac:Specified subcircuit master `esdgcn5' was not found. {"history": "Interactive.356", "point": 32, "testname": "TIA_Gain_Linearity", "cornername": "CMOS_VDD_Res_Cap_Temp_30"}
[2026-06-03 12:07:25.511 Z] [WARN] [cadence.virtuoso.ade.simulationMonitor] -     WARNING (SPECTRE-16462): SOAC_esdgcn5_vac:Error in specification of subcircuit master. Assert is ignored. {"history": "Interactive.356", "point": 32, "testname": "TIA_Gain_Linearity", "cornername": "CMOS_VDD_Res_Cap_Temp_30"}
[2026-06-03 12:07:25.512 Z] [WARN] [cadence.virtuoso.ade.simulationMonitor] -     WARNING (SPECTRE-16460): SOAC_esdfdp5_vcpsub:Specified subcircuit master `esdfdp5' was not found. {"history": "Interactive.356", "point": 32, "testname": "TIA_Gain_Linearity", "cornername": "CMOS_VDD_Res_Cap_Temp_30"}
[2026-06-03 12:07:25.512 Z] [WARN] [cadence.virtuoso.ade.simulationMonitor] -     WARNING (SPECTRE-16462): SOAC_esdfdp5_vcpsub:Error in specification of subcircuit master. Assert is ignored. {"history": "Interactive.356", "point": 32, "testname": "TIA_Gain_Linearity", "cornername": "CMOS_VDD_Res_Cap_Temp_30"}
[2026-06-03 12:07:25.512 Z] [WARN] [cadence.virtuoso.ade.simulationMonitor] -     WARNING (SPECTRE-16460): SOAC_esdfdp5_vac:Specified subcircuit master `esdfdp5' was not found.
        Further occurrences of this warning will be suppressed. {"history": "Interactive.356", "point": 32, "testname": "TIA_Gain_Linearity", "cornername": "CMOS_VDD_Res_Cap_Temp_30"}
[2026-06-03 12:07:25.512 Z] [WARN] [cadence.virtuoso.ade.simulationMonitor] -     WARNING (SPECTRE-16462): SOAC_esdfdp5_vac:Error in specification of subcircuit master. Assert is ignored.
        Further occurrences of this warning will be suppressed. {"history": "Interactive.356", "point": 32, "testname": "TIA_Gain_Linearity", "cornername": "CMOS_VDD_Res_Cap_Temp_30"}
[2026-06-03 12:07:25.512 Z] [WARN] [cadence.virtuoso.ade.simulationMonitor] -     WARNING (SPECTRE-17607): Assert `SOAC_vert10_vsubpsub' is ignored because it contains an expression which is invalid or not supported by native evaluator.  {"history": "Interactive.356", "point": 32, "testname": "TIA_Gain_Linearity", "cornername": "CMOS_VDD_Res_Cap_Temp_30"}
[2026-06-03 12:07:25.513 Z] [WARN] [cadence.virtuoso.ade.simulationMonitor] -     WARNING (SPECTRE-17607): Assert `SOAC_vert10_vcsub' is ignored because it contains an expression which is invalid or not supported by native evaluator.  {"history": "Interactive.356", "point": 32, "testname": "TIA_Gain_Linearity", "cornername": "CMOS_VDD_Res_Cap_Temp_30"}
[2026-06-03 12:07:26.013 Z] [INFO] [cadence.virtuoso.ade.simulationMonitor] - Notice from spectre during topology check.
    Only one connection to the following 1898 nodes:
        I0.I46.RLIB_GC1.R1.psub!
        I0.I46.RLIB_GC1.R2.psub!
        I0.I46.MNLIB_DR1.M_esdnmos4.psub!
        I0.I46.DLIB2.psub!
        I0.I46.DLIB1.psub!
        Further occurrences of this notice will be suppressed. {"history": "Interactive.356", "point": 32, "testname": "TIA_Gain_Linearity", "cornername": "CMOS_VDD_Res_Cap_Temp_30"}
[2026-06-03 12:07:29.018 Z] [INFO] [cadence.virtuoso.ade.simulationMonitor] -               nodes 15748 {"history": "Interactive.356", "point": 32, "testname": "TIA_Gain_Linearity", "cornername": "CMOS_VDD_Res_Cap_Temp_30"}
[2026-06-03 12:07:29.019 Z] [INFO] [cadence.virtuoso.ade.simulationMonitor] - Notice from spectre during initial setup.
    7 resistors are shorted because their absolute value is less than or equal to 'rabsshort'.
    3 vsources are shorted because their absolute value is less than or equal to 'vabsshort'.
    4 resistors are changed to resistance form because their value are less than 'rthresh'.
    Spectre X preset=cx enabled.
    44 notices suppressed.
    138 warnings suppressed. {"history": "Interactive.356", "point": 32, "testname": "TIA_Gain_Linearity", "cornername": "CMOS_VDD_Res_Cap_Temp_30"}
[2026-06-03 12:07:29.020 Z] [INFO] [cadence.virtuoso.ade.simulationMonitor] - Notice from spectre.
    Multithreading enabled: 8 threads in the system with 48 available processors. {"history": "Interactive.356", "point": 32, "testname": "TIA_Gain_Linearity", "cornername": "CMOS_VDD_Res_Cap_Temp_30"}
[2026-06-03 12:07:29.020 Z] [INFO] [cadence.virtuoso.ade.simulationMonitor] - Peak resident memory used = 293 Mbytes. {"history": "Interactive.356", "point": 32, "testname": "TIA_Gain_Linearity", "cornername": "CMOS_VDD_Res_Cap_Temp_30"}
[2026-06-03 12:07:29.021 Z] [INFO] [cadence.virtuoso.ade.simulationMonitor] -    -   (Spectre X) Multi-threading. The recommended number of threads is [4, 8], consider adding +mt=4 or +mt=8 on command line. {"history": "Interactive.356", "point": 32, "testname": "TIA_Gain_Linearity", "cornername": "CMOS_VDD_Res_Cap_Temp_30"}
[2026-06-03 12:07:29.021 Z] [INFO] [cadence.virtuoso.ade.simulationMonitor] - Notice from spectre during transient analysis `tran'.
    No checklimit analysis defined for asserts. A default checklimit analysis 'SpectreChecklimitAnal' has been created with all asserts enabled. {"history": "Interactive.356", "point": 32, "testname": "TIA_Gain_Linearity", "cornername": "CMOS_VDD_Res_Cap_Temp_30"}
[2026-06-03 12:07:29.521 Z] [INFO] [cadence.virtuoso.ade.simulationMonitor] - Notice from spectre during IC analysis, during transient analysis `tran'.
    Bad pivoting is found during DC analysis. Option dc_pivot_check=yes is recommended for possible improvement of convergence. {"history": "Interactive.356", "point": 32, "testname": "TIA_Gain_Linearity", "cornername": "CMOS_VDD_Res_Cap_Temp_30"}
[2026-06-03 12:07:29.522 Z] [WARN] [cadence.virtuoso.ade.simulationMonitor] -     WARNING (CMI-2943): Parameter checks have been ignored because the valid value for parameter 'trise' could not be found in 'C0'. {"history": "Interactive.356", "point": 32, "testname": "TIA_Gain_Linearity", "cornername": "CMOS_VDD_Res_Cap_Temp_30"}
[2026-06-03 12:07:29.522 Z] [WARN] [cadence.virtuoso.ade.simulationMonitor] -     WARNING (CMI-2943): Parameter checks have been ignored because the valid value for parameter 'trise' could not be found in 'C1'. {"history": "Interactive.356", "point": 32, "testname": "TIA_Gain_Linearity", "cornername": "CMOS_VDD_Res_Cap_Temp_30"}
[2026-06-03 12:07:29.523 Z] [WARN] [cadence.virtuoso.ade.simulationMonitor] -     WARNING (CMI-2943): Parameter checks have been ignored because the valid value for parameter 'trise' could not be found in 'C11'. {"history": "Interactive.356", "point": 32, "testname": "TIA_Gain_Linearity", "cornername": "CMOS_VDD_Res_Cap_Temp_30"}
[2026-06-03 12:07:29.523 Z] [WARN] [cadence.virtuoso.ade.simulationMonitor] -     WARNING (CMI-2943): Parameter checks have been ignored because the valid value for parameter 'trise' could not be found in 'C12'. {"history": "Interactive.356", "point": 32, "testname": "TIA_Gain_Linearity", "cornername": "CMOS_VDD_Res_Cap_Temp_30"}
[2026-06-03 12:07:29.523 Z] [WARN] [cadence.virtuoso.ade.simulationMonitor] -     WARNING (CMI-2943): Parameter checks have been ignored because the valid value for parameter 'trise' could not be found in 'C5'.
        Further occurrences of this warning will be suppressed. {"history": "Interactive.356", "point": 32, "testname": "TIA_Gain_Linearity", "cornername": "CMOS_VDD_Res_Cap_Temp_30"}
[2026-06-03 12:07:40.528 Z] [INFO] [cadence.virtuoso.ade.simulationMonitor] - Total time required for tran analysis `tran': CPU = 85.3731 s (1m  25.4s), elapsed = 11.736 s, util. = 727%. {"history": "Interactive.356", "point": 32, "testname": "TIA_Gain_Linearity", "cornername": "CMOS_VDD_Res_Cap_Temp_30"}
[2026-06-03 12:07:40.529 Z] [INFO] [cadence.virtuoso.ade.simulationMonitor] - Peak resident memory used = 357 Mbytes. {"history": "Interactive.356", "point": 32, "testname": "TIA_Gain_Linearity", "cornername": "CMOS_VDD_Res_Cap_Temp_30"}
[2026-06-03 12:07:40.529 Z] [INFO] [cadence.virtuoso.ade.simulationMonitor] - Notice from spectre.
    1071 warnings suppressed. {"history": "Interactive.356", "point": 32, "testname": "TIA_Gain_Linearity", "cornername": "CMOS_VDD_Res_Cap_Temp_30"}
[2026-06-03 12:07:40.529 Z] [WARN] [cadence.virtuoso.ade.simulationMonitor] -     WARNING (CMI-2425): I7.I0.C0<0>_dummy: `Acde' = 2.393 is unusually large. {"history": "Interactive.356", "point": 32, "testname": "TIA_Gain_Linearity", "cornername": "CMOS_VDD_Res_Cap_Temp_30"}
[2026-06-03 12:07:40.530 Z] [WARN] [cadence.virtuoso.ade.simulationMonitor] -     WARNING (CMI-2425): I7.I0.C0<0>_dummy: `Noff' = 4.732 is unusually large. {"history": "Interactive.356", "point": 32, "testname": "TIA_Gain_Linearity", "cornername": "CMOS_VDD_Res_Cap_Temp_30"}
[2026-06-03 12:07:40.530 Z] [WARN] [cadence.virtuoso.ade.simulationMonitor] -     WARNING (CMI-2424): I7.I0.C0<0>_dummy: `Voffcv' = -867.4e-03 is unusually small. {"history": "Interactive.356", "point": 32, "testname": "TIA_Gain_Linearity", "cornername": "CMOS_VDD_Res_Cap_Temp_30"}
[2026-06-03 12:07:40.530 Z] [WARN] [cadence.virtuoso.ade.simulationMonitor] -     WARNING (CMI-2425): I7.I3.C1<0>_dummy: `Acde' = 2.393 is unusually large. {"history": "Interactive.356", "point": 32, "testname": "TIA_Gain_Linearity", "cornername": "CMOS_VDD_Res_Cap_Temp_30"}
[2026-06-03 12:07:40.530 Z] [WARN] [cadence.virtuoso.ade.simulationMonitor] -     WARNING (CMI-2425): I7.I3.C1<0>_dummy: `Noff' = 4.732 is unusually large. {"history": "Interactive.356", "point": 32, "testname": "TIA_Gain_Linearity", "cornername": "CMOS_VDD_Res_Cap_Temp_30"}
[2026-06-03 12:07:40.531 Z] [WARN] [cadence.virtuoso.ade.simulationMonitor] -     WARNING (CMI-2424): I7.I3.C1<0>_dummy: `Voffcv' = -867.4e-03 is unusually small. {"history": "Interactive.356", "point": 32, "testname": "TIA_Gain_Linearity", "cornername": "CMOS_VDD_Res_Cap_Temp_30"}
[2026-06-03 12:07:40.531 Z] [WARN] [cadence.virtuoso.ade.simulationMonitor] -     WARNING (CMI-2425): I7.I4.C1<0>_dummy: `Acde' = 2.393 is unusually large.
        Further occurrences of this warning will be suppressed. {"history": "Interactive.356", "point": 32, "testname": "TIA_Gain_Linearity", "cornername": "CMOS_VDD_Res_Cap_Temp_30"}
[2026-06-03 12:07:40.531 Z] [WARN] [cadence.virtuoso.ade.simulationMonitor] -     WARNING (CMI-2424): I7.I4.C1<0>_dummy: `Voffcv' = -867.4e-03 is unusually small. {"history": "Interactive.356", "point": 32, "testname": "TIA_Gain_Linearity", "cornername": "CMOS_VDD_Res_Cap_Temp_30"}
[2026-06-03 12:07:41.032 Z] [INFO] [cadence.virtuoso.ade.simulationMonitor] - Notice from spectre.
    1 warning suppressed. {"history": "Interactive.356", "point": 32, "testname": "TIA_Gain_Linearity", "cornername": "CMOS_VDD_Res_Cap_Temp_30"}
[2026-06-03 12:07:41.032 Z] [WARN] [cadence.virtuoso.ade.simulationMonitor] -     WARNING (CMI-2425): I7.I0.C0<0>_dummy: `Acde' = 2.393 is unusually large. {"history": "Interactive.356", "point": 32, "testname": "TIA_Gain_Linearity", "cornername": "CMOS_VDD_Res_Cap_Temp_30"}
[2026-06-03 12:07:41.033 Z] [WARN] [cadence.virtuoso.ade.simulationMonitor] -     WARNING (CMI-2425): I7.I0.C0<0>_dummy: `Noff' = 4.732 is unusually large. {"history": "Interactive.356", "point": 32, "testname": "TIA_Gain_Linearity", "cornername": "CMOS_VDD_Res_Cap_Temp_30"}
[2026-06-03 12:07:41.033 Z] [WARN] [cadence.virtuoso.ade.simulationMonitor] -     WARNING (CMI-2424): I7.I0.C0<0>_dummy: `Voffcv' = -867.4e-03 is unusually small. {"history": "Interactive.356", "point": 32, "testname": "TIA_Gain_Linearity", "cornername": "CMOS_VDD_Res_Cap_Temp_30"}
[2026-06-03 12:07:41.033 Z] [WARN] [cadence.virtuoso.ade.simulationMonitor] -     WARNING (CMI-2425): I7.I3.C1<0>_dummy: `Acde' = 2.393 is unusually large. {"history": "Interactive.356", "point": 32, "testname": "TIA_Gain_Linearity", "cornername": "CMOS_VDD_Res_Cap_Temp_30"}
[2026-06-03 12:07:41.033 Z] [WARN] [cadence.virtuoso.ade.simulationMonitor] -     WARNING (CMI-2425): I7.I3.C1<0>_dummy: `Noff' = 4.732 is unusually large. {"history": "Interactive.356", "point": 32, "testname": "TIA_Gain_Linearity", "cornername": "CMOS_VDD_Res_Cap_Temp_30"}
[2026-06-03 12:07:41.033 Z] [WARN] [cadence.virtuoso.ade.simulationMonitor] -     WARNING (CMI-2424): I7.I3.C1<0>_dummy: `Voffcv' = -867.4e-03 is unusually small. {"history": "Interactive.356", "point": 32, "testname": "TIA_Gain_Linearity", "cornername": "CMOS_VDD_Res_Cap_Temp_30"}
[2026-06-03 12:07:41.033 Z] [WARN] [cadence.virtuoso.ade.simulationMonitor] -     WARNING (CMI-2425): I7.I4.C1<0>_dummy: `Acde' = 2.393 is unusually large.
        Further occurrences of this warning will be suppressed. {"history": "Interactive.356", "point": 32, "testname": "TIA_Gain_Linearity", "cornername": "CMOS_VDD_Res_Cap_Temp_30"}
[2026-06-03 12:07:41.034 Z] [WARN] [cadence.virtuoso.ade.simulationMonitor] -     WARNING (CMI-2424): I7.I4.C1<0>_dummy: `Voffcv' = -867.4e-03 is unusually small. {"history": "Interactive.356", "point": 32, "testname": "TIA_Gain_Linearity", "cornername": "CMOS_VDD_Res_Cap_Temp_30"}
[2026-06-03 12:07:41.034 Z] [INFO] [cadence.virtuoso.ade.simulationMonitor] - Notice from spectre.
    1 warning suppressed. {"history": "Interactive.356", "point": 32, "testname": "TIA_Gain_Linearity", "cornername": "CMOS_VDD_Res_Cap_Temp_30"}
[2026-06-03 12:07:41.034 Z] [INFO] [cadence.virtuoso.ade.simulationMonitor] - Time used: CPU = 94.1 s (1m  34.1s), elapsed = 18 s, util. = 522%. {"history": "Interactive.356", "point": 32, "testname": "TIA_Gain_Linearity", "cornername": "CMOS_VDD_Res_Cap_Temp_30"}
[2026-06-03 12:07:41.035 Z] [INFO] [cadence.virtuoso.ade.simulationMonitor] - Time spent in licensing: elapsed = 83.5 ms. {"history": "Interactive.356", "point": 32, "testname": "TIA_Gain_Linearity", "cornername": "CMOS_VDD_Res_Cap_Temp_30"}
[2026-06-03 12:07:41.036 Z] [INFO] [cadence.virtuoso.ade.simulationMonitor] - Peak memory used = 357 Mbytes. {"history": "Interactive.356", "point": 32, "testname": "TIA_Gain_Linearity", "cornername": "CMOS_VDD_Res_Cap_Temp_30"}
[2026-06-03 12:07:41.038 Z] [PROCESS] [cadence.virtuoso.ade.simulationMonitor] - Simulation started at: 12:07:22 PM, Wed Jun 3, 2026, ended at: 12:07:40 PM, Wed Jun 3, 2026, with elapsed time (wall clock): 18 s. {"history": "Interactive.356", "point": 32, "testname": "TIA_Gain_Linearity", "cornername": "CMOS_VDD_Res_Cap_Temp_30"}
[2026-06-03 12:07:41.038 Z] [PROCESS] [cadence.virtuoso.ade.simulationMonitor] - spectre completes with 0 errors, 75 warnings, and 28 notices. {"history": "Interactive.356", "point": 32, "testname": "TIA_Gain_Linearity", "cornername": "CMOS_VDD_Res_Cap_Temp_30"}
[2026-06-03 12:07:41.038 Z] [PROCESS] [cadence.virtuoso.ade.simulationMonitor] - Finished simulating for one point {"hostname": "il2244vt26_hrahimi", "processid": 2498769, "history": "Interactive.356", "testname": "TIA_Gain_Linearity", "cornername": "CMOS_VDD_Res_Cap_Temp_30", "point": 32, "logfile": "/home/hrahimi/projects/POTENTIOSTAT_26/logs_hrahimi/logs0/Job19.log", "simid": "15"}
[2026-06-03 12:07:41.038 Z] [PROCESS] [cadence.virtuoso.ade.simulationMonitor] - Simulator exited {"hostname": "il2244vt26_hrahimi", "processid": 2498769, "history": "Interactive.356", "testname": "TIA_Gain_Linearity", "cornername": "CMOS_VDD_Res_Cap_Temp_30", "point": 32, "logfile": "/home/hrahimi/projects/POTENTIOSTAT_26/logs_hrahimi/logs0/Job19.log", "exitStatus": "0"}
[2026-06-03 12:07:41.039 Z] [PROCESS] [cadence.virtuoso.ade.simulationMonitor] - Finished Simulation {"hostname": "il2244vt26_hrahimi", "processid": 2498769, "history": "Interactive.356", "testname": "TIA_Gain_Linearity", "cornername": "CMOS_VDD_Res_Cap_Temp_30", "point": 32, "logfile": "/home/hrahimi/projects/POTENTIOSTAT_26/logs_hrahimi/logs0/Job19.log", "simid": "15"}
[2026-06-03 12:07:46.056 Z] [PROCESS] [cadence.virtuoso.ade.simulationMonitor] - Point Finished {"hostname": "il2244vt26_hrahimi", "processid": 2498769, "history": "Interactive.356", "testname": "TIA_Gain_Linearity", "cornername": "CMOS_VDD_Res_Cap_Temp_30", "point": 32, "logfile": "/home/hrahimi/projects/POTENTIOSTAT_26/logs_hrahimi/logs0/Job19.log"}
[2026-06-03 12:07:46.063 Z] [PROCESS] [cadence.virtuoso.ade.simulationMonitor] - HostInfo:
Host name (type):	il2244vt26_hrahimi (x86_64)
Operating system:	Linux 5.15.0-164-generic #174-Ubuntu SMP Fri Nov 14 20:25:16 UTC 2025 {"hostname": "il2244vt26_hrahimi", "processid": 2498769, "history": "Interactive.356", "testname": "TIA_Gain_Linearity", "cornername": "CMOS_VDD_Res_Cap_Temp_30", "point": 32, "logfile": "/home/hrahimi/projects/POTENTIOSTAT_26/logs_hrahimi/logs0/Job19.log", "nodename": "il2244vt26_hrahimi", "domainname": "(none)", "machine": "x86_64", "sysname": "Linux", "release": "5.15.0-164-generic", "version": "#174-Ubuntu SMP Fri Nov 14 20:25:16 UTC 2025"}
[2026-06-03 12:07:46.063 Z] [PROCESS] [cadence.virtuoso.ade.simulationMonitor] - UsageInfo:
pid=2498769
totalPhysicalMemory=3023.749672GB,Used=2716.710499GB,totalVirtualMemory=3031.749668GB,Used=2716.816944GB
Cpu: Cores=48, Load average:43.540000,43.890000,33.360000 {"hostname": "il2244vt26_hrahimi", "processid": 2498769, "history": "Interactive.356", "testname": "TIA_Gain_Linearity", "cornername": "CMOS_VDD_Res_Cap_Temp_30", "point": 32, "logfile": "/home/hrahimi/projects/POTENTIOSTAT_26/logs_hrahimi/logs0/Job19.log", "pid": "2498769", "totalPhysicalMemory": "3023.749672", "physicalMemoryUsed": "2716.710499", "totalVirtualMemory": "3031.749668", "virtualMemoryUsed": "2716.816944", "cpuCores": "48", "processes": "29734", "loadAverage1": "43.540000", "loadAverage5": "43.890000", "loadAverage15": "33.360000", "loadAverage1Percent": "0.907083"}
[2026-06-03 12:07:46.065 Z] [EVENT] [cadence.virtuoso.ade.simulationMonitor] - NewPoint {"history": "Interactive.356", "point": 48, "testname": "Poten", "cornername": "CMOS_VDD_Res_Cap_Temp_46", "event": "NewPoint", "EventSource": "Simulation Monitor", "HistoryName": "Interactive.356", "logFile": "/home/hrahimi/projects/POTENTIOSTAT_26/logs_hrahimi/logs0/Job19.log", "logFileSize": "597575"}
[2026-06-03 12:07:46.168 Z] [EVENT] [cadence.virtuoso.ade.simulationMonitor] - NewPoint {"history": "Interactive.356", "point": 48, "testname": "Poten", "cornername": "CMOS_VDD_Res_Cap_Temp_46", "event": "NewPoint", "EventSource": "spectre", "HistoryName": "Interactive.356", "logFile": "/home/hrahimi/projects/POTENTIOSTAT_26/Sim/Potentiostat_Top/top/maestro/results/maestro/Interactive.356/48/Poten/psf/spectre.out", "logFileSize": "-1"}
[2026-06-03 12:07:46.182 Z] [PROCESS] [cadence.virtuoso.ade.simulationMonitor] - Simulator launched {"hostname": "il2244vt26_hrahimi", "processid": 2498769, "history": "Interactive.356", "testname": "Poten", "cornername": "CMOS_VDD_Res_Cap_Temp_46", "point": 48, "logfile": "/home/hrahimi/projects/POTENTIOSTAT_26/logs_hrahimi/logs0/Job19.log", "simid": "16"}
[2026-06-03 12:07:46.258 Z] [PROCESS] [cadence.virtuoso.ade.simulationMonitor] - Started Simulation {"hostname": "il2244vt26_hrahimi", "processid": 2498769, "history": "Interactive.356", "testname": "Poten", "cornername": "CMOS_VDD_Res_Cap_Temp_46", "point": 48, "logfile": "/home/hrahimi/projects/POTENTIOSTAT_26/logs_hrahimi/logs0/Job19.log", "event": "started", "task": "simulation"}
[2026-06-03 12:07:47.259 Z] [WARN] [cadence.virtuoso.ade.simulationMonitor] -     WARNING (SPECTRE-691): This CPU processor does not support x86 advanced vector extensions instructions. This may affect math operations and slow down the simulation. {"history": "Interactive.356", "point": 48, "testname": "Poten", "cornername": "CMOS_VDD_Res_Cap_Temp_46"}
[2026-06-03 12:07:47.260 Z] [INFO] [cadence.virtuoso.ade.simulationMonitor] - Notice from spectre during circuit read-in.
    Pre_Configuration file used: /opt/tools/cadence/installs/SPECTRE241/tools.lnx86/spectre/etc/configs/preset.precfg
    Configuration file used: `/opt/tools/cadence/installs/SPECTRE241/tools.lnx86/spectre/etc/configs/preset.cfg'. {"history": "Interactive.356", "point": 48, "testname": "Poten", "cornername": "CMOS_VDD_Res_Cap_Temp_46"}
[2026-06-03 12:07:47.260 Z] [WARN] [cadence.virtuoso.ade.simulationMonitor] -     WARNING (SPECTRE-8360): line 1511: `ac' is an undefined primitive device. {"history": "Interactive.356", "point": 48, "testname": "Poten", "cornername": "CMOS_VDD_Res_Cap_Temp_46"}
[2026-06-03 12:07:47.260 Z] [WARN] [cadence.virtuoso.ade.simulationMonitor] -     WARNING (SPECTRE-8360): line 1512: `ac' is an undefined primitive device. {"history": "Interactive.356", "point": 48, "testname": "Poten", "cornername": "CMOS_VDD_Res_Cap_Temp_46"}
[2026-06-03 12:07:47.260 Z] [WARN] [cadence.virtuoso.ade.simulationMonitor] -     WARNING (SPECTRE-8360): line 1513: `ac' is an undefined primitive device. {"history": "Interactive.356", "point": 48, "testname": "Poten", "cornername": "CMOS_VDD_Res_Cap_Temp_46"}
[2026-06-03 12:07:47.260 Z] [WARN] [cadence.virtuoso.ade.simulationMonitor] -     WARNING (SPECTRE-8360): line 1514: `ac' is an undefined primitive device. {"history": "Interactive.356", "point": 48, "testname": "Poten", "cornername": "CMOS_VDD_Res_Cap_Temp_46"}
[2026-06-03 12:07:47.261 Z] [WARN] [cadence.virtuoso.ade.simulationMonitor] -     WARNING (SPECTRE-8360): line 1515: `ac' is an undefined primitive device.
        Further occurrences of this warning will be suppressed. {"history": "Interactive.356", "point": 48, "testname": "Poten", "cornername": "CMOS_VDD_Res_Cap_Temp_46"}
[2026-06-03 12:07:47.261 Z] [WARN] [cadence.virtuoso.ade.simulationMonitor] -     WARNING (VACOMP-2435): The environment variable CDS_AHDLCMI_ENABLE is no longer supported. Therefore, the simulator will use the default compiled C code flow. {"history": "Interactive.356", "point": 48, "testname": "Poten", "cornername": "CMOS_VDD_Res_Cap_Temp_46"}
[2026-06-03 12:07:47.761 Z] [INFO] [cadence.virtuoso.ade.simulationMonitor] - Peak resident memory used = 194 Mbytes. {"history": "Interactive.356", "point": 48, "testname": "Poten", "cornername": "CMOS_VDD_Res_Cap_Temp_46"}
[2026-06-03 12:07:48.262 Z] [WARN] [cadence.virtuoso.ade.simulationMonitor] -     WARNING (SFE-2649): Terminals of top-level instance `R50', in file`netlist', at line 1168, are connected. Remove the instance and rerun the simulation. {"history": "Interactive.356", "point": 48, "testname": "Poten", "cornername": "CMOS_VDD_Res_Cap_Temp_46"}
[2026-06-03 12:07:48.263 Z] [WARN] [cadence.virtuoso.ade.simulationMonitor] -     WARNING (SFE-2649): Terminals of top-level instance `R48', in file`netlist', at line 1211, are connected. Remove the instance and rerun the simulation. {"history": "Interactive.356", "point": 48, "testname": "Poten", "cornername": "CMOS_VDD_Res_Cap_Temp_46"}
[2026-06-03 12:07:48.763 Z] [WARN] [cadence.virtuoso.ade.simulationMonitor] -     WARNING (SFE-3027): The dangling resistor I2.rb144 is removed. {"history": "Interactive.356", "point": 48, "testname": "Poten", "cornername": "CMOS_VDD_Res_Cap_Temp_46"}
[2026-06-03 12:07:48.764 Z] [WARN] [cadence.virtuoso.ade.simulationMonitor] -     WARNING (SFE-3027): The dangling resistor I2.rb241 is removed. {"history": "Interactive.356", "point": 48, "testname": "Poten", "cornername": "CMOS_VDD_Res_Cap_Temp_46"}
[2026-06-03 12:07:48.765 Z] [WARN] [cadence.virtuoso.ade.simulationMonitor] -     WARNING (SFE-3027): The dangling resistor I2.rb613 is removed. {"history": "Interactive.356", "point": 48, "testname": "Poten", "cornername": "CMOS_VDD_Res_Cap_Temp_46"}
[2026-06-03 12:07:48.765 Z] [WARN] [cadence.virtuoso.ade.simulationMonitor] -     WARNING (SFE-3027): The dangling resistor I2.rd794 is removed. {"history": "Interactive.356", "point": 48, "testname": "Poten", "cornername": "CMOS_VDD_Res_Cap_Temp_46"}
[2026-06-03 12:07:48.766 Z] [WARN] [cadence.virtuoso.ade.simulationMonitor] -     WARNING (SFE-3012): The dummy device I0.I16.DLIB9 is removed. {"history": "Interactive.356", "point": 48, "testname": "Poten", "cornername": "CMOS_VDD_Res_Cap_Temp_46"}
[2026-06-03 12:07:48.766 Z] [WARN] [cadence.virtuoso.ade.simulationMonitor] -     WARNING (SFE-3012): The dummy device I0.I15.DLIB9 is removed. {"history": "Interactive.356", "point": 48, "testname": "Poten", "cornername": "CMOS_VDD_Res_Cap_Temp_46"}
[2026-06-03 12:07:48.767 Z] [WARN] [cadence.virtuoso.ade.simulationMonitor] -     WARNING (SFE-3012): The dummy device I0.I0.DLIB6 is removed. {"history": "Interactive.356", "point": 48, "testname": "Poten", "cornername": "CMOS_VDD_Res_Cap_Temp_46"}
[2026-06-03 12:07:48.767 Z] [WARN] [cadence.virtuoso.ade.simulationMonitor] -     WARNING (SFE-3012): The dummy device I7.I2.MP12<0>_turbo_m34 is removed. {"history": "Interactive.356", "point": 48, "testname": "Poten", "cornername": "CMOS_VDD_Res_Cap_Temp_46"}
[2026-06-03 12:07:48.767 Z] [WARN] [cadence.virtuoso.ade.simulationMonitor] -     WARNING (SFE-3012): The dummy device I0.I16.DLIB10 is removed.
        Further occurrences of this warning will be suppressed. {"history": "Interactive.356", "point": 48, "testname": "Poten", "cornername": "CMOS_VDD_Res_Cap_Temp_46"}
[2026-06-03 12:07:48.768 Z] [WARN] [cadence.virtuoso.ade.simulationMonitor] -     WARNING (SFE-3029): The dummy capacitor I7.I0.R3.CS1 is removed. {"history": "Interactive.356", "point": 48, "testname": "Poten", "cornername": "CMOS_VDD_Res_Cap_Temp_46"}
[2026-06-03 12:07:48.768 Z] [WARN] [cadence.virtuoso.ade.simulationMonitor] -     WARNING (SFE-3027): The dangling resistor I2.re2693 is removed.
        Further occurrences of this warning will be suppressed. {"history": "Interactive.356", "point": 48, "testname": "Poten", "cornername": "CMOS_VDD_Res_Cap_Temp_46"}
[2026-06-03 12:07:48.768 Z] [WARN] [cadence.virtuoso.ade.simulationMonitor] -     WARNING (SFE-3029): The dummy capacitor I7.I13_turbo_m5.C0.C1 is removed. {"history": "Interactive.356", "point": 48, "testname": "Poten", "cornername": "CMOS_VDD_Res_Cap_Temp_46"}
[2026-06-03 12:07:48.768 Z] [WARN] [cadence.virtuoso.ade.simulationMonitor] -     WARNING (SFE-3029): The dummy capacitor I7.I10_turbo_m4.C0.C1 is removed. {"history": "Interactive.356", "point": 48, "testname": "Poten", "cornername": "CMOS_VDD_Res_Cap_Temp_46"}
[2026-06-03 12:07:48.769 Z] [WARN] [cadence.virtuoso.ade.simulationMonitor] -     WARNING (SFE-3029): The dummy capacitor I7.I1.R2.CS1 is removed. {"history": "Interactive.356", "point": 48, "testname": "Poten", "cornername": "CMOS_VDD_Res_Cap_Temp_46"}
[2026-06-03 12:07:48.769 Z] [WARN] [cadence.virtuoso.ade.simulationMonitor] -     WARNING (SFE-3028): The floating resistor R8 is removed. {"history": "Interactive.356", "point": 48, "testname": "Poten", "cornername": "CMOS_VDD_Res_Cap_Temp_46"}
[2026-06-03 12:07:48.769 Z] [WARN] [cadence.virtuoso.ade.simulationMonitor] -     WARNING (SFE-3029): The dummy capacitor I7.I4.R31.CS1 is removed.
        Further occurrences of this warning will be suppressed. {"history": "Interactive.356", "point": 48, "testname": "Poten", "cornername": "CMOS_VDD_Res_Cap_Temp_46"}
[2026-06-03 12:07:48.769 Z] [WARN] [cadence.virtuoso.ade.simulationMonitor] -     WARNING (SFE-3015): The dangling node I2.210\:GNDA is removed. {"history": "Interactive.356", "point": 48, "testname": "Poten", "cornername": "CMOS_VDD_Res_Cap_Temp_46"}
[2026-06-03 12:07:48.769 Z] [WARN] [cadence.virtuoso.ade.simulationMonitor] -     WARNING (SFE-3015): The dangling node I2.222\:POT_OUT is removed. {"history": "Interactive.356", "point": 48, "testname": "Poten", "cornername": "CMOS_VDD_Res_Cap_Temp_46"}
[2026-06-03 12:07:48.770 Z] [WARN] [cadence.virtuoso.ade.simulationMonitor] -     WARNING (SFE-3015): The dangling node I2.13\:I25|I35|SN is removed. {"history": "Interactive.356", "point": 48, "testname": "Poten", "cornername": "CMOS_VDD_Res_Cap_Temp_46"}
[2026-06-03 12:07:48.770 Z] [WARN] [cadence.virtuoso.ade.simulationMonitor] -     WARNING (SFE-3015): The dangling node I2.29\:Calib_EN is removed. {"history": "Interactive.356", "point": 48, "testname": "Poten", "cornername": "CMOS_VDD_Res_Cap_Temp_46"}
[2026-06-03 12:07:48.770 Z] [WARN] [cadence.virtuoso.ade.simulationMonitor] -     WARNING (SFE-3015): The dangling node I2.693\:VPI is removed.
        Further occurrences of this warning will be suppressed. {"history": "Interactive.356", "point": 48, "testname": "Poten", "cornername": "CMOS_VDD_Res_Cap_Temp_46"}
[2026-06-03 12:07:48.770 Z] [WARN] [cadence.virtuoso.ade.simulationMonitor] -     WARNING (SFE-3016): The floating node net74 is removed. {"history": "Interactive.356", "point": 48, "testname": "Poten", "cornername": "CMOS_VDD_Res_Cap_Temp_46"}
[2026-06-03 12:07:48.770 Z] [WARN] [cadence.virtuoso.ade.simulationMonitor] -     WARNING (SFE-3016): The floating node net73 is removed. {"history": "Interactive.356", "point": 48, "testname": "Poten", "cornername": "CMOS_VDD_Res_Cap_Temp_46"}
[2026-06-03 12:07:48.771 Z] [INFO] [cadence.virtuoso.ade.simulationMonitor] - Notice from spectre during hierarchy flattening.
    Spectre X Parasitic Optimization enabled.
    Parasitic optimization will filter out parasitic nodes, nodes only connected to RCs, by default. To view individual parasitic nodes use individual save statements (i.e. save out), or use the 'savefilter=none' option to save all parasitic nodes. Saving all parasitic nodes may slow down simulation and create large waveform files. {"history": "Interactive.356", "point": 48, "testname": "Poten", "cornername": "CMOS_VDD_Res_Cap_Temp_46"}
[2026-06-03 12:07:48.771 Z] [INFO] [cadence.virtuoso.ade.simulationMonitor] - Peak resident memory used = 224 Mbytes. {"history": "Interactive.356", "point": 48, "testname": "Poten", "cornername": "CMOS_VDD_Res_Cap_Temp_46"}
[2026-06-03 12:07:48.771 Z] [INFO] [cadence.virtuoso.ade.simulationMonitor] - Notice from spectre during hierarchy flattening.
    The value 'psf' specified for the 'checklimitdest' option will no longer be supported in future releases. Use 'spectre -h' to see other recommended values for the 'checklimitdest' option.
    I0.I46.RLIB_GC1.CS0 of rpoly1c: `c' has the unusually small value of 634.694e-21 F.
    I0.I46.RLIB_GC1.CS1 of rpoly1c: `c' has the unusually small value of 634.694e-21 F.
    I0.I45.RLIB_GC1.CS0 of rpoly1c: `c' has the unusually small value of 634.694e-21 F.
    I0... {"history": "Interactive.356", "point": 48, "testname": "Poten", "cornername": "CMOS_VDD_Res_Cap_Temp_46"}
[2026-06-03 12:07:49.271 Z] [INFO] [cadence.virtuoso.ade.simulationMonitor] - Notice from spectre during hierarchy flattening.
    V8: `period' has the unusually large value of 100 s.
    V7: `period' has the unusually large value of 10 s.
    V3: `period' has the unusually large value of 6 s.
    I26: `period' has the unusually large value of 6 s. {"history": "Interactive.356", "point": 48, "testname": "Poten", "cornername": "CMOS_VDD_Res_Cap_Temp_46"}
[2026-06-03 12:07:49.273 Z] [INFO] [cadence.virtuoso.ade.simulationMonitor] - Peak resident memory used = 235 Mbytes. {"history": "Interactive.356", "point": 48, "testname": "Poten", "cornername": "CMOS_VDD_Res_Cap_Temp_46"}
[2026-06-03 12:07:49.274 Z] [WARN] [cadence.virtuoso.ade.simulationMonitor] -     WARNING (CMI-2425): I2.I56|C3: `Acde' = 2.393 is unusually large. {"history": "Interactive.356", "point": 48, "testname": "Poten", "cornername": "CMOS_VDD_Res_Cap_Temp_46"}
[2026-06-03 12:07:49.274 Z] [WARN] [cadence.virtuoso.ade.simulationMonitor] -     WARNING (CMI-2425): I2.I56|C3: `Noff' = 4.732 is unusually large. {"history": "Interactive.356", "point": 48, "testname": "Poten", "cornername": "CMOS_VDD_Res_Cap_Temp_46"}
[2026-06-03 12:07:49.275 Z] [WARN] [cadence.virtuoso.ade.simulationMonitor] -     WARNING (CMI-2424): I2.I56|C3: `Voffcv' = -867.4e-03 is unusually small. {"history": "Interactive.356", "point": 48, "testname": "Poten", "cornername": "CMOS_VDD_Res_Cap_Temp_46"}
[2026-06-03 12:07:49.275 Z] [WARN] [cadence.virtuoso.ade.simulationMonitor] -     WARNING (CMI-2425): I2.I56|C4: `Acde' = 2.393 is unusually large. {"history": "Interactive.356", "point": 48, "testname": "Poten", "cornername": "CMOS_VDD_Res_Cap_Temp_46"}
[2026-06-03 12:07:49.276 Z] [WARN] [cadence.virtuoso.ade.simulationMonitor] -     WARNING (CMI-2425): I2.I56|C4: `Noff' = 4.732 is unusually large. {"history": "Interactive.356", "point": 48, "testname": "Poten", "cornername": "CMOS_VDD_Res_Cap_Temp_46"}
[2026-06-03 12:07:49.276 Z] [WARN] [cadence.virtuoso.ade.simulationMonitor] -     WARNING (CMI-2424): I2.I56|C4: `Voffcv' = -867.4e-03 is unusually small. {"history": "Interactive.356", "point": 48, "testname": "Poten", "cornername": "CMOS_VDD_Res_Cap_Temp_46"}
[2026-06-03 12:07:49.277 Z] [WARN] [cadence.virtuoso.ade.simulationMonitor] -     WARNING (CMI-2425): I2.I56|C5: `Acde' = 2.393 is unusually large.
        Further occurrences of this warning will be suppressed. {"history": "Interactive.356", "point": 48, "testname": "Poten", "cornername": "CMOS_VDD_Res_Cap_Temp_46"}
[2026-06-03 12:07:49.277 Z] [WARN] [cadence.virtuoso.ade.simulationMonitor] -     WARNING (CMI-2424): I2.I56|C5: `Voffcv' = -867.4e-03 is unusually small. {"history": "Interactive.356", "point": 48, "testname": "Poten", "cornername": "CMOS_VDD_Res_Cap_Temp_46"}
[2026-06-03 12:07:49.278 Z] [WARN] [cadence.virtuoso.ade.simulationMonitor] -     WARNING (CMI-2424): I7.I4.C1<0>_turbo_m11: `Voffcv' = -867.4e-03 is unusually small. {"history": "Interactive.356", "point": 48, "testname": "Poten", "cornername": "CMOS_VDD_Res_Cap_Temp_46"}
[2026-06-03 12:07:49.279 Z] [WARN] [cadence.virtuoso.ade.simulationMonitor] -     WARNING (CMI-2424): I7.I3.C1<0>_turbo_m6: `Voffcv' = -867.4e-03 is unusually small.
        Further occurrences of this warning will be suppressed. {"history": "Interactive.356", "point": 48, "testname": "Poten", "cornername": "CMOS_VDD_Res_Cap_Temp_46"}
[2026-06-03 12:07:50.280 Z] [WARN] [cadence.virtuoso.ade.simulationMonitor] -     WARNING (SPECTRE-16460): SOAC_esdgcp5_vcpsub:Specified subcircuit master `esdgcp5' was not found. {"history": "Interactive.356", "point": 48, "testname": "Poten", "cornername": "CMOS_VDD_Res_Cap_Temp_46"}
[2026-06-03 12:07:50.280 Z] [WARN] [cadence.virtuoso.ade.simulationMonitor] -     WARNING (SPECTRE-16462): SOAC_esdgcp5_vcpsub:Error in specification of subcircuit master. Assert is ignored. {"history": "Interactive.356", "point": 48, "testname": "Poten", "cornername": "CMOS_VDD_Res_Cap_Temp_46"}
[2026-06-03 12:07:50.280 Z] [WARN] [cadence.virtuoso.ade.simulationMonitor] -     WARNING (SPECTRE-16460): SOAC_esdgcp5_vac:Specified subcircuit master `esdgcp5' was not found. {"history": "Interactive.356", "point": 48, "testname": "Poten", "cornername": "CMOS_VDD_Res_Cap_Temp_46"}
[2026-06-03 12:07:50.281 Z] [WARN] [cadence.virtuoso.ade.simulationMonitor] -     WARNING (SPECTRE-16462): SOAC_esdgcp5_vac:Error in specification of subcircuit master. Assert is ignored. {"history": "Interactive.356", "point": 48, "testname": "Poten", "cornername": "CMOS_VDD_Res_Cap_Temp_46"}
[2026-06-03 12:07:50.281 Z] [WARN] [cadence.virtuoso.ade.simulationMonitor] -     WARNING (SPECTRE-16460): SOAC_esdgcn5_vac:Specified subcircuit master `esdgcn5' was not found. {"history": "Interactive.356", "point": 48, "testname": "Poten", "cornername": "CMOS_VDD_Res_Cap_Temp_46"}
[2026-06-03 12:07:50.281 Z] [WARN] [cadence.virtuoso.ade.simulationMonitor] -     WARNING (SPECTRE-16462): SOAC_esdgcn5_vac:Error in specification of subcircuit master. Assert is ignored. {"history": "Interactive.356", "point": 48, "testname": "Poten", "cornername": "CMOS_VDD_Res_Cap_Temp_46"}
[2026-06-03 12:07:50.281 Z] [WARN] [cadence.virtuoso.ade.simulationMonitor] -     WARNING (SPECTRE-16460): SOAC_esdfdp5_vcpsub:Specified subcircuit master `esdfdp5' was not found. {"history": "Interactive.356", "point": 48, "testname": "Poten", "cornername": "CMOS_VDD_Res_Cap_Temp_46"}
[2026-06-03 12:07:50.281 Z] [WARN] [cadence.virtuoso.ade.simulationMonitor] -     WARNING (SPECTRE-16462): SOAC_esdfdp5_vcpsub:Error in specification of subcircuit master. Assert is ignored. {"history": "Interactive.356", "point": 48, "testname": "Poten", "cornername": "CMOS_VDD_Res_Cap_Temp_46"}
[2026-06-03 12:07:50.281 Z] [WARN] [cadence.virtuoso.ade.simulationMonitor] -     WARNING (SPECTRE-16460): SOAC_esdfdp5_vac:Specified subcircuit master `esdfdp5' was not found.
        Further occurrences of this warning will be suppressed. {"history": "Interactive.356", "point": 48, "testname": "Poten", "cornername": "CMOS_VDD_Res_Cap_Temp_46"}
[2026-06-03 12:07:50.282 Z] [WARN] [cadence.virtuoso.ade.simulationMonitor] -     WARNING (SPECTRE-16462): SOAC_esdfdp5_vac:Error in specification of subcircuit master. Assert is ignored.
        Further occurrences of this warning will be suppressed. {"history": "Interactive.356", "point": 48, "testname": "Poten", "cornername": "CMOS_VDD_Res_Cap_Temp_46"}
[2026-06-03 12:07:50.282 Z] [WARN] [cadence.virtuoso.ade.simulationMonitor] -     WARNING (SPECTRE-17607): Assert `SOAC_vert10_vsubpsub' is ignored because it contains an expression which is invalid or not supported by native evaluator.  {"history": "Interactive.356", "point": 48, "testname": "Poten", "cornername": "CMOS_VDD_Res_Cap_Temp_46"}
[2026-06-03 12:07:50.282 Z] [WARN] [cadence.virtuoso.ade.simulationMonitor] -     WARNING (SPECTRE-17607): Assert `SOAC_vert10_vcsub' is ignored because it contains an expression which is invalid or not supported by native evaluator.  {"history": "Interactive.356", "point": 48, "testname": "Poten", "cornername": "CMOS_VDD_Res_Cap_Temp_46"}
[2026-06-03 12:07:50.783 Z] [INFO] [cadence.virtuoso.ade.simulationMonitor] - Notice from spectre during topology check.
    Only one connection to the following 1898 nodes:
        I0.I46.RLIB_GC1.R1.psub!
        I0.I46.RLIB_GC1.R2.psub!
        I0.I46.MNLIB_DR1.M_esdnmos4.psub!
        I0.I46.DLIB2.psub!
        I0.I46.DLIB1.psub!
        Further occurrences of this notice will be suppressed. {"history": "Interactive.356", "point": 48, "testname": "Poten", "cornername": "CMOS_VDD_Res_Cap_Temp_46"}
[2026-06-03 12:07:53.786 Z] [INFO] [cadence.virtuoso.ade.simulationMonitor] -               nodes 15748 {"history": "Interactive.356", "point": 48, "testname": "Poten", "cornername": "CMOS_VDD_Res_Cap_Temp_46"}
[2026-06-03 12:07:53.787 Z] [INFO] [cadence.virtuoso.ade.simulationMonitor] - Notice from spectre during initial setup.
    7 resistors are shorted because their absolute value is less than or equal to 'rabsshort'.
    3 vsources are shorted because their absolute value is less than or equal to 'vabsshort'.
    4 resistors are changed to resistance form because their value are less than 'rthresh'.
    Spectre X preset=cx enabled.
    44 notices suppressed.
    138 warnings suppressed. {"history": "Interactive.356", "point": 48, "testname": "Poten", "cornername": "CMOS_VDD_Res_Cap_Temp_46"}
[2026-06-03 12:07:53.788 Z] [INFO] [cadence.virtuoso.ade.simulationMonitor] - Notice from spectre.
    Multithreading enabled: 8 threads in the system with 48 available processors. {"history": "Interactive.356", "point": 48, "testname": "Poten", "cornername": "CMOS_VDD_Res_Cap_Temp_46"}
[2026-06-03 12:07:53.788 Z] [INFO] [cadence.virtuoso.ade.simulationMonitor] - Peak resident memory used = 296 Mbytes. {"history": "Interactive.356", "point": 48, "testname": "Poten", "cornername": "CMOS_VDD_Res_Cap_Temp_46"}
[2026-06-03 12:07:53.789 Z] [INFO] [cadence.virtuoso.ade.simulationMonitor] -    -   (Spectre X) Multi-threading. The recommended number of threads is [4, 8], consider adding +mt=4 or +mt=8 on command line. {"history": "Interactive.356", "point": 48, "testname": "Poten", "cornername": "CMOS_VDD_Res_Cap_Temp_46"}
[2026-06-03 12:07:53.789 Z] [INFO] [cadence.virtuoso.ade.simulationMonitor] - Notice from spectre during DC analysis `dcOp'.
    No checklimit analysis defined for asserts. A default checklimit analysis 'SpectreChecklimitAnal' has been created with all asserts enabled. {"history": "Interactive.356", "point": 48, "testname": "Poten", "cornername": "CMOS_VDD_Res_Cap_Temp_46"}
[2026-06-03 12:07:54.790 Z] [INFO] [cadence.virtuoso.ade.simulationMonitor] - Notice from spectre during DC analysis `dcOp'.
    Bad pivoting is found during DC analysis. Option dc_pivot_check=yes is recommended for possible improvement of convergence. {"history": "Interactive.356", "point": 48, "testname": "Poten", "cornername": "CMOS_VDD_Res_Cap_Temp_46"}
[2026-06-03 12:07:54.790 Z] [WARN] [cadence.virtuoso.ade.simulationMonitor] -     WARNING (CMI-2943): Parameter checks have been ignored because the valid value for parameter 'trise' could not be found in 'C0'. {"history": "Interactive.356", "point": 48, "testname": "Poten", "cornername": "CMOS_VDD_Res_Cap_Temp_46"}
[2026-06-03 12:07:54.790 Z] [WARN] [cadence.virtuoso.ade.simulationMonitor] -     WARNING (CMI-2943): Parameter checks have been ignored because the valid value for parameter 'trise' could not be found in 'C1'. {"history": "Interactive.356", "point": 48, "testname": "Poten", "cornername": "CMOS_VDD_Res_Cap_Temp_46"}
[2026-06-03 12:07:54.791 Z] [WARN] [cadence.virtuoso.ade.simulationMonitor] -     WARNING (CMI-2943): Parameter checks have been ignored because the valid value for parameter 'trise' could not be found in 'C11'. {"history": "Interactive.356", "point": 48, "testname": "Poten", "cornername": "CMOS_VDD_Res_Cap_Temp_46"}
[2026-06-03 12:07:54.791 Z] [WARN] [cadence.virtuoso.ade.simulationMonitor] -     WARNING (CMI-2943): Parameter checks have been ignored because the valid value for parameter 'trise' could not be found in 'C12'. {"history": "Interactive.356", "point": 48, "testname": "Poten", "cornername": "CMOS_VDD_Res_Cap_Temp_46"}
[2026-06-03 12:07:54.791 Z] [WARN] [cadence.virtuoso.ade.simulationMonitor] -     WARNING (CMI-2943): Parameter checks have been ignored because the valid value for parameter 'trise' could not be found in 'C5'.
        Further occurrences of this warning will be suppressed. {"history": "Interactive.356", "point": 48, "testname": "Poten", "cornername": "CMOS_VDD_Res_Cap_Temp_46"}
[2026-06-03 12:07:54.791 Z] [WARN] [cadence.virtuoso.ade.simulationMonitor] -     WARNING (SPECTRE-17192): 
        Tolerance relaxation is used during DC simulation which may affect the accuracy of the result. This is mainly caused by the high impedance nodes in the circuit. Use the dyn_highz check to determine the high impedance nodes. Setting/assigning appropriate initial values to these nodes will usually help to improve both performance and accuracy of DC simulations. {"history": "Interactive.356", "point": 48, "testname": "Poten", "cornername": "CMOS_VDD_Res_Cap_Temp_46"}
[2026-06-03 12:07:54.792 Z] [INFO] [cadence.virtuoso.ade.simulationMonitor] - Total time required for dc analysis `dcOp': CPU = 4.79315 s, elapsed = 1.1167 s, util. = 429%. {"history": "Interactive.356", "point": 48, "testname": "Poten", "cornername": "CMOS_VDD_Res_Cap_Temp_46"}
[2026-06-03 12:07:54.792 Z] [INFO] [cadence.virtuoso.ade.simulationMonitor] - Peak resident memory used = 323 Mbytes. {"history": "Interactive.356", "point": 48, "testname": "Poten", "cornername": "CMOS_VDD_Res_Cap_Temp_46"}
[2026-06-03 12:07:54.792 Z] [INFO] [cadence.virtuoso.ade.simulationMonitor] - Notice from spectre.
    1071 warnings suppressed. {"history": "Interactive.356", "point": 48, "testname": "Poten", "cornername": "CMOS_VDD_Res_Cap_Temp_46"}
[2026-06-03 12:07:54.792 Z] [WARN] [cadence.virtuoso.ade.simulationMonitor] -     WARNING (CMI-2425): I7.I0.C0<0>_dummy: `Acde' = 2.393 is unusually large. {"history": "Interactive.356", "point": 48, "testname": "Poten", "cornername": "CMOS_VDD_Res_Cap_Temp_46"}
[2026-06-03 12:07:54.792 Z] [WARN] [cadence.virtuoso.ade.simulationMonitor] -     WARNING (CMI-2425): I7.I0.C0<0>_dummy: `Noff' = 4.732 is unusually large. {"history": "Interactive.356", "point": 48, "testname": "Poten", "cornername": "CMOS_VDD_Res_Cap_Temp_46"}
[2026-06-03 12:07:54.792 Z] [WARN] [cadence.virtuoso.ade.simulationMonitor] -     WARNING (CMI-2424): I7.I0.C0<0>_dummy: `Voffcv' = -867.4e-03 is unusually small. {"history": "Interactive.356", "point": 48, "testname": "Poten", "cornername": "CMOS_VDD_Res_Cap_Temp_46"}
[2026-06-03 12:07:54.793 Z] [WARN] [cadence.virtuoso.ade.simulationMonitor] -     WARNING (CMI-2425): I7.I3.C1<0>_dummy: `Acde' = 2.393 is unusually large. {"history": "Interactive.356", "point": 48, "testname": "Poten", "cornername": "CMOS_VDD_Res_Cap_Temp_46"}
[2026-06-03 12:07:54.793 Z] [WARN] [cadence.virtuoso.ade.simulationMonitor] -     WARNING (CMI-2425): I7.I3.C1<0>_dummy: `Noff' = 4.732 is unusually large. {"history": "Interactive.356", "point": 48, "testname": "Poten", "cornername": "CMOS_VDD_Res_Cap_Temp_46"}
[2026-06-03 12:07:54.793 Z] [WARN] [cadence.virtuoso.ade.simulationMonitor] -     WARNING (CMI-2424): I7.I3.C1<0>_dummy: `Voffcv' = -867.4e-03 is unusually small. {"history": "Interactive.356", "point": 48, "testname": "Poten", "cornername": "CMOS_VDD_Res_Cap_Temp_46"}
[2026-06-03 12:07:54.793 Z] [WARN] [cadence.virtuoso.ade.simulationMonitor] -     WARNING (CMI-2425): I7.I4.C1<0>_dummy: `Acde' = 2.393 is unusually large.
        Further occurrences of this warning will be suppressed. {"history": "Interactive.356", "point": 48, "testname": "Poten", "cornername": "CMOS_VDD_Res_Cap_Temp_46"}
[2026-06-03 12:07:54.793 Z] [WARN] [cadence.virtuoso.ade.simulationMonitor] -     WARNING (CMI-2424): I7.I4.C1<0>_dummy: `Voffcv' = -867.4e-03 is unusually small. {"history": "Interactive.356", "point": 48, "testname": "Poten", "cornername": "CMOS_VDD_Res_Cap_Temp_46"}
[2026-06-03 12:07:54.793 Z] [INFO] [cadence.virtuoso.ade.simulationMonitor] - Notice from spectre.
    1 warning suppressed. {"history": "Interactive.356", "point": 48, "testname": "Poten", "cornername": "CMOS_VDD_Res_Cap_Temp_46"}
[2026-06-03 12:07:55.795 Z] [INFO] [cadence.virtuoso.ade.simulationMonitor] - Notice from spectre during IC analysis, during transient analysis `tran'.
    Bad pivoting is found during DC analysis. Option dc_pivot_check=yes is recommended for possible improvement of convergence. {"history": "Interactive.356", "point": 48, "testname": "Poten", "cornername": "CMOS_VDD_Res_Cap_Temp_46"}
[2026-06-03 12:07:55.795 Z] [WARN] [cadence.virtuoso.ade.simulationMonitor] -     WARNING (CMI-2943): Parameter checks have been ignored because the valid value for parameter 'trise' could not be found in 'C0'. {"history": "Interactive.356", "point": 48, "testname": "Poten", "cornername": "CMOS_VDD_Res_Cap_Temp_46"}
[2026-06-03 12:07:55.795 Z] [WARN] [cadence.virtuoso.ade.simulationMonitor] -     WARNING (CMI-2943): Parameter checks have been ignored because the valid value for parameter 'trise' could not be found in 'C1'. {"history": "Interactive.356", "point": 48, "testname": "Poten", "cornername": "CMOS_VDD_Res_Cap_Temp_46"}
[2026-06-03 12:07:55.796 Z] [WARN] [cadence.virtuoso.ade.simulationMonitor] -     WARNING (CMI-2943): Parameter checks have been ignored because the valid value for parameter 'trise' could not be found in 'C11'. {"history": "Interactive.356", "point": 48, "testname": "Poten", "cornername": "CMOS_VDD_Res_Cap_Temp_46"}
[2026-06-03 12:07:55.796 Z] [WARN] [cadence.virtuoso.ade.simulationMonitor] -     WARNING (CMI-2943): Parameter checks have been ignored because the valid value for parameter 'trise' could not be found in 'C12'. {"history": "Interactive.356", "point": 48, "testname": "Poten", "cornername": "CMOS_VDD_Res_Cap_Temp_46"}
[2026-06-03 12:07:55.796 Z] [WARN] [cadence.virtuoso.ade.simulationMonitor] -     WARNING (CMI-2943): Parameter checks have been ignored because the valid value for parameter 'trise' could not be found in 'C5'.
        Further occurrences of this warning will be suppressed. {"history": "Interactive.356", "point": 48, "testname": "Poten", "cornername": "CMOS_VDD_Res_Cap_Temp_46"}
[2026-06-03 12:07:55.796 Z] [WARN] [cadence.virtuoso.ade.simulationMonitor] -     WARNING (SPECTRE-17192): 
        Tolerance relaxation is used during DC simulation which may affect the accuracy of the result. This is mainly caused by the high impedance nodes in the circuit. Use the dyn_highz check to determine the high impedance nodes. Setting/assigning appropriate initial values to these nodes will usually help to improve both performance and accuracy of DC simulations. {"history": "Interactive.356", "point": 48, "testname": "Poten", "cornername": "CMOS_VDD_Res_Cap_Temp_46"}
[2026-06-03 12:08:01.299 Z] [WARN] [cadence.virtuoso.ade.simulationMonitor] -     WARNING (CMI-2425): I7.I0.C0<0>_dummy: `Acde' = 2.393 is unusually large. {"history": "Interactive.356", "point": 48, "testname": "Poten", "cornername": "CMOS_VDD_Res_Cap_Temp_46"}
[2026-06-03 12:08:01.299 Z] [WARN] [cadence.virtuoso.ade.simulationMonitor] -     WARNING (CMI-2425): I7.I0.C0<0>_dummy: `Noff' = 4.732 is unusually large. {"history": "Interactive.356", "point": 48, "testname": "Poten", "cornername": "CMOS_VDD_Res_Cap_Temp_46"}
[2026-06-03 12:08:01.299 Z] [WARN] [cadence.virtuoso.ade.simulationMonitor] -     WARNING (CMI-2424): I7.I0.C0<0>_dummy: `Voffcv' = -867.4e-03 is unusually small. {"history": "Interactive.356", "point": 48, "testname": "Poten", "cornername": "CMOS_VDD_Res_Cap_Temp_46"}
[2026-06-03 12:08:01.300 Z] [WARN] [cadence.virtuoso.ade.simulationMonitor] -     WARNING (CMI-2425): I7.I3.C1<0>_dummy: `Acde' = 2.393 is unusually large. {"history": "Interactive.356", "point": 48, "testname": "Poten", "cornername": "CMOS_VDD_Res_Cap_Temp_46"}
[2026-06-03 12:08:01.300 Z] [WARN] [cadence.virtuoso.ade.simulationMonitor] -     WARNING (CMI-2425): I7.I3.C1<0>_dummy: `Noff' = 4.732 is unusually large. {"history": "Interactive.356", "point": 48, "testname": "Poten", "cornername": "CMOS_VDD_Res_Cap_Temp_46"}
[2026-06-03 12:08:01.300 Z] [WARN] [cadence.virtuoso.ade.simulationMonitor] -     WARNING (CMI-2424): I7.I3.C1<0>_dummy: `Voffcv' = -867.4e-03 is unusually small. {"history": "Interactive.356", "point": 48, "testname": "Poten", "cornername": "CMOS_VDD_Res_Cap_Temp_46"}
[2026-06-03 12:08:01.300 Z] [WARN] [cadence.virtuoso.ade.simulationMonitor] -     WARNING (CMI-2425): I7.I4.C1<0>_dummy: `Acde' = 2.393 is unusually large.
        Further occurrences of this warning will be suppressed. {"history": "Interactive.356", "point": 48, "testname": "Poten", "cornername": "CMOS_VDD_Res_Cap_Temp_46"}
[2026-06-03 12:08:01.300 Z] [WARN] [cadence.virtuoso.ade.simulationMonitor] -     WARNING (CMI-2424): I7.I4.C1<0>_dummy: `Voffcv' = -867.4e-03 is unusually small. {"history": "Interactive.356", "point": 48, "testname": "Poten", "cornername": "CMOS_VDD_Res_Cap_Temp_46"}
[2026-06-03 12:08:01.301 Z] [INFO] [cadence.virtuoso.ade.simulationMonitor] - Notice from spectre at time = 250 ms during transient analysis `tran'.
    1072 warnings suppressed. {"history": "Interactive.356", "point": 48, "testname": "Poten", "cornername": "CMOS_VDD_Res_Cap_Temp_46"}
[2026-06-03 12:08:15.306 Z] [INFO] [cadence.virtuoso.ade.simulationMonitor] - Notice from spectre at time = 600 ms during XF analysis `tran-000_xf', during transient analysis `tran'.
    Operating points will not be recomputed: the circuit and conditions were not changed since previous analysis. {"history": "Interactive.356", "point": 48, "testname": "Poten", "cornername": "CMOS_VDD_Res_Cap_Temp_46"}
[2026-06-03 12:08:24.310 Z] [INFO] [cadence.virtuoso.ade.simulationMonitor] - Total time required for xf analysis `tran-000_xf': CPU = 50.7208 s, elapsed = 8.88306 s, util. = 571%. {"history": "Interactive.356", "point": 48, "testname": "Poten", "cornername": "CMOS_VDD_Res_Cap_Temp_46"}
[2026-06-03 12:08:24.311 Z] [INFO] [cadence.virtuoso.ade.simulationMonitor] - Peak resident memory used = 431 Mbytes. {"history": "Interactive.356", "point": 48, "testname": "Poten", "cornername": "CMOS_VDD_Res_Cap_Temp_46"}
[2026-06-03 12:08:24.311 Z] [INFO] [cadence.virtuoso.ade.simulationMonitor] - Total time required for tran analysis `tran': CPU = 158.614 s (2m  38.6s), elapsed = 29.3876 s, util. = 540%. {"history": "Interactive.356", "point": 48, "testname": "Poten", "cornername": "CMOS_VDD_Res_Cap_Temp_46"}
[2026-06-03 12:08:24.311 Z] [INFO] [cadence.virtuoso.ade.simulationMonitor] - Peak resident memory used = 431 Mbytes. {"history": "Interactive.356", "point": 48, "testname": "Poten", "cornername": "CMOS_VDD_Res_Cap_Temp_46"}
[2026-06-03 12:08:24.311 Z] [WARN] [cadence.virtuoso.ade.simulationMonitor] -     WARNING (CMI-2425): I7.I0.C0<0>_dummy: `Acde' = 2.393 is unusually large. {"history": "Interactive.356", "point": 48, "testname": "Poten", "cornername": "CMOS_VDD_Res_Cap_Temp_46"}
[2026-06-03 12:08:24.312 Z] [WARN] [cadence.virtuoso.ade.simulationMonitor] -     WARNING (CMI-2425): I7.I0.C0<0>_dummy: `Noff' = 4.732 is unusually large. {"history": "Interactive.356", "point": 48, "testname": "Poten", "cornername": "CMOS_VDD_Res_Cap_Temp_46"}
[2026-06-03 12:08:24.312 Z] [WARN] [cadence.virtuoso.ade.simulationMonitor] -     WARNING (CMI-2424): I7.I0.C0<0>_dummy: `Voffcv' = -867.4e-03 is unusually small. {"history": "Interactive.356", "point": 48, "testname": "Poten", "cornername": "CMOS_VDD_Res_Cap_Temp_46"}
[2026-06-03 12:08:24.312 Z] [WARN] [cadence.virtuoso.ade.simulationMonitor] -     WARNING (CMI-2425): I7.I3.C1<0>_dummy: `Acde' = 2.393 is unusually large. {"history": "Interactive.356", "point": 48, "testname": "Poten", "cornername": "CMOS_VDD_Res_Cap_Temp_46"}
[2026-06-03 12:08:24.312 Z] [WARN] [cadence.virtuoso.ade.simulationMonitor] -     WARNING (CMI-2425): I7.I3.C1<0>_dummy: `Noff' = 4.732 is unusually large. {"history": "Interactive.356", "point": 48, "testname": "Poten", "cornername": "CMOS_VDD_Res_Cap_Temp_46"}
[2026-06-03 12:08:24.312 Z] [WARN] [cadence.virtuoso.ade.simulationMonitor] -     WARNING (CMI-2424): I7.I3.C1<0>_dummy: `Voffcv' = -867.4e-03 is unusually small. {"history": "Interactive.356", "point": 48, "testname": "Poten", "cornername": "CMOS_VDD_Res_Cap_Temp_46"}
[2026-06-03 12:08:24.312 Z] [WARN] [cadence.virtuoso.ade.simulationMonitor] -     WARNING (CMI-2425): I7.I4.C1<0>_dummy: `Acde' = 2.393 is unusually large.
        Further occurrences of this warning will be suppressed. {"history": "Interactive.356", "point": 48, "testname": "Poten", "cornername": "CMOS_VDD_Res_Cap_Temp_46"}
[2026-06-03 12:08:24.313 Z] [WARN] [cadence.virtuoso.ade.simulationMonitor] -     WARNING (CMI-2424): I7.I4.C1<0>_dummy: `Voffcv' = -867.4e-03 is unusually small. {"history": "Interactive.356", "point": 48, "testname": "Poten", "cornername": "CMOS_VDD_Res_Cap_Temp_46"}
[2026-06-03 12:08:24.313 Z] [INFO] [cadence.virtuoso.ade.simulationMonitor] - Notice from spectre.
    1 warning suppressed. {"history": "Interactive.356", "point": 48, "testname": "Poten", "cornername": "CMOS_VDD_Res_Cap_Temp_46"}
[2026-06-03 12:08:24.313 Z] [WARN] [cadence.virtuoso.ade.simulationMonitor] -     WARNING (CMI-2425): I7.I1.C0: `Acde' = 2.393 is unusually large. {"history": "Interactive.356", "point": 48, "testname": "Poten", "cornername": "CMOS_VDD_Res_Cap_Temp_46"}
[2026-06-03 12:08:24.313 Z] [WARN] [cadence.virtuoso.ade.simulationMonitor] -     WARNING (CMI-2425): I7.I1.C0: `Noff' = 4.732 is unusually large. {"history": "Interactive.356", "point": 48, "testname": "Poten", "cornername": "CMOS_VDD_Res_Cap_Temp_46"}
[2026-06-03 12:08:24.313 Z] [WARN] [cadence.virtuoso.ade.simulationMonitor] -     WARNING (CMI-2424): I7.I1.C0: `Voffcv' = -867.4e-03 is unusually small. {"history": "Interactive.356", "point": 48, "testname": "Poten", "cornername": "CMOS_VDD_Res_Cap_Temp_46"}
[2026-06-03 12:08:24.314 Z] [WARN] [cadence.virtuoso.ade.simulationMonitor] -     WARNING (CMI-2425): I7.I0.C1: `Acde' = 2.393 is unusually large. {"history": "Interactive.356", "point": 48, "testname": "Poten", "cornername": "CMOS_VDD_Res_Cap_Temp_46"}
[2026-06-03 12:08:24.314 Z] [WARN] [cadence.virtuoso.ade.simulationMonitor] -     WARNING (CMI-2425): I7.I0.C1: `Noff' = 4.732 is unusually large. {"history": "Interactive.356", "point": 48, "testname": "Poten", "cornername": "CMOS_VDD_Res_Cap_Temp_46"}
[2026-06-03 12:08:24.314 Z] [WARN] [cadence.virtuoso.ade.simulationMonitor] -     WARNING (CMI-2424): I7.I0.C1: `Voffcv' = -867.4e-03 is unusually small. {"history": "Interactive.356", "point": 48, "testname": "Poten", "cornername": "CMOS_VDD_Res_Cap_Temp_46"}
[2026-06-03 12:08:24.314 Z] [WARN] [cadence.virtuoso.ade.simulationMonitor] -     WARNING (CMI-2425): I7.I0.C2: `Acde' = 2.393 is unusually large.
        Further occurrences of this warning will be suppressed. {"history": "Interactive.356", "point": 48, "testname": "Poten", "cornername": "CMOS_VDD_Res_Cap_Temp_46"}
[2026-06-03 12:08:24.314 Z] [WARN] [cadence.virtuoso.ade.simulationMonitor] -     WARNING (CMI-2424): I7.I0.C2: `Voffcv' = -867.4e-03 is unusually small. {"history": "Interactive.356", "point": 48, "testname": "Poten", "cornername": "CMOS_VDD_Res_Cap_Temp_46"}
[2026-06-03 12:08:24.314 Z] [WARN] [cadence.virtuoso.ade.simulationMonitor] -     WARNING (CMI-2424): I7.I0.C0<0>_turbo_m6: `Voffcv' = -867.4e-03 is unusually small. {"history": "Interactive.356", "point": 48, "testname": "Poten", "cornername": "CMOS_VDD_Res_Cap_Temp_46"}
[2026-06-03 12:08:24.315 Z] [WARN] [cadence.virtuoso.ade.simulationMonitor] -     WARNING (CMI-2424): I7.I3.C1<0>_turbo_m6: `Voffcv' = -867.4e-03 is unusually small.
        Further occurrences of this warning will be suppressed. {"history": "Interactive.356", "point": 48, "testname": "Poten", "cornername": "CMOS_VDD_Res_Cap_Temp_46"}
[2026-06-03 12:08:31.818 Z] [WARN] [cadence.virtuoso.ade.simulationMonitor] -     WARNING (CMI-2943): Parameter checks have been ignored because the valid value for parameter 'trise' could not be found in 'C0'. {"history": "Interactive.356", "point": 48, "testname": "Poten", "cornername": "CMOS_VDD_Res_Cap_Temp_46"}
[2026-06-03 12:08:31.819 Z] [WARN] [cadence.virtuoso.ade.simulationMonitor] -     WARNING (CMI-2943): Parameter checks have been ignored because the valid value for parameter 'trise' could not be found in 'C1'. {"history": "Interactive.356", "point": 48, "testname": "Poten", "cornername": "CMOS_VDD_Res_Cap_Temp_46"}
[2026-06-03 12:08:31.819 Z] [WARN] [cadence.virtuoso.ade.simulationMonitor] -     WARNING (CMI-2943): Parameter checks have been ignored because the valid value for parameter 'trise' could not be found in 'C11'. {"history": "Interactive.356", "point": 48, "testname": "Poten", "cornername": "CMOS_VDD_Res_Cap_Temp_46"}
[2026-06-03 12:08:31.819 Z] [WARN] [cadence.virtuoso.ade.simulationMonitor] -     WARNING (CMI-2943): Parameter checks have been ignored because the valid value for parameter 'trise' could not be found in 'C12'. {"history": "Interactive.356", "point": 48, "testname": "Poten", "cornername": "CMOS_VDD_Res_Cap_Temp_46"}
[2026-06-03 12:08:31.819 Z] [WARN] [cadence.virtuoso.ade.simulationMonitor] -     WARNING (CMI-2943): Parameter checks have been ignored because the valid value for parameter 'trise' could not be found in 'C5'.
        Further occurrences of this warning will be suppressed. {"history": "Interactive.356", "point": 48, "testname": "Poten", "cornername": "CMOS_VDD_Res_Cap_Temp_46"}
[2026-06-03 12:08:31.820 Z] [INFO] [cadence.virtuoso.ade.simulationMonitor] - Notice from spectre during check, during DC analysis, during Noise analysis `noise'.
    I0.I5.RLIB_GC1 of rdiffp3: `ig' has the unusually large value of -38.0916 A.
    I0.I3.RLIB_GC1 of rdiffp3: `ig' has the unusually large value of -38.0916 A.
    I0.I3.RLIB_GC2 of rdiffp3: `ig' has the unusually large value of -38.0916 A.
    I0.I6.RLIB_GC2 of rdiffp3: `ig' has the unusually large value of -38.0916 A. {"history": "Interactive.356", "point": 48, "testname": "Poten", "cornername": "CMOS_VDD_Res_Cap_Temp_46"}
[2026-06-03 12:10:45.408 Z] [INFO] [cadence.virtuoso.ade.simulationMonitor] - Total time required for noise analysis `noise': CPU = 559.879 s (9m  19.9s), elapsed = 140.665 s (2m  20.7s), util. = 398%. {"history": "Interactive.356", "point": 48, "testname": "Poten", "cornername": "CMOS_VDD_Res_Cap_Temp_46"}
[2026-06-03 12:10:45.408 Z] [INFO] [cadence.virtuoso.ade.simulationMonitor] - Peak resident memory used = 734 Mbytes. {"history": "Interactive.356", "point": 48, "testname": "Poten", "cornername": "CMOS_VDD_Res_Cap_Temp_46"}
[2026-06-03 12:10:45.409 Z] [INFO] [cadence.virtuoso.ade.simulationMonitor] - Notice from spectre.
    1088 warnings suppressed. {"history": "Interactive.356", "point": 48, "testname": "Poten", "cornername": "CMOS_VDD_Res_Cap_Temp_46"}
[2026-06-03 12:10:45.409 Z] [WARN] [cadence.virtuoso.ade.simulationMonitor] -     WARNING (CMI-2425): I7.I0.C0<0>_dummy: `Acde' = 2.393 is unusually large. {"history": "Interactive.356", "point": 48, "testname": "Poten", "cornername": "CMOS_VDD_Res_Cap_Temp_46"}
[2026-06-03 12:10:45.409 Z] [WARN] [cadence.virtuoso.ade.simulationMonitor] -     WARNING (CMI-2425): I7.I0.C0<0>_dummy: `Noff' = 4.732 is unusually large. {"history": "Interactive.356", "point": 48, "testname": "Poten", "cornername": "CMOS_VDD_Res_Cap_Temp_46"}
[2026-06-03 12:10:45.410 Z] [WARN] [cadence.virtuoso.ade.simulationMonitor] -     WARNING (CMI-2424): I7.I0.C0<0>_dummy: `Voffcv' = -867.4e-03 is unusually small. {"history": "Interactive.356", "point": 48, "testname": "Poten", "cornername": "CMOS_VDD_Res_Cap_Temp_46"}
[2026-06-03 12:10:45.410 Z] [WARN] [cadence.virtuoso.ade.simulationMonitor] -     WARNING (CMI-2425): I7.I3.C1<0>_dummy: `Acde' = 2.393 is unusually large. {"history": "Interactive.356", "point": 48, "testname": "Poten", "cornername": "CMOS_VDD_Res_Cap_Temp_46"}
[2026-06-03 12:10:45.411 Z] [WARN] [cadence.virtuoso.ade.simulationMonitor] -     WARNING (CMI-2425): I7.I3.C1<0>_dummy: `Noff' = 4.732 is unusually large. {"history": "Interactive.356", "point": 48, "testname": "Poten", "cornername": "CMOS_VDD_Res_Cap_Temp_46"}
[2026-06-03 12:10:45.412 Z] [WARN] [cadence.virtuoso.ade.simulationMonitor] -     WARNING (CMI-2424): I7.I3.C1<0>_dummy: `Voffcv' = -867.4e-03 is unusually small. {"history": "Interactive.356", "point": 48, "testname": "Poten", "cornername": "CMOS_VDD_Res_Cap_Temp_46"}
[2026-06-03 12:10:45.412 Z] [WARN] [cadence.virtuoso.ade.simulationMonitor] -     WARNING (CMI-2425): I7.I4.C1<0>_dummy: `Acde' = 2.393 is unusually large.
        Further occurrences of this warning will be suppressed. {"history": "Interactive.356", "point": 48, "testname": "Poten", "cornername": "CMOS_VDD_Res_Cap_Temp_46"}
[2026-06-03 12:10:45.412 Z] [WARN] [cadence.virtuoso.ade.simulationMonitor] -     WARNING (CMI-2424): I7.I4.C1<0>_dummy: `Voffcv' = -867.4e-03 is unusually small. {"history": "Interactive.356", "point": 48, "testname": "Poten", "cornername": "CMOS_VDD_Res_Cap_Temp_46"}
[2026-06-03 12:10:45.913 Z] [INFO] [cadence.virtuoso.ade.simulationMonitor] - Notice from spectre.
    1 warning suppressed. {"history": "Interactive.356", "point": 48, "testname": "Poten", "cornername": "CMOS_VDD_Res_Cap_Temp_46"}
[2026-06-03 12:10:45.913 Z] [INFO] [cadence.virtuoso.ade.simulationMonitor] - Time used: CPU = 730 s (12m  10.3s), elapsed = 179 s (2m  59.1s), util. = 408%. {"history": "Interactive.356", "point": 48, "testname": "Poten", "cornername": "CMOS_VDD_Res_Cap_Temp_46"}
[2026-06-03 12:10:45.914 Z] [INFO] [cadence.virtuoso.ade.simulationMonitor] - Time spent in licensing: elapsed = 103 ms. {"history": "Interactive.356", "point": 48, "testname": "Poten", "cornername": "CMOS_VDD_Res_Cap_Temp_46"}
[2026-06-03 12:10:45.915 Z] [INFO] [cadence.virtuoso.ade.simulationMonitor] - Peak memory used = 734 Mbytes. {"history": "Interactive.356", "point": 48, "testname": "Poten", "cornername": "CMOS_VDD_Res_Cap_Temp_46"}
[2026-06-03 12:10:45.916 Z] [PROCESS] [cadence.virtuoso.ade.simulationMonitor] - Simulation started at: 12:07:46 PM, Wed Jun 3, 2026, ended at: 12:10:45 PM, Wed Jun 3, 2026, with elapsed time (wall clock): 179 s (2m  59.1s). {"history": "Interactive.356", "point": 48, "testname": "Poten", "cornername": "CMOS_VDD_Res_Cap_Temp_46"}
[2026-06-03 12:10:45.916 Z] [PROCESS] [cadence.virtuoso.ade.simulationMonitor] - spectre completes with 0 errors, 113 warnings, and 37 notices. {"history": "Interactive.356", "point": 48, "testname": "Poten", "cornername": "CMOS_VDD_Res_Cap_Temp_46"}
[2026-06-03 12:10:46.417 Z] [PROCESS] [cadence.virtuoso.ade.simulationMonitor] - Finished simulating for one point {"hostname": "il2244vt26_hrahimi", "processid": 2498769, "history": "Interactive.356", "testname": "Poten", "cornername": "CMOS_VDD_Res_Cap_Temp_46", "point": 48, "logfile": "/home/hrahimi/projects/POTENTIOSTAT_26/logs_hrahimi/logs0/Job19.log", "simid": "16"}
[2026-06-03 12:10:46.417 Z] [PROCESS] [cadence.virtuoso.ade.simulationMonitor] - Simulator exited {"hostname": "il2244vt26_hrahimi", "processid": 2498769, "history": "Interactive.356", "testname": "Poten", "cornername": "CMOS_VDD_Res_Cap_Temp_46", "point": 48, "logfile": "/home/hrahimi/projects/POTENTIOSTAT_26/logs_hrahimi/logs0/Job19.log", "exitStatus": "0"}
[2026-06-03 12:10:46.418 Z] [PROCESS] [cadence.virtuoso.ade.simulationMonitor] - Finished Simulation {"hostname": "il2244vt26_hrahimi", "processid": 2498769, "history": "Interactive.356", "testname": "Poten", "cornername": "CMOS_VDD_Res_Cap_Temp_46", "point": 48, "logfile": "/home/hrahimi/projects/POTENTIOSTAT_26/logs_hrahimi/logs0/Job19.log", "simid": "16"}
[2026-06-03 12:10:51.932 Z] [PROCESS] [cadence.virtuoso.ade.simulationMonitor] - Point Finished {"hostname": "il2244vt26_hrahimi", "processid": 2498769, "history": "Interactive.356", "testname": "Poten", "cornername": "CMOS_VDD_Res_Cap_Temp_46", "point": 48, "logfile": "/home/hrahimi/projects/POTENTIOSTAT_26/logs_hrahimi/logs0/Job19.log"}
[2026-06-03 12:10:51.936 Z] [PROCESS] [cadence.virtuoso.ade.simulationMonitor] - HostInfo:
Host name (type):	il2244vt26_hrahimi (x86_64)
Operating system:	Linux 5.15.0-164-generic #174-Ubuntu SMP Fri Nov 14 20:25:16 UTC 2025 {"hostname": "il2244vt26_hrahimi", "processid": 2498769, "history": "Interactive.356", "testname": "Poten", "cornername": "CMOS_VDD_Res_Cap_Temp_46", "point": 48, "logfile": "/home/hrahimi/projects/POTENTIOSTAT_26/logs_hrahimi/logs0/Job19.log", "nodename": "il2244vt26_hrahimi", "domainname": "(none)", "machine": "x86_64", "sysname": "Linux", "release": "5.15.0-164-generic", "version": "#174-Ubuntu SMP Fri Nov 14 20:25:16 UTC 2025"}
[2026-06-03 12:10:51.936 Z] [PROCESS] [cadence.virtuoso.ade.simulationMonitor] - UsageInfo:
pid=2498769
totalPhysicalMemory=3023.749672GB,Used=2719.025967GB,totalVirtualMemory=3031.749668GB,Used=2719.132412GB
Cpu: Cores=48, Load average:50.120000,45.310000,35.750000 {"hostname": "il2244vt26_hrahimi", "processid": 2498769, "history": "Interactive.356", "testname": "Poten", "cornername": "CMOS_VDD_Res_Cap_Temp_46", "point": 48, "logfile": "/home/hrahimi/projects/POTENTIOSTAT_26/logs_hrahimi/logs0/Job19.log", "pid": "2498769", "totalPhysicalMemory": "3023.749672", "physicalMemoryUsed": "2719.025967", "totalVirtualMemory": "3031.749668", "virtualMemoryUsed": "2719.132412", "cpuCores": "48", "processes": "29728", "loadAverage1": "50.120000", "loadAverage5": "45.310000", "loadAverage15": "35.750000", "loadAverage1Percent": "1.044167"}
[2026-06-03 12:10:51.937 Z] [EVENT] [cadence.virtuoso.ade.simulationMonitor] - NewPoint {"history": "Interactive.356", "point": 43, "testname": "PTAT", "cornername": "CMOS_VDD_Res_Cap_Temp_41", "event": "NewPoint", "EventSource": "Simulation Monitor", "HistoryName": "Interactive.356", "logFile": "/home/hrahimi/projects/POTENTIOSTAT_26/logs_hrahimi/logs0/Job19.log", "logFileSize": "647007"}
[2026-06-03 12:10:52.040 Z] [EVENT] [cadence.virtuoso.ade.simulationMonitor] - NewPoint {"history": "Interactive.356", "point": 43, "testname": "PTAT", "cornername": "CMOS_VDD_Res_Cap_Temp_41", "event": "NewPoint", "EventSource": "spectre", "HistoryName": "Interactive.356", "logFile": "/home/hrahimi/projects/POTENTIOSTAT_26/Sim/Potentiostat_Top/top/maestro/results/maestro/Interactive.356/43/PTAT/psf/spectre.out", "logFileSize": "-1"}
[2026-06-03 12:10:52.052 Z] [PROCESS] [cadence.virtuoso.ade.simulationMonitor] - Simulator launched {"hostname": "il2244vt26_hrahimi", "processid": 2498769, "history": "Interactive.356", "testname": "PTAT", "cornername": "CMOS_VDD_Res_Cap_Temp_41", "point": 43, "logfile": "/home/hrahimi/projects/POTENTIOSTAT_26/logs_hrahimi/logs0/Job19.log", "simid": "17"}
[2026-06-03 12:10:52.112 Z] [PROCESS] [cadence.virtuoso.ade.simulationMonitor] - Started Simulation {"hostname": "il2244vt26_hrahimi", "processid": 2498769, "history": "Interactive.356", "testname": "PTAT", "cornername": "CMOS_VDD_Res_Cap_Temp_41", "point": 43, "logfile": "/home/hrahimi/projects/POTENTIOSTAT_26/logs_hrahimi/logs0/Job19.log", "event": "started", "task": "simulation"}
[2026-06-03 12:10:53.113 Z] [WARN] [cadence.virtuoso.ade.simulationMonitor] -     WARNING (SPECTRE-691): This CPU processor does not support x86 advanced vector extensions instructions. This may affect math operations and slow down the simulation. {"history": "Interactive.356", "point": 43, "testname": "PTAT", "cornername": "CMOS_VDD_Res_Cap_Temp_41"}
[2026-06-03 12:10:53.114 Z] [INFO] [cadence.virtuoso.ade.simulationMonitor] - Notice from spectre during circuit read-in.
    Pre_Configuration file used: /opt/tools/cadence/installs/SPECTRE241/tools.lnx86/spectre/etc/configs/preset.precfg
    Configuration file used: `/opt/tools/cadence/installs/SPECTRE241/tools.lnx86/spectre/etc/configs/preset.cfg'. {"history": "Interactive.356", "point": 43, "testname": "PTAT", "cornername": "CMOS_VDD_Res_Cap_Temp_41"}
[2026-06-03 12:10:53.114 Z] [WARN] [cadence.virtuoso.ade.simulationMonitor] -     WARNING (SPECTRE-8360): line 1511: `ac' is an undefined primitive device. {"history": "Interactive.356", "point": 43, "testname": "PTAT", "cornername": "CMOS_VDD_Res_Cap_Temp_41"}
[2026-06-03 12:10:53.114 Z] [WARN] [cadence.virtuoso.ade.simulationMonitor] -     WARNING (SPECTRE-8360): line 1512: `ac' is an undefined primitive device. {"history": "Interactive.356", "point": 43, "testname": "PTAT", "cornername": "CMOS_VDD_Res_Cap_Temp_41"}
[2026-06-03 12:10:53.114 Z] [WARN] [cadence.virtuoso.ade.simulationMonitor] -     WARNING (SPECTRE-8360): line 1513: `ac' is an undefined primitive device. {"history": "Interactive.356", "point": 43, "testname": "PTAT", "cornername": "CMOS_VDD_Res_Cap_Temp_41"}
[2026-06-03 12:10:53.115 Z] [WARN] [cadence.virtuoso.ade.simulationMonitor] -     WARNING (SPECTRE-8360): line 1514: `ac' is an undefined primitive device. {"history": "Interactive.356", "point": 43, "testname": "PTAT", "cornername": "CMOS_VDD_Res_Cap_Temp_41"}
[2026-06-03 12:10:53.115 Z] [WARN] [cadence.virtuoso.ade.simulationMonitor] -     WARNING (SPECTRE-8360): line 1515: `ac' is an undefined primitive device.
        Further occurrences of this warning will be suppressed. {"history": "Interactive.356", "point": 43, "testname": "PTAT", "cornername": "CMOS_VDD_Res_Cap_Temp_41"}
[2026-06-03 12:10:53.115 Z] [WARN] [cadence.virtuoso.ade.simulationMonitor] -     WARNING (VACOMP-2435): The environment variable CDS_AHDLCMI_ENABLE is no longer supported. Therefore, the simulator will use the default compiled C code flow. {"history": "Interactive.356", "point": 43, "testname": "PTAT", "cornername": "CMOS_VDD_Res_Cap_Temp_41"}
[2026-06-03 12:10:53.115 Z] [INFO] [cadence.virtuoso.ade.simulationMonitor] - Peak resident memory used = 195 Mbytes. {"history": "Interactive.356", "point": 43, "testname": "PTAT", "cornername": "CMOS_VDD_Res_Cap_Temp_41"}
[2026-06-03 12:10:53.615 Z] [WARN] [cadence.virtuoso.ade.simulationMonitor] -     WARNING (SFE-2649): Terminals of top-level instance `R50', in file`netlist', at line 1168, are connected. Remove the instance and rerun the simulation. {"history": "Interactive.356", "point": 43, "testname": "PTAT", "cornername": "CMOS_VDD_Res_Cap_Temp_41"}
[2026-06-03 12:10:53.616 Z] [WARN] [cadence.virtuoso.ade.simulationMonitor] -     WARNING (SFE-2649): Terminals of top-level instance `R48', in file`netlist', at line 1211, are connected. Remove the instance and rerun the simulation. {"history": "Interactive.356", "point": 43, "testname": "PTAT", "cornername": "CMOS_VDD_Res_Cap_Temp_41"}
[2026-06-03 12:10:54.116 Z] [WARN] [cadence.virtuoso.ade.simulationMonitor] -     WARNING (SFE-3027): The dangling resistor I2.rb144 is removed. {"history": "Interactive.356", "point": 43, "testname": "PTAT", "cornername": "CMOS_VDD_Res_Cap_Temp_41"}
[2026-06-03 12:10:54.117 Z] [WARN] [cadence.virtuoso.ade.simulationMonitor] -     WARNING (SFE-3027): The dangling resistor I2.rb241 is removed. {"history": "Interactive.356", "point": 43, "testname": "PTAT", "cornername": "CMOS_VDD_Res_Cap_Temp_41"}
[2026-06-03 12:10:54.117 Z] [WARN] [cadence.virtuoso.ade.simulationMonitor] -     WARNING (SFE-3027): The dangling resistor I2.rb613 is removed. {"history": "Interactive.356", "point": 43, "testname": "PTAT", "cornername": "CMOS_VDD_Res_Cap_Temp_41"}
[2026-06-03 12:10:54.117 Z] [WARN] [cadence.virtuoso.ade.simulationMonitor] -     WARNING (SFE-3027): The dangling resistor I2.rd794 is removed. {"history": "Interactive.356", "point": 43, "testname": "PTAT", "cornername": "CMOS_VDD_Res_Cap_Temp_41"}
[2026-06-03 12:10:54.117 Z] [WARN] [cadence.virtuoso.ade.simulationMonitor] -     WARNING (SFE-3012): The dummy device I0.I16.DLIB9 is removed. {"history": "Interactive.356", "point": 43, "testname": "PTAT", "cornername": "CMOS_VDD_Res_Cap_Temp_41"}
[2026-06-03 12:10:54.117 Z] [WARN] [cadence.virtuoso.ade.simulationMonitor] -     WARNING (SFE-3012): The dummy device I0.I15.DLIB9 is removed. {"history": "Interactive.356", "point": 43, "testname": "PTAT", "cornername": "CMOS_VDD_Res_Cap_Temp_41"}
[2026-06-03 12:10:54.118 Z] [WARN] [cadence.virtuoso.ade.simulationMonitor] -     WARNING (SFE-3012): The dummy device I0.I0.DLIB6 is removed. {"history": "Interactive.356", "point": 43, "testname": "PTAT", "cornername": "CMOS_VDD_Res_Cap_Temp_41"}
[2026-06-03 12:10:54.118 Z] [WARN] [cadence.virtuoso.ade.simulationMonitor] -     WARNING (SFE-3012): The dummy device I7.I2.MP12<0>_turbo_m34 is removed. {"history": "Interactive.356", "point": 43, "testname": "PTAT", "cornername": "CMOS_VDD_Res_Cap_Temp_41"}
[2026-06-03 12:10:54.118 Z] [WARN] [cadence.virtuoso.ade.simulationMonitor] -     WARNING (SFE-3012): The dummy device I0.I16.DLIB10 is removed.
        Further occurrences of this warning will be suppressed. {"history": "Interactive.356", "point": 43, "testname": "PTAT", "cornername": "CMOS_VDD_Res_Cap_Temp_41"}
[2026-06-03 12:10:54.118 Z] [WARN] [cadence.virtuoso.ade.simulationMonitor] -     WARNING (SFE-3029): The dummy capacitor I7.I0.R3.CS1 is removed. {"history": "Interactive.356", "point": 43, "testname": "PTAT", "cornername": "CMOS_VDD_Res_Cap_Temp_41"}
[2026-06-03 12:10:54.118 Z] [WARN] [cadence.virtuoso.ade.simulationMonitor] -     WARNING (SFE-3027): The dangling resistor I2.re2693 is removed.
        Further occurrences of this warning will be suppressed. {"history": "Interactive.356", "point": 43, "testname": "PTAT", "cornername": "CMOS_VDD_Res_Cap_Temp_41"}
[2026-06-03 12:10:54.118 Z] [WARN] [cadence.virtuoso.ade.simulationMonitor] -     WARNING (SFE-3029): The dummy capacitor I7.I13_turbo_m5.C0.C1 is removed. {"history": "Interactive.356", "point": 43, "testname": "PTAT", "cornername": "CMOS_VDD_Res_Cap_Temp_41"}
[2026-06-03 12:10:54.119 Z] [WARN] [cadence.virtuoso.ade.simulationMonitor] -     WARNING (SFE-3029): The dummy capacitor I7.I10_turbo_m4.C0.C1 is removed. {"history": "Interactive.356", "point": 43, "testname": "PTAT", "cornername": "CMOS_VDD_Res_Cap_Temp_41"}
[2026-06-03 12:10:54.119 Z] [WARN] [cadence.virtuoso.ade.simulationMonitor] -     WARNING (SFE-3029): The dummy capacitor I7.I1.R2.CS1 is removed. {"history": "Interactive.356", "point": 43, "testname": "PTAT", "cornername": "CMOS_VDD_Res_Cap_Temp_41"}
[2026-06-03 12:10:54.119 Z] [WARN] [cadence.virtuoso.ade.simulationMonitor] -     WARNING (SFE-3028): The floating resistor R8 is removed. {"history": "Interactive.356", "point": 43, "testname": "PTAT", "cornername": "CMOS_VDD_Res_Cap_Temp_41"}
[2026-06-03 12:10:54.119 Z] [WARN] [cadence.virtuoso.ade.simulationMonitor] -     WARNING (SFE-3029): The dummy capacitor I7.I4.R31.CS1 is removed.
        Further occurrences of this warning will be suppressed. {"history": "Interactive.356", "point": 43, "testname": "PTAT", "cornername": "CMOS_VDD_Res_Cap_Temp_41"}
[2026-06-03 12:10:54.119 Z] [WARN] [cadence.virtuoso.ade.simulationMonitor] -     WARNING (SFE-3015): The dangling node I2.210\:GNDA is removed. {"history": "Interactive.356", "point": 43, "testname": "PTAT", "cornername": "CMOS_VDD_Res_Cap_Temp_41"}
[2026-06-03 12:10:54.119 Z] [WARN] [cadence.virtuoso.ade.simulationMonitor] -     WARNING (SFE-3015): The dangling node I2.222\:POT_OUT is removed. {"history": "Interactive.356", "point": 43, "testname": "PTAT", "cornername": "CMOS_VDD_Res_Cap_Temp_41"}
[2026-06-03 12:10:54.120 Z] [WARN] [cadence.virtuoso.ade.simulationMonitor] -     WARNING (SFE-3015): The dangling node I2.13\:I25|I35|SN is removed. {"history": "Interactive.356", "point": 43, "testname": "PTAT", "cornername": "CMOS_VDD_Res_Cap_Temp_41"}
[2026-06-03 12:10:54.120 Z] [WARN] [cadence.virtuoso.ade.simulationMonitor] -     WARNING (SFE-3015): The dangling node I2.29\:Calib_EN is removed. {"history": "Interactive.356", "point": 43, "testname": "PTAT", "cornername": "CMOS_VDD_Res_Cap_Temp_41"}
[2026-06-03 12:10:54.120 Z] [WARN] [cadence.virtuoso.ade.simulationMonitor] -     WARNING (SFE-3015): The dangling node I2.693\:VPI is removed.
        Further occurrences of this warning will be suppressed. {"history": "Interactive.356", "point": 43, "testname": "PTAT", "cornername": "CMOS_VDD_Res_Cap_Temp_41"}
[2026-06-03 12:10:54.120 Z] [WARN] [cadence.virtuoso.ade.simulationMonitor] -     WARNING (SFE-3016): The floating node net74 is removed. {"history": "Interactive.356", "point": 43, "testname": "PTAT", "cornername": "CMOS_VDD_Res_Cap_Temp_41"}
[2026-06-03 12:10:54.120 Z] [WARN] [cadence.virtuoso.ade.simulationMonitor] -     WARNING (SFE-3016): The floating node net73 is removed. {"history": "Interactive.356", "point": 43, "testname": "PTAT", "cornername": "CMOS_VDD_Res_Cap_Temp_41"}
[2026-06-03 12:10:54.120 Z] [INFO] [cadence.virtuoso.ade.simulationMonitor] - Notice from spectre during hierarchy flattening.
    Spectre X Parasitic Optimization enabled.
    Parasitic optimization will filter out parasitic nodes, nodes only connected to RCs, by default. To view individual parasitic nodes use individual save statements (i.e. save out), or use the 'savefilter=none' option to save all parasitic nodes. Saving all parasitic nodes may slow down simulation and create large waveform files. {"history": "Interactive.356", "point": 43, "testname": "PTAT", "cornername": "CMOS_VDD_Res_Cap_Temp_41"}
[2026-06-03 12:10:54.121 Z] [INFO] [cadence.virtuoso.ade.simulationMonitor] - Peak resident memory used = 224 Mbytes. {"history": "Interactive.356", "point": 43, "testname": "PTAT", "cornername": "CMOS_VDD_Res_Cap_Temp_41"}
[2026-06-03 12:10:54.121 Z] [INFO] [cadence.virtuoso.ade.simulationMonitor] - Notice from spectre during hierarchy flattening.
    The value 'psf' specified for the 'checklimitdest' option will no longer be supported in future releases. Use 'spectre -h' to see other recommended values for the 'checklimitdest' option.
    I0.I46.RLIB_GC1.CS0 of rpoly1c: `c' has the unusually small value of 634.694e-21 F.
    I0.I46.RLIB_GC1.CS1 of rpoly1c: `c' has the unusually small value of 634.694e-21 F.
    I0.I45.RLIB_GC1.CS0 of rpoly1c: `c' has the unusually small value of 634.694e-21 F.
    I0... {"history": "Interactive.356", "point": 43, "testname": "PTAT", "cornername": "CMOS_VDD_Res_Cap_Temp_41"}
[2026-06-03 12:10:54.121 Z] [INFO] [cadence.virtuoso.ade.simulationMonitor] - Notice from spectre during hierarchy flattening.
    V8: `period' has the unusually large value of 100 s.
    V7: `period' has the unusually large value of 10 s.
    V3: `period' has the unusually large value of 6 s.
    I26: `period' has the unusually large value of 6 s. {"history": "Interactive.356", "point": 43, "testname": "PTAT", "cornername": "CMOS_VDD_Res_Cap_Temp_41"}
[2026-06-03 12:10:54.121 Z] [INFO] [cadence.virtuoso.ade.simulationMonitor] - Peak resident memory used = 235 Mbytes. {"history": "Interactive.356", "point": 43, "testname": "PTAT", "cornername": "CMOS_VDD_Res_Cap_Temp_41"}
[2026-06-03 12:10:54.121 Z] [WARN] [cadence.virtuoso.ade.simulationMonitor] -     WARNING (CMI-2425): I2.I56|C3: `Acde' = 2.393 is unusually large. {"history": "Interactive.356", "point": 43, "testname": "PTAT", "cornername": "CMOS_VDD_Res_Cap_Temp_41"}
[2026-06-03 12:10:54.121 Z] [WARN] [cadence.virtuoso.ade.simulationMonitor] -     WARNING (CMI-2425): I2.I56|C3: `Noff' = 4.732 is unusually large. {"history": "Interactive.356", "point": 43, "testname": "PTAT", "cornername": "CMOS_VDD_Res_Cap_Temp_41"}
[2026-06-03 12:10:54.121 Z] [WARN] [cadence.virtuoso.ade.simulationMonitor] -     WARNING (CMI-2424): I2.I56|C3: `Voffcv' = -867.4e-03 is unusually small. {"history": "Interactive.356", "point": 43, "testname": "PTAT", "cornername": "CMOS_VDD_Res_Cap_Temp_41"}
[2026-06-03 12:10:54.122 Z] [WARN] [cadence.virtuoso.ade.simulationMonitor] -     WARNING (CMI-2425): I2.I56|C4: `Acde' = 2.393 is unusually large. {"history": "Interactive.356", "point": 43, "testname": "PTAT", "cornername": "CMOS_VDD_Res_Cap_Temp_41"}
[2026-06-03 12:10:54.122 Z] [WARN] [cadence.virtuoso.ade.simulationMonitor] -     WARNING (CMI-2425): I2.I56|C4: `Noff' = 4.732 is unusually large. {"history": "Interactive.356", "point": 43, "testname": "PTAT", "cornername": "CMOS_VDD_Res_Cap_Temp_41"}
[2026-06-03 12:10:54.122 Z] [WARN] [cadence.virtuoso.ade.simulationMonitor] -     WARNING (CMI-2424): I2.I56|C4: `Voffcv' = -867.4e-03 is unusually small. {"history": "Interactive.356", "point": 43, "testname": "PTAT", "cornername": "CMOS_VDD_Res_Cap_Temp_41"}
[2026-06-03 12:10:54.122 Z] [WARN] [cadence.virtuoso.ade.simulationMonitor] -     WARNING (CMI-2425): I2.I56|C5: `Acde' = 2.393 is unusually large.
        Further occurrences of this warning will be suppressed. {"history": "Interactive.356", "point": 43, "testname": "PTAT", "cornername": "CMOS_VDD_Res_Cap_Temp_41"}
[2026-06-03 12:10:54.122 Z] [WARN] [cadence.virtuoso.ade.simulationMonitor] -     WARNING (CMI-2424): I2.I56|C5: `Voffcv' = -867.4e-03 is unusually small. {"history": "Interactive.356", "point": 43, "testname": "PTAT", "cornername": "CMOS_VDD_Res_Cap_Temp_41"}
[2026-06-03 12:10:54.122 Z] [WARN] [cadence.virtuoso.ade.simulationMonitor] -     WARNING (CMI-2424): I7.I4.C1<0>_turbo_m11: `Voffcv' = -867.4e-03 is unusually small. {"history": "Interactive.356", "point": 43, "testname": "PTAT", "cornername": "CMOS_VDD_Res_Cap_Temp_41"}
[2026-06-03 12:10:54.122 Z] [WARN] [cadence.virtuoso.ade.simulationMonitor] -     WARNING (CMI-2424): I7.I3.C1<0>_turbo_m6: `Voffcv' = -867.4e-03 is unusually small.
        Further occurrences of this warning will be suppressed. {"history": "Interactive.356", "point": 43, "testname": "PTAT", "cornername": "CMOS_VDD_Res_Cap_Temp_41"}
[2026-06-03 12:10:55.123 Z] [WARN] [cadence.virtuoso.ade.simulationMonitor] -     WARNING (SPECTRE-16460): SOAC_esdgcp5_vcpsub:Specified subcircuit master `esdgcp5' was not found. {"history": "Interactive.356", "point": 43, "testname": "PTAT", "cornername": "CMOS_VDD_Res_Cap_Temp_41"}
[2026-06-03 12:10:55.123 Z] [WARN] [cadence.virtuoso.ade.simulationMonitor] -     WARNING (SPECTRE-16462): SOAC_esdgcp5_vcpsub:Error in specification of subcircuit master. Assert is ignored. {"history": "Interactive.356", "point": 43, "testname": "PTAT", "cornername": "CMOS_VDD_Res_Cap_Temp_41"}
[2026-06-03 12:10:55.123 Z] [WARN] [cadence.virtuoso.ade.simulationMonitor] -     WARNING (SPECTRE-16460): SOAC_esdgcp5_vac:Specified subcircuit master `esdgcp5' was not found. {"history": "Interactive.356", "point": 43, "testname": "PTAT", "cornername": "CMOS_VDD_Res_Cap_Temp_41"}
[2026-06-03 12:10:55.124 Z] [WARN] [cadence.virtuoso.ade.simulationMonitor] -     WARNING (SPECTRE-16462): SOAC_esdgcp5_vac:Error in specification of subcircuit master. Assert is ignored. {"history": "Interactive.356", "point": 43, "testname": "PTAT", "cornername": "CMOS_VDD_Res_Cap_Temp_41"}
[2026-06-03 12:10:55.124 Z] [WARN] [cadence.virtuoso.ade.simulationMonitor] -     WARNING (SPECTRE-16460): SOAC_esdgcn5_vac:Specified subcircuit master `esdgcn5' was not found. {"history": "Interactive.356", "point": 43, "testname": "PTAT", "cornername": "CMOS_VDD_Res_Cap_Temp_41"}
[2026-06-03 12:10:55.124 Z] [WARN] [cadence.virtuoso.ade.simulationMonitor] -     WARNING (SPECTRE-16462): SOAC_esdgcn5_vac:Error in specification of subcircuit master. Assert is ignored. {"history": "Interactive.356", "point": 43, "testname": "PTAT", "cornername": "CMOS_VDD_Res_Cap_Temp_41"}
[2026-06-03 12:10:55.124 Z] [WARN] [cadence.virtuoso.ade.simulationMonitor] -     WARNING (SPECTRE-16460): SOAC_esdfdp5_vcpsub:Specified subcircuit master `esdfdp5' was not found. {"history": "Interactive.356", "point": 43, "testname": "PTAT", "cornername": "CMOS_VDD_Res_Cap_Temp_41"}
[2026-06-03 12:10:55.124 Z] [WARN] [cadence.virtuoso.ade.simulationMonitor] -     WARNING (SPECTRE-16462): SOAC_esdfdp5_vcpsub:Error in specification of subcircuit master. Assert is ignored. {"history": "Interactive.356", "point": 43, "testname": "PTAT", "cornername": "CMOS_VDD_Res_Cap_Temp_41"}
[2026-06-03 12:10:55.125 Z] [WARN] [cadence.virtuoso.ade.simulationMonitor] -     WARNING (SPECTRE-16460): SOAC_esdfdp5_vac:Specified subcircuit master `esdfdp5' was not found.
        Further occurrences of this warning will be suppressed. {"history": "Interactive.356", "point": 43, "testname": "PTAT", "cornername": "CMOS_VDD_Res_Cap_Temp_41"}
[2026-06-03 12:10:55.125 Z] [WARN] [cadence.virtuoso.ade.simulationMonitor] -     WARNING (SPECTRE-16462): SOAC_esdfdp5_vac:Error in specification of subcircuit master. Assert is ignored.
        Further occurrences of this warning will be suppressed. {"history": "Interactive.356", "point": 43, "testname": "PTAT", "cornername": "CMOS_VDD_Res_Cap_Temp_41"}
[2026-06-03 12:10:55.125 Z] [WARN] [cadence.virtuoso.ade.simulationMonitor] -     WARNING (SPECTRE-17607): Assert `SOAC_vert10_vsubpsub' is ignored because it contains an expression which is invalid or not supported by native evaluator.  {"history": "Interactive.356", "point": 43, "testname": "PTAT", "cornername": "CMOS_VDD_Res_Cap_Temp_41"}
[2026-06-03 12:10:55.125 Z] [WARN] [cadence.virtuoso.ade.simulationMonitor] -     WARNING (SPECTRE-17607): Assert `SOAC_vert10_vcsub' is ignored because it contains an expression which is invalid or not supported by native evaluator.  {"history": "Interactive.356", "point": 43, "testname": "PTAT", "cornername": "CMOS_VDD_Res_Cap_Temp_41"}
[2026-06-03 12:10:55.626 Z] [INFO] [cadence.virtuoso.ade.simulationMonitor] - Notice from spectre during topology check.
    Only one connection to the following 1898 nodes:
        I0.I46.RLIB_GC1.R1.psub!
        I0.I46.RLIB_GC1.R2.psub!
        I0.I46.MNLIB_DR1.M_esdnmos4.psub!
        I0.I46.DLIB2.psub!
        I0.I46.DLIB1.psub!
        Further occurrences of this notice will be suppressed. {"history": "Interactive.356", "point": 43, "testname": "PTAT", "cornername": "CMOS_VDD_Res_Cap_Temp_41"}
[2026-06-03 12:10:58.130 Z] [INFO] [cadence.virtuoso.ade.simulationMonitor] -               nodes 15748 {"history": "Interactive.356", "point": 43, "testname": "PTAT", "cornername": "CMOS_VDD_Res_Cap_Temp_41"}
[2026-06-03 12:10:58.131 Z] [INFO] [cadence.virtuoso.ade.simulationMonitor] - Notice from spectre during initial setup.
    7 resistors are shorted because their absolute value is less than or equal to 'rabsshort'.
    3 vsources are shorted because their absolute value is less than or equal to 'vabsshort'.
    4 resistors are changed to resistance form because their value are less than 'rthresh'.
    Spectre X preset=cx enabled.
    44 notices suppressed.
    138 warnings suppressed. {"history": "Interactive.356", "point": 43, "testname": "PTAT", "cornername": "CMOS_VDD_Res_Cap_Temp_41"}
[2026-06-03 12:10:58.131 Z] [INFO] [cadence.virtuoso.ade.simulationMonitor] - Notice from spectre.
    Multithreading enabled: 8 threads in the system with 48 available processors. {"history": "Interactive.356", "point": 43, "testname": "PTAT", "cornername": "CMOS_VDD_Res_Cap_Temp_41"}
[2026-06-03 12:10:58.131 Z] [INFO] [cadence.virtuoso.ade.simulationMonitor] - Peak resident memory used = 293 Mbytes. {"history": "Interactive.356", "point": 43, "testname": "PTAT", "cornername": "CMOS_VDD_Res_Cap_Temp_41"}
[2026-06-03 12:10:58.131 Z] [INFO] [cadence.virtuoso.ade.simulationMonitor] -    -   (Spectre X) Multi-threading. The recommended number of threads is [4, 8], consider adding +mt=4 or +mt=8 on command line. {"history": "Interactive.356", "point": 43, "testname": "PTAT", "cornername": "CMOS_VDD_Res_Cap_Temp_41"}
[2026-06-03 12:10:58.132 Z] [INFO] [cadence.virtuoso.ade.simulationMonitor] - Notice from spectre during transient analysis `tran'.
    No checklimit analysis defined for asserts. A default checklimit analysis 'SpectreChecklimitAnal' has been created with all asserts enabled. {"history": "Interactive.356", "point": 43, "testname": "PTAT", "cornername": "CMOS_VDD_Res_Cap_Temp_41"}
[2026-06-03 12:10:59.133 Z] [INFO] [cadence.virtuoso.ade.simulationMonitor] - Notice from spectre during IC analysis, during transient analysis `tran'.
    Bad pivoting is found during DC analysis. Option dc_pivot_check=yes is recommended for possible improvement of convergence. {"history": "Interactive.356", "point": 43, "testname": "PTAT", "cornername": "CMOS_VDD_Res_Cap_Temp_41"}
[2026-06-03 12:10:59.133 Z] [WARN] [cadence.virtuoso.ade.simulationMonitor] -     WARNING (CMI-2943): Parameter checks have been ignored because the valid value for parameter 'trise' could not be found in 'C0'. {"history": "Interactive.356", "point": 43, "testname": "PTAT", "cornername": "CMOS_VDD_Res_Cap_Temp_41"}
[2026-06-03 12:10:59.133 Z] [WARN] [cadence.virtuoso.ade.simulationMonitor] -     WARNING (CMI-2943): Parameter checks have been ignored because the valid value for parameter 'trise' could not be found in 'C1'. {"history": "Interactive.356", "point": 43, "testname": "PTAT", "cornername": "CMOS_VDD_Res_Cap_Temp_41"}
[2026-06-03 12:10:59.134 Z] [WARN] [cadence.virtuoso.ade.simulationMonitor] -     WARNING (CMI-2943): Parameter checks have been ignored because the valid value for parameter 'trise' could not be found in 'C11'. {"history": "Interactive.356", "point": 43, "testname": "PTAT", "cornername": "CMOS_VDD_Res_Cap_Temp_41"}
[2026-06-03 12:10:59.134 Z] [WARN] [cadence.virtuoso.ade.simulationMonitor] -     WARNING (CMI-2943): Parameter checks have been ignored because the valid value for parameter 'trise' could not be found in 'C12'. {"history": "Interactive.356", "point": 43, "testname": "PTAT", "cornername": "CMOS_VDD_Res_Cap_Temp_41"}
[2026-06-03 12:10:59.134 Z] [WARN] [cadence.virtuoso.ade.simulationMonitor] -     WARNING (CMI-2943): Parameter checks have been ignored because the valid value for parameter 'trise' could not be found in 'C5'.
        Further occurrences of this warning will be suppressed. {"history": "Interactive.356", "point": 43, "testname": "PTAT", "cornername": "CMOS_VDD_Res_Cap_Temp_41"}
[2026-06-03 12:11:00.135 Z] [INFO] [cadence.virtuoso.ade.simulationMonitor] - Total time required for tran analysis `tran': CPU = 6.29763 s, elapsed = 1.53443 s, util. = 410%. {"history": "Interactive.356", "point": 43, "testname": "PTAT", "cornername": "CMOS_VDD_Res_Cap_Temp_41"}
[2026-06-03 12:11:00.135 Z] [INFO] [cadence.virtuoso.ade.simulationMonitor] - Peak resident memory used = 352 Mbytes. {"history": "Interactive.356", "point": 43, "testname": "PTAT", "cornername": "CMOS_VDD_Res_Cap_Temp_41"}
[2026-06-03 12:11:00.135 Z] [INFO] [cadence.virtuoso.ade.simulationMonitor] - Notice from spectre.
    1071 warnings suppressed. {"history": "Interactive.356", "point": 43, "testname": "PTAT", "cornername": "CMOS_VDD_Res_Cap_Temp_41"}
[2026-06-03 12:11:00.135 Z] [WARN] [cadence.virtuoso.ade.simulationMonitor] -     WARNING (CMI-2425): I7.I0.C0<0>_dummy: `Acde' = 2.393 is unusually large. {"history": "Interactive.356", "point": 43, "testname": "PTAT", "cornername": "CMOS_VDD_Res_Cap_Temp_41"}
[2026-06-03 12:11:00.136 Z] [WARN] [cadence.virtuoso.ade.simulationMonitor] -     WARNING (CMI-2425): I7.I0.C0<0>_dummy: `Noff' = 4.732 is unusually large. {"history": "Interactive.356", "point": 43, "testname": "PTAT", "cornername": "CMOS_VDD_Res_Cap_Temp_41"}
[2026-06-03 12:11:00.136 Z] [WARN] [cadence.virtuoso.ade.simulationMonitor] -     WARNING (CMI-2424): I7.I0.C0<0>_dummy: `Voffcv' = -867.4e-03 is unusually small. {"history": "Interactive.356", "point": 43, "testname": "PTAT", "cornername": "CMOS_VDD_Res_Cap_Temp_41"}
[2026-06-03 12:11:00.136 Z] [WARN] [cadence.virtuoso.ade.simulationMonitor] -     WARNING (CMI-2425): I7.I3.C1<0>_dummy: `Acde' = 2.393 is unusually large. {"history": "Interactive.356", "point": 43, "testname": "PTAT", "cornername": "CMOS_VDD_Res_Cap_Temp_41"}
[2026-06-03 12:11:00.136 Z] [WARN] [cadence.virtuoso.ade.simulationMonitor] -     WARNING (CMI-2425): I7.I3.C1<0>_dummy: `Noff' = 4.732 is unusually large. {"history": "Interactive.356", "point": 43, "testname": "PTAT", "cornername": "CMOS_VDD_Res_Cap_Temp_41"}
[2026-06-03 12:11:00.136 Z] [WARN] [cadence.virtuoso.ade.simulationMonitor] -     WARNING (CMI-2424): I7.I3.C1<0>_dummy: `Voffcv' = -867.4e-03 is unusually small. {"history": "Interactive.356", "point": 43, "testname": "PTAT", "cornername": "CMOS_VDD_Res_Cap_Temp_41"}
[2026-06-03 12:11:00.137 Z] [WARN] [cadence.virtuoso.ade.simulationMonitor] -     WARNING (CMI-2425): I7.I4.C1<0>_dummy: `Acde' = 2.393 is unusually large.
        Further occurrences of this warning will be suppressed. {"history": "Interactive.356", "point": 43, "testname": "PTAT", "cornername": "CMOS_VDD_Res_Cap_Temp_41"}
[2026-06-03 12:11:00.137 Z] [WARN] [cadence.virtuoso.ade.simulationMonitor] -     WARNING (CMI-2424): I7.I4.C1<0>_dummy: `Voffcv' = -867.4e-03 is unusually small. {"history": "Interactive.356", "point": 43, "testname": "PTAT", "cornername": "CMOS_VDD_Res_Cap_Temp_41"}
[2026-06-03 12:11:00.137 Z] [INFO] [cadence.virtuoso.ade.simulationMonitor] - Notice from spectre.
    1 warning suppressed. {"history": "Interactive.356", "point": 43, "testname": "PTAT", "cornername": "CMOS_VDD_Res_Cap_Temp_41"}
[2026-06-03 12:11:00.137 Z] [WARN] [cadence.virtuoso.ade.simulationMonitor] -     WARNING (CMI-2425): I7.I0.C0<0>_dummy: `Acde' = 2.393 is unusually large. {"history": "Interactive.356", "point": 43, "testname": "PTAT", "cornername": "CMOS_VDD_Res_Cap_Temp_41"}
[2026-06-03 12:11:00.137 Z] [WARN] [cadence.virtuoso.ade.simulationMonitor] -     WARNING (CMI-2425): I7.I0.C0<0>_dummy: `Noff' = 4.732 is unusually large. {"history": "Interactive.356", "point": 43, "testname": "PTAT", "cornername": "CMOS_VDD_Res_Cap_Temp_41"}
[2026-06-03 12:11:00.137 Z] [WARN] [cadence.virtuoso.ade.simulationMonitor] -     WARNING (CMI-2424): I7.I0.C0<0>_dummy: `Voffcv' = -867.4e-03 is unusually small. {"history": "Interactive.356", "point": 43, "testname": "PTAT", "cornername": "CMOS_VDD_Res_Cap_Temp_41"}
[2026-06-03 12:11:00.137 Z] [WARN] [cadence.virtuoso.ade.simulationMonitor] -     WARNING (CMI-2425): I7.I3.C1<0>_dummy: `Acde' = 2.393 is unusually large. {"history": "Interactive.356", "point": 43, "testname": "PTAT", "cornername": "CMOS_VDD_Res_Cap_Temp_41"}
[2026-06-03 12:11:00.138 Z] [WARN] [cadence.virtuoso.ade.simulationMonitor] -     WARNING (CMI-2425): I7.I3.C1<0>_dummy: `Noff' = 4.732 is unusually large. {"history": "Interactive.356", "point": 43, "testname": "PTAT", "cornername": "CMOS_VDD_Res_Cap_Temp_41"}
[2026-06-03 12:11:00.138 Z] [WARN] [cadence.virtuoso.ade.simulationMonitor] -     WARNING (CMI-2424): I7.I3.C1<0>_dummy: `Voffcv' = -867.4e-03 is unusually small. {"history": "Interactive.356", "point": 43, "testname": "PTAT", "cornername": "CMOS_VDD_Res_Cap_Temp_41"}
[2026-06-03 12:11:00.138 Z] [WARN] [cadence.virtuoso.ade.simulationMonitor] -     WARNING (CMI-2425): I7.I4.C1<0>_dummy: `Acde' = 2.393 is unusually large.
        Further occurrences of this warning will be suppressed. {"history": "Interactive.356", "point": 43, "testname": "PTAT", "cornername": "CMOS_VDD_Res_Cap_Temp_41"}
[2026-06-03 12:11:00.138 Z] [WARN] [cadence.virtuoso.ade.simulationMonitor] -     WARNING (CMI-2424): I7.I4.C1<0>_dummy: `Voffcv' = -867.4e-03 is unusually small. {"history": "Interactive.356", "point": 43, "testname": "PTAT", "cornername": "CMOS_VDD_Res_Cap_Temp_41"}
[2026-06-03 12:11:00.138 Z] [INFO] [cadence.virtuoso.ade.simulationMonitor] - Notice from spectre.
    1 warning suppressed. {"history": "Interactive.356", "point": 43, "testname": "PTAT", "cornername": "CMOS_VDD_Res_Cap_Temp_41"}
[2026-06-03 12:11:00.139 Z] [INFO] [cadence.virtuoso.ade.simulationMonitor] - Time used: CPU = 11.8 s, elapsed = 7.59 s, util. = 155%. {"history": "Interactive.356", "point": 43, "testname": "PTAT", "cornername": "CMOS_VDD_Res_Cap_Temp_41"}
[2026-06-03 12:11:00.139 Z] [INFO] [cadence.virtuoso.ade.simulationMonitor] - Time spent in licensing: elapsed = 85.7 ms. {"history": "Interactive.356", "point": 43, "testname": "PTAT", "cornername": "CMOS_VDD_Res_Cap_Temp_41"}
[2026-06-03 12:11:00.140 Z] [INFO] [cadence.virtuoso.ade.simulationMonitor] - Peak memory used = 352 Mbytes. {"history": "Interactive.356", "point": 43, "testname": "PTAT", "cornername": "CMOS_VDD_Res_Cap_Temp_41"}
[2026-06-03 12:11:00.141 Z] [PROCESS] [cadence.virtuoso.ade.simulationMonitor] - Simulation started at: 12:10:52 PM, Wed Jun 3, 2026, ended at: 12:10:59 PM, Wed Jun 3, 2026, with elapsed time (wall clock): 7.59 s. {"history": "Interactive.356", "point": 43, "testname": "PTAT", "cornername": "CMOS_VDD_Res_Cap_Temp_41"}
[2026-06-03 12:11:00.141 Z] [PROCESS] [cadence.virtuoso.ade.simulationMonitor] - spectre completes with 0 errors, 75 warnings, and 28 notices. {"history": "Interactive.356", "point": 43, "testname": "PTAT", "cornername": "CMOS_VDD_Res_Cap_Temp_41"}
[2026-06-03 12:11:00.141 Z] [PROCESS] [cadence.virtuoso.ade.simulationMonitor] - Finished simulating for one point {"hostname": "il2244vt26_hrahimi", "processid": 2498769, "history": "Interactive.356", "testname": "PTAT", "cornername": "CMOS_VDD_Res_Cap_Temp_41", "point": 43, "logfile": "/home/hrahimi/projects/POTENTIOSTAT_26/logs_hrahimi/logs0/Job19.log", "simid": "17"}
[2026-06-03 12:11:00.141 Z] [PROCESS] [cadence.virtuoso.ade.simulationMonitor] - Simulator exited {"hostname": "il2244vt26_hrahimi", "processid": 2498769, "history": "Interactive.356", "testname": "PTAT", "cornername": "CMOS_VDD_Res_Cap_Temp_41", "point": 43, "logfile": "/home/hrahimi/projects/POTENTIOSTAT_26/logs_hrahimi/logs0/Job19.log", "exitStatus": "0"}
[2026-06-03 12:11:00.142 Z] [PROCESS] [cadence.virtuoso.ade.simulationMonitor] - Finished Simulation {"hostname": "il2244vt26_hrahimi", "processid": 2498769, "history": "Interactive.356", "testname": "PTAT", "cornername": "CMOS_VDD_Res_Cap_Temp_41", "point": 43, "logfile": "/home/hrahimi/projects/POTENTIOSTAT_26/logs_hrahimi/logs0/Job19.log", "simid": "17"}
[2026-06-03 12:11:04.654 Z] [PROCESS] [cadence.virtuoso.ade.simulationMonitor] - Point Finished {"hostname": "il2244vt26_hrahimi", "processid": 2498769, "history": "Interactive.356", "testname": "PTAT", "cornername": "CMOS_VDD_Res_Cap_Temp_41", "point": 43, "logfile": "/home/hrahimi/projects/POTENTIOSTAT_26/logs_hrahimi/logs0/Job19.log"}
[2026-06-03 12:11:04.654 Z] [PROCESS] [cadence.virtuoso.ade.simulationMonitor] - HostInfo:
Host name (type):	il2244vt26_hrahimi (x86_64)
Operating system:	Linux 5.15.0-164-generic #174-Ubuntu SMP Fri Nov 14 20:25:16 UTC 2025 {"hostname": "il2244vt26_hrahimi", "processid": 2498769, "history": "Interactive.356", "testname": "PTAT", "cornername": "CMOS_VDD_Res_Cap_Temp_41", "point": 43, "logfile": "/home/hrahimi/projects/POTENTIOSTAT_26/logs_hrahimi/logs0/Job19.log", "nodename": "il2244vt26_hrahimi", "domainname": "(none)", "machine": "x86_64", "sysname": "Linux", "release": "5.15.0-164-generic", "version": "#174-Ubuntu SMP Fri Nov 14 20:25:16 UTC 2025"}
[2026-06-03 12:11:04.654 Z] [PROCESS] [cadence.virtuoso.ade.simulationMonitor] - UsageInfo:
pid=2498769
totalPhysicalMemory=3023.749672GB,Used=2719.239506GB,totalVirtualMemory=3031.749668GB,Used=2719.345951GB
Cpu: Cores=48, Load average:47.320000,44.870000,35.710000 {"hostname": "il2244vt26_hrahimi", "processid": 2498769, "history": "Interactive.356", "testname": "PTAT", "cornername": "CMOS_VDD_Res_Cap_Temp_41", "point": 43, "logfile": "/home/hrahimi/projects/POTENTIOSTAT_26/logs_hrahimi/logs0/Job19.log", "pid": "2498769", "totalPhysicalMemory": "3023.749672", "physicalMemoryUsed": "2719.239506", "totalVirtualMemory": "3031.749668", "virtualMemoryUsed": "2719.345951", "cpuCores": "48", "processes": "29686", "loadAverage1": "47.320000", "loadAverage5": "44.870000", "loadAverage15": "35.710000", "loadAverage1Percent": "0.985833"}
[2026-06-03 12:11:04.654 Z] [EVENT] [cadence.virtuoso.ade.simulationMonitor] - NewPoint {"history": "Interactive.356", "point": 45, "testname": "PTAT", "cornername": "CMOS_VDD_Res_Cap_Temp_43", "event": "NewPoint", "EventSource": "Simulation Monitor", "HistoryName": "Interactive.356", "logFile": "/home/hrahimi/projects/POTENTIOSTAT_26/logs_hrahimi/logs0/Job19.log", "logFileSize": "681038"}
[2026-06-03 12:11:04.654 Z] [EVENT] [cadence.virtuoso.ade.simulationMonitor] - NewPoint {"history": "Interactive.356", "point": 45, "testname": "PTAT", "cornername": "CMOS_VDD_Res_Cap_Temp_43", "event": "NewPoint", "EventSource": "spectre", "HistoryName": "Interactive.356", "logFile": "/home/hrahimi/projects/POTENTIOSTAT_26/Sim/Potentiostat_Top/top/maestro/results/maestro/Interactive.356/45/PTAT/psf/spectre.out", "logFileSize": "-1"}
[2026-06-03 12:11:04.654 Z] [PROCESS] [cadence.virtuoso.ade.simulationMonitor] - Simulator launched {"hostname": "il2244vt26_hrahimi", "processid": 2498769, "history": "Interactive.356", "testname": "PTAT", "cornername": "CMOS_VDD_Res_Cap_Temp_43", "point": 45, "logfile": "/home/hrahimi/projects/POTENTIOSTAT_26/logs_hrahimi/logs0/Job19.log", "simid": "18"}
[2026-06-03 12:11:04.654 Z] [PROCESS] [cadence.virtuoso.ade.simulationMonitor] - Started Simulation {"hostname": "il2244vt26_hrahimi", "processid": 2498769, "history": "Interactive.356", "testname": "PTAT", "cornername": "CMOS_VDD_Res_Cap_Temp_43", "point": 45, "logfile": "/home/hrahimi/projects/POTENTIOSTAT_26/logs_hrahimi/logs0/Job19.log", "event": "started", "task": "simulation"}
[2026-06-03 12:11:05.840 Z] [WARN] [cadence.virtuoso.ade.simulationMonitor] -     WARNING (SPECTRE-691): This CPU processor does not support x86 advanced vector extensions instructions. This may affect math operations and slow down the simulation. {"history": "Interactive.356", "point": 45, "testname": "PTAT", "cornername": "CMOS_VDD_Res_Cap_Temp_43"}
[2026-06-03 12:11:05.840 Z] [INFO] [cadence.virtuoso.ade.simulationMonitor] - Notice from spectre during circuit read-in.
    Pre_Configuration file used: /opt/tools/cadence/installs/SPECTRE241/tools.lnx86/spectre/etc/configs/preset.precfg
    Configuration file used: `/opt/tools/cadence/installs/SPECTRE241/tools.lnx86/spectre/etc/configs/preset.cfg'. {"history": "Interactive.356", "point": 45, "testname": "PTAT", "cornername": "CMOS_VDD_Res_Cap_Temp_43"}
[2026-06-03 12:11:05.840 Z] [WARN] [cadence.virtuoso.ade.simulationMonitor] -     WARNING (SPECTRE-8360): line 1511: `ac' is an undefined primitive device. {"history": "Interactive.356", "point": 45, "testname": "PTAT", "cornername": "CMOS_VDD_Res_Cap_Temp_43"}
[2026-06-03 12:11:05.840 Z] [WARN] [cadence.virtuoso.ade.simulationMonitor] -     WARNING (SPECTRE-8360): line 1512: `ac' is an undefined primitive device. {"history": "Interactive.356", "point": 45, "testname": "PTAT", "cornername": "CMOS_VDD_Res_Cap_Temp_43"}
[2026-06-03 12:11:05.840 Z] [WARN] [cadence.virtuoso.ade.simulationMonitor] -     WARNING (SPECTRE-8360): line 1513: `ac' is an undefined primitive device. {"history": "Interactive.356", "point": 45, "testname": "PTAT", "cornername": "CMOS_VDD_Res_Cap_Temp_43"}
[2026-06-03 12:11:05.840 Z] [WARN] [cadence.virtuoso.ade.simulationMonitor] -     WARNING (SPECTRE-8360): line 1514: `ac' is an undefined primitive device. {"history": "Interactive.356", "point": 45, "testname": "PTAT", "cornername": "CMOS_VDD_Res_Cap_Temp_43"}
[2026-06-03 12:11:05.840 Z] [WARN] [cadence.virtuoso.ade.simulationMonitor] -     WARNING (SPECTRE-8360): line 1515: `ac' is an undefined primitive device.
        Further occurrences of this warning will be suppressed. {"history": "Interactive.356", "point": 45, "testname": "PTAT", "cornername": "CMOS_VDD_Res_Cap_Temp_43"}
[2026-06-03 12:11:05.840 Z] [WARN] [cadence.virtuoso.ade.simulationMonitor] -     WARNING (VACOMP-2435): The environment variable CDS_AHDLCMI_ENABLE is no longer supported. Therefore, the simulator will use the default compiled C code flow. {"history": "Interactive.356", "point": 45, "testname": "PTAT", "cornername": "CMOS_VDD_Res_Cap_Temp_43"}
[2026-06-03 12:11:05.840 Z] [INFO] [cadence.virtuoso.ade.simulationMonitor] - Peak resident memory used = 194 Mbytes. {"history": "Interactive.356", "point": 45, "testname": "PTAT", "cornername": "CMOS_VDD_Res_Cap_Temp_43"}
[2026-06-03 12:11:06.342 Z] [WARN] [cadence.virtuoso.ade.simulationMonitor] -     WARNING (SFE-2649): Terminals of top-level instance `R50', in file`netlist', at line 1168, are connected. Remove the instance and rerun the simulation. {"history": "Interactive.356", "point": 45, "testname": "PTAT", "cornername": "CMOS_VDD_Res_Cap_Temp_43"}
[2026-06-03 12:11:06.342 Z] [WARN] [cadence.virtuoso.ade.simulationMonitor] -     WARNING (SFE-2649): Terminals of top-level instance `R48', in file`netlist', at line 1211, are connected. Remove the instance and rerun the simulation. {"history": "Interactive.356", "point": 45, "testname": "PTAT", "cornername": "CMOS_VDD_Res_Cap_Temp_43"}
[2026-06-03 12:11:06.342 Z] [WARN] [cadence.virtuoso.ade.simulationMonitor] -     WARNING (SFE-3027): The dangling resistor I2.rb144 is removed. {"history": "Interactive.356", "point": 45, "testname": "PTAT", "cornername": "CMOS_VDD_Res_Cap_Temp_43"}
[2026-06-03 12:11:06.342 Z] [WARN] [cadence.virtuoso.ade.simulationMonitor] -     WARNING (SFE-3027): The dangling resistor I2.rb241 is removed. {"history": "Interactive.356", "point": 45, "testname": "PTAT", "cornername": "CMOS_VDD_Res_Cap_Temp_43"}
[2026-06-03 12:11:06.342 Z] [WARN] [cadence.virtuoso.ade.simulationMonitor] -     WARNING (SFE-3027): The dangling resistor I2.rb613 is removed. {"history": "Interactive.356", "point": 45, "testname": "PTAT", "cornername": "CMOS_VDD_Res_Cap_Temp_43"}
[2026-06-03 12:11:06.342 Z] [WARN] [cadence.virtuoso.ade.simulationMonitor] -     WARNING (SFE-3027): The dangling resistor I2.rd794 is removed. {"history": "Interactive.356", "point": 45, "testname": "PTAT", "cornername": "CMOS_VDD_Res_Cap_Temp_43"}
[2026-06-03 12:11:06.342 Z] [WARN] [cadence.virtuoso.ade.simulationMonitor] -     WARNING (SFE-3012): The dummy device I0.I16.DLIB9 is removed. {"history": "Interactive.356", "point": 45, "testname": "PTAT", "cornername": "CMOS_VDD_Res_Cap_Temp_43"}
[2026-06-03 12:11:06.342 Z] [WARN] [cadence.virtuoso.ade.simulationMonitor] -     WARNING (SFE-3012): The dummy device I0.I15.DLIB9 is removed. {"history": "Interactive.356", "point": 45, "testname": "PTAT", "cornername": "CMOS_VDD_Res_Cap_Temp_43"}
[2026-06-03 12:11:06.342 Z] [WARN] [cadence.virtuoso.ade.simulationMonitor] -     WARNING (SFE-3012): The dummy device I0.I0.DLIB6 is removed. {"history": "Interactive.356", "point": 45, "testname": "PTAT", "cornername": "CMOS_VDD_Res_Cap_Temp_43"}
[2026-06-03 12:11:06.342 Z] [WARN] [cadence.virtuoso.ade.simulationMonitor] -     WARNING (SFE-3012): The dummy device I7.I2.MP12<0>_turbo_m34 is removed. {"history": "Interactive.356", "point": 45, "testname": "PTAT", "cornername": "CMOS_VDD_Res_Cap_Temp_43"}
[2026-06-03 12:11:06.342 Z] [WARN] [cadence.virtuoso.ade.simulationMonitor] -     WARNING (SFE-3012): The dummy device I0.I16.DLIB10 is removed.
        Further occurrences of this warning will be suppressed. {"history": "Interactive.356", "point": 45, "testname": "PTAT", "cornername": "CMOS_VDD_Res_Cap_Temp_43"}
[2026-06-03 12:11:06.342 Z] [WARN] [cadence.virtuoso.ade.simulationMonitor] -     WARNING (SFE-3029): The dummy capacitor I7.I0.R3.CS1 is removed. {"history": "Interactive.356", "point": 45, "testname": "PTAT", "cornername": "CMOS_VDD_Res_Cap_Temp_43"}
[2026-06-03 12:11:06.342 Z] [WARN] [cadence.virtuoso.ade.simulationMonitor] -     WARNING (SFE-3027): The dangling resistor I2.re2693 is removed.
        Further occurrences of this warning will be suppressed. {"history": "Interactive.356", "point": 45, "testname": "PTAT", "cornername": "CMOS_VDD_Res_Cap_Temp_43"}
[2026-06-03 12:11:06.342 Z] [WARN] [cadence.virtuoso.ade.simulationMonitor] -     WARNING (SFE-3029): The dummy capacitor I7.I13_turbo_m5.C0.C1 is removed. {"history": "Interactive.356", "point": 45, "testname": "PTAT", "cornername": "CMOS_VDD_Res_Cap_Temp_43"}
[2026-06-03 12:11:06.342 Z] [WARN] [cadence.virtuoso.ade.simulationMonitor] -     WARNING (SFE-3029): The dummy capacitor I7.I10_turbo_m4.C0.C1 is removed. {"history": "Interactive.356", "point": 45, "testname": "PTAT", "cornername": "CMOS_VDD_Res_Cap_Temp_43"}
[2026-06-03 12:11:06.342 Z] [WARN] [cadence.virtuoso.ade.simulationMonitor] -     WARNING (SFE-3029): The dummy capacitor I7.I1.R2.CS1 is removed. {"history": "Interactive.356", "point": 45, "testname": "PTAT", "cornername": "CMOS_VDD_Res_Cap_Temp_43"}
[2026-06-03 12:11:06.342 Z] [WARN] [cadence.virtuoso.ade.simulationMonitor] -     WARNING (SFE-3028): The floating resistor R8 is removed. {"history": "Interactive.356", "point": 45, "testname": "PTAT", "cornername": "CMOS_VDD_Res_Cap_Temp_43"}
[2026-06-03 12:11:06.342 Z] [WARN] [cadence.virtuoso.ade.simulationMonitor] -     WARNING (SFE-3029): The dummy capacitor I7.I4.R31.CS1 is removed.
        Further occurrences of this warning will be suppressed. {"history": "Interactive.356", "point": 45, "testname": "PTAT", "cornername": "CMOS_VDD_Res_Cap_Temp_43"}
[2026-06-03 12:11:06.342 Z] [WARN] [cadence.virtuoso.ade.simulationMonitor] -     WARNING (SFE-3015): The dangling node I2.210\:GNDA is removed. {"history": "Interactive.356", "point": 45, "testname": "PTAT", "cornername": "CMOS_VDD_Res_Cap_Temp_43"}
[2026-06-03 12:11:06.342 Z] [WARN] [cadence.virtuoso.ade.simulationMonitor] -     WARNING (SFE-3015): The dangling node I2.222\:POT_OUT is removed. {"history": "Interactive.356", "point": 45, "testname": "PTAT", "cornername": "CMOS_VDD_Res_Cap_Temp_43"}
[2026-06-03 12:11:06.342 Z] [WARN] [cadence.virtuoso.ade.simulationMonitor] -     WARNING (SFE-3015): The dangling node I2.13\:I25|I35|SN is removed. {"history": "Interactive.356", "point": 45, "testname": "PTAT", "cornername": "CMOS_VDD_Res_Cap_Temp_43"}
[2026-06-03 12:11:06.342 Z] [WARN] [cadence.virtuoso.ade.simulationMonitor] -     WARNING (SFE-3015): The dangling node I2.29\:Calib_EN is removed. {"history": "Interactive.356", "point": 45, "testname": "PTAT", "cornername": "CMOS_VDD_Res_Cap_Temp_43"}
[2026-06-03 12:11:06.342 Z] [WARN] [cadence.virtuoso.ade.simulationMonitor] -     WARNING (SFE-3015): The dangling node I2.693\:VPI is removed.
        Further occurrences of this warning will be suppressed. {"history": "Interactive.356", "point": 45, "testname": "PTAT", "cornername": "CMOS_VDD_Res_Cap_Temp_43"}
[2026-06-03 12:11:06.342 Z] [WARN] [cadence.virtuoso.ade.simulationMonitor] -     WARNING (SFE-3016): The floating node net74 is removed. {"history": "Interactive.356", "point": 45, "testname": "PTAT", "cornername": "CMOS_VDD_Res_Cap_Temp_43"}
[2026-06-03 12:11:06.342 Z] [WARN] [cadence.virtuoso.ade.simulationMonitor] -     WARNING (SFE-3016): The floating node net73 is removed. {"history": "Interactive.356", "point": 45, "testname": "PTAT", "cornername": "CMOS_VDD_Res_Cap_Temp_43"}
[2026-06-03 12:11:06.342 Z] [INFO] [cadence.virtuoso.ade.simulationMonitor] - Notice from spectre during hierarchy flattening.
    Spectre X Parasitic Optimization enabled.
    Parasitic optimization will filter out parasitic nodes, nodes only connected to RCs, by default. To view individual parasitic nodes use individual save statements (i.e. save out), or use the 'savefilter=none' option to save all parasitic nodes. Saving all parasitic nodes may slow down simulation and create large waveform files. {"history": "Interactive.356", "point": 45, "testname": "PTAT", "cornername": "CMOS_VDD_Res_Cap_Temp_43"}
[2026-06-03 12:11:06.342 Z] [INFO] [cadence.virtuoso.ade.simulationMonitor] - Peak resident memory used = 224 Mbytes. {"history": "Interactive.356", "point": 45, "testname": "PTAT", "cornername": "CMOS_VDD_Res_Cap_Temp_43"}
[2026-06-03 12:11:06.342 Z] [INFO] [cadence.virtuoso.ade.simulationMonitor] - Notice from spectre during hierarchy flattening.
    The value 'psf' specified for the 'checklimitdest' option will no longer be supported in future releases. Use 'spectre -h' to see other recommended values for the 'checklimitdest' option.
    I0.I46.RLIB_GC1.CS0 of rpoly1c: `c' has the unusually small value of 634.694e-21 F.
    I0.I46.RLIB_GC1.CS1 of rpoly1c: `c' has the unusually small value of 634.694e-21 F.
    I0.I45.RLIB_GC1.CS0 of rpoly1c: `c' has the unusually small value of 634.694e-21 F.
    I0... {"history": "Interactive.356", "point": 45, "testname": "PTAT", "cornername": "CMOS_VDD_Res_Cap_Temp_43"}
[2026-06-03 12:11:06.342 Z] [INFO] [cadence.virtuoso.ade.simulationMonitor] - Notice from spectre during hierarchy flattening.
    V8: `period' has the unusually large value of 100 s.
    V7: `period' has the unusually large value of 10 s.
    V3: `period' has the unusually large value of 6 s.
    I26: `period' has the unusually large value of 6 s. {"history": "Interactive.356", "point": 45, "testname": "PTAT", "cornername": "CMOS_VDD_Res_Cap_Temp_43"}
[2026-06-03 12:11:06.342 Z] [INFO] [cadence.virtuoso.ade.simulationMonitor] - Peak resident memory used = 235 Mbytes. {"history": "Interactive.356", "point": 45, "testname": "PTAT", "cornername": "CMOS_VDD_Res_Cap_Temp_43"}
[2026-06-03 12:11:06.342 Z] [WARN] [cadence.virtuoso.ade.simulationMonitor] -     WARNING (CMI-2425): I2.I56|C3: `Acde' = 2.393 is unusually large. {"history": "Interactive.356", "point": 45, "testname": "PTAT", "cornername": "CMOS_VDD_Res_Cap_Temp_43"}
[2026-06-03 12:11:06.342 Z] [WARN] [cadence.virtuoso.ade.simulationMonitor] -     WARNING (CMI-2425): I2.I56|C3: `Noff' = 4.732 is unusually large. {"history": "Interactive.356", "point": 45, "testname": "PTAT", "cornername": "CMOS_VDD_Res_Cap_Temp_43"}
[2026-06-03 12:11:06.342 Z] [WARN] [cadence.virtuoso.ade.simulationMonitor] -     WARNING (CMI-2424): I2.I56|C3: `Voffcv' = -867.4e-03 is unusually small. {"history": "Interactive.356", "point": 45, "testname": "PTAT", "cornername": "CMOS_VDD_Res_Cap_Temp_43"}
[2026-06-03 12:11:06.342 Z] [WARN] [cadence.virtuoso.ade.simulationMonitor] -     WARNING (CMI-2425): I2.I56|C4: `Acde' = 2.393 is unusually large. {"history": "Interactive.356", "point": 45, "testname": "PTAT", "cornername": "CMOS_VDD_Res_Cap_Temp_43"}
[2026-06-03 12:11:06.342 Z] [WARN] [cadence.virtuoso.ade.simulationMonitor] -     WARNING (CMI-2425): I2.I56|C4: `Noff' = 4.732 is unusually large. {"history": "Interactive.356", "point": 45, "testname": "PTAT", "cornername": "CMOS_VDD_Res_Cap_Temp_43"}
[2026-06-03 12:11:06.342 Z] [WARN] [cadence.virtuoso.ade.simulationMonitor] -     WARNING (CMI-2424): I2.I56|C4: `Voffcv' = -867.4e-03 is unusually small. {"history": "Interactive.356", "point": 45, "testname": "PTAT", "cornername": "CMOS_VDD_Res_Cap_Temp_43"}
[2026-06-03 12:11:06.342 Z] [WARN] [cadence.virtuoso.ade.simulationMonitor] -     WARNING (CMI-2425): I2.I56|C5: `Acde' = 2.393 is unusually large.
        Further occurrences of this warning will be suppressed. {"history": "Interactive.356", "point": 45, "testname": "PTAT", "cornername": "CMOS_VDD_Res_Cap_Temp_43"}
[2026-06-03 12:11:06.342 Z] [WARN] [cadence.virtuoso.ade.simulationMonitor] -     WARNING (CMI-2424): I2.I56|C5: `Voffcv' = -867.4e-03 is unusually small. {"history": "Interactive.356", "point": 45, "testname": "PTAT", "cornername": "CMOS_VDD_Res_Cap_Temp_43"}
[2026-06-03 12:11:06.342 Z] [WARN] [cadence.virtuoso.ade.simulationMonitor] -     WARNING (CMI-2424): I7.I4.C1<0>_turbo_m11: `Voffcv' = -867.4e-03 is unusually small. {"history": "Interactive.356", "point": 45, "testname": "PTAT", "cornername": "CMOS_VDD_Res_Cap_Temp_43"}
[2026-06-03 12:11:06.342 Z] [WARN] [cadence.virtuoso.ade.simulationMonitor] -     WARNING (CMI-2424): I7.I3.C1<0>_turbo_m6: `Voffcv' = -867.4e-03 is unusually small.
        Further occurrences of this warning will be suppressed. {"history": "Interactive.356", "point": 45, "testname": "PTAT", "cornername": "CMOS_VDD_Res_Cap_Temp_43"}
[2026-06-03 12:11:07.850 Z] [WARN] [cadence.virtuoso.ade.simulationMonitor] -     WARNING (SPECTRE-16460): SOAC_esdgcp5_vcpsub:Specified subcircuit master `esdgcp5' was not found. {"history": "Interactive.356", "point": 45, "testname": "PTAT", "cornername": "CMOS_VDD_Res_Cap_Temp_43"}
[2026-06-03 12:11:07.850 Z] [WARN] [cadence.virtuoso.ade.simulationMonitor] -     WARNING (SPECTRE-16462): SOAC_esdgcp5_vcpsub:Error in specification of subcircuit master. Assert is ignored. {"history": "Interactive.356", "point": 45, "testname": "PTAT", "cornername": "CMOS_VDD_Res_Cap_Temp_43"}
[2026-06-03 12:11:07.850 Z] [WARN] [cadence.virtuoso.ade.simulationMonitor] -     WARNING (SPECTRE-16460): SOAC_esdgcp5_vac:Specified subcircuit master `esdgcp5' was not found. {"history": "Interactive.356", "point": 45, "testname": "PTAT", "cornername": "CMOS_VDD_Res_Cap_Temp_43"}
[2026-06-03 12:11:07.850 Z] [WARN] [cadence.virtuoso.ade.simulationMonitor] -     WARNING (SPECTRE-16462): SOAC_esdgcp5_vac:Error in specification of subcircuit master. Assert is ignored. {"history": "Interactive.356", "point": 45, "testname": "PTAT", "cornername": "CMOS_VDD_Res_Cap_Temp_43"}
[2026-06-03 12:11:07.850 Z] [WARN] [cadence.virtuoso.ade.simulationMonitor] -     WARNING (SPECTRE-16460): SOAC_esdgcn5_vac:Specified subcircuit master `esdgcn5' was not found. {"history": "Interactive.356", "point": 45, "testname": "PTAT", "cornername": "CMOS_VDD_Res_Cap_Temp_43"}
[2026-06-03 12:11:07.850 Z] [WARN] [cadence.virtuoso.ade.simulationMonitor] -     WARNING (SPECTRE-16462): SOAC_esdgcn5_vac:Error in specification of subcircuit master. Assert is ignored. {"history": "Interactive.356", "point": 45, "testname": "PTAT", "cornername": "CMOS_VDD_Res_Cap_Temp_43"}
[2026-06-03 12:11:07.850 Z] [WARN] [cadence.virtuoso.ade.simulationMonitor] -     WARNING (SPECTRE-16460): SOAC_esdfdp5_vcpsub:Specified subcircuit master `esdfdp5' was not found. {"history": "Interactive.356", "point": 45, "testname": "PTAT", "cornername": "CMOS_VDD_Res_Cap_Temp_43"}
[2026-06-03 12:11:07.850 Z] [WARN] [cadence.virtuoso.ade.simulationMonitor] -     WARNING (SPECTRE-16462): SOAC_esdfdp5_vcpsub:Error in specification of subcircuit master. Assert is ignored. {"history": "Interactive.356", "point": 45, "testname": "PTAT", "cornername": "CMOS_VDD_Res_Cap_Temp_43"}
[2026-06-03 12:11:07.850 Z] [WARN] [cadence.virtuoso.ade.simulationMonitor] -     WARNING (SPECTRE-16460): SOAC_esdfdp5_vac:Specified subcircuit master `esdfdp5' was not found.
        Further occurrences of this warning will be suppressed. {"history": "Interactive.356", "point": 45, "testname": "PTAT", "cornername": "CMOS_VDD_Res_Cap_Temp_43"}
[2026-06-03 12:11:07.850 Z] [WARN] [cadence.virtuoso.ade.simulationMonitor] -     WARNING (SPECTRE-16462): SOAC_esdfdp5_vac:Error in specification of subcircuit master. Assert is ignored.
        Further occurrences of this warning will be suppressed. {"history": "Interactive.356", "point": 45, "testname": "PTAT", "cornername": "CMOS_VDD_Res_Cap_Temp_43"}
[2026-06-03 12:11:07.850 Z] [WARN] [cadence.virtuoso.ade.simulationMonitor] -     WARNING (SPECTRE-17607): Assert `SOAC_vert10_vsubpsub' is ignored because it contains an expression which is invalid or not supported by native evaluator.  {"history": "Interactive.356", "point": 45, "testname": "PTAT", "cornername": "CMOS_VDD_Res_Cap_Temp_43"}
[2026-06-03 12:11:07.850 Z] [WARN] [cadence.virtuoso.ade.simulationMonitor] -     WARNING (SPECTRE-17607): Assert `SOAC_vert10_vcsub' is ignored because it contains an expression which is invalid or not supported by native evaluator.  {"history": "Interactive.356", "point": 45, "testname": "PTAT", "cornername": "CMOS_VDD_Res_Cap_Temp_43"}
[2026-06-03 12:11:08.353 Z] [INFO] [cadence.virtuoso.ade.simulationMonitor] - Notice from spectre during topology check.
    Only one connection to the following 1898 nodes:
        I0.I46.RLIB_GC1.R1.psub!
        I0.I46.RLIB_GC1.R2.psub!
        I0.I46.MNLIB_DR1.M_esdnmos4.psub!
        I0.I46.DLIB2.psub!
        I0.I46.DLIB1.psub!
        Further occurrences of this notice will be suppressed. {"history": "Interactive.356", "point": 45, "testname": "PTAT", "cornername": "CMOS_VDD_Res_Cap_Temp_43"}
[2026-06-03 12:11:11.358 Z] [INFO] [cadence.virtuoso.ade.simulationMonitor] -               nodes 15748 {"history": "Interactive.356", "point": 45, "testname": "PTAT", "cornername": "CMOS_VDD_Res_Cap_Temp_43"}
[2026-06-03 12:11:11.358 Z] [INFO] [cadence.virtuoso.ade.simulationMonitor] - Notice from spectre during initial setup.
    7 resistors are shorted because their absolute value is less than or equal to 'rabsshort'.
    3 vsources are shorted because their absolute value is less than or equal to 'vabsshort'.
    4 resistors are changed to resistance form because their value are less than 'rthresh'.
    Spectre X preset=cx enabled.
    44 notices suppressed.
    138 warnings suppressed. {"history": "Interactive.356", "point": 45, "testname": "PTAT", "cornername": "CMOS_VDD_Res_Cap_Temp_43"}
[2026-06-03 12:11:11.358 Z] [INFO] [cadence.virtuoso.ade.simulationMonitor] - Notice from spectre.
    Multithreading enabled: 8 threads in the system with 48 available processors. {"history": "Interactive.356", "point": 45, "testname": "PTAT", "cornername": "CMOS_VDD_Res_Cap_Temp_43"}
[2026-06-03 12:11:11.358 Z] [INFO] [cadence.virtuoso.ade.simulationMonitor] - Peak resident memory used = 293 Mbytes. {"history": "Interactive.356", "point": 45, "testname": "PTAT", "cornername": "CMOS_VDD_Res_Cap_Temp_43"}
[2026-06-03 12:11:11.358 Z] [INFO] [cadence.virtuoso.ade.simulationMonitor] -    -   (Spectre X) Multi-threading. The recommended number of threads is [4, 8], consider adding +mt=4 or +mt=8 on command line. {"history": "Interactive.356", "point": 45, "testname": "PTAT", "cornername": "CMOS_VDD_Res_Cap_Temp_43"}
[2026-06-03 12:11:11.358 Z] [INFO] [cadence.virtuoso.ade.simulationMonitor] - Notice from spectre during transient analysis `tran'.
    No checklimit analysis defined for asserts. A default checklimit analysis 'SpectreChecklimitAnal' has been created with all asserts enabled. {"history": "Interactive.356", "point": 45, "testname": "PTAT", "cornername": "CMOS_VDD_Res_Cap_Temp_43"}
[2026-06-03 12:11:11.358 Z] [INFO] [cadence.virtuoso.ade.simulationMonitor] - Notice from spectre during IC analysis, during transient analysis `tran'.
    Bad pivoting is found during DC analysis. Option dc_pivot_check=yes is recommended for possible improvement of convergence. {"history": "Interactive.356", "point": 45, "testname": "PTAT", "cornername": "CMOS_VDD_Res_Cap_Temp_43"}
[2026-06-03 12:11:11.358 Z] [WARN] [cadence.virtuoso.ade.simulationMonitor] -     WARNING (CMI-2943): Parameter checks have been ignored because the valid value for parameter 'trise' could not be found in 'C0'. {"history": "Interactive.356", "point": 45, "testname": "PTAT", "cornername": "CMOS_VDD_Res_Cap_Temp_43"}
[2026-06-03 12:11:11.358 Z] [WARN] [cadence.virtuoso.ade.simulationMonitor] -     WARNING (CMI-2943): Parameter checks have been ignored because the valid value for parameter 'trise' could not be found in 'C1'. {"history": "Interactive.356", "point": 45, "testname": "PTAT", "cornername": "CMOS_VDD_Res_Cap_Temp_43"}
[2026-06-03 12:11:11.358 Z] [WARN] [cadence.virtuoso.ade.simulationMonitor] -     WARNING (CMI-2943): Parameter checks have been ignored because the valid value for parameter 'trise' could not be found in 'C11'. {"history": "Interactive.356", "point": 45, "testname": "PTAT", "cornername": "CMOS_VDD_Res_Cap_Temp_43"}
[2026-06-03 12:11:11.358 Z] [WARN] [cadence.virtuoso.ade.simulationMonitor] -     WARNING (CMI-2943): Parameter checks have been ignored because the valid value for parameter 'trise' could not be found in 'C12'. {"history": "Interactive.356", "point": 45, "testname": "PTAT", "cornername": "CMOS_VDD_Res_Cap_Temp_43"}
[2026-06-03 12:11:11.358 Z] [WARN] [cadence.virtuoso.ade.simulationMonitor] -     WARNING (CMI-2943): Parameter checks have been ignored because the valid value for parameter 'trise' could not be found in 'C5'.
        Further occurrences of this warning will be suppressed. {"history": "Interactive.356", "point": 45, "testname": "PTAT", "cornername": "CMOS_VDD_Res_Cap_Temp_43"}
[2026-06-03 12:11:13.365 Z] [INFO] [cadence.virtuoso.ade.simulationMonitor] - Total time required for tran analysis `tran': CPU = 7.50174 s, elapsed = 1.97374 s, util. = 380%. {"history": "Interactive.356", "point": 45, "testname": "PTAT", "cornername": "CMOS_VDD_Res_Cap_Temp_43"}
[2026-06-03 12:11:13.365 Z] [INFO] [cadence.virtuoso.ade.simulationMonitor] - Peak resident memory used = 353 Mbytes. {"history": "Interactive.356", "point": 45, "testname": "PTAT", "cornername": "CMOS_VDD_Res_Cap_Temp_43"}
[2026-06-03 12:11:13.365 Z] [INFO] [cadence.virtuoso.ade.simulationMonitor] - Notice from spectre.
    1071 warnings suppressed. {"history": "Interactive.356", "point": 45, "testname": "PTAT", "cornername": "CMOS_VDD_Res_Cap_Temp_43"}
[2026-06-03 12:11:13.365 Z] [WARN] [cadence.virtuoso.ade.simulationMonitor] -     WARNING (CMI-2425): I7.I0.C0<0>_dummy: `Acde' = 2.393 is unusually large. {"history": "Interactive.356", "point": 45, "testname": "PTAT", "cornername": "CMOS_VDD_Res_Cap_Temp_43"}
[2026-06-03 12:11:13.365 Z] [WARN] [cadence.virtuoso.ade.simulationMonitor] -     WARNING (CMI-2425): I7.I0.C0<0>_dummy: `Noff' = 4.732 is unusually large. {"history": "Interactive.356", "point": 45, "testname": "PTAT", "cornername": "CMOS_VDD_Res_Cap_Temp_43"}
[2026-06-03 12:11:13.365 Z] [WARN] [cadence.virtuoso.ade.simulationMonitor] -     WARNING (CMI-2424): I7.I0.C0<0>_dummy: `Voffcv' = -867.4e-03 is unusually small. {"history": "Interactive.356", "point": 45, "testname": "PTAT", "cornername": "CMOS_VDD_Res_Cap_Temp_43"}
[2026-06-03 12:11:13.365 Z] [WARN] [cadence.virtuoso.ade.simulationMonitor] -     WARNING (CMI-2425): I7.I3.C1<0>_dummy: `Acde' = 2.393 is unusually large. {"history": "Interactive.356", "point": 45, "testname": "PTAT", "cornername": "CMOS_VDD_Res_Cap_Temp_43"}
[2026-06-03 12:11:13.365 Z] [WARN] [cadence.virtuoso.ade.simulationMonitor] -     WARNING (CMI-2425): I7.I3.C1<0>_dummy: `Noff' = 4.732 is unusually large. {"history": "Interactive.356", "point": 45, "testname": "PTAT", "cornername": "CMOS_VDD_Res_Cap_Temp_43"}
[2026-06-03 12:11:13.365 Z] [WARN] [cadence.virtuoso.ade.simulationMonitor] -     WARNING (CMI-2424): I7.I3.C1<0>_dummy: `Voffcv' = -867.4e-03 is unusually small. {"history": "Interactive.356", "point": 45, "testname": "PTAT", "cornername": "CMOS_VDD_Res_Cap_Temp_43"}
[2026-06-03 12:11:13.365 Z] [WARN] [cadence.virtuoso.ade.simulationMonitor] -     WARNING (CMI-2425): I7.I4.C1<0>_dummy: `Acde' = 2.393 is unusually large.
        Further occurrences of this warning will be suppressed. {"history": "Interactive.356", "point": 45, "testname": "PTAT", "cornername": "CMOS_VDD_Res_Cap_Temp_43"}
[2026-06-03 12:11:13.365 Z] [WARN] [cadence.virtuoso.ade.simulationMonitor] -     WARNING (CMI-2424): I7.I4.C1<0>_dummy: `Voffcv' = -867.4e-03 is unusually small. {"history": "Interactive.356", "point": 45, "testname": "PTAT", "cornername": "CMOS_VDD_Res_Cap_Temp_43"}
[2026-06-03 12:11:13.365 Z] [INFO] [cadence.virtuoso.ade.simulationMonitor] - Notice from spectre.
    1 warning suppressed. {"history": "Interactive.356", "point": 45, "testname": "PTAT", "cornername": "CMOS_VDD_Res_Cap_Temp_43"}
[2026-06-03 12:11:13.365 Z] [WARN] [cadence.virtuoso.ade.simulationMonitor] -     WARNING (CMI-2425): I7.I0.C0<0>_dummy: `Acde' = 2.393 is unusually large. {"history": "Interactive.356", "point": 45, "testname": "PTAT", "cornername": "CMOS_VDD_Res_Cap_Temp_43"}
[2026-06-03 12:11:13.365 Z] [WARN] [cadence.virtuoso.ade.simulationMonitor] -     WARNING (CMI-2425): I7.I0.C0<0>_dummy: `Noff' = 4.732 is unusually large. {"history": "Interactive.356", "point": 45, "testname": "PTAT", "cornername": "CMOS_VDD_Res_Cap_Temp_43"}
[2026-06-03 12:11:13.365 Z] [WARN] [cadence.virtuoso.ade.simulationMonitor] -     WARNING (CMI-2424): I7.I0.C0<0>_dummy: `Voffcv' = -867.4e-03 is unusually small. {"history": "Interactive.356", "point": 45, "testname": "PTAT", "cornername": "CMOS_VDD_Res_Cap_Temp_43"}
[2026-06-03 12:11:13.365 Z] [WARN] [cadence.virtuoso.ade.simulationMonitor] -     WARNING (CMI-2425): I7.I3.C1<0>_dummy: `Acde' = 2.393 is unusually large. {"history": "Interactive.356", "point": 45, "testname": "PTAT", "cornername": "CMOS_VDD_Res_Cap_Temp_43"}
[2026-06-03 12:11:13.365 Z] [WARN] [cadence.virtuoso.ade.simulationMonitor] -     WARNING (CMI-2425): I7.I3.C1<0>_dummy: `Noff' = 4.732 is unusually large. {"history": "Interactive.356", "point": 45, "testname": "PTAT", "cornername": "CMOS_VDD_Res_Cap_Temp_43"}
[2026-06-03 12:11:13.365 Z] [WARN] [cadence.virtuoso.ade.simulationMonitor] -     WARNING (CMI-2424): I7.I3.C1<0>_dummy: `Voffcv' = -867.4e-03 is unusually small. {"history": "Interactive.356", "point": 45, "testname": "PTAT", "cornername": "CMOS_VDD_Res_Cap_Temp_43"}
[2026-06-03 12:11:13.365 Z] [WARN] [cadence.virtuoso.ade.simulationMonitor] -     WARNING (CMI-2425): I7.I4.C1<0>_dummy: `Acde' = 2.393 is unusually large.
        Further occurrences of this warning will be suppressed. {"history": "Interactive.356", "point": 45, "testname": "PTAT", "cornername": "CMOS_VDD_Res_Cap_Temp_43"}
[2026-06-03 12:11:13.365 Z] [WARN] [cadence.virtuoso.ade.simulationMonitor] -     WARNING (CMI-2424): I7.I4.C1<0>_dummy: `Voffcv' = -867.4e-03 is unusually small. {"history": "Interactive.356", "point": 45, "testname": "PTAT", "cornername": "CMOS_VDD_Res_Cap_Temp_43"}
[2026-06-03 12:11:13.365 Z] [INFO] [cadence.virtuoso.ade.simulationMonitor] - Notice from spectre.
    1 warning suppressed. {"history": "Interactive.356", "point": 45, "testname": "PTAT", "cornername": "CMOS_VDD_Res_Cap_Temp_43"}
[2026-06-03 12:11:13.365 Z] [INFO] [cadence.virtuoso.ade.simulationMonitor] - Time used: CPU = 13.1 s, elapsed = 8.16 s, util. = 161%. {"history": "Interactive.356", "point": 45, "testname": "PTAT", "cornername": "CMOS_VDD_Res_Cap_Temp_43"}
[2026-06-03 12:11:13.365 Z] [INFO] [cadence.virtuoso.ade.simulationMonitor] - Time spent in licensing: elapsed = 88.1 ms. {"history": "Interactive.356", "point": 45, "testname": "PTAT", "cornername": "CMOS_VDD_Res_Cap_Temp_43"}
[2026-06-03 12:11:13.365 Z] [INFO] [cadence.virtuoso.ade.simulationMonitor] - Peak memory used = 353 Mbytes. {"history": "Interactive.356", "point": 45, "testname": "PTAT", "cornername": "CMOS_VDD_Res_Cap_Temp_43"}
[2026-06-03 12:11:13.365 Z] [PROCESS] [cadence.virtuoso.ade.simulationMonitor] - Simulation started at: 12:11:05 PM, Wed Jun 3, 2026, ended at: 12:11:13 PM, Wed Jun 3, 2026, with elapsed time (wall clock): 8.16 s. {"history": "Interactive.356", "point": 45, "testname": "PTAT", "cornername": "CMOS_VDD_Res_Cap_Temp_43"}
[2026-06-03 12:11:13.365 Z] [PROCESS] [cadence.virtuoso.ade.simulationMonitor] - spectre completes with 0 errors, 75 warnings, and 28 notices. {"history": "Interactive.356", "point": 45, "testname": "PTAT", "cornername": "CMOS_VDD_Res_Cap_Temp_43"}
[2026-06-03 12:11:13.365 Z] [PROCESS] [cadence.virtuoso.ade.simulationMonitor] - Finished simulating for one point {"hostname": "il2244vt26_hrahimi", "processid": 2498769, "history": "Interactive.356", "testname": "PTAT", "cornername": "CMOS_VDD_Res_Cap_Temp_43", "point": 45, "logfile": "/home/hrahimi/projects/POTENTIOSTAT_26/logs_hrahimi/logs0/Job19.log", "simid": "18"}
[2026-06-03 12:11:13.365 Z] [PROCESS] [cadence.virtuoso.ade.simulationMonitor] - Simulator exited {"hostname": "il2244vt26_hrahimi", "processid": 2498769, "history": "Interactive.356", "testname": "PTAT", "cornername": "CMOS_VDD_Res_Cap_Temp_43", "point": 45, "logfile": "/home/hrahimi/projects/POTENTIOSTAT_26/logs_hrahimi/logs0/Job19.log", "exitStatus": "0"}
[2026-06-03 12:11:13.365 Z] [PROCESS] [cadence.virtuoso.ade.simulationMonitor] - Finished Simulation {"hostname": "il2244vt26_hrahimi", "processid": 2498769, "history": "Interactive.356", "testname": "PTAT", "cornername": "CMOS_VDD_Res_Cap_Temp_43", "point": 45, "logfile": "/home/hrahimi/projects/POTENTIOSTAT_26/logs_hrahimi/logs0/Job19.log", "simid": "18"}
[2026-06-03 12:11:18.388 Z] [PROCESS] [cadence.virtuoso.ade.simulationMonitor] - Point Finished {"hostname": "il2244vt26_hrahimi", "processid": 2498769, "history": "Interactive.356", "testname": "PTAT", "cornername": "CMOS_VDD_Res_Cap_Temp_43", "point": 45, "logfile": "/home/hrahimi/projects/POTENTIOSTAT_26/logs_hrahimi/logs0/Job19.log"}
[2026-06-03 12:11:18.388 Z] [PROCESS] [cadence.virtuoso.ade.simulationMonitor] - HostInfo:
Host name (type):	il2244vt26_hrahimi (x86_64)
Operating system:	Linux 5.15.0-164-generic #174-Ubuntu SMP Fri Nov 14 20:25:16 UTC 2025 {"hostname": "il2244vt26_hrahimi", "processid": 2498769, "history": "Interactive.356", "testname": "PTAT", "cornername": "CMOS_VDD_Res_Cap_Temp_43", "point": 45, "logfile": "/home/hrahimi/projects/POTENTIOSTAT_26/logs_hrahimi/logs0/Job19.log", "nodename": "il2244vt26_hrahimi", "domainname": "(none)", "machine": "x86_64", "sysname": "Linux", "release": "5.15.0-164-generic", "version": "#174-Ubuntu SMP Fri Nov 14 20:25:16 UTC 2025"}
[2026-06-03 12:11:18.388 Z] [PROCESS] [cadence.virtuoso.ade.simulationMonitor] - UsageInfo:
pid=2498769
totalPhysicalMemory=3023.749672GB,Used=2720.064968GB,totalVirtualMemory=3031.749668GB,Used=2720.171413GB
Cpu: Cores=48, Load average:45.440000,44.550000,35.750000 {"hostname": "il2244vt26_hrahimi", "processid": 2498769, "history": "Interactive.356", "testname": "PTAT", "cornername": "CMOS_VDD_Res_Cap_Temp_43", "point": 45, "logfile": "/home/hrahimi/projects/POTENTIOSTAT_26/logs_hrahimi/logs0/Job19.log", "pid": "2498769", "totalPhysicalMemory": "3023.749672", "physicalMemoryUsed": "2720.064968", "totalVirtualMemory": "3031.749668", "virtualMemoryUsed": "2720.171413", "cpuCores": "48", "processes": "29721", "loadAverage1": "45.440000", "loadAverage5": "44.550000", "loadAverage15": "35.750000", "loadAverage1Percent": "0.946667"}
[2026-06-03 12:11:18.388 Z] [EVENT] [cadence.virtuoso.ade.simulationMonitor] - NewPoint {"history": "Interactive.356", "point": 58, "testname": "Poten", "cornername": "CMOS_VDD_Res_Cap_Temp_56", "event": "NewPoint", "EventSource": "Simulation Monitor", "HistoryName": "Interactive.356", "logFile": "/home/hrahimi/projects/POTENTIOSTAT_26/logs_hrahimi/logs0/Job19.log", "logFileSize": "715069"}
[2026-06-03 12:11:18.388 Z] [EVENT] [cadence.virtuoso.ade.simulationMonitor] - NewPoint {"history": "Interactive.356", "point": 58, "testname": "Poten", "cornername": "CMOS_VDD_Res_Cap_Temp_56", "event": "NewPoint", "EventSource": "spectre", "HistoryName": "Interactive.356", "logFile": "/home/hrahimi/projects/POTENTIOSTAT_26/Sim/Potentiostat_Top/top/maestro/results/maestro/Interactive.356/58/Poten/psf/spectre.out", "logFileSize": "-1"}
[2026-06-03 12:11:18.388 Z] [PROCESS] [cadence.virtuoso.ade.simulationMonitor] - Simulator launched {"hostname": "il2244vt26_hrahimi", "processid": 2498769, "history": "Interactive.356", "testname": "Poten", "cornername": "CMOS_VDD_Res_Cap_Temp_56", "point": 58, "logfile": "/home/hrahimi/projects/POTENTIOSTAT_26/logs_hrahimi/logs0/Job19.log", "simid": "19"}
[2026-06-03 12:11:18.388 Z] [PROCESS] [cadence.virtuoso.ade.simulationMonitor] - Started Simulation {"hostname": "il2244vt26_hrahimi", "processid": 2498769, "history": "Interactive.356", "testname": "Poten", "cornername": "CMOS_VDD_Res_Cap_Temp_56", "point": 58, "logfile": "/home/hrahimi/projects/POTENTIOSTAT_26/logs_hrahimi/logs0/Job19.log", "event": "started", "task": "simulation"}
[2026-06-03 12:11:19.584 Z] [WARN] [cadence.virtuoso.ade.simulationMonitor] -     WARNING (SPECTRE-691): This CPU processor does not support x86 advanced vector extensions instructions. This may affect math operations and slow down the simulation. {"history": "Interactive.356", "point": 58, "testname": "Poten", "cornername": "CMOS_VDD_Res_Cap_Temp_56"}
[2026-06-03 12:11:19.584 Z] [INFO] [cadence.virtuoso.ade.simulationMonitor] - Notice from spectre during circuit read-in.
    Pre_Configuration file used: /opt/tools/cadence/installs/SPECTRE241/tools.lnx86/spectre/etc/configs/preset.precfg
    Configuration file used: `/opt/tools/cadence/installs/SPECTRE241/tools.lnx86/spectre/etc/configs/preset.cfg'. {"history": "Interactive.356", "point": 58, "testname": "Poten", "cornername": "CMOS_VDD_Res_Cap_Temp_56"}
[2026-06-03 12:11:19.584 Z] [WARN] [cadence.virtuoso.ade.simulationMonitor] -     WARNING (SPECTRE-8360): line 1511: `ac' is an undefined primitive device. {"history": "Interactive.356", "point": 58, "testname": "Poten", "cornername": "CMOS_VDD_Res_Cap_Temp_56"}
[2026-06-03 12:11:19.584 Z] [WARN] [cadence.virtuoso.ade.simulationMonitor] -     WARNING (SPECTRE-8360): line 1512: `ac' is an undefined primitive device. {"history": "Interactive.356", "point": 58, "testname": "Poten", "cornername": "CMOS_VDD_Res_Cap_Temp_56"}
[2026-06-03 12:11:19.584 Z] [WARN] [cadence.virtuoso.ade.simulationMonitor] -     WARNING (SPECTRE-8360): line 1513: `ac' is an undefined primitive device. {"history": "Interactive.356", "point": 58, "testname": "Poten", "cornername": "CMOS_VDD_Res_Cap_Temp_56"}
[2026-06-03 12:11:19.584 Z] [WARN] [cadence.virtuoso.ade.simulationMonitor] -     WARNING (SPECTRE-8360): line 1514: `ac' is an undefined primitive device. {"history": "Interactive.356", "point": 58, "testname": "Poten", "cornername": "CMOS_VDD_Res_Cap_Temp_56"}
[2026-06-03 12:11:19.584 Z] [WARN] [cadence.virtuoso.ade.simulationMonitor] -     WARNING (SPECTRE-8360): line 1515: `ac' is an undefined primitive device.
        Further occurrences of this warning will be suppressed. {"history": "Interactive.356", "point": 58, "testname": "Poten", "cornername": "CMOS_VDD_Res_Cap_Temp_56"}
[2026-06-03 12:11:19.584 Z] [WARN] [cadence.virtuoso.ade.simulationMonitor] -     WARNING (VACOMP-2435): The environment variable CDS_AHDLCMI_ENABLE is no longer supported. Therefore, the simulator will use the default compiled C code flow. {"history": "Interactive.356", "point": 58, "testname": "Poten", "cornername": "CMOS_VDD_Res_Cap_Temp_56"}
[2026-06-03 12:11:19.584 Z] [INFO] [cadence.virtuoso.ade.simulationMonitor] - Peak resident memory used = 194 Mbytes. {"history": "Interactive.356", "point": 58, "testname": "Poten", "cornername": "CMOS_VDD_Res_Cap_Temp_56"}
[2026-06-03 12:11:20.086 Z] [WARN] [cadence.virtuoso.ade.simulationMonitor] -     WARNING (SFE-2649): Terminals of top-level instance `R50', in file`netlist', at line 1168, are connected. Remove the instance and rerun the simulation. {"history": "Interactive.356", "point": 58, "testname": "Poten", "cornername": "CMOS_VDD_Res_Cap_Temp_56"}
[2026-06-03 12:11:20.086 Z] [WARN] [cadence.virtuoso.ade.simulationMonitor] -     WARNING (SFE-2649): Terminals of top-level instance `R48', in file`netlist', at line 1211, are connected. Remove the instance and rerun the simulation. {"history": "Interactive.356", "point": 58, "testname": "Poten", "cornername": "CMOS_VDD_Res_Cap_Temp_56"}
[2026-06-03 12:11:20.086 Z] [WARN] [cadence.virtuoso.ade.simulationMonitor] -     WARNING (SFE-3027): The dangling resistor I2.rb144 is removed. {"history": "Interactive.356", "point": 58, "testname": "Poten", "cornername": "CMOS_VDD_Res_Cap_Temp_56"}
[2026-06-03 12:11:20.086 Z] [WARN] [cadence.virtuoso.ade.simulationMonitor] -     WARNING (SFE-3027): The dangling resistor I2.rb241 is removed. {"history": "Interactive.356", "point": 58, "testname": "Poten", "cornername": "CMOS_VDD_Res_Cap_Temp_56"}
[2026-06-03 12:11:20.086 Z] [WARN] [cadence.virtuoso.ade.simulationMonitor] -     WARNING (SFE-3027): The dangling resistor I2.rb613 is removed. {"history": "Interactive.356", "point": 58, "testname": "Poten", "cornername": "CMOS_VDD_Res_Cap_Temp_56"}
[2026-06-03 12:11:20.086 Z] [WARN] [cadence.virtuoso.ade.simulationMonitor] -     WARNING (SFE-3027): The dangling resistor I2.rd794 is removed. {"history": "Interactive.356", "point": 58, "testname": "Poten", "cornername": "CMOS_VDD_Res_Cap_Temp_56"}
[2026-06-03 12:11:20.086 Z] [WARN] [cadence.virtuoso.ade.simulationMonitor] -     WARNING (SFE-3012): The dummy device I0.I16.DLIB9 is removed. {"history": "Interactive.356", "point": 58, "testname": "Poten", "cornername": "CMOS_VDD_Res_Cap_Temp_56"}
[2026-06-03 12:11:20.086 Z] [WARN] [cadence.virtuoso.ade.simulationMonitor] -     WARNING (SFE-3012): The dummy device I0.I15.DLIB9 is removed. {"history": "Interactive.356", "point": 58, "testname": "Poten", "cornername": "CMOS_VDD_Res_Cap_Temp_56"}
[2026-06-03 12:11:20.086 Z] [WARN] [cadence.virtuoso.ade.simulationMonitor] -     WARNING (SFE-3012): The dummy device I0.I0.DLIB6 is removed. {"history": "Interactive.356", "point": 58, "testname": "Poten", "cornername": "CMOS_VDD_Res_Cap_Temp_56"}
[2026-06-03 12:11:20.086 Z] [WARN] [cadence.virtuoso.ade.simulationMonitor] -     WARNING (SFE-3012): The dummy device I7.I2.MP12<0>_turbo_m34 is removed. {"history": "Interactive.356", "point": 58, "testname": "Poten", "cornername": "CMOS_VDD_Res_Cap_Temp_56"}
[2026-06-03 12:11:20.086 Z] [WARN] [cadence.virtuoso.ade.simulationMonitor] -     WARNING (SFE-3012): The dummy device I0.I16.DLIB10 is removed.
        Further occurrences of this warning will be suppressed. {"history": "Interactive.356", "point": 58, "testname": "Poten", "cornername": "CMOS_VDD_Res_Cap_Temp_56"}
[2026-06-03 12:11:20.086 Z] [WARN] [cadence.virtuoso.ade.simulationMonitor] -     WARNING (SFE-3029): The dummy capacitor I7.I0.R3.CS1 is removed. {"history": "Interactive.356", "point": 58, "testname": "Poten", "cornername": "CMOS_VDD_Res_Cap_Temp_56"}
[2026-06-03 12:11:20.086 Z] [WARN] [cadence.virtuoso.ade.simulationMonitor] -     WARNING (SFE-3027): The dangling resistor I2.re2693 is removed.
        Further occurrences of this warning will be suppressed. {"history": "Interactive.356", "point": 58, "testname": "Poten", "cornername": "CMOS_VDD_Res_Cap_Temp_56"}
[2026-06-03 12:11:20.086 Z] [WARN] [cadence.virtuoso.ade.simulationMonitor] -     WARNING (SFE-3029): The dummy capacitor I7.I13_turbo_m5.C0.C1 is removed. {"history": "Interactive.356", "point": 58, "testname": "Poten", "cornername": "CMOS_VDD_Res_Cap_Temp_56"}
[2026-06-03 12:11:20.086 Z] [WARN] [cadence.virtuoso.ade.simulationMonitor] -     WARNING (SFE-3029): The dummy capacitor I7.I10_turbo_m4.C0.C1 is removed. {"history": "Interactive.356", "point": 58, "testname": "Poten", "cornername": "CMOS_VDD_Res_Cap_Temp_56"}
[2026-06-03 12:11:20.086 Z] [WARN] [cadence.virtuoso.ade.simulationMonitor] -     WARNING (SFE-3029): The dummy capacitor I7.I1.R2.CS1 is removed. {"history": "Interactive.356", "point": 58, "testname": "Poten", "cornername": "CMOS_VDD_Res_Cap_Temp_56"}
[2026-06-03 12:11:20.086 Z] [WARN] [cadence.virtuoso.ade.simulationMonitor] -     WARNING (SFE-3028): The floating resistor R8 is removed. {"history": "Interactive.356", "point": 58, "testname": "Poten", "cornername": "CMOS_VDD_Res_Cap_Temp_56"}
[2026-06-03 12:11:20.086 Z] [WARN] [cadence.virtuoso.ade.simulationMonitor] -     WARNING (SFE-3029): The dummy capacitor I7.I4.R31.CS1 is removed.
        Further occurrences of this warning will be suppressed. {"history": "Interactive.356", "point": 58, "testname": "Poten", "cornername": "CMOS_VDD_Res_Cap_Temp_56"}
[2026-06-03 12:11:20.086 Z] [WARN] [cadence.virtuoso.ade.simulationMonitor] -     WARNING (SFE-3015): The dangling node I2.210\:GNDA is removed. {"history": "Interactive.356", "point": 58, "testname": "Poten", "cornername": "CMOS_VDD_Res_Cap_Temp_56"}
[2026-06-03 12:11:20.086 Z] [WARN] [cadence.virtuoso.ade.simulationMonitor] -     WARNING (SFE-3015): The dangling node I2.222\:POT_OUT is removed. {"history": "Interactive.356", "point": 58, "testname": "Poten", "cornername": "CMOS_VDD_Res_Cap_Temp_56"}
[2026-06-03 12:11:20.086 Z] [WARN] [cadence.virtuoso.ade.simulationMonitor] -     WARNING (SFE-3015): The dangling node I2.13\:I25|I35|SN is removed. {"history": "Interactive.356", "point": 58, "testname": "Poten", "cornername": "CMOS_VDD_Res_Cap_Temp_56"}
[2026-06-03 12:11:20.086 Z] [WARN] [cadence.virtuoso.ade.simulationMonitor] -     WARNING (SFE-3015): The dangling node I2.29\:Calib_EN is removed. {"history": "Interactive.356", "point": 58, "testname": "Poten", "cornername": "CMOS_VDD_Res_Cap_Temp_56"}
[2026-06-03 12:11:20.086 Z] [WARN] [cadence.virtuoso.ade.simulationMonitor] -     WARNING (SFE-3015): The dangling node I2.693\:VPI is removed.
        Further occurrences of this warning will be suppressed. {"history": "Interactive.356", "point": 58, "testname": "Poten", "cornername": "CMOS_VDD_Res_Cap_Temp_56"}
[2026-06-03 12:11:20.086 Z] [WARN] [cadence.virtuoso.ade.simulationMonitor] -     WARNING (SFE-3016): The floating node net74 is removed. {"history": "Interactive.356", "point": 58, "testname": "Poten", "cornername": "CMOS_VDD_Res_Cap_Temp_56"}
[2026-06-03 12:11:20.086 Z] [WARN] [cadence.virtuoso.ade.simulationMonitor] -     WARNING (SFE-3016): The floating node net73 is removed. {"history": "Interactive.356", "point": 58, "testname": "Poten", "cornername": "CMOS_VDD_Res_Cap_Temp_56"}
[2026-06-03 12:11:20.086 Z] [INFO] [cadence.virtuoso.ade.simulationMonitor] - Notice from spectre during hierarchy flattening.
    Spectre X Parasitic Optimization enabled.
    Parasitic optimization will filter out parasitic nodes, nodes only connected to RCs, by default. To view individual parasitic nodes use individual save statements (i.e. save out), or use the 'savefilter=none' option to save all parasitic nodes. Saving all parasitic nodes may slow down simulation and create large waveform files. {"history": "Interactive.356", "point": 58, "testname": "Poten", "cornername": "CMOS_VDD_Res_Cap_Temp_56"}
[2026-06-03 12:11:20.086 Z] [INFO] [cadence.virtuoso.ade.simulationMonitor] - Peak resident memory used = 224 Mbytes. {"history": "Interactive.356", "point": 58, "testname": "Poten", "cornername": "CMOS_VDD_Res_Cap_Temp_56"}
[2026-06-03 12:11:20.086 Z] [INFO] [cadence.virtuoso.ade.simulationMonitor] - Notice from spectre during hierarchy flattening.
    The value 'psf' specified for the 'checklimitdest' option will no longer be supported in future releases. Use 'spectre -h' to see other recommended values for the 'checklimitdest' option.
    I0.I46.RLIB_GC1.CS0 of rpoly1c: `c' has the unusually small value of 634.694e-21 F.
    I0.I46.RLIB_GC1.CS1 of rpoly1c: `c' has the unusually small value of 634.694e-21 F.
    I0.I45.RLIB_GC1.CS0 of rpoly1c: `c' has the unusually small value of 634.694e-21 F.
    I0... {"history": "Interactive.356", "point": 58, "testname": "Poten", "cornername": "CMOS_VDD_Res_Cap_Temp_56"}
[2026-06-03 12:11:20.086 Z] [INFO] [cadence.virtuoso.ade.simulationMonitor] - Notice from spectre during hierarchy flattening.
    V8: `period' has the unusually large value of 100 s.
    V7: `period' has the unusually large value of 10 s.
    V3: `period' has the unusually large value of 6 s.
    I26: `period' has the unusually large value of 6 s. {"history": "Interactive.356", "point": 58, "testname": "Poten", "cornername": "CMOS_VDD_Res_Cap_Temp_56"}
[2026-06-03 12:11:21.092 Z] [INFO] [cadence.virtuoso.ade.simulationMonitor] - Peak resident memory used = 235 Mbytes. {"history": "Interactive.356", "point": 58, "testname": "Poten", "cornername": "CMOS_VDD_Res_Cap_Temp_56"}
[2026-06-03 12:11:21.092 Z] [WARN] [cadence.virtuoso.ade.simulationMonitor] -     WARNING (CMI-2425): I2.I56|C3: `Acde' = 2.393 is unusually large. {"history": "Interactive.356", "point": 58, "testname": "Poten", "cornername": "CMOS_VDD_Res_Cap_Temp_56"}
[2026-06-03 12:11:21.092 Z] [WARN] [cadence.virtuoso.ade.simulationMonitor] -     WARNING (CMI-2425): I2.I56|C3: `Noff' = 4.732 is unusually large. {"history": "Interactive.356", "point": 58, "testname": "Poten", "cornername": "CMOS_VDD_Res_Cap_Temp_56"}
[2026-06-03 12:11:21.092 Z] [WARN] [cadence.virtuoso.ade.simulationMonitor] -     WARNING (CMI-2424): I2.I56|C3: `Voffcv' = -867.4e-03 is unusually small. {"history": "Interactive.356", "point": 58, "testname": "Poten", "cornername": "CMOS_VDD_Res_Cap_Temp_56"}
[2026-06-03 12:11:21.092 Z] [WARN] [cadence.virtuoso.ade.simulationMonitor] -     WARNING (CMI-2425): I2.I56|C4: `Acde' = 2.393 is unusually large. {"history": "Interactive.356", "point": 58, "testname": "Poten", "cornername": "CMOS_VDD_Res_Cap_Temp_56"}
[2026-06-03 12:11:21.092 Z] [WARN] [cadence.virtuoso.ade.simulationMonitor] -     WARNING (CMI-2425): I2.I56|C4: `Noff' = 4.732 is unusually large. {"history": "Interactive.356", "point": 58, "testname": "Poten", "cornername": "CMOS_VDD_Res_Cap_Temp_56"}
[2026-06-03 12:11:21.092 Z] [WARN] [cadence.virtuoso.ade.simulationMonitor] -     WARNING (CMI-2424): I2.I56|C4: `Voffcv' = -867.4e-03 is unusually small. {"history": "Interactive.356", "point": 58, "testname": "Poten", "cornername": "CMOS_VDD_Res_Cap_Temp_56"}
[2026-06-03 12:11:21.092 Z] [WARN] [cadence.virtuoso.ade.simulationMonitor] -     WARNING (CMI-2425): I2.I56|C5: `Acde' = 2.393 is unusually large.
        Further occurrences of this warning will be suppressed. {"history": "Interactive.356", "point": 58, "testname": "Poten", "cornername": "CMOS_VDD_Res_Cap_Temp_56"}
[2026-06-03 12:11:21.092 Z] [WARN] [cadence.virtuoso.ade.simulationMonitor] -     WARNING (CMI-2424): I2.I56|C5: `Voffcv' = -867.4e-03 is unusually small. {"history": "Interactive.356", "point": 58, "testname": "Poten", "cornername": "CMOS_VDD_Res_Cap_Temp_56"}
[2026-06-03 12:11:21.092 Z] [WARN] [cadence.virtuoso.ade.simulationMonitor] -     WARNING (CMI-2424): I7.I4.C1<0>_turbo_m11: `Voffcv' = -867.4e-03 is unusually small. {"history": "Interactive.356", "point": 58, "testname": "Poten", "cornername": "CMOS_VDD_Res_Cap_Temp_56"}
[2026-06-03 12:11:21.092 Z] [WARN] [cadence.virtuoso.ade.simulationMonitor] -     WARNING (CMI-2424): I7.I3.C1<0>_turbo_m6: `Voffcv' = -867.4e-03 is unusually small.
        Further occurrences of this warning will be suppressed. {"history": "Interactive.356", "point": 58, "testname": "Poten", "cornername": "CMOS_VDD_Res_Cap_Temp_56"}
[2026-06-03 12:11:21.092 Z] [WARN] [cadence.virtuoso.ade.simulationMonitor] -     WARNING (SPECTRE-16460): SOAC_esdgcp5_vcpsub:Specified subcircuit master `esdgcp5' was not found. {"history": "Interactive.356", "point": 58, "testname": "Poten", "cornername": "CMOS_VDD_Res_Cap_Temp_56"}
[2026-06-03 12:11:21.092 Z] [WARN] [cadence.virtuoso.ade.simulationMonitor] -     WARNING (SPECTRE-16462): SOAC_esdgcp5_vcpsub:Error in specification of subcircuit master. Assert is ignored. {"history": "Interactive.356", "point": 58, "testname": "Poten", "cornername": "CMOS_VDD_Res_Cap_Temp_56"}
[2026-06-03 12:11:21.092 Z] [WARN] [cadence.virtuoso.ade.simulationMonitor] -     WARNING (SPECTRE-16460): SOAC_esdgcp5_vac:Specified subcircuit master `esdgcp5' was not found. {"history": "Interactive.356", "point": 58, "testname": "Poten", "cornername": "CMOS_VDD_Res_Cap_Temp_56"}
[2026-06-03 12:11:21.092 Z] [WARN] [cadence.virtuoso.ade.simulationMonitor] -     WARNING (SPECTRE-16462): SOAC_esdgcp5_vac:Error in specification of subcircuit master. Assert is ignored. {"history": "Interactive.356", "point": 58, "testname": "Poten", "cornername": "CMOS_VDD_Res_Cap_Temp_56"}
[2026-06-03 12:11:21.092 Z] [WARN] [cadence.virtuoso.ade.simulationMonitor] -     WARNING (SPECTRE-16460): SOAC_esdgcn5_vac:Specified subcircuit master `esdgcn5' was not found. {"history": "Interactive.356", "point": 58, "testname": "Poten", "cornername": "CMOS_VDD_Res_Cap_Temp_56"}
[2026-06-03 12:11:21.092 Z] [WARN] [cadence.virtuoso.ade.simulationMonitor] -     WARNING (SPECTRE-16462): SOAC_esdgcn5_vac:Error in specification of subcircuit master. Assert is ignored. {"history": "Interactive.356", "point": 58, "testname": "Poten", "cornername": "CMOS_VDD_Res_Cap_Temp_56"}
[2026-06-03 12:11:21.092 Z] [WARN] [cadence.virtuoso.ade.simulationMonitor] -     WARNING (SPECTRE-16460): SOAC_esdfdp5_vcpsub:Specified subcircuit master `esdfdp5' was not found. {"history": "Interactive.356", "point": 58, "testname": "Poten", "cornername": "CMOS_VDD_Res_Cap_Temp_56"}
[2026-06-03 12:11:21.092 Z] [WARN] [cadence.virtuoso.ade.simulationMonitor] -     WARNING (SPECTRE-16462): SOAC_esdfdp5_vcpsub:Error in specification of subcircuit master. Assert is ignored. {"history": "Interactive.356", "point": 58, "testname": "Poten", "cornername": "CMOS_VDD_Res_Cap_Temp_56"}
[2026-06-03 12:11:21.092 Z] [WARN] [cadence.virtuoso.ade.simulationMonitor] -     WARNING (SPECTRE-16460): SOAC_esdfdp5_vac:Specified subcircuit master `esdfdp5' was not found.
        Further occurrences of this warning will be suppressed. {"history": "Interactive.356", "point": 58, "testname": "Poten", "cornername": "CMOS_VDD_Res_Cap_Temp_56"}
[2026-06-03 12:11:21.092 Z] [WARN] [cadence.virtuoso.ade.simulationMonitor] -     WARNING (SPECTRE-16462): SOAC_esdfdp5_vac:Error in specification of subcircuit master. Assert is ignored.
        Further occurrences of this warning will be suppressed. {"history": "Interactive.356", "point": 58, "testname": "Poten", "cornername": "CMOS_VDD_Res_Cap_Temp_56"}
[2026-06-03 12:11:21.092 Z] [WARN] [cadence.virtuoso.ade.simulationMonitor] -     WARNING (SPECTRE-17607): Assert `SOAC_vert10_vsubpsub' is ignored because it contains an expression which is invalid or not supported by native evaluator.  {"history": "Interactive.356", "point": 58, "testname": "Poten", "cornername": "CMOS_VDD_Res_Cap_Temp_56"}
[2026-06-03 12:11:21.092 Z] [WARN] [cadence.virtuoso.ade.simulationMonitor] -     WARNING (SPECTRE-17607): Assert `SOAC_vert10_vcsub' is ignored because it contains an expression which is invalid or not supported by native evaluator.  {"history": "Interactive.356", "point": 58, "testname": "Poten", "cornername": "CMOS_VDD_Res_Cap_Temp_56"}
[2026-06-03 12:11:22.598 Z] [INFO] [cadence.virtuoso.ade.simulationMonitor] - Notice from spectre during topology check.
    Only one connection to the following 1898 nodes:
        I0.I46.RLIB_GC1.R1.psub!
        I0.I46.RLIB_GC1.R2.psub!
        I0.I46.MNLIB_DR1.M_esdnmos4.psub!
        I0.I46.DLIB2.psub!
        I0.I46.DLIB1.psub!
        Further occurrences of this notice will be suppressed. {"history": "Interactive.356", "point": 58, "testname": "Poten", "cornername": "CMOS_VDD_Res_Cap_Temp_56"}
[2026-06-03 12:11:25.103 Z] [INFO] [cadence.virtuoso.ade.simulationMonitor] -               nodes 15748 {"history": "Interactive.356", "point": 58, "testname": "Poten", "cornername": "CMOS_VDD_Res_Cap_Temp_56"}
[2026-06-03 12:11:25.103 Z] [INFO] [cadence.virtuoso.ade.simulationMonitor] - Notice from spectre during initial setup.
    7 resistors are shorted because their absolute value is less than or equal to 'rabsshort'.
    3 vsources are shorted because their absolute value is less than or equal to 'vabsshort'.
    4 resistors are changed to resistance form because their value are less than 'rthresh'.
    Spectre X preset=cx enabled.
    44 notices suppressed.
    138 warnings suppressed. {"history": "Interactive.356", "point": 58, "testname": "Poten", "cornername": "CMOS_VDD_Res_Cap_Temp_56"}
[2026-06-03 12:11:25.103 Z] [INFO] [cadence.virtuoso.ade.simulationMonitor] - Notice from spectre.
    Multithreading enabled: 8 threads in the system with 48 available processors. {"history": "Interactive.356", "point": 58, "testname": "Poten", "cornername": "CMOS_VDD_Res_Cap_Temp_56"}
[2026-06-03 12:11:25.103 Z] [INFO] [cadence.virtuoso.ade.simulationMonitor] - Peak resident memory used = 296 Mbytes. {"history": "Interactive.356", "point": 58, "testname": "Poten", "cornername": "CMOS_VDD_Res_Cap_Temp_56"}
[2026-06-03 12:11:25.103 Z] [INFO] [cadence.virtuoso.ade.simulationMonitor] -    -   (Spectre X) Multi-threading. The recommended number of threads is [4, 8], consider adding +mt=4 or +mt=8 on command line. {"history": "Interactive.356", "point": 58, "testname": "Poten", "cornername": "CMOS_VDD_Res_Cap_Temp_56"}
[2026-06-03 12:11:25.103 Z] [INFO] [cadence.virtuoso.ade.simulationMonitor] - Notice from spectre during DC analysis `dcOp'.
    No checklimit analysis defined for asserts. A default checklimit analysis 'SpectreChecklimitAnal' has been created with all asserts enabled. {"history": "Interactive.356", "point": 58, "testname": "Poten", "cornername": "CMOS_VDD_Res_Cap_Temp_56"}
[2026-06-03 12:11:26.606 Z] [INFO] [cadence.virtuoso.ade.simulationMonitor] - Notice from spectre during DC analysis `dcOp'.
    Bad pivoting is found during DC analysis. Option dc_pivot_check=yes is recommended for possible improvement of convergence. {"history": "Interactive.356", "point": 58, "testname": "Poten", "cornername": "CMOS_VDD_Res_Cap_Temp_56"}
[2026-06-03 12:11:26.606 Z] [WARN] [cadence.virtuoso.ade.simulationMonitor] -     WARNING (CMI-2943): Parameter checks have been ignored because the valid value for parameter 'trise' could not be found in 'C0'. {"history": "Interactive.356", "point": 58, "testname": "Poten", "cornername": "CMOS_VDD_Res_Cap_Temp_56"}
[2026-06-03 12:11:26.606 Z] [WARN] [cadence.virtuoso.ade.simulationMonitor] -     WARNING (CMI-2943): Parameter checks have been ignored because the valid value for parameter 'trise' could not be found in 'C1'. {"history": "Interactive.356", "point": 58, "testname": "Poten", "cornername": "CMOS_VDD_Res_Cap_Temp_56"}
[2026-06-03 12:11:26.606 Z] [WARN] [cadence.virtuoso.ade.simulationMonitor] -     WARNING (CMI-2943): Parameter checks have been ignored because the valid value for parameter 'trise' could not be found in 'C11'. {"history": "Interactive.356", "point": 58, "testname": "Poten", "cornername": "CMOS_VDD_Res_Cap_Temp_56"}
[2026-06-03 12:11:26.606 Z] [WARN] [cadence.virtuoso.ade.simulationMonitor] -     WARNING (CMI-2943): Parameter checks have been ignored because the valid value for parameter 'trise' could not be found in 'C12'. {"history": "Interactive.356", "point": 58, "testname": "Poten", "cornername": "CMOS_VDD_Res_Cap_Temp_56"}
[2026-06-03 12:11:26.606 Z] [WARN] [cadence.virtuoso.ade.simulationMonitor] -     WARNING (CMI-2943): Parameter checks have been ignored because the valid value for parameter 'trise' could not be found in 'C5'.
        Further occurrences of this warning will be suppressed. {"history": "Interactive.356", "point": 58, "testname": "Poten", "cornername": "CMOS_VDD_Res_Cap_Temp_56"}
[2026-06-03 12:11:26.606 Z] [WARN] [cadence.virtuoso.ade.simulationMonitor] -     WARNING (SPECTRE-17192): 
        Tolerance relaxation is used during DC simulation which may affect the accuracy of the result. This is mainly caused by the high impedance nodes in the circuit. Use the dyn_highz check to determine the high impedance nodes. Setting/assigning appropriate initial values to these nodes will usually help to improve both performance and accuracy of DC simulations. {"history": "Interactive.356", "point": 58, "testname": "Poten", "cornername": "CMOS_VDD_Res_Cap_Temp_56"}
[2026-06-03 12:11:26.606 Z] [INFO] [cadence.virtuoso.ade.simulationMonitor] - Total time required for dc analysis `dcOp': CPU = 4.35753 s, elapsed = 1.36569 s, util. = 319%. {"history": "Interactive.356", "point": 58, "testname": "Poten", "cornername": "CMOS_VDD_Res_Cap_Temp_56"}
[2026-06-03 12:11:26.606 Z] [INFO] [cadence.virtuoso.ade.simulationMonitor] - Peak resident memory used = 322 Mbytes. {"history": "Interactive.356", "point": 58, "testname": "Poten", "cornername": "CMOS_VDD_Res_Cap_Temp_56"}
[2026-06-03 12:11:26.606 Z] [INFO] [cadence.virtuoso.ade.simulationMonitor] - Notice from spectre.
    1071 warnings suppressed. {"history": "Interactive.356", "point": 58, "testname": "Poten", "cornername": "CMOS_VDD_Res_Cap_Temp_56"}
[2026-06-03 12:11:26.606 Z] [WARN] [cadence.virtuoso.ade.simulationMonitor] -     WARNING (CMI-2425): I7.I0.C0<0>_dummy: `Acde' = 2.393 is unusually large. {"history": "Interactive.356", "point": 58, "testname": "Poten", "cornername": "CMOS_VDD_Res_Cap_Temp_56"}
[2026-06-03 12:11:26.606 Z] [WARN] [cadence.virtuoso.ade.simulationMonitor] -     WARNING (CMI-2425): I7.I0.C0<0>_dummy: `Noff' = 4.732 is unusually large. {"history": "Interactive.356", "point": 58, "testname": "Poten", "cornername": "CMOS_VDD_Res_Cap_Temp_56"}
[2026-06-03 12:11:26.606 Z] [WARN] [cadence.virtuoso.ade.simulationMonitor] -     WARNING (CMI-2424): I7.I0.C0<0>_dummy: `Voffcv' = -867.4e-03 is unusually small. {"history": "Interactive.356", "point": 58, "testname": "Poten", "cornername": "CMOS_VDD_Res_Cap_Temp_56"}
[2026-06-03 12:11:26.606 Z] [WARN] [cadence.virtuoso.ade.simulationMonitor] -     WARNING (CMI-2425): I7.I3.C1<0>_dummy: `Acde' = 2.393 is unusually large. {"history": "Interactive.356", "point": 58, "testname": "Poten", "cornername": "CMOS_VDD_Res_Cap_Temp_56"}
[2026-06-03 12:11:26.606 Z] [WARN] [cadence.virtuoso.ade.simulationMonitor] -     WARNING (CMI-2425): I7.I3.C1<0>_dummy: `Noff' = 4.732 is unusually large. {"history": "Interactive.356", "point": 58, "testname": "Poten", "cornername": "CMOS_VDD_Res_Cap_Temp_56"}
[2026-06-03 12:11:26.606 Z] [WARN] [cadence.virtuoso.ade.simulationMonitor] -     WARNING (CMI-2424): I7.I3.C1<0>_dummy: `Voffcv' = -867.4e-03 is unusually small. {"history": "Interactive.356", "point": 58, "testname": "Poten", "cornername": "CMOS_VDD_Res_Cap_Temp_56"}
[2026-06-03 12:11:26.606 Z] [WARN] [cadence.virtuoso.ade.simulationMonitor] -     WARNING (CMI-2425): I7.I4.C1<0>_dummy: `Acde' = 2.393 is unusually large.
        Further occurrences of this warning will be suppressed. {"history": "Interactive.356", "point": 58, "testname": "Poten", "cornername": "CMOS_VDD_Res_Cap_Temp_56"}
[2026-06-03 12:11:26.606 Z] [WARN] [cadence.virtuoso.ade.simulationMonitor] -     WARNING (CMI-2424): I7.I4.C1<0>_dummy: `Voffcv' = -867.4e-03 is unusually small. {"history": "Interactive.356", "point": 58, "testname": "Poten", "cornername": "CMOS_VDD_Res_Cap_Temp_56"}
[2026-06-03 12:11:26.606 Z] [INFO] [cadence.virtuoso.ade.simulationMonitor] - Notice from spectre.
    1 warning suppressed. {"history": "Interactive.356", "point": 58, "testname": "Poten", "cornername": "CMOS_VDD_Res_Cap_Temp_56"}
[2026-06-03 12:11:27.611 Z] [INFO] [cadence.virtuoso.ade.simulationMonitor] - Notice from spectre during IC analysis, during transient analysis `tran'.
    Bad pivoting is found during DC analysis. Option dc_pivot_check=yes is recommended for possible improvement of convergence. {"history": "Interactive.356", "point": 58, "testname": "Poten", "cornername": "CMOS_VDD_Res_Cap_Temp_56"}
[2026-06-03 12:11:27.611 Z] [WARN] [cadence.virtuoso.ade.simulationMonitor] -     WARNING (CMI-2943): Parameter checks have been ignored because the valid value for parameter 'trise' could not be found in 'C0'. {"history": "Interactive.356", "point": 58, "testname": "Poten", "cornername": "CMOS_VDD_Res_Cap_Temp_56"}
[2026-06-03 12:11:27.611 Z] [WARN] [cadence.virtuoso.ade.simulationMonitor] -     WARNING (CMI-2943): Parameter checks have been ignored because the valid value for parameter 'trise' could not be found in 'C1'. {"history": "Interactive.356", "point": 58, "testname": "Poten", "cornername": "CMOS_VDD_Res_Cap_Temp_56"}
[2026-06-03 12:11:27.611 Z] [WARN] [cadence.virtuoso.ade.simulationMonitor] -     WARNING (CMI-2943): Parameter checks have been ignored because the valid value for parameter 'trise' could not be found in 'C11'. {"history": "Interactive.356", "point": 58, "testname": "Poten", "cornername": "CMOS_VDD_Res_Cap_Temp_56"}
[2026-06-03 12:11:27.611 Z] [WARN] [cadence.virtuoso.ade.simulationMonitor] -     WARNING (CMI-2943): Parameter checks have been ignored because the valid value for parameter 'trise' could not be found in 'C12'. {"history": "Interactive.356", "point": 58, "testname": "Poten", "cornername": "CMOS_VDD_Res_Cap_Temp_56"}
[2026-06-03 12:11:27.611 Z] [WARN] [cadence.virtuoso.ade.simulationMonitor] -     WARNING (CMI-2943): Parameter checks have been ignored because the valid value for parameter 'trise' could not be found in 'C5'.
        Further occurrences of this warning will be suppressed. {"history": "Interactive.356", "point": 58, "testname": "Poten", "cornername": "CMOS_VDD_Res_Cap_Temp_56"}
[2026-06-03 12:11:27.611 Z] [WARN] [cadence.virtuoso.ade.simulationMonitor] -     WARNING (SPECTRE-17192): 
        Tolerance relaxation is used during DC simulation which may affect the accuracy of the result. This is mainly caused by the high impedance nodes in the circuit. Use the dyn_highz check to determine the high impedance nodes. Setting/assigning appropriate initial values to these nodes will usually help to improve both performance and accuracy of DC simulations. {"history": "Interactive.356", "point": 58, "testname": "Poten", "cornername": "CMOS_VDD_Res_Cap_Temp_56"}
[2026-06-03 12:11:35.119 Z] [WARN] [cadence.virtuoso.ade.simulationMonitor] -     WARNING (CMI-2425): I7.I0.C0<0>_dummy: `Acde' = 2.393 is unusually large. {"history": "Interactive.356", "point": 58, "testname": "Poten", "cornername": "CMOS_VDD_Res_Cap_Temp_56"}
[2026-06-03 12:11:35.119 Z] [WARN] [cadence.virtuoso.ade.simulationMonitor] -     WARNING (CMI-2425): I7.I0.C0<0>_dummy: `Noff' = 4.732 is unusually large. {"history": "Interactive.356", "point": 58, "testname": "Poten", "cornername": "CMOS_VDD_Res_Cap_Temp_56"}
[2026-06-03 12:11:35.119 Z] [WARN] [cadence.virtuoso.ade.simulationMonitor] -     WARNING (CMI-2424): I7.I0.C0<0>_dummy: `Voffcv' = -867.4e-03 is unusually small. {"history": "Interactive.356", "point": 58, "testname": "Poten", "cornername": "CMOS_VDD_Res_Cap_Temp_56"}
[2026-06-03 12:11:35.119 Z] [WARN] [cadence.virtuoso.ade.simulationMonitor] -     WARNING (CMI-2425): I7.I3.C1<0>_dummy: `Acde' = 2.393 is unusually large. {"history": "Interactive.356", "point": 58, "testname": "Poten", "cornername": "CMOS_VDD_Res_Cap_Temp_56"}
[2026-06-03 12:11:35.119 Z] [WARN] [cadence.virtuoso.ade.simulationMonitor] -     WARNING (CMI-2425): I7.I3.C1<0>_dummy: `Noff' = 4.732 is unusually large. {"history": "Interactive.356", "point": 58, "testname": "Poten", "cornername": "CMOS_VDD_Res_Cap_Temp_56"}
[2026-06-03 12:11:35.119 Z] [WARN] [cadence.virtuoso.ade.simulationMonitor] -     WARNING (CMI-2424): I7.I3.C1<0>_dummy: `Voffcv' = -867.4e-03 is unusually small. {"history": "Interactive.356", "point": 58, "testname": "Poten", "cornername": "CMOS_VDD_Res_Cap_Temp_56"}
[2026-06-03 12:11:35.119 Z] [WARN] [cadence.virtuoso.ade.simulationMonitor] -     WARNING (CMI-2425): I7.I4.C1<0>_dummy: `Acde' = 2.393 is unusually large.
        Further occurrences of this warning will be suppressed. {"history": "Interactive.356", "point": 58, "testname": "Poten", "cornername": "CMOS_VDD_Res_Cap_Temp_56"}
[2026-06-03 12:11:35.119 Z] [WARN] [cadence.virtuoso.ade.simulationMonitor] -     WARNING (CMI-2424): I7.I4.C1<0>_dummy: `Voffcv' = -867.4e-03 is unusually small. {"history": "Interactive.356", "point": 58, "testname": "Poten", "cornername": "CMOS_VDD_Res_Cap_Temp_56"}
[2026-06-03 12:11:35.119 Z] [INFO] [cadence.virtuoso.ade.simulationMonitor] - Notice from spectre at time = 250 ms during transient analysis `tran'.
    1072 warnings suppressed. {"history": "Interactive.356", "point": 58, "testname": "Poten", "cornername": "CMOS_VDD_Res_Cap_Temp_56"}
[2026-06-03 12:11:53.630 Z] [INFO] [cadence.virtuoso.ade.simulationMonitor] - Notice from spectre at time = 600 ms during XF analysis `tran-000_xf', during transient analysis `tran'.
    Operating points will not be recomputed: the circuit and conditions were not changed since previous analysis. {"history": "Interactive.356", "point": 58, "testname": "Poten", "cornername": "CMOS_VDD_Res_Cap_Temp_56"}
[2026-06-03 12:12:06.636 Z] [INFO] [cadence.virtuoso.ade.simulationMonitor] - Total time required for xf analysis `tran-000_xf': CPU = 57.9822 s, elapsed = 12.8691 s, util. = 451%. {"history": "Interactive.356", "point": 58, "testname": "Poten", "cornername": "CMOS_VDD_Res_Cap_Temp_56"}
[2026-06-03 12:12:06.636 Z] [INFO] [cadence.virtuoso.ade.simulationMonitor] - Peak resident memory used = 432 Mbytes. {"history": "Interactive.356", "point": 58, "testname": "Poten", "cornername": "CMOS_VDD_Res_Cap_Temp_56"}
[2026-06-03 12:12:07.137 Z] [INFO] [cadence.virtuoso.ade.simulationMonitor] - Total time required for tran analysis `tran': CPU = 179.934 s (2m  59.9s), elapsed = 40.3755 s, util. = 446%. {"history": "Interactive.356", "point": 58, "testname": "Poten", "cornername": "CMOS_VDD_Res_Cap_Temp_56"}
[2026-06-03 12:12:07.137 Z] [INFO] [cadence.virtuoso.ade.simulationMonitor] - Peak resident memory used = 433 Mbytes. {"history": "Interactive.356", "point": 58, "testname": "Poten", "cornername": "CMOS_VDD_Res_Cap_Temp_56"}
[2026-06-03 12:12:07.137 Z] [WARN] [cadence.virtuoso.ade.simulationMonitor] -     WARNING (CMI-2425): I7.I0.C0<0>_dummy: `Acde' = 2.393 is unusually large. {"history": "Interactive.356", "point": 58, "testname": "Poten", "cornername": "CMOS_VDD_Res_Cap_Temp_56"}
[2026-06-03 12:12:07.137 Z] [WARN] [cadence.virtuoso.ade.simulationMonitor] -     WARNING (CMI-2425): I7.I0.C0<0>_dummy: `Noff' = 4.732 is unusually large. {"history": "Interactive.356", "point": 58, "testname": "Poten", "cornername": "CMOS_VDD_Res_Cap_Temp_56"}
[2026-06-03 12:12:07.137 Z] [WARN] [cadence.virtuoso.ade.simulationMonitor] -     WARNING (CMI-2424): I7.I0.C0<0>_dummy: `Voffcv' = -867.4e-03 is unusually small. {"history": "Interactive.356", "point": 58, "testname": "Poten", "cornername": "CMOS_VDD_Res_Cap_Temp_56"}
[2026-06-03 12:12:07.137 Z] [WARN] [cadence.virtuoso.ade.simulationMonitor] -     WARNING (CMI-2425): I7.I3.C1<0>_dummy: `Acde' = 2.393 is unusually large. {"history": "Interactive.356", "point": 58, "testname": "Poten", "cornername": "CMOS_VDD_Res_Cap_Temp_56"}
[2026-06-03 12:12:07.137 Z] [WARN] [cadence.virtuoso.ade.simulationMonitor] -     WARNING (CMI-2425): I7.I3.C1<0>_dummy: `Noff' = 4.732 is unusually large. {"history": "Interactive.356", "point": 58, "testname": "Poten", "cornername": "CMOS_VDD_Res_Cap_Temp_56"}
[2026-06-03 12:12:07.137 Z] [WARN] [cadence.virtuoso.ade.simulationMonitor] -     WARNING (CMI-2424): I7.I3.C1<0>_dummy: `Voffcv' = -867.4e-03 is unusually small. {"history": "Interactive.356", "point": 58, "testname": "Poten", "cornername": "CMOS_VDD_Res_Cap_Temp_56"}
[2026-06-03 12:12:07.137 Z] [WARN] [cadence.virtuoso.ade.simulationMonitor] -     WARNING (CMI-2425): I7.I4.C1<0>_dummy: `Acde' = 2.393 is unusually large.
        Further occurrences of this warning will be suppressed. {"history": "Interactive.356", "point": 58, "testname": "Poten", "cornername": "CMOS_VDD_Res_Cap_Temp_56"}
[2026-06-03 12:12:07.137 Z] [WARN] [cadence.virtuoso.ade.simulationMonitor] -     WARNING (CMI-2424): I7.I4.C1<0>_dummy: `Voffcv' = -867.4e-03 is unusually small. {"history": "Interactive.356", "point": 58, "testname": "Poten", "cornername": "CMOS_VDD_Res_Cap_Temp_56"}
[2026-06-03 12:12:07.137 Z] [INFO] [cadence.virtuoso.ade.simulationMonitor] - Notice from spectre.
    1 warning suppressed. {"history": "Interactive.356", "point": 58, "testname": "Poten", "cornername": "CMOS_VDD_Res_Cap_Temp_56"}
[2026-06-03 12:12:07.137 Z] [WARN] [cadence.virtuoso.ade.simulationMonitor] -     WARNING (CMI-2425): I7.I1.C0: `Acde' = 2.393 is unusually large. {"history": "Interactive.356", "point": 58, "testname": "Poten", "cornername": "CMOS_VDD_Res_Cap_Temp_56"}
[2026-06-03 12:12:07.137 Z] [WARN] [cadence.virtuoso.ade.simulationMonitor] -     WARNING (CMI-2425): I7.I1.C0: `Noff' = 4.732 is unusually large. {"history": "Interactive.356", "point": 58, "testname": "Poten", "cornername": "CMOS_VDD_Res_Cap_Temp_56"}
[2026-06-03 12:12:07.137 Z] [WARN] [cadence.virtuoso.ade.simulationMonitor] -     WARNING (CMI-2424): I7.I1.C0: `Voffcv' = -867.4e-03 is unusually small. {"history": "Interactive.356", "point": 58, "testname": "Poten", "cornername": "CMOS_VDD_Res_Cap_Temp_56"}
[2026-06-03 12:12:07.137 Z] [WARN] [cadence.virtuoso.ade.simulationMonitor] -     WARNING (CMI-2425): I7.I0.C1: `Acde' = 2.393 is unusually large. {"history": "Interactive.356", "point": 58, "testname": "Poten", "cornername": "CMOS_VDD_Res_Cap_Temp_56"}
[2026-06-03 12:12:07.137 Z] [WARN] [cadence.virtuoso.ade.simulationMonitor] -     WARNING (CMI-2425): I7.I0.C1: `Noff' = 4.732 is unusually large. {"history": "Interactive.356", "point": 58, "testname": "Poten", "cornername": "CMOS_VDD_Res_Cap_Temp_56"}
[2026-06-03 12:12:07.137 Z] [WARN] [cadence.virtuoso.ade.simulationMonitor] -     WARNING (CMI-2424): I7.I0.C1: `Voffcv' = -867.4e-03 is unusually small. {"history": "Interactive.356", "point": 58, "testname": "Poten", "cornername": "CMOS_VDD_Res_Cap_Temp_56"}
[2026-06-03 12:12:07.137 Z] [WARN] [cadence.virtuoso.ade.simulationMonitor] -     WARNING (CMI-2425): I7.I0.C2: `Acde' = 2.393 is unusually large.
        Further occurrences of this warning will be suppressed. {"history": "Interactive.356", "point": 58, "testname": "Poten", "cornername": "CMOS_VDD_Res_Cap_Temp_56"}
[2026-06-03 12:12:07.137 Z] [WARN] [cadence.virtuoso.ade.simulationMonitor] -     WARNING (CMI-2424): I7.I0.C2: `Voffcv' = -867.4e-03 is unusually small. {"history": "Interactive.356", "point": 58, "testname": "Poten", "cornername": "CMOS_VDD_Res_Cap_Temp_56"}
[2026-06-03 12:12:07.137 Z] [WARN] [cadence.virtuoso.ade.simulationMonitor] -     WARNING (CMI-2424): I7.I0.C0<0>_turbo_m6: `Voffcv' = -867.4e-03 is unusually small. {"history": "Interactive.356", "point": 58, "testname": "Poten", "cornername": "CMOS_VDD_Res_Cap_Temp_56"}
[2026-06-03 12:12:07.137 Z] [WARN] [cadence.virtuoso.ade.simulationMonitor] -     WARNING (CMI-2424): I7.I3.C1<0>_turbo_m6: `Voffcv' = -867.4e-03 is unusually small.
        Further occurrences of this warning will be suppressed. {"history": "Interactive.356", "point": 58, "testname": "Poten", "cornername": "CMOS_VDD_Res_Cap_Temp_56"}
[2026-06-03 12:12:16.150 Z] [WARN] [cadence.virtuoso.ade.simulationMonitor] -     WARNING (CMI-2943): Parameter checks have been ignored because the valid value for parameter 'trise' could not be found in 'C0'. {"history": "Interactive.356", "point": 58, "testname": "Poten", "cornername": "CMOS_VDD_Res_Cap_Temp_56"}
[2026-06-03 12:12:16.150 Z] [WARN] [cadence.virtuoso.ade.simulationMonitor] -     WARNING (CMI-2943): Parameter checks have been ignored because the valid value for parameter 'trise' could not be found in 'C1'. {"history": "Interactive.356", "point": 58, "testname": "Poten", "cornername": "CMOS_VDD_Res_Cap_Temp_56"}
[2026-06-03 12:12:16.150 Z] [WARN] [cadence.virtuoso.ade.simulationMonitor] -     WARNING (CMI-2943): Parameter checks have been ignored because the valid value for parameter 'trise' could not be found in 'C11'. {"history": "Interactive.356", "point": 58, "testname": "Poten", "cornername": "CMOS_VDD_Res_Cap_Temp_56"}
[2026-06-03 12:12:16.150 Z] [WARN] [cadence.virtuoso.ade.simulationMonitor] -     WARNING (CMI-2943): Parameter checks have been ignored because the valid value for parameter 'trise' could not be found in 'C12'. {"history": "Interactive.356", "point": 58, "testname": "Poten", "cornername": "CMOS_VDD_Res_Cap_Temp_56"}
[2026-06-03 12:12:16.150 Z] [WARN] [cadence.virtuoso.ade.simulationMonitor] -     WARNING (CMI-2943): Parameter checks have been ignored because the valid value for parameter 'trise' could not be found in 'C5'.
        Further occurrences of this warning will be suppressed. {"history": "Interactive.356", "point": 58, "testname": "Poten", "cornername": "CMOS_VDD_Res_Cap_Temp_56"}
[2026-06-03 12:12:16.150 Z] [INFO] [cadence.virtuoso.ade.simulationMonitor] - Notice from spectre during check, during DC analysis, during Noise analysis `noise'.
    I0.I5.RLIB_GC1 of rdiffp3: `ig' has the unusually large value of -21.6662 A.
    I0.I3.RLIB_GC1 of rdiffp3: `ig' has the unusually large value of -21.6662 A.
    I0.I3.RLIB_GC2 of rdiffp3: `ig' has the unusually large value of -21.6662 A.
    I0.I6.RLIB_GC2 of rdiffp3: `ig' has the unusually large value of -21.6662 A. {"history": "Interactive.356", "point": 58, "testname": "Poten", "cornername": "CMOS_VDD_Res_Cap_Temp_56"}
[2026-06-03 12:13:47.691 Z] [INFO] [cadence.virtuoso.ade.simulationMonitor] - Total time required for noise analysis `noise': CPU = 438.724 s (7m  18.7s), elapsed = 99.9839 s (1m  40.0s), util. = 439%. {"history": "Interactive.356", "point": 58, "testname": "Poten", "cornername": "CMOS_VDD_Res_Cap_Temp_56"}
[2026-06-03 12:13:47.691 Z] [INFO] [cadence.virtuoso.ade.simulationMonitor] - Peak resident memory used = 717 Mbytes. {"history": "Interactive.356", "point": 58, "testname": "Poten", "cornername": "CMOS_VDD_Res_Cap_Temp_56"}
[2026-06-03 12:13:47.691 Z] [INFO] [cadence.virtuoso.ade.simulationMonitor] - Notice from spectre.
    1088 warnings suppressed. {"history": "Interactive.356", "point": 58, "testname": "Poten", "cornername": "CMOS_VDD_Res_Cap_Temp_56"}
[2026-06-03 12:13:47.691 Z] [WARN] [cadence.virtuoso.ade.simulationMonitor] -     WARNING (CMI-2425): I7.I0.C0<0>_dummy: `Acde' = 2.393 is unusually large. {"history": "Interactive.356", "point": 58, "testname": "Poten", "cornername": "CMOS_VDD_Res_Cap_Temp_56"}
[2026-06-03 12:13:47.691 Z] [WARN] [cadence.virtuoso.ade.simulationMonitor] -     WARNING (CMI-2425): I7.I0.C0<0>_dummy: `Noff' = 4.732 is unusually large. {"history": "Interactive.356", "point": 58, "testname": "Poten", "cornername": "CMOS_VDD_Res_Cap_Temp_56"}
[2026-06-03 12:13:47.691 Z] [WARN] [cadence.virtuoso.ade.simulationMonitor] -     WARNING (CMI-2424): I7.I0.C0<0>_dummy: `Voffcv' = -867.4e-03 is unusually small. {"history": "Interactive.356", "point": 58, "testname": "Poten", "cornername": "CMOS_VDD_Res_Cap_Temp_56"}
[2026-06-03 12:13:47.691 Z] [WARN] [cadence.virtuoso.ade.simulationMonitor] -     WARNING (CMI-2425): I7.I3.C1<0>_dummy: `Acde' = 2.393 is unusually large. {"history": "Interactive.356", "point": 58, "testname": "Poten", "cornername": "CMOS_VDD_Res_Cap_Temp_56"}
[2026-06-03 12:13:47.691 Z] [WARN] [cadence.virtuoso.ade.simulationMonitor] -     WARNING (CMI-2425): I7.I3.C1<0>_dummy: `Noff' = 4.732 is unusually large. {"history": "Interactive.356", "point": 58, "testname": "Poten", "cornername": "CMOS_VDD_Res_Cap_Temp_56"}
[2026-06-03 12:13:47.691 Z] [WARN] [cadence.virtuoso.ade.simulationMonitor] -     WARNING (CMI-2424): I7.I3.C1<0>_dummy: `Voffcv' = -867.4e-03 is unusually small. {"history": "Interactive.356", "point": 58, "testname": "Poten", "cornername": "CMOS_VDD_Res_Cap_Temp_56"}
[2026-06-03 12:13:47.691 Z] [WARN] [cadence.virtuoso.ade.simulationMonitor] -     WARNING (CMI-2425): I7.I4.C1<0>_dummy: `Acde' = 2.393 is unusually large.
        Further occurrences of this warning will be suppressed. {"history": "Interactive.356", "point": 58, "testname": "Poten", "cornername": "CMOS_VDD_Res_Cap_Temp_56"}
[2026-06-03 12:13:47.691 Z] [WARN] [cadence.virtuoso.ade.simulationMonitor] -     WARNING (CMI-2424): I7.I4.C1<0>_dummy: `Voffcv' = -867.4e-03 is unusually small. {"history": "Interactive.356", "point": 58, "testname": "Poten", "cornername": "CMOS_VDD_Res_Cap_Temp_56"}
[2026-06-03 12:13:47.691 Z] [INFO] [cadence.virtuoso.ade.simulationMonitor] - Notice from spectre.
    1 warning suppressed. {"history": "Interactive.356", "point": 58, "testname": "Poten", "cornername": "CMOS_VDD_Res_Cap_Temp_56"}
[2026-06-03 12:13:47.691 Z] [INFO] [cadence.virtuoso.ade.simulationMonitor] - Time used: CPU = 629 s (10m  29.3s), elapsed = 149 s (2m  28.6s), util. = 424%. {"history": "Interactive.356", "point": 58, "testname": "Poten", "cornername": "CMOS_VDD_Res_Cap_Temp_56"}
[2026-06-03 12:13:47.691 Z] [INFO] [cadence.virtuoso.ade.simulationMonitor] - Time spent in licensing: elapsed = 92.5 ms. {"history": "Interactive.356", "point": 58, "testname": "Poten", "cornername": "CMOS_VDD_Res_Cap_Temp_56"}
[2026-06-03 12:13:47.691 Z] [INFO] [cadence.virtuoso.ade.simulationMonitor] - Peak memory used = 717 Mbytes. {"history": "Interactive.356", "point": 58, "testname": "Poten", "cornername": "CMOS_VDD_Res_Cap_Temp_56"}
[2026-06-03 12:13:47.691 Z] [PROCESS] [cadence.virtuoso.ade.simulationMonitor] - Simulation started at: 12:11:18 PM, Wed Jun 3, 2026, ended at: 12:13:47 PM, Wed Jun 3, 2026, with elapsed time (wall clock): 149 s (2m  28.6s). {"history": "Interactive.356", "point": 58, "testname": "Poten", "cornername": "CMOS_VDD_Res_Cap_Temp_56"}
[2026-06-03 12:13:47.691 Z] [PROCESS] [cadence.virtuoso.ade.simulationMonitor] - spectre completes with 0 errors, 113 warnings, and 37 notices. {"history": "Interactive.356", "point": 58, "testname": "Poten", "cornername": "CMOS_VDD_Res_Cap_Temp_56"}
[2026-06-03 12:13:47.691 Z] [PROCESS] [cadence.virtuoso.ade.simulationMonitor] - Finished simulating for one point {"hostname": "il2244vt26_hrahimi", "processid": 2498769, "history": "Interactive.356", "testname": "Poten", "cornername": "CMOS_VDD_Res_Cap_Temp_56", "point": 58, "logfile": "/home/hrahimi/projects/POTENTIOSTAT_26/logs_hrahimi/logs0/Job19.log", "simid": "19"}
[2026-06-03 12:13:47.691 Z] [PROCESS] [cadence.virtuoso.ade.simulationMonitor] - Simulator exited {"hostname": "il2244vt26_hrahimi", "processid": 2498769, "history": "Interactive.356", "testname": "Poten", "cornername": "CMOS_VDD_Res_Cap_Temp_56", "point": 58, "logfile": "/home/hrahimi/projects/POTENTIOSTAT_26/logs_hrahimi/logs0/Job19.log", "exitStatus": "0"}
[2026-06-03 12:13:47.691 Z] [PROCESS] [cadence.virtuoso.ade.simulationMonitor] - Finished Simulation {"hostname": "il2244vt26_hrahimi", "processid": 2498769, "history": "Interactive.356", "testname": "Poten", "cornername": "CMOS_VDD_Res_Cap_Temp_56", "point": 58, "logfile": "/home/hrahimi/projects/POTENTIOSTAT_26/logs_hrahimi/logs0/Job19.log", "simid": "19"}
[2026-06-03 12:13:52.709 Z] [PROCESS] [cadence.virtuoso.ade.simulationMonitor] - Point Finished {"hostname": "il2244vt26_hrahimi", "processid": 2498769, "history": "Interactive.356", "testname": "Poten", "cornername": "CMOS_VDD_Res_Cap_Temp_56", "point": 58, "logfile": "/home/hrahimi/projects/POTENTIOSTAT_26/logs_hrahimi/logs0/Job19.log"}
[2026-06-03 12:13:52.709 Z] [PROCESS] [cadence.virtuoso.ade.simulationMonitor] - HostInfo:
Host name (type):	il2244vt26_hrahimi (x86_64)
Operating system:	Linux 5.15.0-164-generic #174-Ubuntu SMP Fri Nov 14 20:25:16 UTC 2025 {"hostname": "il2244vt26_hrahimi", "processid": 2498769, "history": "Interactive.356", "testname": "Poten", "cornername": "CMOS_VDD_Res_Cap_Temp_56", "point": 58, "logfile": "/home/hrahimi/projects/POTENTIOSTAT_26/logs_hrahimi/logs0/Job19.log", "nodename": "il2244vt26_hrahimi", "domainname": "(none)", "machine": "x86_64", "sysname": "Linux", "release": "5.15.0-164-generic", "version": "#174-Ubuntu SMP Fri Nov 14 20:25:16 UTC 2025"}
[2026-06-03 12:13:52.709 Z] [PROCESS] [cadence.virtuoso.ade.simulationMonitor] - UsageInfo:
pid=2498769
totalPhysicalMemory=3023.749672GB,Used=2721.202003GB,totalVirtualMemory=3031.749668GB,Used=2721.308449GB
Cpu: Cores=48, Load average:43.010000,44.130000,36.970000 {"hostname": "il2244vt26_hrahimi", "processid": 2498769, "history": "Interactive.356", "testname": "Poten", "cornername": "CMOS_VDD_Res_Cap_Temp_56", "point": 58, "logfile": "/home/hrahimi/projects/POTENTIOSTAT_26/logs_hrahimi/logs0/Job19.log", "pid": "2498769", "totalPhysicalMemory": "3023.749672", "physicalMemoryUsed": "2721.202003", "totalVirtualMemory": "3031.749668", "virtualMemoryUsed": "2721.308449", "cpuCores": "48", "processes": "29708", "loadAverage1": "43.010000", "loadAverage5": "44.130000", "loadAverage15": "36.970000", "loadAverage1Percent": "0.896042"}
[2026-06-03 12:13:52.709 Z] [EVENT] [cadence.virtuoso.ade.simulationMonitor] - NewPoint {"history": "Interactive.356", "point": 64, "testname": "Poten", "cornername": "CMOS_VDD_Res_Cap_Temp_62", "event": "NewPoint", "EventSource": "Simulation Monitor", "HistoryName": "Interactive.356", "logFile": "/home/hrahimi/projects/POTENTIOSTAT_26/logs_hrahimi/logs0/Job19.log", "logFileSize": "764503"}
[2026-06-03 12:13:52.709 Z] [EVENT] [cadence.virtuoso.ade.simulationMonitor] - NewPoint {"history": "Interactive.356", "point": 64, "testname": "Poten", "cornername": "CMOS_VDD_Res_Cap_Temp_62", "event": "NewPoint", "EventSource": "spectre", "HistoryName": "Interactive.356", "logFile": "/home/hrahimi/projects/POTENTIOSTAT_26/Sim/Potentiostat_Top/top/maestro/results/maestro/Interactive.356/64/Poten/psf/spectre.out", "logFileSize": "-1"}
[2026-06-03 12:13:52.709 Z] [PROCESS] [cadence.virtuoso.ade.simulationMonitor] - Simulator launched {"hostname": "il2244vt26_hrahimi", "processid": 2498769, "history": "Interactive.356", "testname": "Poten", "cornername": "CMOS_VDD_Res_Cap_Temp_62", "point": 64, "logfile": "/home/hrahimi/projects/POTENTIOSTAT_26/logs_hrahimi/logs0/Job19.log", "simid": "20"}
[2026-06-03 12:13:52.709 Z] [PROCESS] [cadence.virtuoso.ade.simulationMonitor] - Started Simulation {"hostname": "il2244vt26_hrahimi", "processid": 2498769, "history": "Interactive.356", "testname": "Poten", "cornername": "CMOS_VDD_Res_Cap_Temp_62", "point": 64, "logfile": "/home/hrahimi/projects/POTENTIOSTAT_26/logs_hrahimi/logs0/Job19.log", "event": "started", "task": "simulation"}
[2026-06-03 12:13:53.896 Z] [WARN] [cadence.virtuoso.ade.simulationMonitor] -     WARNING (SPECTRE-691): This CPU processor does not support x86 advanced vector extensions instructions. This may affect math operations and slow down the simulation. {"history": "Interactive.356", "point": 64, "testname": "Poten", "cornername": "CMOS_VDD_Res_Cap_Temp_62"}
[2026-06-03 12:13:53.896 Z] [INFO] [cadence.virtuoso.ade.simulationMonitor] - Notice from spectre during circuit read-in.
    Pre_Configuration file used: /opt/tools/cadence/installs/SPECTRE241/tools.lnx86/spectre/etc/configs/preset.precfg
    Configuration file used: `/opt/tools/cadence/installs/SPECTRE241/tools.lnx86/spectre/etc/configs/preset.cfg'. {"history": "Interactive.356", "point": 64, "testname": "Poten", "cornername": "CMOS_VDD_Res_Cap_Temp_62"}
[2026-06-03 12:13:53.896 Z] [WARN] [cadence.virtuoso.ade.simulationMonitor] -     WARNING (SPECTRE-8360): line 1511: `ac' is an undefined primitive device. {"history": "Interactive.356", "point": 64, "testname": "Poten", "cornername": "CMOS_VDD_Res_Cap_Temp_62"}
[2026-06-03 12:13:53.896 Z] [WARN] [cadence.virtuoso.ade.simulationMonitor] -     WARNING (SPECTRE-8360): line 1512: `ac' is an undefined primitive device. {"history": "Interactive.356", "point": 64, "testname": "Poten", "cornername": "CMOS_VDD_Res_Cap_Temp_62"}
[2026-06-03 12:13:53.896 Z] [WARN] [cadence.virtuoso.ade.simulationMonitor] -     WARNING (SPECTRE-8360): line 1513: `ac' is an undefined primitive device. {"history": "Interactive.356", "point": 64, "testname": "Poten", "cornername": "CMOS_VDD_Res_Cap_Temp_62"}
[2026-06-03 12:13:53.896 Z] [WARN] [cadence.virtuoso.ade.simulationMonitor] -     WARNING (SPECTRE-8360): line 1514: `ac' is an undefined primitive device. {"history": "Interactive.356", "point": 64, "testname": "Poten", "cornername": "CMOS_VDD_Res_Cap_Temp_62"}
[2026-06-03 12:13:53.896 Z] [WARN] [cadence.virtuoso.ade.simulationMonitor] -     WARNING (SPECTRE-8360): line 1515: `ac' is an undefined primitive device.
        Further occurrences of this warning will be suppressed. {"history": "Interactive.356", "point": 64, "testname": "Poten", "cornername": "CMOS_VDD_Res_Cap_Temp_62"}
[2026-06-03 12:13:53.896 Z] [WARN] [cadence.virtuoso.ade.simulationMonitor] -     WARNING (VACOMP-2435): The environment variable CDS_AHDLCMI_ENABLE is no longer supported. Therefore, the simulator will use the default compiled C code flow. {"history": "Interactive.356", "point": 64, "testname": "Poten", "cornername": "CMOS_VDD_Res_Cap_Temp_62"}
[2026-06-03 12:13:54.399 Z] [INFO] [cadence.virtuoso.ade.simulationMonitor] - Peak resident memory used = 195 Mbytes. {"history": "Interactive.356", "point": 64, "testname": "Poten", "cornername": "CMOS_VDD_Res_Cap_Temp_62"}
[2026-06-03 12:13:54.399 Z] [WARN] [cadence.virtuoso.ade.simulationMonitor] -     WARNING (SFE-2649): Terminals of top-level instance `R50', in file`netlist', at line 1168, are connected. Remove the instance and rerun the simulation. {"history": "Interactive.356", "point": 64, "testname": "Poten", "cornername": "CMOS_VDD_Res_Cap_Temp_62"}
[2026-06-03 12:13:54.399 Z] [WARN] [cadence.virtuoso.ade.simulationMonitor] -     WARNING (SFE-2649): Terminals of top-level instance `R48', in file`netlist', at line 1211, are connected. Remove the instance and rerun the simulation. {"history": "Interactive.356", "point": 64, "testname": "Poten", "cornername": "CMOS_VDD_Res_Cap_Temp_62"}
[2026-06-03 12:13:54.399 Z] [WARN] [cadence.virtuoso.ade.simulationMonitor] -     WARNING (SFE-3027): The dangling resistor I2.rb144 is removed. {"history": "Interactive.356", "point": 64, "testname": "Poten", "cornername": "CMOS_VDD_Res_Cap_Temp_62"}
[2026-06-03 12:13:54.399 Z] [WARN] [cadence.virtuoso.ade.simulationMonitor] -     WARNING (SFE-3027): The dangling resistor I2.rb241 is removed. {"history": "Interactive.356", "point": 64, "testname": "Poten", "cornername": "CMOS_VDD_Res_Cap_Temp_62"}
[2026-06-03 12:13:54.399 Z] [WARN] [cadence.virtuoso.ade.simulationMonitor] -     WARNING (SFE-3027): The dangling resistor I2.rb613 is removed. {"history": "Interactive.356", "point": 64, "testname": "Poten", "cornername": "CMOS_VDD_Res_Cap_Temp_62"}
[2026-06-03 12:13:54.399 Z] [WARN] [cadence.virtuoso.ade.simulationMonitor] -     WARNING (SFE-3027): The dangling resistor I2.rd794 is removed. {"history": "Interactive.356", "point": 64, "testname": "Poten", "cornername": "CMOS_VDD_Res_Cap_Temp_62"}
[2026-06-03 12:13:54.399 Z] [WARN] [cadence.virtuoso.ade.simulationMonitor] -     WARNING (SFE-3012): The dummy device I0.I16.DLIB9 is removed. {"history": "Interactive.356", "point": 64, "testname": "Poten", "cornername": "CMOS_VDD_Res_Cap_Temp_62"}
[2026-06-03 12:13:54.399 Z] [WARN] [cadence.virtuoso.ade.simulationMonitor] -     WARNING (SFE-3012): The dummy device I0.I15.DLIB9 is removed. {"history": "Interactive.356", "point": 64, "testname": "Poten", "cornername": "CMOS_VDD_Res_Cap_Temp_62"}
[2026-06-03 12:13:54.399 Z] [WARN] [cadence.virtuoso.ade.simulationMonitor] -     WARNING (SFE-3012): The dummy device I0.I0.DLIB6 is removed. {"history": "Interactive.356", "point": 64, "testname": "Poten", "cornername": "CMOS_VDD_Res_Cap_Temp_62"}
[2026-06-03 12:13:54.399 Z] [WARN] [cadence.virtuoso.ade.simulationMonitor] -     WARNING (SFE-3012): The dummy device I7.I2.MP12<0>_turbo_m34 is removed. {"history": "Interactive.356", "point": 64, "testname": "Poten", "cornername": "CMOS_VDD_Res_Cap_Temp_62"}
[2026-06-03 12:13:54.399 Z] [WARN] [cadence.virtuoso.ade.simulationMonitor] -     WARNING (SFE-3012): The dummy device I0.I16.DLIB10 is removed.
        Further occurrences of this warning will be suppressed. {"history": "Interactive.356", "point": 64, "testname": "Poten", "cornername": "CMOS_VDD_Res_Cap_Temp_62"}
[2026-06-03 12:13:54.399 Z] [WARN] [cadence.virtuoso.ade.simulationMonitor] -     WARNING (SFE-3029): The dummy capacitor I7.I0.R3.CS1 is removed. {"history": "Interactive.356", "point": 64, "testname": "Poten", "cornername": "CMOS_VDD_Res_Cap_Temp_62"}
[2026-06-03 12:13:54.399 Z] [WARN] [cadence.virtuoso.ade.simulationMonitor] -     WARNING (SFE-3027): The dangling resistor I2.re2693 is removed.
        Further occurrences of this warning will be suppressed. {"history": "Interactive.356", "point": 64, "testname": "Poten", "cornername": "CMOS_VDD_Res_Cap_Temp_62"}
[2026-06-03 12:13:54.399 Z] [WARN] [cadence.virtuoso.ade.simulationMonitor] -     WARNING (SFE-3029): The dummy capacitor I7.I13_turbo_m5.C0.C1 is removed. {"history": "Interactive.356", "point": 64, "testname": "Poten", "cornername": "CMOS_VDD_Res_Cap_Temp_62"}
[2026-06-03 12:13:54.399 Z] [WARN] [cadence.virtuoso.ade.simulationMonitor] -     WARNING (SFE-3029): The dummy capacitor I7.I10_turbo_m4.C0.C1 is removed. {"history": "Interactive.356", "point": 64, "testname": "Poten", "cornername": "CMOS_VDD_Res_Cap_Temp_62"}
[2026-06-03 12:13:54.399 Z] [WARN] [cadence.virtuoso.ade.simulationMonitor] -     WARNING (SFE-3029): The dummy capacitor I7.I1.R2.CS1 is removed. {"history": "Interactive.356", "point": 64, "testname": "Poten", "cornername": "CMOS_VDD_Res_Cap_Temp_62"}
[2026-06-03 12:13:54.399 Z] [WARN] [cadence.virtuoso.ade.simulationMonitor] -     WARNING (SFE-3028): The floating resistor R8 is removed. {"history": "Interactive.356", "point": 64, "testname": "Poten", "cornername": "CMOS_VDD_Res_Cap_Temp_62"}
[2026-06-03 12:13:54.399 Z] [WARN] [cadence.virtuoso.ade.simulationMonitor] -     WARNING (SFE-3029): The dummy capacitor I7.I4.R31.CS1 is removed.
        Further occurrences of this warning will be suppressed. {"history": "Interactive.356", "point": 64, "testname": "Poten", "cornername": "CMOS_VDD_Res_Cap_Temp_62"}
[2026-06-03 12:13:54.399 Z] [WARN] [cadence.virtuoso.ade.simulationMonitor] -     WARNING (SFE-3015): The dangling node I2.210\:GNDA is removed. {"history": "Interactive.356", "point": 64, "testname": "Poten", "cornername": "CMOS_VDD_Res_Cap_Temp_62"}
[2026-06-03 12:13:54.399 Z] [WARN] [cadence.virtuoso.ade.simulationMonitor] -     WARNING (SFE-3015): The dangling node I2.222\:POT_OUT is removed. {"history": "Interactive.356", "point": 64, "testname": "Poten", "cornername": "CMOS_VDD_Res_Cap_Temp_62"}
[2026-06-03 12:13:54.399 Z] [WARN] [cadence.virtuoso.ade.simulationMonitor] -     WARNING (SFE-3015): The dangling node I2.13\:I25|I35|SN is removed. {"history": "Interactive.356", "point": 64, "testname": "Poten", "cornername": "CMOS_VDD_Res_Cap_Temp_62"}
[2026-06-03 12:13:54.399 Z] [WARN] [cadence.virtuoso.ade.simulationMonitor] -     WARNING (SFE-3015): The dangling node I2.29\:Calib_EN is removed. {"history": "Interactive.356", "point": 64, "testname": "Poten", "cornername": "CMOS_VDD_Res_Cap_Temp_62"}
[2026-06-03 12:13:54.399 Z] [WARN] [cadence.virtuoso.ade.simulationMonitor] -     WARNING (SFE-3015): The dangling node I2.693\:VPI is removed.
        Further occurrences of this warning will be suppressed. {"history": "Interactive.356", "point": 64, "testname": "Poten", "cornername": "CMOS_VDD_Res_Cap_Temp_62"}
[2026-06-03 12:13:54.399 Z] [WARN] [cadence.virtuoso.ade.simulationMonitor] -     WARNING (SFE-3016): The floating node net74 is removed. {"history": "Interactive.356", "point": 64, "testname": "Poten", "cornername": "CMOS_VDD_Res_Cap_Temp_62"}
[2026-06-03 12:13:54.399 Z] [WARN] [cadence.virtuoso.ade.simulationMonitor] -     WARNING (SFE-3016): The floating node net73 is removed. {"history": "Interactive.356", "point": 64, "testname": "Poten", "cornername": "CMOS_VDD_Res_Cap_Temp_62"}
[2026-06-03 12:13:54.399 Z] [INFO] [cadence.virtuoso.ade.simulationMonitor] - Notice from spectre during hierarchy flattening.
    Spectre X Parasitic Optimization enabled.
    Parasitic optimization will filter out parasitic nodes, nodes only connected to RCs, by default. To view individual parasitic nodes use individual save statements (i.e. save out), or use the 'savefilter=none' option to save all parasitic nodes. Saving all parasitic nodes may slow down simulation and create large waveform files. {"history": "Interactive.356", "point": 64, "testname": "Poten", "cornername": "CMOS_VDD_Res_Cap_Temp_62"}
[2026-06-03 12:13:54.399 Z] [INFO] [cadence.virtuoso.ade.simulationMonitor] - Peak resident memory used = 225 Mbytes. {"history": "Interactive.356", "point": 64, "testname": "Poten", "cornername": "CMOS_VDD_Res_Cap_Temp_62"}
[2026-06-03 12:13:54.399 Z] [INFO] [cadence.virtuoso.ade.simulationMonitor] - Notice from spectre during hierarchy flattening.
    The value 'psf' specified for the 'checklimitdest' option will no longer be supported in future releases. Use 'spectre -h' to see other recommended values for the 'checklimitdest' option.
    I0.I46.RLIB_GC1.CS0 of rpoly1c: `c' has the unusually small value of 634.694e-21 F.
    I0.I46.RLIB_GC1.CS1 of rpoly1c: `c' has the unusually small value of 634.694e-21 F.
    I0.I45.RLIB_GC1.CS0 of rpoly1c: `c' has the unusually small value of 634.694e-21 F.
    I0... {"history": "Interactive.356", "point": 64, "testname": "Poten", "cornername": "CMOS_VDD_Res_Cap_Temp_62"}
[2026-06-03 12:13:55.405 Z] [INFO] [cadence.virtuoso.ade.simulationMonitor] - Notice from spectre during hierarchy flattening.
    V8: `period' has the unusually large value of 100 s.
    V7: `period' has the unusually large value of 10 s.
    V3: `period' has the unusually large value of 6 s.
    I26: `period' has the unusually large value of 6 s. {"history": "Interactive.356", "point": 64, "testname": "Poten", "cornername": "CMOS_VDD_Res_Cap_Temp_62"}
[2026-06-03 12:13:55.405 Z] [INFO] [cadence.virtuoso.ade.simulationMonitor] - Peak resident memory used = 235 Mbytes. {"history": "Interactive.356", "point": 64, "testname": "Poten", "cornername": "CMOS_VDD_Res_Cap_Temp_62"}
[2026-06-03 12:13:55.405 Z] [WARN] [cadence.virtuoso.ade.simulationMonitor] -     WARNING (CMI-2425): I2.I56|C3: `Acde' = 2.393 is unusually large. {"history": "Interactive.356", "point": 64, "testname": "Poten", "cornername": "CMOS_VDD_Res_Cap_Temp_62"}
[2026-06-03 12:13:55.405 Z] [WARN] [cadence.virtuoso.ade.simulationMonitor] -     WARNING (CMI-2425): I2.I56|C3: `Noff' = 4.732 is unusually large. {"history": "Interactive.356", "point": 64, "testname": "Poten", "cornername": "CMOS_VDD_Res_Cap_Temp_62"}
[2026-06-03 12:13:55.405 Z] [WARN] [cadence.virtuoso.ade.simulationMonitor] -     WARNING (CMI-2424): I2.I56|C3: `Voffcv' = -867.4e-03 is unusually small. {"history": "Interactive.356", "point": 64, "testname": "Poten", "cornername": "CMOS_VDD_Res_Cap_Temp_62"}
[2026-06-03 12:13:55.405 Z] [WARN] [cadence.virtuoso.ade.simulationMonitor] -     WARNING (CMI-2425): I2.I56|C4: `Acde' = 2.393 is unusually large. {"history": "Interactive.356", "point": 64, "testname": "Poten", "cornername": "CMOS_VDD_Res_Cap_Temp_62"}
[2026-06-03 12:13:55.405 Z] [WARN] [cadence.virtuoso.ade.simulationMonitor] -     WARNING (CMI-2425): I2.I56|C4: `Noff' = 4.732 is unusually large. {"history": "Interactive.356", "point": 64, "testname": "Poten", "cornername": "CMOS_VDD_Res_Cap_Temp_62"}
[2026-06-03 12:13:55.405 Z] [WARN] [cadence.virtuoso.ade.simulationMonitor] -     WARNING (CMI-2424): I2.I56|C4: `Voffcv' = -867.4e-03 is unusually small. {"history": "Interactive.356", "point": 64, "testname": "Poten", "cornername": "CMOS_VDD_Res_Cap_Temp_62"}
[2026-06-03 12:13:55.405 Z] [WARN] [cadence.virtuoso.ade.simulationMonitor] -     WARNING (CMI-2425): I2.I56|C5: `Acde' = 2.393 is unusually large.
        Further occurrences of this warning will be suppressed. {"history": "Interactive.356", "point": 64, "testname": "Poten", "cornername": "CMOS_VDD_Res_Cap_Temp_62"}
[2026-06-03 12:13:55.405 Z] [WARN] [cadence.virtuoso.ade.simulationMonitor] -     WARNING (CMI-2424): I2.I56|C5: `Voffcv' = -867.4e-03 is unusually small. {"history": "Interactive.356", "point": 64, "testname": "Poten", "cornername": "CMOS_VDD_Res_Cap_Temp_62"}
[2026-06-03 12:13:55.405 Z] [WARN] [cadence.virtuoso.ade.simulationMonitor] -     WARNING (CMI-2424): I7.I4.C1<0>_turbo_m11: `Voffcv' = -867.4e-03 is unusually small. {"history": "Interactive.356", "point": 64, "testname": "Poten", "cornername": "CMOS_VDD_Res_Cap_Temp_62"}
[2026-06-03 12:13:55.405 Z] [WARN] [cadence.virtuoso.ade.simulationMonitor] -     WARNING (CMI-2424): I7.I3.C1<0>_turbo_m6: `Voffcv' = -867.4e-03 is unusually small.
        Further occurrences of this warning will be suppressed. {"history": "Interactive.356", "point": 64, "testname": "Poten", "cornername": "CMOS_VDD_Res_Cap_Temp_62"}
[2026-06-03 12:13:56.409 Z] [WARN] [cadence.virtuoso.ade.simulationMonitor] -     WARNING (SPECTRE-16460): SOAC_esdgcp5_vcpsub:Specified subcircuit master `esdgcp5' was not found. {"history": "Interactive.356", "point": 64, "testname": "Poten", "cornername": "CMOS_VDD_Res_Cap_Temp_62"}
[2026-06-03 12:13:56.409 Z] [WARN] [cadence.virtuoso.ade.simulationMonitor] -     WARNING (SPECTRE-16462): SOAC_esdgcp5_vcpsub:Error in specification of subcircuit master. Assert is ignored. {"history": "Interactive.356", "point": 64, "testname": "Poten", "cornername": "CMOS_VDD_Res_Cap_Temp_62"}
[2026-06-03 12:13:56.409 Z] [WARN] [cadence.virtuoso.ade.simulationMonitor] -     WARNING (SPECTRE-16460): SOAC_esdgcp5_vac:Specified subcircuit master `esdgcp5' was not found. {"history": "Interactive.356", "point": 64, "testname": "Poten", "cornername": "CMOS_VDD_Res_Cap_Temp_62"}
[2026-06-03 12:13:56.409 Z] [WARN] [cadence.virtuoso.ade.simulationMonitor] -     WARNING (SPECTRE-16462): SOAC_esdgcp5_vac:Error in specification of subcircuit master. Assert is ignored. {"history": "Interactive.356", "point": 64, "testname": "Poten", "cornername": "CMOS_VDD_Res_Cap_Temp_62"}
[2026-06-03 12:13:56.409 Z] [WARN] [cadence.virtuoso.ade.simulationMonitor] -     WARNING (SPECTRE-16460): SOAC_esdgcn5_vac:Specified subcircuit master `esdgcn5' was not found. {"history": "Interactive.356", "point": 64, "testname": "Poten", "cornername": "CMOS_VDD_Res_Cap_Temp_62"}
[2026-06-03 12:13:56.409 Z] [WARN] [cadence.virtuoso.ade.simulationMonitor] -     WARNING (SPECTRE-16462): SOAC_esdgcn5_vac:Error in specification of subcircuit master. Assert is ignored. {"history": "Interactive.356", "point": 64, "testname": "Poten", "cornername": "CMOS_VDD_Res_Cap_Temp_62"}
[2026-06-03 12:13:56.409 Z] [WARN] [cadence.virtuoso.ade.simulationMonitor] -     WARNING (SPECTRE-16460): SOAC_esdfdp5_vcpsub:Specified subcircuit master `esdfdp5' was not found. {"history": "Interactive.356", "point": 64, "testname": "Poten", "cornername": "CMOS_VDD_Res_Cap_Temp_62"}
[2026-06-03 12:13:56.409 Z] [WARN] [cadence.virtuoso.ade.simulationMonitor] -     WARNING (SPECTRE-16462): SOAC_esdfdp5_vcpsub:Error in specification of subcircuit master. Assert is ignored. {"history": "Interactive.356", "point": 64, "testname": "Poten", "cornername": "CMOS_VDD_Res_Cap_Temp_62"}
[2026-06-03 12:13:56.409 Z] [WARN] [cadence.virtuoso.ade.simulationMonitor] -     WARNING (SPECTRE-16460): SOAC_esdfdp5_vac:Specified subcircuit master `esdfdp5' was not found.
        Further occurrences of this warning will be suppressed. {"history": "Interactive.356", "point": 64, "testname": "Poten", "cornername": "CMOS_VDD_Res_Cap_Temp_62"}
[2026-06-03 12:13:56.409 Z] [WARN] [cadence.virtuoso.ade.simulationMonitor] -     WARNING (SPECTRE-16462): SOAC_esdfdp5_vac:Error in specification of subcircuit master. Assert is ignored.
        Further occurrences of this warning will be suppressed. {"history": "Interactive.356", "point": 64, "testname": "Poten", "cornername": "CMOS_VDD_Res_Cap_Temp_62"}
[2026-06-03 12:13:56.409 Z] [WARN] [cadence.virtuoso.ade.simulationMonitor] -     WARNING (SPECTRE-17607): Assert `SOAC_vert10_vsubpsub' is ignored because it contains an expression which is invalid or not supported by native evaluator.  {"history": "Interactive.356", "point": 64, "testname": "Poten", "cornername": "CMOS_VDD_Res_Cap_Temp_62"}
[2026-06-03 12:13:56.409 Z] [WARN] [cadence.virtuoso.ade.simulationMonitor] -     WARNING (SPECTRE-17607): Assert `SOAC_vert10_vcsub' is ignored because it contains an expression which is invalid or not supported by native evaluator.  {"history": "Interactive.356", "point": 64, "testname": "Poten", "cornername": "CMOS_VDD_Res_Cap_Temp_62"}
[2026-06-03 12:13:56.409 Z] [INFO] [cadence.virtuoso.ade.simulationMonitor] - Notice from spectre during topology check.
    Only one connection to the following 1898 nodes:
        I0.I46.RLIB_GC1.R1.psub!
        I0.I46.RLIB_GC1.R2.psub!
        I0.I46.MNLIB_DR1.M_esdnmos4.psub!
        I0.I46.DLIB2.psub!
        I0.I46.DLIB1.psub!
        Further occurrences of this notice will be suppressed. {"history": "Interactive.356", "point": 64, "testname": "Poten", "cornername": "CMOS_VDD_Res_Cap_Temp_62"}
[2026-06-03 12:13:59.916 Z] [INFO] [cadence.virtuoso.ade.simulationMonitor] -               nodes 15748 {"history": "Interactive.356", "point": 64, "testname": "Poten", "cornername": "CMOS_VDD_Res_Cap_Temp_62"}
[2026-06-03 12:13:59.916 Z] [INFO] [cadence.virtuoso.ade.simulationMonitor] - Notice from spectre during initial setup.
    7 resistors are shorted because their absolute value is less than or equal to 'rabsshort'.
    3 vsources are shorted because their absolute value is less than or equal to 'vabsshort'.
    4 resistors are changed to resistance form because their value are less than 'rthresh'.
    Spectre X preset=cx enabled.
    44 notices suppressed.
    138 warnings suppressed. {"history": "Interactive.356", "point": 64, "testname": "Poten", "cornername": "CMOS_VDD_Res_Cap_Temp_62"}
[2026-06-03 12:13:59.916 Z] [INFO] [cadence.virtuoso.ade.simulationMonitor] - Notice from spectre.
    Multithreading enabled: 8 threads in the system with 48 available processors. {"history": "Interactive.356", "point": 64, "testname": "Poten", "cornername": "CMOS_VDD_Res_Cap_Temp_62"}
[2026-06-03 12:13:59.916 Z] [INFO] [cadence.virtuoso.ade.simulationMonitor] - Peak resident memory used = 296 Mbytes. {"history": "Interactive.356", "point": 64, "testname": "Poten", "cornername": "CMOS_VDD_Res_Cap_Temp_62"}
[2026-06-03 12:13:59.916 Z] [INFO] [cadence.virtuoso.ade.simulationMonitor] -    -   (Spectre X) Multi-threading. The recommended number of threads is [4, 8], consider adding +mt=4 or +mt=8 on command line. {"history": "Interactive.356", "point": 64, "testname": "Poten", "cornername": "CMOS_VDD_Res_Cap_Temp_62"}
[2026-06-03 12:13:59.916 Z] [INFO] [cadence.virtuoso.ade.simulationMonitor] - Notice from spectre during DC analysis `dcOp'.
    No checklimit analysis defined for asserts. A default checklimit analysis 'SpectreChecklimitAnal' has been created with all asserts enabled. {"history": "Interactive.356", "point": 64, "testname": "Poten", "cornername": "CMOS_VDD_Res_Cap_Temp_62"}
[2026-06-03 12:14:00.919 Z] [INFO] [cadence.virtuoso.ade.simulationMonitor] - Notice from spectre during DC analysis `dcOp'.
    Bad pivoting is found during DC analysis. Option dc_pivot_check=yes is recommended for possible improvement of convergence. {"history": "Interactive.356", "point": 64, "testname": "Poten", "cornername": "CMOS_VDD_Res_Cap_Temp_62"}
[2026-06-03 12:14:01.419 Z] [WARN] [cadence.virtuoso.ade.simulationMonitor] -     WARNING (CMI-2943): Parameter checks have been ignored because the valid value for parameter 'trise' could not be found in 'C0'. {"history": "Interactive.356", "point": 64, "testname": "Poten", "cornername": "CMOS_VDD_Res_Cap_Temp_62"}
[2026-06-03 12:14:01.419 Z] [WARN] [cadence.virtuoso.ade.simulationMonitor] -     WARNING (CMI-2943): Parameter checks have been ignored because the valid value for parameter 'trise' could not be found in 'C1'. {"history": "Interactive.356", "point": 64, "testname": "Poten", "cornername": "CMOS_VDD_Res_Cap_Temp_62"}
[2026-06-03 12:14:01.419 Z] [WARN] [cadence.virtuoso.ade.simulationMonitor] -     WARNING (CMI-2943): Parameter checks have been ignored because the valid value for parameter 'trise' could not be found in 'C11'. {"history": "Interactive.356", "point": 64, "testname": "Poten", "cornername": "CMOS_VDD_Res_Cap_Temp_62"}
[2026-06-03 12:14:01.419 Z] [WARN] [cadence.virtuoso.ade.simulationMonitor] -     WARNING (CMI-2943): Parameter checks have been ignored because the valid value for parameter 'trise' could not be found in 'C12'. {"history": "Interactive.356", "point": 64, "testname": "Poten", "cornername": "CMOS_VDD_Res_Cap_Temp_62"}
[2026-06-03 12:14:01.419 Z] [WARN] [cadence.virtuoso.ade.simulationMonitor] -     WARNING (CMI-2943): Parameter checks have been ignored because the valid value for parameter 'trise' could not be found in 'C5'.
        Further occurrences of this warning will be suppressed. {"history": "Interactive.356", "point": 64, "testname": "Poten", "cornername": "CMOS_VDD_Res_Cap_Temp_62"}
[2026-06-03 12:14:01.419 Z] [INFO] [cadence.virtuoso.ade.simulationMonitor] - Total time required for dc analysis `dcOp': CPU = 7.13236 s, elapsed = 1.57997 s, util. = 451%. {"history": "Interactive.356", "point": 64, "testname": "Poten", "cornername": "CMOS_VDD_Res_Cap_Temp_62"}
[2026-06-03 12:14:01.419 Z] [INFO] [cadence.virtuoso.ade.simulationMonitor] - Peak resident memory used = 323 Mbytes. {"history": "Interactive.356", "point": 64, "testname": "Poten", "cornername": "CMOS_VDD_Res_Cap_Temp_62"}
[2026-06-03 12:14:01.419 Z] [INFO] [cadence.virtuoso.ade.simulationMonitor] - Notice from spectre.
    1071 warnings suppressed. {"history": "Interactive.356", "point": 64, "testname": "Poten", "cornername": "CMOS_VDD_Res_Cap_Temp_62"}
[2026-06-03 12:14:01.419 Z] [WARN] [cadence.virtuoso.ade.simulationMonitor] -     WARNING (CMI-2425): I7.I0.C0<0>_dummy: `Acde' = 2.393 is unusually large. {"history": "Interactive.356", "point": 64, "testname": "Poten", "cornername": "CMOS_VDD_Res_Cap_Temp_62"}
[2026-06-03 12:14:01.419 Z] [WARN] [cadence.virtuoso.ade.simulationMonitor] -     WARNING (CMI-2425): I7.I0.C0<0>_dummy: `Noff' = 4.732 is unusually large. {"history": "Interactive.356", "point": 64, "testname": "Poten", "cornername": "CMOS_VDD_Res_Cap_Temp_62"}
[2026-06-03 12:14:01.419 Z] [WARN] [cadence.virtuoso.ade.simulationMonitor] -     WARNING (CMI-2424): I7.I0.C0<0>_dummy: `Voffcv' = -867.4e-03 is unusually small. {"history": "Interactive.356", "point": 64, "testname": "Poten", "cornername": "CMOS_VDD_Res_Cap_Temp_62"}
[2026-06-03 12:14:01.419 Z] [WARN] [cadence.virtuoso.ade.simulationMonitor] -     WARNING (CMI-2425): I7.I3.C1<0>_dummy: `Acde' = 2.393 is unusually large. {"history": "Interactive.356", "point": 64, "testname": "Poten", "cornername": "CMOS_VDD_Res_Cap_Temp_62"}
[2026-06-03 12:14:01.419 Z] [WARN] [cadence.virtuoso.ade.simulationMonitor] -     WARNING (CMI-2425): I7.I3.C1<0>_dummy: `Noff' = 4.732 is unusually large. {"history": "Interactive.356", "point": 64, "testname": "Poten", "cornername": "CMOS_VDD_Res_Cap_Temp_62"}
[2026-06-03 12:14:01.419 Z] [WARN] [cadence.virtuoso.ade.simulationMonitor] -     WARNING (CMI-2424): I7.I3.C1<0>_dummy: `Voffcv' = -867.4e-03 is unusually small. {"history": "Interactive.356", "point": 64, "testname": "Poten", "cornername": "CMOS_VDD_Res_Cap_Temp_62"}
[2026-06-03 12:14:01.419 Z] [WARN] [cadence.virtuoso.ade.simulationMonitor] -     WARNING (CMI-2425): I7.I4.C1<0>_dummy: `Acde' = 2.393 is unusually large.
        Further occurrences of this warning will be suppressed. {"history": "Interactive.356", "point": 64, "testname": "Poten", "cornername": "CMOS_VDD_Res_Cap_Temp_62"}
[2026-06-03 12:14:01.419 Z] [WARN] [cadence.virtuoso.ade.simulationMonitor] -     WARNING (CMI-2424): I7.I4.C1<0>_dummy: `Voffcv' = -867.4e-03 is unusually small. {"history": "Interactive.356", "point": 64, "testname": "Poten", "cornername": "CMOS_VDD_Res_Cap_Temp_62"}
[2026-06-03 12:14:01.419 Z] [INFO] [cadence.virtuoso.ade.simulationMonitor] - Notice from spectre.
    1 warning suppressed. {"history": "Interactive.356", "point": 64, "testname": "Poten", "cornername": "CMOS_VDD_Res_Cap_Temp_62"}
[2026-06-03 12:14:02.426 Z] [INFO] [cadence.virtuoso.ade.simulationMonitor] - Notice from spectre during IC analysis, during transient analysis `tran'.
    Bad pivoting is found during DC analysis. Option dc_pivot_check=yes is recommended for possible improvement of convergence. {"history": "Interactive.356", "point": 64, "testname": "Poten", "cornername": "CMOS_VDD_Res_Cap_Temp_62"}
[2026-06-03 12:14:02.426 Z] [WARN] [cadence.virtuoso.ade.simulationMonitor] -     WARNING (CMI-2943): Parameter checks have been ignored because the valid value for parameter 'trise' could not be found in 'C0'. {"history": "Interactive.356", "point": 64, "testname": "Poten", "cornername": "CMOS_VDD_Res_Cap_Temp_62"}
[2026-06-03 12:14:02.426 Z] [WARN] [cadence.virtuoso.ade.simulationMonitor] -     WARNING (CMI-2943): Parameter checks have been ignored because the valid value for parameter 'trise' could not be found in 'C1'. {"history": "Interactive.356", "point": 64, "testname": "Poten", "cornername": "CMOS_VDD_Res_Cap_Temp_62"}
[2026-06-03 12:14:02.426 Z] [WARN] [cadence.virtuoso.ade.simulationMonitor] -     WARNING (CMI-2943): Parameter checks have been ignored because the valid value for parameter 'trise' could not be found in 'C11'. {"history": "Interactive.356", "point": 64, "testname": "Poten", "cornername": "CMOS_VDD_Res_Cap_Temp_62"}
[2026-06-03 12:14:02.426 Z] [WARN] [cadence.virtuoso.ade.simulationMonitor] -     WARNING (CMI-2943): Parameter checks have been ignored because the valid value for parameter 'trise' could not be found in 'C12'. {"history": "Interactive.356", "point": 64, "testname": "Poten", "cornername": "CMOS_VDD_Res_Cap_Temp_62"}
[2026-06-03 12:14:02.426 Z] [WARN] [cadence.virtuoso.ade.simulationMonitor] -     WARNING (CMI-2943): Parameter checks have been ignored because the valid value for parameter 'trise' could not be found in 'C5'.
        Further occurrences of this warning will be suppressed. {"history": "Interactive.356", "point": 64, "testname": "Poten", "cornername": "CMOS_VDD_Res_Cap_Temp_62"}
[2026-06-03 12:14:11.933 Z] [WARN] [cadence.virtuoso.ade.simulationMonitor] -     WARNING (CMI-2425): I7.I0.C0<0>_dummy: `Acde' = 2.393 is unusually large. {"history": "Interactive.356", "point": 64, "testname": "Poten", "cornername": "CMOS_VDD_Res_Cap_Temp_62"}
[2026-06-03 12:14:11.933 Z] [WARN] [cadence.virtuoso.ade.simulationMonitor] -     WARNING (CMI-2425): I7.I0.C0<0>_dummy: `Noff' = 4.732 is unusually large. {"history": "Interactive.356", "point": 64, "testname": "Poten", "cornername": "CMOS_VDD_Res_Cap_Temp_62"}
[2026-06-03 12:14:11.933 Z] [WARN] [cadence.virtuoso.ade.simulationMonitor] -     WARNING (CMI-2424): I7.I0.C0<0>_dummy: `Voffcv' = -867.4e-03 is unusually small. {"history": "Interactive.356", "point": 64, "testname": "Poten", "cornername": "CMOS_VDD_Res_Cap_Temp_62"}
[2026-06-03 12:14:11.933 Z] [WARN] [cadence.virtuoso.ade.simulationMonitor] -     WARNING (CMI-2425): I7.I3.C1<0>_dummy: `Acde' = 2.393 is unusually large. {"history": "Interactive.356", "point": 64, "testname": "Poten", "cornername": "CMOS_VDD_Res_Cap_Temp_62"}
[2026-06-03 12:14:11.933 Z] [WARN] [cadence.virtuoso.ade.simulationMonitor] -     WARNING (CMI-2425): I7.I3.C1<0>_dummy: `Noff' = 4.732 is unusually large. {"history": "Interactive.356", "point": 64, "testname": "Poten", "cornername": "CMOS_VDD_Res_Cap_Temp_62"}
[2026-06-03 12:14:11.933 Z] [WARN] [cadence.virtuoso.ade.simulationMonitor] -     WARNING (CMI-2424): I7.I3.C1<0>_dummy: `Voffcv' = -867.4e-03 is unusually small. {"history": "Interactive.356", "point": 64, "testname": "Poten", "cornername": "CMOS_VDD_Res_Cap_Temp_62"}
[2026-06-03 12:14:11.933 Z] [WARN] [cadence.virtuoso.ade.simulationMonitor] -     WARNING (CMI-2425): I7.I4.C1<0>_dummy: `Acde' = 2.393 is unusually large.
        Further occurrences of this warning will be suppressed. {"history": "Interactive.356", "point": 64, "testname": "Poten", "cornername": "CMOS_VDD_Res_Cap_Temp_62"}
[2026-06-03 12:14:11.933 Z] [WARN] [cadence.virtuoso.ade.simulationMonitor] -     WARNING (CMI-2424): I7.I4.C1<0>_dummy: `Voffcv' = -867.4e-03 is unusually small. {"history": "Interactive.356", "point": 64, "testname": "Poten", "cornername": "CMOS_VDD_Res_Cap_Temp_62"}
[2026-06-03 12:14:11.933 Z] [INFO] [cadence.virtuoso.ade.simulationMonitor] - Notice from spectre at time = 250 ms during transient analysis `tran'.
    1072 warnings suppressed. {"history": "Interactive.356", "point": 64, "testname": "Poten", "cornername": "CMOS_VDD_Res_Cap_Temp_62"}
[2026-06-03 12:14:23.948 Z] [INFO] [cadence.virtuoso.ade.simulationMonitor] - Notice from spectre at time = 600 ms during XF analysis `tran-000_xf', during transient analysis `tran'.
    Operating points will not be recomputed: the circuit and conditions were not changed since previous analysis. {"history": "Interactive.356", "point": 64, "testname": "Poten", "cornername": "CMOS_VDD_Res_Cap_Temp_62"}
[2026-06-03 12:14:34.954 Z] [INFO] [cadence.virtuoso.ade.simulationMonitor] - Total time required for xf analysis `tran-000_xf': CPU = 49.3768 s, elapsed = 10.7738 s, util. = 458%. {"history": "Interactive.356", "point": 64, "testname": "Poten", "cornername": "CMOS_VDD_Res_Cap_Temp_62"}
[2026-06-03 12:14:34.954 Z] [INFO] [cadence.virtuoso.ade.simulationMonitor] - Peak resident memory used = 433 Mbytes. {"history": "Interactive.356", "point": 64, "testname": "Poten", "cornername": "CMOS_VDD_Res_Cap_Temp_62"}
[2026-06-03 12:14:35.455 Z] [INFO] [cadence.virtuoso.ade.simulationMonitor] - Total time required for tran analysis `tran': CPU = 144.417 s (2m  24.4s), elapsed = 33.8086 s, util. = 427%. {"history": "Interactive.356", "point": 64, "testname": "Poten", "cornername": "CMOS_VDD_Res_Cap_Temp_62"}
[2026-06-03 12:14:35.455 Z] [INFO] [cadence.virtuoso.ade.simulationMonitor] - Peak resident memory used = 434 Mbytes. {"history": "Interactive.356", "point": 64, "testname": "Poten", "cornername": "CMOS_VDD_Res_Cap_Temp_62"}
[2026-06-03 12:14:35.455 Z] [WARN] [cadence.virtuoso.ade.simulationMonitor] -     WARNING (CMI-2425): I7.I0.C0<0>_dummy: `Acde' = 2.393 is unusually large. {"history": "Interactive.356", "point": 64, "testname": "Poten", "cornername": "CMOS_VDD_Res_Cap_Temp_62"}
[2026-06-03 12:14:35.455 Z] [WARN] [cadence.virtuoso.ade.simulationMonitor] -     WARNING (CMI-2425): I7.I0.C0<0>_dummy: `Noff' = 4.732 is unusually large. {"history": "Interactive.356", "point": 64, "testname": "Poten", "cornername": "CMOS_VDD_Res_Cap_Temp_62"}
[2026-06-03 12:14:35.455 Z] [WARN] [cadence.virtuoso.ade.simulationMonitor] -     WARNING (CMI-2424): I7.I0.C0<0>_dummy: `Voffcv' = -867.4e-03 is unusually small. {"history": "Interactive.356", "point": 64, "testname": "Poten", "cornername": "CMOS_VDD_Res_Cap_Temp_62"}
[2026-06-03 12:14:35.455 Z] [WARN] [cadence.virtuoso.ade.simulationMonitor] -     WARNING (CMI-2425): I7.I3.C1<0>_dummy: `Acde' = 2.393 is unusually large. {"history": "Interactive.356", "point": 64, "testname": "Poten", "cornername": "CMOS_VDD_Res_Cap_Temp_62"}
[2026-06-03 12:14:35.455 Z] [WARN] [cadence.virtuoso.ade.simulationMonitor] -     WARNING (CMI-2425): I7.I3.C1<0>_dummy: `Noff' = 4.732 is unusually large. {"history": "Interactive.356", "point": 64, "testname": "Poten", "cornername": "CMOS_VDD_Res_Cap_Temp_62"}
[2026-06-03 12:14:35.455 Z] [WARN] [cadence.virtuoso.ade.simulationMonitor] -     WARNING (CMI-2424): I7.I3.C1<0>_dummy: `Voffcv' = -867.4e-03 is unusually small. {"history": "Interactive.356", "point": 64, "testname": "Poten", "cornername": "CMOS_VDD_Res_Cap_Temp_62"}
[2026-06-03 12:14:35.455 Z] [WARN] [cadence.virtuoso.ade.simulationMonitor] -     WARNING (CMI-2425): I7.I4.C1<0>_dummy: `Acde' = 2.393 is unusually large.
        Further occurrences of this warning will be suppressed. {"history": "Interactive.356", "point": 64, "testname": "Poten", "cornername": "CMOS_VDD_Res_Cap_Temp_62"}
[2026-06-03 12:14:35.455 Z] [WARN] [cadence.virtuoso.ade.simulationMonitor] -     WARNING (CMI-2424): I7.I4.C1<0>_dummy: `Voffcv' = -867.4e-03 is unusually small. {"history": "Interactive.356", "point": 64, "testname": "Poten", "cornername": "CMOS_VDD_Res_Cap_Temp_62"}
[2026-06-03 12:14:35.455 Z] [INFO] [cadence.virtuoso.ade.simulationMonitor] - Notice from spectre.
    1 warning suppressed. {"history": "Interactive.356", "point": 64, "testname": "Poten", "cornername": "CMOS_VDD_Res_Cap_Temp_62"}
[2026-06-03 12:14:35.455 Z] [WARN] [cadence.virtuoso.ade.simulationMonitor] -     WARNING (CMI-2425): I7.I1.C0: `Acde' = 2.393 is unusually large. {"history": "Interactive.356", "point": 64, "testname": "Poten", "cornername": "CMOS_VDD_Res_Cap_Temp_62"}
[2026-06-03 12:14:35.455 Z] [WARN] [cadence.virtuoso.ade.simulationMonitor] -     WARNING (CMI-2425): I7.I1.C0: `Noff' = 4.732 is unusually large. {"history": "Interactive.356", "point": 64, "testname": "Poten", "cornername": "CMOS_VDD_Res_Cap_Temp_62"}
[2026-06-03 12:14:35.455 Z] [WARN] [cadence.virtuoso.ade.simulationMonitor] -     WARNING (CMI-2424): I7.I1.C0: `Voffcv' = -867.4e-03 is unusually small. {"history": "Interactive.356", "point": 64, "testname": "Poten", "cornername": "CMOS_VDD_Res_Cap_Temp_62"}
[2026-06-03 12:14:35.455 Z] [WARN] [cadence.virtuoso.ade.simulationMonitor] -     WARNING (CMI-2425): I7.I0.C1: `Acde' = 2.393 is unusually large. {"history": "Interactive.356", "point": 64, "testname": "Poten", "cornername": "CMOS_VDD_Res_Cap_Temp_62"}
[2026-06-03 12:14:35.455 Z] [WARN] [cadence.virtuoso.ade.simulationMonitor] -     WARNING (CMI-2425): I7.I0.C1: `Noff' = 4.732 is unusually large. {"history": "Interactive.356", "point": 64, "testname": "Poten", "cornername": "CMOS_VDD_Res_Cap_Temp_62"}
[2026-06-03 12:14:35.455 Z] [WARN] [cadence.virtuoso.ade.simulationMonitor] -     WARNING (CMI-2424): I7.I0.C1: `Voffcv' = -867.4e-03 is unusually small. {"history": "Interactive.356", "point": 64, "testname": "Poten", "cornername": "CMOS_VDD_Res_Cap_Temp_62"}
[2026-06-03 12:14:35.455 Z] [WARN] [cadence.virtuoso.ade.simulationMonitor] -     WARNING (CMI-2425): I7.I0.C2: `Acde' = 2.393 is unusually large.
        Further occurrences of this warning will be suppressed. {"history": "Interactive.356", "point": 64, "testname": "Poten", "cornername": "CMOS_VDD_Res_Cap_Temp_62"}
[2026-06-03 12:14:35.455 Z] [WARN] [cadence.virtuoso.ade.simulationMonitor] -     WARNING (CMI-2424): I7.I0.C2: `Voffcv' = -867.4e-03 is unusually small. {"history": "Interactive.356", "point": 64, "testname": "Poten", "cornername": "CMOS_VDD_Res_Cap_Temp_62"}
[2026-06-03 12:14:35.455 Z] [WARN] [cadence.virtuoso.ade.simulationMonitor] -     WARNING (CMI-2424): I7.I0.C0<0>_turbo_m6: `Voffcv' = -867.4e-03 is unusually small. {"history": "Interactive.356", "point": 64, "testname": "Poten", "cornername": "CMOS_VDD_Res_Cap_Temp_62"}
[2026-06-03 12:14:35.455 Z] [WARN] [cadence.virtuoso.ade.simulationMonitor] -     WARNING (CMI-2424): I7.I3.C1<0>_turbo_m6: `Voffcv' = -867.4e-03 is unusually small.
        Further occurrences of this warning will be suppressed. {"history": "Interactive.356", "point": 64, "testname": "Poten", "cornername": "CMOS_VDD_Res_Cap_Temp_62"}
[2026-06-03 12:14:42.463 Z] [WARN] [cadence.virtuoso.ade.simulationMonitor] -     WARNING (CMI-2943): Parameter checks have been ignored because the valid value for parameter 'trise' could not be found in 'C0'. {"history": "Interactive.356", "point": 64, "testname": "Poten", "cornername": "CMOS_VDD_Res_Cap_Temp_62"}
[2026-06-03 12:14:42.463 Z] [WARN] [cadence.virtuoso.ade.simulationMonitor] -     WARNING (CMI-2943): Parameter checks have been ignored because the valid value for parameter 'trise' could not be found in 'C1'. {"history": "Interactive.356", "point": 64, "testname": "Poten", "cornername": "CMOS_VDD_Res_Cap_Temp_62"}
[2026-06-03 12:14:42.463 Z] [WARN] [cadence.virtuoso.ade.simulationMonitor] -     WARNING (CMI-2943): Parameter checks have been ignored because the valid value for parameter 'trise' could not be found in 'C11'. {"history": "Interactive.356", "point": 64, "testname": "Poten", "cornername": "CMOS_VDD_Res_Cap_Temp_62"}
[2026-06-03 12:14:42.463 Z] [WARN] [cadence.virtuoso.ade.simulationMonitor] -     WARNING (CMI-2943): Parameter checks have been ignored because the valid value for parameter 'trise' could not be found in 'C12'. {"history": "Interactive.356", "point": 64, "testname": "Poten", "cornername": "CMOS_VDD_Res_Cap_Temp_62"}
[2026-06-03 12:14:42.463 Z] [WARN] [cadence.virtuoso.ade.simulationMonitor] -     WARNING (CMI-2943): Parameter checks have been ignored because the valid value for parameter 'trise' could not be found in 'C5'.
        Further occurrences of this warning will be suppressed. {"history": "Interactive.356", "point": 64, "testname": "Poten", "cornername": "CMOS_VDD_Res_Cap_Temp_62"}
[2026-06-03 12:14:42.463 Z] [INFO] [cadence.virtuoso.ade.simulationMonitor] - Notice from spectre during check, during DC analysis, during Noise analysis `noise'.
    I0.I5.RLIB_GC1 of rdiffp3: `ig' has the unusually large value of -38.0916 A.
    I0.I3.RLIB_GC1 of rdiffp3: `ig' has the unusually large value of -38.0916 A.
    I0.I3.RLIB_GC2 of rdiffp3: `ig' has the unusually large value of -38.0916 A.
    I0.I6.RLIB_GC2 of rdiffp3: `ig' has the unusually large value of -38.0916 A. {"history": "Interactive.356", "point": 64, "testname": "Poten", "cornername": "CMOS_VDD_Res_Cap_Temp_62"}
[2026-06-03 12:15:52.500 Z] [INFO] [cadence.virtuoso.ade.simulationMonitor] - Total time required for noise analysis `noise': CPU = 335.679 s (5m  35.7s), elapsed = 76.7846 s (1m  16.8s), util. = 437%. {"history": "Interactive.356", "point": 64, "testname": "Poten", "cornername": "CMOS_VDD_Res_Cap_Temp_62"}
[2026-06-03 12:15:52.500 Z] [INFO] [cadence.virtuoso.ade.simulationMonitor] - Peak resident memory used = 707 Mbytes. {"history": "Interactive.356", "point": 64, "testname": "Poten", "cornername": "CMOS_VDD_Res_Cap_Temp_62"}
[2026-06-03 12:15:52.500 Z] [INFO] [cadence.virtuoso.ade.simulationMonitor] - Notice from spectre.
    1088 warnings suppressed. {"history": "Interactive.356", "point": 64, "testname": "Poten", "cornername": "CMOS_VDD_Res_Cap_Temp_62"}
[2026-06-03 12:15:52.500 Z] [WARN] [cadence.virtuoso.ade.simulationMonitor] -     WARNING (CMI-2425): I7.I0.C0<0>_dummy: `Acde' = 2.393 is unusually large. {"history": "Interactive.356", "point": 64, "testname": "Poten", "cornername": "CMOS_VDD_Res_Cap_Temp_62"}
[2026-06-03 12:15:52.500 Z] [WARN] [cadence.virtuoso.ade.simulationMonitor] -     WARNING (CMI-2425): I7.I0.C0<0>_dummy: `Noff' = 4.732 is unusually large. {"history": "Interactive.356", "point": 64, "testname": "Poten", "cornername": "CMOS_VDD_Res_Cap_Temp_62"}
[2026-06-03 12:15:52.500 Z] [WARN] [cadence.virtuoso.ade.simulationMonitor] -     WARNING (CMI-2424): I7.I0.C0<0>_dummy: `Voffcv' = -867.4e-03 is unusually small. {"history": "Interactive.356", "point": 64, "testname": "Poten", "cornername": "CMOS_VDD_Res_Cap_Temp_62"}
[2026-06-03 12:15:52.500 Z] [WARN] [cadence.virtuoso.ade.simulationMonitor] -     WARNING (CMI-2425): I7.I3.C1<0>_dummy: `Acde' = 2.393 is unusually large. {"history": "Interactive.356", "point": 64, "testname": "Poten", "cornername": "CMOS_VDD_Res_Cap_Temp_62"}
[2026-06-03 12:15:52.500 Z] [WARN] [cadence.virtuoso.ade.simulationMonitor] -     WARNING (CMI-2425): I7.I3.C1<0>_dummy: `Noff' = 4.732 is unusually large. {"history": "Interactive.356", "point": 64, "testname": "Poten", "cornername": "CMOS_VDD_Res_Cap_Temp_62"}
[2026-06-03 12:15:52.500 Z] [WARN] [cadence.virtuoso.ade.simulationMonitor] -     WARNING (CMI-2424): I7.I3.C1<0>_dummy: `Voffcv' = -867.4e-03 is unusually small. {"history": "Interactive.356", "point": 64, "testname": "Poten", "cornername": "CMOS_VDD_Res_Cap_Temp_62"}
[2026-06-03 12:15:52.500 Z] [WARN] [cadence.virtuoso.ade.simulationMonitor] -     WARNING (CMI-2425): I7.I4.C1<0>_dummy: `Acde' = 2.393 is unusually large.
        Further occurrences of this warning will be suppressed. {"history": "Interactive.356", "point": 64, "testname": "Poten", "cornername": "CMOS_VDD_Res_Cap_Temp_62"}
[2026-06-03 12:15:52.500 Z] [WARN] [cadence.virtuoso.ade.simulationMonitor] -     WARNING (CMI-2424): I7.I4.C1<0>_dummy: `Voffcv' = -867.4e-03 is unusually small. {"history": "Interactive.356", "point": 64, "testname": "Poten", "cornername": "CMOS_VDD_Res_Cap_Temp_62"}
[2026-06-03 12:15:52.500 Z] [INFO] [cadence.virtuoso.ade.simulationMonitor] - Notice from spectre.
    1 warning suppressed. {"history": "Interactive.356", "point": 64, "testname": "Poten", "cornername": "CMOS_VDD_Res_Cap_Temp_62"}
[2026-06-03 12:15:53.003 Z] [INFO] [cadence.virtuoso.ade.simulationMonitor] - Time used: CPU = 494 s (8m  13.7s), elapsed = 119 s (1m  59.2s), util. = 414%. {"history": "Interactive.356", "point": 64, "testname": "Poten", "cornername": "CMOS_VDD_Res_Cap_Temp_62"}
[2026-06-03 12:15:53.003 Z] [INFO] [cadence.virtuoso.ade.simulationMonitor] - Time spent in licensing: elapsed = 91 ms. {"history": "Interactive.356", "point": 64, "testname": "Poten", "cornername": "CMOS_VDD_Res_Cap_Temp_62"}
[2026-06-03 12:15:53.003 Z] [INFO] [cadence.virtuoso.ade.simulationMonitor] - Peak memory used = 707 Mbytes. {"history": "Interactive.356", "point": 64, "testname": "Poten", "cornername": "CMOS_VDD_Res_Cap_Temp_62"}
[2026-06-03 12:15:53.003 Z] [PROCESS] [cadence.virtuoso.ade.simulationMonitor] - Simulation started at: 12:13:53 PM, Wed Jun 3, 2026, ended at: 12:15:52 PM, Wed Jun 3, 2026, with elapsed time (wall clock): 119 s (1m  59.2s). {"history": "Interactive.356", "point": 64, "testname": "Poten", "cornername": "CMOS_VDD_Res_Cap_Temp_62"}
[2026-06-03 12:15:53.003 Z] [PROCESS] [cadence.virtuoso.ade.simulationMonitor] - spectre completes with 0 errors, 111 warnings, and 37 notices. {"history": "Interactive.356", "point": 64, "testname": "Poten", "cornername": "CMOS_VDD_Res_Cap_Temp_62"}
[2026-06-03 12:15:53.003 Z] [PROCESS] [cadence.virtuoso.ade.simulationMonitor] - Finished simulating for one point {"hostname": "il2244vt26_hrahimi", "processid": 2498769, "history": "Interactive.356", "testname": "Poten", "cornername": "CMOS_VDD_Res_Cap_Temp_62", "point": 64, "logfile": "/home/hrahimi/projects/POTENTIOSTAT_26/logs_hrahimi/logs0/Job19.log", "simid": "20"}
[2026-06-03 12:15:53.003 Z] [PROCESS] [cadence.virtuoso.ade.simulationMonitor] - Simulator exited {"hostname": "il2244vt26_hrahimi", "processid": 2498769, "history": "Interactive.356", "testname": "Poten", "cornername": "CMOS_VDD_Res_Cap_Temp_62", "point": 64, "logfile": "/home/hrahimi/projects/POTENTIOSTAT_26/logs_hrahimi/logs0/Job19.log", "exitStatus": "0"}
[2026-06-03 12:15:53.003 Z] [PROCESS] [cadence.virtuoso.ade.simulationMonitor] - Finished Simulation {"hostname": "il2244vt26_hrahimi", "processid": 2498769, "history": "Interactive.356", "testname": "Poten", "cornername": "CMOS_VDD_Res_Cap_Temp_62", "point": 64, "logfile": "/home/hrahimi/projects/POTENTIOSTAT_26/logs_hrahimi/logs0/Job19.log", "simid": "20"}
[2026-06-03 12:15:57.521 Z] [PROCESS] [cadence.virtuoso.ade.simulationMonitor] - Point Finished {"hostname": "il2244vt26_hrahimi", "processid": 2498769, "history": "Interactive.356", "testname": "Poten", "cornername": "CMOS_VDD_Res_Cap_Temp_62", "point": 64, "logfile": "/home/hrahimi/projects/POTENTIOSTAT_26/logs_hrahimi/logs0/Job19.log"}
[2026-06-03 12:15:57.521 Z] [PROCESS] [cadence.virtuoso.ade.simulationMonitor] - HostInfo:
Host name (type):	il2244vt26_hrahimi (x86_64)
Operating system:	Linux 5.15.0-164-generic #174-Ubuntu SMP Fri Nov 14 20:25:16 UTC 2025 {"hostname": "il2244vt26_hrahimi", "processid": 2498769, "history": "Interactive.356", "testname": "Poten", "cornername": "CMOS_VDD_Res_Cap_Temp_62", "point": 64, "logfile": "/home/hrahimi/projects/POTENTIOSTAT_26/logs_hrahimi/logs0/Job19.log", "nodename": "il2244vt26_hrahimi", "domainname": "(none)", "machine": "x86_64", "sysname": "Linux", "release": "5.15.0-164-generic", "version": "#174-Ubuntu SMP Fri Nov 14 20:25:16 UTC 2025"}
[2026-06-03 12:15:57.521 Z] [PROCESS] [cadence.virtuoso.ade.simulationMonitor] - UsageInfo:
pid=2498769
totalPhysicalMemory=3023.749672GB,Used=2722.612137GB,totalVirtualMemory=3031.749668GB,Used=2722.718582GB
Cpu: Cores=48, Load average:39.020000,42.810000,37.430000 {"hostname": "il2244vt26_hrahimi", "processid": 2498769, "history": "Interactive.356", "testname": "Poten", "cornername": "CMOS_VDD_Res_Cap_Temp_62", "point": 64, "logfile": "/home/hrahimi/projects/POTENTIOSTAT_26/logs_hrahimi/logs0/Job19.log", "pid": "2498769", "totalPhysicalMemory": "3023.749672", "physicalMemoryUsed": "2722.612137", "totalVirtualMemory": "3031.749668", "virtualMemoryUsed": "2722.718582", "cpuCores": "48", "processes": "29681", "loadAverage1": "39.020000", "loadAverage5": "42.810000", "loadAverage15": "37.430000", "loadAverage1Percent": "0.812917"}
[2026-06-03 12:15:57.521 Z] [EVENT] [cadence.virtuoso.ade.simulationMonitor] - NewPoint {"history": "Interactive.356", "point": 65, "testname": "PTAT", "cornername": "CMOS_VDD_Res_Cap_Temp_63", "event": "NewPoint", "EventSource": "Simulation Monitor", "HistoryName": "Interactive.356", "logFile": "/home/hrahimi/projects/POTENTIOSTAT_26/logs_hrahimi/logs0/Job19.log", "logFileSize": "812764"}
[2026-06-03 12:15:57.521 Z] [EVENT] [cadence.virtuoso.ade.simulationMonitor] - NewPoint {"history": "Interactive.356", "point": 65, "testname": "PTAT", "cornername": "CMOS_VDD_Res_Cap_Temp_63", "event": "NewPoint", "EventSource": "spectre", "HistoryName": "Interactive.356", "logFile": "/home/hrahimi/projects/POTENTIOSTAT_26/Sim/Potentiostat_Top/top/maestro/results/maestro/Interactive.356/65/PTAT/psf/spectre.out", "logFileSize": "-1"}
[2026-06-03 12:15:57.521 Z] [PROCESS] [cadence.virtuoso.ade.simulationMonitor] - Simulator launched {"hostname": "il2244vt26_hrahimi", "processid": 2498769, "history": "Interactive.356", "testname": "PTAT", "cornername": "CMOS_VDD_Res_Cap_Temp_63", "point": 65, "logfile": "/home/hrahimi/projects/POTENTIOSTAT_26/logs_hrahimi/logs0/Job19.log", "simid": "21"}
[2026-06-03 12:15:57.521 Z] [PROCESS] [cadence.virtuoso.ade.simulationMonitor] - Started Simulation {"hostname": "il2244vt26_hrahimi", "processid": 2498769, "history": "Interactive.356", "testname": "PTAT", "cornername": "CMOS_VDD_Res_Cap_Temp_63", "point": 65, "logfile": "/home/hrahimi/projects/POTENTIOSTAT_26/logs_hrahimi/logs0/Job19.log", "event": "started", "task": "simulation"}
[2026-06-03 12:15:58.703 Z] [WARN] [cadence.virtuoso.ade.simulationMonitor] -     WARNING (SPECTRE-691): This CPU processor does not support x86 advanced vector extensions instructions. This may affect math operations and slow down the simulation. {"history": "Interactive.356", "point": 65, "testname": "PTAT", "cornername": "CMOS_VDD_Res_Cap_Temp_63"}
[2026-06-03 12:15:58.703 Z] [INFO] [cadence.virtuoso.ade.simulationMonitor] - Notice from spectre during circuit read-in.
    Pre_Configuration file used: /opt/tools/cadence/installs/SPECTRE241/tools.lnx86/spectre/etc/configs/preset.precfg
    Configuration file used: `/opt/tools/cadence/installs/SPECTRE241/tools.lnx86/spectre/etc/configs/preset.cfg'. {"history": "Interactive.356", "point": 65, "testname": "PTAT", "cornername": "CMOS_VDD_Res_Cap_Temp_63"}
[2026-06-03 12:15:58.703 Z] [WARN] [cadence.virtuoso.ade.simulationMonitor] -     WARNING (SPECTRE-8360): line 1511: `ac' is an undefined primitive device. {"history": "Interactive.356", "point": 65, "testname": "PTAT", "cornername": "CMOS_VDD_Res_Cap_Temp_63"}
[2026-06-03 12:15:58.703 Z] [WARN] [cadence.virtuoso.ade.simulationMonitor] -     WARNING (SPECTRE-8360): line 1512: `ac' is an undefined primitive device. {"history": "Interactive.356", "point": 65, "testname": "PTAT", "cornername": "CMOS_VDD_Res_Cap_Temp_63"}
[2026-06-03 12:15:58.703 Z] [WARN] [cadence.virtuoso.ade.simulationMonitor] -     WARNING (SPECTRE-8360): line 1513: `ac' is an undefined primitive device. {"history": "Interactive.356", "point": 65, "testname": "PTAT", "cornername": "CMOS_VDD_Res_Cap_Temp_63"}
[2026-06-03 12:15:58.703 Z] [WARN] [cadence.virtuoso.ade.simulationMonitor] -     WARNING (SPECTRE-8360): line 1514: `ac' is an undefined primitive device. {"history": "Interactive.356", "point": 65, "testname": "PTAT", "cornername": "CMOS_VDD_Res_Cap_Temp_63"}
[2026-06-03 12:15:58.703 Z] [WARN] [cadence.virtuoso.ade.simulationMonitor] -     WARNING (SPECTRE-8360): line 1515: `ac' is an undefined primitive device.
        Further occurrences of this warning will be suppressed. {"history": "Interactive.356", "point": 65, "testname": "PTAT", "cornername": "CMOS_VDD_Res_Cap_Temp_63"}
[2026-06-03 12:15:58.703 Z] [WARN] [cadence.virtuoso.ade.simulationMonitor] -     WARNING (VACOMP-2435): The environment variable CDS_AHDLCMI_ENABLE is no longer supported. Therefore, the simulator will use the default compiled C code flow. {"history": "Interactive.356", "point": 65, "testname": "PTAT", "cornername": "CMOS_VDD_Res_Cap_Temp_63"}
[2026-06-03 12:15:59.205 Z] [INFO] [cadence.virtuoso.ade.simulationMonitor] - Peak resident memory used = 194 Mbytes. {"history": "Interactive.356", "point": 65, "testname": "PTAT", "cornername": "CMOS_VDD_Res_Cap_Temp_63"}
[2026-06-03 12:15:59.205 Z] [WARN] [cadence.virtuoso.ade.simulationMonitor] -     WARNING (SFE-2649): Terminals of top-level instance `R50', in file`netlist', at line 1168, are connected. Remove the instance and rerun the simulation. {"history": "Interactive.356", "point": 65, "testname": "PTAT", "cornername": "CMOS_VDD_Res_Cap_Temp_63"}
[2026-06-03 12:15:59.205 Z] [WARN] [cadence.virtuoso.ade.simulationMonitor] -     WARNING (SFE-2649): Terminals of top-level instance `R48', in file`netlist', at line 1211, are connected. Remove the instance and rerun the simulation. {"history": "Interactive.356", "point": 65, "testname": "PTAT", "cornername": "CMOS_VDD_Res_Cap_Temp_63"}
[2026-06-03 12:15:59.205 Z] [WARN] [cadence.virtuoso.ade.simulationMonitor] -     WARNING (SFE-3027): The dangling resistor I2.rb144 is removed. {"history": "Interactive.356", "point": 65, "testname": "PTAT", "cornername": "CMOS_VDD_Res_Cap_Temp_63"}
[2026-06-03 12:15:59.205 Z] [WARN] [cadence.virtuoso.ade.simulationMonitor] -     WARNING (SFE-3027): The dangling resistor I2.rb241 is removed. {"history": "Interactive.356", "point": 65, "testname": "PTAT", "cornername": "CMOS_VDD_Res_Cap_Temp_63"}
[2026-06-03 12:15:59.205 Z] [WARN] [cadence.virtuoso.ade.simulationMonitor] -     WARNING (SFE-3027): The dangling resistor I2.rb613 is removed. {"history": "Interactive.356", "point": 65, "testname": "PTAT", "cornername": "CMOS_VDD_Res_Cap_Temp_63"}
[2026-06-03 12:15:59.205 Z] [WARN] [cadence.virtuoso.ade.simulationMonitor] -     WARNING (SFE-3027): The dangling resistor I2.rd794 is removed. {"history": "Interactive.356", "point": 65, "testname": "PTAT", "cornername": "CMOS_VDD_Res_Cap_Temp_63"}
[2026-06-03 12:15:59.205 Z] [WARN] [cadence.virtuoso.ade.simulationMonitor] -     WARNING (SFE-3012): The dummy device I0.I16.DLIB9 is removed. {"history": "Interactive.356", "point": 65, "testname": "PTAT", "cornername": "CMOS_VDD_Res_Cap_Temp_63"}
[2026-06-03 12:15:59.205 Z] [WARN] [cadence.virtuoso.ade.simulationMonitor] -     WARNING (SFE-3012): The dummy device I0.I15.DLIB9 is removed. {"history": "Interactive.356", "point": 65, "testname": "PTAT", "cornername": "CMOS_VDD_Res_Cap_Temp_63"}
[2026-06-03 12:15:59.205 Z] [WARN] [cadence.virtuoso.ade.simulationMonitor] -     WARNING (SFE-3012): The dummy device I0.I0.DLIB6 is removed. {"history": "Interactive.356", "point": 65, "testname": "PTAT", "cornername": "CMOS_VDD_Res_Cap_Temp_63"}
[2026-06-03 12:15:59.205 Z] [WARN] [cadence.virtuoso.ade.simulationMonitor] -     WARNING (SFE-3012): The dummy device I7.I2.MP12<0>_turbo_m34 is removed. {"history": "Interactive.356", "point": 65, "testname": "PTAT", "cornername": "CMOS_VDD_Res_Cap_Temp_63"}
[2026-06-03 12:15:59.205 Z] [WARN] [cadence.virtuoso.ade.simulationMonitor] -     WARNING (SFE-3012): The dummy device I0.I16.DLIB10 is removed.
        Further occurrences of this warning will be suppressed. {"history": "Interactive.356", "point": 65, "testname": "PTAT", "cornername": "CMOS_VDD_Res_Cap_Temp_63"}
[2026-06-03 12:15:59.205 Z] [WARN] [cadence.virtuoso.ade.simulationMonitor] -     WARNING (SFE-3029): The dummy capacitor I7.I0.R3.CS1 is removed. {"history": "Interactive.356", "point": 65, "testname": "PTAT", "cornername": "CMOS_VDD_Res_Cap_Temp_63"}
[2026-06-03 12:15:59.205 Z] [WARN] [cadence.virtuoso.ade.simulationMonitor] -     WARNING (SFE-3027): The dangling resistor I2.re2693 is removed.
        Further occurrences of this warning will be suppressed. {"history": "Interactive.356", "point": 65, "testname": "PTAT", "cornername": "CMOS_VDD_Res_Cap_Temp_63"}
[2026-06-03 12:15:59.205 Z] [WARN] [cadence.virtuoso.ade.simulationMonitor] -     WARNING (SFE-3029): The dummy capacitor I7.I13_turbo_m5.C0.C1 is removed. {"history": "Interactive.356", "point": 65, "testname": "PTAT", "cornername": "CMOS_VDD_Res_Cap_Temp_63"}
[2026-06-03 12:15:59.205 Z] [WARN] [cadence.virtuoso.ade.simulationMonitor] -     WARNING (SFE-3029): The dummy capacitor I7.I10_turbo_m4.C0.C1 is removed. {"history": "Interactive.356", "point": 65, "testname": "PTAT", "cornername": "CMOS_VDD_Res_Cap_Temp_63"}
[2026-06-03 12:15:59.205 Z] [WARN] [cadence.virtuoso.ade.simulationMonitor] -     WARNING (SFE-3029): The dummy capacitor I7.I1.R2.CS1 is removed. {"history": "Interactive.356", "point": 65, "testname": "PTAT", "cornername": "CMOS_VDD_Res_Cap_Temp_63"}
[2026-06-03 12:15:59.205 Z] [WARN] [cadence.virtuoso.ade.simulationMonitor] -     WARNING (SFE-3028): The floating resistor R8 is removed. {"history": "Interactive.356", "point": 65, "testname": "PTAT", "cornername": "CMOS_VDD_Res_Cap_Temp_63"}
[2026-06-03 12:15:59.205 Z] [WARN] [cadence.virtuoso.ade.simulationMonitor] -     WARNING (SFE-3029): The dummy capacitor I7.I4.R31.CS1 is removed.
        Further occurrences of this warning will be suppressed. {"history": "Interactive.356", "point": 65, "testname": "PTAT", "cornername": "CMOS_VDD_Res_Cap_Temp_63"}
[2026-06-03 12:15:59.205 Z] [WARN] [cadence.virtuoso.ade.simulationMonitor] -     WARNING (SFE-3015): The dangling node I2.210\:GNDA is removed. {"history": "Interactive.356", "point": 65, "testname": "PTAT", "cornername": "CMOS_VDD_Res_Cap_Temp_63"}
[2026-06-03 12:15:59.205 Z] [WARN] [cadence.virtuoso.ade.simulationMonitor] -     WARNING (SFE-3015): The dangling node I2.222\:POT_OUT is removed. {"history": "Interactive.356", "point": 65, "testname": "PTAT", "cornername": "CMOS_VDD_Res_Cap_Temp_63"}
[2026-06-03 12:15:59.205 Z] [WARN] [cadence.virtuoso.ade.simulationMonitor] -     WARNING (SFE-3015): The dangling node I2.13\:I25|I35|SN is removed. {"history": "Interactive.356", "point": 65, "testname": "PTAT", "cornername": "CMOS_VDD_Res_Cap_Temp_63"}
[2026-06-03 12:15:59.205 Z] [WARN] [cadence.virtuoso.ade.simulationMonitor] -     WARNING (SFE-3015): The dangling node I2.29\:Calib_EN is removed. {"history": "Interactive.356", "point": 65, "testname": "PTAT", "cornername": "CMOS_VDD_Res_Cap_Temp_63"}
[2026-06-03 12:15:59.205 Z] [WARN] [cadence.virtuoso.ade.simulationMonitor] -     WARNING (SFE-3015): The dangling node I2.693\:VPI is removed.
        Further occurrences of this warning will be suppressed. {"history": "Interactive.356", "point": 65, "testname": "PTAT", "cornername": "CMOS_VDD_Res_Cap_Temp_63"}
[2026-06-03 12:15:59.205 Z] [WARN] [cadence.virtuoso.ade.simulationMonitor] -     WARNING (SFE-3016): The floating node net74 is removed. {"history": "Interactive.356", "point": 65, "testname": "PTAT", "cornername": "CMOS_VDD_Res_Cap_Temp_63"}
[2026-06-03 12:15:59.205 Z] [WARN] [cadence.virtuoso.ade.simulationMonitor] -     WARNING (SFE-3016): The floating node net73 is removed. {"history": "Interactive.356", "point": 65, "testname": "PTAT", "cornername": "CMOS_VDD_Res_Cap_Temp_63"}
[2026-06-03 12:15:59.205 Z] [INFO] [cadence.virtuoso.ade.simulationMonitor] - Notice from spectre during hierarchy flattening.
    Spectre X Parasitic Optimization enabled.
    Parasitic optimization will filter out parasitic nodes, nodes only connected to RCs, by default. To view individual parasitic nodes use individual save statements (i.e. save out), or use the 'savefilter=none' option to save all parasitic nodes. Saving all parasitic nodes may slow down simulation and create large waveform files. {"history": "Interactive.356", "point": 65, "testname": "PTAT", "cornername": "CMOS_VDD_Res_Cap_Temp_63"}
[2026-06-03 12:15:59.205 Z] [INFO] [cadence.virtuoso.ade.simulationMonitor] - Peak resident memory used = 224 Mbytes. {"history": "Interactive.356", "point": 65, "testname": "PTAT", "cornername": "CMOS_VDD_Res_Cap_Temp_63"}
[2026-06-03 12:15:59.205 Z] [INFO] [cadence.virtuoso.ade.simulationMonitor] - Notice from spectre during hierarchy flattening.
    The value 'psf' specified for the 'checklimitdest' option will no longer be supported in future releases. Use 'spectre -h' to see other recommended values for the 'checklimitdest' option.
    I0.I46.RLIB_GC1.CS0 of rpoly1c: `c' has the unusually small value of 634.694e-21 F.
    I0.I46.RLIB_GC1.CS1 of rpoly1c: `c' has the unusually small value of 634.694e-21 F.
    I0.I45.RLIB_GC1.CS0 of rpoly1c: `c' has the unusually small value of 634.694e-21 F.
    I0... {"history": "Interactive.356", "point": 65, "testname": "PTAT", "cornername": "CMOS_VDD_Res_Cap_Temp_63"}
[2026-06-03 12:15:59.205 Z] [INFO] [cadence.virtuoso.ade.simulationMonitor] - Notice from spectre during hierarchy flattening.
    V8: `period' has the unusually large value of 100 s.
    V7: `period' has the unusually large value of 10 s.
    V3: `period' has the unusually large value of 6 s.
    I26: `period' has the unusually large value of 6 s. {"history": "Interactive.356", "point": 65, "testname": "PTAT", "cornername": "CMOS_VDD_Res_Cap_Temp_63"}
[2026-06-03 12:16:00.212 Z] [INFO] [cadence.virtuoso.ade.simulationMonitor] - Peak resident memory used = 235 Mbytes. {"history": "Interactive.356", "point": 65, "testname": "PTAT", "cornername": "CMOS_VDD_Res_Cap_Temp_63"}
[2026-06-03 12:16:00.212 Z] [WARN] [cadence.virtuoso.ade.simulationMonitor] -     WARNING (CMI-2425): I2.I56|C3: `Acde' = 2.393 is unusually large. {"history": "Interactive.356", "point": 65, "testname": "PTAT", "cornername": "CMOS_VDD_Res_Cap_Temp_63"}
[2026-06-03 12:16:00.212 Z] [WARN] [cadence.virtuoso.ade.simulationMonitor] -     WARNING (CMI-2425): I2.I56|C3: `Noff' = 4.732 is unusually large. {"history": "Interactive.356", "point": 65, "testname": "PTAT", "cornername": "CMOS_VDD_Res_Cap_Temp_63"}
[2026-06-03 12:16:00.212 Z] [WARN] [cadence.virtuoso.ade.simulationMonitor] -     WARNING (CMI-2424): I2.I56|C3: `Voffcv' = -867.4e-03 is unusually small. {"history": "Interactive.356", "point": 65, "testname": "PTAT", "cornername": "CMOS_VDD_Res_Cap_Temp_63"}
[2026-06-03 12:16:00.212 Z] [WARN] [cadence.virtuoso.ade.simulationMonitor] -     WARNING (CMI-2425): I2.I56|C4: `Acde' = 2.393 is unusually large. {"history": "Interactive.356", "point": 65, "testname": "PTAT", "cornername": "CMOS_VDD_Res_Cap_Temp_63"}
[2026-06-03 12:16:00.212 Z] [WARN] [cadence.virtuoso.ade.simulationMonitor] -     WARNING (CMI-2425): I2.I56|C4: `Noff' = 4.732 is unusually large. {"history": "Interactive.356", "point": 65, "testname": "PTAT", "cornername": "CMOS_VDD_Res_Cap_Temp_63"}
[2026-06-03 12:16:00.212 Z] [WARN] [cadence.virtuoso.ade.simulationMonitor] -     WARNING (CMI-2424): I2.I56|C4: `Voffcv' = -867.4e-03 is unusually small. {"history": "Interactive.356", "point": 65, "testname": "PTAT", "cornername": "CMOS_VDD_Res_Cap_Temp_63"}
[2026-06-03 12:16:00.212 Z] [WARN] [cadence.virtuoso.ade.simulationMonitor] -     WARNING (CMI-2425): I2.I56|C5: `Acde' = 2.393 is unusually large.
        Further occurrences of this warning will be suppressed. {"history": "Interactive.356", "point": 65, "testname": "PTAT", "cornername": "CMOS_VDD_Res_Cap_Temp_63"}
[2026-06-03 12:16:00.212 Z] [WARN] [cadence.virtuoso.ade.simulationMonitor] -     WARNING (CMI-2424): I2.I56|C5: `Voffcv' = -867.4e-03 is unusually small. {"history": "Interactive.356", "point": 65, "testname": "PTAT", "cornername": "CMOS_VDD_Res_Cap_Temp_63"}
[2026-06-03 12:16:00.212 Z] [WARN] [cadence.virtuoso.ade.simulationMonitor] -     WARNING (CMI-2424): I7.I4.C1<0>_turbo_m11: `Voffcv' = -867.4e-03 is unusually small. {"history": "Interactive.356", "point": 65, "testname": "PTAT", "cornername": "CMOS_VDD_Res_Cap_Temp_63"}
[2026-06-03 12:16:00.212 Z] [WARN] [cadence.virtuoso.ade.simulationMonitor] -     WARNING (CMI-2424): I7.I3.C1<0>_turbo_m6: `Voffcv' = -867.4e-03 is unusually small.
        Further occurrences of this warning will be suppressed. {"history": "Interactive.356", "point": 65, "testname": "PTAT", "cornername": "CMOS_VDD_Res_Cap_Temp_63"}
[2026-06-03 12:16:00.212 Z] [WARN] [cadence.virtuoso.ade.simulationMonitor] -     WARNING (SPECTRE-16460): SOAC_esdgcp5_vcpsub:Specified subcircuit master `esdgcp5' was not found. {"history": "Interactive.356", "point": 65, "testname": "PTAT", "cornername": "CMOS_VDD_Res_Cap_Temp_63"}
[2026-06-03 12:16:00.212 Z] [WARN] [cadence.virtuoso.ade.simulationMonitor] -     WARNING (SPECTRE-16462): SOAC_esdgcp5_vcpsub:Error in specification of subcircuit master. Assert is ignored. {"history": "Interactive.356", "point": 65, "testname": "PTAT", "cornername": "CMOS_VDD_Res_Cap_Temp_63"}
[2026-06-03 12:16:00.212 Z] [WARN] [cadence.virtuoso.ade.simulationMonitor] -     WARNING (SPECTRE-16460): SOAC_esdgcp5_vac:Specified subcircuit master `esdgcp5' was not found. {"history": "Interactive.356", "point": 65, "testname": "PTAT", "cornername": "CMOS_VDD_Res_Cap_Temp_63"}
[2026-06-03 12:16:00.212 Z] [WARN] [cadence.virtuoso.ade.simulationMonitor] -     WARNING (SPECTRE-16462): SOAC_esdgcp5_vac:Error in specification of subcircuit master. Assert is ignored. {"history": "Interactive.356", "point": 65, "testname": "PTAT", "cornername": "CMOS_VDD_Res_Cap_Temp_63"}
[2026-06-03 12:16:00.212 Z] [WARN] [cadence.virtuoso.ade.simulationMonitor] -     WARNING (SPECTRE-16460): SOAC_esdgcn5_vac:Specified subcircuit master `esdgcn5' was not found. {"history": "Interactive.356", "point": 65, "testname": "PTAT", "cornername": "CMOS_VDD_Res_Cap_Temp_63"}
[2026-06-03 12:16:00.212 Z] [WARN] [cadence.virtuoso.ade.simulationMonitor] -     WARNING (SPECTRE-16462): SOAC_esdgcn5_vac:Error in specification of subcircuit master. Assert is ignored. {"history": "Interactive.356", "point": 65, "testname": "PTAT", "cornername": "CMOS_VDD_Res_Cap_Temp_63"}
[2026-06-03 12:16:00.212 Z] [WARN] [cadence.virtuoso.ade.simulationMonitor] -     WARNING (SPECTRE-16460): SOAC_esdfdp5_vcpsub:Specified subcircuit master `esdfdp5' was not found. {"history": "Interactive.356", "point": 65, "testname": "PTAT", "cornername": "CMOS_VDD_Res_Cap_Temp_63"}
[2026-06-03 12:16:00.212 Z] [WARN] [cadence.virtuoso.ade.simulationMonitor] -     WARNING (SPECTRE-16462): SOAC_esdfdp5_vcpsub:Error in specification of subcircuit master. Assert is ignored. {"history": "Interactive.356", "point": 65, "testname": "PTAT", "cornername": "CMOS_VDD_Res_Cap_Temp_63"}
[2026-06-03 12:16:00.212 Z] [WARN] [cadence.virtuoso.ade.simulationMonitor] -     WARNING (SPECTRE-16460): SOAC_esdfdp5_vac:Specified subcircuit master `esdfdp5' was not found.
        Further occurrences of this warning will be suppressed. {"history": "Interactive.356", "point": 65, "testname": "PTAT", "cornername": "CMOS_VDD_Res_Cap_Temp_63"}
[2026-06-03 12:16:00.212 Z] [WARN] [cadence.virtuoso.ade.simulationMonitor] -     WARNING (SPECTRE-16462): SOAC_esdfdp5_vac:Error in specification of subcircuit master. Assert is ignored.
        Further occurrences of this warning will be suppressed. {"history": "Interactive.356", "point": 65, "testname": "PTAT", "cornername": "CMOS_VDD_Res_Cap_Temp_63"}
[2026-06-03 12:16:00.212 Z] [WARN] [cadence.virtuoso.ade.simulationMonitor] -     WARNING (SPECTRE-17607): Assert `SOAC_vert10_vsubpsub' is ignored because it contains an expression which is invalid or not supported by native evaluator.  {"history": "Interactive.356", "point": 65, "testname": "PTAT", "cornername": "CMOS_VDD_Res_Cap_Temp_63"}
[2026-06-03 12:16:00.212 Z] [WARN] [cadence.virtuoso.ade.simulationMonitor] -     WARNING (SPECTRE-17607): Assert `SOAC_vert10_vcsub' is ignored because it contains an expression which is invalid or not supported by native evaluator.  {"history": "Interactive.356", "point": 65, "testname": "PTAT", "cornername": "CMOS_VDD_Res_Cap_Temp_63"}
[2026-06-03 12:16:01.218 Z] [INFO] [cadence.virtuoso.ade.simulationMonitor] - Notice from spectre during topology check.
    Only one connection to the following 1898 nodes:
        I0.I46.RLIB_GC1.R1.psub!
        I0.I46.RLIB_GC1.R2.psub!
        I0.I46.MNLIB_DR1.M_esdnmos4.psub!
        I0.I46.DLIB2.psub!
        I0.I46.DLIB1.psub!
        Further occurrences of this notice will be suppressed. {"history": "Interactive.356", "point": 65, "testname": "PTAT", "cornername": "CMOS_VDD_Res_Cap_Temp_63"}
[2026-06-03 12:16:04.223 Z] [INFO] [cadence.virtuoso.ade.simulationMonitor] -               nodes 15748 {"history": "Interactive.356", "point": 65, "testname": "PTAT", "cornername": "CMOS_VDD_Res_Cap_Temp_63"}
[2026-06-03 12:16:04.223 Z] [INFO] [cadence.virtuoso.ade.simulationMonitor] - Notice from spectre during initial setup.
    7 resistors are shorted because their absolute value is less than or equal to 'rabsshort'.
    3 vsources are shorted because their absolute value is less than or equal to 'vabsshort'.
    4 resistors are changed to resistance form because their value are less than 'rthresh'.
    Spectre X preset=cx enabled.
    44 notices suppressed.
    138 warnings suppressed. {"history": "Interactive.356", "point": 65, "testname": "PTAT", "cornername": "CMOS_VDD_Res_Cap_Temp_63"}
[2026-06-03 12:16:04.223 Z] [INFO] [cadence.virtuoso.ade.simulationMonitor] - Notice from spectre.
    Multithreading enabled: 8 threads in the system with 48 available processors. {"history": "Interactive.356", "point": 65, "testname": "PTAT", "cornername": "CMOS_VDD_Res_Cap_Temp_63"}
[2026-06-03 12:16:04.223 Z] [INFO] [cadence.virtuoso.ade.simulationMonitor] - Peak resident memory used = 293 Mbytes. {"history": "Interactive.356", "point": 65, "testname": "PTAT", "cornername": "CMOS_VDD_Res_Cap_Temp_63"}
[2026-06-03 12:16:04.223 Z] [INFO] [cadence.virtuoso.ade.simulationMonitor] -    -   (Spectre X) Multi-threading. The recommended number of threads is [4, 8], consider adding +mt=4 or +mt=8 on command line. {"history": "Interactive.356", "point": 65, "testname": "PTAT", "cornername": "CMOS_VDD_Res_Cap_Temp_63"}
[2026-06-03 12:16:04.223 Z] [INFO] [cadence.virtuoso.ade.simulationMonitor] - Notice from spectre during transient analysis `tran'.
    No checklimit analysis defined for asserts. A default checklimit analysis 'SpectreChecklimitAnal' has been created with all asserts enabled. {"history": "Interactive.356", "point": 65, "testname": "PTAT", "cornername": "CMOS_VDD_Res_Cap_Temp_63"}
[2026-06-03 12:16:04.223 Z] [INFO] [cadence.virtuoso.ade.simulationMonitor] - Notice from spectre during IC analysis, during transient analysis `tran'.
    Bad pivoting is found during DC analysis. Option dc_pivot_check=yes is recommended for possible improvement of convergence. {"history": "Interactive.356", "point": 65, "testname": "PTAT", "cornername": "CMOS_VDD_Res_Cap_Temp_63"}
[2026-06-03 12:16:04.223 Z] [WARN] [cadence.virtuoso.ade.simulationMonitor] -     WARNING (CMI-2943): Parameter checks have been ignored because the valid value for parameter 'trise' could not be found in 'C0'. {"history": "Interactive.356", "point": 65, "testname": "PTAT", "cornername": "CMOS_VDD_Res_Cap_Temp_63"}
[2026-06-03 12:16:04.223 Z] [WARN] [cadence.virtuoso.ade.simulationMonitor] -     WARNING (CMI-2943): Parameter checks have been ignored because the valid value for parameter 'trise' could not be found in 'C1'. {"history": "Interactive.356", "point": 65, "testname": "PTAT", "cornername": "CMOS_VDD_Res_Cap_Temp_63"}
[2026-06-03 12:16:04.223 Z] [WARN] [cadence.virtuoso.ade.simulationMonitor] -     WARNING (CMI-2943): Parameter checks have been ignored because the valid value for parameter 'trise' could not be found in 'C11'. {"history": "Interactive.356", "point": 65, "testname": "PTAT", "cornername": "CMOS_VDD_Res_Cap_Temp_63"}
[2026-06-03 12:16:04.223 Z] [WARN] [cadence.virtuoso.ade.simulationMonitor] -     WARNING (CMI-2943): Parameter checks have been ignored because the valid value for parameter 'trise' could not be found in 'C12'. {"history": "Interactive.356", "point": 65, "testname": "PTAT", "cornername": "CMOS_VDD_Res_Cap_Temp_63"}
[2026-06-03 12:16:04.223 Z] [WARN] [cadence.virtuoso.ade.simulationMonitor] -     WARNING (CMI-2943): Parameter checks have been ignored because the valid value for parameter 'trise' could not be found in 'C5'.
        Further occurrences of this warning will be suppressed. {"history": "Interactive.356", "point": 65, "testname": "PTAT", "cornername": "CMOS_VDD_Res_Cap_Temp_63"}
[2026-06-03 12:16:05.728 Z] [INFO] [cadence.virtuoso.ade.simulationMonitor] - Total time required for tran analysis `tran': CPU = 8.0152 s, elapsed = 1.80648 s, util. = 444%. {"history": "Interactive.356", "point": 65, "testname": "PTAT", "cornername": "CMOS_VDD_Res_Cap_Temp_63"}
[2026-06-03 12:16:05.728 Z] [INFO] [cadence.virtuoso.ade.simulationMonitor] - Peak resident memory used = 355 Mbytes. {"history": "Interactive.356", "point": 65, "testname": "PTAT", "cornername": "CMOS_VDD_Res_Cap_Temp_63"}
[2026-06-03 12:16:05.728 Z] [INFO] [cadence.virtuoso.ade.simulationMonitor] - Notice from spectre.
    1071 warnings suppressed. {"history": "Interactive.356", "point": 65, "testname": "PTAT", "cornername": "CMOS_VDD_Res_Cap_Temp_63"}
[2026-06-03 12:16:05.728 Z] [WARN] [cadence.virtuoso.ade.simulationMonitor] -     WARNING (CMI-2425): I7.I0.C0<0>_dummy: `Acde' = 2.393 is unusually large. {"history": "Interactive.356", "point": 65, "testname": "PTAT", "cornername": "CMOS_VDD_Res_Cap_Temp_63"}
[2026-06-03 12:16:05.728 Z] [WARN] [cadence.virtuoso.ade.simulationMonitor] -     WARNING (CMI-2425): I7.I0.C0<0>_dummy: `Noff' = 4.732 is unusually large. {"history": "Interactive.356", "point": 65, "testname": "PTAT", "cornername": "CMOS_VDD_Res_Cap_Temp_63"}
[2026-06-03 12:16:05.728 Z] [WARN] [cadence.virtuoso.ade.simulationMonitor] -     WARNING (CMI-2424): I7.I0.C0<0>_dummy: `Voffcv' = -867.4e-03 is unusually small. {"history": "Interactive.356", "point": 65, "testname": "PTAT", "cornername": "CMOS_VDD_Res_Cap_Temp_63"}
[2026-06-03 12:16:05.728 Z] [WARN] [cadence.virtuoso.ade.simulationMonitor] -     WARNING (CMI-2425): I7.I3.C1<0>_dummy: `Acde' = 2.393 is unusually large. {"history": "Interactive.356", "point": 65, "testname": "PTAT", "cornername": "CMOS_VDD_Res_Cap_Temp_63"}
[2026-06-03 12:16:05.728 Z] [WARN] [cadence.virtuoso.ade.simulationMonitor] -     WARNING (CMI-2425): I7.I3.C1<0>_dummy: `Noff' = 4.732 is unusually large. {"history": "Interactive.356", "point": 65, "testname": "PTAT", "cornername": "CMOS_VDD_Res_Cap_Temp_63"}
[2026-06-03 12:16:05.728 Z] [WARN] [cadence.virtuoso.ade.simulationMonitor] -     WARNING (CMI-2424): I7.I3.C1<0>_dummy: `Voffcv' = -867.4e-03 is unusually small. {"history": "Interactive.356", "point": 65, "testname": "PTAT", "cornername": "CMOS_VDD_Res_Cap_Temp_63"}
[2026-06-03 12:16:05.728 Z] [WARN] [cadence.virtuoso.ade.simulationMonitor] -     WARNING (CMI-2425): I7.I4.C1<0>_dummy: `Acde' = 2.393 is unusually large.
        Further occurrences of this warning will be suppressed. {"history": "Interactive.356", "point": 65, "testname": "PTAT", "cornername": "CMOS_VDD_Res_Cap_Temp_63"}
[2026-06-03 12:16:05.728 Z] [WARN] [cadence.virtuoso.ade.simulationMonitor] -     WARNING (CMI-2424): I7.I4.C1<0>_dummy: `Voffcv' = -867.4e-03 is unusually small. {"history": "Interactive.356", "point": 65, "testname": "PTAT", "cornername": "CMOS_VDD_Res_Cap_Temp_63"}
[2026-06-03 12:16:06.231 Z] [INFO] [cadence.virtuoso.ade.simulationMonitor] - Notice from spectre.
    1 warning suppressed. {"history": "Interactive.356", "point": 65, "testname": "PTAT", "cornername": "CMOS_VDD_Res_Cap_Temp_63"}
[2026-06-03 12:16:06.231 Z] [WARN] [cadence.virtuoso.ade.simulationMonitor] -     WARNING (CMI-2425): I7.I0.C0<0>_dummy: `Acde' = 2.393 is unusually large. {"history": "Interactive.356", "point": 65, "testname": "PTAT", "cornername": "CMOS_VDD_Res_Cap_Temp_63"}
[2026-06-03 12:16:06.231 Z] [WARN] [cadence.virtuoso.ade.simulationMonitor] -     WARNING (CMI-2425): I7.I0.C0<0>_dummy: `Noff' = 4.732 is unusually large. {"history": "Interactive.356", "point": 65, "testname": "PTAT", "cornername": "CMOS_VDD_Res_Cap_Temp_63"}
[2026-06-03 12:16:06.231 Z] [WARN] [cadence.virtuoso.ade.simulationMonitor] -     WARNING (CMI-2424): I7.I0.C0<0>_dummy: `Voffcv' = -867.4e-03 is unusually small. {"history": "Interactive.356", "point": 65, "testname": "PTAT", "cornername": "CMOS_VDD_Res_Cap_Temp_63"}
[2026-06-03 12:16:06.231 Z] [WARN] [cadence.virtuoso.ade.simulationMonitor] -     WARNING (CMI-2425): I7.I3.C1<0>_dummy: `Acde' = 2.393 is unusually large. {"history": "Interactive.356", "point": 65, "testname": "PTAT", "cornername": "CMOS_VDD_Res_Cap_Temp_63"}
[2026-06-03 12:16:06.231 Z] [WARN] [cadence.virtuoso.ade.simulationMonitor] -     WARNING (CMI-2425): I7.I3.C1<0>_dummy: `Noff' = 4.732 is unusually large. {"history": "Interactive.356", "point": 65, "testname": "PTAT", "cornername": "CMOS_VDD_Res_Cap_Temp_63"}
[2026-06-03 12:16:06.231 Z] [WARN] [cadence.virtuoso.ade.simulationMonitor] -     WARNING (CMI-2424): I7.I3.C1<0>_dummy: `Voffcv' = -867.4e-03 is unusually small. {"history": "Interactive.356", "point": 65, "testname": "PTAT", "cornername": "CMOS_VDD_Res_Cap_Temp_63"}
[2026-06-03 12:16:06.231 Z] [WARN] [cadence.virtuoso.ade.simulationMonitor] -     WARNING (CMI-2425): I7.I4.C1<0>_dummy: `Acde' = 2.393 is unusually large.
        Further occurrences of this warning will be suppressed. {"history": "Interactive.356", "point": 65, "testname": "PTAT", "cornername": "CMOS_VDD_Res_Cap_Temp_63"}
[2026-06-03 12:16:06.231 Z] [WARN] [cadence.virtuoso.ade.simulationMonitor] -     WARNING (CMI-2424): I7.I4.C1<0>_dummy: `Voffcv' = -867.4e-03 is unusually small. {"history": "Interactive.356", "point": 65, "testname": "PTAT", "cornername": "CMOS_VDD_Res_Cap_Temp_63"}
[2026-06-03 12:16:06.231 Z] [INFO] [cadence.virtuoso.ade.simulationMonitor] - Notice from spectre.
    1 warning suppressed. {"history": "Interactive.356", "point": 65, "testname": "PTAT", "cornername": "CMOS_VDD_Res_Cap_Temp_63"}
[2026-06-03 12:16:06.231 Z] [INFO] [cadence.virtuoso.ade.simulationMonitor] - Time used: CPU = 13.6 s, elapsed = 8.03 s, util. = 169%. {"history": "Interactive.356", "point": 65, "testname": "PTAT", "cornername": "CMOS_VDD_Res_Cap_Temp_63"}
[2026-06-03 12:16:06.231 Z] [INFO] [cadence.virtuoso.ade.simulationMonitor] - Time spent in licensing: elapsed = 211 ms. {"history": "Interactive.356", "point": 65, "testname": "PTAT", "cornername": "CMOS_VDD_Res_Cap_Temp_63"}
[2026-06-03 12:16:06.231 Z] [INFO] [cadence.virtuoso.ade.simulationMonitor] - Peak memory used = 355 Mbytes. {"history": "Interactive.356", "point": 65, "testname": "PTAT", "cornername": "CMOS_VDD_Res_Cap_Temp_63"}
[2026-06-03 12:16:06.231 Z] [PROCESS] [cadence.virtuoso.ade.simulationMonitor] - Simulation started at: 12:15:57 PM, Wed Jun 3, 2026, ended at: 12:16:05 PM, Wed Jun 3, 2026, with elapsed time (wall clock): 8.03 s. {"history": "Interactive.356", "point": 65, "testname": "PTAT", "cornername": "CMOS_VDD_Res_Cap_Temp_63"}
[2026-06-03 12:16:06.231 Z] [PROCESS] [cadence.virtuoso.ade.simulationMonitor] - spectre completes with 0 errors, 75 warnings, and 28 notices. {"history": "Interactive.356", "point": 65, "testname": "PTAT", "cornername": "CMOS_VDD_Res_Cap_Temp_63"}
[2026-06-03 12:16:06.231 Z] [PROCESS] [cadence.virtuoso.ade.simulationMonitor] - Finished simulating for one point {"hostname": "il2244vt26_hrahimi", "processid": 2498769, "history": "Interactive.356", "testname": "PTAT", "cornername": "CMOS_VDD_Res_Cap_Temp_63", "point": 65, "logfile": "/home/hrahimi/projects/POTENTIOSTAT_26/logs_hrahimi/logs0/Job19.log", "simid": "21"}
[2026-06-03 12:16:06.231 Z] [PROCESS] [cadence.virtuoso.ade.simulationMonitor] - Simulator exited {"hostname": "il2244vt26_hrahimi", "processid": 2498769, "history": "Interactive.356", "testname": "PTAT", "cornername": "CMOS_VDD_Res_Cap_Temp_63", "point": 65, "logfile": "/home/hrahimi/projects/POTENTIOSTAT_26/logs_hrahimi/logs0/Job19.log", "exitStatus": "0"}
[2026-06-03 12:16:06.231 Z] [PROCESS] [cadence.virtuoso.ade.simulationMonitor] - Finished Simulation {"hostname": "il2244vt26_hrahimi", "processid": 2498769, "history": "Interactive.356", "testname": "PTAT", "cornername": "CMOS_VDD_Res_Cap_Temp_63", "point": 65, "logfile": "/home/hrahimi/projects/POTENTIOSTAT_26/logs_hrahimi/logs0/Job19.log", "simid": "21"}
[2026-06-03 12:16:10.752 Z] [PROCESS] [cadence.virtuoso.ade.simulationMonitor] - Point Finished {"hostname": "il2244vt26_hrahimi", "processid": 2498769, "history": "Interactive.356", "testname": "PTAT", "cornername": "CMOS_VDD_Res_Cap_Temp_63", "point": 65, "logfile": "/home/hrahimi/projects/POTENTIOSTAT_26/logs_hrahimi/logs0/Job19.log"}
[2026-06-03 12:16:11.758 Z] [PROCESS] [cadence.virtuoso.ade.simulationMonitor] - Stay with the runId '12', Linger time '300', currentRunSyn '24', currentTestSyn '47' {"hostname": "il2244vt26_hrahimi", "processid": 2498769, "history": "Interactive.356", "testname": "PTAT", "cornername": "CMOS_VDD_Res_Cap_Temp_63", "point": 65, "logfile": "/home/hrahimi/projects/POTENTIOSTAT_26/logs_hrahimi/logs0/Job19.log"}
[2026-06-03 12:16:12.758 Z] [PROCESS] [cadence.virtuoso.ade.simulationMonitor] - Stay with the runId '12', Linger time '300', currentRunSyn '24', currentTestSyn '47' {"hostname": "il2244vt26_hrahimi", "processid": 2498769, "history": "Interactive.356", "testname": "PTAT", "cornername": "CMOS_VDD_Res_Cap_Temp_63", "point": 65, "logfile": "/home/hrahimi/projects/POTENTIOSTAT_26/logs_hrahimi/logs0/Job19.log"}
[2026-06-03 12:16:13.760 Z] [PROCESS] [cadence.virtuoso.ade.simulationMonitor] - Stay with the runId '12', Linger time '300', currentRunSyn '24', currentTestSyn '47' {"hostname": "il2244vt26_hrahimi", "processid": 2498769, "history": "Interactive.356", "testname": "PTAT", "cornername": "CMOS_VDD_Res_Cap_Temp_63", "point": 65, "logfile": "/home/hrahimi/projects/POTENTIOSTAT_26/logs_hrahimi/logs0/Job19.log"}
[2026-06-03 12:16:14.760 Z] [PROCESS] [cadence.virtuoso.ade.simulationMonitor] - Stay with the runId '12', Linger time '300', currentRunSyn '24', currentTestSyn '47' {"hostname": "il2244vt26_hrahimi", "processid": 2498769, "history": "Interactive.356", "testname": "PTAT", "cornername": "CMOS_VDD_Res_Cap_Temp_63", "point": 65, "logfile": "/home/hrahimi/projects/POTENTIOSTAT_26/logs_hrahimi/logs0/Job19.log"}
[2026-06-03 12:16:15.760 Z] [PROCESS] [cadence.virtuoso.ade.simulationMonitor] - Stay with the runId '12', Linger time '300', currentRunSyn '24', currentTestSyn '47' {"hostname": "il2244vt26_hrahimi", "processid": 2498769, "history": "Interactive.356", "testname": "PTAT", "cornername": "CMOS_VDD_Res_Cap_Temp_63", "point": 65, "logfile": "/home/hrahimi/projects/POTENTIOSTAT_26/logs_hrahimi/logs0/Job19.log"}
[2026-06-03 12:16:16.762 Z] [PROCESS] [cadence.virtuoso.ade.simulationMonitor] - Stay with the runId '12', Linger time '300', currentRunSyn '24', currentTestSyn '47' {"hostname": "il2244vt26_hrahimi", "processid": 2498769, "history": "Interactive.356", "testname": "PTAT", "cornername": "CMOS_VDD_Res_Cap_Temp_63", "point": 65, "logfile": "/home/hrahimi/projects/POTENTIOSTAT_26/logs_hrahimi/logs0/Job19.log"}
[2026-06-03 12:16:17.762 Z] [PROCESS] [cadence.virtuoso.ade.simulationMonitor] - Stay with the runId '12', Linger time '300', currentRunSyn '24', currentTestSyn '47' {"hostname": "il2244vt26_hrahimi", "processid": 2498769, "history": "Interactive.356", "testname": "PTAT", "cornername": "CMOS_VDD_Res_Cap_Temp_63", "point": 65, "logfile": "/home/hrahimi/projects/POTENTIOSTAT_26/logs_hrahimi/logs0/Job19.log"}
[2026-06-03 12:16:18.763 Z] [PROCESS] [cadence.virtuoso.ade.simulationMonitor] - Stay with the runId '12', Linger time '300', currentRunSyn '24', currentTestSyn '47' {"hostname": "il2244vt26_hrahimi", "processid": 2498769, "history": "Interactive.356", "testname": "PTAT", "cornername": "CMOS_VDD_Res_Cap_Temp_63", "point": 65, "logfile": "/home/hrahimi/projects/POTENTIOSTAT_26/logs_hrahimi/logs0/Job19.log"}
[2026-06-03 12:16:19.763 Z] [PROCESS] [cadence.virtuoso.ade.simulationMonitor] - Stay with the runId '12', Linger time '300', currentRunSyn '24', currentTestSyn '47' {"hostname": "il2244vt26_hrahimi", "processid": 2498769, "history": "Interactive.356", "testname": "PTAT", "cornername": "CMOS_VDD_Res_Cap_Temp_63", "point": 65, "logfile": "/home/hrahimi/projects/POTENTIOSTAT_26/logs_hrahimi/logs0/Job19.log"}
[2026-06-03 12:16:20.764 Z] [PROCESS] [cadence.virtuoso.ade.simulationMonitor] - Stay with the runId '12', Linger time '300', currentRunSyn '24', currentTestSyn '47' {"hostname": "il2244vt26_hrahimi", "processid": 2498769, "history": "Interactive.356", "testname": "PTAT", "cornername": "CMOS_VDD_Res_Cap_Temp_63", "point": 65, "logfile": "/home/hrahimi/projects/POTENTIOSTAT_26/logs_hrahimi/logs0/Job19.log"}
[2026-06-03 12:16:21.765 Z] [PROCESS] [cadence.virtuoso.ade.simulationMonitor] - Stay with the runId '12', Linger time '300', currentRunSyn '24', currentTestSyn '47' {"hostname": "il2244vt26_hrahimi", "processid": 2498769, "history": "Interactive.356", "testname": "PTAT", "cornername": "CMOS_VDD_Res_Cap_Temp_63", "point": 65, "logfile": "/home/hrahimi/projects/POTENTIOSTAT_26/logs_hrahimi/logs0/Job19.log"}
[2026-06-03 12:16:22.765 Z] [PROCESS] [cadence.virtuoso.ade.simulationMonitor] - Stay with the runId '12', Linger time '300', currentRunSyn '24', currentTestSyn '47' {"hostname": "il2244vt26_hrahimi", "processid": 2498769, "history": "Interactive.356", "testname": "PTAT", "cornername": "CMOS_VDD_Res_Cap_Temp_63", "point": 65, "logfile": "/home/hrahimi/projects/POTENTIOSTAT_26/logs_hrahimi/logs0/Job19.log"}
[2026-06-03 12:16:23.766 Z] [PROCESS] [cadence.virtuoso.ade.simulationMonitor] - Stay with the runId '12', Linger time '300', currentRunSyn '24', currentTestSyn '47' {"hostname": "il2244vt26_hrahimi", "processid": 2498769, "history": "Interactive.356", "testname": "PTAT", "cornername": "CMOS_VDD_Res_Cap_Temp_63", "point": 65, "logfile": "/home/hrahimi/projects/POTENTIOSTAT_26/logs_hrahimi/logs0/Job19.log"}
[2026-06-03 12:16:24.767 Z] [PROCESS] [cadence.virtuoso.ade.simulationMonitor] - Stay with the runId '12', Linger time '300', currentRunSyn '24', currentTestSyn '47' {"hostname": "il2244vt26_hrahimi", "processid": 2498769, "history": "Interactive.356", "testname": "PTAT", "cornername": "CMOS_VDD_Res_Cap_Temp_63", "point": 65, "logfile": "/home/hrahimi/projects/POTENTIOSTAT_26/logs_hrahimi/logs0/Job19.log"}
[2026-06-03 12:16:25.770 Z] [PROCESS] [cadence.virtuoso.ade.simulationMonitor] - Stay with the runId '12', Linger time '300', currentRunSyn '24', currentTestSyn '47' {"hostname": "il2244vt26_hrahimi", "processid": 2498769, "history": "Interactive.356", "testname": "PTAT", "cornername": "CMOS_VDD_Res_Cap_Temp_63", "point": 65, "logfile": "/home/hrahimi/projects/POTENTIOSTAT_26/logs_hrahimi/logs0/Job19.log"}
[2026-06-03 12:16:26.772 Z] [PROCESS] [cadence.virtuoso.ade.simulationMonitor] - Stay with the runId '12', Linger time '300', currentRunSyn '24', currentTestSyn '47' {"hostname": "il2244vt26_hrahimi", "processid": 2498769, "history": "Interactive.356", "testname": "PTAT", "cornername": "CMOS_VDD_Res_Cap_Temp_63", "point": 65, "logfile": "/home/hrahimi/projects/POTENTIOSTAT_26/logs_hrahimi/logs0/Job19.log"}
[2026-06-03 12:16:27.775 Z] [PROCESS] [cadence.virtuoso.ade.simulationMonitor] - Stay with the runId '12', Linger time '300', currentRunSyn '24', currentTestSyn '47' {"hostname": "il2244vt26_hrahimi", "processid": 2498769, "history": "Interactive.356", "testname": "PTAT", "cornername": "CMOS_VDD_Res_Cap_Temp_63", "point": 65, "logfile": "/home/hrahimi/projects/POTENTIOSTAT_26/logs_hrahimi/logs0/Job19.log"}
[2026-06-03 12:16:28.778 Z] [PROCESS] [cadence.virtuoso.ade.simulationMonitor] - Stay with the runId '12', Linger time '300', currentRunSyn '24', currentTestSyn '47' {"hostname": "il2244vt26_hrahimi", "processid": 2498769, "history": "Interactive.356", "testname": "PTAT", "cornername": "CMOS_VDD_Res_Cap_Temp_63", "point": 65, "logfile": "/home/hrahimi/projects/POTENTIOSTAT_26/logs_hrahimi/logs0/Job19.log"}
[2026-06-03 12:16:29.782 Z] [PROCESS] [cadence.virtuoso.ade.simulationMonitor] - Stay with the runId '12', Linger time '300', currentRunSyn '24', currentTestSyn '47' {"hostname": "il2244vt26_hrahimi", "processid": 2498769, "history": "Interactive.356", "testname": "PTAT", "cornername": "CMOS_VDD_Res_Cap_Temp_63", "point": 65, "logfile": "/home/hrahimi/projects/POTENTIOSTAT_26/logs_hrahimi/logs0/Job19.log"}
[2026-06-03 12:16:30.782 Z] [PROCESS] [cadence.virtuoso.ade.simulationMonitor] - Stay with the runId '12', Linger time '300', currentRunSyn '24', currentTestSyn '47' {"hostname": "il2244vt26_hrahimi", "processid": 2498769, "history": "Interactive.356", "testname": "PTAT", "cornername": "CMOS_VDD_Res_Cap_Temp_63", "point": 65, "logfile": "/home/hrahimi/projects/POTENTIOSTAT_26/logs_hrahimi/logs0/Job19.log"}
[2026-06-03 12:16:31.783 Z] [PROCESS] [cadence.virtuoso.ade.simulationMonitor] - Stay with the runId '12', Linger time '300', currentRunSyn '24', currentTestSyn '47' {"hostname": "il2244vt26_hrahimi", "processid": 2498769, "history": "Interactive.356", "testname": "PTAT", "cornername": "CMOS_VDD_Res_Cap_Temp_63", "point": 65, "logfile": "/home/hrahimi/projects/POTENTIOSTAT_26/logs_hrahimi/logs0/Job19.log"}
[2026-06-03 12:16:32.786 Z] [PROCESS] [cadence.virtuoso.ade.simulationMonitor] - Stay with the runId '12', Linger time '300', currentRunSyn '24', currentTestSyn '47' {"hostname": "il2244vt26_hrahimi", "processid": 2498769, "history": "Interactive.356", "testname": "PTAT", "cornername": "CMOS_VDD_Res_Cap_Temp_63", "point": 65, "logfile": "/home/hrahimi/projects/POTENTIOSTAT_26/logs_hrahimi/logs0/Job19.log"}
[2026-06-03 12:16:33.787 Z] [PROCESS] [cadence.virtuoso.ade.simulationMonitor] - Stay with the runId '12', Linger time '300', currentRunSyn '24', currentTestSyn '47' {"hostname": "il2244vt26_hrahimi", "processid": 2498769, "history": "Interactive.356", "testname": "PTAT", "cornername": "CMOS_VDD_Res_Cap_Temp_63", "point": 65, "logfile": "/home/hrahimi/projects/POTENTIOSTAT_26/logs_hrahimi/logs0/Job19.log"}
[2026-06-03 12:16:34.788 Z] [PROCESS] [cadence.virtuoso.ade.simulationMonitor] - Stay with the runId '12', Linger time '300', currentRunSyn '24', currentTestSyn '47' {"hostname": "il2244vt26_hrahimi", "processid": 2498769, "history": "Interactive.356", "testname": "PTAT", "cornername": "CMOS_VDD_Res_Cap_Temp_63", "point": 65, "logfile": "/home/hrahimi/projects/POTENTIOSTAT_26/logs_hrahimi/logs0/Job19.log"}
[2026-06-03 12:16:35.789 Z] [PROCESS] [cadence.virtuoso.ade.simulationMonitor] - Stay with the runId '12', Linger time '300', currentRunSyn '24', currentTestSyn '47' {"hostname": "il2244vt26_hrahimi", "processid": 2498769, "history": "Interactive.356", "testname": "PTAT", "cornername": "CMOS_VDD_Res_Cap_Temp_63", "point": 65, "logfile": "/home/hrahimi/projects/POTENTIOSTAT_26/logs_hrahimi/logs0/Job19.log"}
[2026-06-03 12:16:36.793 Z] [PROCESS] [cadence.virtuoso.ade.simulationMonitor] - Stay with the runId '12', Linger time '300', currentRunSyn '24', currentTestSyn '47' {"hostname": "il2244vt26_hrahimi", "processid": 2498769, "history": "Interactive.356", "testname": "PTAT", "cornername": "CMOS_VDD_Res_Cap_Temp_63", "point": 65, "logfile": "/home/hrahimi/projects/POTENTIOSTAT_26/logs_hrahimi/logs0/Job19.log"}
[2026-06-03 12:16:37.794 Z] [PROCESS] [cadence.virtuoso.ade.simulationMonitor] - Stay with the runId '12', Linger time '300', currentRunSyn '24', currentTestSyn '47' {"hostname": "il2244vt26_hrahimi", "processid": 2498769, "history": "Interactive.356", "testname": "PTAT", "cornername": "CMOS_VDD_Res_Cap_Temp_63", "point": 65, "logfile": "/home/hrahimi/projects/POTENTIOSTAT_26/logs_hrahimi/logs0/Job19.log"}
[2026-06-03 12:16:38.801 Z] [PROCESS] [cadence.virtuoso.ade.simulationMonitor] - Stay with the runId '12', Linger time '300', currentRunSyn '24', currentTestSyn '47' {"hostname": "il2244vt26_hrahimi", "processid": 2498769, "history": "Interactive.356", "testname": "PTAT", "cornername": "CMOS_VDD_Res_Cap_Temp_63", "point": 65, "logfile": "/home/hrahimi/projects/POTENTIOSTAT_26/logs_hrahimi/logs0/Job19.log"}
[2026-06-03 12:16:39.803 Z] [PROCESS] [cadence.virtuoso.ade.simulationMonitor] - Stay with the runId '12', Linger time '300', currentRunSyn '24', currentTestSyn '47' {"hostname": "il2244vt26_hrahimi", "processid": 2498769, "history": "Interactive.356", "testname": "PTAT", "cornername": "CMOS_VDD_Res_Cap_Temp_63", "point": 65, "logfile": "/home/hrahimi/projects/POTENTIOSTAT_26/logs_hrahimi/logs0/Job19.log"}
[2026-06-03 12:16:40.809 Z] [PROCESS] [cadence.virtuoso.ade.simulationMonitor] - Stay with the runId '12', Linger time '300', currentRunSyn '24', currentTestSyn '47' {"hostname": "il2244vt26_hrahimi", "processid": 2498769, "history": "Interactive.356", "testname": "PTAT", "cornername": "CMOS_VDD_Res_Cap_Temp_63", "point": 65, "logfile": "/home/hrahimi/projects/POTENTIOSTAT_26/logs_hrahimi/logs0/Job19.log"}
[2026-06-03 12:16:41.808 Z] [PROCESS] [cadence.virtuoso.ade.simulationMonitor] - Stay with the runId '12', Linger time '300', currentRunSyn '24', currentTestSyn '47' {"hostname": "il2244vt26_hrahimi", "processid": 2498769, "history": "Interactive.356", "testname": "PTAT", "cornername": "CMOS_VDD_Res_Cap_Temp_63", "point": 65, "logfile": "/home/hrahimi/projects/POTENTIOSTAT_26/logs_hrahimi/logs0/Job19.log"}
[2026-06-03 12:16:42.812 Z] [PROCESS] [cadence.virtuoso.ade.simulationMonitor] - Stay with the runId '12', Linger time '300', currentRunSyn '24', currentTestSyn '47' {"hostname": "il2244vt26_hrahimi", "processid": 2498769, "history": "Interactive.356", "testname": "PTAT", "cornername": "CMOS_VDD_Res_Cap_Temp_63", "point": 65, "logfile": "/home/hrahimi/projects/POTENTIOSTAT_26/logs_hrahimi/logs0/Job19.log"}
[2026-06-03 12:16:43.814 Z] [PROCESS] [cadence.virtuoso.ade.simulationMonitor] - Stay with the runId '12', Linger time '300', currentRunSyn '24', currentTestSyn '47' {"hostname": "il2244vt26_hrahimi", "processid": 2498769, "history": "Interactive.356", "testname": "PTAT", "cornername": "CMOS_VDD_Res_Cap_Temp_63", "point": 65, "logfile": "/home/hrahimi/projects/POTENTIOSTAT_26/logs_hrahimi/logs0/Job19.log"}
[2026-06-03 12:16:44.815 Z] [PROCESS] [cadence.virtuoso.ade.simulationMonitor] - Stay with the runId '12', Linger time '300', currentRunSyn '24', currentTestSyn '47' {"hostname": "il2244vt26_hrahimi", "processid": 2498769, "history": "Interactive.356", "testname": "PTAT", "cornername": "CMOS_VDD_Res_Cap_Temp_63", "point": 65, "logfile": "/home/hrahimi/projects/POTENTIOSTAT_26/logs_hrahimi/logs0/Job19.log"}
[2026-06-03 12:16:45.814 Z] [PROCESS] [cadence.virtuoso.ade.simulationMonitor] - Stay with the runId '12', Linger time '300', currentRunSyn '24', currentTestSyn '47' {"hostname": "il2244vt26_hrahimi", "processid": 2498769, "history": "Interactive.356", "testname": "PTAT", "cornername": "CMOS_VDD_Res_Cap_Temp_63", "point": 65, "logfile": "/home/hrahimi/projects/POTENTIOSTAT_26/logs_hrahimi/logs0/Job19.log"}
[2026-06-03 12:21:13.146 Z] [PROCESS] [cadence.virtuoso.ade.simulationMonitor] - Current memory used: 53.1797 MBytes, peak memory used: 53.1797 MBytes {"hostname": "il2244vt26_hrahimi", "processid": 2498769, "history": "Interactive.356", "testname": "PTAT", "cornername": "CMOS_VDD_Res_Cap_Temp_63", "point": 65, "logfile": "/home/hrahimi/projects/POTENTIOSTAT_26/logs_hrahimi/logs0/Job19.log"}
[2026-06-03 12:21:13.146 Z] [PROCESS] [cadence.virtuoso.ade.simulationMonitor] - Simulation Monitor process exit. {"hostname": "il2244vt26_hrahimi", "processid": 2498769, "history": "Interactive.356", "testname": "PTAT", "cornername": "CMOS_VDD_Res_Cap_Temp_63", "point": 65, "logfile": "/home/hrahimi/projects/POTENTIOSTAT_26/logs_hrahimi/logs0/Job19.log"}
