[Simulation Monitor: 102]
[2026-06-05 16:40:16.772 Z] [PROCESS] [cadence.virtuoso.ade.simulationMonitor] - Simulation Monitor has successfully started up. Trying to set up communication channels to other components ... {"hostname": "il2244vt26_hrahimi", "processid": 3405815, "logfile": "/home/hrahimi/projects/POTENTIOSTAT_26/logs_hrahimi/logs0/Job102.log"}
[2026-06-05 16:40:16.775 Z] [PROCESS] [cadence.virtuoso.ade.simulationMonitor] - Communication channels have been successfully set up. Start processing events ... {"hostname": "il2244vt26_hrahimi", "processid": 3405815, "logfile": "/home/hrahimi/projects/POTENTIOSTAT_26/logs_hrahimi/logs0/Job102.log"}
[2026-06-05 16:40:16.776 Z] [PROCESS] [cadence.virtuoso.ade.simulationMonitor] - Considering to start history {"hostname": "il2244vt26_hrahimi", "processid": 3405815, "history": "MonteCarlo.6", "logfile": "/home/hrahimi/projects/POTENTIOSTAT_26/logs_hrahimi/logs0/Job102.log"}
[2026-06-05 16:40:17.791 Z] [PROCESS] [cadence.virtuoso.ade.simulationMonitor] - HostInfo:
Host name (type):	il2244vt26_hrahimi (x86_64)
Operating system:	Linux 5.15.0-164-generic #174-Ubuntu SMP Fri Nov 14 20:25:16 UTC 2025 {"hostname": "il2244vt26_hrahimi", "processid": 3405815, "history": "MonteCarlo.6", "testname": "PTAT_MC", "cornername": "Nominal", "point": 103, "logfile": "/home/hrahimi/projects/POTENTIOSTAT_26/logs_hrahimi/logs0/Job102.log", "nodename": "il2244vt26_hrahimi", "domainname": "(none)", "machine": "x86_64", "sysname": "Linux", "release": "5.15.0-164-generic", "version": "#174-Ubuntu SMP Fri Nov 14 20:25:16 UTC 2025"}
[2026-06-05 16:40:17.792 Z] [PROCESS] [cadence.virtuoso.ade.simulationMonitor] - UsageInfo:
pid=3405815
totalPhysicalMemory=3023.749672GB,Used=2840.430080GB,totalVirtualMemory=3031.749668GB,Used=2840.538479GB
Cpu: Cores=48, Load average:54.850000,38.130000,33.710000 {"hostname": "il2244vt26_hrahimi", "processid": 3405815, "history": "MonteCarlo.6", "testname": "PTAT_MC", "cornername": "Nominal", "point": 103, "logfile": "/home/hrahimi/projects/POTENTIOSTAT_26/logs_hrahimi/logs0/Job102.log", "pid": "3405815", "totalPhysicalMemory": "3023.749672", "physicalMemoryUsed": "2840.430080", "totalVirtualMemory": "3031.749668", "virtualMemoryUsed": "2840.538479", "cpuCores": "48", "processes": "30227", "loadAverage1": "54.850000", "loadAverage5": "38.130000", "loadAverage15": "33.710000", "loadAverage1Percent": "1.142708"}
[2026-06-05 16:40:17.795 Z] [EVENT] [cadence.virtuoso.ade.simulationMonitor] - GroupPoints {"history": "MonteCarlo.6", "point": 103, "testname": "PTAT_MC", "cornername": "Nominal", "event": "GroupPoints", "EventSource": "Simulation Monitor", "Points": "103:1:136", "HistoryName": "MonteCarlo.6", "logFile": "/home/hrahimi/projects/POTENTIOSTAT_26/logs_hrahimi/logs0/Job102.log", "logFileSize": "2409"}
[2026-06-05 16:40:17.898 Z] [EVENT] [cadence.virtuoso.ade.simulationMonitor] - GroupPoints {"history": "MonteCarlo.6", "point": 103, "testname": "PTAT_MC", "cornername": "Nominal", "event": "GroupPoints", "EventSource": "spectre", "Points": "103:1:136", "HistoryName": "MonteCarlo.6", "logFile": "/home/hrahimi/projects/POTENTIOSTAT_26/Sim/Potentiostat_Top/top/maestro/results/maestro/MonteCarlo.6/103/PTAT_MC/groupRunDataDir/psf/spectre.out", "logFileSize": "-1"}
[2026-06-05 16:40:17.922 Z] [PROCESS] [cadence.virtuoso.ade.simulationMonitor] - Simulator launched {"hostname": "il2244vt26_hrahimi", "processid": 3405815, "history": "MonteCarlo.6", "testname": "PTAT_MC", "cornername": "Nominal", "point": 103, "logfile": "/home/hrahimi/projects/POTENTIOSTAT_26/logs_hrahimi/logs0/Job102.log", "simid": "1"}
[2026-06-05 16:40:17.927 Z] [PROCESS] [cadence.virtuoso.ade.simulationMonitor] - Expression evaluator launched {"hostname": "il2244vt26_hrahimi", "processid": 3405815, "history": "MonteCarlo.6", "testname": "PTAT_MC", "cornername": "Nominal", "point": 103, "logfile": "/home/hrahimi/projects/POTENTIOSTAT_26/logs_hrahimi/logs0/Job102.log"}
[2026-06-05 16:40:18.145 Z] [PROCESS] [cadence.virtuoso.ade.simulationMonitor] - Started Simulation {"hostname": "il2244vt26_hrahimi", "processid": 3405815, "history": "MonteCarlo.6", "testname": "PTAT_MC", "cornername": "Nominal", "point": 103, "logfile": "/home/hrahimi/projects/POTENTIOSTAT_26/logs_hrahimi/logs0/Job102.log", "event": "started", "task": "simulation"}
[2026-06-05 16:40:19.147 Z] [WARN] [cadence.virtuoso.ade.simulationMonitor] -     WARNING (SPECTRE-691): This CPU processor does not support x86 advanced vector extensions instructions. This may affect math operations and slow down the simulation. {"history": "MonteCarlo.6", "point": 103, "testname": "PTAT_MC", "cornername": "Nominal"}
[2026-06-05 16:40:19.148 Z] [INFO] [cadence.virtuoso.ade.simulationMonitor] - Notice from spectre during circuit read-in.
    Pre_Configuration file used: /opt/tools/cadence/installs/SPECTRE241/tools.lnx86/spectre/etc/configs/preset.precfg
    Configuration file used: `/opt/tools/cadence/installs/SPECTRE241/tools.lnx86/spectre/etc/configs/preset.cfg'. {"history": "MonteCarlo.6", "point": 103, "testname": "PTAT_MC", "cornername": "Nominal"}
[2026-06-05 16:40:19.148 Z] [WARN] [cadence.virtuoso.ade.simulationMonitor] -     WARNING (SPECTRE-8360): line 1511: `ac' is an undefined primitive device. {"history": "MonteCarlo.6", "point": 103, "testname": "PTAT_MC", "cornername": "Nominal"}
[2026-06-05 16:40:19.149 Z] [WARN] [cadence.virtuoso.ade.simulationMonitor] -     WARNING (SPECTRE-8360): line 1512: `ac' is an undefined primitive device. {"history": "MonteCarlo.6", "point": 103, "testname": "PTAT_MC", "cornername": "Nominal"}
[2026-06-05 16:40:19.150 Z] [WARN] [cadence.virtuoso.ade.simulationMonitor] -     WARNING (SPECTRE-8360): line 1513: `ac' is an undefined primitive device. {"history": "MonteCarlo.6", "point": 103, "testname": "PTAT_MC", "cornername": "Nominal"}
[2026-06-05 16:40:19.150 Z] [WARN] [cadence.virtuoso.ade.simulationMonitor] -     WARNING (SPECTRE-8360): line 1514: `ac' is an undefined primitive device. {"history": "MonteCarlo.6", "point": 103, "testname": "PTAT_MC", "cornername": "Nominal"}
[2026-06-05 16:40:19.151 Z] [WARN] [cadence.virtuoso.ade.simulationMonitor] -     WARNING (SPECTRE-8360): line 1515: `ac' is an undefined primitive device.
        Further occurrences of this warning will be suppressed. {"history": "MonteCarlo.6", "point": 103, "testname": "PTAT_MC", "cornername": "Nominal"}
[2026-06-05 16:40:19.152 Z] [WARN] [cadence.virtuoso.ade.simulationMonitor] -     WARNING (VACOMP-2435): The environment variable CDS_AHDLCMI_ENABLE is no longer supported. Therefore, the simulator will use the default compiled C code flow. {"history": "MonteCarlo.6", "point": 103, "testname": "PTAT_MC", "cornername": "Nominal"}
[2026-06-05 16:40:20.159 Z] [INFO] [cadence.virtuoso.ade.simulationMonitor] - Peak resident memory used = 218 Mbytes. {"history": "MonteCarlo.6", "point": 103, "testname": "PTAT_MC", "cornername": "Nominal"}
[2026-06-05 16:40:27.691 Z] [WARN] [cadence.virtuoso.ade.simulationMonitor] -     WARNING (SFE-3027): The dangling resistor I2.rb92 is removed. {"history": "MonteCarlo.6", "point": 103, "testname": "PTAT_MC", "cornername": "Nominal"}
[2026-06-05 16:40:27.692 Z] [WARN] [cadence.virtuoso.ade.simulationMonitor] -     WARNING (SFE-3027): The dangling resistor I2.rb317 is removed. {"history": "MonteCarlo.6", "point": 103, "testname": "PTAT_MC", "cornername": "Nominal"}
[2026-06-05 16:40:27.693 Z] [WARN] [cadence.virtuoso.ade.simulationMonitor] -     WARNING (SFE-3027): The dangling resistor I2.rd794 is removed. {"history": "MonteCarlo.6", "point": 103, "testname": "PTAT_MC", "cornername": "Nominal"}
[2026-06-05 16:40:27.693 Z] [WARN] [cadence.virtuoso.ade.simulationMonitor] -     WARNING (SFE-3027): The dangling resistor I2.re1359 is removed. {"history": "MonteCarlo.6", "point": 103, "testname": "PTAT_MC", "cornername": "Nominal"}
[2026-06-05 16:40:27.693 Z] [WARN] [cadence.virtuoso.ade.simulationMonitor] -     WARNING (SFE-3027): The dangling resistor I2.rb241 is removed.
        Further occurrences of this warning will be suppressed. {"history": "MonteCarlo.6", "point": 103, "testname": "PTAT_MC", "cornername": "Nominal"}
[2026-06-05 16:40:27.694 Z] [WARN] [cadence.virtuoso.ade.simulationMonitor] -     WARNING (SFE-3012): The dummy device I0.I44.DLIB12 is removed. {"history": "MonteCarlo.6", "point": 103, "testname": "PTAT_MC", "cornername": "Nominal"}
[2026-06-05 16:40:27.694 Z] [WARN] [cadence.virtuoso.ade.simulationMonitor] -     WARNING (SFE-3012): The dummy device I0.I16.DLIB9 is removed. {"history": "MonteCarlo.6", "point": 103, "testname": "PTAT_MC", "cornername": "Nominal"}
[2026-06-05 16:40:27.695 Z] [WARN] [cadence.virtuoso.ade.simulationMonitor] -     WARNING (SFE-3012): The dummy device I0.I44.DLIB11 is removed. {"history": "MonteCarlo.6", "point": 103, "testname": "PTAT_MC", "cornername": "Nominal"}
[2026-06-05 16:40:27.695 Z] [WARN] [cadence.virtuoso.ade.simulationMonitor] -     WARNING (SFE-3012): The dummy device I0.I18.DLIB5 is removed. {"history": "MonteCarlo.6", "point": 103, "testname": "PTAT_MC", "cornername": "Nominal"}
[2026-06-05 16:40:27.695 Z] [WARN] [cadence.virtuoso.ade.simulationMonitor] -     WARNING (SFE-3012): The dummy device I0.I16.DLIB11 is removed.
        Further occurrences of this warning will be suppressed. {"history": "MonteCarlo.6", "point": 103, "testname": "PTAT_MC", "cornername": "Nominal"}
[2026-06-05 16:40:27.696 Z] [WARN] [cadence.virtuoso.ade.simulationMonitor] -     WARNING (SFE-3028): The floating resistor R8 is removed. {"history": "MonteCarlo.6", "point": 103, "testname": "PTAT_MC", "cornername": "Nominal"}
[2026-06-05 16:40:27.696 Z] [WARN] [cadence.virtuoso.ade.simulationMonitor] -     WARNING (SFE-3015): The dangling node I7.20\:net4 is removed. {"history": "MonteCarlo.6", "point": 103, "testname": "PTAT_MC", "cornername": "Nominal"}
[2026-06-05 16:40:27.697 Z] [WARN] [cadence.virtuoso.ade.simulationMonitor] -     WARNING (SFE-3015): The dangling node I7.25\:I1|C is removed. {"history": "MonteCarlo.6", "point": 103, "testname": "PTAT_MC", "cornername": "Nominal"}
[2026-06-05 16:40:27.697 Z] [WARN] [cadence.virtuoso.ade.simulationMonitor] -     WARNING (SFE-3015): The dangling node I7.20\:I1|C is removed. {"history": "MonteCarlo.6", "point": 103, "testname": "PTAT_MC", "cornername": "Nominal"}
[2026-06-05 16:40:27.698 Z] [WARN] [cadence.virtuoso.ade.simulationMonitor] -     WARNING (SFE-3015): The dangling node I7.38\:I0|A is removed. {"history": "MonteCarlo.6", "point": 103, "testname": "PTAT_MC", "cornername": "Nominal"}
[2026-06-05 16:40:27.698 Z] [WARN] [cadence.virtuoso.ade.simulationMonitor] -     WARNING (SFE-3015): The dangling node I7.35\:I1|C is removed.
        Further occurrences of this warning will be suppressed. {"history": "MonteCarlo.6", "point": 103, "testname": "PTAT_MC", "cornername": "Nominal"}
[2026-06-05 16:40:27.698 Z] [WARN] [cadence.virtuoso.ade.simulationMonitor] -     WARNING (SFE-3016): The floating node net74 is removed. {"history": "MonteCarlo.6", "point": 103, "testname": "PTAT_MC", "cornername": "Nominal"}
[2026-06-05 16:40:27.699 Z] [WARN] [cadence.virtuoso.ade.simulationMonitor] -     WARNING (SFE-3016): The floating node net73 is removed. {"history": "MonteCarlo.6", "point": 103, "testname": "PTAT_MC", "cornername": "Nominal"}
[2026-06-05 16:40:27.699 Z] [WARN] [cadence.virtuoso.ade.simulationMonitor] -     WARNING (SFE-3023): The dangling node net45 is removed. It should not be dangling since it is defined in top level. {"history": "MonteCarlo.6", "point": 103, "testname": "PTAT_MC", "cornername": "Nominal"}
[2026-06-05 16:40:27.700 Z] [WARN] [cadence.virtuoso.ade.simulationMonitor] -     WARNING (SFE-3023): The dangling node net46 is removed. It should not be dangling since it is defined in top level. {"history": "MonteCarlo.6", "point": 103, "testname": "PTAT_MC", "cornername": "Nominal"}
[2026-06-05 16:40:27.700 Z] [INFO] [cadence.virtuoso.ade.simulationMonitor] - Notice from spectre during hierarchy flattening.
    Spectre X Parasitic Optimization enabled.
    Parasitic optimization will filter out parasitic nodes, nodes only connected to RCs, by default. To view individual parasitic nodes use individual save statements (i.e. save out), or use the 'savefilter=none' option to save all parasitic nodes. Saving all parasitic nodes may slow down simulation and create large waveform files. {"history": "MonteCarlo.6", "point": 103, "testname": "PTAT_MC", "cornername": "Nominal"}
[2026-06-05 16:40:27.701 Z] [INFO] [cadence.virtuoso.ade.simulationMonitor] - Peak resident memory used = 255 Mbytes. {"history": "MonteCarlo.6", "point": 103, "testname": "PTAT_MC", "cornername": "Nominal"}
[2026-06-05 16:40:27.701 Z] [INFO] [cadence.virtuoso.ade.simulationMonitor] - Notice from spectre during hierarchy flattening.
    The value 'psf' specified for the 'checklimitdest' option will no longer be supported in future releases. Use 'spectre -h' to see other recommended values for the 'checklimitdest' option.
    I2.I56|Q2(31).bjtinsub: `minr' has the unusually small value of 10 fOhm. {"history": "MonteCarlo.6", "point": 103, "testname": "PTAT_MC", "cornername": "Nominal"}
[2026-06-05 16:40:28.202 Z] [INFO] [cadence.virtuoso.ade.simulationMonitor] - Notice from spectre during hierarchy flattening.
    V8: `period' has the unusually large value of 100 s.
    V7: `period' has the unusually large value of 10 s.
    V3: `period' has the unusually large value of 6 s.
    I26: `period' has the unusually large value of 6 s. {"history": "MonteCarlo.6", "point": 103, "testname": "PTAT_MC", "cornername": "Nominal"}
[2026-06-05 16:40:28.203 Z] [INFO] [cadence.virtuoso.ade.simulationMonitor] - Peak resident memory used = 268 Mbytes. {"history": "MonteCarlo.6", "point": 103, "testname": "PTAT_MC", "cornername": "Nominal"}
[2026-06-05 16:40:28.204 Z] [WARN] [cadence.virtuoso.ade.simulationMonitor] -     WARNING (CMI-2425): I7.I0|C0(5): `Acde' = 2.393 is unusually large. {"history": "MonteCarlo.6", "point": 103, "testname": "PTAT_MC", "cornername": "Nominal"}
[2026-06-05 16:40:28.204 Z] [WARN] [cadence.virtuoso.ade.simulationMonitor] -     WARNING (CMI-2425): I7.I0|C0(5): `Noff' = 4.732 is unusually large. {"history": "MonteCarlo.6", "point": 103, "testname": "PTAT_MC", "cornername": "Nominal"}
[2026-06-05 16:40:28.205 Z] [WARN] [cadence.virtuoso.ade.simulationMonitor] -     WARNING (CMI-2424): I7.I0|C0(5): `Voffcv' = -867.4e-03 is unusually small. {"history": "MonteCarlo.6", "point": 103, "testname": "PTAT_MC", "cornername": "Nominal"}
[2026-06-05 16:40:28.206 Z] [WARN] [cadence.virtuoso.ade.simulationMonitor] -     WARNING (CMI-2425): I7.I0|C0(4): `Acde' = 2.393 is unusually large. {"history": "MonteCarlo.6", "point": 103, "testname": "PTAT_MC", "cornername": "Nominal"}
[2026-06-05 16:40:28.206 Z] [WARN] [cadence.virtuoso.ade.simulationMonitor] -     WARNING (CMI-2425): I7.I0|C0(4): `Noff' = 4.732 is unusually large. {"history": "MonteCarlo.6", "point": 103, "testname": "PTAT_MC", "cornername": "Nominal"}
[2026-06-05 16:40:28.206 Z] [WARN] [cadence.virtuoso.ade.simulationMonitor] -     WARNING (CMI-2424): I7.I0|C0(4): `Voffcv' = -867.4e-03 is unusually small. {"history": "MonteCarlo.6", "point": 103, "testname": "PTAT_MC", "cornername": "Nominal"}
[2026-06-05 16:40:28.207 Z] [WARN] [cadence.virtuoso.ade.simulationMonitor] -     WARNING (CMI-2425): I7.I0|C0(3): `Acde' = 2.393 is unusually large.
        Further occurrences of this warning will be suppressed. {"history": "MonteCarlo.6", "point": 103, "testname": "PTAT_MC", "cornername": "Nominal"}
[2026-06-05 16:40:28.208 Z] [WARN] [cadence.virtuoso.ade.simulationMonitor] -     WARNING (CMI-2424): I7.I0|C0(3): `Voffcv' = -867.4e-03 is unusually small. {"history": "MonteCarlo.6", "point": 103, "testname": "PTAT_MC", "cornername": "Nominal"}
[2026-06-05 16:40:28.209 Z] [WARN] [cadence.virtuoso.ade.simulationMonitor] -     WARNING (CMI-2424): I7.I0|C0(2): `Voffcv' = -867.4e-03 is unusually small. {"history": "MonteCarlo.6", "point": 103, "testname": "PTAT_MC", "cornername": "Nominal"}
[2026-06-05 16:40:28.209 Z] [WARN] [cadence.virtuoso.ade.simulationMonitor] -     WARNING (CMI-2424): I7.I0|C0(1): `Voffcv' = -867.4e-03 is unusually small.
        Further occurrences of this warning will be suppressed. {"history": "MonteCarlo.6", "point": 103, "testname": "PTAT_MC", "cornername": "Nominal"}
[2026-06-05 16:40:29.711 Z] [WARN] [cadence.virtuoso.ade.simulationMonitor] -     WARNING (SPECTRE-17607): Assert `SOAC_vert10_vsubpsub' is ignored because it contains an expression which is invalid or not supported by native evaluator.  {"history": "MonteCarlo.6", "point": 103, "testname": "PTAT_MC", "cornername": "Nominal"}
[2026-06-05 16:40:29.711 Z] [WARN] [cadence.virtuoso.ade.simulationMonitor] -     WARNING (SPECTRE-17607): Assert `SOAC_vert10_vcsub' is ignored because it contains an expression which is invalid or not supported by native evaluator.  {"history": "MonteCarlo.6", "point": 103, "testname": "PTAT_MC", "cornername": "Nominal"}
[2026-06-05 16:40:29.712 Z] [WARN] [cadence.virtuoso.ade.simulationMonitor] -     WARNING (SPECTRE-16460): SOAC_cvarm_vspsub:Specified subcircuit master `cvarm' was not found. {"history": "MonteCarlo.6", "point": 103, "testname": "PTAT_MC", "cornername": "Nominal"}
[2026-06-05 16:40:29.712 Z] [WARN] [cadence.virtuoso.ade.simulationMonitor] -     WARNING (SPECTRE-16462): SOAC_cvarm_vspsub:Error in specification of subcircuit master. Assert is ignored. {"history": "MonteCarlo.6", "point": 103, "testname": "PTAT_MC", "cornername": "Nominal"}
[2026-06-05 16:40:29.713 Z] [WARN] [cadence.virtuoso.ade.simulationMonitor] -     WARNING (SPECTRE-16460): SOAC_cvarm_vbs:Specified subcircuit master `cvarm' was not found. {"history": "MonteCarlo.6", "point": 103, "testname": "PTAT_MC", "cornername": "Nominal"}
[2026-06-05 16:40:29.713 Z] [WARN] [cadence.virtuoso.ade.simulationMonitor] -     WARNING (SPECTRE-16462): SOAC_cvarm_vbs:Error in specification of subcircuit master. Assert is ignored. {"history": "MonteCarlo.6", "point": 103, "testname": "PTAT_MC", "cornername": "Nominal"}
[2026-06-05 16:40:29.713 Z] [WARN] [cadence.virtuoso.ade.simulationMonitor] -     WARNING (SPECTRE-16460): SOAC_cvarm_vgb:Specified subcircuit master `cvarm' was not found. {"history": "MonteCarlo.6", "point": 103, "testname": "PTAT_MC", "cornername": "Nominal"}
[2026-06-05 16:40:29.714 Z] [WARN] [cadence.virtuoso.ade.simulationMonitor] -     WARNING (SPECTRE-16462): SOAC_cvarm_vgb:Error in specification of subcircuit master. Assert is ignored. {"history": "MonteCarlo.6", "point": 103, "testname": "PTAT_MC", "cornername": "Nominal"}
[2026-06-05 16:40:29.714 Z] [WARN] [cadence.virtuoso.ade.simulationMonitor] -     WARNING (SPECTRE-16460): SOAC_cvart_vspsub:Specified subcircuit master `cvart' was not found. {"history": "MonteCarlo.6", "point": 103, "testname": "PTAT_MC", "cornername": "Nominal"}
[2026-06-05 16:40:29.714 Z] [WARN] [cadence.virtuoso.ade.simulationMonitor] -     WARNING (SPECTRE-16462): SOAC_cvart_vspsub:Error in specification of subcircuit master. Assert is ignored. {"history": "MonteCarlo.6", "point": 103, "testname": "PTAT_MC", "cornername": "Nominal"}
[2026-06-05 16:40:29.715 Z] [WARN] [cadence.virtuoso.ade.simulationMonitor] -     WARNING (SPECTRE-16460): SOAC_cvart_vbs:Specified subcircuit master `cvart' was not found.
        Further occurrences of this warning will be suppressed. {"history": "MonteCarlo.6", "point": 103, "testname": "PTAT_MC", "cornername": "Nominal"}
[2026-06-05 16:40:29.715 Z] [WARN] [cadence.virtuoso.ade.simulationMonitor] -     WARNING (SPECTRE-16462): SOAC_cvart_vbs:Error in specification of subcircuit master. Assert is ignored.
        Further occurrences of this warning will be suppressed. {"history": "MonteCarlo.6", "point": 103, "testname": "PTAT_MC", "cornername": "Nominal"}
[2026-06-05 16:40:30.716 Z] [INFO] [cadence.virtuoso.ade.simulationMonitor] - Notice from spectre during topology check.
    Only one connection to the following 2332 nodes:
        I2.I25|I33|R32.R1.psub!
        I2.I25|I33|R32.R2.psub!
        I2.I25|R32.R1.psub!
        I2.I25|R32.R2.psub!
        I2.I25|R0.R1.psub!
        Further occurrences of this notice will be suppressed. {"history": "MonteCarlo.6", "point": 103, "testname": "PTAT_MC", "cornername": "Nominal"}
[2026-06-05 16:40:34.724 Z] [INFO] [cadence.virtuoso.ade.simulationMonitor] -               nodes 25559 {"history": "MonteCarlo.6", "point": 103, "testname": "PTAT_MC", "cornername": "Nominal"}
[2026-06-05 16:40:34.724 Z] [INFO] [cadence.virtuoso.ade.simulationMonitor] - Notice from spectre during initial setup.
    7 resistors are shorted because their absolute value is less than or equal to 'rabsshort'.
    4 resistors are changed to resistance form because their value are less than 'rthresh'.
    Spectre X preset=cx enabled.
    47 notices suppressed.
    243 warnings suppressed. {"history": "MonteCarlo.6", "point": 103, "testname": "PTAT_MC", "cornername": "Nominal"}
[2026-06-05 16:40:34.725 Z] [INFO] [cadence.virtuoso.ade.simulationMonitor] - Notice from spectre.
    Multithreading enabled: 8 threads in the system with 48 available processors. {"history": "MonteCarlo.6", "point": 103, "testname": "PTAT_MC", "cornername": "Nominal"}
[2026-06-05 16:40:34.725 Z] [INFO] [cadence.virtuoso.ade.simulationMonitor] - Peak resident memory used = 341 Mbytes. {"history": "MonteCarlo.6", "point": 103, "testname": "PTAT_MC", "cornername": "Nominal"}
[2026-06-05 16:40:34.726 Z] [INFO] [cadence.virtuoso.ade.simulationMonitor] -    -   (Spectre X) Multi-threading. The recommended number of threads is [4, 8], consider adding +mt=4 or +mt=8 on command line. {"history": "MonteCarlo.6", "point": 103, "testname": "PTAT_MC", "cornername": "Nominal"}
[2026-06-05 16:40:34.726 Z] [INFO] [cadence.virtuoso.ade.simulationMonitor] - Notice from spectre in `vert10':`I2.I56|Q2(30)', in `Potentiostat_cpoly_8_Poten_PTAT2_av_extracted':`I2', during Monte Carlo analysis `mc1'.
    I2.I56|Q2(30).bjtinsub: `minr' has the unusually small value of 10 fOhm. {"history": "MonteCarlo.6", "point": 103, "testname": "PTAT_MC", "cornername": "Nominal"}
[2026-06-05 16:40:34.726 Z] [INFO] [cadence.virtuoso.ade.simulationMonitor] - Notice from spectre in `vert10':`I2.I56|Q2(29)', in `Potentiostat_cpoly_8_Poten_PTAT2_av_extracted':`I2', during Monte Carlo analysis `mc1'.
    I2.I56|Q2(29).bjtinsub: `minr' has the unusually small value of 10 fOhm. {"history": "MonteCarlo.6", "point": 103, "testname": "PTAT_MC", "cornername": "Nominal"}
[2026-06-05 16:40:34.726 Z] [INFO] [cadence.virtuoso.ade.simulationMonitor] - Notice from spectre in `vert10':`I2.I56|Q2(28)', in `Potentiostat_cpoly_8_Poten_PTAT2_av_extracted':`I2', during Monte Carlo analysis `mc1'.
    I2.I56|Q2(28).bjtinsub: `minr' has the unusually small value of 10 fOhm. {"history": "MonteCarlo.6", "point": 103, "testname": "PTAT_MC", "cornername": "Nominal"}
[2026-06-05 16:40:34.726 Z] [INFO] [cadence.virtuoso.ade.simulationMonitor] - Notice from spectre in `vert10':`I2.I56|Q2(27)', in `Potentiostat_cpoly_8_Poten_PTAT2_av_extracted':`I2', during Monte Carlo analysis `mc1'.
    I2.I56|Q2(27).bjtinsub: `minr' has the unusually small value of 10 fOhm. {"history": "MonteCarlo.6", "point": 103, "testname": "PTAT_MC", "cornername": "Nominal"}
[2026-06-05 16:40:34.727 Z] [INFO] [cadence.virtuoso.ade.simulationMonitor] - Notice from spectre in `vert10':`I2.I56|Q2(26)', in `Potentiostat_cpoly_8_Poten_PTAT2_av_extracted':`I2', during Monte Carlo analysis `mc1'.
    I2.I56|Q2(26).bjtinsub: `minr' has the unusually small value of 10 fOhm.
        Further occurrences of this notice will be suppressed. {"history": "MonteCarlo.6", "point": 103, "testname": "PTAT_MC", "cornername": "Nominal"}
[2026-06-05 16:40:35.728 Z] [INFO] [cadence.virtuoso.ade.simulationMonitor] - Notice from spectre at iteration = 103 during Monte Carlo analysis `mc1'.
    V8: `period' has the unusually large value of 100 s.
    V7: `period' has the unusually large value of 10 s.
    V3: `period' has the unusually large value of 6 s.
    I26: `period' has the unusually large value of 6 s. {"history": "MonteCarlo.6", "point": 103, "testname": "PTAT_MC", "cornername": "Nominal"}
[2026-06-05 16:40:35.729 Z] [WARN] [cadence.virtuoso.ade.simulationMonitor] -     WARNING (CMI-2425): I7.I4|C1(10): `Acde' = 2.393 is unusually large. {"history": "MonteCarlo.6", "point": 103, "testname": "PTAT_MC", "cornername": "Nominal"}
[2026-06-05 16:40:35.730 Z] [WARN] [cadence.virtuoso.ade.simulationMonitor] -     WARNING (CMI-2425): I7.I4|C1(10): `Noff' = 4.732 is unusually large. {"history": "MonteCarlo.6", "point": 103, "testname": "PTAT_MC", "cornername": "Nominal"}
[2026-06-05 16:40:35.731 Z] [WARN] [cadence.virtuoso.ade.simulationMonitor] -     WARNING (CMI-2424): I7.I4|C1(10): `Voffcv' = -867.4e-03 is unusually small. {"history": "MonteCarlo.6", "point": 103, "testname": "PTAT_MC", "cornername": "Nominal"}
[2026-06-05 16:40:35.732 Z] [WARN] [cadence.virtuoso.ade.simulationMonitor] -     WARNING (CMI-2425): I7.I4|C1(9): `Acde' = 2.393 is unusually large. {"history": "MonteCarlo.6", "point": 103, "testname": "PTAT_MC", "cornername": "Nominal"}
[2026-06-05 16:40:35.733 Z] [WARN] [cadence.virtuoso.ade.simulationMonitor] -     WARNING (CMI-2425): I7.I4|C1(9): `Noff' = 4.732 is unusually large. {"history": "MonteCarlo.6", "point": 103, "testname": "PTAT_MC", "cornername": "Nominal"}
[2026-06-05 16:40:35.733 Z] [WARN] [cadence.virtuoso.ade.simulationMonitor] -     WARNING (CMI-2424): I7.I4|C1(9): `Voffcv' = -867.4e-03 is unusually small. {"history": "MonteCarlo.6", "point": 103, "testname": "PTAT_MC", "cornername": "Nominal"}
[2026-06-05 16:40:35.735 Z] [WARN] [cadence.virtuoso.ade.simulationMonitor] -     WARNING (CMI-2425): I7.I4|C1(8): `Acde' = 2.393 is unusually large.
        Further occurrences of this warning will be suppressed. {"history": "MonteCarlo.6", "point": 103, "testname": "PTAT_MC", "cornername": "Nominal"}
[2026-06-05 16:40:35.735 Z] [WARN] [cadence.virtuoso.ade.simulationMonitor] -     WARNING (CMI-2424): I7.I4|C1(8): `Voffcv' = -867.4e-03 is unusually small. {"history": "MonteCarlo.6", "point": 103, "testname": "PTAT_MC", "cornername": "Nominal"}
[2026-06-05 16:40:35.736 Z] [WARN] [cadence.virtuoso.ade.simulationMonitor] -     WARNING (CMI-2424): I7.I4|C1(7): `Voffcv' = -867.4e-03 is unusually small. {"history": "MonteCarlo.6", "point": 103, "testname": "PTAT_MC", "cornername": "Nominal"}
[2026-06-05 16:40:35.736 Z] [WARN] [cadence.virtuoso.ade.simulationMonitor] -     WARNING (CMI-2424): I7.I4|C1(6): `Voffcv' = -867.4e-03 is unusually small.
        Further occurrences of this warning will be suppressed. {"history": "MonteCarlo.6", "point": 103, "testname": "PTAT_MC", "cornername": "Nominal"}
[2026-06-05 16:40:35.737 Z] [INFO] [cadence.virtuoso.ade.simulationMonitor] - Notice from spectre at iteration = 103 during transient analysis `tran', during Monte Carlo analysis `mc1'.
    No checklimit analysis defined for asserts. A default checklimit analysis 'SpectreChecklimitAnal' has been created with all asserts enabled. {"history": "MonteCarlo.6", "point": 103, "testname": "PTAT_MC", "cornername": "Nominal"}
[2026-06-05 16:40:36.741 Z] [INFO] [cadence.virtuoso.ade.simulationMonitor] - Notice from spectre at iteration = 103 during IC analysis, during transient analysis `tran', during Monte Carlo analysis `mc1'.
    Bad pivoting is found during DC analysis. Option dc_pivot_check=yes is recommended for possible improvement of convergence. {"history": "MonteCarlo.6", "point": 103, "testname": "PTAT_MC", "cornername": "Nominal"}
[2026-06-05 16:40:36.742 Z] [WARN] [cadence.virtuoso.ade.simulationMonitor] -     WARNING (CMI-2943): Parameter checks have been ignored because the valid value for parameter 'trise' could not be found in 'C0'. {"history": "MonteCarlo.6", "point": 103, "testname": "PTAT_MC", "cornername": "Nominal"}
[2026-06-05 16:40:36.742 Z] [WARN] [cadence.virtuoso.ade.simulationMonitor] -     WARNING (CMI-2943): Parameter checks have been ignored because the valid value for parameter 'trise' could not be found in 'C1'. {"history": "MonteCarlo.6", "point": 103, "testname": "PTAT_MC", "cornername": "Nominal"}
[2026-06-05 16:40:36.743 Z] [WARN] [cadence.virtuoso.ade.simulationMonitor] -     WARNING (CMI-2943): Parameter checks have been ignored because the valid value for parameter 'trise' could not be found in 'C11'. {"history": "MonteCarlo.6", "point": 103, "testname": "PTAT_MC", "cornername": "Nominal"}
[2026-06-05 16:40:36.743 Z] [WARN] [cadence.virtuoso.ade.simulationMonitor] -     WARNING (CMI-2943): Parameter checks have been ignored because the valid value for parameter 'trise' could not be found in 'C12'. {"history": "MonteCarlo.6", "point": 103, "testname": "PTAT_MC", "cornername": "Nominal"}
[2026-06-05 16:40:36.744 Z] [WARN] [cadence.virtuoso.ade.simulationMonitor] -     WARNING (CMI-2943): Parameter checks have been ignored because the valid value for parameter 'trise' could not be found in 'C5'.
        Further occurrences of this warning will be suppressed. {"history": "MonteCarlo.6", "point": 103, "testname": "PTAT_MC", "cornername": "Nominal"}
[2026-06-05 16:41:34.386 Z] [INFO] [cadence.virtuoso.ade.simulationMonitor] - Total time required for tran analysis `tran': CPU = 117.305 s (1m  57.3s), elapsed = 58.152 s, util. = 202%. {"history": "MonteCarlo.6", "point": 103, "testname": "PTAT_MC", "cornername": "Nominal"}
[2026-06-05 16:41:34.386 Z] [INFO] [cadence.virtuoso.ade.simulationMonitor] - Peak resident memory used = 452 Mbytes. {"history": "MonteCarlo.6", "point": 103, "testname": "PTAT_MC", "cornername": "Nominal"}
[2026-06-05 16:41:34.387 Z] [INFO] [cadence.virtuoso.ade.simulationMonitor] - Notice from spectre during transient analysis `tran', during Monte Carlo analysis `mc1'.
    454 notices suppressed.
    1457 warnings suppressed. {"history": "MonteCarlo.6", "point": 103, "testname": "PTAT_MC", "cornername": "Nominal"}
[2026-06-05 16:41:34.888 Z] [INFO] [cadence.virtuoso.ade.simulationMonitor] - Notice from spectre in `vert10':`I2.I56|Q2(31)', in `Potentiostat_cpoly_8_Poten_PTAT2_av_extracted':`I2', during Monte Carlo analysis `mc1'.
    I2.I56|Q2(31).bjtinsub: `rbm' has the unusually small value of 961.991 mOhm.
    I2.I56|Q2(31).bjtinsub: `minr' has the unusually small value of 10 fOhm. {"history": "MonteCarlo.6", "point": 103, "testname": "PTAT_MC", "cornername": "Nominal"}
[2026-06-05 16:41:34.890 Z] [INFO] [cadence.virtuoso.ade.simulationMonitor] - Notice from spectre in `vert10':`I2.I56|Q2(30)', in `Potentiostat_cpoly_8_Poten_PTAT2_av_extracted':`I2', during Monte Carlo analysis `mc1'.
    I2.I56|Q2(30).bjtinsub: `rbm' has the unusually small value of 961.991 mOhm.
    I2.I56|Q2(30).bjtinsub: `minr' has the unusually small value of 10 fOhm. {"history": "MonteCarlo.6", "point": 103, "testname": "PTAT_MC", "cornername": "Nominal"}
[2026-06-05 16:41:34.891 Z] [INFO] [cadence.virtuoso.ade.simulationMonitor] - Notice from spectre in `vert10':`I2.I56|Q2(29)', in `Potentiostat_cpoly_8_Poten_PTAT2_av_extracted':`I2', during Monte Carlo analysis `mc1'.
    I2.I56|Q2(29).bjtinsub: `rbm' has the unusually small value of 961.991 mOhm.
        Further occurrences of this notice will be suppressed. {"history": "MonteCarlo.6", "point": 103, "testname": "PTAT_MC", "cornername": "Nominal"}
[2026-06-05 16:41:34.892 Z] [PROCESS] [cadence.virtuoso.ade.simulationMonitor] - Finished simulating for one iteration {"hostname": "il2244vt26_hrahimi", "processid": 3405815, "history": "MonteCarlo.6", "testname": "PTAT_MC", "cornername": "Nominal", "point": 103, "logfile": "/home/hrahimi/projects/POTENTIOSTAT_26/logs_hrahimi/logs0/Job102.log", "simid": "1"}
[2026-06-05 16:41:34.893 Z] [PROCESS] [cadence.virtuoso.ade.simulationMonitor] - Started Simulation {"hostname": "il2244vt26_hrahimi", "processid": 3405815, "history": "MonteCarlo.6", "testname": "PTAT_MC", "cornername": "Nominal", "point": 104, "logfile": "/home/hrahimi/projects/POTENTIOSTAT_26/logs_hrahimi/logs0/Job102.log", "event": "started", "task": "simulation"}
[2026-06-05 16:41:35.394 Z] [INFO] [cadence.virtuoso.ade.simulationMonitor] - Notice from spectre during Monte Carlo analysis `mc1'.
    V8: `period' has the unusually large value of 100 s.
    V7: `period' has the unusually large value of 10 s.
    V3: `period' has the unusually large value of 6 s.
    I26: `period' has the unusually large value of 6 s. {"history": "MonteCarlo.6", "point": 104, "testname": "PTAT_MC", "cornername": "Nominal"}
[2026-06-05 16:41:35.895 Z] [WARN] [cadence.virtuoso.ade.simulationMonitor] -     WARNING (CMI-2425): I7.I4|C1(10): `Acde' = 2.393 is unusually large. {"history": "MonteCarlo.6", "point": 104, "testname": "PTAT_MC", "cornername": "Nominal"}
[2026-06-05 16:41:35.896 Z] [WARN] [cadence.virtuoso.ade.simulationMonitor] -     WARNING (CMI-2425): I7.I4|C1(10): `Noff' = 4.732 is unusually large. {"history": "MonteCarlo.6", "point": 104, "testname": "PTAT_MC", "cornername": "Nominal"}
[2026-06-05 16:41:35.896 Z] [WARN] [cadence.virtuoso.ade.simulationMonitor] -     WARNING (CMI-2424): I7.I4|C1(10): `Voffcv' = -867.4e-03 is unusually small. {"history": "MonteCarlo.6", "point": 104, "testname": "PTAT_MC", "cornername": "Nominal"}
[2026-06-05 16:41:35.896 Z] [WARN] [cadence.virtuoso.ade.simulationMonitor] -     WARNING (CMI-2425): I7.I4|C1(9): `Acde' = 2.393 is unusually large. {"history": "MonteCarlo.6", "point": 104, "testname": "PTAT_MC", "cornername": "Nominal"}
[2026-06-05 16:41:35.896 Z] [WARN] [cadence.virtuoso.ade.simulationMonitor] -     WARNING (CMI-2425): I7.I4|C1(9): `Noff' = 4.732 is unusually large. {"history": "MonteCarlo.6", "point": 104, "testname": "PTAT_MC", "cornername": "Nominal"}
[2026-06-05 16:41:35.897 Z] [WARN] [cadence.virtuoso.ade.simulationMonitor] -     WARNING (CMI-2424): I7.I4|C1(9): `Voffcv' = -867.4e-03 is unusually small. {"history": "MonteCarlo.6", "point": 104, "testname": "PTAT_MC", "cornername": "Nominal"}
[2026-06-05 16:41:35.897 Z] [WARN] [cadence.virtuoso.ade.simulationMonitor] -     WARNING (CMI-2425): I7.I4|C1(8): `Acde' = 2.393 is unusually large.
        Further occurrences of this warning will be suppressed. {"history": "MonteCarlo.6", "point": 104, "testname": "PTAT_MC", "cornername": "Nominal"}
[2026-06-05 16:41:35.897 Z] [WARN] [cadence.virtuoso.ade.simulationMonitor] -     WARNING (CMI-2424): I7.I4|C1(8): `Voffcv' = -867.4e-03 is unusually small. {"history": "MonteCarlo.6", "point": 104, "testname": "PTAT_MC", "cornername": "Nominal"}
[2026-06-05 16:41:35.897 Z] [WARN] [cadence.virtuoso.ade.simulationMonitor] -     WARNING (CMI-2424): I7.I4|C1(7): `Voffcv' = -867.4e-03 is unusually small. {"history": "MonteCarlo.6", "point": 104, "testname": "PTAT_MC", "cornername": "Nominal"}
[2026-06-05 16:41:35.898 Z] [WARN] [cadence.virtuoso.ade.simulationMonitor] -     WARNING (CMI-2424): I7.I4|C1(6): `Voffcv' = -867.4e-03 is unusually small.
        Further occurrences of this warning will be suppressed. {"history": "MonteCarlo.6", "point": 104, "testname": "PTAT_MC", "cornername": "Nominal"}
[2026-06-05 16:41:36.402 Z] [INFO] [cadence.virtuoso.ade.simulationMonitor] - Notice from spectre during IC analysis, during transient analysis `tran', during Monte Carlo analysis `mc1'.
    Bad pivoting is found during DC analysis. Option dc_pivot_check=yes is recommended for possible improvement of convergence. {"history": "MonteCarlo.6", "point": 104, "testname": "PTAT_MC", "cornername": "Nominal"}
[2026-06-05 16:41:36.403 Z] [WARN] [cadence.virtuoso.ade.simulationMonitor] -     WARNING (CMI-2943): Parameter checks have been ignored because the valid value for parameter 'trise' could not be found in 'C0'. {"history": "MonteCarlo.6", "point": 104, "testname": "PTAT_MC", "cornername": "Nominal"}
[2026-06-05 16:41:36.403 Z] [WARN] [cadence.virtuoso.ade.simulationMonitor] -     WARNING (CMI-2943): Parameter checks have been ignored because the valid value for parameter 'trise' could not be found in 'C1'. {"history": "MonteCarlo.6", "point": 104, "testname": "PTAT_MC", "cornername": "Nominal"}
[2026-06-05 16:41:36.403 Z] [WARN] [cadence.virtuoso.ade.simulationMonitor] -     WARNING (CMI-2943): Parameter checks have been ignored because the valid value for parameter 'trise' could not be found in 'C11'. {"history": "MonteCarlo.6", "point": 104, "testname": "PTAT_MC", "cornername": "Nominal"}
[2026-06-05 16:41:36.404 Z] [WARN] [cadence.virtuoso.ade.simulationMonitor] -     WARNING (CMI-2943): Parameter checks have been ignored because the valid value for parameter 'trise' could not be found in 'C12'. {"history": "MonteCarlo.6", "point": 104, "testname": "PTAT_MC", "cornername": "Nominal"}
[2026-06-05 16:41:36.404 Z] [WARN] [cadence.virtuoso.ade.simulationMonitor] -     WARNING (CMI-2943): Parameter checks have been ignored because the valid value for parameter 'trise' could not be found in 'C5'.
        Further occurrences of this warning will be suppressed. {"history": "MonteCarlo.6", "point": 104, "testname": "PTAT_MC", "cornername": "Nominal"}
[2026-06-05 16:42:30.599 Z] [INFO] [cadence.virtuoso.ade.simulationMonitor] - Total time required for tran analysis `tran': CPU = 112.69 s (1m  52.7s), elapsed = 54.4916 s, util. = 207%. {"history": "MonteCarlo.6", "point": 104, "testname": "PTAT_MC", "cornername": "Nominal"}
[2026-06-05 16:42:30.600 Z] [INFO] [cadence.virtuoso.ade.simulationMonitor] - Peak resident memory used = 462 Mbytes. {"history": "MonteCarlo.6", "point": 104, "testname": "PTAT_MC", "cornername": "Nominal"}
[2026-06-05 16:42:30.600 Z] [INFO] [cadence.virtuoso.ade.simulationMonitor] - Notice from spectre during transient analysis `tran', during Monte Carlo analysis `mc1'.
    312 notices suppressed.
    1457 warnings suppressed. {"history": "MonteCarlo.6", "point": 104, "testname": "PTAT_MC", "cornername": "Nominal"}
[2026-06-05 16:42:31.101 Z] [INFO] [cadence.virtuoso.ade.simulationMonitor] - Notice from spectre in `vert10':`I2.I56|Q2(31)', in `Potentiostat_cpoly_8_Poten_PTAT2_av_extracted':`I2', during Monte Carlo analysis `mc1'.
    I2.I56|Q2(31).bjtinsub: `minr' has the unusually small value of 10 fOhm. {"history": "MonteCarlo.6", "point": 104, "testname": "PTAT_MC", "cornername": "Nominal"}
[2026-06-05 16:42:31.103 Z] [INFO] [cadence.virtuoso.ade.simulationMonitor] - Notice from spectre in `vert10':`I2.I56|Q2(30)', in `Potentiostat_cpoly_8_Poten_PTAT2_av_extracted':`I2', during Monte Carlo analysis `mc1'.
    I2.I56|Q2(30).bjtinsub: `minr' has the unusually small value of 10 fOhm. {"history": "MonteCarlo.6", "point": 104, "testname": "PTAT_MC", "cornername": "Nominal"}
[2026-06-05 16:42:31.104 Z] [INFO] [cadence.virtuoso.ade.simulationMonitor] - Notice from spectre in `vert10':`I2.I56|Q2(29)', in `Potentiostat_cpoly_8_Poten_PTAT2_av_extracted':`I2', during Monte Carlo analysis `mc1'.
    I2.I56|Q2(29).bjtinsub: `minr' has the unusually small value of 10 fOhm. {"history": "MonteCarlo.6", "point": 104, "testname": "PTAT_MC", "cornername": "Nominal"}
[2026-06-05 16:42:31.104 Z] [INFO] [cadence.virtuoso.ade.simulationMonitor] - Notice from spectre in `vert10':`I2.I56|Q2(28)', in `Potentiostat_cpoly_8_Poten_PTAT2_av_extracted':`I2', during Monte Carlo analysis `mc1'.
    I2.I56|Q2(28).bjtinsub: `minr' has the unusually small value of 10 fOhm. {"history": "MonteCarlo.6", "point": 104, "testname": "PTAT_MC", "cornername": "Nominal"}
[2026-06-05 16:42:31.105 Z] [INFO] [cadence.virtuoso.ade.simulationMonitor] - Notice from spectre in `vert10':`I2.I56|Q2(27)', in `Potentiostat_cpoly_8_Poten_PTAT2_av_extracted':`I2', during Monte Carlo analysis `mc1'.
    I2.I56|Q2(27).bjtinsub: `minr' has the unusually small value of 10 fOhm.
        Further occurrences of this notice will be suppressed. {"history": "MonteCarlo.6", "point": 104, "testname": "PTAT_MC", "cornername": "Nominal"}
[2026-06-05 16:42:31.106 Z] [INFO] [cadence.virtuoso.ade.simulationMonitor] - Notice from spectre during Monte Carlo analysis `mc1'.
    V8: `period' has the unusually large value of 100 s.
    V7: `period' has the unusually large value of 10 s.
    V3: `period' has the unusually large value of 6 s.
    I26: `period' has the unusually large value of 6 s. {"history": "MonteCarlo.6", "point": 104, "testname": "PTAT_MC", "cornername": "Nominal"}
[2026-06-05 16:42:31.107 Z] [PROCESS] [cadence.virtuoso.ade.simulationMonitor] - Finished simulating for one iteration {"hostname": "il2244vt26_hrahimi", "processid": 3405815, "history": "MonteCarlo.6", "testname": "PTAT_MC", "cornername": "Nominal", "point": 104, "logfile": "/home/hrahimi/projects/POTENTIOSTAT_26/logs_hrahimi/logs0/Job102.log", "simid": "1"}
[2026-06-05 16:42:31.108 Z] [PROCESS] [cadence.virtuoso.ade.simulationMonitor] - Started Simulation {"hostname": "il2244vt26_hrahimi", "processid": 3405815, "history": "MonteCarlo.6", "testname": "PTAT_MC", "cornername": "Nominal", "point": 105, "logfile": "/home/hrahimi/projects/POTENTIOSTAT_26/logs_hrahimi/logs0/Job102.log", "event": "started", "task": "simulation"}
[2026-06-05 16:42:31.610 Z] [WARN] [cadence.virtuoso.ade.simulationMonitor] -     WARNING (CMI-2425): I7.I4|C1(10): `Acde' = 2.393 is unusually large. {"history": "MonteCarlo.6", "point": 105, "testname": "PTAT_MC", "cornername": "Nominal"}
[2026-06-05 16:42:31.611 Z] [WARN] [cadence.virtuoso.ade.simulationMonitor] -     WARNING (CMI-2425): I7.I4|C1(10): `Noff' = 4.732 is unusually large. {"history": "MonteCarlo.6", "point": 105, "testname": "PTAT_MC", "cornername": "Nominal"}
[2026-06-05 16:42:31.611 Z] [WARN] [cadence.virtuoso.ade.simulationMonitor] -     WARNING (CMI-2424): I7.I4|C1(10): `Voffcv' = -867.4e-03 is unusually small. {"history": "MonteCarlo.6", "point": 105, "testname": "PTAT_MC", "cornername": "Nominal"}
[2026-06-05 16:42:31.613 Z] [WARN] [cadence.virtuoso.ade.simulationMonitor] -     WARNING (CMI-2425): I7.I4|C1(9): `Acde' = 2.393 is unusually large. {"history": "MonteCarlo.6", "point": 105, "testname": "PTAT_MC", "cornername": "Nominal"}
[2026-06-05 16:42:31.613 Z] [WARN] [cadence.virtuoso.ade.simulationMonitor] -     WARNING (CMI-2425): I7.I4|C1(9): `Noff' = 4.732 is unusually large. {"history": "MonteCarlo.6", "point": 105, "testname": "PTAT_MC", "cornername": "Nominal"}
[2026-06-05 16:42:31.613 Z] [WARN] [cadence.virtuoso.ade.simulationMonitor] -     WARNING (CMI-2424): I7.I4|C1(9): `Voffcv' = -867.4e-03 is unusually small. {"history": "MonteCarlo.6", "point": 105, "testname": "PTAT_MC", "cornername": "Nominal"}
[2026-06-05 16:42:31.614 Z] [WARN] [cadence.virtuoso.ade.simulationMonitor] -     WARNING (CMI-2425): I7.I4|C1(8): `Acde' = 2.393 is unusually large.
        Further occurrences of this warning will be suppressed. {"history": "MonteCarlo.6", "point": 105, "testname": "PTAT_MC", "cornername": "Nominal"}
[2026-06-05 16:42:31.614 Z] [WARN] [cadence.virtuoso.ade.simulationMonitor] -     WARNING (CMI-2424): I7.I4|C1(8): `Voffcv' = -867.4e-03 is unusually small. {"history": "MonteCarlo.6", "point": 105, "testname": "PTAT_MC", "cornername": "Nominal"}
[2026-06-05 16:42:31.615 Z] [WARN] [cadence.virtuoso.ade.simulationMonitor] -     WARNING (CMI-2424): I7.I4|C1(7): `Voffcv' = -867.4e-03 is unusually small. {"history": "MonteCarlo.6", "point": 105, "testname": "PTAT_MC", "cornername": "Nominal"}
[2026-06-05 16:42:31.615 Z] [WARN] [cadence.virtuoso.ade.simulationMonitor] -     WARNING (CMI-2424): I7.I4|C1(6): `Voffcv' = -867.4e-03 is unusually small.
        Further occurrences of this warning will be suppressed. {"history": "MonteCarlo.6", "point": 105, "testname": "PTAT_MC", "cornername": "Nominal"}
[2026-06-05 16:42:32.616 Z] [INFO] [cadence.virtuoso.ade.simulationMonitor] - Notice from spectre during IC analysis, during transient analysis `tran', during Monte Carlo analysis `mc1'.
    Bad pivoting is found during DC analysis. Option dc_pivot_check=yes is recommended for possible improvement of convergence. {"history": "MonteCarlo.6", "point": 105, "testname": "PTAT_MC", "cornername": "Nominal"}
[2026-06-05 16:42:32.618 Z] [WARN] [cadence.virtuoso.ade.simulationMonitor] -     WARNING (CMI-2943): Parameter checks have been ignored because the valid value for parameter 'trise' could not be found in 'C0'. {"history": "MonteCarlo.6", "point": 105, "testname": "PTAT_MC", "cornername": "Nominal"}
[2026-06-05 16:42:32.619 Z] [WARN] [cadence.virtuoso.ade.simulationMonitor] -     WARNING (CMI-2943): Parameter checks have been ignored because the valid value for parameter 'trise' could not be found in 'C1'. {"history": "MonteCarlo.6", "point": 105, "testname": "PTAT_MC", "cornername": "Nominal"}
[2026-06-05 16:42:32.619 Z] [WARN] [cadence.virtuoso.ade.simulationMonitor] -     WARNING (CMI-2943): Parameter checks have been ignored because the valid value for parameter 'trise' could not be found in 'C11'. {"history": "MonteCarlo.6", "point": 105, "testname": "PTAT_MC", "cornername": "Nominal"}
[2026-06-05 16:42:32.620 Z] [WARN] [cadence.virtuoso.ade.simulationMonitor] -     WARNING (CMI-2943): Parameter checks have been ignored because the valid value for parameter 'trise' could not be found in 'C12'. {"history": "MonteCarlo.6", "point": 105, "testname": "PTAT_MC", "cornername": "Nominal"}
[2026-06-05 16:42:32.620 Z] [WARN] [cadence.virtuoso.ade.simulationMonitor] -     WARNING (CMI-2943): Parameter checks have been ignored because the valid value for parameter 'trise' could not be found in 'C5'.
        Further occurrences of this warning will be suppressed. {"history": "MonteCarlo.6", "point": 105, "testname": "PTAT_MC", "cornername": "Nominal"}
[2026-06-05 16:43:42.844 Z] [INFO] [cadence.virtuoso.ade.simulationMonitor] - Total time required for tran analysis `tran': CPU = 118.355 s (1m  58.4s), elapsed = 71.4351 s (1m  11.4s), util. = 166%. {"history": "MonteCarlo.6", "point": 105, "testname": "PTAT_MC", "cornername": "Nominal"}
[2026-06-05 16:43:42.846 Z] [INFO] [cadence.virtuoso.ade.simulationMonitor] - Peak resident memory used = 465 Mbytes. {"history": "MonteCarlo.6", "point": 105, "testname": "PTAT_MC", "cornername": "Nominal"}
[2026-06-05 16:43:42.846 Z] [INFO] [cadence.virtuoso.ade.simulationMonitor] - Notice from spectre during transient analysis `tran', during Monte Carlo analysis `mc1'.
    168 notices suppressed.
    1457 warnings suppressed. {"history": "MonteCarlo.6", "point": 105, "testname": "PTAT_MC", "cornername": "Nominal"}
[2026-06-05 16:43:43.348 Z] [PROCESS] [cadence.virtuoso.ade.simulationMonitor] - Finished simulating for one iteration {"hostname": "il2244vt26_hrahimi", "processid": 3405815, "history": "MonteCarlo.6", "testname": "PTAT_MC", "cornername": "Nominal", "point": 105, "logfile": "/home/hrahimi/projects/POTENTIOSTAT_26/logs_hrahimi/logs0/Job102.log", "simid": "1"}
[2026-06-05 16:43:43.349 Z] [PROCESS] [cadence.virtuoso.ade.simulationMonitor] - Started Simulation {"hostname": "il2244vt26_hrahimi", "processid": 3405815, "history": "MonteCarlo.6", "testname": "PTAT_MC", "cornername": "Nominal", "point": 106, "logfile": "/home/hrahimi/projects/POTENTIOSTAT_26/logs_hrahimi/logs0/Job102.log", "event": "started", "task": "simulation"}
[2026-06-05 16:43:43.850 Z] [INFO] [cadence.virtuoso.ade.simulationMonitor] - Notice from spectre in `vert10':`I2.I56|Q2(31)', in `Potentiostat_cpoly_8_Poten_PTAT2_av_extracted':`I2', during Monte Carlo analysis `mc1'.
    I2.I56|Q2(31).bjtinsub: `rbm' has the unusually small value of 911.991 mOhm.
    I2.I56|Q2(31).bjtinsub: `minr' has the unusually small value of 10 fOhm. {"history": "MonteCarlo.6", "point": 106, "testname": "PTAT_MC", "cornername": "Nominal"}
[2026-06-05 16:43:43.852 Z] [INFO] [cadence.virtuoso.ade.simulationMonitor] - Notice from spectre in `vert10':`I2.I56|Q2(30)', in `Potentiostat_cpoly_8_Poten_PTAT2_av_extracted':`I2', during Monte Carlo analysis `mc1'.
    I2.I56|Q2(30).bjtinsub: `rbm' has the unusually small value of 911.991 mOhm.
    I2.I56|Q2(30).bjtinsub: `minr' has the unusually small value of 10 fOhm. {"history": "MonteCarlo.6", "point": 106, "testname": "PTAT_MC", "cornername": "Nominal"}
[2026-06-05 16:43:43.852 Z] [INFO] [cadence.virtuoso.ade.simulationMonitor] - Notice from spectre in `vert10':`I2.I56|Q2(29)', in `Potentiostat_cpoly_8_Poten_PTAT2_av_extracted':`I2', during Monte Carlo analysis `mc1'.
    I2.I56|Q2(29).bjtinsub: `rbm' has the unusually small value of 911.991 mOhm.
        Further occurrences of this notice will be suppressed. {"history": "MonteCarlo.6", "point": 106, "testname": "PTAT_MC", "cornername": "Nominal"}
[2026-06-05 16:43:43.852 Z] [INFO] [cadence.virtuoso.ade.simulationMonitor] - Notice from spectre during Monte Carlo analysis `mc1'.
    V8: `period' has the unusually large value of 100 s.
    V7: `period' has the unusually large value of 10 s.
    V3: `period' has the unusually large value of 6 s.
    I26: `period' has the unusually large value of 6 s. {"history": "MonteCarlo.6", "point": 106, "testname": "PTAT_MC", "cornername": "Nominal"}
[2026-06-05 16:43:44.853 Z] [WARN] [cadence.virtuoso.ade.simulationMonitor] -     WARNING (CMI-2425): I7.I4|C1(10): `Acde' = 2.393 is unusually large. {"history": "MonteCarlo.6", "point": 106, "testname": "PTAT_MC", "cornername": "Nominal"}
[2026-06-05 16:43:44.854 Z] [WARN] [cadence.virtuoso.ade.simulationMonitor] -     WARNING (CMI-2425): I7.I4|C1(10): `Noff' = 4.732 is unusually large. {"history": "MonteCarlo.6", "point": 106, "testname": "PTAT_MC", "cornername": "Nominal"}
[2026-06-05 16:43:44.854 Z] [WARN] [cadence.virtuoso.ade.simulationMonitor] -     WARNING (CMI-2424): I7.I4|C1(10): `Voffcv' = -867.4e-03 is unusually small. {"history": "MonteCarlo.6", "point": 106, "testname": "PTAT_MC", "cornername": "Nominal"}
[2026-06-05 16:43:44.854 Z] [WARN] [cadence.virtuoso.ade.simulationMonitor] -     WARNING (CMI-2425): I7.I4|C1(9): `Acde' = 2.393 is unusually large. {"history": "MonteCarlo.6", "point": 106, "testname": "PTAT_MC", "cornername": "Nominal"}
[2026-06-05 16:43:44.855 Z] [WARN] [cadence.virtuoso.ade.simulationMonitor] -     WARNING (CMI-2425): I7.I4|C1(9): `Noff' = 4.732 is unusually large. {"history": "MonteCarlo.6", "point": 106, "testname": "PTAT_MC", "cornername": "Nominal"}
[2026-06-05 16:43:44.855 Z] [WARN] [cadence.virtuoso.ade.simulationMonitor] -     WARNING (CMI-2424): I7.I4|C1(9): `Voffcv' = -867.4e-03 is unusually small. {"history": "MonteCarlo.6", "point": 106, "testname": "PTAT_MC", "cornername": "Nominal"}
[2026-06-05 16:43:44.855 Z] [WARN] [cadence.virtuoso.ade.simulationMonitor] -     WARNING (CMI-2425): I7.I4|C1(8): `Acde' = 2.393 is unusually large.
        Further occurrences of this warning will be suppressed. {"history": "MonteCarlo.6", "point": 106, "testname": "PTAT_MC", "cornername": "Nominal"}
[2026-06-05 16:43:44.855 Z] [WARN] [cadence.virtuoso.ade.simulationMonitor] -     WARNING (CMI-2424): I7.I4|C1(8): `Voffcv' = -867.4e-03 is unusually small. {"history": "MonteCarlo.6", "point": 106, "testname": "PTAT_MC", "cornername": "Nominal"}
[2026-06-05 16:43:44.855 Z] [WARN] [cadence.virtuoso.ade.simulationMonitor] -     WARNING (CMI-2424): I7.I4|C1(7): `Voffcv' = -867.4e-03 is unusually small. {"history": "MonteCarlo.6", "point": 106, "testname": "PTAT_MC", "cornername": "Nominal"}
[2026-06-05 16:43:44.856 Z] [WARN] [cadence.virtuoso.ade.simulationMonitor] -     WARNING (CMI-2424): I7.I4|C1(6): `Voffcv' = -867.4e-03 is unusually small.
        Further occurrences of this warning will be suppressed. {"history": "MonteCarlo.6", "point": 106, "testname": "PTAT_MC", "cornername": "Nominal"}
[2026-06-05 16:43:44.856 Z] [INFO] [cadence.virtuoso.ade.simulationMonitor] - Notice from spectre during IC analysis, during transient analysis `tran', during Monte Carlo analysis `mc1'.
    Bad pivoting is found during DC analysis. Option dc_pivot_check=yes is recommended for possible improvement of convergence. {"history": "MonteCarlo.6", "point": 106, "testname": "PTAT_MC", "cornername": "Nominal"}
[2026-06-05 16:43:45.356 Z] [WARN] [cadence.virtuoso.ade.simulationMonitor] -     WARNING (CMI-2943): Parameter checks have been ignored because the valid value for parameter 'trise' could not be found in 'C0'. {"history": "MonteCarlo.6", "point": 106, "testname": "PTAT_MC", "cornername": "Nominal"}
[2026-06-05 16:43:45.357 Z] [WARN] [cadence.virtuoso.ade.simulationMonitor] -     WARNING (CMI-2943): Parameter checks have been ignored because the valid value for parameter 'trise' could not be found in 'C1'. {"history": "MonteCarlo.6", "point": 106, "testname": "PTAT_MC", "cornername": "Nominal"}
[2026-06-05 16:43:45.357 Z] [WARN] [cadence.virtuoso.ade.simulationMonitor] -     WARNING (CMI-2943): Parameter checks have been ignored because the valid value for parameter 'trise' could not be found in 'C11'. {"history": "MonteCarlo.6", "point": 106, "testname": "PTAT_MC", "cornername": "Nominal"}
[2026-06-05 16:43:45.358 Z] [WARN] [cadence.virtuoso.ade.simulationMonitor] -     WARNING (CMI-2943): Parameter checks have been ignored because the valid value for parameter 'trise' could not be found in 'C12'. {"history": "MonteCarlo.6", "point": 106, "testname": "PTAT_MC", "cornername": "Nominal"}
[2026-06-05 16:43:45.358 Z] [WARN] [cadence.virtuoso.ade.simulationMonitor] -     WARNING (CMI-2943): Parameter checks have been ignored because the valid value for parameter 'trise' could not be found in 'C5'.
        Further occurrences of this warning will be suppressed. {"history": "MonteCarlo.6", "point": 106, "testname": "PTAT_MC", "cornername": "Nominal"}
[2026-06-05 16:44:16.395 Z] [INFO] [cadence.virtuoso.ade.simulationMonitor] - Total time required for tran analysis `tran': CPU = 102.483 s (1m  42.5s), elapsed = 31.6275 s, util. = 324%. {"history": "MonteCarlo.6", "point": 106, "testname": "PTAT_MC", "cornername": "Nominal"}
[2026-06-05 16:44:16.395 Z] [INFO] [cadence.virtuoso.ade.simulationMonitor] - Peak resident memory used = 468 Mbytes. {"history": "MonteCarlo.6", "point": 106, "testname": "PTAT_MC", "cornername": "Nominal"}
[2026-06-05 16:44:16.396 Z] [INFO] [cadence.virtuoso.ade.simulationMonitor] - Notice from spectre during transient analysis `tran', during Monte Carlo analysis `mc1'.
    312 notices suppressed.
    1457 warnings suppressed. {"history": "MonteCarlo.6", "point": 106, "testname": "PTAT_MC", "cornername": "Nominal"}
[2026-06-05 16:44:16.897 Z] [INFO] [cadence.virtuoso.ade.simulationMonitor] - Notice from spectre in `vert10':`I2.I56|Q2(31)', in `Potentiostat_cpoly_8_Poten_PTAT2_av_extracted':`I2', during Monte Carlo analysis `mc1'.
    I2.I56|Q2(31).bjtinsub: `minr' has the unusually small value of 10 fOhm. {"history": "MonteCarlo.6", "point": 106, "testname": "PTAT_MC", "cornername": "Nominal"}
[2026-06-05 16:44:16.897 Z] [INFO] [cadence.virtuoso.ade.simulationMonitor] - Notice from spectre in `vert10':`I2.I56|Q2(30)', in `Potentiostat_cpoly_8_Poten_PTAT2_av_extracted':`I2', during Monte Carlo analysis `mc1'.
    I2.I56|Q2(30).bjtinsub: `minr' has the unusually small value of 10 fOhm. {"history": "MonteCarlo.6", "point": 106, "testname": "PTAT_MC", "cornername": "Nominal"}
[2026-06-05 16:44:16.898 Z] [INFO] [cadence.virtuoso.ade.simulationMonitor] - Notice from spectre in `vert10':`I2.I56|Q2(29)', in `Potentiostat_cpoly_8_Poten_PTAT2_av_extracted':`I2', during Monte Carlo analysis `mc1'.
    I2.I56|Q2(29).bjtinsub: `minr' has the unusually small value of 10 fOhm. {"history": "MonteCarlo.6", "point": 106, "testname": "PTAT_MC", "cornername": "Nominal"}
[2026-06-05 16:44:16.898 Z] [INFO] [cadence.virtuoso.ade.simulationMonitor] - Notice from spectre in `vert10':`I2.I56|Q2(28)', in `Potentiostat_cpoly_8_Poten_PTAT2_av_extracted':`I2', during Monte Carlo analysis `mc1'.
    I2.I56|Q2(28).bjtinsub: `minr' has the unusually small value of 10 fOhm. {"history": "MonteCarlo.6", "point": 106, "testname": "PTAT_MC", "cornername": "Nominal"}
[2026-06-05 16:44:16.898 Z] [INFO] [cadence.virtuoso.ade.simulationMonitor] - Notice from spectre in `vert10':`I2.I56|Q2(27)', in `Potentiostat_cpoly_8_Poten_PTAT2_av_extracted':`I2', during Monte Carlo analysis `mc1'.
    I2.I56|Q2(27).bjtinsub: `minr' has the unusually small value of 10 fOhm.
        Further occurrences of this notice will be suppressed. {"history": "MonteCarlo.6", "point": 106, "testname": "PTAT_MC", "cornername": "Nominal"}
[2026-06-05 16:44:16.898 Z] [PROCESS] [cadence.virtuoso.ade.simulationMonitor] - Finished simulating for one iteration {"hostname": "il2244vt26_hrahimi", "processid": 3405815, "history": "MonteCarlo.6", "testname": "PTAT_MC", "cornername": "Nominal", "point": 106, "logfile": "/home/hrahimi/projects/POTENTIOSTAT_26/logs_hrahimi/logs0/Job102.log", "simid": "1"}
[2026-06-05 16:44:16.899 Z] [PROCESS] [cadence.virtuoso.ade.simulationMonitor] - Started Simulation {"hostname": "il2244vt26_hrahimi", "processid": 3405815, "history": "MonteCarlo.6", "testname": "PTAT_MC", "cornername": "Nominal", "point": 107, "logfile": "/home/hrahimi/projects/POTENTIOSTAT_26/logs_hrahimi/logs0/Job102.log", "event": "started", "task": "simulation"}
[2026-06-05 16:44:17.400 Z] [INFO] [cadence.virtuoso.ade.simulationMonitor] - Notice from spectre during Monte Carlo analysis `mc1'.
    V8: `period' has the unusually large value of 100 s.
    V7: `period' has the unusually large value of 10 s.
    V3: `period' has the unusually large value of 6 s.
    I26: `period' has the unusually large value of 6 s. {"history": "MonteCarlo.6", "point": 107, "testname": "PTAT_MC", "cornername": "Nominal"}
[2026-06-05 16:44:17.400 Z] [WARN] [cadence.virtuoso.ade.simulationMonitor] -     WARNING (CMI-2425): I7.I4|C1(10): `Acde' = 2.393 is unusually large. {"history": "MonteCarlo.6", "point": 107, "testname": "PTAT_MC", "cornername": "Nominal"}
[2026-06-05 16:44:17.400 Z] [WARN] [cadence.virtuoso.ade.simulationMonitor] -     WARNING (CMI-2425): I7.I4|C1(10): `Noff' = 4.732 is unusually large. {"history": "MonteCarlo.6", "point": 107, "testname": "PTAT_MC", "cornername": "Nominal"}
[2026-06-05 16:44:17.401 Z] [WARN] [cadence.virtuoso.ade.simulationMonitor] -     WARNING (CMI-2424): I7.I4|C1(10): `Voffcv' = -867.4e-03 is unusually small. {"history": "MonteCarlo.6", "point": 107, "testname": "PTAT_MC", "cornername": "Nominal"}
[2026-06-05 16:44:17.401 Z] [WARN] [cadence.virtuoso.ade.simulationMonitor] -     WARNING (CMI-2425): I7.I4|C1(9): `Acde' = 2.393 is unusually large. {"history": "MonteCarlo.6", "point": 107, "testname": "PTAT_MC", "cornername": "Nominal"}
[2026-06-05 16:44:17.402 Z] [WARN] [cadence.virtuoso.ade.simulationMonitor] -     WARNING (CMI-2425): I7.I4|C1(9): `Noff' = 4.732 is unusually large. {"history": "MonteCarlo.6", "point": 107, "testname": "PTAT_MC", "cornername": "Nominal"}
[2026-06-05 16:44:17.402 Z] [WARN] [cadence.virtuoso.ade.simulationMonitor] -     WARNING (CMI-2424): I7.I4|C1(9): `Voffcv' = -867.4e-03 is unusually small. {"history": "MonteCarlo.6", "point": 107, "testname": "PTAT_MC", "cornername": "Nominal"}
[2026-06-05 16:44:17.402 Z] [WARN] [cadence.virtuoso.ade.simulationMonitor] -     WARNING (CMI-2425): I7.I4|C1(8): `Acde' = 2.393 is unusually large.
        Further occurrences of this warning will be suppressed. {"history": "MonteCarlo.6", "point": 107, "testname": "PTAT_MC", "cornername": "Nominal"}
[2026-06-05 16:44:17.403 Z] [WARN] [cadence.virtuoso.ade.simulationMonitor] -     WARNING (CMI-2424): I7.I4|C1(8): `Voffcv' = -867.4e-03 is unusually small. {"history": "MonteCarlo.6", "point": 107, "testname": "PTAT_MC", "cornername": "Nominal"}
[2026-06-05 16:44:17.403 Z] [WARN] [cadence.virtuoso.ade.simulationMonitor] -     WARNING (CMI-2424): I7.I4|C1(7): `Voffcv' = -867.4e-03 is unusually small. {"history": "MonteCarlo.6", "point": 107, "testname": "PTAT_MC", "cornername": "Nominal"}
[2026-06-05 16:44:17.403 Z] [WARN] [cadence.virtuoso.ade.simulationMonitor] -     WARNING (CMI-2424): I7.I4|C1(6): `Voffcv' = -867.4e-03 is unusually small.
        Further occurrences of this warning will be suppressed. {"history": "MonteCarlo.6", "point": 107, "testname": "PTAT_MC", "cornername": "Nominal"}
[2026-06-05 16:44:17.904 Z] [INFO] [cadence.virtuoso.ade.simulationMonitor] - Notice from spectre during IC analysis, during transient analysis `tran', during Monte Carlo analysis `mc1'.
    Bad pivoting is found during DC analysis. Option dc_pivot_check=yes is recommended for possible improvement of convergence. {"history": "MonteCarlo.6", "point": 107, "testname": "PTAT_MC", "cornername": "Nominal"}
[2026-06-05 16:44:17.904 Z] [WARN] [cadence.virtuoso.ade.simulationMonitor] -     WARNING (CMI-2943): Parameter checks have been ignored because the valid value for parameter 'trise' could not be found in 'C0'. {"history": "MonteCarlo.6", "point": 107, "testname": "PTAT_MC", "cornername": "Nominal"}
[2026-06-05 16:44:17.905 Z] [WARN] [cadence.virtuoso.ade.simulationMonitor] -     WARNING (CMI-2943): Parameter checks have been ignored because the valid value for parameter 'trise' could not be found in 'C1'. {"history": "MonteCarlo.6", "point": 107, "testname": "PTAT_MC", "cornername": "Nominal"}
[2026-06-05 16:44:17.905 Z] [WARN] [cadence.virtuoso.ade.simulationMonitor] -     WARNING (CMI-2943): Parameter checks have been ignored because the valid value for parameter 'trise' could not be found in 'C11'. {"history": "MonteCarlo.6", "point": 107, "testname": "PTAT_MC", "cornername": "Nominal"}
[2026-06-05 16:44:17.905 Z] [WARN] [cadence.virtuoso.ade.simulationMonitor] -     WARNING (CMI-2943): Parameter checks have been ignored because the valid value for parameter 'trise' could not be found in 'C12'. {"history": "MonteCarlo.6", "point": 107, "testname": "PTAT_MC", "cornername": "Nominal"}
[2026-06-05 16:44:17.906 Z] [WARN] [cadence.virtuoso.ade.simulationMonitor] -     WARNING (CMI-2943): Parameter checks have been ignored because the valid value for parameter 'trise' could not be found in 'C5'.
        Further occurrences of this warning will be suppressed. {"history": "MonteCarlo.6", "point": 107, "testname": "PTAT_MC", "cornername": "Nominal"}
[2026-06-05 16:44:54.951 Z] [INFO] [cadence.virtuoso.ade.simulationMonitor] - Total time required for tran analysis `tran': CPU = 105.188 s (1m  45.2s), elapsed = 37.3872 s, util. = 281%. {"history": "MonteCarlo.6", "point": 107, "testname": "PTAT_MC", "cornername": "Nominal"}
[2026-06-05 16:44:54.951 Z] [INFO] [cadence.virtuoso.ade.simulationMonitor] - Peak resident memory used = 472 Mbytes. {"history": "MonteCarlo.6", "point": 107, "testname": "PTAT_MC", "cornername": "Nominal"}
[2026-06-05 16:44:54.952 Z] [INFO] [cadence.virtuoso.ade.simulationMonitor] - Notice from spectre during transient analysis `tran', during Monte Carlo analysis `mc1'.
    168 notices suppressed.
    1457 warnings suppressed. {"history": "MonteCarlo.6", "point": 107, "testname": "PTAT_MC", "cornername": "Nominal"}
[2026-06-05 16:44:55.453 Z] [INFO] [cadence.virtuoso.ade.simulationMonitor] - Notice from spectre in `vert10':`I2.I56|Q2(31)', in `Potentiostat_cpoly_8_Poten_PTAT2_av_extracted':`I2', during Monte Carlo analysis `mc1'.
    I2.I56|Q2(31).bjtinsub: `minr' has the unusually small value of 10 fOhm. {"history": "MonteCarlo.6", "point": 107, "testname": "PTAT_MC", "cornername": "Nominal"}
[2026-06-05 16:44:55.453 Z] [INFO] [cadence.virtuoso.ade.simulationMonitor] - Notice from spectre in `vert10':`I2.I56|Q2(30)', in `Potentiostat_cpoly_8_Poten_PTAT2_av_extracted':`I2', during Monte Carlo analysis `mc1'.
    I2.I56|Q2(30).bjtinsub: `minr' has the unusually small value of 10 fOhm. {"history": "MonteCarlo.6", "point": 107, "testname": "PTAT_MC", "cornername": "Nominal"}
[2026-06-05 16:44:55.454 Z] [INFO] [cadence.virtuoso.ade.simulationMonitor] - Notice from spectre in `vert10':`I2.I56|Q2(29)', in `Potentiostat_cpoly_8_Poten_PTAT2_av_extracted':`I2', during Monte Carlo analysis `mc1'.
    I2.I56|Q2(29).bjtinsub: `minr' has the unusually small value of 10 fOhm. {"history": "MonteCarlo.6", "point": 107, "testname": "PTAT_MC", "cornername": "Nominal"}
[2026-06-05 16:44:55.454 Z] [INFO] [cadence.virtuoso.ade.simulationMonitor] - Notice from spectre in `vert10':`I2.I56|Q2(28)', in `Potentiostat_cpoly_8_Poten_PTAT2_av_extracted':`I2', during Monte Carlo analysis `mc1'.
    I2.I56|Q2(28).bjtinsub: `minr' has the unusually small value of 10 fOhm. {"history": "MonteCarlo.6", "point": 107, "testname": "PTAT_MC", "cornername": "Nominal"}
[2026-06-05 16:44:55.455 Z] [INFO] [cadence.virtuoso.ade.simulationMonitor] - Notice from spectre in `vert10':`I2.I56|Q2(27)', in `Potentiostat_cpoly_8_Poten_PTAT2_av_extracted':`I2', during Monte Carlo analysis `mc1'.
    I2.I56|Q2(27).bjtinsub: `minr' has the unusually small value of 10 fOhm.
        Further occurrences of this notice will be suppressed. {"history": "MonteCarlo.6", "point": 107, "testname": "PTAT_MC", "cornername": "Nominal"}
[2026-06-05 16:44:55.455 Z] [INFO] [cadence.virtuoso.ade.simulationMonitor] - Notice from spectre during Monte Carlo analysis `mc1'.
    V8: `period' has the unusually large value of 100 s.
    V7: `period' has the unusually large value of 10 s.
    V3: `period' has the unusually large value of 6 s.
    I26: `period' has the unusually large value of 6 s. {"history": "MonteCarlo.6", "point": 107, "testname": "PTAT_MC", "cornername": "Nominal"}
[2026-06-05 16:44:55.455 Z] [PROCESS] [cadence.virtuoso.ade.simulationMonitor] - Finished simulating for one iteration {"hostname": "il2244vt26_hrahimi", "processid": 3405815, "history": "MonteCarlo.6", "testname": "PTAT_MC", "cornername": "Nominal", "point": 107, "logfile": "/home/hrahimi/projects/POTENTIOSTAT_26/logs_hrahimi/logs0/Job102.log", "simid": "1"}
[2026-06-05 16:44:55.456 Z] [PROCESS] [cadence.virtuoso.ade.simulationMonitor] - Started Simulation {"hostname": "il2244vt26_hrahimi", "processid": 3405815, "history": "MonteCarlo.6", "testname": "PTAT_MC", "cornername": "Nominal", "point": 108, "logfile": "/home/hrahimi/projects/POTENTIOSTAT_26/logs_hrahimi/logs0/Job102.log", "event": "started", "task": "simulation"}
[2026-06-05 16:44:56.457 Z] [WARN] [cadence.virtuoso.ade.simulationMonitor] -     WARNING (CMI-2425): I7.I4|C1(10): `Acde' = 2.393 is unusually large. {"history": "MonteCarlo.6", "point": 108, "testname": "PTAT_MC", "cornername": "Nominal"}
[2026-06-05 16:44:56.458 Z] [WARN] [cadence.virtuoso.ade.simulationMonitor] -     WARNING (CMI-2425): I7.I4|C1(10): `Noff' = 4.732 is unusually large. {"history": "MonteCarlo.6", "point": 108, "testname": "PTAT_MC", "cornername": "Nominal"}
[2026-06-05 16:44:56.459 Z] [WARN] [cadence.virtuoso.ade.simulationMonitor] -     WARNING (CMI-2424): I7.I4|C1(10): `Voffcv' = -867.4e-03 is unusually small. {"history": "MonteCarlo.6", "point": 108, "testname": "PTAT_MC", "cornername": "Nominal"}
[2026-06-05 16:44:56.459 Z] [WARN] [cadence.virtuoso.ade.simulationMonitor] -     WARNING (CMI-2425): I7.I4|C1(9): `Acde' = 2.393 is unusually large. {"history": "MonteCarlo.6", "point": 108, "testname": "PTAT_MC", "cornername": "Nominal"}
[2026-06-05 16:44:56.459 Z] [WARN] [cadence.virtuoso.ade.simulationMonitor] -     WARNING (CMI-2425): I7.I4|C1(9): `Noff' = 4.732 is unusually large. {"history": "MonteCarlo.6", "point": 108, "testname": "PTAT_MC", "cornername": "Nominal"}
[2026-06-05 16:44:56.460 Z] [WARN] [cadence.virtuoso.ade.simulationMonitor] -     WARNING (CMI-2424): I7.I4|C1(9): `Voffcv' = -867.4e-03 is unusually small. {"history": "MonteCarlo.6", "point": 108, "testname": "PTAT_MC", "cornername": "Nominal"}
[2026-06-05 16:44:56.460 Z] [WARN] [cadence.virtuoso.ade.simulationMonitor] -     WARNING (CMI-2425): I7.I4|C1(8): `Acde' = 2.393 is unusually large.
        Further occurrences of this warning will be suppressed. {"history": "MonteCarlo.6", "point": 108, "testname": "PTAT_MC", "cornername": "Nominal"}
[2026-06-05 16:44:56.460 Z] [WARN] [cadence.virtuoso.ade.simulationMonitor] -     WARNING (CMI-2424): I7.I4|C1(8): `Voffcv' = -867.4e-03 is unusually small. {"history": "MonteCarlo.6", "point": 108, "testname": "PTAT_MC", "cornername": "Nominal"}
[2026-06-05 16:44:56.462 Z] [WARN] [cadence.virtuoso.ade.simulationMonitor] -     WARNING (CMI-2424): I7.I4|C1(7): `Voffcv' = -867.4e-03 is unusually small. {"history": "MonteCarlo.6", "point": 108, "testname": "PTAT_MC", "cornername": "Nominal"}
[2026-06-05 16:44:56.462 Z] [WARN] [cadence.virtuoso.ade.simulationMonitor] -     WARNING (CMI-2424): I7.I4|C1(6): `Voffcv' = -867.4e-03 is unusually small.
        Further occurrences of this warning will be suppressed. {"history": "MonteCarlo.6", "point": 108, "testname": "PTAT_MC", "cornername": "Nominal"}
[2026-06-05 16:44:56.963 Z] [INFO] [cadence.virtuoso.ade.simulationMonitor] - Notice from spectre during IC analysis, during transient analysis `tran', during Monte Carlo analysis `mc1'.
    Bad pivoting is found during DC analysis. Option dc_pivot_check=yes is recommended for possible improvement of convergence. {"history": "MonteCarlo.6", "point": 108, "testname": "PTAT_MC", "cornername": "Nominal"}
[2026-06-05 16:44:56.964 Z] [WARN] [cadence.virtuoso.ade.simulationMonitor] -     WARNING (CMI-2943): Parameter checks have been ignored because the valid value for parameter 'trise' could not be found in 'C0'. {"history": "MonteCarlo.6", "point": 108, "testname": "PTAT_MC", "cornername": "Nominal"}
[2026-06-05 16:44:56.966 Z] [WARN] [cadence.virtuoso.ade.simulationMonitor] -     WARNING (CMI-2943): Parameter checks have been ignored because the valid value for parameter 'trise' could not be found in 'C1'. {"history": "MonteCarlo.6", "point": 108, "testname": "PTAT_MC", "cornername": "Nominal"}
[2026-06-05 16:44:56.966 Z] [WARN] [cadence.virtuoso.ade.simulationMonitor] -     WARNING (CMI-2943): Parameter checks have been ignored because the valid value for parameter 'trise' could not be found in 'C11'. {"history": "MonteCarlo.6", "point": 108, "testname": "PTAT_MC", "cornername": "Nominal"}
[2026-06-05 16:44:56.967 Z] [WARN] [cadence.virtuoso.ade.simulationMonitor] -     WARNING (CMI-2943): Parameter checks have been ignored because the valid value for parameter 'trise' could not be found in 'C12'. {"history": "MonteCarlo.6", "point": 108, "testname": "PTAT_MC", "cornername": "Nominal"}
[2026-06-05 16:44:56.968 Z] [WARN] [cadence.virtuoso.ade.simulationMonitor] -     WARNING (CMI-2943): Parameter checks have been ignored because the valid value for parameter 'trise' could not be found in 'C5'.
        Further occurrences of this warning will be suppressed. {"history": "MonteCarlo.6", "point": 108, "testname": "PTAT_MC", "cornername": "Nominal"}
[2026-06-05 16:45:38.026 Z] [INFO] [cadence.virtuoso.ade.simulationMonitor] - Total time required for tran analysis `tran': CPU = 124.075 s (2m  4.1s), elapsed = 41.5633 s, util. = 299%. {"history": "MonteCarlo.6", "point": 108, "testname": "PTAT_MC", "cornername": "Nominal"}
[2026-06-05 16:45:38.027 Z] [INFO] [cadence.virtuoso.ade.simulationMonitor] - Peak resident memory used = 475 Mbytes. {"history": "MonteCarlo.6", "point": 108, "testname": "PTAT_MC", "cornername": "Nominal"}
[2026-06-05 16:45:38.027 Z] [INFO] [cadence.virtuoso.ade.simulationMonitor] - Notice from spectre during transient analysis `tran', during Monte Carlo analysis `mc1'.
    168 notices suppressed.
    1457 warnings suppressed. {"history": "MonteCarlo.6", "point": 108, "testname": "PTAT_MC", "cornername": "Nominal"}
[2026-06-05 16:45:38.027 Z] [PROCESS] [cadence.virtuoso.ade.simulationMonitor] - Finished simulating for one iteration {"hostname": "il2244vt26_hrahimi", "processid": 3405815, "history": "MonteCarlo.6", "testname": "PTAT_MC", "cornername": "Nominal", "point": 108, "logfile": "/home/hrahimi/projects/POTENTIOSTAT_26/logs_hrahimi/logs0/Job102.log", "simid": "1"}
[2026-06-05 16:45:38.028 Z] [PROCESS] [cadence.virtuoso.ade.simulationMonitor] - Started Simulation {"hostname": "il2244vt26_hrahimi", "processid": 3405815, "history": "MonteCarlo.6", "testname": "PTAT_MC", "cornername": "Nominal", "point": 109, "logfile": "/home/hrahimi/projects/POTENTIOSTAT_26/logs_hrahimi/logs0/Job102.log", "event": "started", "task": "simulation"}
[2026-06-05 16:45:38.529 Z] [INFO] [cadence.virtuoso.ade.simulationMonitor] - Notice from spectre in `vert10':`I2.I56|Q2(31)', in `Potentiostat_cpoly_8_Poten_PTAT2_av_extracted':`I2', during Monte Carlo analysis `mc1'.
    I2.I56|Q2(31).bjtinsub: `rbm' has the unusually small value of 936.991 mOhm.
    I2.I56|Q2(31).bjtinsub: `minr' has the unusually small value of 10 fOhm. {"history": "MonteCarlo.6", "point": 109, "testname": "PTAT_MC", "cornername": "Nominal"}
[2026-06-05 16:45:38.529 Z] [INFO] [cadence.virtuoso.ade.simulationMonitor] - Notice from spectre in `vert10':`I2.I56|Q2(30)', in `Potentiostat_cpoly_8_Poten_PTAT2_av_extracted':`I2', during Monte Carlo analysis `mc1'.
    I2.I56|Q2(30).bjtinsub: `rbm' has the unusually small value of 936.991 mOhm.
    I2.I56|Q2(30).bjtinsub: `minr' has the unusually small value of 10 fOhm. {"history": "MonteCarlo.6", "point": 109, "testname": "PTAT_MC", "cornername": "Nominal"}
[2026-06-05 16:45:38.529 Z] [INFO] [cadence.virtuoso.ade.simulationMonitor] - Notice from spectre in `vert10':`I2.I56|Q2(29)', in `Potentiostat_cpoly_8_Poten_PTAT2_av_extracted':`I2', during Monte Carlo analysis `mc1'.
    I2.I56|Q2(29).bjtinsub: `rbm' has the unusually small value of 936.991 mOhm.
        Further occurrences of this notice will be suppressed. {"history": "MonteCarlo.6", "point": 109, "testname": "PTAT_MC", "cornername": "Nominal"}
[2026-06-05 16:45:38.530 Z] [INFO] [cadence.virtuoso.ade.simulationMonitor] - Notice from spectre during Monte Carlo analysis `mc1'.
    V8: `period' has the unusually large value of 100 s.
    V7: `period' has the unusually large value of 10 s.
    V3: `period' has the unusually large value of 6 s.
    I26: `period' has the unusually large value of 6 s. {"history": "MonteCarlo.6", "point": 109, "testname": "PTAT_MC", "cornername": "Nominal"}
[2026-06-05 16:45:39.031 Z] [WARN] [cadence.virtuoso.ade.simulationMonitor] -     WARNING (CMI-2425): I7.I4|C1(10): `Acde' = 2.393 is unusually large. {"history": "MonteCarlo.6", "point": 109, "testname": "PTAT_MC", "cornername": "Nominal"}
[2026-06-05 16:45:39.032 Z] [WARN] [cadence.virtuoso.ade.simulationMonitor] -     WARNING (CMI-2425): I7.I4|C1(10): `Noff' = 4.732 is unusually large. {"history": "MonteCarlo.6", "point": 109, "testname": "PTAT_MC", "cornername": "Nominal"}
[2026-06-05 16:45:39.033 Z] [WARN] [cadence.virtuoso.ade.simulationMonitor] -     WARNING (CMI-2424): I7.I4|C1(10): `Voffcv' = -867.4e-03 is unusually small. {"history": "MonteCarlo.6", "point": 109, "testname": "PTAT_MC", "cornername": "Nominal"}
[2026-06-05 16:45:39.034 Z] [WARN] [cadence.virtuoso.ade.simulationMonitor] -     WARNING (CMI-2425): I7.I4|C1(9): `Acde' = 2.393 is unusually large. {"history": "MonteCarlo.6", "point": 109, "testname": "PTAT_MC", "cornername": "Nominal"}
[2026-06-05 16:45:39.034 Z] [WARN] [cadence.virtuoso.ade.simulationMonitor] -     WARNING (CMI-2425): I7.I4|C1(9): `Noff' = 4.732 is unusually large. {"history": "MonteCarlo.6", "point": 109, "testname": "PTAT_MC", "cornername": "Nominal"}
[2026-06-05 16:45:39.035 Z] [WARN] [cadence.virtuoso.ade.simulationMonitor] -     WARNING (CMI-2424): I7.I4|C1(9): `Voffcv' = -867.4e-03 is unusually small. {"history": "MonteCarlo.6", "point": 109, "testname": "PTAT_MC", "cornername": "Nominal"}
[2026-06-05 16:45:39.035 Z] [WARN] [cadence.virtuoso.ade.simulationMonitor] -     WARNING (CMI-2425): I7.I4|C1(8): `Acde' = 2.393 is unusually large.
        Further occurrences of this warning will be suppressed. {"history": "MonteCarlo.6", "point": 109, "testname": "PTAT_MC", "cornername": "Nominal"}
[2026-06-05 16:45:39.036 Z] [WARN] [cadence.virtuoso.ade.simulationMonitor] -     WARNING (CMI-2424): I7.I4|C1(8): `Voffcv' = -867.4e-03 is unusually small. {"history": "MonteCarlo.6", "point": 109, "testname": "PTAT_MC", "cornername": "Nominal"}
[2026-06-05 16:45:39.036 Z] [WARN] [cadence.virtuoso.ade.simulationMonitor] -     WARNING (CMI-2424): I7.I4|C1(7): `Voffcv' = -867.4e-03 is unusually small. {"history": "MonteCarlo.6", "point": 109, "testname": "PTAT_MC", "cornername": "Nominal"}
[2026-06-05 16:45:39.036 Z] [WARN] [cadence.virtuoso.ade.simulationMonitor] -     WARNING (CMI-2424): I7.I4|C1(6): `Voffcv' = -867.4e-03 is unusually small.
        Further occurrences of this warning will be suppressed. {"history": "MonteCarlo.6", "point": 109, "testname": "PTAT_MC", "cornername": "Nominal"}
[2026-06-05 16:45:39.537 Z] [INFO] [cadence.virtuoso.ade.simulationMonitor] - Notice from spectre during IC analysis, during transient analysis `tran', during Monte Carlo analysis `mc1'.
    Bad pivoting is found during DC analysis. Option dc_pivot_check=yes is recommended for possible improvement of convergence. {"history": "MonteCarlo.6", "point": 109, "testname": "PTAT_MC", "cornername": "Nominal"}
[2026-06-05 16:45:39.538 Z] [WARN] [cadence.virtuoso.ade.simulationMonitor] -     WARNING (CMI-2943): Parameter checks have been ignored because the valid value for parameter 'trise' could not be found in 'C0'. {"history": "MonteCarlo.6", "point": 109, "testname": "PTAT_MC", "cornername": "Nominal"}
[2026-06-05 16:45:39.538 Z] [WARN] [cadence.virtuoso.ade.simulationMonitor] -     WARNING (CMI-2943): Parameter checks have been ignored because the valid value for parameter 'trise' could not be found in 'C1'. {"history": "MonteCarlo.6", "point": 109, "testname": "PTAT_MC", "cornername": "Nominal"}
[2026-06-05 16:45:39.538 Z] [WARN] [cadence.virtuoso.ade.simulationMonitor] -     WARNING (CMI-2943): Parameter checks have been ignored because the valid value for parameter 'trise' could not be found in 'C11'. {"history": "MonteCarlo.6", "point": 109, "testname": "PTAT_MC", "cornername": "Nominal"}
[2026-06-05 16:45:39.539 Z] [WARN] [cadence.virtuoso.ade.simulationMonitor] -     WARNING (CMI-2943): Parameter checks have been ignored because the valid value for parameter 'trise' could not be found in 'C12'. {"history": "MonteCarlo.6", "point": 109, "testname": "PTAT_MC", "cornername": "Nominal"}
[2026-06-05 16:45:39.540 Z] [WARN] [cadence.virtuoso.ade.simulationMonitor] -     WARNING (CMI-2943): Parameter checks have been ignored because the valid value for parameter 'trise' could not be found in 'C5'.
        Further occurrences of this warning will be suppressed. {"history": "MonteCarlo.6", "point": 109, "testname": "PTAT_MC", "cornername": "Nominal"}
[2026-06-05 16:46:15.600 Z] [INFO] [cadence.virtuoso.ade.simulationMonitor] - Total time required for tran analysis `tran': CPU = 116.854 s (1m  56.9s), elapsed = 36.7708 s, util. = 318%. {"history": "MonteCarlo.6", "point": 109, "testname": "PTAT_MC", "cornername": "Nominal"}
[2026-06-05 16:46:15.601 Z] [INFO] [cadence.virtuoso.ade.simulationMonitor] - Peak resident memory used = 479 Mbytes. {"history": "MonteCarlo.6", "point": 109, "testname": "PTAT_MC", "cornername": "Nominal"}
[2026-06-05 16:46:15.602 Z] [INFO] [cadence.virtuoso.ade.simulationMonitor] - Notice from spectre during transient analysis `tran', during Monte Carlo analysis `mc1'.
    312 notices suppressed.
    1457 warnings suppressed. {"history": "MonteCarlo.6", "point": 109, "testname": "PTAT_MC", "cornername": "Nominal"}
[2026-06-05 16:46:16.102 Z] [INFO] [cadence.virtuoso.ade.simulationMonitor] - Notice from spectre in `vert10':`I2.I56|Q2(31)', in `Potentiostat_cpoly_8_Poten_PTAT2_av_extracted':`I2', during Monte Carlo analysis `mc1'.
    I2.I56|Q2(31).bjtinsub: `minr' has the unusually small value of 10 fOhm. {"history": "MonteCarlo.6", "point": 109, "testname": "PTAT_MC", "cornername": "Nominal"}
[2026-06-05 16:46:16.103 Z] [INFO] [cadence.virtuoso.ade.simulationMonitor] - Notice from spectre in `vert10':`I2.I56|Q2(30)', in `Potentiostat_cpoly_8_Poten_PTAT2_av_extracted':`I2', during Monte Carlo analysis `mc1'.
    I2.I56|Q2(30).bjtinsub: `minr' has the unusually small value of 10 fOhm. {"history": "MonteCarlo.6", "point": 109, "testname": "PTAT_MC", "cornername": "Nominal"}
[2026-06-05 16:46:16.104 Z] [INFO] [cadence.virtuoso.ade.simulationMonitor] - Notice from spectre in `vert10':`I2.I56|Q2(29)', in `Potentiostat_cpoly_8_Poten_PTAT2_av_extracted':`I2', during Monte Carlo analysis `mc1'.
    I2.I56|Q2(29).bjtinsub: `minr' has the unusually small value of 10 fOhm. {"history": "MonteCarlo.6", "point": 109, "testname": "PTAT_MC", "cornername": "Nominal"}
[2026-06-05 16:46:16.104 Z] [INFO] [cadence.virtuoso.ade.simulationMonitor] - Notice from spectre in `vert10':`I2.I56|Q2(28)', in `Potentiostat_cpoly_8_Poten_PTAT2_av_extracted':`I2', during Monte Carlo analysis `mc1'.
    I2.I56|Q2(28).bjtinsub: `minr' has the unusually small value of 10 fOhm. {"history": "MonteCarlo.6", "point": 109, "testname": "PTAT_MC", "cornername": "Nominal"}
[2026-06-05 16:46:16.105 Z] [INFO] [cadence.virtuoso.ade.simulationMonitor] - Notice from spectre in `vert10':`I2.I56|Q2(27)', in `Potentiostat_cpoly_8_Poten_PTAT2_av_extracted':`I2', during Monte Carlo analysis `mc1'.
    I2.I56|Q2(27).bjtinsub: `minr' has the unusually small value of 10 fOhm.
        Further occurrences of this notice will be suppressed. {"history": "MonteCarlo.6", "point": 109, "testname": "PTAT_MC", "cornername": "Nominal"}
[2026-06-05 16:46:16.105 Z] [PROCESS] [cadence.virtuoso.ade.simulationMonitor] - Finished simulating for one iteration {"hostname": "il2244vt26_hrahimi", "processid": 3405815, "history": "MonteCarlo.6", "testname": "PTAT_MC", "cornername": "Nominal", "point": 109, "logfile": "/home/hrahimi/projects/POTENTIOSTAT_26/logs_hrahimi/logs0/Job102.log", "simid": "1"}
[2026-06-05 16:46:16.105 Z] [PROCESS] [cadence.virtuoso.ade.simulationMonitor] - Started Simulation {"hostname": "il2244vt26_hrahimi", "processid": 3405815, "history": "MonteCarlo.6", "testname": "PTAT_MC", "cornername": "Nominal", "point": 110, "logfile": "/home/hrahimi/projects/POTENTIOSTAT_26/logs_hrahimi/logs0/Job102.log", "event": "started", "task": "simulation"}
[2026-06-05 16:46:16.606 Z] [INFO] [cadence.virtuoso.ade.simulationMonitor] - Notice from spectre during Monte Carlo analysis `mc1'.
    V8: `period' has the unusually large value of 100 s.
    V7: `period' has the unusually large value of 10 s.
    V3: `period' has the unusually large value of 6 s.
    I26: `period' has the unusually large value of 6 s. {"history": "MonteCarlo.6", "point": 110, "testname": "PTAT_MC", "cornername": "Nominal"}
[2026-06-05 16:46:17.111 Z] [WARN] [cadence.virtuoso.ade.simulationMonitor] -     WARNING (CMI-2425): I7.I4|C1(10): `Acde' = 2.393 is unusually large. {"history": "MonteCarlo.6", "point": 110, "testname": "PTAT_MC", "cornername": "Nominal"}
[2026-06-05 16:46:17.112 Z] [WARN] [cadence.virtuoso.ade.simulationMonitor] -     WARNING (CMI-2425): I7.I4|C1(10): `Noff' = 4.732 is unusually large. {"history": "MonteCarlo.6", "point": 110, "testname": "PTAT_MC", "cornername": "Nominal"}
[2026-06-05 16:46:17.113 Z] [WARN] [cadence.virtuoso.ade.simulationMonitor] -     WARNING (CMI-2424): I7.I4|C1(10): `Voffcv' = -867.4e-03 is unusually small. {"history": "MonteCarlo.6", "point": 110, "testname": "PTAT_MC", "cornername": "Nominal"}
[2026-06-05 16:46:17.113 Z] [WARN] [cadence.virtuoso.ade.simulationMonitor] -     WARNING (CMI-2425): I7.I4|C1(9): `Acde' = 2.393 is unusually large. {"history": "MonteCarlo.6", "point": 110, "testname": "PTAT_MC", "cornername": "Nominal"}
[2026-06-05 16:46:17.113 Z] [WARN] [cadence.virtuoso.ade.simulationMonitor] -     WARNING (CMI-2425): I7.I4|C1(9): `Noff' = 4.732 is unusually large. {"history": "MonteCarlo.6", "point": 110, "testname": "PTAT_MC", "cornername": "Nominal"}
[2026-06-05 16:46:17.114 Z] [WARN] [cadence.virtuoso.ade.simulationMonitor] -     WARNING (CMI-2424): I7.I4|C1(9): `Voffcv' = -867.4e-03 is unusually small. {"history": "MonteCarlo.6", "point": 110, "testname": "PTAT_MC", "cornername": "Nominal"}
[2026-06-05 16:46:17.114 Z] [WARN] [cadence.virtuoso.ade.simulationMonitor] -     WARNING (CMI-2425): I7.I4|C1(8): `Acde' = 2.393 is unusually large.
        Further occurrences of this warning will be suppressed. {"history": "MonteCarlo.6", "point": 110, "testname": "PTAT_MC", "cornername": "Nominal"}
[2026-06-05 16:46:17.115 Z] [WARN] [cadence.virtuoso.ade.simulationMonitor] -     WARNING (CMI-2424): I7.I4|C1(8): `Voffcv' = -867.4e-03 is unusually small. {"history": "MonteCarlo.6", "point": 110, "testname": "PTAT_MC", "cornername": "Nominal"}
[2026-06-05 16:46:17.115 Z] [WARN] [cadence.virtuoso.ade.simulationMonitor] -     WARNING (CMI-2424): I7.I4|C1(7): `Voffcv' = -867.4e-03 is unusually small. {"history": "MonteCarlo.6", "point": 110, "testname": "PTAT_MC", "cornername": "Nominal"}
[2026-06-05 16:46:17.116 Z] [WARN] [cadence.virtuoso.ade.simulationMonitor] -     WARNING (CMI-2424): I7.I4|C1(6): `Voffcv' = -867.4e-03 is unusually small.
        Further occurrences of this warning will be suppressed. {"history": "MonteCarlo.6", "point": 110, "testname": "PTAT_MC", "cornername": "Nominal"}
[2026-06-05 16:46:17.116 Z] [INFO] [cadence.virtuoso.ade.simulationMonitor] - Notice from spectre during IC analysis, during transient analysis `tran', during Monte Carlo analysis `mc1'.
    Bad pivoting is found during DC analysis. Option dc_pivot_check=yes is recommended for possible improvement of convergence. {"history": "MonteCarlo.6", "point": 110, "testname": "PTAT_MC", "cornername": "Nominal"}
[2026-06-05 16:46:17.117 Z] [WARN] [cadence.virtuoso.ade.simulationMonitor] -     WARNING (CMI-2943): Parameter checks have been ignored because the valid value for parameter 'trise' could not be found in 'C0'. {"history": "MonteCarlo.6", "point": 110, "testname": "PTAT_MC", "cornername": "Nominal"}
[2026-06-05 16:46:17.117 Z] [WARN] [cadence.virtuoso.ade.simulationMonitor] -     WARNING (CMI-2943): Parameter checks have been ignored because the valid value for parameter 'trise' could not be found in 'C1'. {"history": "MonteCarlo.6", "point": 110, "testname": "PTAT_MC", "cornername": "Nominal"}
[2026-06-05 16:46:17.118 Z] [WARN] [cadence.virtuoso.ade.simulationMonitor] -     WARNING (CMI-2943): Parameter checks have been ignored because the valid value for parameter 'trise' could not be found in 'C11'. {"history": "MonteCarlo.6", "point": 110, "testname": "PTAT_MC", "cornername": "Nominal"}
[2026-06-05 16:46:17.118 Z] [WARN] [cadence.virtuoso.ade.simulationMonitor] -     WARNING (CMI-2943): Parameter checks have been ignored because the valid value for parameter 'trise' could not be found in 'C12'. {"history": "MonteCarlo.6", "point": 110, "testname": "PTAT_MC", "cornername": "Nominal"}
[2026-06-05 16:46:17.119 Z] [WARN] [cadence.virtuoso.ade.simulationMonitor] -     WARNING (CMI-2943): Parameter checks have been ignored because the valid value for parameter 'trise' could not be found in 'C5'.
        Further occurrences of this warning will be suppressed. {"history": "MonteCarlo.6", "point": 110, "testname": "PTAT_MC", "cornername": "Nominal"}
[2026-06-05 16:47:00.169 Z] [INFO] [cadence.virtuoso.ade.simulationMonitor] - Total time required for tran analysis `tran': CPU = 177.163 s (2m  57.2s), elapsed = 43.0293 s, util. = 412%. {"history": "MonteCarlo.6", "point": 110, "testname": "PTAT_MC", "cornername": "Nominal"}
[2026-06-05 16:47:00.169 Z] [INFO] [cadence.virtuoso.ade.simulationMonitor] - Peak resident memory used = 484 Mbytes. {"history": "MonteCarlo.6", "point": 110, "testname": "PTAT_MC", "cornername": "Nominal"}
[2026-06-05 16:47:00.170 Z] [INFO] [cadence.virtuoso.ade.simulationMonitor] - Notice from spectre during transient analysis `tran', during Monte Carlo analysis `mc1'.
    168 notices suppressed.
    1457 warnings suppressed. {"history": "MonteCarlo.6", "point": 110, "testname": "PTAT_MC", "cornername": "Nominal"}
[2026-06-05 16:47:00.672 Z] [INFO] [cadence.virtuoso.ade.simulationMonitor] - Notice from spectre in `vert10':`I2.I56|Q2(31)', in `Potentiostat_cpoly_8_Poten_PTAT2_av_extracted':`I2', during Monte Carlo analysis `mc1'.
    I2.I56|Q2(31).bjtinsub: `rbm' has the unusually small value of 986.991 mOhm.
    I2.I56|Q2(31).bjtinsub: `minr' has the unusually small value of 10 fOhm. {"history": "MonteCarlo.6", "point": 110, "testname": "PTAT_MC", "cornername": "Nominal"}
[2026-06-05 16:47:00.673 Z] [INFO] [cadence.virtuoso.ade.simulationMonitor] - Notice from spectre in `vert10':`I2.I56|Q2(30)', in `Potentiostat_cpoly_8_Poten_PTAT2_av_extracted':`I2', during Monte Carlo analysis `mc1'.
    I2.I56|Q2(30).bjtinsub: `rbm' has the unusually small value of 986.991 mOhm.
    I2.I56|Q2(30).bjtinsub: `minr' has the unusually small value of 10 fOhm. {"history": "MonteCarlo.6", "point": 110, "testname": "PTAT_MC", "cornername": "Nominal"}
[2026-06-05 16:47:00.673 Z] [INFO] [cadence.virtuoso.ade.simulationMonitor] - Notice from spectre in `vert10':`I2.I56|Q2(29)', in `Potentiostat_cpoly_8_Poten_PTAT2_av_extracted':`I2', during Monte Carlo analysis `mc1'.
    I2.I56|Q2(29).bjtinsub: `rbm' has the unusually small value of 986.991 mOhm.
        Further occurrences of this notice will be suppressed. {"history": "MonteCarlo.6", "point": 110, "testname": "PTAT_MC", "cornername": "Nominal"}
[2026-06-05 16:47:00.674 Z] [PROCESS] [cadence.virtuoso.ade.simulationMonitor] - Finished simulating for one iteration {"hostname": "il2244vt26_hrahimi", "processid": 3405815, "history": "MonteCarlo.6", "testname": "PTAT_MC", "cornername": "Nominal", "point": 110, "logfile": "/home/hrahimi/projects/POTENTIOSTAT_26/logs_hrahimi/logs0/Job102.log", "simid": "1"}
[2026-06-05 16:47:00.675 Z] [PROCESS] [cadence.virtuoso.ade.simulationMonitor] - Started Simulation {"hostname": "il2244vt26_hrahimi", "processid": 3405815, "history": "MonteCarlo.6", "testname": "PTAT_MC", "cornername": "Nominal", "point": 111, "logfile": "/home/hrahimi/projects/POTENTIOSTAT_26/logs_hrahimi/logs0/Job102.log", "event": "started", "task": "simulation"}
[2026-06-05 16:47:01.176 Z] [INFO] [cadence.virtuoso.ade.simulationMonitor] - Notice from spectre during Monte Carlo analysis `mc1'.
    V8: `period' has the unusually large value of 100 s.
    V7: `period' has the unusually large value of 10 s.
    V3: `period' has the unusually large value of 6 s.
    I26: `period' has the unusually large value of 6 s. {"history": "MonteCarlo.6", "point": 111, "testname": "PTAT_MC", "cornername": "Nominal"}
[2026-06-05 16:47:02.178 Z] [WARN] [cadence.virtuoso.ade.simulationMonitor] -     WARNING (CMI-2425): I7.I4|C1(10): `Acde' = 2.393 is unusually large. {"history": "MonteCarlo.6", "point": 111, "testname": "PTAT_MC", "cornername": "Nominal"}
[2026-06-05 16:47:02.179 Z] [WARN] [cadence.virtuoso.ade.simulationMonitor] -     WARNING (CMI-2425): I7.I4|C1(10): `Noff' = 4.732 is unusually large. {"history": "MonteCarlo.6", "point": 111, "testname": "PTAT_MC", "cornername": "Nominal"}
[2026-06-05 16:47:02.180 Z] [WARN] [cadence.virtuoso.ade.simulationMonitor] -     WARNING (CMI-2424): I7.I4|C1(10): `Voffcv' = -867.4e-03 is unusually small. {"history": "MonteCarlo.6", "point": 111, "testname": "PTAT_MC", "cornername": "Nominal"}
[2026-06-05 16:47:02.181 Z] [WARN] [cadence.virtuoso.ade.simulationMonitor] -     WARNING (CMI-2425): I7.I4|C1(9): `Acde' = 2.393 is unusually large. {"history": "MonteCarlo.6", "point": 111, "testname": "PTAT_MC", "cornername": "Nominal"}
[2026-06-05 16:47:02.181 Z] [WARN] [cadence.virtuoso.ade.simulationMonitor] -     WARNING (CMI-2425): I7.I4|C1(9): `Noff' = 4.732 is unusually large. {"history": "MonteCarlo.6", "point": 111, "testname": "PTAT_MC", "cornername": "Nominal"}
[2026-06-05 16:47:02.182 Z] [WARN] [cadence.virtuoso.ade.simulationMonitor] -     WARNING (CMI-2424): I7.I4|C1(9): `Voffcv' = -867.4e-03 is unusually small. {"history": "MonteCarlo.6", "point": 111, "testname": "PTAT_MC", "cornername": "Nominal"}
[2026-06-05 16:47:02.182 Z] [WARN] [cadence.virtuoso.ade.simulationMonitor] -     WARNING (CMI-2425): I7.I4|C1(8): `Acde' = 2.393 is unusually large.
        Further occurrences of this warning will be suppressed. {"history": "MonteCarlo.6", "point": 111, "testname": "PTAT_MC", "cornername": "Nominal"}
[2026-06-05 16:47:02.183 Z] [WARN] [cadence.virtuoso.ade.simulationMonitor] -     WARNING (CMI-2424): I7.I4|C1(8): `Voffcv' = -867.4e-03 is unusually small. {"history": "MonteCarlo.6", "point": 111, "testname": "PTAT_MC", "cornername": "Nominal"}
[2026-06-05 16:47:02.183 Z] [WARN] [cadence.virtuoso.ade.simulationMonitor] -     WARNING (CMI-2424): I7.I4|C1(7): `Voffcv' = -867.4e-03 is unusually small. {"history": "MonteCarlo.6", "point": 111, "testname": "PTAT_MC", "cornername": "Nominal"}
[2026-06-05 16:47:02.184 Z] [WARN] [cadence.virtuoso.ade.simulationMonitor] -     WARNING (CMI-2424): I7.I4|C1(6): `Voffcv' = -867.4e-03 is unusually small.
        Further occurrences of this warning will be suppressed. {"history": "MonteCarlo.6", "point": 111, "testname": "PTAT_MC", "cornername": "Nominal"}
[2026-06-05 16:47:02.684 Z] [INFO] [cadence.virtuoso.ade.simulationMonitor] - Notice from spectre during IC analysis, during transient analysis `tran', during Monte Carlo analysis `mc1'.
    Bad pivoting is found during DC analysis. Option dc_pivot_check=yes is recommended for possible improvement of convergence. {"history": "MonteCarlo.6", "point": 111, "testname": "PTAT_MC", "cornername": "Nominal"}
[2026-06-05 16:47:02.686 Z] [WARN] [cadence.virtuoso.ade.simulationMonitor] -     WARNING (CMI-2943): Parameter checks have been ignored because the valid value for parameter 'trise' could not be found in 'C0'. {"history": "MonteCarlo.6", "point": 111, "testname": "PTAT_MC", "cornername": "Nominal"}
[2026-06-05 16:47:02.687 Z] [WARN] [cadence.virtuoso.ade.simulationMonitor] -     WARNING (CMI-2943): Parameter checks have been ignored because the valid value for parameter 'trise' could not be found in 'C1'. {"history": "MonteCarlo.6", "point": 111, "testname": "PTAT_MC", "cornername": "Nominal"}
[2026-06-05 16:47:02.688 Z] [WARN] [cadence.virtuoso.ade.simulationMonitor] -     WARNING (CMI-2943): Parameter checks have been ignored because the valid value for parameter 'trise' could not be found in 'C11'. {"history": "MonteCarlo.6", "point": 111, "testname": "PTAT_MC", "cornername": "Nominal"}
[2026-06-05 16:47:02.688 Z] [WARN] [cadence.virtuoso.ade.simulationMonitor] -     WARNING (CMI-2943): Parameter checks have been ignored because the valid value for parameter 'trise' could not be found in 'C12'. {"history": "MonteCarlo.6", "point": 111, "testname": "PTAT_MC", "cornername": "Nominal"}
[2026-06-05 16:47:02.689 Z] [WARN] [cadence.virtuoso.ade.simulationMonitor] -     WARNING (CMI-2943): Parameter checks have been ignored because the valid value for parameter 'trise' could not be found in 'C5'.
        Further occurrences of this warning will be suppressed. {"history": "MonteCarlo.6", "point": 111, "testname": "PTAT_MC", "cornername": "Nominal"}
[2026-06-05 16:48:04.379 Z] [INFO] [cadence.virtuoso.ade.simulationMonitor] - Total time required for tran analysis `tran': CPU = 206.923 s (3m  26.9s), elapsed = 62.1825 s (1m  2.2s), util. = 333%. {"history": "MonteCarlo.6", "point": 111, "testname": "PTAT_MC", "cornername": "Nominal"}
[2026-06-05 16:48:04.379 Z] [INFO] [cadence.virtuoso.ade.simulationMonitor] - Peak resident memory used = 487 Mbytes. {"history": "MonteCarlo.6", "point": 111, "testname": "PTAT_MC", "cornername": "Nominal"}
[2026-06-05 16:48:04.379 Z] [INFO] [cadence.virtuoso.ade.simulationMonitor] - Notice from spectre during transient analysis `tran', during Monte Carlo analysis `mc1'.
    312 notices suppressed.
    1457 warnings suppressed. {"history": "MonteCarlo.6", "point": 111, "testname": "PTAT_MC", "cornername": "Nominal"}
[2026-06-05 16:48:05.383 Z] [INFO] [cadence.virtuoso.ade.simulationMonitor] - Notice from spectre in `vert10':`I2.I56|Q2(31)', in `Potentiostat_cpoly_8_Poten_PTAT2_av_extracted':`I2', during Monte Carlo analysis `mc1'.
    I2.I56|Q2(31).bjtinsub: `minr' has the unusually small value of 10 fOhm. {"history": "MonteCarlo.6", "point": 111, "testname": "PTAT_MC", "cornername": "Nominal"}
[2026-06-05 16:48:05.384 Z] [INFO] [cadence.virtuoso.ade.simulationMonitor] - Notice from spectre in `vert10':`I2.I56|Q2(30)', in `Potentiostat_cpoly_8_Poten_PTAT2_av_extracted':`I2', during Monte Carlo analysis `mc1'.
    I2.I56|Q2(30).bjtinsub: `minr' has the unusually small value of 10 fOhm. {"history": "MonteCarlo.6", "point": 111, "testname": "PTAT_MC", "cornername": "Nominal"}
[2026-06-05 16:48:05.384 Z] [INFO] [cadence.virtuoso.ade.simulationMonitor] - Notice from spectre in `vert10':`I2.I56|Q2(29)', in `Potentiostat_cpoly_8_Poten_PTAT2_av_extracted':`I2', during Monte Carlo analysis `mc1'.
    I2.I56|Q2(29).bjtinsub: `minr' has the unusually small value of 10 fOhm. {"history": "MonteCarlo.6", "point": 111, "testname": "PTAT_MC", "cornername": "Nominal"}
[2026-06-05 16:48:05.385 Z] [INFO] [cadence.virtuoso.ade.simulationMonitor] - Notice from spectre in `vert10':`I2.I56|Q2(28)', in `Potentiostat_cpoly_8_Poten_PTAT2_av_extracted':`I2', during Monte Carlo analysis `mc1'.
    I2.I56|Q2(28).bjtinsub: `minr' has the unusually small value of 10 fOhm. {"history": "MonteCarlo.6", "point": 111, "testname": "PTAT_MC", "cornername": "Nominal"}
[2026-06-05 16:48:05.385 Z] [INFO] [cadence.virtuoso.ade.simulationMonitor] - Notice from spectre in `vert10':`I2.I56|Q2(27)', in `Potentiostat_cpoly_8_Poten_PTAT2_av_extracted':`I2', during Monte Carlo analysis `mc1'.
    I2.I56|Q2(27).bjtinsub: `minr' has the unusually small value of 10 fOhm.
        Further occurrences of this notice will be suppressed. {"history": "MonteCarlo.6", "point": 111, "testname": "PTAT_MC", "cornername": "Nominal"}
[2026-06-05 16:48:05.385 Z] [INFO] [cadence.virtuoso.ade.simulationMonitor] - Notice from spectre during Monte Carlo analysis `mc1'.
    V8: `period' has the unusually large value of 100 s.
    V7: `period' has the unusually large value of 10 s.
    V3: `period' has the unusually large value of 6 s.
    I26: `period' has the unusually large value of 6 s. {"history": "MonteCarlo.6", "point": 111, "testname": "PTAT_MC", "cornername": "Nominal"}
[2026-06-05 16:48:05.385 Z] [PROCESS] [cadence.virtuoso.ade.simulationMonitor] - Finished simulating for one iteration {"hostname": "il2244vt26_hrahimi", "processid": 3405815, "history": "MonteCarlo.6", "testname": "PTAT_MC", "cornername": "Nominal", "point": 111, "logfile": "/home/hrahimi/projects/POTENTIOSTAT_26/logs_hrahimi/logs0/Job102.log", "simid": "1"}
[2026-06-05 16:48:05.386 Z] [PROCESS] [cadence.virtuoso.ade.simulationMonitor] - Started Simulation {"hostname": "il2244vt26_hrahimi", "processid": 3405815, "history": "MonteCarlo.6", "testname": "PTAT_MC", "cornername": "Nominal", "point": 112, "logfile": "/home/hrahimi/projects/POTENTIOSTAT_26/logs_hrahimi/logs0/Job102.log", "event": "started", "task": "simulation"}
[2026-06-05 16:48:05.891 Z] [WARN] [cadence.virtuoso.ade.simulationMonitor] -     WARNING (CMI-2425): I7.I4|C1(10): `Acde' = 2.393 is unusually large. {"history": "MonteCarlo.6", "point": 112, "testname": "PTAT_MC", "cornername": "Nominal"}
[2026-06-05 16:48:05.892 Z] [WARN] [cadence.virtuoso.ade.simulationMonitor] -     WARNING (CMI-2425): I7.I4|C1(10): `Noff' = 4.732 is unusually large. {"history": "MonteCarlo.6", "point": 112, "testname": "PTAT_MC", "cornername": "Nominal"}
[2026-06-05 16:48:05.893 Z] [WARN] [cadence.virtuoso.ade.simulationMonitor] -     WARNING (CMI-2424): I7.I4|C1(10): `Voffcv' = -867.4e-03 is unusually small. {"history": "MonteCarlo.6", "point": 112, "testname": "PTAT_MC", "cornername": "Nominal"}
[2026-06-05 16:48:05.894 Z] [WARN] [cadence.virtuoso.ade.simulationMonitor] -     WARNING (CMI-2425): I7.I4|C1(9): `Acde' = 2.393 is unusually large. {"history": "MonteCarlo.6", "point": 112, "testname": "PTAT_MC", "cornername": "Nominal"}
[2026-06-05 16:48:05.894 Z] [WARN] [cadence.virtuoso.ade.simulationMonitor] -     WARNING (CMI-2425): I7.I4|C1(9): `Noff' = 4.732 is unusually large. {"history": "MonteCarlo.6", "point": 112, "testname": "PTAT_MC", "cornername": "Nominal"}
[2026-06-05 16:48:05.895 Z] [WARN] [cadence.virtuoso.ade.simulationMonitor] -     WARNING (CMI-2424): I7.I4|C1(9): `Voffcv' = -867.4e-03 is unusually small. {"history": "MonteCarlo.6", "point": 112, "testname": "PTAT_MC", "cornername": "Nominal"}
[2026-06-05 16:48:05.895 Z] [WARN] [cadence.virtuoso.ade.simulationMonitor] -     WARNING (CMI-2425): I7.I4|C1(8): `Acde' = 2.393 is unusually large.
        Further occurrences of this warning will be suppressed. {"history": "MonteCarlo.6", "point": 112, "testname": "PTAT_MC", "cornername": "Nominal"}
[2026-06-05 16:48:05.896 Z] [WARN] [cadence.virtuoso.ade.simulationMonitor] -     WARNING (CMI-2424): I7.I4|C1(8): `Voffcv' = -867.4e-03 is unusually small. {"history": "MonteCarlo.6", "point": 112, "testname": "PTAT_MC", "cornername": "Nominal"}
[2026-06-05 16:48:05.896 Z] [WARN] [cadence.virtuoso.ade.simulationMonitor] -     WARNING (CMI-2424): I7.I4|C1(7): `Voffcv' = -867.4e-03 is unusually small. {"history": "MonteCarlo.6", "point": 112, "testname": "PTAT_MC", "cornername": "Nominal"}
[2026-06-05 16:48:05.897 Z] [WARN] [cadence.virtuoso.ade.simulationMonitor] -     WARNING (CMI-2424): I7.I4|C1(6): `Voffcv' = -867.4e-03 is unusually small.
        Further occurrences of this warning will be suppressed. {"history": "MonteCarlo.6", "point": 112, "testname": "PTAT_MC", "cornername": "Nominal"}
[2026-06-05 16:48:07.400 Z] [INFO] [cadence.virtuoso.ade.simulationMonitor] - Notice from spectre during IC analysis, during transient analysis `tran', during Monte Carlo analysis `mc1'.
    Bad pivoting is found during DC analysis. Option dc_pivot_check=yes is recommended for possible improvement of convergence. {"history": "MonteCarlo.6", "point": 112, "testname": "PTAT_MC", "cornername": "Nominal"}
[2026-06-05 16:48:07.408 Z] [WARN] [cadence.virtuoso.ade.simulationMonitor] -     WARNING (CMI-2943): Parameter checks have been ignored because the valid value for parameter 'trise' could not be found in 'C0'. {"history": "MonteCarlo.6", "point": 112, "testname": "PTAT_MC", "cornername": "Nominal"}
[2026-06-05 16:48:07.408 Z] [WARN] [cadence.virtuoso.ade.simulationMonitor] -     WARNING (CMI-2943): Parameter checks have been ignored because the valid value for parameter 'trise' could not be found in 'C1'. {"history": "MonteCarlo.6", "point": 112, "testname": "PTAT_MC", "cornername": "Nominal"}
[2026-06-05 16:48:07.408 Z] [WARN] [cadence.virtuoso.ade.simulationMonitor] -     WARNING (CMI-2943): Parameter checks have been ignored because the valid value for parameter 'trise' could not be found in 'C11'. {"history": "MonteCarlo.6", "point": 112, "testname": "PTAT_MC", "cornername": "Nominal"}
[2026-06-05 16:48:07.409 Z] [WARN] [cadence.virtuoso.ade.simulationMonitor] -     WARNING (CMI-2943): Parameter checks have been ignored because the valid value for parameter 'trise' could not be found in 'C12'. {"history": "MonteCarlo.6", "point": 112, "testname": "PTAT_MC", "cornername": "Nominal"}
[2026-06-05 16:48:07.409 Z] [WARN] [cadence.virtuoso.ade.simulationMonitor] -     WARNING (CMI-2943): Parameter checks have been ignored because the valid value for parameter 'trise' could not be found in 'C5'.
        Further occurrences of this warning will be suppressed. {"history": "MonteCarlo.6", "point": 112, "testname": "PTAT_MC", "cornername": "Nominal"}
[2026-06-05 16:49:05.618 Z] [INFO] [cadence.virtuoso.ade.simulationMonitor] - Total time required for tran analysis `tran': CPU = 119.218 s (1m  59.2s), elapsed = 59.3155 s, util. = 201%. {"history": "MonteCarlo.6", "point": 112, "testname": "PTAT_MC", "cornername": "Nominal"}
[2026-06-05 16:49:05.619 Z] [INFO] [cadence.virtuoso.ade.simulationMonitor] - Peak resident memory used = 490 Mbytes. {"history": "MonteCarlo.6", "point": 112, "testname": "PTAT_MC", "cornername": "Nominal"}
[2026-06-05 16:49:05.619 Z] [INFO] [cadence.virtuoso.ade.simulationMonitor] - Notice from spectre during transient analysis `tran', during Monte Carlo analysis `mc1'.
    168 notices suppressed.
    1457 warnings suppressed. {"history": "MonteCarlo.6", "point": 112, "testname": "PTAT_MC", "cornername": "Nominal"}
[2026-06-05 16:49:06.120 Z] [PROCESS] [cadence.virtuoso.ade.simulationMonitor] - Finished simulating for one iteration {"hostname": "il2244vt26_hrahimi", "processid": 3405815, "history": "MonteCarlo.6", "testname": "PTAT_MC", "cornername": "Nominal", "point": 112, "logfile": "/home/hrahimi/projects/POTENTIOSTAT_26/logs_hrahimi/logs0/Job102.log", "simid": "1"}
[2026-06-05 16:49:06.121 Z] [PROCESS] [cadence.virtuoso.ade.simulationMonitor] - Started Simulation {"hostname": "il2244vt26_hrahimi", "processid": 3405815, "history": "MonteCarlo.6", "testname": "PTAT_MC", "cornername": "Nominal", "point": 113, "logfile": "/home/hrahimi/projects/POTENTIOSTAT_26/logs_hrahimi/logs0/Job102.log", "event": "started", "task": "simulation"}
[2026-06-05 16:49:06.623 Z] [INFO] [cadence.virtuoso.ade.simulationMonitor] - Notice from spectre in `vert10':`I2.I56|Q2(31)', in `Potentiostat_cpoly_8_Poten_PTAT2_av_extracted':`I2', during Monte Carlo analysis `mc1'.
    I2.I56|Q2(31).bjtinsub: `rbm' has the unusually small value of 980.741 mOhm.
    I2.I56|Q2(31).bjtinsub: `minr' has the unusually small value of 10 fOhm. {"history": "MonteCarlo.6", "point": 113, "testname": "PTAT_MC", "cornername": "Nominal"}
[2026-06-05 16:49:06.623 Z] [INFO] [cadence.virtuoso.ade.simulationMonitor] - Notice from spectre in `vert10':`I2.I56|Q2(30)', in `Potentiostat_cpoly_8_Poten_PTAT2_av_extracted':`I2', during Monte Carlo analysis `mc1'.
    I2.I56|Q2(30).bjtinsub: `rbm' has the unusually small value of 980.741 mOhm.
    I2.I56|Q2(30).bjtinsub: `minr' has the unusually small value of 10 fOhm. {"history": "MonteCarlo.6", "point": 113, "testname": "PTAT_MC", "cornername": "Nominal"}
[2026-06-05 16:49:06.624 Z] [INFO] [cadence.virtuoso.ade.simulationMonitor] - Notice from spectre in `vert10':`I2.I56|Q2(29)', in `Potentiostat_cpoly_8_Poten_PTAT2_av_extracted':`I2', during Monte Carlo analysis `mc1'.
    I2.I56|Q2(29).bjtinsub: `rbm' has the unusually small value of 980.741 mOhm.
        Further occurrences of this notice will be suppressed. {"history": "MonteCarlo.6", "point": 113, "testname": "PTAT_MC", "cornername": "Nominal"}
[2026-06-05 16:49:06.625 Z] [INFO] [cadence.virtuoso.ade.simulationMonitor] - Notice from spectre during Monte Carlo analysis `mc1'.
    V8: `period' has the unusually large value of 100 s.
    V7: `period' has the unusually large value of 10 s.
    V3: `period' has the unusually large value of 6 s.
    I26: `period' has the unusually large value of 6 s. {"history": "MonteCarlo.6", "point": 113, "testname": "PTAT_MC", "cornername": "Nominal"}
[2026-06-05 16:49:07.126 Z] [WARN] [cadence.virtuoso.ade.simulationMonitor] -     WARNING (CMI-2425): I7.I4|C1(10): `Acde' = 2.393 is unusually large. {"history": "MonteCarlo.6", "point": 113, "testname": "PTAT_MC", "cornername": "Nominal"}
[2026-06-05 16:49:07.126 Z] [WARN] [cadence.virtuoso.ade.simulationMonitor] -     WARNING (CMI-2425): I7.I4|C1(10): `Noff' = 4.732 is unusually large. {"history": "MonteCarlo.6", "point": 113, "testname": "PTAT_MC", "cornername": "Nominal"}
[2026-06-05 16:49:07.127 Z] [WARN] [cadence.virtuoso.ade.simulationMonitor] -     WARNING (CMI-2424): I7.I4|C1(10): `Voffcv' = -867.4e-03 is unusually small. {"history": "MonteCarlo.6", "point": 113, "testname": "PTAT_MC", "cornername": "Nominal"}
[2026-06-05 16:49:07.127 Z] [WARN] [cadence.virtuoso.ade.simulationMonitor] -     WARNING (CMI-2425): I7.I4|C1(9): `Acde' = 2.393 is unusually large. {"history": "MonteCarlo.6", "point": 113, "testname": "PTAT_MC", "cornername": "Nominal"}
[2026-06-05 16:49:07.128 Z] [WARN] [cadence.virtuoso.ade.simulationMonitor] -     WARNING (CMI-2425): I7.I4|C1(9): `Noff' = 4.732 is unusually large. {"history": "MonteCarlo.6", "point": 113, "testname": "PTAT_MC", "cornername": "Nominal"}
[2026-06-05 16:49:07.128 Z] [WARN] [cadence.virtuoso.ade.simulationMonitor] -     WARNING (CMI-2424): I7.I4|C1(9): `Voffcv' = -867.4e-03 is unusually small. {"history": "MonteCarlo.6", "point": 113, "testname": "PTAT_MC", "cornername": "Nominal"}
[2026-06-05 16:49:07.129 Z] [WARN] [cadence.virtuoso.ade.simulationMonitor] -     WARNING (CMI-2425): I7.I4|C1(8): `Acde' = 2.393 is unusually large.
        Further occurrences of this warning will be suppressed. {"history": "MonteCarlo.6", "point": 113, "testname": "PTAT_MC", "cornername": "Nominal"}
[2026-06-05 16:49:07.129 Z] [WARN] [cadence.virtuoso.ade.simulationMonitor] -     WARNING (CMI-2424): I7.I4|C1(8): `Voffcv' = -867.4e-03 is unusually small. {"history": "MonteCarlo.6", "point": 113, "testname": "PTAT_MC", "cornername": "Nominal"}
[2026-06-05 16:49:07.129 Z] [WARN] [cadence.virtuoso.ade.simulationMonitor] -     WARNING (CMI-2424): I7.I4|C1(7): `Voffcv' = -867.4e-03 is unusually small. {"history": "MonteCarlo.6", "point": 113, "testname": "PTAT_MC", "cornername": "Nominal"}
[2026-06-05 16:49:07.130 Z] [WARN] [cadence.virtuoso.ade.simulationMonitor] -     WARNING (CMI-2424): I7.I4|C1(6): `Voffcv' = -867.4e-03 is unusually small.
        Further occurrences of this warning will be suppressed. {"history": "MonteCarlo.6", "point": 113, "testname": "PTAT_MC", "cornername": "Nominal"}
[2026-06-05 16:49:08.132 Z] [INFO] [cadence.virtuoso.ade.simulationMonitor] - Notice from spectre during IC analysis, during transient analysis `tran', during Monte Carlo analysis `mc1'.
    Bad pivoting is found during DC analysis. Option dc_pivot_check=yes is recommended for possible improvement of convergence. {"history": "MonteCarlo.6", "point": 113, "testname": "PTAT_MC", "cornername": "Nominal"}
[2026-06-05 16:49:08.134 Z] [WARN] [cadence.virtuoso.ade.simulationMonitor] -     WARNING (CMI-2943): Parameter checks have been ignored because the valid value for parameter 'trise' could not be found in 'C0'. {"history": "MonteCarlo.6", "point": 113, "testname": "PTAT_MC", "cornername": "Nominal"}
[2026-06-05 16:49:08.134 Z] [WARN] [cadence.virtuoso.ade.simulationMonitor] -     WARNING (CMI-2943): Parameter checks have been ignored because the valid value for parameter 'trise' could not be found in 'C1'. {"history": "MonteCarlo.6", "point": 113, "testname": "PTAT_MC", "cornername": "Nominal"}
[2026-06-05 16:49:08.134 Z] [WARN] [cadence.virtuoso.ade.simulationMonitor] -     WARNING (CMI-2943): Parameter checks have been ignored because the valid value for parameter 'trise' could not be found in 'C11'. {"history": "MonteCarlo.6", "point": 113, "testname": "PTAT_MC", "cornername": "Nominal"}
[2026-06-05 16:49:08.134 Z] [WARN] [cadence.virtuoso.ade.simulationMonitor] -     WARNING (CMI-2943): Parameter checks have been ignored because the valid value for parameter 'trise' could not be found in 'C12'. {"history": "MonteCarlo.6", "point": 113, "testname": "PTAT_MC", "cornername": "Nominal"}
[2026-06-05 16:49:08.135 Z] [WARN] [cadence.virtuoso.ade.simulationMonitor] -     WARNING (CMI-2943): Parameter checks have been ignored because the valid value for parameter 'trise' could not be found in 'C5'.
        Further occurrences of this warning will be suppressed. {"history": "MonteCarlo.6", "point": 113, "testname": "PTAT_MC", "cornername": "Nominal"}
[2026-06-05 16:49:54.278 Z] [INFO] [cadence.virtuoso.ade.simulationMonitor] - Total time required for tran analysis `tran': CPU = 112.361 s (1m  52.4s), elapsed = 46.9143 s, util. = 240%. {"history": "MonteCarlo.6", "point": 113, "testname": "PTAT_MC", "cornername": "Nominal"}
[2026-06-05 16:49:54.279 Z] [INFO] [cadence.virtuoso.ade.simulationMonitor] - Peak resident memory used = 492 Mbytes. {"history": "MonteCarlo.6", "point": 113, "testname": "PTAT_MC", "cornername": "Nominal"}
[2026-06-05 16:49:54.280 Z] [INFO] [cadence.virtuoso.ade.simulationMonitor] - Notice from spectre during transient analysis `tran', during Monte Carlo analysis `mc1'.
    312 notices suppressed.
    1457 warnings suppressed. {"history": "MonteCarlo.6", "point": 113, "testname": "PTAT_MC", "cornername": "Nominal"}
[2026-06-05 16:49:54.781 Z] [INFO] [cadence.virtuoso.ade.simulationMonitor] - Notice from spectre in `vert10':`I2.I56|Q2(31)', in `Potentiostat_cpoly_8_Poten_PTAT2_av_extracted':`I2', during Monte Carlo analysis `mc1'.
    I2.I56|Q2(31).bjtinsub: `minr' has the unusually small value of 10 fOhm. {"history": "MonteCarlo.6", "point": 113, "testname": "PTAT_MC", "cornername": "Nominal"}
[2026-06-05 16:49:54.782 Z] [INFO] [cadence.virtuoso.ade.simulationMonitor] - Notice from spectre in `vert10':`I2.I56|Q2(30)', in `Potentiostat_cpoly_8_Poten_PTAT2_av_extracted':`I2', during Monte Carlo analysis `mc1'.
    I2.I56|Q2(30).bjtinsub: `minr' has the unusually small value of 10 fOhm. {"history": "MonteCarlo.6", "point": 113, "testname": "PTAT_MC", "cornername": "Nominal"}
[2026-06-05 16:49:54.783 Z] [INFO] [cadence.virtuoso.ade.simulationMonitor] - Notice from spectre in `vert10':`I2.I56|Q2(29)', in `Potentiostat_cpoly_8_Poten_PTAT2_av_extracted':`I2', during Monte Carlo analysis `mc1'.
    I2.I56|Q2(29).bjtinsub: `minr' has the unusually small value of 10 fOhm. {"history": "MonteCarlo.6", "point": 113, "testname": "PTAT_MC", "cornername": "Nominal"}
[2026-06-05 16:49:54.783 Z] [INFO] [cadence.virtuoso.ade.simulationMonitor] - Notice from spectre in `vert10':`I2.I56|Q2(28)', in `Potentiostat_cpoly_8_Poten_PTAT2_av_extracted':`I2', during Monte Carlo analysis `mc1'.
    I2.I56|Q2(28).bjtinsub: `minr' has the unusually small value of 10 fOhm. {"history": "MonteCarlo.6", "point": 113, "testname": "PTAT_MC", "cornername": "Nominal"}
[2026-06-05 16:49:54.784 Z] [INFO] [cadence.virtuoso.ade.simulationMonitor] - Notice from spectre in `vert10':`I2.I56|Q2(27)', in `Potentiostat_cpoly_8_Poten_PTAT2_av_extracted':`I2', during Monte Carlo analysis `mc1'.
    I2.I56|Q2(27).bjtinsub: `minr' has the unusually small value of 10 fOhm.
        Further occurrences of this notice will be suppressed. {"history": "MonteCarlo.6", "point": 113, "testname": "PTAT_MC", "cornername": "Nominal"}
[2026-06-05 16:49:54.784 Z] [PROCESS] [cadence.virtuoso.ade.simulationMonitor] - Finished simulating for one iteration {"hostname": "il2244vt26_hrahimi", "processid": 3405815, "history": "MonteCarlo.6", "testname": "PTAT_MC", "cornername": "Nominal", "point": 113, "logfile": "/home/hrahimi/projects/POTENTIOSTAT_26/logs_hrahimi/logs0/Job102.log", "simid": "1"}
[2026-06-05 16:49:54.785 Z] [PROCESS] [cadence.virtuoso.ade.simulationMonitor] - Started Simulation {"hostname": "il2244vt26_hrahimi", "processid": 3405815, "history": "MonteCarlo.6", "testname": "PTAT_MC", "cornername": "Nominal", "point": 114, "logfile": "/home/hrahimi/projects/POTENTIOSTAT_26/logs_hrahimi/logs0/Job102.log", "event": "started", "task": "simulation"}
[2026-06-05 16:49:55.286 Z] [INFO] [cadence.virtuoso.ade.simulationMonitor] - Notice from spectre during Monte Carlo analysis `mc1'.
    V8: `period' has the unusually large value of 100 s.
    V7: `period' has the unusually large value of 10 s.
    V3: `period' has the unusually large value of 6 s.
    I26: `period' has the unusually large value of 6 s. {"history": "MonteCarlo.6", "point": 114, "testname": "PTAT_MC", "cornername": "Nominal"}
[2026-06-05 16:49:55.791 Z] [WARN] [cadence.virtuoso.ade.simulationMonitor] -     WARNING (CMI-2425): I7.I4|C1(10): `Acde' = 2.393 is unusually large. {"history": "MonteCarlo.6", "point": 114, "testname": "PTAT_MC", "cornername": "Nominal"}
[2026-06-05 16:49:55.792 Z] [WARN] [cadence.virtuoso.ade.simulationMonitor] -     WARNING (CMI-2425): I7.I4|C1(10): `Noff' = 4.732 is unusually large. {"history": "MonteCarlo.6", "point": 114, "testname": "PTAT_MC", "cornername": "Nominal"}
[2026-06-05 16:49:55.792 Z] [WARN] [cadence.virtuoso.ade.simulationMonitor] -     WARNING (CMI-2424): I7.I4|C1(10): `Voffcv' = -867.4e-03 is unusually small. {"history": "MonteCarlo.6", "point": 114, "testname": "PTAT_MC", "cornername": "Nominal"}
[2026-06-05 16:49:55.793 Z] [WARN] [cadence.virtuoso.ade.simulationMonitor] -     WARNING (CMI-2425): I7.I4|C1(9): `Acde' = 2.393 is unusually large. {"history": "MonteCarlo.6", "point": 114, "testname": "PTAT_MC", "cornername": "Nominal"}
[2026-06-05 16:49:55.793 Z] [WARN] [cadence.virtuoso.ade.simulationMonitor] -     WARNING (CMI-2425): I7.I4|C1(9): `Noff' = 4.732 is unusually large. {"history": "MonteCarlo.6", "point": 114, "testname": "PTAT_MC", "cornername": "Nominal"}
[2026-06-05 16:49:55.793 Z] [WARN] [cadence.virtuoso.ade.simulationMonitor] -     WARNING (CMI-2424): I7.I4|C1(9): `Voffcv' = -867.4e-03 is unusually small. {"history": "MonteCarlo.6", "point": 114, "testname": "PTAT_MC", "cornername": "Nominal"}
[2026-06-05 16:49:55.794 Z] [WARN] [cadence.virtuoso.ade.simulationMonitor] -     WARNING (CMI-2425): I7.I4|C1(8): `Acde' = 2.393 is unusually large.
        Further occurrences of this warning will be suppressed. {"history": "MonteCarlo.6", "point": 114, "testname": "PTAT_MC", "cornername": "Nominal"}
[2026-06-05 16:49:55.796 Z] [WARN] [cadence.virtuoso.ade.simulationMonitor] -     WARNING (CMI-2424): I7.I4|C1(8): `Voffcv' = -867.4e-03 is unusually small. {"history": "MonteCarlo.6", "point": 114, "testname": "PTAT_MC", "cornername": "Nominal"}
[2026-06-05 16:49:55.797 Z] [WARN] [cadence.virtuoso.ade.simulationMonitor] -     WARNING (CMI-2424): I7.I4|C1(7): `Voffcv' = -867.4e-03 is unusually small. {"history": "MonteCarlo.6", "point": 114, "testname": "PTAT_MC", "cornername": "Nominal"}
[2026-06-05 16:49:55.798 Z] [WARN] [cadence.virtuoso.ade.simulationMonitor] -     WARNING (CMI-2424): I7.I4|C1(6): `Voffcv' = -867.4e-03 is unusually small.
        Further occurrences of this warning will be suppressed. {"history": "MonteCarlo.6", "point": 114, "testname": "PTAT_MC", "cornername": "Nominal"}
[2026-06-05 16:49:56.300 Z] [INFO] [cadence.virtuoso.ade.simulationMonitor] - Notice from spectre during IC analysis, during transient analysis `tran', during Monte Carlo analysis `mc1'.
    Bad pivoting is found during DC analysis. Option dc_pivot_check=yes is recommended for possible improvement of convergence. {"history": "MonteCarlo.6", "point": 114, "testname": "PTAT_MC", "cornername": "Nominal"}
[2026-06-05 16:49:56.303 Z] [WARN] [cadence.virtuoso.ade.simulationMonitor] -     WARNING (CMI-2943): Parameter checks have been ignored because the valid value for parameter 'trise' could not be found in 'C0'. {"history": "MonteCarlo.6", "point": 114, "testname": "PTAT_MC", "cornername": "Nominal"}
[2026-06-05 16:49:56.306 Z] [WARN] [cadence.virtuoso.ade.simulationMonitor] -     WARNING (CMI-2943): Parameter checks have been ignored because the valid value for parameter 'trise' could not be found in 'C1'. {"history": "MonteCarlo.6", "point": 114, "testname": "PTAT_MC", "cornername": "Nominal"}
[2026-06-05 16:49:56.307 Z] [WARN] [cadence.virtuoso.ade.simulationMonitor] -     WARNING (CMI-2943): Parameter checks have been ignored because the valid value for parameter 'trise' could not be found in 'C11'. {"history": "MonteCarlo.6", "point": 114, "testname": "PTAT_MC", "cornername": "Nominal"}
[2026-06-05 16:49:56.307 Z] [WARN] [cadence.virtuoso.ade.simulationMonitor] -     WARNING (CMI-2943): Parameter checks have been ignored because the valid value for parameter 'trise' could not be found in 'C12'. {"history": "MonteCarlo.6", "point": 114, "testname": "PTAT_MC", "cornername": "Nominal"}
[2026-06-05 16:49:56.308 Z] [WARN] [cadence.virtuoso.ade.simulationMonitor] -     WARNING (CMI-2943): Parameter checks have been ignored because the valid value for parameter 'trise' could not be found in 'C5'.
        Further occurrences of this warning will be suppressed. {"history": "MonteCarlo.6", "point": 114, "testname": "PTAT_MC", "cornername": "Nominal"}
[2026-06-05 16:50:41.459 Z] [INFO] [cadence.virtuoso.ade.simulationMonitor] - Total time required for tran analysis `tran': CPU = 104.595 s (1m  44.6s), elapsed = 45.8838 s, util. = 228%. {"history": "MonteCarlo.6", "point": 114, "testname": "PTAT_MC", "cornername": "Nominal"}
[2026-06-05 16:50:41.461 Z] [INFO] [cadence.virtuoso.ade.simulationMonitor] - Peak resident memory used = 496 Mbytes. {"history": "MonteCarlo.6", "point": 114, "testname": "PTAT_MC", "cornername": "Nominal"}
[2026-06-05 16:50:41.461 Z] [INFO] [cadence.virtuoso.ade.simulationMonitor] - Notice from spectre during transient analysis `tran', during Monte Carlo analysis `mc1'.
    168 notices suppressed.
    1457 warnings suppressed. {"history": "MonteCarlo.6", "point": 114, "testname": "PTAT_MC", "cornername": "Nominal"}
[2026-06-05 16:50:42.463 Z] [PROCESS] [cadence.virtuoso.ade.simulationMonitor] - Finished simulating for one iteration {"hostname": "il2244vt26_hrahimi", "processid": 3405815, "history": "MonteCarlo.6", "testname": "PTAT_MC", "cornername": "Nominal", "point": 114, "logfile": "/home/hrahimi/projects/POTENTIOSTAT_26/logs_hrahimi/logs0/Job102.log", "simid": "1"}
[2026-06-05 16:50:42.464 Z] [PROCESS] [cadence.virtuoso.ade.simulationMonitor] - Started Simulation {"hostname": "il2244vt26_hrahimi", "processid": 3405815, "history": "MonteCarlo.6", "testname": "PTAT_MC", "cornername": "Nominal", "point": 115, "logfile": "/home/hrahimi/projects/POTENTIOSTAT_26/logs_hrahimi/logs0/Job102.log", "event": "started", "task": "simulation"}
[2026-06-05 16:50:42.966 Z] [INFO] [cadence.virtuoso.ade.simulationMonitor] - Notice from spectre in `vert10':`I2.I56|Q2(31)', in `Potentiostat_cpoly_8_Poten_PTAT2_av_extracted':`I2', during Monte Carlo analysis `mc1'.
    I2.I56|Q2(31).bjtinsub: `rbm' has the unusually small value of 930.741 mOhm.
    I2.I56|Q2(31).bjtinsub: `minr' has the unusually small value of 10 fOhm. {"history": "MonteCarlo.6", "point": 115, "testname": "PTAT_MC", "cornername": "Nominal"}
[2026-06-05 16:50:42.970 Z] [INFO] [cadence.virtuoso.ade.simulationMonitor] - Notice from spectre in `vert10':`I2.I56|Q2(30)', in `Potentiostat_cpoly_8_Poten_PTAT2_av_extracted':`I2', during Monte Carlo analysis `mc1'.
    I2.I56|Q2(30).bjtinsub: `rbm' has the unusually small value of 930.741 mOhm.
    I2.I56|Q2(30).bjtinsub: `minr' has the unusually small value of 10 fOhm. {"history": "MonteCarlo.6", "point": 115, "testname": "PTAT_MC", "cornername": "Nominal"}
[2026-06-05 16:50:42.972 Z] [INFO] [cadence.virtuoso.ade.simulationMonitor] - Notice from spectre in `vert10':`I2.I56|Q2(29)', in `Potentiostat_cpoly_8_Poten_PTAT2_av_extracted':`I2', during Monte Carlo analysis `mc1'.
    I2.I56|Q2(29).bjtinsub: `rbm' has the unusually small value of 930.741 mOhm.
        Further occurrences of this notice will be suppressed. {"history": "MonteCarlo.6", "point": 115, "testname": "PTAT_MC", "cornername": "Nominal"}
[2026-06-05 16:50:43.475 Z] [INFO] [cadence.virtuoso.ade.simulationMonitor] - Notice from spectre during Monte Carlo analysis `mc1'.
    V8: `period' has the unusually large value of 100 s.
    V7: `period' has the unusually large value of 10 s.
    V3: `period' has the unusually large value of 6 s.
    I26: `period' has the unusually large value of 6 s. {"history": "MonteCarlo.6", "point": 115, "testname": "PTAT_MC", "cornername": "Nominal"}
[2026-06-05 16:50:43.476 Z] [WARN] [cadence.virtuoso.ade.simulationMonitor] -     WARNING (CMI-2425): I7.I4|C1(10): `Acde' = 2.393 is unusually large. {"history": "MonteCarlo.6", "point": 115, "testname": "PTAT_MC", "cornername": "Nominal"}
[2026-06-05 16:50:43.476 Z] [WARN] [cadence.virtuoso.ade.simulationMonitor] -     WARNING (CMI-2425): I7.I4|C1(10): `Noff' = 4.732 is unusually large. {"history": "MonteCarlo.6", "point": 115, "testname": "PTAT_MC", "cornername": "Nominal"}
[2026-06-05 16:50:43.476 Z] [WARN] [cadence.virtuoso.ade.simulationMonitor] -     WARNING (CMI-2424): I7.I4|C1(10): `Voffcv' = -867.4e-03 is unusually small. {"history": "MonteCarlo.6", "point": 115, "testname": "PTAT_MC", "cornername": "Nominal"}
[2026-06-05 16:50:43.477 Z] [WARN] [cadence.virtuoso.ade.simulationMonitor] -     WARNING (CMI-2425): I7.I4|C1(9): `Acde' = 2.393 is unusually large. {"history": "MonteCarlo.6", "point": 115, "testname": "PTAT_MC", "cornername": "Nominal"}
[2026-06-05 16:50:43.477 Z] [WARN] [cadence.virtuoso.ade.simulationMonitor] -     WARNING (CMI-2425): I7.I4|C1(9): `Noff' = 4.732 is unusually large. {"history": "MonteCarlo.6", "point": 115, "testname": "PTAT_MC", "cornername": "Nominal"}
[2026-06-05 16:50:43.477 Z] [WARN] [cadence.virtuoso.ade.simulationMonitor] -     WARNING (CMI-2424): I7.I4|C1(9): `Voffcv' = -867.4e-03 is unusually small. {"history": "MonteCarlo.6", "point": 115, "testname": "PTAT_MC", "cornername": "Nominal"}
[2026-06-05 16:50:43.477 Z] [WARN] [cadence.virtuoso.ade.simulationMonitor] -     WARNING (CMI-2425): I7.I4|C1(8): `Acde' = 2.393 is unusually large.
        Further occurrences of this warning will be suppressed. {"history": "MonteCarlo.6", "point": 115, "testname": "PTAT_MC", "cornername": "Nominal"}
[2026-06-05 16:50:43.478 Z] [WARN] [cadence.virtuoso.ade.simulationMonitor] -     WARNING (CMI-2424): I7.I4|C1(8): `Voffcv' = -867.4e-03 is unusually small. {"history": "MonteCarlo.6", "point": 115, "testname": "PTAT_MC", "cornername": "Nominal"}
[2026-06-05 16:50:43.478 Z] [WARN] [cadence.virtuoso.ade.simulationMonitor] -     WARNING (CMI-2424): I7.I4|C1(7): `Voffcv' = -867.4e-03 is unusually small. {"history": "MonteCarlo.6", "point": 115, "testname": "PTAT_MC", "cornername": "Nominal"}
[2026-06-05 16:50:43.478 Z] [WARN] [cadence.virtuoso.ade.simulationMonitor] -     WARNING (CMI-2424): I7.I4|C1(6): `Voffcv' = -867.4e-03 is unusually small.
        Further occurrences of this warning will be suppressed. {"history": "MonteCarlo.6", "point": 115, "testname": "PTAT_MC", "cornername": "Nominal"}
[2026-06-05 16:50:44.483 Z] [INFO] [cadence.virtuoso.ade.simulationMonitor] - Notice from spectre during IC analysis, during transient analysis `tran', during Monte Carlo analysis `mc1'.
    Bad pivoting is found during DC analysis. Option dc_pivot_check=yes is recommended for possible improvement of convergence. {"history": "MonteCarlo.6", "point": 115, "testname": "PTAT_MC", "cornername": "Nominal"}
[2026-06-05 16:50:44.490 Z] [WARN] [cadence.virtuoso.ade.simulationMonitor] -     WARNING (CMI-2943): Parameter checks have been ignored because the valid value for parameter 'trise' could not be found in 'C0'. {"history": "MonteCarlo.6", "point": 115, "testname": "PTAT_MC", "cornername": "Nominal"}
[2026-06-05 16:50:44.495 Z] [WARN] [cadence.virtuoso.ade.simulationMonitor] -     WARNING (CMI-2943): Parameter checks have been ignored because the valid value for parameter 'trise' could not be found in 'C1'. {"history": "MonteCarlo.6", "point": 115, "testname": "PTAT_MC", "cornername": "Nominal"}
[2026-06-05 16:50:44.497 Z] [WARN] [cadence.virtuoso.ade.simulationMonitor] -     WARNING (CMI-2943): Parameter checks have been ignored because the valid value for parameter 'trise' could not be found in 'C11'. {"history": "MonteCarlo.6", "point": 115, "testname": "PTAT_MC", "cornername": "Nominal"}
[2026-06-05 16:50:44.498 Z] [WARN] [cadence.virtuoso.ade.simulationMonitor] -     WARNING (CMI-2943): Parameter checks have been ignored because the valid value for parameter 'trise' could not be found in 'C12'. {"history": "MonteCarlo.6", "point": 115, "testname": "PTAT_MC", "cornername": "Nominal"}
[2026-06-05 16:50:44.498 Z] [WARN] [cadence.virtuoso.ade.simulationMonitor] -     WARNING (CMI-2943): Parameter checks have been ignored because the valid value for parameter 'trise' could not be found in 'C5'.
        Further occurrences of this warning will be suppressed. {"history": "MonteCarlo.6", "point": 115, "testname": "PTAT_MC", "cornername": "Nominal"}
[2026-06-05 16:51:48.244 Z] [INFO] [cadence.virtuoso.ade.simulationMonitor] - Total time required for tran analysis `tran': CPU = 110.81 s (1m  50.8s), elapsed = 64.2757 s (1m  4.3s), util. = 172%. {"history": "MonteCarlo.6", "point": 115, "testname": "PTAT_MC", "cornername": "Nominal"}
[2026-06-05 16:51:48.245 Z] [INFO] [cadence.virtuoso.ade.simulationMonitor] - Peak resident memory used = 501 Mbytes. {"history": "MonteCarlo.6", "point": 115, "testname": "PTAT_MC", "cornername": "Nominal"}
[2026-06-05 16:51:48.245 Z] [INFO] [cadence.virtuoso.ade.simulationMonitor] - Notice from spectre during transient analysis `tran', during Monte Carlo analysis `mc1'.
    312 notices suppressed.
    1457 warnings suppressed. {"history": "MonteCarlo.6", "point": 115, "testname": "PTAT_MC", "cornername": "Nominal"}
[2026-06-05 16:51:48.750 Z] [PROCESS] [cadence.virtuoso.ade.simulationMonitor] - Finished simulating for one iteration {"hostname": "il2244vt26_hrahimi", "processid": 3405815, "history": "MonteCarlo.6", "testname": "PTAT_MC", "cornername": "Nominal", "point": 115, "logfile": "/home/hrahimi/projects/POTENTIOSTAT_26/logs_hrahimi/logs0/Job102.log", "simid": "1"}
[2026-06-05 16:51:48.752 Z] [PROCESS] [cadence.virtuoso.ade.simulationMonitor] - Started Simulation {"hostname": "il2244vt26_hrahimi", "processid": 3405815, "history": "MonteCarlo.6", "testname": "PTAT_MC", "cornername": "Nominal", "point": 116, "logfile": "/home/hrahimi/projects/POTENTIOSTAT_26/logs_hrahimi/logs0/Job102.log", "event": "started", "task": "simulation"}
[2026-06-05 16:51:49.253 Z] [INFO] [cadence.virtuoso.ade.simulationMonitor] - Notice from spectre in `vert10':`I2.I56|Q2(31)', in `Potentiostat_cpoly_8_Poten_PTAT2_av_extracted':`I2', during Monte Carlo analysis `mc1'.
    I2.I56|Q2(31).bjtinsub: `rbm' has the unusually small value of 905.741 mOhm.
    I2.I56|Q2(31).bjtinsub: `minr' has the unusually small value of 10 fOhm. {"history": "MonteCarlo.6", "point": 116, "testname": "PTAT_MC", "cornername": "Nominal"}
[2026-06-05 16:51:49.254 Z] [INFO] [cadence.virtuoso.ade.simulationMonitor] - Notice from spectre in `vert10':`I2.I56|Q2(30)', in `Potentiostat_cpoly_8_Poten_PTAT2_av_extracted':`I2', during Monte Carlo analysis `mc1'.
    I2.I56|Q2(30).bjtinsub: `rbm' has the unusually small value of 905.741 mOhm.
    I2.I56|Q2(30).bjtinsub: `minr' has the unusually small value of 10 fOhm. {"history": "MonteCarlo.6", "point": 116, "testname": "PTAT_MC", "cornername": "Nominal"}
[2026-06-05 16:51:49.255 Z] [INFO] [cadence.virtuoso.ade.simulationMonitor] - Notice from spectre in `vert10':`I2.I56|Q2(29)', in `Potentiostat_cpoly_8_Poten_PTAT2_av_extracted':`I2', during Monte Carlo analysis `mc1'.
    I2.I56|Q2(29).bjtinsub: `rbm' has the unusually small value of 905.741 mOhm.
        Further occurrences of this notice will be suppressed. {"history": "MonteCarlo.6", "point": 116, "testname": "PTAT_MC", "cornername": "Nominal"}
[2026-06-05 16:51:49.256 Z] [INFO] [cadence.virtuoso.ade.simulationMonitor] - Notice from spectre during Monte Carlo analysis `mc1'.
    V8: `period' has the unusually large value of 100 s.
    V7: `period' has the unusually large value of 10 s.
    V3: `period' has the unusually large value of 6 s.
    I26: `period' has the unusually large value of 6 s. {"history": "MonteCarlo.6", "point": 116, "testname": "PTAT_MC", "cornername": "Nominal"}
[2026-06-05 16:51:50.259 Z] [WARN] [cadence.virtuoso.ade.simulationMonitor] -     WARNING (CMI-2425): I7.I4|C1(10): `Acde' = 2.393 is unusually large. {"history": "MonteCarlo.6", "point": 116, "testname": "PTAT_MC", "cornername": "Nominal"}
[2026-06-05 16:51:50.260 Z] [WARN] [cadence.virtuoso.ade.simulationMonitor] -     WARNING (CMI-2425): I7.I4|C1(10): `Noff' = 4.732 is unusually large. {"history": "MonteCarlo.6", "point": 116, "testname": "PTAT_MC", "cornername": "Nominal"}
[2026-06-05 16:51:50.261 Z] [WARN] [cadence.virtuoso.ade.simulationMonitor] -     WARNING (CMI-2424): I7.I4|C1(10): `Voffcv' = -867.4e-03 is unusually small. {"history": "MonteCarlo.6", "point": 116, "testname": "PTAT_MC", "cornername": "Nominal"}
[2026-06-05 16:51:50.261 Z] [WARN] [cadence.virtuoso.ade.simulationMonitor] -     WARNING (CMI-2425): I7.I4|C1(9): `Acde' = 2.393 is unusually large. {"history": "MonteCarlo.6", "point": 116, "testname": "PTAT_MC", "cornername": "Nominal"}
[2026-06-05 16:51:50.262 Z] [WARN] [cadence.virtuoso.ade.simulationMonitor] -     WARNING (CMI-2425): I7.I4|C1(9): `Noff' = 4.732 is unusually large. {"history": "MonteCarlo.6", "point": 116, "testname": "PTAT_MC", "cornername": "Nominal"}
[2026-06-05 16:51:50.262 Z] [WARN] [cadence.virtuoso.ade.simulationMonitor] -     WARNING (CMI-2424): I7.I4|C1(9): `Voffcv' = -867.4e-03 is unusually small. {"history": "MonteCarlo.6", "point": 116, "testname": "PTAT_MC", "cornername": "Nominal"}
[2026-06-05 16:51:50.263 Z] [WARN] [cadence.virtuoso.ade.simulationMonitor] -     WARNING (CMI-2425): I7.I4|C1(8): `Acde' = 2.393 is unusually large.
        Further occurrences of this warning will be suppressed. {"history": "MonteCarlo.6", "point": 116, "testname": "PTAT_MC", "cornername": "Nominal"}
[2026-06-05 16:51:50.263 Z] [WARN] [cadence.virtuoso.ade.simulationMonitor] -     WARNING (CMI-2424): I7.I4|C1(8): `Voffcv' = -867.4e-03 is unusually small. {"history": "MonteCarlo.6", "point": 116, "testname": "PTAT_MC", "cornername": "Nominal"}
[2026-06-05 16:51:50.263 Z] [WARN] [cadence.virtuoso.ade.simulationMonitor] -     WARNING (CMI-2424): I7.I4|C1(7): `Voffcv' = -867.4e-03 is unusually small. {"history": "MonteCarlo.6", "point": 116, "testname": "PTAT_MC", "cornername": "Nominal"}
[2026-06-05 16:51:50.264 Z] [WARN] [cadence.virtuoso.ade.simulationMonitor] -     WARNING (CMI-2424): I7.I4|C1(6): `Voffcv' = -867.4e-03 is unusually small.
        Further occurrences of this warning will be suppressed. {"history": "MonteCarlo.6", "point": 116, "testname": "PTAT_MC", "cornername": "Nominal"}
[2026-06-05 16:51:50.766 Z] [INFO] [cadence.virtuoso.ade.simulationMonitor] - Notice from spectre during IC analysis, during transient analysis `tran', during Monte Carlo analysis `mc1'.
    Bad pivoting is found during DC analysis. Option dc_pivot_check=yes is recommended for possible improvement of convergence. {"history": "MonteCarlo.6", "point": 116, "testname": "PTAT_MC", "cornername": "Nominal"}
[2026-06-05 16:51:50.767 Z] [WARN] [cadence.virtuoso.ade.simulationMonitor] -     WARNING (CMI-2943): Parameter checks have been ignored because the valid value for parameter 'trise' could not be found in 'C0'. {"history": "MonteCarlo.6", "point": 116, "testname": "PTAT_MC", "cornername": "Nominal"}
[2026-06-05 16:51:50.768 Z] [WARN] [cadence.virtuoso.ade.simulationMonitor] -     WARNING (CMI-2943): Parameter checks have been ignored because the valid value for parameter 'trise' could not be found in 'C1'. {"history": "MonteCarlo.6", "point": 116, "testname": "PTAT_MC", "cornername": "Nominal"}
[2026-06-05 16:51:50.768 Z] [WARN] [cadence.virtuoso.ade.simulationMonitor] -     WARNING (CMI-2943): Parameter checks have been ignored because the valid value for parameter 'trise' could not be found in 'C11'. {"history": "MonteCarlo.6", "point": 116, "testname": "PTAT_MC", "cornername": "Nominal"}
[2026-06-05 16:51:50.768 Z] [WARN] [cadence.virtuoso.ade.simulationMonitor] -     WARNING (CMI-2943): Parameter checks have been ignored because the valid value for parameter 'trise' could not be found in 'C12'. {"history": "MonteCarlo.6", "point": 116, "testname": "PTAT_MC", "cornername": "Nominal"}
[2026-06-05 16:51:50.768 Z] [WARN] [cadence.virtuoso.ade.simulationMonitor] -     WARNING (CMI-2943): Parameter checks have been ignored because the valid value for parameter 'trise' could not be found in 'C5'.
        Further occurrences of this warning will be suppressed. {"history": "MonteCarlo.6", "point": 116, "testname": "PTAT_MC", "cornername": "Nominal"}
[2026-06-05 16:52:49.458 Z] [INFO] [cadence.virtuoso.ade.simulationMonitor] - Total time required for tran analysis `tran': CPU = 109.463 s (1m  49.5s), elapsed = 59.3703 s, util. = 184%. {"history": "MonteCarlo.6", "point": 116, "testname": "PTAT_MC", "cornername": "Nominal"}
[2026-06-05 16:52:49.460 Z] [INFO] [cadence.virtuoso.ade.simulationMonitor] - Peak resident memory used = 504 Mbytes. {"history": "MonteCarlo.6", "point": 116, "testname": "PTAT_MC", "cornername": "Nominal"}
[2026-06-05 16:52:49.460 Z] [INFO] [cadence.virtuoso.ade.simulationMonitor] - Notice from spectre during transient analysis `tran', during Monte Carlo analysis `mc1'.
    312 notices suppressed.
    1457 warnings suppressed. {"history": "MonteCarlo.6", "point": 116, "testname": "PTAT_MC", "cornername": "Nominal"}
[2026-06-05 16:52:49.963 Z] [PROCESS] [cadence.virtuoso.ade.simulationMonitor] - Finished simulating for one iteration {"hostname": "il2244vt26_hrahimi", "processid": 3405815, "history": "MonteCarlo.6", "testname": "PTAT_MC", "cornername": "Nominal", "point": 116, "logfile": "/home/hrahimi/projects/POTENTIOSTAT_26/logs_hrahimi/logs0/Job102.log", "simid": "1"}
[2026-06-05 16:52:49.964 Z] [PROCESS] [cadence.virtuoso.ade.simulationMonitor] - Started Simulation {"hostname": "il2244vt26_hrahimi", "processid": 3405815, "history": "MonteCarlo.6", "testname": "PTAT_MC", "cornername": "Nominal", "point": 117, "logfile": "/home/hrahimi/projects/POTENTIOSTAT_26/logs_hrahimi/logs0/Job102.log", "event": "started", "task": "simulation"}
[2026-06-05 16:52:50.465 Z] [INFO] [cadence.virtuoso.ade.simulationMonitor] - Notice from spectre in `vert10':`I2.I56|Q2(31)', in `Potentiostat_cpoly_8_Poten_PTAT2_av_extracted':`I2', during Monte Carlo analysis `mc1'.
    I2.I56|Q2(31).bjtinsub: `minr' has the unusually small value of 10 fOhm. {"history": "MonteCarlo.6", "point": 117, "testname": "PTAT_MC", "cornername": "Nominal"}
[2026-06-05 16:52:50.466 Z] [INFO] [cadence.virtuoso.ade.simulationMonitor] - Notice from spectre in `vert10':`I2.I56|Q2(30)', in `Potentiostat_cpoly_8_Poten_PTAT2_av_extracted':`I2', during Monte Carlo analysis `mc1'.
    I2.I56|Q2(30).bjtinsub: `minr' has the unusually small value of 10 fOhm. {"history": "MonteCarlo.6", "point": 117, "testname": "PTAT_MC", "cornername": "Nominal"}
[2026-06-05 16:52:50.466 Z] [INFO] [cadence.virtuoso.ade.simulationMonitor] - Notice from spectre in `vert10':`I2.I56|Q2(29)', in `Potentiostat_cpoly_8_Poten_PTAT2_av_extracted':`I2', during Monte Carlo analysis `mc1'.
    I2.I56|Q2(29).bjtinsub: `minr' has the unusually small value of 10 fOhm. {"history": "MonteCarlo.6", "point": 117, "testname": "PTAT_MC", "cornername": "Nominal"}
[2026-06-05 16:52:50.467 Z] [INFO] [cadence.virtuoso.ade.simulationMonitor] - Notice from spectre in `vert10':`I2.I56|Q2(28)', in `Potentiostat_cpoly_8_Poten_PTAT2_av_extracted':`I2', during Monte Carlo analysis `mc1'.
    I2.I56|Q2(28).bjtinsub: `minr' has the unusually small value of 10 fOhm. {"history": "MonteCarlo.6", "point": 117, "testname": "PTAT_MC", "cornername": "Nominal"}
[2026-06-05 16:52:50.468 Z] [INFO] [cadence.virtuoso.ade.simulationMonitor] - Notice from spectre in `vert10':`I2.I56|Q2(27)', in `Potentiostat_cpoly_8_Poten_PTAT2_av_extracted':`I2', during Monte Carlo analysis `mc1'.
    I2.I56|Q2(27).bjtinsub: `minr' has the unusually small value of 10 fOhm.
        Further occurrences of this notice will be suppressed. {"history": "MonteCarlo.6", "point": 117, "testname": "PTAT_MC", "cornername": "Nominal"}
[2026-06-05 16:52:50.468 Z] [INFO] [cadence.virtuoso.ade.simulationMonitor] - Notice from spectre during Monte Carlo analysis `mc1'.
    V8: `period' has the unusually large value of 100 s.
    V7: `period' has the unusually large value of 10 s.
    V3: `period' has the unusually large value of 6 s.
    I26: `period' has the unusually large value of 6 s. {"history": "MonteCarlo.6", "point": 117, "testname": "PTAT_MC", "cornername": "Nominal"}
[2026-06-05 16:52:50.974 Z] [WARN] [cadence.virtuoso.ade.simulationMonitor] -     WARNING (CMI-2425): I7.I4|C1(10): `Acde' = 2.393 is unusually large. {"history": "MonteCarlo.6", "point": 117, "testname": "PTAT_MC", "cornername": "Nominal"}
[2026-06-05 16:52:50.978 Z] [WARN] [cadence.virtuoso.ade.simulationMonitor] -     WARNING (CMI-2425): I7.I4|C1(10): `Noff' = 4.732 is unusually large. {"history": "MonteCarlo.6", "point": 117, "testname": "PTAT_MC", "cornername": "Nominal"}
[2026-06-05 16:52:50.981 Z] [WARN] [cadence.virtuoso.ade.simulationMonitor] -     WARNING (CMI-2424): I7.I4|C1(10): `Voffcv' = -867.4e-03 is unusually small. {"history": "MonteCarlo.6", "point": 117, "testname": "PTAT_MC", "cornername": "Nominal"}
[2026-06-05 16:52:50.985 Z] [WARN] [cadence.virtuoso.ade.simulationMonitor] -     WARNING (CMI-2425): I7.I4|C1(9): `Acde' = 2.393 is unusually large. {"history": "MonteCarlo.6", "point": 117, "testname": "PTAT_MC", "cornername": "Nominal"}
[2026-06-05 16:52:50.985 Z] [WARN] [cadence.virtuoso.ade.simulationMonitor] -     WARNING (CMI-2425): I7.I4|C1(9): `Noff' = 4.732 is unusually large. {"history": "MonteCarlo.6", "point": 117, "testname": "PTAT_MC", "cornername": "Nominal"}
[2026-06-05 16:52:50.987 Z] [WARN] [cadence.virtuoso.ade.simulationMonitor] -     WARNING (CMI-2424): I7.I4|C1(9): `Voffcv' = -867.4e-03 is unusually small. {"history": "MonteCarlo.6", "point": 117, "testname": "PTAT_MC", "cornername": "Nominal"}
[2026-06-05 16:52:50.987 Z] [WARN] [cadence.virtuoso.ade.simulationMonitor] -     WARNING (CMI-2425): I7.I4|C1(8): `Acde' = 2.393 is unusually large.
        Further occurrences of this warning will be suppressed. {"history": "MonteCarlo.6", "point": 117, "testname": "PTAT_MC", "cornername": "Nominal"}
[2026-06-05 16:52:50.993 Z] [WARN] [cadence.virtuoso.ade.simulationMonitor] -     WARNING (CMI-2424): I7.I4|C1(8): `Voffcv' = -867.4e-03 is unusually small. {"history": "MonteCarlo.6", "point": 117, "testname": "PTAT_MC", "cornername": "Nominal"}
[2026-06-05 16:52:50.997 Z] [WARN] [cadence.virtuoso.ade.simulationMonitor] -     WARNING (CMI-2424): I7.I4|C1(7): `Voffcv' = -867.4e-03 is unusually small. {"history": "MonteCarlo.6", "point": 117, "testname": "PTAT_MC", "cornername": "Nominal"}
[2026-06-05 16:52:51.000 Z] [WARN] [cadence.virtuoso.ade.simulationMonitor] -     WARNING (CMI-2424): I7.I4|C1(6): `Voffcv' = -867.4e-03 is unusually small.
        Further occurrences of this warning will be suppressed. {"history": "MonteCarlo.6", "point": 117, "testname": "PTAT_MC", "cornername": "Nominal"}
[2026-06-05 16:52:51.502 Z] [INFO] [cadence.virtuoso.ade.simulationMonitor] - Notice from spectre during IC analysis, during transient analysis `tran', during Monte Carlo analysis `mc1'.
    Bad pivoting is found during DC analysis. Option dc_pivot_check=yes is recommended for possible improvement of convergence. {"history": "MonteCarlo.6", "point": 117, "testname": "PTAT_MC", "cornername": "Nominal"}
[2026-06-05 16:52:51.504 Z] [WARN] [cadence.virtuoso.ade.simulationMonitor] -     WARNING (CMI-2943): Parameter checks have been ignored because the valid value for parameter 'trise' could not be found in 'C0'. {"history": "MonteCarlo.6", "point": 117, "testname": "PTAT_MC", "cornername": "Nominal"}
[2026-06-05 16:52:51.504 Z] [WARN] [cadence.virtuoso.ade.simulationMonitor] -     WARNING (CMI-2943): Parameter checks have been ignored because the valid value for parameter 'trise' could not be found in 'C1'. {"history": "MonteCarlo.6", "point": 117, "testname": "PTAT_MC", "cornername": "Nominal"}
[2026-06-05 16:52:51.505 Z] [WARN] [cadence.virtuoso.ade.simulationMonitor] -     WARNING (CMI-2943): Parameter checks have been ignored because the valid value for parameter 'trise' could not be found in 'C11'. {"history": "MonteCarlo.6", "point": 117, "testname": "PTAT_MC", "cornername": "Nominal"}
[2026-06-05 16:52:51.505 Z] [WARN] [cadence.virtuoso.ade.simulationMonitor] -     WARNING (CMI-2943): Parameter checks have been ignored because the valid value for parameter 'trise' could not be found in 'C12'. {"history": "MonteCarlo.6", "point": 117, "testname": "PTAT_MC", "cornername": "Nominal"}
[2026-06-05 16:52:51.507 Z] [WARN] [cadence.virtuoso.ade.simulationMonitor] -     WARNING (CMI-2943): Parameter checks have been ignored because the valid value for parameter 'trise' could not be found in 'C5'.
        Further occurrences of this warning will be suppressed. {"history": "MonteCarlo.6", "point": 117, "testname": "PTAT_MC", "cornername": "Nominal"}
[2026-06-05 16:53:54.268 Z] [INFO] [cadence.virtuoso.ade.simulationMonitor] - Total time required for tran analysis `tran': CPU = 120.833 s (2m  0.8s), elapsed = 63.0382 s (1m  3.0s), util. = 192%. {"history": "MonteCarlo.6", "point": 117, "testname": "PTAT_MC", "cornername": "Nominal"}
[2026-06-05 16:53:54.269 Z] [INFO] [cadence.virtuoso.ade.simulationMonitor] - Peak resident memory used = 506 Mbytes. {"history": "MonteCarlo.6", "point": 117, "testname": "PTAT_MC", "cornername": "Nominal"}
[2026-06-05 16:53:54.269 Z] [INFO] [cadence.virtuoso.ade.simulationMonitor] - Notice from spectre during transient analysis `tran', during Monte Carlo analysis `mc1'.
    168 notices suppressed.
    1457 warnings suppressed. {"history": "MonteCarlo.6", "point": 117, "testname": "PTAT_MC", "cornername": "Nominal"}
[2026-06-05 16:53:54.776 Z] [PROCESS] [cadence.virtuoso.ade.simulationMonitor] - Finished simulating for one iteration {"hostname": "il2244vt26_hrahimi", "processid": 3405815, "history": "MonteCarlo.6", "testname": "PTAT_MC", "cornername": "Nominal", "point": 117, "logfile": "/home/hrahimi/projects/POTENTIOSTAT_26/logs_hrahimi/logs0/Job102.log", "simid": "1"}
[2026-06-05 16:53:54.779 Z] [PROCESS] [cadence.virtuoso.ade.simulationMonitor] - Started Simulation {"hostname": "il2244vt26_hrahimi", "processid": 3405815, "history": "MonteCarlo.6", "testname": "PTAT_MC", "cornername": "Nominal", "point": 118, "logfile": "/home/hrahimi/projects/POTENTIOSTAT_26/logs_hrahimi/logs0/Job102.log", "event": "started", "task": "simulation"}
[2026-06-05 16:53:55.293 Z] [INFO] [cadence.virtuoso.ade.simulationMonitor] - Notice from spectre in `vert10':`I2.I56|Q2(31)', in `Potentiostat_cpoly_8_Poten_PTAT2_av_extracted':`I2', during Monte Carlo analysis `mc1'.
    I2.I56|Q2(31).bjtinsub: `rbm' has the unusually small value of 955.741 mOhm.
    I2.I56|Q2(31).bjtinsub: `minr' has the unusually small value of 10 fOhm. {"history": "MonteCarlo.6", "point": 118, "testname": "PTAT_MC", "cornername": "Nominal"}
[2026-06-05 16:53:55.294 Z] [INFO] [cadence.virtuoso.ade.simulationMonitor] - Notice from spectre in `vert10':`I2.I56|Q2(30)', in `Potentiostat_cpoly_8_Poten_PTAT2_av_extracted':`I2', during Monte Carlo analysis `mc1'.
    I2.I56|Q2(30).bjtinsub: `rbm' has the unusually small value of 955.741 mOhm.
    I2.I56|Q2(30).bjtinsub: `minr' has the unusually small value of 10 fOhm. {"history": "MonteCarlo.6", "point": 118, "testname": "PTAT_MC", "cornername": "Nominal"}
[2026-06-05 16:53:55.295 Z] [INFO] [cadence.virtuoso.ade.simulationMonitor] - Notice from spectre in `vert10':`I2.I56|Q2(29)', in `Potentiostat_cpoly_8_Poten_PTAT2_av_extracted':`I2', during Monte Carlo analysis `mc1'.
    I2.I56|Q2(29).bjtinsub: `rbm' has the unusually small value of 955.741 mOhm.
        Further occurrences of this notice will be suppressed. {"history": "MonteCarlo.6", "point": 118, "testname": "PTAT_MC", "cornername": "Nominal"}
[2026-06-05 16:53:55.295 Z] [INFO] [cadence.virtuoso.ade.simulationMonitor] - Notice from spectre during Monte Carlo analysis `mc1'.
    V8: `period' has the unusually large value of 100 s.
    V7: `period' has the unusually large value of 10 s.
    V3: `period' has the unusually large value of 6 s.
    I26: `period' has the unusually large value of 6 s. {"history": "MonteCarlo.6", "point": 118, "testname": "PTAT_MC", "cornername": "Nominal"}
[2026-06-05 16:53:55.296 Z] [WARN] [cadence.virtuoso.ade.simulationMonitor] -     WARNING (CMI-2425): I7.I4|C1(10): `Acde' = 2.393 is unusually large. {"history": "MonteCarlo.6", "point": 118, "testname": "PTAT_MC", "cornername": "Nominal"}
[2026-06-05 16:53:55.296 Z] [WARN] [cadence.virtuoso.ade.simulationMonitor] -     WARNING (CMI-2425): I7.I4|C1(10): `Noff' = 4.732 is unusually large. {"history": "MonteCarlo.6", "point": 118, "testname": "PTAT_MC", "cornername": "Nominal"}
[2026-06-05 16:53:55.297 Z] [WARN] [cadence.virtuoso.ade.simulationMonitor] -     WARNING (CMI-2424): I7.I4|C1(10): `Voffcv' = -867.4e-03 is unusually small. {"history": "MonteCarlo.6", "point": 118, "testname": "PTAT_MC", "cornername": "Nominal"}
[2026-06-05 16:53:55.297 Z] [WARN] [cadence.virtuoso.ade.simulationMonitor] -     WARNING (CMI-2425): I7.I4|C1(9): `Acde' = 2.393 is unusually large. {"history": "MonteCarlo.6", "point": 118, "testname": "PTAT_MC", "cornername": "Nominal"}
[2026-06-05 16:53:55.298 Z] [WARN] [cadence.virtuoso.ade.simulationMonitor] -     WARNING (CMI-2425): I7.I4|C1(9): `Noff' = 4.732 is unusually large. {"history": "MonteCarlo.6", "point": 118, "testname": "PTAT_MC", "cornername": "Nominal"}
[2026-06-05 16:53:55.298 Z] [WARN] [cadence.virtuoso.ade.simulationMonitor] -     WARNING (CMI-2424): I7.I4|C1(9): `Voffcv' = -867.4e-03 is unusually small. {"history": "MonteCarlo.6", "point": 118, "testname": "PTAT_MC", "cornername": "Nominal"}
[2026-06-05 16:53:55.299 Z] [WARN] [cadence.virtuoso.ade.simulationMonitor] -     WARNING (CMI-2425): I7.I4|C1(8): `Acde' = 2.393 is unusually large.
        Further occurrences of this warning will be suppressed. {"history": "MonteCarlo.6", "point": 118, "testname": "PTAT_MC", "cornername": "Nominal"}
[2026-06-05 16:53:55.299 Z] [WARN] [cadence.virtuoso.ade.simulationMonitor] -     WARNING (CMI-2424): I7.I4|C1(8): `Voffcv' = -867.4e-03 is unusually small. {"history": "MonteCarlo.6", "point": 118, "testname": "PTAT_MC", "cornername": "Nominal"}
[2026-06-05 16:53:55.299 Z] [WARN] [cadence.virtuoso.ade.simulationMonitor] -     WARNING (CMI-2424): I7.I4|C1(7): `Voffcv' = -867.4e-03 is unusually small. {"history": "MonteCarlo.6", "point": 118, "testname": "PTAT_MC", "cornername": "Nominal"}
[2026-06-05 16:53:55.300 Z] [WARN] [cadence.virtuoso.ade.simulationMonitor] -     WARNING (CMI-2424): I7.I4|C1(6): `Voffcv' = -867.4e-03 is unusually small.
        Further occurrences of this warning will be suppressed. {"history": "MonteCarlo.6", "point": 118, "testname": "PTAT_MC", "cornername": "Nominal"}
[2026-06-05 16:53:56.806 Z] [INFO] [cadence.virtuoso.ade.simulationMonitor] - Notice from spectre during IC analysis, during transient analysis `tran', during Monte Carlo analysis `mc1'.
    Bad pivoting is found during DC analysis. Option dc_pivot_check=yes is recommended for possible improvement of convergence. {"history": "MonteCarlo.6", "point": 118, "testname": "PTAT_MC", "cornername": "Nominal"}
[2026-06-05 16:53:56.807 Z] [WARN] [cadence.virtuoso.ade.simulationMonitor] -     WARNING (CMI-2943): Parameter checks have been ignored because the valid value for parameter 'trise' could not be found in 'C0'. {"history": "MonteCarlo.6", "point": 118, "testname": "PTAT_MC", "cornername": "Nominal"}
[2026-06-05 16:53:56.807 Z] [WARN] [cadence.virtuoso.ade.simulationMonitor] -     WARNING (CMI-2943): Parameter checks have been ignored because the valid value for parameter 'trise' could not be found in 'C1'. {"history": "MonteCarlo.6", "point": 118, "testname": "PTAT_MC", "cornername": "Nominal"}
[2026-06-05 16:53:56.808 Z] [WARN] [cadence.virtuoso.ade.simulationMonitor] -     WARNING (CMI-2943): Parameter checks have been ignored because the valid value for parameter 'trise' could not be found in 'C11'. {"history": "MonteCarlo.6", "point": 118, "testname": "PTAT_MC", "cornername": "Nominal"}
[2026-06-05 16:53:56.808 Z] [WARN] [cadence.virtuoso.ade.simulationMonitor] -     WARNING (CMI-2943): Parameter checks have been ignored because the valid value for parameter 'trise' could not be found in 'C12'. {"history": "MonteCarlo.6", "point": 118, "testname": "PTAT_MC", "cornername": "Nominal"}
[2026-06-05 16:53:56.809 Z] [WARN] [cadence.virtuoso.ade.simulationMonitor] -     WARNING (CMI-2943): Parameter checks have been ignored because the valid value for parameter 'trise' could not be found in 'C5'.
        Further occurrences of this warning will be suppressed. {"history": "MonteCarlo.6", "point": 118, "testname": "PTAT_MC", "cornername": "Nominal"}
[2026-06-05 16:54:57.013 Z] [INFO] [cadence.virtuoso.ade.simulationMonitor] - Total time required for tran analysis `tran': CPU = 121.188 s (2m  1.2s), elapsed = 61.1726 s (1m  1.2s), util. = 198%. {"history": "MonteCarlo.6", "point": 118, "testname": "PTAT_MC", "cornername": "Nominal"}
[2026-06-05 16:54:57.014 Z] [INFO] [cadence.virtuoso.ade.simulationMonitor] - Peak resident memory used = 509 Mbytes. {"history": "MonteCarlo.6", "point": 118, "testname": "PTAT_MC", "cornername": "Nominal"}
[2026-06-05 16:54:57.015 Z] [INFO] [cadence.virtuoso.ade.simulationMonitor] - Notice from spectre during transient analysis `tran', during Monte Carlo analysis `mc1'.
    312 notices suppressed.
    1457 warnings suppressed. {"history": "MonteCarlo.6", "point": 118, "testname": "PTAT_MC", "cornername": "Nominal"}
[2026-06-05 16:54:58.028 Z] [PROCESS] [cadence.virtuoso.ade.simulationMonitor] - Finished simulating for one iteration {"hostname": "il2244vt26_hrahimi", "processid": 3405815, "history": "MonteCarlo.6", "testname": "PTAT_MC", "cornername": "Nominal", "point": 118, "logfile": "/home/hrahimi/projects/POTENTIOSTAT_26/logs_hrahimi/logs0/Job102.log", "simid": "1"}
[2026-06-05 16:54:58.029 Z] [PROCESS] [cadence.virtuoso.ade.simulationMonitor] - Started Simulation {"hostname": "il2244vt26_hrahimi", "processid": 3405815, "history": "MonteCarlo.6", "testname": "PTAT_MC", "cornername": "Nominal", "point": 119, "logfile": "/home/hrahimi/projects/POTENTIOSTAT_26/logs_hrahimi/logs0/Job102.log", "event": "started", "task": "simulation"}
[2026-06-05 16:54:58.534 Z] [INFO] [cadence.virtuoso.ade.simulationMonitor] - Notice from spectre in `vert10':`I2.I56|Q2(31)', in `Potentiostat_cpoly_8_Poten_PTAT2_av_extracted':`I2', during Monte Carlo analysis `mc1'.
    I2.I56|Q2(31).bjtinsub: `minr' has the unusually small value of 10 fOhm. {"history": "MonteCarlo.6", "point": 119, "testname": "PTAT_MC", "cornername": "Nominal"}
[2026-06-05 16:54:58.538 Z] [INFO] [cadence.virtuoso.ade.simulationMonitor] - Notice from spectre in `vert10':`I2.I56|Q2(30)', in `Potentiostat_cpoly_8_Poten_PTAT2_av_extracted':`I2', during Monte Carlo analysis `mc1'.
    I2.I56|Q2(30).bjtinsub: `minr' has the unusually small value of 10 fOhm. {"history": "MonteCarlo.6", "point": 119, "testname": "PTAT_MC", "cornername": "Nominal"}
[2026-06-05 16:54:58.539 Z] [INFO] [cadence.virtuoso.ade.simulationMonitor] - Notice from spectre in `vert10':`I2.I56|Q2(29)', in `Potentiostat_cpoly_8_Poten_PTAT2_av_extracted':`I2', during Monte Carlo analysis `mc1'.
    I2.I56|Q2(29).bjtinsub: `minr' has the unusually small value of 10 fOhm. {"history": "MonteCarlo.6", "point": 119, "testname": "PTAT_MC", "cornername": "Nominal"}
[2026-06-05 16:54:58.539 Z] [INFO] [cadence.virtuoso.ade.simulationMonitor] - Notice from spectre in `vert10':`I2.I56|Q2(28)', in `Potentiostat_cpoly_8_Poten_PTAT2_av_extracted':`I2', during Monte Carlo analysis `mc1'.
    I2.I56|Q2(28).bjtinsub: `minr' has the unusually small value of 10 fOhm. {"history": "MonteCarlo.6", "point": 119, "testname": "PTAT_MC", "cornername": "Nominal"}
[2026-06-05 16:54:58.540 Z] [INFO] [cadence.virtuoso.ade.simulationMonitor] - Notice from spectre in `vert10':`I2.I56|Q2(27)', in `Potentiostat_cpoly_8_Poten_PTAT2_av_extracted':`I2', during Monte Carlo analysis `mc1'.
    I2.I56|Q2(27).bjtinsub: `minr' has the unusually small value of 10 fOhm.
        Further occurrences of this notice will be suppressed. {"history": "MonteCarlo.6", "point": 119, "testname": "PTAT_MC", "cornername": "Nominal"}
[2026-06-05 16:54:59.042 Z] [INFO] [cadence.virtuoso.ade.simulationMonitor] - Notice from spectre during Monte Carlo analysis `mc1'.
    V8: `period' has the unusually large value of 100 s.
    V7: `period' has the unusually large value of 10 s.
    V3: `period' has the unusually large value of 6 s.
    I26: `period' has the unusually large value of 6 s. {"history": "MonteCarlo.6", "point": 119, "testname": "PTAT_MC", "cornername": "Nominal"}
[2026-06-05 16:54:59.044 Z] [WARN] [cadence.virtuoso.ade.simulationMonitor] -     WARNING (CMI-2425): I7.I4|C1(10): `Acde' = 2.393 is unusually large. {"history": "MonteCarlo.6", "point": 119, "testname": "PTAT_MC", "cornername": "Nominal"}
[2026-06-05 16:54:59.045 Z] [WARN] [cadence.virtuoso.ade.simulationMonitor] -     WARNING (CMI-2425): I7.I4|C1(10): `Noff' = 4.732 is unusually large. {"history": "MonteCarlo.6", "point": 119, "testname": "PTAT_MC", "cornername": "Nominal"}
[2026-06-05 16:54:59.046 Z] [WARN] [cadence.virtuoso.ade.simulationMonitor] -     WARNING (CMI-2424): I7.I4|C1(10): `Voffcv' = -867.4e-03 is unusually small. {"history": "MonteCarlo.6", "point": 119, "testname": "PTAT_MC", "cornername": "Nominal"}
[2026-06-05 16:54:59.046 Z] [WARN] [cadence.virtuoso.ade.simulationMonitor] -     WARNING (CMI-2425): I7.I4|C1(9): `Acde' = 2.393 is unusually large. {"history": "MonteCarlo.6", "point": 119, "testname": "PTAT_MC", "cornername": "Nominal"}
[2026-06-05 16:54:59.048 Z] [WARN] [cadence.virtuoso.ade.simulationMonitor] -     WARNING (CMI-2425): I7.I4|C1(9): `Noff' = 4.732 is unusually large. {"history": "MonteCarlo.6", "point": 119, "testname": "PTAT_MC", "cornername": "Nominal"}
[2026-06-05 16:54:59.056 Z] [WARN] [cadence.virtuoso.ade.simulationMonitor] -     WARNING (CMI-2424): I7.I4|C1(9): `Voffcv' = -867.4e-03 is unusually small. {"history": "MonteCarlo.6", "point": 119, "testname": "PTAT_MC", "cornername": "Nominal"}
[2026-06-05 16:54:59.057 Z] [WARN] [cadence.virtuoso.ade.simulationMonitor] -     WARNING (CMI-2425): I7.I4|C1(8): `Acde' = 2.393 is unusually large.
        Further occurrences of this warning will be suppressed. {"history": "MonteCarlo.6", "point": 119, "testname": "PTAT_MC", "cornername": "Nominal"}
[2026-06-05 16:54:59.057 Z] [WARN] [cadence.virtuoso.ade.simulationMonitor] -     WARNING (CMI-2424): I7.I4|C1(8): `Voffcv' = -867.4e-03 is unusually small. {"history": "MonteCarlo.6", "point": 119, "testname": "PTAT_MC", "cornername": "Nominal"}
[2026-06-05 16:54:59.058 Z] [WARN] [cadence.virtuoso.ade.simulationMonitor] -     WARNING (CMI-2424): I7.I4|C1(7): `Voffcv' = -867.4e-03 is unusually small. {"history": "MonteCarlo.6", "point": 119, "testname": "PTAT_MC", "cornername": "Nominal"}
[2026-06-05 16:54:59.060 Z] [WARN] [cadence.virtuoso.ade.simulationMonitor] -     WARNING (CMI-2424): I7.I4|C1(6): `Voffcv' = -867.4e-03 is unusually small.
        Further occurrences of this warning will be suppressed. {"history": "MonteCarlo.6", "point": 119, "testname": "PTAT_MC", "cornername": "Nominal"}
[2026-06-05 16:55:00.062 Z] [INFO] [cadence.virtuoso.ade.simulationMonitor] - Notice from spectre during IC analysis, during transient analysis `tran', during Monte Carlo analysis `mc1'.
    Bad pivoting is found during DC analysis. Option dc_pivot_check=yes is recommended for possible improvement of convergence. {"history": "MonteCarlo.6", "point": 119, "testname": "PTAT_MC", "cornername": "Nominal"}
[2026-06-05 16:55:00.063 Z] [WARN] [cadence.virtuoso.ade.simulationMonitor] -     WARNING (CMI-2943): Parameter checks have been ignored because the valid value for parameter 'trise' could not be found in 'C0'. {"history": "MonteCarlo.6", "point": 119, "testname": "PTAT_MC", "cornername": "Nominal"}
[2026-06-05 16:55:00.064 Z] [WARN] [cadence.virtuoso.ade.simulationMonitor] -     WARNING (CMI-2943): Parameter checks have been ignored because the valid value for parameter 'trise' could not be found in 'C1'. {"history": "MonteCarlo.6", "point": 119, "testname": "PTAT_MC", "cornername": "Nominal"}
[2026-06-05 16:55:00.075 Z] [WARN] [cadence.virtuoso.ade.simulationMonitor] -     WARNING (CMI-2943): Parameter checks have been ignored because the valid value for parameter 'trise' could not be found in 'C11'. {"history": "MonteCarlo.6", "point": 119, "testname": "PTAT_MC", "cornername": "Nominal"}
[2026-06-05 16:55:00.081 Z] [WARN] [cadence.virtuoso.ade.simulationMonitor] -     WARNING (CMI-2943): Parameter checks have been ignored because the valid value for parameter 'trise' could not be found in 'C12'. {"history": "MonteCarlo.6", "point": 119, "testname": "PTAT_MC", "cornername": "Nominal"}
[2026-06-05 16:55:00.088 Z] [WARN] [cadence.virtuoso.ade.simulationMonitor] -     WARNING (CMI-2943): Parameter checks have been ignored because the valid value for parameter 'trise' could not be found in 'C5'.
        Further occurrences of this warning will be suppressed. {"history": "MonteCarlo.6", "point": 119, "testname": "PTAT_MC", "cornername": "Nominal"}
[2026-06-05 16:55:48.904 Z] [INFO] [cadence.virtuoso.ade.simulationMonitor] - Total time required for tran analysis `tran': CPU = 105.57 s (1m  45.6s), elapsed = 49.7251 s, util. = 212%. {"history": "MonteCarlo.6", "point": 119, "testname": "PTAT_MC", "cornername": "Nominal"}
[2026-06-05 16:55:48.906 Z] [INFO] [cadence.virtuoso.ade.simulationMonitor] - Peak resident memory used = 513 Mbytes. {"history": "MonteCarlo.6", "point": 119, "testname": "PTAT_MC", "cornername": "Nominal"}
[2026-06-05 16:55:48.906 Z] [INFO] [cadence.virtuoso.ade.simulationMonitor] - Notice from spectre during transient analysis `tran', during Monte Carlo analysis `mc1'.
    168 notices suppressed.
    1457 warnings suppressed. {"history": "MonteCarlo.6", "point": 119, "testname": "PTAT_MC", "cornername": "Nominal"}
[2026-06-05 16:55:49.416 Z] [INFO] [cadence.virtuoso.ade.simulationMonitor] - Notice from spectre in `vert10':`I2.I56|Q2(31)', in `Potentiostat_cpoly_8_Poten_PTAT2_av_extracted':`I2', during Monte Carlo analysis `mc1'.
    I2.I56|Q2(31).bjtinsub: `rbm' has the unusually small value of 918.241 mOhm.
    I2.I56|Q2(31).bjtinsub: `minr' has the unusually small value of 10 fOhm. {"history": "MonteCarlo.6", "point": 119, "testname": "PTAT_MC", "cornername": "Nominal"}
[2026-06-05 16:55:49.417 Z] [INFO] [cadence.virtuoso.ade.simulationMonitor] - Notice from spectre in `vert10':`I2.I56|Q2(30)', in `Potentiostat_cpoly_8_Poten_PTAT2_av_extracted':`I2', during Monte Carlo analysis `mc1'.
    I2.I56|Q2(30).bjtinsub: `rbm' has the unusually small value of 918.241 mOhm.
    I2.I56|Q2(30).bjtinsub: `minr' has the unusually small value of 10 fOhm. {"history": "MonteCarlo.6", "point": 119, "testname": "PTAT_MC", "cornername": "Nominal"}
[2026-06-05 16:55:49.418 Z] [INFO] [cadence.virtuoso.ade.simulationMonitor] - Notice from spectre in `vert10':`I2.I56|Q2(29)', in `Potentiostat_cpoly_8_Poten_PTAT2_av_extracted':`I2', during Monte Carlo analysis `mc1'.
    I2.I56|Q2(29).bjtinsub: `rbm' has the unusually small value of 918.241 mOhm.
        Further occurrences of this notice will be suppressed. {"history": "MonteCarlo.6", "point": 119, "testname": "PTAT_MC", "cornername": "Nominal"}
[2026-06-05 16:55:49.419 Z] [PROCESS] [cadence.virtuoso.ade.simulationMonitor] - Finished simulating for one iteration {"hostname": "il2244vt26_hrahimi", "processid": 3405815, "history": "MonteCarlo.6", "testname": "PTAT_MC", "cornername": "Nominal", "point": 119, "logfile": "/home/hrahimi/projects/POTENTIOSTAT_26/logs_hrahimi/logs0/Job102.log", "simid": "1"}
[2026-06-05 16:55:49.420 Z] [PROCESS] [cadence.virtuoso.ade.simulationMonitor] - Started Simulation {"hostname": "il2244vt26_hrahimi", "processid": 3405815, "history": "MonteCarlo.6", "testname": "PTAT_MC", "cornername": "Nominal", "point": 120, "logfile": "/home/hrahimi/projects/POTENTIOSTAT_26/logs_hrahimi/logs0/Job102.log", "event": "started", "task": "simulation"}
[2026-06-05 16:55:49.921 Z] [INFO] [cadence.virtuoso.ade.simulationMonitor] - Notice from spectre during Monte Carlo analysis `mc1'.
    V8: `period' has the unusually large value of 100 s.
    V7: `period' has the unusually large value of 10 s.
    V3: `period' has the unusually large value of 6 s.
    I26: `period' has the unusually large value of 6 s. {"history": "MonteCarlo.6", "point": 120, "testname": "PTAT_MC", "cornername": "Nominal"}
[2026-06-05 16:55:50.424 Z] [WARN] [cadence.virtuoso.ade.simulationMonitor] -     WARNING (CMI-2425): I7.I4|C1(10): `Acde' = 2.393 is unusually large. {"history": "MonteCarlo.6", "point": 120, "testname": "PTAT_MC", "cornername": "Nominal"}
[2026-06-05 16:55:50.425 Z] [WARN] [cadence.virtuoso.ade.simulationMonitor] -     WARNING (CMI-2425): I7.I4|C1(10): `Noff' = 4.732 is unusually large. {"history": "MonteCarlo.6", "point": 120, "testname": "PTAT_MC", "cornername": "Nominal"}
[2026-06-05 16:55:50.425 Z] [WARN] [cadence.virtuoso.ade.simulationMonitor] -     WARNING (CMI-2424): I7.I4|C1(10): `Voffcv' = -867.4e-03 is unusually small. {"history": "MonteCarlo.6", "point": 120, "testname": "PTAT_MC", "cornername": "Nominal"}
[2026-06-05 16:55:50.426 Z] [WARN] [cadence.virtuoso.ade.simulationMonitor] -     WARNING (CMI-2425): I7.I4|C1(9): `Acde' = 2.393 is unusually large. {"history": "MonteCarlo.6", "point": 120, "testname": "PTAT_MC", "cornername": "Nominal"}
[2026-06-05 16:55:50.426 Z] [WARN] [cadence.virtuoso.ade.simulationMonitor] -     WARNING (CMI-2425): I7.I4|C1(9): `Noff' = 4.732 is unusually large. {"history": "MonteCarlo.6", "point": 120, "testname": "PTAT_MC", "cornername": "Nominal"}
[2026-06-05 16:55:50.426 Z] [WARN] [cadence.virtuoso.ade.simulationMonitor] -     WARNING (CMI-2424): I7.I4|C1(9): `Voffcv' = -867.4e-03 is unusually small. {"history": "MonteCarlo.6", "point": 120, "testname": "PTAT_MC", "cornername": "Nominal"}
[2026-06-05 16:55:50.426 Z] [WARN] [cadence.virtuoso.ade.simulationMonitor] -     WARNING (CMI-2425): I7.I4|C1(8): `Acde' = 2.393 is unusually large.
        Further occurrences of this warning will be suppressed. {"history": "MonteCarlo.6", "point": 120, "testname": "PTAT_MC", "cornername": "Nominal"}
[2026-06-05 16:55:50.427 Z] [WARN] [cadence.virtuoso.ade.simulationMonitor] -     WARNING (CMI-2424): I7.I4|C1(8): `Voffcv' = -867.4e-03 is unusually small. {"history": "MonteCarlo.6", "point": 120, "testname": "PTAT_MC", "cornername": "Nominal"}
[2026-06-05 16:55:50.427 Z] [WARN] [cadence.virtuoso.ade.simulationMonitor] -     WARNING (CMI-2424): I7.I4|C1(7): `Voffcv' = -867.4e-03 is unusually small. {"history": "MonteCarlo.6", "point": 120, "testname": "PTAT_MC", "cornername": "Nominal"}
[2026-06-05 16:55:50.427 Z] [WARN] [cadence.virtuoso.ade.simulationMonitor] -     WARNING (CMI-2424): I7.I4|C1(6): `Voffcv' = -867.4e-03 is unusually small.
        Further occurrences of this warning will be suppressed. {"history": "MonteCarlo.6", "point": 120, "testname": "PTAT_MC", "cornername": "Nominal"}
[2026-06-05 16:55:50.934 Z] [INFO] [cadence.virtuoso.ade.simulationMonitor] - Notice from spectre during IC analysis, during transient analysis `tran', during Monte Carlo analysis `mc1'.
    Bad pivoting is found during DC analysis. Option dc_pivot_check=yes is recommended for possible improvement of convergence. {"history": "MonteCarlo.6", "point": 120, "testname": "PTAT_MC", "cornername": "Nominal"}
[2026-06-05 16:55:50.936 Z] [WARN] [cadence.virtuoso.ade.simulationMonitor] -     WARNING (CMI-2943): Parameter checks have been ignored because the valid value for parameter 'trise' could not be found in 'C0'. {"history": "MonteCarlo.6", "point": 120, "testname": "PTAT_MC", "cornername": "Nominal"}
[2026-06-05 16:55:50.937 Z] [WARN] [cadence.virtuoso.ade.simulationMonitor] -     WARNING (CMI-2943): Parameter checks have been ignored because the valid value for parameter 'trise' could not be found in 'C1'. {"history": "MonteCarlo.6", "point": 120, "testname": "PTAT_MC", "cornername": "Nominal"}
[2026-06-05 16:55:50.937 Z] [WARN] [cadence.virtuoso.ade.simulationMonitor] -     WARNING (CMI-2943): Parameter checks have been ignored because the valid value for parameter 'trise' could not be found in 'C11'. {"history": "MonteCarlo.6", "point": 120, "testname": "PTAT_MC", "cornername": "Nominal"}
[2026-06-05 16:55:50.938 Z] [WARN] [cadence.virtuoso.ade.simulationMonitor] -     WARNING (CMI-2943): Parameter checks have been ignored because the valid value for parameter 'trise' could not be found in 'C12'. {"history": "MonteCarlo.6", "point": 120, "testname": "PTAT_MC", "cornername": "Nominal"}
[2026-06-05 16:55:50.939 Z] [WARN] [cadence.virtuoso.ade.simulationMonitor] -     WARNING (CMI-2943): Parameter checks have been ignored because the valid value for parameter 'trise' could not be found in 'C5'.
        Further occurrences of this warning will be suppressed. {"history": "MonteCarlo.6", "point": 120, "testname": "PTAT_MC", "cornername": "Nominal"}
[2026-06-05 16:56:39.564 Z] [INFO] [cadence.virtuoso.ade.simulationMonitor] - Total time required for tran analysis `tran': CPU = 105.917 s (1m  45.9s), elapsed = 49.1053 s, util. = 216%. {"history": "MonteCarlo.6", "point": 120, "testname": "PTAT_MC", "cornername": "Nominal"}
[2026-06-05 16:56:39.565 Z] [INFO] [cadence.virtuoso.ade.simulationMonitor] - Peak resident memory used = 515 Mbytes. {"history": "MonteCarlo.6", "point": 120, "testname": "PTAT_MC", "cornername": "Nominal"}
[2026-06-05 16:56:39.567 Z] [INFO] [cadence.virtuoso.ade.simulationMonitor] - Notice from spectre during transient analysis `tran', during Monte Carlo analysis `mc1'.
    312 notices suppressed.
    1457 warnings suppressed. {"history": "MonteCarlo.6", "point": 120, "testname": "PTAT_MC", "cornername": "Nominal"}
[2026-06-05 16:56:40.069 Z] [PROCESS] [cadence.virtuoso.ade.simulationMonitor] - Finished simulating for one iteration {"hostname": "il2244vt26_hrahimi", "processid": 3405815, "history": "MonteCarlo.6", "testname": "PTAT_MC", "cornername": "Nominal", "point": 120, "logfile": "/home/hrahimi/projects/POTENTIOSTAT_26/logs_hrahimi/logs0/Job102.log", "simid": "1"}
[2026-06-05 16:56:40.070 Z] [PROCESS] [cadence.virtuoso.ade.simulationMonitor] - Started Simulation {"hostname": "il2244vt26_hrahimi", "processid": 3405815, "history": "MonteCarlo.6", "testname": "PTAT_MC", "cornername": "Nominal", "point": 121, "logfile": "/home/hrahimi/projects/POTENTIOSTAT_26/logs_hrahimi/logs0/Job102.log", "event": "started", "task": "simulation"}
[2026-06-05 16:56:40.570 Z] [INFO] [cadence.virtuoso.ade.simulationMonitor] - Notice from spectre in `vert10':`I2.I56|Q2(31)', in `Potentiostat_cpoly_8_Poten_PTAT2_av_extracted':`I2', during Monte Carlo analysis `mc1'.
    I2.I56|Q2(31).bjtinsub: `minr' has the unusually small value of 10 fOhm. {"history": "MonteCarlo.6", "point": 121, "testname": "PTAT_MC", "cornername": "Nominal"}
[2026-06-05 16:56:40.572 Z] [INFO] [cadence.virtuoso.ade.simulationMonitor] - Notice from spectre in `vert10':`I2.I56|Q2(30)', in `Potentiostat_cpoly_8_Poten_PTAT2_av_extracted':`I2', during Monte Carlo analysis `mc1'.
    I2.I56|Q2(30).bjtinsub: `minr' has the unusually small value of 10 fOhm. {"history": "MonteCarlo.6", "point": 121, "testname": "PTAT_MC", "cornername": "Nominal"}
[2026-06-05 16:56:40.572 Z] [INFO] [cadence.virtuoso.ade.simulationMonitor] - Notice from spectre in `vert10':`I2.I56|Q2(29)', in `Potentiostat_cpoly_8_Poten_PTAT2_av_extracted':`I2', during Monte Carlo analysis `mc1'.
    I2.I56|Q2(29).bjtinsub: `minr' has the unusually small value of 10 fOhm. {"history": "MonteCarlo.6", "point": 121, "testname": "PTAT_MC", "cornername": "Nominal"}
[2026-06-05 16:56:40.573 Z] [INFO] [cadence.virtuoso.ade.simulationMonitor] - Notice from spectre in `vert10':`I2.I56|Q2(28)', in `Potentiostat_cpoly_8_Poten_PTAT2_av_extracted':`I2', during Monte Carlo analysis `mc1'.
    I2.I56|Q2(28).bjtinsub: `minr' has the unusually small value of 10 fOhm. {"history": "MonteCarlo.6", "point": 121, "testname": "PTAT_MC", "cornername": "Nominal"}
[2026-06-05 16:56:40.573 Z] [INFO] [cadence.virtuoso.ade.simulationMonitor] - Notice from spectre in `vert10':`I2.I56|Q2(27)', in `Potentiostat_cpoly_8_Poten_PTAT2_av_extracted':`I2', during Monte Carlo analysis `mc1'.
    I2.I56|Q2(27).bjtinsub: `minr' has the unusually small value of 10 fOhm.
        Further occurrences of this notice will be suppressed. {"history": "MonteCarlo.6", "point": 121, "testname": "PTAT_MC", "cornername": "Nominal"}
[2026-06-05 16:56:40.574 Z] [INFO] [cadence.virtuoso.ade.simulationMonitor] - Notice from spectre during Monte Carlo analysis `mc1'.
    V8: `period' has the unusually large value of 100 s.
    V7: `period' has the unusually large value of 10 s.
    V3: `period' has the unusually large value of 6 s.
    I26: `period' has the unusually large value of 6 s. {"history": "MonteCarlo.6", "point": 121, "testname": "PTAT_MC", "cornername": "Nominal"}
[2026-06-05 16:56:41.075 Z] [WARN] [cadence.virtuoso.ade.simulationMonitor] -     WARNING (CMI-2425): I7.I4|C1(10): `Acde' = 2.393 is unusually large. {"history": "MonteCarlo.6", "point": 121, "testname": "PTAT_MC", "cornername": "Nominal"}
[2026-06-05 16:56:41.077 Z] [WARN] [cadence.virtuoso.ade.simulationMonitor] -     WARNING (CMI-2425): I7.I4|C1(10): `Noff' = 4.732 is unusually large. {"history": "MonteCarlo.6", "point": 121, "testname": "PTAT_MC", "cornername": "Nominal"}
[2026-06-05 16:56:41.077 Z] [WARN] [cadence.virtuoso.ade.simulationMonitor] -     WARNING (CMI-2424): I7.I4|C1(10): `Voffcv' = -867.4e-03 is unusually small. {"history": "MonteCarlo.6", "point": 121, "testname": "PTAT_MC", "cornername": "Nominal"}
[2026-06-05 16:56:41.078 Z] [WARN] [cadence.virtuoso.ade.simulationMonitor] -     WARNING (CMI-2425): I7.I4|C1(9): `Acde' = 2.393 is unusually large. {"history": "MonteCarlo.6", "point": 121, "testname": "PTAT_MC", "cornername": "Nominal"}
[2026-06-05 16:56:41.079 Z] [WARN] [cadence.virtuoso.ade.simulationMonitor] -     WARNING (CMI-2425): I7.I4|C1(9): `Noff' = 4.732 is unusually large. {"history": "MonteCarlo.6", "point": 121, "testname": "PTAT_MC", "cornername": "Nominal"}
[2026-06-05 16:56:41.080 Z] [WARN] [cadence.virtuoso.ade.simulationMonitor] -     WARNING (CMI-2424): I7.I4|C1(9): `Voffcv' = -867.4e-03 is unusually small. {"history": "MonteCarlo.6", "point": 121, "testname": "PTAT_MC", "cornername": "Nominal"}
[2026-06-05 16:56:41.080 Z] [WARN] [cadence.virtuoso.ade.simulationMonitor] -     WARNING (CMI-2425): I7.I4|C1(8): `Acde' = 2.393 is unusually large.
        Further occurrences of this warning will be suppressed. {"history": "MonteCarlo.6", "point": 121, "testname": "PTAT_MC", "cornername": "Nominal"}
[2026-06-05 16:56:41.081 Z] [WARN] [cadence.virtuoso.ade.simulationMonitor] -     WARNING (CMI-2424): I7.I4|C1(8): `Voffcv' = -867.4e-03 is unusually small. {"history": "MonteCarlo.6", "point": 121, "testname": "PTAT_MC", "cornername": "Nominal"}
[2026-06-05 16:56:41.081 Z] [WARN] [cadence.virtuoso.ade.simulationMonitor] -     WARNING (CMI-2424): I7.I4|C1(7): `Voffcv' = -867.4e-03 is unusually small. {"history": "MonteCarlo.6", "point": 121, "testname": "PTAT_MC", "cornername": "Nominal"}
[2026-06-05 16:56:41.081 Z] [WARN] [cadence.virtuoso.ade.simulationMonitor] -     WARNING (CMI-2424): I7.I4|C1(6): `Voffcv' = -867.4e-03 is unusually small.
        Further occurrences of this warning will be suppressed. {"history": "MonteCarlo.6", "point": 121, "testname": "PTAT_MC", "cornername": "Nominal"}
[2026-06-05 16:56:42.086 Z] [INFO] [cadence.virtuoso.ade.simulationMonitor] - Notice from spectre during IC analysis, during transient analysis `tran', during Monte Carlo analysis `mc1'.
    Bad pivoting is found during DC analysis. Option dc_pivot_check=yes is recommended for possible improvement of convergence. {"history": "MonteCarlo.6", "point": 121, "testname": "PTAT_MC", "cornername": "Nominal"}
[2026-06-05 16:56:42.086 Z] [WARN] [cadence.virtuoso.ade.simulationMonitor] -     WARNING (CMI-2943): Parameter checks have been ignored because the valid value for parameter 'trise' could not be found in 'C0'. {"history": "MonteCarlo.6", "point": 121, "testname": "PTAT_MC", "cornername": "Nominal"}
[2026-06-05 16:56:42.087 Z] [WARN] [cadence.virtuoso.ade.simulationMonitor] -     WARNING (CMI-2943): Parameter checks have been ignored because the valid value for parameter 'trise' could not be found in 'C1'. {"history": "MonteCarlo.6", "point": 121, "testname": "PTAT_MC", "cornername": "Nominal"}
[2026-06-05 16:56:42.087 Z] [WARN] [cadence.virtuoso.ade.simulationMonitor] -     WARNING (CMI-2943): Parameter checks have been ignored because the valid value for parameter 'trise' could not be found in 'C11'. {"history": "MonteCarlo.6", "point": 121, "testname": "PTAT_MC", "cornername": "Nominal"}
[2026-06-05 16:56:42.087 Z] [WARN] [cadence.virtuoso.ade.simulationMonitor] -     WARNING (CMI-2943): Parameter checks have been ignored because the valid value for parameter 'trise' could not be found in 'C12'. {"history": "MonteCarlo.6", "point": 121, "testname": "PTAT_MC", "cornername": "Nominal"}
[2026-06-05 16:56:42.087 Z] [WARN] [cadence.virtuoso.ade.simulationMonitor] -     WARNING (CMI-2943): Parameter checks have been ignored because the valid value for parameter 'trise' could not be found in 'C5'.
        Further occurrences of this warning will be suppressed. {"history": "MonteCarlo.6", "point": 121, "testname": "PTAT_MC", "cornername": "Nominal"}
[2026-06-05 16:57:18.140 Z] [INFO] [cadence.virtuoso.ade.simulationMonitor] - Total time required for tran analysis `tran': CPU = 99.5739 s (1m  39.6s), elapsed = 37.0306 s, util. = 269%. {"history": "MonteCarlo.6", "point": 121, "testname": "PTAT_MC", "cornername": "Nominal"}
[2026-06-05 16:57:18.141 Z] [INFO] [cadence.virtuoso.ade.simulationMonitor] - Peak resident memory used = 522 Mbytes. {"history": "MonteCarlo.6", "point": 121, "testname": "PTAT_MC", "cornername": "Nominal"}
[2026-06-05 16:57:18.142 Z] [INFO] [cadence.virtuoso.ade.simulationMonitor] - Notice from spectre during transient analysis `tran', during Monte Carlo analysis `mc1'.
    168 notices suppressed.
    1457 warnings suppressed. {"history": "MonteCarlo.6", "point": 121, "testname": "PTAT_MC", "cornername": "Nominal"}
[2026-06-05 16:57:18.644 Z] [INFO] [cadence.virtuoso.ade.simulationMonitor] - Notice from spectre in `vert10':`I2.I56|Q2(31)', in `Potentiostat_cpoly_8_Poten_PTAT2_av_extracted':`I2', during Monte Carlo analysis `mc1'.
    I2.I56|Q2(31).bjtinsub: `rbm' has the unusually small value of 968.241 mOhm.
    I2.I56|Q2(31).bjtinsub: `minr' has the unusually small value of 10 fOhm. {"history": "MonteCarlo.6", "point": 121, "testname": "PTAT_MC", "cornername": "Nominal"}
[2026-06-05 16:57:18.645 Z] [INFO] [cadence.virtuoso.ade.simulationMonitor] - Notice from spectre in `vert10':`I2.I56|Q2(30)', in `Potentiostat_cpoly_8_Poten_PTAT2_av_extracted':`I2', during Monte Carlo analysis `mc1'.
    I2.I56|Q2(30).bjtinsub: `rbm' has the unusually small value of 968.241 mOhm.
    I2.I56|Q2(30).bjtinsub: `minr' has the unusually small value of 10 fOhm. {"history": "MonteCarlo.6", "point": 121, "testname": "PTAT_MC", "cornername": "Nominal"}
[2026-06-05 16:57:18.646 Z] [INFO] [cadence.virtuoso.ade.simulationMonitor] - Notice from spectre in `vert10':`I2.I56|Q2(29)', in `Potentiostat_cpoly_8_Poten_PTAT2_av_extracted':`I2', during Monte Carlo analysis `mc1'.
    I2.I56|Q2(29).bjtinsub: `rbm' has the unusually small value of 968.241 mOhm.
        Further occurrences of this notice will be suppressed. {"history": "MonteCarlo.6", "point": 121, "testname": "PTAT_MC", "cornername": "Nominal"}
[2026-06-05 16:57:18.647 Z] [INFO] [cadence.virtuoso.ade.simulationMonitor] - Notice from spectre during Monte Carlo analysis `mc1'.
    V8: `period' has the unusually large value of 100 s.
    V7: `period' has the unusually large value of 10 s.
    V3: `period' has the unusually large value of 6 s.
    I26: `period' has the unusually large value of 6 s. {"history": "MonteCarlo.6", "point": 121, "testname": "PTAT_MC", "cornername": "Nominal"}
[2026-06-05 16:57:18.648 Z] [PROCESS] [cadence.virtuoso.ade.simulationMonitor] - Finished simulating for one iteration {"hostname": "il2244vt26_hrahimi", "processid": 3405815, "history": "MonteCarlo.6", "testname": "PTAT_MC", "cornername": "Nominal", "point": 121, "logfile": "/home/hrahimi/projects/POTENTIOSTAT_26/logs_hrahimi/logs0/Job102.log", "simid": "1"}
[2026-06-05 16:57:18.648 Z] [PROCESS] [cadence.virtuoso.ade.simulationMonitor] - Started Simulation {"hostname": "il2244vt26_hrahimi", "processid": 3405815, "history": "MonteCarlo.6", "testname": "PTAT_MC", "cornername": "Nominal", "point": 122, "logfile": "/home/hrahimi/projects/POTENTIOSTAT_26/logs_hrahimi/logs0/Job102.log", "event": "started", "task": "simulation"}
[2026-06-05 16:57:19.149 Z] [WARN] [cadence.virtuoso.ade.simulationMonitor] -     WARNING (CMI-2425): I7.I4|C1(10): `Acde' = 2.393 is unusually large. {"history": "MonteCarlo.6", "point": 122, "testname": "PTAT_MC", "cornername": "Nominal"}
[2026-06-05 16:57:19.150 Z] [WARN] [cadence.virtuoso.ade.simulationMonitor] -     WARNING (CMI-2425): I7.I4|C1(10): `Noff' = 4.732 is unusually large. {"history": "MonteCarlo.6", "point": 122, "testname": "PTAT_MC", "cornername": "Nominal"}
[2026-06-05 16:57:19.151 Z] [WARN] [cadence.virtuoso.ade.simulationMonitor] -     WARNING (CMI-2424): I7.I4|C1(10): `Voffcv' = -867.4e-03 is unusually small. {"history": "MonteCarlo.6", "point": 122, "testname": "PTAT_MC", "cornername": "Nominal"}
[2026-06-05 16:57:19.152 Z] [WARN] [cadence.virtuoso.ade.simulationMonitor] -     WARNING (CMI-2425): I7.I4|C1(9): `Acde' = 2.393 is unusually large. {"history": "MonteCarlo.6", "point": 122, "testname": "PTAT_MC", "cornername": "Nominal"}
[2026-06-05 16:57:19.152 Z] [WARN] [cadence.virtuoso.ade.simulationMonitor] -     WARNING (CMI-2425): I7.I4|C1(9): `Noff' = 4.732 is unusually large. {"history": "MonteCarlo.6", "point": 122, "testname": "PTAT_MC", "cornername": "Nominal"}
[2026-06-05 16:57:19.153 Z] [WARN] [cadence.virtuoso.ade.simulationMonitor] -     WARNING (CMI-2424): I7.I4|C1(9): `Voffcv' = -867.4e-03 is unusually small. {"history": "MonteCarlo.6", "point": 122, "testname": "PTAT_MC", "cornername": "Nominal"}
[2026-06-05 16:57:19.153 Z] [WARN] [cadence.virtuoso.ade.simulationMonitor] -     WARNING (CMI-2425): I7.I4|C1(8): `Acde' = 2.393 is unusually large.
        Further occurrences of this warning will be suppressed. {"history": "MonteCarlo.6", "point": 122, "testname": "PTAT_MC", "cornername": "Nominal"}
[2026-06-05 16:57:19.154 Z] [WARN] [cadence.virtuoso.ade.simulationMonitor] -     WARNING (CMI-2424): I7.I4|C1(8): `Voffcv' = -867.4e-03 is unusually small. {"history": "MonteCarlo.6", "point": 122, "testname": "PTAT_MC", "cornername": "Nominal"}
[2026-06-05 16:57:19.154 Z] [WARN] [cadence.virtuoso.ade.simulationMonitor] -     WARNING (CMI-2424): I7.I4|C1(7): `Voffcv' = -867.4e-03 is unusually small. {"history": "MonteCarlo.6", "point": 122, "testname": "PTAT_MC", "cornername": "Nominal"}
[2026-06-05 16:57:19.154 Z] [WARN] [cadence.virtuoso.ade.simulationMonitor] -     WARNING (CMI-2424): I7.I4|C1(6): `Voffcv' = -867.4e-03 is unusually small.
        Further occurrences of this warning will be suppressed. {"history": "MonteCarlo.6", "point": 122, "testname": "PTAT_MC", "cornername": "Nominal"}
[2026-06-05 16:57:19.655 Z] [INFO] [cadence.virtuoso.ade.simulationMonitor] - Notice from spectre during IC analysis, during transient analysis `tran', during Monte Carlo analysis `mc1'.
    Bad pivoting is found during DC analysis. Option dc_pivot_check=yes is recommended for possible improvement of convergence. {"history": "MonteCarlo.6", "point": 122, "testname": "PTAT_MC", "cornername": "Nominal"}
[2026-06-05 16:57:19.656 Z] [WARN] [cadence.virtuoso.ade.simulationMonitor] -     WARNING (CMI-2943): Parameter checks have been ignored because the valid value for parameter 'trise' could not be found in 'C0'. {"history": "MonteCarlo.6", "point": 122, "testname": "PTAT_MC", "cornername": "Nominal"}
[2026-06-05 16:57:19.657 Z] [WARN] [cadence.virtuoso.ade.simulationMonitor] -     WARNING (CMI-2943): Parameter checks have been ignored because the valid value for parameter 'trise' could not be found in 'C1'. {"history": "MonteCarlo.6", "point": 122, "testname": "PTAT_MC", "cornername": "Nominal"}
[2026-06-05 16:57:19.657 Z] [WARN] [cadence.virtuoso.ade.simulationMonitor] -     WARNING (CMI-2943): Parameter checks have been ignored because the valid value for parameter 'trise' could not be found in 'C11'. {"history": "MonteCarlo.6", "point": 122, "testname": "PTAT_MC", "cornername": "Nominal"}
[2026-06-05 16:57:19.657 Z] [WARN] [cadence.virtuoso.ade.simulationMonitor] -     WARNING (CMI-2943): Parameter checks have been ignored because the valid value for parameter 'trise' could not be found in 'C12'. {"history": "MonteCarlo.6", "point": 122, "testname": "PTAT_MC", "cornername": "Nominal"}
[2026-06-05 16:57:19.658 Z] [WARN] [cadence.virtuoso.ade.simulationMonitor] -     WARNING (CMI-2943): Parameter checks have been ignored because the valid value for parameter 'trise' could not be found in 'C5'.
        Further occurrences of this warning will be suppressed. {"history": "MonteCarlo.6", "point": 122, "testname": "PTAT_MC", "cornername": "Nominal"}
[2026-06-05 16:58:02.216 Z] [INFO] [cadence.virtuoso.ade.simulationMonitor] - Total time required for tran analysis `tran': CPU = 114.255 s (1m  54.3s), elapsed = 42.8572 s, util. = 267%. {"history": "MonteCarlo.6", "point": 122, "testname": "PTAT_MC", "cornername": "Nominal"}
[2026-06-05 16:58:02.216 Z] [INFO] [cadence.virtuoso.ade.simulationMonitor] - Peak resident memory used = 525 Mbytes. {"history": "MonteCarlo.6", "point": 122, "testname": "PTAT_MC", "cornername": "Nominal"}
[2026-06-05 16:58:02.217 Z] [INFO] [cadence.virtuoso.ade.simulationMonitor] - Notice from spectre during transient analysis `tran', during Monte Carlo analysis `mc1'.
    312 notices suppressed.
    1457 warnings suppressed. {"history": "MonteCarlo.6", "point": 122, "testname": "PTAT_MC", "cornername": "Nominal"}
[2026-06-05 16:58:02.718 Z] [INFO] [cadence.virtuoso.ade.simulationMonitor] - Notice from spectre in `vert10':`I2.I56|Q2(31)', in `Potentiostat_cpoly_8_Poten_PTAT2_av_extracted':`I2', during Monte Carlo analysis `mc1'.
    I2.I56|Q2(31).bjtinsub: `minr' has the unusually small value of 10 fOhm. {"history": "MonteCarlo.6", "point": 122, "testname": "PTAT_MC", "cornername": "Nominal"}
[2026-06-05 16:58:02.719 Z] [INFO] [cadence.virtuoso.ade.simulationMonitor] - Notice from spectre in `vert10':`I2.I56|Q2(30)', in `Potentiostat_cpoly_8_Poten_PTAT2_av_extracted':`I2', during Monte Carlo analysis `mc1'.
    I2.I56|Q2(30).bjtinsub: `minr' has the unusually small value of 10 fOhm. {"history": "MonteCarlo.6", "point": 122, "testname": "PTAT_MC", "cornername": "Nominal"}
[2026-06-05 16:58:02.720 Z] [INFO] [cadence.virtuoso.ade.simulationMonitor] - Notice from spectre in `vert10':`I2.I56|Q2(29)', in `Potentiostat_cpoly_8_Poten_PTAT2_av_extracted':`I2', during Monte Carlo analysis `mc1'.
    I2.I56|Q2(29).bjtinsub: `minr' has the unusually small value of 10 fOhm. {"history": "MonteCarlo.6", "point": 122, "testname": "PTAT_MC", "cornername": "Nominal"}
[2026-06-05 16:58:02.721 Z] [INFO] [cadence.virtuoso.ade.simulationMonitor] - Notice from spectre in `vert10':`I2.I56|Q2(28)', in `Potentiostat_cpoly_8_Poten_PTAT2_av_extracted':`I2', during Monte Carlo analysis `mc1'.
    I2.I56|Q2(28).bjtinsub: `minr' has the unusually small value of 10 fOhm. {"history": "MonteCarlo.6", "point": 122, "testname": "PTAT_MC", "cornername": "Nominal"}
[2026-06-05 16:58:02.721 Z] [INFO] [cadence.virtuoso.ade.simulationMonitor] - Notice from spectre in `vert10':`I2.I56|Q2(27)', in `Potentiostat_cpoly_8_Poten_PTAT2_av_extracted':`I2', during Monte Carlo analysis `mc1'.
    I2.I56|Q2(27).bjtinsub: `minr' has the unusually small value of 10 fOhm.
        Further occurrences of this notice will be suppressed. {"history": "MonteCarlo.6", "point": 122, "testname": "PTAT_MC", "cornername": "Nominal"}
[2026-06-05 16:58:02.722 Z] [PROCESS] [cadence.virtuoso.ade.simulationMonitor] - Finished simulating for one iteration {"hostname": "il2244vt26_hrahimi", "processid": 3405815, "history": "MonteCarlo.6", "testname": "PTAT_MC", "cornername": "Nominal", "point": 122, "logfile": "/home/hrahimi/projects/POTENTIOSTAT_26/logs_hrahimi/logs0/Job102.log", "simid": "1"}
[2026-06-05 16:58:02.722 Z] [PROCESS] [cadence.virtuoso.ade.simulationMonitor] - Started Simulation {"hostname": "il2244vt26_hrahimi", "processid": 3405815, "history": "MonteCarlo.6", "testname": "PTAT_MC", "cornername": "Nominal", "point": 123, "logfile": "/home/hrahimi/projects/POTENTIOSTAT_26/logs_hrahimi/logs0/Job102.log", "event": "started", "task": "simulation"}
[2026-06-05 16:58:03.223 Z] [INFO] [cadence.virtuoso.ade.simulationMonitor] - Notice from spectre during Monte Carlo analysis `mc1'.
    V8: `period' has the unusually large value of 100 s.
    V7: `period' has the unusually large value of 10 s.
    V3: `period' has the unusually large value of 6 s.
    I26: `period' has the unusually large value of 6 s. {"history": "MonteCarlo.6", "point": 123, "testname": "PTAT_MC", "cornername": "Nominal"}
[2026-06-05 16:58:03.224 Z] [WARN] [cadence.virtuoso.ade.simulationMonitor] -     WARNING (CMI-2425): I7.I4|C1(10): `Acde' = 2.393 is unusually large. {"history": "MonteCarlo.6", "point": 123, "testname": "PTAT_MC", "cornername": "Nominal"}
[2026-06-05 16:58:03.225 Z] [WARN] [cadence.virtuoso.ade.simulationMonitor] -     WARNING (CMI-2425): I7.I4|C1(10): `Noff' = 4.732 is unusually large. {"history": "MonteCarlo.6", "point": 123, "testname": "PTAT_MC", "cornername": "Nominal"}
[2026-06-05 16:58:03.226 Z] [WARN] [cadence.virtuoso.ade.simulationMonitor] -     WARNING (CMI-2424): I7.I4|C1(10): `Voffcv' = -867.4e-03 is unusually small. {"history": "MonteCarlo.6", "point": 123, "testname": "PTAT_MC", "cornername": "Nominal"}
[2026-06-05 16:58:03.226 Z] [WARN] [cadence.virtuoso.ade.simulationMonitor] -     WARNING (CMI-2425): I7.I4|C1(9): `Acde' = 2.393 is unusually large. {"history": "MonteCarlo.6", "point": 123, "testname": "PTAT_MC", "cornername": "Nominal"}
[2026-06-05 16:58:03.226 Z] [WARN] [cadence.virtuoso.ade.simulationMonitor] -     WARNING (CMI-2425): I7.I4|C1(9): `Noff' = 4.732 is unusually large. {"history": "MonteCarlo.6", "point": 123, "testname": "PTAT_MC", "cornername": "Nominal"}
[2026-06-05 16:58:03.227 Z] [WARN] [cadence.virtuoso.ade.simulationMonitor] -     WARNING (CMI-2424): I7.I4|C1(9): `Voffcv' = -867.4e-03 is unusually small. {"history": "MonteCarlo.6", "point": 123, "testname": "PTAT_MC", "cornername": "Nominal"}
[2026-06-05 16:58:03.233 Z] [WARN] [cadence.virtuoso.ade.simulationMonitor] -     WARNING (CMI-2425): I7.I4|C1(8): `Acde' = 2.393 is unusually large.
        Further occurrences of this warning will be suppressed. {"history": "MonteCarlo.6", "point": 123, "testname": "PTAT_MC", "cornername": "Nominal"}
[2026-06-05 16:58:03.234 Z] [WARN] [cadence.virtuoso.ade.simulationMonitor] -     WARNING (CMI-2424): I7.I4|C1(8): `Voffcv' = -867.4e-03 is unusually small. {"history": "MonteCarlo.6", "point": 123, "testname": "PTAT_MC", "cornername": "Nominal"}
[2026-06-05 16:58:03.234 Z] [WARN] [cadence.virtuoso.ade.simulationMonitor] -     WARNING (CMI-2424): I7.I4|C1(7): `Voffcv' = -867.4e-03 is unusually small. {"history": "MonteCarlo.6", "point": 123, "testname": "PTAT_MC", "cornername": "Nominal"}
[2026-06-05 16:58:03.235 Z] [WARN] [cadence.virtuoso.ade.simulationMonitor] -     WARNING (CMI-2424): I7.I4|C1(6): `Voffcv' = -867.4e-03 is unusually small.
        Further occurrences of this warning will be suppressed. {"history": "MonteCarlo.6", "point": 123, "testname": "PTAT_MC", "cornername": "Nominal"}
[2026-06-05 16:58:03.735 Z] [INFO] [cadence.virtuoso.ade.simulationMonitor] - Notice from spectre during IC analysis, during transient analysis `tran', during Monte Carlo analysis `mc1'.
    Bad pivoting is found during DC analysis. Option dc_pivot_check=yes is recommended for possible improvement of convergence. {"history": "MonteCarlo.6", "point": 123, "testname": "PTAT_MC", "cornername": "Nominal"}
[2026-06-05 16:58:03.737 Z] [WARN] [cadence.virtuoso.ade.simulationMonitor] -     WARNING (CMI-2943): Parameter checks have been ignored because the valid value for parameter 'trise' could not be found in 'C0'. {"history": "MonteCarlo.6", "point": 123, "testname": "PTAT_MC", "cornername": "Nominal"}
[2026-06-05 16:58:03.737 Z] [WARN] [cadence.virtuoso.ade.simulationMonitor] -     WARNING (CMI-2943): Parameter checks have been ignored because the valid value for parameter 'trise' could not be found in 'C1'. {"history": "MonteCarlo.6", "point": 123, "testname": "PTAT_MC", "cornername": "Nominal"}
[2026-06-05 16:58:03.738 Z] [WARN] [cadence.virtuoso.ade.simulationMonitor] -     WARNING (CMI-2943): Parameter checks have been ignored because the valid value for parameter 'trise' could not be found in 'C11'. {"history": "MonteCarlo.6", "point": 123, "testname": "PTAT_MC", "cornername": "Nominal"}
[2026-06-05 16:58:03.738 Z] [WARN] [cadence.virtuoso.ade.simulationMonitor] -     WARNING (CMI-2943): Parameter checks have been ignored because the valid value for parameter 'trise' could not be found in 'C12'. {"history": "MonteCarlo.6", "point": 123, "testname": "PTAT_MC", "cornername": "Nominal"}
[2026-06-05 16:58:03.739 Z] [WARN] [cadence.virtuoso.ade.simulationMonitor] -     WARNING (CMI-2943): Parameter checks have been ignored because the valid value for parameter 'trise' could not be found in 'C5'.
        Further occurrences of this warning will be suppressed. {"history": "MonteCarlo.6", "point": 123, "testname": "PTAT_MC", "cornername": "Nominal"}
[2026-06-05 16:58:41.788 Z] [INFO] [cadence.virtuoso.ade.simulationMonitor] - Total time required for tran analysis `tran': CPU = 107.386 s (1m  47.4s), elapsed = 38.4413 s, util. = 279%. {"history": "MonteCarlo.6", "point": 123, "testname": "PTAT_MC", "cornername": "Nominal"}
[2026-06-05 16:58:41.790 Z] [INFO] [cadence.virtuoso.ade.simulationMonitor] - Peak resident memory used = 526 Mbytes. {"history": "MonteCarlo.6", "point": 123, "testname": "PTAT_MC", "cornername": "Nominal"}
[2026-06-05 16:58:41.790 Z] [INFO] [cadence.virtuoso.ade.simulationMonitor] - Notice from spectre during transient analysis `tran', during Monte Carlo analysis `mc1'.
    168 notices suppressed.
    1457 warnings suppressed. {"history": "MonteCarlo.6", "point": 123, "testname": "PTAT_MC", "cornername": "Nominal"}
[2026-06-05 16:58:42.291 Z] [PROCESS] [cadence.virtuoso.ade.simulationMonitor] - Finished simulating for one iteration {"hostname": "il2244vt26_hrahimi", "processid": 3405815, "history": "MonteCarlo.6", "testname": "PTAT_MC", "cornername": "Nominal", "point": 123, "logfile": "/home/hrahimi/projects/POTENTIOSTAT_26/logs_hrahimi/logs0/Job102.log", "simid": "1"}
[2026-06-05 16:58:42.292 Z] [PROCESS] [cadence.virtuoso.ade.simulationMonitor] - Started Simulation {"hostname": "il2244vt26_hrahimi", "processid": 3405815, "history": "MonteCarlo.6", "testname": "PTAT_MC", "cornername": "Nominal", "point": 124, "logfile": "/home/hrahimi/projects/POTENTIOSTAT_26/logs_hrahimi/logs0/Job102.log", "event": "started", "task": "simulation"}
[2026-06-05 16:58:42.794 Z] [INFO] [cadence.virtuoso.ade.simulationMonitor] - Notice from spectre in `vert10':`I2.I56|Q2(31)', in `Potentiostat_cpoly_8_Poten_PTAT2_av_extracted':`I2', during Monte Carlo analysis `mc1'.
    I2.I56|Q2(31).bjtinsub: `minr' has the unusually small value of 10 fOhm. {"history": "MonteCarlo.6", "point": 124, "testname": "PTAT_MC", "cornername": "Nominal"}
[2026-06-05 16:58:42.794 Z] [INFO] [cadence.virtuoso.ade.simulationMonitor] - Notice from spectre in `vert10':`I2.I56|Q2(30)', in `Potentiostat_cpoly_8_Poten_PTAT2_av_extracted':`I2', during Monte Carlo analysis `mc1'.
    I2.I56|Q2(30).bjtinsub: `minr' has the unusually small value of 10 fOhm. {"history": "MonteCarlo.6", "point": 124, "testname": "PTAT_MC", "cornername": "Nominal"}
[2026-06-05 16:58:42.795 Z] [INFO] [cadence.virtuoso.ade.simulationMonitor] - Notice from spectre in `vert10':`I2.I56|Q2(29)', in `Potentiostat_cpoly_8_Poten_PTAT2_av_extracted':`I2', during Monte Carlo analysis `mc1'.
    I2.I56|Q2(29).bjtinsub: `minr' has the unusually small value of 10 fOhm. {"history": "MonteCarlo.6", "point": 124, "testname": "PTAT_MC", "cornername": "Nominal"}
[2026-06-05 16:58:42.796 Z] [INFO] [cadence.virtuoso.ade.simulationMonitor] - Notice from spectre in `vert10':`I2.I56|Q2(28)', in `Potentiostat_cpoly_8_Poten_PTAT2_av_extracted':`I2', during Monte Carlo analysis `mc1'.
    I2.I56|Q2(28).bjtinsub: `minr' has the unusually small value of 10 fOhm. {"history": "MonteCarlo.6", "point": 124, "testname": "PTAT_MC", "cornername": "Nominal"}
[2026-06-05 16:58:42.796 Z] [INFO] [cadence.virtuoso.ade.simulationMonitor] - Notice from spectre in `vert10':`I2.I56|Q2(27)', in `Potentiostat_cpoly_8_Poten_PTAT2_av_extracted':`I2', during Monte Carlo analysis `mc1'.
    I2.I56|Q2(27).bjtinsub: `minr' has the unusually small value of 10 fOhm.
        Further occurrences of this notice will be suppressed. {"history": "MonteCarlo.6", "point": 124, "testname": "PTAT_MC", "cornername": "Nominal"}
[2026-06-05 16:58:42.797 Z] [INFO] [cadence.virtuoso.ade.simulationMonitor] - Notice from spectre during Monte Carlo analysis `mc1'.
    V8: `period' has the unusually large value of 100 s.
    V7: `period' has the unusually large value of 10 s.
    V3: `period' has the unusually large value of 6 s.
    I26: `period' has the unusually large value of 6 s. {"history": "MonteCarlo.6", "point": 124, "testname": "PTAT_MC", "cornername": "Nominal"}
[2026-06-05 16:58:43.297 Z] [WARN] [cadence.virtuoso.ade.simulationMonitor] -     WARNING (CMI-2425): I7.I4|C1(10): `Acde' = 2.393 is unusually large. {"history": "MonteCarlo.6", "point": 124, "testname": "PTAT_MC", "cornername": "Nominal"}
[2026-06-05 16:58:43.299 Z] [WARN] [cadence.virtuoso.ade.simulationMonitor] -     WARNING (CMI-2425): I7.I4|C1(10): `Noff' = 4.732 is unusually large. {"history": "MonteCarlo.6", "point": 124, "testname": "PTAT_MC", "cornername": "Nominal"}
[2026-06-05 16:58:43.299 Z] [WARN] [cadence.virtuoso.ade.simulationMonitor] -     WARNING (CMI-2424): I7.I4|C1(10): `Voffcv' = -867.4e-03 is unusually small. {"history": "MonteCarlo.6", "point": 124, "testname": "PTAT_MC", "cornername": "Nominal"}
[2026-06-05 16:58:43.300 Z] [WARN] [cadence.virtuoso.ade.simulationMonitor] -     WARNING (CMI-2425): I7.I4|C1(9): `Acde' = 2.393 is unusually large. {"history": "MonteCarlo.6", "point": 124, "testname": "PTAT_MC", "cornername": "Nominal"}
[2026-06-05 16:58:43.301 Z] [WARN] [cadence.virtuoso.ade.simulationMonitor] -     WARNING (CMI-2425): I7.I4|C1(9): `Noff' = 4.732 is unusually large. {"history": "MonteCarlo.6", "point": 124, "testname": "PTAT_MC", "cornername": "Nominal"}
[2026-06-05 16:58:43.301 Z] [WARN] [cadence.virtuoso.ade.simulationMonitor] -     WARNING (CMI-2424): I7.I4|C1(9): `Voffcv' = -867.4e-03 is unusually small. {"history": "MonteCarlo.6", "point": 124, "testname": "PTAT_MC", "cornername": "Nominal"}
[2026-06-05 16:58:43.302 Z] [WARN] [cadence.virtuoso.ade.simulationMonitor] -     WARNING (CMI-2425): I7.I4|C1(8): `Acde' = 2.393 is unusually large.
        Further occurrences of this warning will be suppressed. {"history": "MonteCarlo.6", "point": 124, "testname": "PTAT_MC", "cornername": "Nominal"}
[2026-06-05 16:58:43.302 Z] [WARN] [cadence.virtuoso.ade.simulationMonitor] -     WARNING (CMI-2424): I7.I4|C1(8): `Voffcv' = -867.4e-03 is unusually small. {"history": "MonteCarlo.6", "point": 124, "testname": "PTAT_MC", "cornername": "Nominal"}
[2026-06-05 16:58:43.303 Z] [WARN] [cadence.virtuoso.ade.simulationMonitor] -     WARNING (CMI-2424): I7.I4|C1(7): `Voffcv' = -867.4e-03 is unusually small. {"history": "MonteCarlo.6", "point": 124, "testname": "PTAT_MC", "cornername": "Nominal"}
[2026-06-05 16:58:43.303 Z] [WARN] [cadence.virtuoso.ade.simulationMonitor] -     WARNING (CMI-2424): I7.I4|C1(6): `Voffcv' = -867.4e-03 is unusually small.
        Further occurrences of this warning will be suppressed. {"history": "MonteCarlo.6", "point": 124, "testname": "PTAT_MC", "cornername": "Nominal"}
[2026-06-05 16:58:43.804 Z] [INFO] [cadence.virtuoso.ade.simulationMonitor] - Notice from spectre during IC analysis, during transient analysis `tran', during Monte Carlo analysis `mc1'.
    Bad pivoting is found during DC analysis. Option dc_pivot_check=yes is recommended for possible improvement of convergence. {"history": "MonteCarlo.6", "point": 124, "testname": "PTAT_MC", "cornername": "Nominal"}
[2026-06-05 16:58:43.805 Z] [WARN] [cadence.virtuoso.ade.simulationMonitor] -     WARNING (CMI-2943): Parameter checks have been ignored because the valid value for parameter 'trise' could not be found in 'C0'. {"history": "MonteCarlo.6", "point": 124, "testname": "PTAT_MC", "cornername": "Nominal"}
[2026-06-05 16:58:43.805 Z] [WARN] [cadence.virtuoso.ade.simulationMonitor] -     WARNING (CMI-2943): Parameter checks have been ignored because the valid value for parameter 'trise' could not be found in 'C1'. {"history": "MonteCarlo.6", "point": 124, "testname": "PTAT_MC", "cornername": "Nominal"}
[2026-06-05 16:58:43.806 Z] [WARN] [cadence.virtuoso.ade.simulationMonitor] -     WARNING (CMI-2943): Parameter checks have been ignored because the valid value for parameter 'trise' could not be found in 'C11'. {"history": "MonteCarlo.6", "point": 124, "testname": "PTAT_MC", "cornername": "Nominal"}
[2026-06-05 16:58:43.807 Z] [WARN] [cadence.virtuoso.ade.simulationMonitor] -     WARNING (CMI-2943): Parameter checks have been ignored because the valid value for parameter 'trise' could not be found in 'C12'. {"history": "MonteCarlo.6", "point": 124, "testname": "PTAT_MC", "cornername": "Nominal"}
[2026-06-05 16:58:43.808 Z] [WARN] [cadence.virtuoso.ade.simulationMonitor] -     WARNING (CMI-2943): Parameter checks have been ignored because the valid value for parameter 'trise' could not be found in 'C5'.
        Further occurrences of this warning will be suppressed. {"history": "MonteCarlo.6", "point": 124, "testname": "PTAT_MC", "cornername": "Nominal"}
[2026-06-05 16:59:24.864 Z] [INFO] [cadence.virtuoso.ade.simulationMonitor] - Total time required for tran analysis `tran': CPU = 108.964 s (1m  49.0s), elapsed = 41.8639 s, util. = 260%. {"history": "MonteCarlo.6", "point": 124, "testname": "PTAT_MC", "cornername": "Nominal"}
[2026-06-05 16:59:24.865 Z] [INFO] [cadence.virtuoso.ade.simulationMonitor] - Peak resident memory used = 531 Mbytes. {"history": "MonteCarlo.6", "point": 124, "testname": "PTAT_MC", "cornername": "Nominal"}
[2026-06-05 16:59:24.866 Z] [INFO] [cadence.virtuoso.ade.simulationMonitor] - Notice from spectre during transient analysis `tran', during Monte Carlo analysis `mc1'.
    168 notices suppressed.
    1457 warnings suppressed. {"history": "MonteCarlo.6", "point": 124, "testname": "PTAT_MC", "cornername": "Nominal"}
[2026-06-05 16:59:25.368 Z] [PROCESS] [cadence.virtuoso.ade.simulationMonitor] - Finished simulating for one iteration {"hostname": "il2244vt26_hrahimi", "processid": 3405815, "history": "MonteCarlo.6", "testname": "PTAT_MC", "cornername": "Nominal", "point": 124, "logfile": "/home/hrahimi/projects/POTENTIOSTAT_26/logs_hrahimi/logs0/Job102.log", "simid": "1"}
[2026-06-05 16:59:25.368 Z] [PROCESS] [cadence.virtuoso.ade.simulationMonitor] - Started Simulation {"hostname": "il2244vt26_hrahimi", "processid": 3405815, "history": "MonteCarlo.6", "testname": "PTAT_MC", "cornername": "Nominal", "point": 125, "logfile": "/home/hrahimi/projects/POTENTIOSTAT_26/logs_hrahimi/logs0/Job102.log", "event": "started", "task": "simulation"}
[2026-06-05 16:59:25.870 Z] [INFO] [cadence.virtuoso.ade.simulationMonitor] - Notice from spectre in `vert10':`I2.I56|Q2(31)', in `Potentiostat_cpoly_8_Poten_PTAT2_av_extracted':`I2', during Monte Carlo analysis `mc1'.
    I2.I56|Q2(31).bjtinsub: `rbm' has the unusually small value of 993.241 mOhm.
    I2.I56|Q2(31).bjtinsub: `minr' has the unusually small value of 10 fOhm. {"history": "MonteCarlo.6", "point": 125, "testname": "PTAT_MC", "cornername": "Nominal"}
[2026-06-05 16:59:25.870 Z] [INFO] [cadence.virtuoso.ade.simulationMonitor] - Notice from spectre in `vert10':`I2.I56|Q2(30)', in `Potentiostat_cpoly_8_Poten_PTAT2_av_extracted':`I2', during Monte Carlo analysis `mc1'.
    I2.I56|Q2(30).bjtinsub: `rbm' has the unusually small value of 993.241 mOhm.
    I2.I56|Q2(30).bjtinsub: `minr' has the unusually small value of 10 fOhm. {"history": "MonteCarlo.6", "point": 125, "testname": "PTAT_MC", "cornername": "Nominal"}
[2026-06-05 16:59:25.871 Z] [INFO] [cadence.virtuoso.ade.simulationMonitor] - Notice from spectre in `vert10':`I2.I56|Q2(29)', in `Potentiostat_cpoly_8_Poten_PTAT2_av_extracted':`I2', during Monte Carlo analysis `mc1'.
    I2.I56|Q2(29).bjtinsub: `rbm' has the unusually small value of 993.241 mOhm.
        Further occurrences of this notice will be suppressed. {"history": "MonteCarlo.6", "point": 125, "testname": "PTAT_MC", "cornername": "Nominal"}
[2026-06-05 16:59:25.871 Z] [INFO] [cadence.virtuoso.ade.simulationMonitor] - Notice from spectre during Monte Carlo analysis `mc1'.
    V8: `period' has the unusually large value of 100 s.
    V7: `period' has the unusually large value of 10 s.
    V3: `period' has the unusually large value of 6 s.
    I26: `period' has the unusually large value of 6 s. {"history": "MonteCarlo.6", "point": 125, "testname": "PTAT_MC", "cornername": "Nominal"}
[2026-06-05 16:59:26.372 Z] [WARN] [cadence.virtuoso.ade.simulationMonitor] -     WARNING (CMI-2425): I7.I4|C1(10): `Acde' = 2.393 is unusually large. {"history": "MonteCarlo.6", "point": 125, "testname": "PTAT_MC", "cornername": "Nominal"}
[2026-06-05 16:59:26.373 Z] [WARN] [cadence.virtuoso.ade.simulationMonitor] -     WARNING (CMI-2425): I7.I4|C1(10): `Noff' = 4.732 is unusually large. {"history": "MonteCarlo.6", "point": 125, "testname": "PTAT_MC", "cornername": "Nominal"}
[2026-06-05 16:59:26.374 Z] [WARN] [cadence.virtuoso.ade.simulationMonitor] -     WARNING (CMI-2424): I7.I4|C1(10): `Voffcv' = -867.4e-03 is unusually small. {"history": "MonteCarlo.6", "point": 125, "testname": "PTAT_MC", "cornername": "Nominal"}
[2026-06-05 16:59:26.375 Z] [WARN] [cadence.virtuoso.ade.simulationMonitor] -     WARNING (CMI-2425): I7.I4|C1(9): `Acde' = 2.393 is unusually large. {"history": "MonteCarlo.6", "point": 125, "testname": "PTAT_MC", "cornername": "Nominal"}
[2026-06-05 16:59:26.375 Z] [WARN] [cadence.virtuoso.ade.simulationMonitor] -     WARNING (CMI-2425): I7.I4|C1(9): `Noff' = 4.732 is unusually large. {"history": "MonteCarlo.6", "point": 125, "testname": "PTAT_MC", "cornername": "Nominal"}
[2026-06-05 16:59:26.375 Z] [WARN] [cadence.virtuoso.ade.simulationMonitor] -     WARNING (CMI-2424): I7.I4|C1(9): `Voffcv' = -867.4e-03 is unusually small. {"history": "MonteCarlo.6", "point": 125, "testname": "PTAT_MC", "cornername": "Nominal"}
[2026-06-05 16:59:26.376 Z] [WARN] [cadence.virtuoso.ade.simulationMonitor] -     WARNING (CMI-2425): I7.I4|C1(8): `Acde' = 2.393 is unusually large.
        Further occurrences of this warning will be suppressed. {"history": "MonteCarlo.6", "point": 125, "testname": "PTAT_MC", "cornername": "Nominal"}
[2026-06-05 16:59:26.376 Z] [WARN] [cadence.virtuoso.ade.simulationMonitor] -     WARNING (CMI-2424): I7.I4|C1(8): `Voffcv' = -867.4e-03 is unusually small. {"history": "MonteCarlo.6", "point": 125, "testname": "PTAT_MC", "cornername": "Nominal"}
[2026-06-05 16:59:26.377 Z] [WARN] [cadence.virtuoso.ade.simulationMonitor] -     WARNING (CMI-2424): I7.I4|C1(7): `Voffcv' = -867.4e-03 is unusually small. {"history": "MonteCarlo.6", "point": 125, "testname": "PTAT_MC", "cornername": "Nominal"}
[2026-06-05 16:59:26.377 Z] [WARN] [cadence.virtuoso.ade.simulationMonitor] -     WARNING (CMI-2424): I7.I4|C1(6): `Voffcv' = -867.4e-03 is unusually small.
        Further occurrences of this warning will be suppressed. {"history": "MonteCarlo.6", "point": 125, "testname": "PTAT_MC", "cornername": "Nominal"}
[2026-06-05 16:59:26.878 Z] [INFO] [cadence.virtuoso.ade.simulationMonitor] - Notice from spectre during IC analysis, during transient analysis `tran', during Monte Carlo analysis `mc1'.
    Bad pivoting is found during DC analysis. Option dc_pivot_check=yes is recommended for possible improvement of convergence. {"history": "MonteCarlo.6", "point": 125, "testname": "PTAT_MC", "cornername": "Nominal"}
[2026-06-05 16:59:26.879 Z] [WARN] [cadence.virtuoso.ade.simulationMonitor] -     WARNING (CMI-2943): Parameter checks have been ignored because the valid value for parameter 'trise' could not be found in 'C0'. {"history": "MonteCarlo.6", "point": 125, "testname": "PTAT_MC", "cornername": "Nominal"}
[2026-06-05 16:59:26.879 Z] [WARN] [cadence.virtuoso.ade.simulationMonitor] -     WARNING (CMI-2943): Parameter checks have been ignored because the valid value for parameter 'trise' could not be found in 'C1'. {"history": "MonteCarlo.6", "point": 125, "testname": "PTAT_MC", "cornername": "Nominal"}
[2026-06-05 16:59:26.879 Z] [WARN] [cadence.virtuoso.ade.simulationMonitor] -     WARNING (CMI-2943): Parameter checks have been ignored because the valid value for parameter 'trise' could not be found in 'C11'. {"history": "MonteCarlo.6", "point": 125, "testname": "PTAT_MC", "cornername": "Nominal"}
[2026-06-05 16:59:26.880 Z] [WARN] [cadence.virtuoso.ade.simulationMonitor] -     WARNING (CMI-2943): Parameter checks have been ignored because the valid value for parameter 'trise' could not be found in 'C12'. {"history": "MonteCarlo.6", "point": 125, "testname": "PTAT_MC", "cornername": "Nominal"}
[2026-06-05 16:59:26.880 Z] [WARN] [cadence.virtuoso.ade.simulationMonitor] -     WARNING (CMI-2943): Parameter checks have been ignored because the valid value for parameter 'trise' could not be found in 'C5'.
        Further occurrences of this warning will be suppressed. {"history": "MonteCarlo.6", "point": 125, "testname": "PTAT_MC", "cornername": "Nominal"}
[2026-06-05 16:59:57.433 Z] [INFO] [cadence.virtuoso.ade.simulationMonitor] - Total time required for tran analysis `tran': CPU = 157.379 s (2m  37.4s), elapsed = 31.2323 s, util. = 504%. {"history": "MonteCarlo.6", "point": 125, "testname": "PTAT_MC", "cornername": "Nominal"}
[2026-06-05 16:59:57.434 Z] [INFO] [cadence.virtuoso.ade.simulationMonitor] - Peak resident memory used = 534 Mbytes. {"history": "MonteCarlo.6", "point": 125, "testname": "PTAT_MC", "cornername": "Nominal"}
[2026-06-05 16:59:57.435 Z] [INFO] [cadence.virtuoso.ade.simulationMonitor] - Notice from spectre during transient analysis `tran', during Monte Carlo analysis `mc1'.
    312 notices suppressed.
    1457 warnings suppressed. {"history": "MonteCarlo.6", "point": 125, "testname": "PTAT_MC", "cornername": "Nominal"}
[2026-06-05 16:59:57.936 Z] [INFO] [cadence.virtuoso.ade.simulationMonitor] - Notice from spectre in `vert10':`I2.I56|Q2(31)', in `Potentiostat_cpoly_8_Poten_PTAT2_av_extracted':`I2', during Monte Carlo analysis `mc1'.
    I2.I56|Q2(31).bjtinsub: `minr' has the unusually small value of 10 fOhm. {"history": "MonteCarlo.6", "point": 125, "testname": "PTAT_MC", "cornername": "Nominal"}
[2026-06-05 16:59:57.937 Z] [INFO] [cadence.virtuoso.ade.simulationMonitor] - Notice from spectre in `vert10':`I2.I56|Q2(30)', in `Potentiostat_cpoly_8_Poten_PTAT2_av_extracted':`I2', during Monte Carlo analysis `mc1'.
    I2.I56|Q2(30).bjtinsub: `minr' has the unusually small value of 10 fOhm. {"history": "MonteCarlo.6", "point": 125, "testname": "PTAT_MC", "cornername": "Nominal"}
[2026-06-05 16:59:57.937 Z] [INFO] [cadence.virtuoso.ade.simulationMonitor] - Notice from spectre in `vert10':`I2.I56|Q2(29)', in `Potentiostat_cpoly_8_Poten_PTAT2_av_extracted':`I2', during Monte Carlo analysis `mc1'.
    I2.I56|Q2(29).bjtinsub: `minr' has the unusually small value of 10 fOhm. {"history": "MonteCarlo.6", "point": 125, "testname": "PTAT_MC", "cornername": "Nominal"}
[2026-06-05 16:59:57.937 Z] [INFO] [cadence.virtuoso.ade.simulationMonitor] - Notice from spectre in `vert10':`I2.I56|Q2(28)', in `Potentiostat_cpoly_8_Poten_PTAT2_av_extracted':`I2', during Monte Carlo analysis `mc1'.
    I2.I56|Q2(28).bjtinsub: `minr' has the unusually small value of 10 fOhm. {"history": "MonteCarlo.6", "point": 125, "testname": "PTAT_MC", "cornername": "Nominal"}
[2026-06-05 16:59:57.938 Z] [INFO] [cadence.virtuoso.ade.simulationMonitor] - Notice from spectre in `vert10':`I2.I56|Q2(27)', in `Potentiostat_cpoly_8_Poten_PTAT2_av_extracted':`I2', during Monte Carlo analysis `mc1'.
    I2.I56|Q2(27).bjtinsub: `minr' has the unusually small value of 10 fOhm.
        Further occurrences of this notice will be suppressed. {"history": "MonteCarlo.6", "point": 125, "testname": "PTAT_MC", "cornername": "Nominal"}
[2026-06-05 16:59:57.938 Z] [PROCESS] [cadence.virtuoso.ade.simulationMonitor] - Finished simulating for one iteration {"hostname": "il2244vt26_hrahimi", "processid": 3405815, "history": "MonteCarlo.6", "testname": "PTAT_MC", "cornername": "Nominal", "point": 125, "logfile": "/home/hrahimi/projects/POTENTIOSTAT_26/logs_hrahimi/logs0/Job102.log", "simid": "1"}
[2026-06-05 16:59:57.938 Z] [PROCESS] [cadence.virtuoso.ade.simulationMonitor] - Started Simulation {"hostname": "il2244vt26_hrahimi", "processid": 3405815, "history": "MonteCarlo.6", "testname": "PTAT_MC", "cornername": "Nominal", "point": 126, "logfile": "/home/hrahimi/projects/POTENTIOSTAT_26/logs_hrahimi/logs0/Job102.log", "event": "started", "task": "simulation"}
[2026-06-05 16:59:58.439 Z] [INFO] [cadence.virtuoso.ade.simulationMonitor] - Notice from spectre during Monte Carlo analysis `mc1'.
    V8: `period' has the unusually large value of 100 s.
    V7: `period' has the unusually large value of 10 s.
    V3: `period' has the unusually large value of 6 s.
    I26: `period' has the unusually large value of 6 s. {"history": "MonteCarlo.6", "point": 126, "testname": "PTAT_MC", "cornername": "Nominal"}
[2026-06-05 16:59:58.941 Z] [WARN] [cadence.virtuoso.ade.simulationMonitor] -     WARNING (CMI-2425): I7.I4|C1(10): `Acde' = 2.393 is unusually large. {"history": "MonteCarlo.6", "point": 126, "testname": "PTAT_MC", "cornername": "Nominal"}
[2026-06-05 16:59:58.941 Z] [WARN] [cadence.virtuoso.ade.simulationMonitor] -     WARNING (CMI-2425): I7.I4|C1(10): `Noff' = 4.732 is unusually large. {"history": "MonteCarlo.6", "point": 126, "testname": "PTAT_MC", "cornername": "Nominal"}
[2026-06-05 16:59:58.942 Z] [WARN] [cadence.virtuoso.ade.simulationMonitor] -     WARNING (CMI-2424): I7.I4|C1(10): `Voffcv' = -867.4e-03 is unusually small. {"history": "MonteCarlo.6", "point": 126, "testname": "PTAT_MC", "cornername": "Nominal"}
[2026-06-05 16:59:58.942 Z] [WARN] [cadence.virtuoso.ade.simulationMonitor] -     WARNING (CMI-2425): I7.I4|C1(9): `Acde' = 2.393 is unusually large. {"history": "MonteCarlo.6", "point": 126, "testname": "PTAT_MC", "cornername": "Nominal"}
[2026-06-05 16:59:58.942 Z] [WARN] [cadence.virtuoso.ade.simulationMonitor] -     WARNING (CMI-2425): I7.I4|C1(9): `Noff' = 4.732 is unusually large. {"history": "MonteCarlo.6", "point": 126, "testname": "PTAT_MC", "cornername": "Nominal"}
[2026-06-05 16:59:58.943 Z] [WARN] [cadence.virtuoso.ade.simulationMonitor] -     WARNING (CMI-2424): I7.I4|C1(9): `Voffcv' = -867.4e-03 is unusually small. {"history": "MonteCarlo.6", "point": 126, "testname": "PTAT_MC", "cornername": "Nominal"}
[2026-06-05 16:59:58.943 Z] [WARN] [cadence.virtuoso.ade.simulationMonitor] -     WARNING (CMI-2425): I7.I4|C1(8): `Acde' = 2.393 is unusually large.
        Further occurrences of this warning will be suppressed. {"history": "MonteCarlo.6", "point": 126, "testname": "PTAT_MC", "cornername": "Nominal"}
[2026-06-05 16:59:58.943 Z] [WARN] [cadence.virtuoso.ade.simulationMonitor] -     WARNING (CMI-2424): I7.I4|C1(8): `Voffcv' = -867.4e-03 is unusually small. {"history": "MonteCarlo.6", "point": 126, "testname": "PTAT_MC", "cornername": "Nominal"}
[2026-06-05 16:59:58.943 Z] [WARN] [cadence.virtuoso.ade.simulationMonitor] -     WARNING (CMI-2424): I7.I4|C1(7): `Voffcv' = -867.4e-03 is unusually small. {"history": "MonteCarlo.6", "point": 126, "testname": "PTAT_MC", "cornername": "Nominal"}
[2026-06-05 16:59:58.944 Z] [WARN] [cadence.virtuoso.ade.simulationMonitor] -     WARNING (CMI-2424): I7.I4|C1(6): `Voffcv' = -867.4e-03 is unusually small.
        Further occurrences of this warning will be suppressed. {"history": "MonteCarlo.6", "point": 126, "testname": "PTAT_MC", "cornername": "Nominal"}
[2026-06-05 16:59:59.444 Z] [INFO] [cadence.virtuoso.ade.simulationMonitor] - Notice from spectre during IC analysis, during transient analysis `tran', during Monte Carlo analysis `mc1'.
    Bad pivoting is found during DC analysis. Option dc_pivot_check=yes is recommended for possible improvement of convergence. {"history": "MonteCarlo.6", "point": 126, "testname": "PTAT_MC", "cornername": "Nominal"}
[2026-06-05 16:59:59.445 Z] [WARN] [cadence.virtuoso.ade.simulationMonitor] -     WARNING (CMI-2943): Parameter checks have been ignored because the valid value for parameter 'trise' could not be found in 'C0'. {"history": "MonteCarlo.6", "point": 126, "testname": "PTAT_MC", "cornername": "Nominal"}
[2026-06-05 16:59:59.445 Z] [WARN] [cadence.virtuoso.ade.simulationMonitor] -     WARNING (CMI-2943): Parameter checks have been ignored because the valid value for parameter 'trise' could not be found in 'C1'. {"history": "MonteCarlo.6", "point": 126, "testname": "PTAT_MC", "cornername": "Nominal"}
[2026-06-05 16:59:59.446 Z] [WARN] [cadence.virtuoso.ade.simulationMonitor] -     WARNING (CMI-2943): Parameter checks have been ignored because the valid value for parameter 'trise' could not be found in 'C11'. {"history": "MonteCarlo.6", "point": 126, "testname": "PTAT_MC", "cornername": "Nominal"}
[2026-06-05 16:59:59.446 Z] [WARN] [cadence.virtuoso.ade.simulationMonitor] -     WARNING (CMI-2943): Parameter checks have been ignored because the valid value for parameter 'trise' could not be found in 'C12'. {"history": "MonteCarlo.6", "point": 126, "testname": "PTAT_MC", "cornername": "Nominal"}
[2026-06-05 16:59:59.446 Z] [WARN] [cadence.virtuoso.ade.simulationMonitor] -     WARNING (CMI-2943): Parameter checks have been ignored because the valid value for parameter 'trise' could not be found in 'C5'.
        Further occurrences of this warning will be suppressed. {"history": "MonteCarlo.6", "point": 126, "testname": "PTAT_MC", "cornername": "Nominal"}
[2026-06-05 17:00:46.082 Z] [INFO] [cadence.virtuoso.ade.simulationMonitor] - Total time required for tran analysis `tran': CPU = 120.935 s (2m  0.9s), elapsed = 47.5 s, util. = 255%. {"history": "MonteCarlo.6", "point": 126, "testname": "PTAT_MC", "cornername": "Nominal"}
[2026-06-05 17:00:46.083 Z] [INFO] [cadence.virtuoso.ade.simulationMonitor] - Peak resident memory used = 540 Mbytes. {"history": "MonteCarlo.6", "point": 126, "testname": "PTAT_MC", "cornername": "Nominal"}
[2026-06-05 17:00:46.085 Z] [INFO] [cadence.virtuoso.ade.simulationMonitor] - Notice from spectre during transient analysis `tran', during Monte Carlo analysis `mc1'.
    168 notices suppressed.
    1457 warnings suppressed. {"history": "MonteCarlo.6", "point": 126, "testname": "PTAT_MC", "cornername": "Nominal"}
[2026-06-05 17:00:47.093 Z] [INFO] [cadence.virtuoso.ade.simulationMonitor] - Notice from spectre in `vert10':`I2.I56|Q2(31)', in `Potentiostat_cpoly_8_Poten_PTAT2_av_extracted':`I2', during Monte Carlo analysis `mc1'.
    I2.I56|Q2(31).bjtinsub: `rbm' has the unusually small value of 943.241 mOhm.
    I2.I56|Q2(31).bjtinsub: `minr' has the unusually small value of 10 fOhm. {"history": "MonteCarlo.6", "point": 126, "testname": "PTAT_MC", "cornername": "Nominal"}
[2026-06-05 17:00:47.095 Z] [INFO] [cadence.virtuoso.ade.simulationMonitor] - Notice from spectre in `vert10':`I2.I56|Q2(30)', in `Potentiostat_cpoly_8_Poten_PTAT2_av_extracted':`I2', during Monte Carlo analysis `mc1'.
    I2.I56|Q2(30).bjtinsub: `rbm' has the unusually small value of 943.241 mOhm.
    I2.I56|Q2(30).bjtinsub: `minr' has the unusually small value of 10 fOhm. {"history": "MonteCarlo.6", "point": 126, "testname": "PTAT_MC", "cornername": "Nominal"}
[2026-06-05 17:00:47.096 Z] [INFO] [cadence.virtuoso.ade.simulationMonitor] - Notice from spectre in `vert10':`I2.I56|Q2(29)', in `Potentiostat_cpoly_8_Poten_PTAT2_av_extracted':`I2', during Monte Carlo analysis `mc1'.
    I2.I56|Q2(29).bjtinsub: `rbm' has the unusually small value of 943.241 mOhm.
        Further occurrences of this notice will be suppressed. {"history": "MonteCarlo.6", "point": 126, "testname": "PTAT_MC", "cornername": "Nominal"}
[2026-06-05 17:00:47.097 Z] [INFO] [cadence.virtuoso.ade.simulationMonitor] - Notice from spectre during Monte Carlo analysis `mc1'.
    V8: `period' has the unusually large value of 100 s.
    V7: `period' has the unusually large value of 10 s.
    V3: `period' has the unusually large value of 6 s.
    I26: `period' has the unusually large value of 6 s. {"history": "MonteCarlo.6", "point": 126, "testname": "PTAT_MC", "cornername": "Nominal"}
[2026-06-05 17:00:47.098 Z] [PROCESS] [cadence.virtuoso.ade.simulationMonitor] - Finished simulating for one iteration {"hostname": "il2244vt26_hrahimi", "processid": 3405815, "history": "MonteCarlo.6", "testname": "PTAT_MC", "cornername": "Nominal", "point": 126, "logfile": "/home/hrahimi/projects/POTENTIOSTAT_26/logs_hrahimi/logs0/Job102.log", "simid": "1"}
[2026-06-05 17:00:47.099 Z] [PROCESS] [cadence.virtuoso.ade.simulationMonitor] - Started Simulation {"hostname": "il2244vt26_hrahimi", "processid": 3405815, "history": "MonteCarlo.6", "testname": "PTAT_MC", "cornername": "Nominal", "point": 127, "logfile": "/home/hrahimi/projects/POTENTIOSTAT_26/logs_hrahimi/logs0/Job102.log", "event": "started", "task": "simulation"}
[2026-06-05 17:00:47.601 Z] [WARN] [cadence.virtuoso.ade.simulationMonitor] -     WARNING (CMI-2425): I7.I4|C1(10): `Acde' = 2.393 is unusually large. {"history": "MonteCarlo.6", "point": 127, "testname": "PTAT_MC", "cornername": "Nominal"}
[2026-06-05 17:00:47.602 Z] [WARN] [cadence.virtuoso.ade.simulationMonitor] -     WARNING (CMI-2425): I7.I4|C1(10): `Noff' = 4.732 is unusually large. {"history": "MonteCarlo.6", "point": 127, "testname": "PTAT_MC", "cornername": "Nominal"}
[2026-06-05 17:00:47.603 Z] [WARN] [cadence.virtuoso.ade.simulationMonitor] -     WARNING (CMI-2424): I7.I4|C1(10): `Voffcv' = -867.4e-03 is unusually small. {"history": "MonteCarlo.6", "point": 127, "testname": "PTAT_MC", "cornername": "Nominal"}
[2026-06-05 17:00:47.604 Z] [WARN] [cadence.virtuoso.ade.simulationMonitor] -     WARNING (CMI-2425): I7.I4|C1(9): `Acde' = 2.393 is unusually large. {"history": "MonteCarlo.6", "point": 127, "testname": "PTAT_MC", "cornername": "Nominal"}
[2026-06-05 17:00:47.604 Z] [WARN] [cadence.virtuoso.ade.simulationMonitor] -     WARNING (CMI-2425): I7.I4|C1(9): `Noff' = 4.732 is unusually large. {"history": "MonteCarlo.6", "point": 127, "testname": "PTAT_MC", "cornername": "Nominal"}
[2026-06-05 17:00:47.604 Z] [WARN] [cadence.virtuoso.ade.simulationMonitor] -     WARNING (CMI-2424): I7.I4|C1(9): `Voffcv' = -867.4e-03 is unusually small. {"history": "MonteCarlo.6", "point": 127, "testname": "PTAT_MC", "cornername": "Nominal"}
[2026-06-05 17:00:47.605 Z] [WARN] [cadence.virtuoso.ade.simulationMonitor] -     WARNING (CMI-2425): I7.I4|C1(8): `Acde' = 2.393 is unusually large.
        Further occurrences of this warning will be suppressed. {"history": "MonteCarlo.6", "point": 127, "testname": "PTAT_MC", "cornername": "Nominal"}
[2026-06-05 17:00:47.605 Z] [WARN] [cadence.virtuoso.ade.simulationMonitor] -     WARNING (CMI-2424): I7.I4|C1(8): `Voffcv' = -867.4e-03 is unusually small. {"history": "MonteCarlo.6", "point": 127, "testname": "PTAT_MC", "cornername": "Nominal"}
[2026-06-05 17:00:47.606 Z] [WARN] [cadence.virtuoso.ade.simulationMonitor] -     WARNING (CMI-2424): I7.I4|C1(7): `Voffcv' = -867.4e-03 is unusually small. {"history": "MonteCarlo.6", "point": 127, "testname": "PTAT_MC", "cornername": "Nominal"}
[2026-06-05 17:00:47.606 Z] [WARN] [cadence.virtuoso.ade.simulationMonitor] -     WARNING (CMI-2424): I7.I4|C1(6): `Voffcv' = -867.4e-03 is unusually small.
        Further occurrences of this warning will be suppressed. {"history": "MonteCarlo.6", "point": 127, "testname": "PTAT_MC", "cornername": "Nominal"}
[2026-06-05 17:00:48.611 Z] [INFO] [cadence.virtuoso.ade.simulationMonitor] - Notice from spectre during IC analysis, during transient analysis `tran', during Monte Carlo analysis `mc1'.
    Bad pivoting is found during DC analysis. Option dc_pivot_check=yes is recommended for possible improvement of convergence. {"history": "MonteCarlo.6", "point": 127, "testname": "PTAT_MC", "cornername": "Nominal"}
[2026-06-05 17:00:48.612 Z] [WARN] [cadence.virtuoso.ade.simulationMonitor] -     WARNING (CMI-2943): Parameter checks have been ignored because the valid value for parameter 'trise' could not be found in 'C0'. {"history": "MonteCarlo.6", "point": 127, "testname": "PTAT_MC", "cornername": "Nominal"}
[2026-06-05 17:00:48.612 Z] [WARN] [cadence.virtuoso.ade.simulationMonitor] -     WARNING (CMI-2943): Parameter checks have been ignored because the valid value for parameter 'trise' could not be found in 'C1'. {"history": "MonteCarlo.6", "point": 127, "testname": "PTAT_MC", "cornername": "Nominal"}
[2026-06-05 17:00:48.612 Z] [WARN] [cadence.virtuoso.ade.simulationMonitor] -     WARNING (CMI-2943): Parameter checks have been ignored because the valid value for parameter 'trise' could not be found in 'C11'. {"history": "MonteCarlo.6", "point": 127, "testname": "PTAT_MC", "cornername": "Nominal"}
[2026-06-05 17:00:48.614 Z] [WARN] [cadence.virtuoso.ade.simulationMonitor] -     WARNING (CMI-2943): Parameter checks have been ignored because the valid value for parameter 'trise' could not be found in 'C12'. {"history": "MonteCarlo.6", "point": 127, "testname": "PTAT_MC", "cornername": "Nominal"}
[2026-06-05 17:00:48.614 Z] [WARN] [cadence.virtuoso.ade.simulationMonitor] -     WARNING (CMI-2943): Parameter checks have been ignored because the valid value for parameter 'trise' could not be found in 'C5'.
        Further occurrences of this warning will be suppressed. {"history": "MonteCarlo.6", "point": 127, "testname": "PTAT_MC", "cornername": "Nominal"}
[2026-06-05 17:01:46.836 Z] [INFO] [cadence.virtuoso.ade.simulationMonitor] - Total time required for tran analysis `tran': CPU = 127.981 s (2m  8.0s), elapsed = 58.6651 s, util. = 218%. {"history": "MonteCarlo.6", "point": 127, "testname": "PTAT_MC", "cornername": "Nominal"}
[2026-06-05 17:01:46.837 Z] [INFO] [cadence.virtuoso.ade.simulationMonitor] - Peak resident memory used = 540 Mbytes. {"history": "MonteCarlo.6", "point": 127, "testname": "PTAT_MC", "cornername": "Nominal"}
[2026-06-05 17:01:46.837 Z] [INFO] [cadence.virtuoso.ade.simulationMonitor] - Notice from spectre during transient analysis `tran', during Monte Carlo analysis `mc1'.
    312 notices suppressed.
    1457 warnings suppressed. {"history": "MonteCarlo.6", "point": 127, "testname": "PTAT_MC", "cornername": "Nominal"}
[2026-06-05 17:01:47.338 Z] [PROCESS] [cadence.virtuoso.ade.simulationMonitor] - Finished simulating for one iteration {"hostname": "il2244vt26_hrahimi", "processid": 3405815, "history": "MonteCarlo.6", "testname": "PTAT_MC", "cornername": "Nominal", "point": 127, "logfile": "/home/hrahimi/projects/POTENTIOSTAT_26/logs_hrahimi/logs0/Job102.log", "simid": "1"}
[2026-06-05 17:01:47.340 Z] [PROCESS] [cadence.virtuoso.ade.simulationMonitor] - Started Simulation {"hostname": "il2244vt26_hrahimi", "processid": 3405815, "history": "MonteCarlo.6", "testname": "PTAT_MC", "cornername": "Nominal", "point": 128, "logfile": "/home/hrahimi/projects/POTENTIOSTAT_26/logs_hrahimi/logs0/Job102.log", "event": "started", "task": "simulation"}
[2026-06-05 17:01:47.843 Z] [INFO] [cadence.virtuoso.ade.simulationMonitor] - Notice from spectre in `vert10':`I2.I56|Q2(31)', in `Potentiostat_cpoly_8_Poten_PTAT2_av_extracted':`I2', during Monte Carlo analysis `mc1'.
    I2.I56|Q2(31).bjtinsub: `minr' has the unusually small value of 10 fOhm. {"history": "MonteCarlo.6", "point": 128, "testname": "PTAT_MC", "cornername": "Nominal"}
[2026-06-05 17:01:47.844 Z] [INFO] [cadence.virtuoso.ade.simulationMonitor] - Notice from spectre in `vert10':`I2.I56|Q2(30)', in `Potentiostat_cpoly_8_Poten_PTAT2_av_extracted':`I2', during Monte Carlo analysis `mc1'.
    I2.I56|Q2(30).bjtinsub: `minr' has the unusually small value of 10 fOhm. {"history": "MonteCarlo.6", "point": 128, "testname": "PTAT_MC", "cornername": "Nominal"}
[2026-06-05 17:01:47.854 Z] [INFO] [cadence.virtuoso.ade.simulationMonitor] - Notice from spectre in `vert10':`I2.I56|Q2(29)', in `Potentiostat_cpoly_8_Poten_PTAT2_av_extracted':`I2', during Monte Carlo analysis `mc1'.
    I2.I56|Q2(29).bjtinsub: `minr' has the unusually small value of 10 fOhm. {"history": "MonteCarlo.6", "point": 128, "testname": "PTAT_MC", "cornername": "Nominal"}
[2026-06-05 17:01:47.855 Z] [INFO] [cadence.virtuoso.ade.simulationMonitor] - Notice from spectre in `vert10':`I2.I56|Q2(28)', in `Potentiostat_cpoly_8_Poten_PTAT2_av_extracted':`I2', during Monte Carlo analysis `mc1'.
    I2.I56|Q2(28).bjtinsub: `minr' has the unusually small value of 10 fOhm. {"history": "MonteCarlo.6", "point": 128, "testname": "PTAT_MC", "cornername": "Nominal"}
[2026-06-05 17:01:47.856 Z] [INFO] [cadence.virtuoso.ade.simulationMonitor] - Notice from spectre in `vert10':`I2.I56|Q2(27)', in `Potentiostat_cpoly_8_Poten_PTAT2_av_extracted':`I2', during Monte Carlo analysis `mc1'.
    I2.I56|Q2(27).bjtinsub: `minr' has the unusually small value of 10 fOhm.
        Further occurrences of this notice will be suppressed. {"history": "MonteCarlo.6", "point": 128, "testname": "PTAT_MC", "cornername": "Nominal"}
[2026-06-05 17:01:48.357 Z] [INFO] [cadence.virtuoso.ade.simulationMonitor] - Notice from spectre during Monte Carlo analysis `mc1'.
    V8: `period' has the unusually large value of 100 s.
    V7: `period' has the unusually large value of 10 s.
    V3: `period' has the unusually large value of 6 s.
    I26: `period' has the unusually large value of 6 s. {"history": "MonteCarlo.6", "point": 128, "testname": "PTAT_MC", "cornername": "Nominal"}
[2026-06-05 17:01:48.858 Z] [WARN] [cadence.virtuoso.ade.simulationMonitor] -     WARNING (CMI-2425): I7.I4|C1(10): `Acde' = 2.393 is unusually large. {"history": "MonteCarlo.6", "point": 128, "testname": "PTAT_MC", "cornername": "Nominal"}
[2026-06-05 17:01:48.863 Z] [WARN] [cadence.virtuoso.ade.simulationMonitor] -     WARNING (CMI-2425): I7.I4|C1(10): `Noff' = 4.732 is unusually large. {"history": "MonteCarlo.6", "point": 128, "testname": "PTAT_MC", "cornername": "Nominal"}
[2026-06-05 17:01:48.863 Z] [WARN] [cadence.virtuoso.ade.simulationMonitor] -     WARNING (CMI-2424): I7.I4|C1(10): `Voffcv' = -867.4e-03 is unusually small. {"history": "MonteCarlo.6", "point": 128, "testname": "PTAT_MC", "cornername": "Nominal"}
[2026-06-05 17:01:48.863 Z] [WARN] [cadence.virtuoso.ade.simulationMonitor] -     WARNING (CMI-2425): I7.I4|C1(9): `Acde' = 2.393 is unusually large. {"history": "MonteCarlo.6", "point": 128, "testname": "PTAT_MC", "cornername": "Nominal"}
[2026-06-05 17:01:48.863 Z] [WARN] [cadence.virtuoso.ade.simulationMonitor] -     WARNING (CMI-2425): I7.I4|C1(9): `Noff' = 4.732 is unusually large. {"history": "MonteCarlo.6", "point": 128, "testname": "PTAT_MC", "cornername": "Nominal"}
[2026-06-05 17:01:48.863 Z] [WARN] [cadence.virtuoso.ade.simulationMonitor] -     WARNING (CMI-2424): I7.I4|C1(9): `Voffcv' = -867.4e-03 is unusually small. {"history": "MonteCarlo.6", "point": 128, "testname": "PTAT_MC", "cornername": "Nominal"}
[2026-06-05 17:01:48.863 Z] [WARN] [cadence.virtuoso.ade.simulationMonitor] -     WARNING (CMI-2425): I7.I4|C1(8): `Acde' = 2.393 is unusually large.
        Further occurrences of this warning will be suppressed. {"history": "MonteCarlo.6", "point": 128, "testname": "PTAT_MC", "cornername": "Nominal"}
[2026-06-05 17:01:48.864 Z] [WARN] [cadence.virtuoso.ade.simulationMonitor] -     WARNING (CMI-2424): I7.I4|C1(8): `Voffcv' = -867.4e-03 is unusually small. {"history": "MonteCarlo.6", "point": 128, "testname": "PTAT_MC", "cornername": "Nominal"}
[2026-06-05 17:01:48.864 Z] [WARN] [cadence.virtuoso.ade.simulationMonitor] -     WARNING (CMI-2424): I7.I4|C1(7): `Voffcv' = -867.4e-03 is unusually small. {"history": "MonteCarlo.6", "point": 128, "testname": "PTAT_MC", "cornername": "Nominal"}
[2026-06-05 17:01:48.864 Z] [WARN] [cadence.virtuoso.ade.simulationMonitor] -     WARNING (CMI-2424): I7.I4|C1(6): `Voffcv' = -867.4e-03 is unusually small.
        Further occurrences of this warning will be suppressed. {"history": "MonteCarlo.6", "point": 128, "testname": "PTAT_MC", "cornername": "Nominal"}
[2026-06-05 17:01:49.867 Z] [INFO] [cadence.virtuoso.ade.simulationMonitor] - Notice from spectre during IC analysis, during transient analysis `tran', during Monte Carlo analysis `mc1'.
    Bad pivoting is found during DC analysis. Option dc_pivot_check=yes is recommended for possible improvement of convergence. {"history": "MonteCarlo.6", "point": 128, "testname": "PTAT_MC", "cornername": "Nominal"}
[2026-06-05 17:01:49.867 Z] [WARN] [cadence.virtuoso.ade.simulationMonitor] -     WARNING (CMI-2943): Parameter checks have been ignored because the valid value for parameter 'trise' could not be found in 'C0'. {"history": "MonteCarlo.6", "point": 128, "testname": "PTAT_MC", "cornername": "Nominal"}
[2026-06-05 17:01:49.874 Z] [WARN] [cadence.virtuoso.ade.simulationMonitor] -     WARNING (CMI-2943): Parameter checks have been ignored because the valid value for parameter 'trise' could not be found in 'C1'. {"history": "MonteCarlo.6", "point": 128, "testname": "PTAT_MC", "cornername": "Nominal"}
[2026-06-05 17:01:49.875 Z] [WARN] [cadence.virtuoso.ade.simulationMonitor] -     WARNING (CMI-2943): Parameter checks have been ignored because the valid value for parameter 'trise' could not be found in 'C11'. {"history": "MonteCarlo.6", "point": 128, "testname": "PTAT_MC", "cornername": "Nominal"}
[2026-06-05 17:01:49.876 Z] [WARN] [cadence.virtuoso.ade.simulationMonitor] -     WARNING (CMI-2943): Parameter checks have been ignored because the valid value for parameter 'trise' could not be found in 'C12'. {"history": "MonteCarlo.6", "point": 128, "testname": "PTAT_MC", "cornername": "Nominal"}
[2026-06-05 17:01:49.876 Z] [WARN] [cadence.virtuoso.ade.simulationMonitor] -     WARNING (CMI-2943): Parameter checks have been ignored because the valid value for parameter 'trise' could not be found in 'C5'.
        Further occurrences of this warning will be suppressed. {"history": "MonteCarlo.6", "point": 128, "testname": "PTAT_MC", "cornername": "Nominal"}
[2026-06-05 17:02:56.110 Z] [INFO] [cadence.virtuoso.ade.simulationMonitor] - Total time required for tran analysis `tran': CPU = 112 s (1m  52.0s), elapsed = 67.1835 s (1m  7.2s), util. = 167%. {"history": "MonteCarlo.6", "point": 128, "testname": "PTAT_MC", "cornername": "Nominal"}
[2026-06-05 17:02:56.111 Z] [INFO] [cadence.virtuoso.ade.simulationMonitor] - Peak resident memory used = 544 Mbytes. {"history": "MonteCarlo.6", "point": 128, "testname": "PTAT_MC", "cornername": "Nominal"}
[2026-06-05 17:02:56.111 Z] [INFO] [cadence.virtuoso.ade.simulationMonitor] - Notice from spectre during transient analysis `tran', during Monte Carlo analysis `mc1'.
    168 notices suppressed.
    1457 warnings suppressed. {"history": "MonteCarlo.6", "point": 128, "testname": "PTAT_MC", "cornername": "Nominal"}
[2026-06-05 17:02:57.116 Z] [INFO] [cadence.virtuoso.ade.simulationMonitor] - Notice from spectre in `vert10':`I2.I56|Q2(31)', in `Potentiostat_cpoly_8_Poten_PTAT2_av_extracted':`I2', during Monte Carlo analysis `mc1'.
    I2.I56|Q2(31).bjtinsub: `rbm' has the unusually small value of 967.459 mOhm.
    I2.I56|Q2(31).bjtinsub: `minr' has the unusually small value of 10 fOhm. {"history": "MonteCarlo.6", "point": 128, "testname": "PTAT_MC", "cornername": "Nominal"}
[2026-06-05 17:02:57.117 Z] [INFO] [cadence.virtuoso.ade.simulationMonitor] - Notice from spectre in `vert10':`I2.I56|Q2(30)', in `Potentiostat_cpoly_8_Poten_PTAT2_av_extracted':`I2', during Monte Carlo analysis `mc1'.
    I2.I56|Q2(30).bjtinsub: `rbm' has the unusually small value of 967.459 mOhm.
    I2.I56|Q2(30).bjtinsub: `minr' has the unusually small value of 10 fOhm. {"history": "MonteCarlo.6", "point": 128, "testname": "PTAT_MC", "cornername": "Nominal"}
[2026-06-05 17:02:57.118 Z] [INFO] [cadence.virtuoso.ade.simulationMonitor] - Notice from spectre in `vert10':`I2.I56|Q2(29)', in `Potentiostat_cpoly_8_Poten_PTAT2_av_extracted':`I2', during Monte Carlo analysis `mc1'.
    I2.I56|Q2(29).bjtinsub: `rbm' has the unusually small value of 967.459 mOhm.
        Further occurrences of this notice will be suppressed. {"history": "MonteCarlo.6", "point": 128, "testname": "PTAT_MC", "cornername": "Nominal"}
[2026-06-05 17:02:57.119 Z] [INFO] [cadence.virtuoso.ade.simulationMonitor] - Notice from spectre during Monte Carlo analysis `mc1'.
    V8: `period' has the unusually large value of 100 s.
    V7: `period' has the unusually large value of 10 s.
    V3: `period' has the unusually large value of 6 s.
    I26: `period' has the unusually large value of 6 s. {"history": "MonteCarlo.6", "point": 128, "testname": "PTAT_MC", "cornername": "Nominal"}
[2026-06-05 17:02:57.119 Z] [PROCESS] [cadence.virtuoso.ade.simulationMonitor] - Finished simulating for one iteration {"hostname": "il2244vt26_hrahimi", "processid": 3405815, "history": "MonteCarlo.6", "testname": "PTAT_MC", "cornername": "Nominal", "point": 128, "logfile": "/home/hrahimi/projects/POTENTIOSTAT_26/logs_hrahimi/logs0/Job102.log", "simid": "1"}
[2026-06-05 17:02:57.124 Z] [PROCESS] [cadence.virtuoso.ade.simulationMonitor] - Started Simulation {"hostname": "il2244vt26_hrahimi", "processid": 3405815, "history": "MonteCarlo.6", "testname": "PTAT_MC", "cornername": "Nominal", "point": 129, "logfile": "/home/hrahimi/projects/POTENTIOSTAT_26/logs_hrahimi/logs0/Job102.log", "event": "started", "task": "simulation"}
[2026-06-05 17:02:58.126 Z] [WARN] [cadence.virtuoso.ade.simulationMonitor] -     WARNING (CMI-2425): I7.I4|C1(10): `Acde' = 2.393 is unusually large. {"history": "MonteCarlo.6", "point": 129, "testname": "PTAT_MC", "cornername": "Nominal"}
[2026-06-05 17:02:58.127 Z] [WARN] [cadence.virtuoso.ade.simulationMonitor] -     WARNING (CMI-2425): I7.I4|C1(10): `Noff' = 4.732 is unusually large. {"history": "MonteCarlo.6", "point": 129, "testname": "PTAT_MC", "cornername": "Nominal"}
[2026-06-05 17:02:58.128 Z] [WARN] [cadence.virtuoso.ade.simulationMonitor] -     WARNING (CMI-2424): I7.I4|C1(10): `Voffcv' = -867.4e-03 is unusually small. {"history": "MonteCarlo.6", "point": 129, "testname": "PTAT_MC", "cornername": "Nominal"}
[2026-06-05 17:02:58.129 Z] [WARN] [cadence.virtuoso.ade.simulationMonitor] -     WARNING (CMI-2425): I7.I4|C1(9): `Acde' = 2.393 is unusually large. {"history": "MonteCarlo.6", "point": 129, "testname": "PTAT_MC", "cornername": "Nominal"}
[2026-06-05 17:02:58.129 Z] [WARN] [cadence.virtuoso.ade.simulationMonitor] -     WARNING (CMI-2425): I7.I4|C1(9): `Noff' = 4.732 is unusually large. {"history": "MonteCarlo.6", "point": 129, "testname": "PTAT_MC", "cornername": "Nominal"}
[2026-06-05 17:02:58.130 Z] [WARN] [cadence.virtuoso.ade.simulationMonitor] -     WARNING (CMI-2424): I7.I4|C1(9): `Voffcv' = -867.4e-03 is unusually small. {"history": "MonteCarlo.6", "point": 129, "testname": "PTAT_MC", "cornername": "Nominal"}
[2026-06-05 17:02:58.130 Z] [WARN] [cadence.virtuoso.ade.simulationMonitor] -     WARNING (CMI-2425): I7.I4|C1(8): `Acde' = 2.393 is unusually large.
        Further occurrences of this warning will be suppressed. {"history": "MonteCarlo.6", "point": 129, "testname": "PTAT_MC", "cornername": "Nominal"}
[2026-06-05 17:02:58.130 Z] [WARN] [cadence.virtuoso.ade.simulationMonitor] -     WARNING (CMI-2424): I7.I4|C1(8): `Voffcv' = -867.4e-03 is unusually small. {"history": "MonteCarlo.6", "point": 129, "testname": "PTAT_MC", "cornername": "Nominal"}
[2026-06-05 17:02:58.131 Z] [WARN] [cadence.virtuoso.ade.simulationMonitor] -     WARNING (CMI-2424): I7.I4|C1(7): `Voffcv' = -867.4e-03 is unusually small. {"history": "MonteCarlo.6", "point": 129, "testname": "PTAT_MC", "cornername": "Nominal"}
[2026-06-05 17:02:58.131 Z] [WARN] [cadence.virtuoso.ade.simulationMonitor] -     WARNING (CMI-2424): I7.I4|C1(6): `Voffcv' = -867.4e-03 is unusually small.
        Further occurrences of this warning will be suppressed. {"history": "MonteCarlo.6", "point": 129, "testname": "PTAT_MC", "cornername": "Nominal"}
[2026-06-05 17:02:58.632 Z] [INFO] [cadence.virtuoso.ade.simulationMonitor] - Notice from spectre during IC analysis, during transient analysis `tran', during Monte Carlo analysis `mc1'.
    Bad pivoting is found during DC analysis. Option dc_pivot_check=yes is recommended for possible improvement of convergence. {"history": "MonteCarlo.6", "point": 129, "testname": "PTAT_MC", "cornername": "Nominal"}
[2026-06-05 17:02:58.633 Z] [WARN] [cadence.virtuoso.ade.simulationMonitor] -     WARNING (CMI-2943): Parameter checks have been ignored because the valid value for parameter 'trise' could not be found in 'C0'. {"history": "MonteCarlo.6", "point": 129, "testname": "PTAT_MC", "cornername": "Nominal"}
[2026-06-05 17:02:58.639 Z] [WARN] [cadence.virtuoso.ade.simulationMonitor] -     WARNING (CMI-2943): Parameter checks have been ignored because the valid value for parameter 'trise' could not be found in 'C1'. {"history": "MonteCarlo.6", "point": 129, "testname": "PTAT_MC", "cornername": "Nominal"}
[2026-06-05 17:02:58.639 Z] [WARN] [cadence.virtuoso.ade.simulationMonitor] -     WARNING (CMI-2943): Parameter checks have been ignored because the valid value for parameter 'trise' could not be found in 'C11'. {"history": "MonteCarlo.6", "point": 129, "testname": "PTAT_MC", "cornername": "Nominal"}
[2026-06-05 17:02:58.640 Z] [WARN] [cadence.virtuoso.ade.simulationMonitor] -     WARNING (CMI-2943): Parameter checks have been ignored because the valid value for parameter 'trise' could not be found in 'C12'. {"history": "MonteCarlo.6", "point": 129, "testname": "PTAT_MC", "cornername": "Nominal"}
[2026-06-05 17:02:58.640 Z] [WARN] [cadence.virtuoso.ade.simulationMonitor] -     WARNING (CMI-2943): Parameter checks have been ignored because the valid value for parameter 'trise' could not be found in 'C5'.
        Further occurrences of this warning will be suppressed. {"history": "MonteCarlo.6", "point": 129, "testname": "PTAT_MC", "cornername": "Nominal"}
[2026-06-05 17:03:53.329 Z] [INFO] [cadence.virtuoso.ade.simulationMonitor] - Total time required for tran analysis `tran': CPU = 104.745 s (1m  44.7s), elapsed = 55.4907 s, util. = 189%. {"history": "MonteCarlo.6", "point": 129, "testname": "PTAT_MC", "cornername": "Nominal"}
[2026-06-05 17:03:53.329 Z] [INFO] [cadence.virtuoso.ade.simulationMonitor] - Peak resident memory used = 546 Mbytes. {"history": "MonteCarlo.6", "point": 129, "testname": "PTAT_MC", "cornername": "Nominal"}
[2026-06-05 17:03:53.330 Z] [INFO] [cadence.virtuoso.ade.simulationMonitor] - Notice from spectre during transient analysis `tran', during Monte Carlo analysis `mc1'.
    312 notices suppressed.
    1457 warnings suppressed. {"history": "MonteCarlo.6", "point": 129, "testname": "PTAT_MC", "cornername": "Nominal"}
[2026-06-05 17:03:54.342 Z] [PROCESS] [cadence.virtuoso.ade.simulationMonitor] - Finished simulating for one iteration {"hostname": "il2244vt26_hrahimi", "processid": 3405815, "history": "MonteCarlo.6", "testname": "PTAT_MC", "cornername": "Nominal", "point": 129, "logfile": "/home/hrahimi/projects/POTENTIOSTAT_26/logs_hrahimi/logs0/Job102.log", "simid": "1"}
[2026-06-05 17:03:54.346 Z] [PROCESS] [cadence.virtuoso.ade.simulationMonitor] - Started Simulation {"hostname": "il2244vt26_hrahimi", "processid": 3405815, "history": "MonteCarlo.6", "testname": "PTAT_MC", "cornername": "Nominal", "point": 130, "logfile": "/home/hrahimi/projects/POTENTIOSTAT_26/logs_hrahimi/logs0/Job102.log", "event": "started", "task": "simulation"}
[2026-06-05 17:03:54.849 Z] [INFO] [cadence.virtuoso.ade.simulationMonitor] - Notice from spectre in `vert10':`I2.I56|Q2(31)', in `Potentiostat_cpoly_8_Poten_PTAT2_av_extracted':`I2', during Monte Carlo analysis `mc1'.
    I2.I56|Q2(31).bjtinsub: `minr' has the unusually small value of 10 fOhm. {"history": "MonteCarlo.6", "point": 130, "testname": "PTAT_MC", "cornername": "Nominal"}
[2026-06-05 17:03:54.850 Z] [INFO] [cadence.virtuoso.ade.simulationMonitor] - Notice from spectre in `vert10':`I2.I56|Q2(30)', in `Potentiostat_cpoly_8_Poten_PTAT2_av_extracted':`I2', during Monte Carlo analysis `mc1'.
    I2.I56|Q2(30).bjtinsub: `minr' has the unusually small value of 10 fOhm. {"history": "MonteCarlo.6", "point": 130, "testname": "PTAT_MC", "cornername": "Nominal"}
[2026-06-05 17:03:54.852 Z] [INFO] [cadence.virtuoso.ade.simulationMonitor] - Notice from spectre in `vert10':`I2.I56|Q2(29)', in `Potentiostat_cpoly_8_Poten_PTAT2_av_extracted':`I2', during Monte Carlo analysis `mc1'.
    I2.I56|Q2(29).bjtinsub: `minr' has the unusually small value of 10 fOhm. {"history": "MonteCarlo.6", "point": 130, "testname": "PTAT_MC", "cornername": "Nominal"}
[2026-06-05 17:03:54.856 Z] [INFO] [cadence.virtuoso.ade.simulationMonitor] - Notice from spectre in `vert10':`I2.I56|Q2(28)', in `Potentiostat_cpoly_8_Poten_PTAT2_av_extracted':`I2', during Monte Carlo analysis `mc1'.
    I2.I56|Q2(28).bjtinsub: `minr' has the unusually small value of 10 fOhm. {"history": "MonteCarlo.6", "point": 130, "testname": "PTAT_MC", "cornername": "Nominal"}
[2026-06-05 17:03:54.858 Z] [INFO] [cadence.virtuoso.ade.simulationMonitor] - Notice from spectre in `vert10':`I2.I56|Q2(27)', in `Potentiostat_cpoly_8_Poten_PTAT2_av_extracted':`I2', during Monte Carlo analysis `mc1'.
    I2.I56|Q2(27).bjtinsub: `minr' has the unusually small value of 10 fOhm.
        Further occurrences of this notice will be suppressed. {"history": "MonteCarlo.6", "point": 130, "testname": "PTAT_MC", "cornername": "Nominal"}
[2026-06-05 17:03:54.861 Z] [INFO] [cadence.virtuoso.ade.simulationMonitor] - Notice from spectre during Monte Carlo analysis `mc1'.
    V8: `period' has the unusually large value of 100 s.
    V7: `period' has the unusually large value of 10 s.
    V3: `period' has the unusually large value of 6 s.
    I26: `period' has the unusually large value of 6 s. {"history": "MonteCarlo.6", "point": 130, "testname": "PTAT_MC", "cornername": "Nominal"}
[2026-06-05 17:03:55.362 Z] [WARN] [cadence.virtuoso.ade.simulationMonitor] -     WARNING (CMI-2425): I7.I4|C1(10): `Acde' = 2.393 is unusually large. {"history": "MonteCarlo.6", "point": 130, "testname": "PTAT_MC", "cornername": "Nominal"}
[2026-06-05 17:03:55.363 Z] [WARN] [cadence.virtuoso.ade.simulationMonitor] -     WARNING (CMI-2425): I7.I4|C1(10): `Noff' = 4.732 is unusually large. {"history": "MonteCarlo.6", "point": 130, "testname": "PTAT_MC", "cornername": "Nominal"}
[2026-06-05 17:03:55.364 Z] [WARN] [cadence.virtuoso.ade.simulationMonitor] -     WARNING (CMI-2424): I7.I4|C1(10): `Voffcv' = -867.4e-03 is unusually small. {"history": "MonteCarlo.6", "point": 130, "testname": "PTAT_MC", "cornername": "Nominal"}
[2026-06-05 17:03:55.364 Z] [WARN] [cadence.virtuoso.ade.simulationMonitor] -     WARNING (CMI-2425): I7.I4|C1(9): `Acde' = 2.393 is unusually large. {"history": "MonteCarlo.6", "point": 130, "testname": "PTAT_MC", "cornername": "Nominal"}
[2026-06-05 17:03:55.364 Z] [WARN] [cadence.virtuoso.ade.simulationMonitor] -     WARNING (CMI-2425): I7.I4|C1(9): `Noff' = 4.732 is unusually large. {"history": "MonteCarlo.6", "point": 130, "testname": "PTAT_MC", "cornername": "Nominal"}
[2026-06-05 17:03:55.364 Z] [WARN] [cadence.virtuoso.ade.simulationMonitor] -     WARNING (CMI-2424): I7.I4|C1(9): `Voffcv' = -867.4e-03 is unusually small. {"history": "MonteCarlo.6", "point": 130, "testname": "PTAT_MC", "cornername": "Nominal"}
[2026-06-05 17:03:55.365 Z] [WARN] [cadence.virtuoso.ade.simulationMonitor] -     WARNING (CMI-2425): I7.I4|C1(8): `Acde' = 2.393 is unusually large.
        Further occurrences of this warning will be suppressed. {"history": "MonteCarlo.6", "point": 130, "testname": "PTAT_MC", "cornername": "Nominal"}
[2026-06-05 17:03:55.365 Z] [WARN] [cadence.virtuoso.ade.simulationMonitor] -     WARNING (CMI-2424): I7.I4|C1(8): `Voffcv' = -867.4e-03 is unusually small. {"history": "MonteCarlo.6", "point": 130, "testname": "PTAT_MC", "cornername": "Nominal"}
[2026-06-05 17:03:55.365 Z] [WARN] [cadence.virtuoso.ade.simulationMonitor] -     WARNING (CMI-2424): I7.I4|C1(7): `Voffcv' = -867.4e-03 is unusually small. {"history": "MonteCarlo.6", "point": 130, "testname": "PTAT_MC", "cornername": "Nominal"}
[2026-06-05 17:03:55.365 Z] [WARN] [cadence.virtuoso.ade.simulationMonitor] -     WARNING (CMI-2424): I7.I4|C1(6): `Voffcv' = -867.4e-03 is unusually small.
        Further occurrences of this warning will be suppressed. {"history": "MonteCarlo.6", "point": 130, "testname": "PTAT_MC", "cornername": "Nominal"}
[2026-06-05 17:03:56.373 Z] [INFO] [cadence.virtuoso.ade.simulationMonitor] - Notice from spectre during IC analysis, during transient analysis `tran', during Monte Carlo analysis `mc1'.
    Bad pivoting is found during DC analysis. Option dc_pivot_check=yes is recommended for possible improvement of convergence. {"history": "MonteCarlo.6", "point": 130, "testname": "PTAT_MC", "cornername": "Nominal"}
[2026-06-05 17:03:56.375 Z] [WARN] [cadence.virtuoso.ade.simulationMonitor] -     WARNING (CMI-2943): Parameter checks have been ignored because the valid value for parameter 'trise' could not be found in 'C0'. {"history": "MonteCarlo.6", "point": 130, "testname": "PTAT_MC", "cornername": "Nominal"}
[2026-06-05 17:03:56.376 Z] [WARN] [cadence.virtuoso.ade.simulationMonitor] -     WARNING (CMI-2943): Parameter checks have been ignored because the valid value for parameter 'trise' could not be found in 'C1'. {"history": "MonteCarlo.6", "point": 130, "testname": "PTAT_MC", "cornername": "Nominal"}
[2026-06-05 17:03:56.377 Z] [WARN] [cadence.virtuoso.ade.simulationMonitor] -     WARNING (CMI-2943): Parameter checks have been ignored because the valid value for parameter 'trise' could not be found in 'C11'. {"history": "MonteCarlo.6", "point": 130, "testname": "PTAT_MC", "cornername": "Nominal"}
[2026-06-05 17:03:56.377 Z] [WARN] [cadence.virtuoso.ade.simulationMonitor] -     WARNING (CMI-2943): Parameter checks have been ignored because the valid value for parameter 'trise' could not be found in 'C12'. {"history": "MonteCarlo.6", "point": 130, "testname": "PTAT_MC", "cornername": "Nominal"}
[2026-06-05 17:03:56.378 Z] [WARN] [cadence.virtuoso.ade.simulationMonitor] -     WARNING (CMI-2943): Parameter checks have been ignored because the valid value for parameter 'trise' could not be found in 'C5'.
        Further occurrences of this warning will be suppressed. {"history": "MonteCarlo.6", "point": 130, "testname": "PTAT_MC", "cornername": "Nominal"}
[2026-06-05 17:04:55.598 Z] [INFO] [cadence.virtuoso.ade.simulationMonitor] - Total time required for tran analysis `tran': CPU = 111.419 s (1m  51.4s), elapsed = 60.06 s (1m  0.1s), util. = 186%. {"history": "MonteCarlo.6", "point": 130, "testname": "PTAT_MC", "cornername": "Nominal"}
[2026-06-05 17:04:55.599 Z] [INFO] [cadence.virtuoso.ade.simulationMonitor] - Peak resident memory used = 551 Mbytes. {"history": "MonteCarlo.6", "point": 130, "testname": "PTAT_MC", "cornername": "Nominal"}
[2026-06-05 17:04:55.599 Z] [INFO] [cadence.virtuoso.ade.simulationMonitor] - Notice from spectre during transient analysis `tran', during Monte Carlo analysis `mc1'.
    168 notices suppressed.
    1457 warnings suppressed. {"history": "MonteCarlo.6", "point": 130, "testname": "PTAT_MC", "cornername": "Nominal"}
[2026-06-05 17:04:56.106 Z] [PROCESS] [cadence.virtuoso.ade.simulationMonitor] - Finished simulating for one iteration {"hostname": "il2244vt26_hrahimi", "processid": 3405815, "history": "MonteCarlo.6", "testname": "PTAT_MC", "cornername": "Nominal", "point": 130, "logfile": "/home/hrahimi/projects/POTENTIOSTAT_26/logs_hrahimi/logs0/Job102.log", "simid": "1"}
[2026-06-05 17:04:56.108 Z] [PROCESS] [cadence.virtuoso.ade.simulationMonitor] - Started Simulation {"hostname": "il2244vt26_hrahimi", "processid": 3405815, "history": "MonteCarlo.6", "testname": "PTAT_MC", "cornername": "Nominal", "point": 131, "logfile": "/home/hrahimi/projects/POTENTIOSTAT_26/logs_hrahimi/logs0/Job102.log", "event": "started", "task": "simulation"}
[2026-06-05 17:04:56.611 Z] [INFO] [cadence.virtuoso.ade.simulationMonitor] - Notice from spectre in `vert10':`I2.I56|Q2(31)', in `Potentiostat_cpoly_8_Poten_PTAT2_av_extracted':`I2', during Monte Carlo analysis `mc1'.
    I2.I56|Q2(31).bjtinsub: `rbm' has the unusually small value of 917.459 mOhm.
    I2.I56|Q2(31).bjtinsub: `minr' has the unusually small value of 10 fOhm. {"history": "MonteCarlo.6", "point": 131, "testname": "PTAT_MC", "cornername": "Nominal"}
[2026-06-05 17:04:56.618 Z] [INFO] [cadence.virtuoso.ade.simulationMonitor] - Notice from spectre in `vert10':`I2.I56|Q2(30)', in `Potentiostat_cpoly_8_Poten_PTAT2_av_extracted':`I2', during Monte Carlo analysis `mc1'.
    I2.I56|Q2(30).bjtinsub: `rbm' has the unusually small value of 917.459 mOhm.
    I2.I56|Q2(30).bjtinsub: `minr' has the unusually small value of 10 fOhm. {"history": "MonteCarlo.6", "point": 131, "testname": "PTAT_MC", "cornername": "Nominal"}
[2026-06-05 17:04:56.619 Z] [INFO] [cadence.virtuoso.ade.simulationMonitor] - Notice from spectre in `vert10':`I2.I56|Q2(29)', in `Potentiostat_cpoly_8_Poten_PTAT2_av_extracted':`I2', during Monte Carlo analysis `mc1'.
    I2.I56|Q2(29).bjtinsub: `rbm' has the unusually small value of 917.459 mOhm.
        Further occurrences of this notice will be suppressed. {"history": "MonteCarlo.6", "point": 131, "testname": "PTAT_MC", "cornername": "Nominal"}
[2026-06-05 17:04:56.620 Z] [INFO] [cadence.virtuoso.ade.simulationMonitor] - Notice from spectre during Monte Carlo analysis `mc1'.
    V8: `period' has the unusually large value of 100 s.
    V7: `period' has the unusually large value of 10 s.
    V3: `period' has the unusually large value of 6 s.
    I26: `period' has the unusually large value of 6 s. {"history": "MonteCarlo.6", "point": 131, "testname": "PTAT_MC", "cornername": "Nominal"}
[2026-06-05 17:04:57.623 Z] [WARN] [cadence.virtuoso.ade.simulationMonitor] -     WARNING (CMI-2425): I7.I4|C1(10): `Acde' = 2.393 is unusually large. {"history": "MonteCarlo.6", "point": 131, "testname": "PTAT_MC", "cornername": "Nominal"}
[2026-06-05 17:04:57.625 Z] [WARN] [cadence.virtuoso.ade.simulationMonitor] -     WARNING (CMI-2425): I7.I4|C1(10): `Noff' = 4.732 is unusually large. {"history": "MonteCarlo.6", "point": 131, "testname": "PTAT_MC", "cornername": "Nominal"}
[2026-06-05 17:04:57.625 Z] [WARN] [cadence.virtuoso.ade.simulationMonitor] -     WARNING (CMI-2424): I7.I4|C1(10): `Voffcv' = -867.4e-03 is unusually small. {"history": "MonteCarlo.6", "point": 131, "testname": "PTAT_MC", "cornername": "Nominal"}
[2026-06-05 17:04:57.625 Z] [WARN] [cadence.virtuoso.ade.simulationMonitor] -     WARNING (CMI-2425): I7.I4|C1(9): `Acde' = 2.393 is unusually large. {"history": "MonteCarlo.6", "point": 131, "testname": "PTAT_MC", "cornername": "Nominal"}
[2026-06-05 17:04:57.625 Z] [WARN] [cadence.virtuoso.ade.simulationMonitor] -     WARNING (CMI-2425): I7.I4|C1(9): `Noff' = 4.732 is unusually large. {"history": "MonteCarlo.6", "point": 131, "testname": "PTAT_MC", "cornername": "Nominal"}
[2026-06-05 17:04:57.626 Z] [WARN] [cadence.virtuoso.ade.simulationMonitor] -     WARNING (CMI-2424): I7.I4|C1(9): `Voffcv' = -867.4e-03 is unusually small. {"history": "MonteCarlo.6", "point": 131, "testname": "PTAT_MC", "cornername": "Nominal"}
[2026-06-05 17:04:57.626 Z] [WARN] [cadence.virtuoso.ade.simulationMonitor] -     WARNING (CMI-2425): I7.I4|C1(8): `Acde' = 2.393 is unusually large.
        Further occurrences of this warning will be suppressed. {"history": "MonteCarlo.6", "point": 131, "testname": "PTAT_MC", "cornername": "Nominal"}
[2026-06-05 17:04:57.626 Z] [WARN] [cadence.virtuoso.ade.simulationMonitor] -     WARNING (CMI-2424): I7.I4|C1(8): `Voffcv' = -867.4e-03 is unusually small. {"history": "MonteCarlo.6", "point": 131, "testname": "PTAT_MC", "cornername": "Nominal"}
[2026-06-05 17:04:57.626 Z] [WARN] [cadence.virtuoso.ade.simulationMonitor] -     WARNING (CMI-2424): I7.I4|C1(7): `Voffcv' = -867.4e-03 is unusually small. {"history": "MonteCarlo.6", "point": 131, "testname": "PTAT_MC", "cornername": "Nominal"}
[2026-06-05 17:04:57.627 Z] [WARN] [cadence.virtuoso.ade.simulationMonitor] -     WARNING (CMI-2424): I7.I4|C1(6): `Voffcv' = -867.4e-03 is unusually small.
        Further occurrences of this warning will be suppressed. {"history": "MonteCarlo.6", "point": 131, "testname": "PTAT_MC", "cornername": "Nominal"}
[2026-06-05 17:04:58.633 Z] [INFO] [cadence.virtuoso.ade.simulationMonitor] - Notice from spectre during IC analysis, during transient analysis `tran', during Monte Carlo analysis `mc1'.
    Bad pivoting is found during DC analysis. Option dc_pivot_check=yes is recommended for possible improvement of convergence. {"history": "MonteCarlo.6", "point": 131, "testname": "PTAT_MC", "cornername": "Nominal"}
[2026-06-05 17:04:58.635 Z] [WARN] [cadence.virtuoso.ade.simulationMonitor] -     WARNING (CMI-2943): Parameter checks have been ignored because the valid value for parameter 'trise' could not be found in 'C0'. {"history": "MonteCarlo.6", "point": 131, "testname": "PTAT_MC", "cornername": "Nominal"}
[2026-06-05 17:04:58.635 Z] [WARN] [cadence.virtuoso.ade.simulationMonitor] -     WARNING (CMI-2943): Parameter checks have been ignored because the valid value for parameter 'trise' could not be found in 'C1'. {"history": "MonteCarlo.6", "point": 131, "testname": "PTAT_MC", "cornername": "Nominal"}
[2026-06-05 17:04:58.636 Z] [WARN] [cadence.virtuoso.ade.simulationMonitor] -     WARNING (CMI-2943): Parameter checks have been ignored because the valid value for parameter 'trise' could not be found in 'C11'. {"history": "MonteCarlo.6", "point": 131, "testname": "PTAT_MC", "cornername": "Nominal"}
[2026-06-05 17:04:58.639 Z] [WARN] [cadence.virtuoso.ade.simulationMonitor] -     WARNING (CMI-2943): Parameter checks have been ignored because the valid value for parameter 'trise' could not be found in 'C12'. {"history": "MonteCarlo.6", "point": 131, "testname": "PTAT_MC", "cornername": "Nominal"}
[2026-06-05 17:04:58.642 Z] [WARN] [cadence.virtuoso.ade.simulationMonitor] -     WARNING (CMI-2943): Parameter checks have been ignored because the valid value for parameter 'trise' could not be found in 'C5'.
        Further occurrences of this warning will be suppressed. {"history": "MonteCarlo.6", "point": 131, "testname": "PTAT_MC", "cornername": "Nominal"}
[2026-06-05 17:06:02.910 Z] [INFO] [cadence.virtuoso.ade.simulationMonitor] - Total time required for tran analysis `tran': CPU = 115.323 s (1m  55.3s), elapsed = 65.2265 s (1m  5.2s), util. = 177%. {"history": "MonteCarlo.6", "point": 131, "testname": "PTAT_MC", "cornername": "Nominal"}
[2026-06-05 17:06:02.923 Z] [INFO] [cadence.virtuoso.ade.simulationMonitor] - Peak resident memory used = 555 Mbytes. {"history": "MonteCarlo.6", "point": 131, "testname": "PTAT_MC", "cornername": "Nominal"}
[2026-06-05 17:06:02.923 Z] [INFO] [cadence.virtuoso.ade.simulationMonitor] - Notice from spectre during transient analysis `tran', during Monte Carlo analysis `mc1'.
    312 notices suppressed.
    1457 warnings suppressed. {"history": "MonteCarlo.6", "point": 131, "testname": "PTAT_MC", "cornername": "Nominal"}
[2026-06-05 17:06:03.425 Z] [INFO] [cadence.virtuoso.ade.simulationMonitor] - Notice from spectre in `vert10':`I2.I56|Q2(31)', in `Potentiostat_cpoly_8_Poten_PTAT2_av_extracted':`I2', during Monte Carlo analysis `mc1'.
    I2.I56|Q2(31).bjtinsub: `rbm' has the unusually small value of 942.459 mOhm.
    I2.I56|Q2(31).bjtinsub: `minr' has the unusually small value of 10 fOhm. {"history": "MonteCarlo.6", "point": 131, "testname": "PTAT_MC", "cornername": "Nominal"}
[2026-06-05 17:06:03.428 Z] [INFO] [cadence.virtuoso.ade.simulationMonitor] - Notice from spectre in `vert10':`I2.I56|Q2(30)', in `Potentiostat_cpoly_8_Poten_PTAT2_av_extracted':`I2', during Monte Carlo analysis `mc1'.
    I2.I56|Q2(30).bjtinsub: `rbm' has the unusually small value of 942.459 mOhm.
    I2.I56|Q2(30).bjtinsub: `minr' has the unusually small value of 10 fOhm. {"history": "MonteCarlo.6", "point": 131, "testname": "PTAT_MC", "cornername": "Nominal"}
[2026-06-05 17:06:03.428 Z] [INFO] [cadence.virtuoso.ade.simulationMonitor] - Notice from spectre in `vert10':`I2.I56|Q2(29)', in `Potentiostat_cpoly_8_Poten_PTAT2_av_extracted':`I2', during Monte Carlo analysis `mc1'.
    I2.I56|Q2(29).bjtinsub: `rbm' has the unusually small value of 942.459 mOhm.
        Further occurrences of this notice will be suppressed. {"history": "MonteCarlo.6", "point": 131, "testname": "PTAT_MC", "cornername": "Nominal"}
[2026-06-05 17:06:03.429 Z] [PROCESS] [cadence.virtuoso.ade.simulationMonitor] - Finished simulating for one iteration {"hostname": "il2244vt26_hrahimi", "processid": 3405815, "history": "MonteCarlo.6", "testname": "PTAT_MC", "cornername": "Nominal", "point": 131, "logfile": "/home/hrahimi/projects/POTENTIOSTAT_26/logs_hrahimi/logs0/Job102.log", "simid": "1"}
[2026-06-05 17:06:03.429 Z] [PROCESS] [cadence.virtuoso.ade.simulationMonitor] - Started Simulation {"hostname": "il2244vt26_hrahimi", "processid": 3405815, "history": "MonteCarlo.6", "testname": "PTAT_MC", "cornername": "Nominal", "point": 132, "logfile": "/home/hrahimi/projects/POTENTIOSTAT_26/logs_hrahimi/logs0/Job102.log", "event": "started", "task": "simulation"}
[2026-06-05 17:06:03.934 Z] [INFO] [cadence.virtuoso.ade.simulationMonitor] - Notice from spectre during Monte Carlo analysis `mc1'.
    V8: `period' has the unusually large value of 100 s.
    V7: `period' has the unusually large value of 10 s.
    V3: `period' has the unusually large value of 6 s.
    I26: `period' has the unusually large value of 6 s. {"history": "MonteCarlo.6", "point": 132, "testname": "PTAT_MC", "cornername": "Nominal"}
[2026-06-05 17:06:04.436 Z] [WARN] [cadence.virtuoso.ade.simulationMonitor] -     WARNING (CMI-2425): I7.I4|C1(10): `Acde' = 2.393 is unusually large. {"history": "MonteCarlo.6", "point": 132, "testname": "PTAT_MC", "cornername": "Nominal"}
[2026-06-05 17:06:04.437 Z] [WARN] [cadence.virtuoso.ade.simulationMonitor] -     WARNING (CMI-2425): I7.I4|C1(10): `Noff' = 4.732 is unusually large. {"history": "MonteCarlo.6", "point": 132, "testname": "PTAT_MC", "cornername": "Nominal"}
[2026-06-05 17:06:04.438 Z] [WARN] [cadence.virtuoso.ade.simulationMonitor] -     WARNING (CMI-2424): I7.I4|C1(10): `Voffcv' = -867.4e-03 is unusually small. {"history": "MonteCarlo.6", "point": 132, "testname": "PTAT_MC", "cornername": "Nominal"}
[2026-06-05 17:06:04.438 Z] [WARN] [cadence.virtuoso.ade.simulationMonitor] -     WARNING (CMI-2425): I7.I4|C1(9): `Acde' = 2.393 is unusually large. {"history": "MonteCarlo.6", "point": 132, "testname": "PTAT_MC", "cornername": "Nominal"}
[2026-06-05 17:06:04.439 Z] [WARN] [cadence.virtuoso.ade.simulationMonitor] -     WARNING (CMI-2425): I7.I4|C1(9): `Noff' = 4.732 is unusually large. {"history": "MonteCarlo.6", "point": 132, "testname": "PTAT_MC", "cornername": "Nominal"}
[2026-06-05 17:06:04.439 Z] [WARN] [cadence.virtuoso.ade.simulationMonitor] -     WARNING (CMI-2424): I7.I4|C1(9): `Voffcv' = -867.4e-03 is unusually small. {"history": "MonteCarlo.6", "point": 132, "testname": "PTAT_MC", "cornername": "Nominal"}
[2026-06-05 17:06:04.440 Z] [WARN] [cadence.virtuoso.ade.simulationMonitor] -     WARNING (CMI-2425): I7.I4|C1(8): `Acde' = 2.393 is unusually large.
        Further occurrences of this warning will be suppressed. {"history": "MonteCarlo.6", "point": 132, "testname": "PTAT_MC", "cornername": "Nominal"}
[2026-06-05 17:06:04.440 Z] [WARN] [cadence.virtuoso.ade.simulationMonitor] -     WARNING (CMI-2424): I7.I4|C1(8): `Voffcv' = -867.4e-03 is unusually small. {"history": "MonteCarlo.6", "point": 132, "testname": "PTAT_MC", "cornername": "Nominal"}
[2026-06-05 17:06:04.440 Z] [WARN] [cadence.virtuoso.ade.simulationMonitor] -     WARNING (CMI-2424): I7.I4|C1(7): `Voffcv' = -867.4e-03 is unusually small. {"history": "MonteCarlo.6", "point": 132, "testname": "PTAT_MC", "cornername": "Nominal"}
[2026-06-05 17:06:04.441 Z] [WARN] [cadence.virtuoso.ade.simulationMonitor] -     WARNING (CMI-2424): I7.I4|C1(6): `Voffcv' = -867.4e-03 is unusually small.
        Further occurrences of this warning will be suppressed. {"history": "MonteCarlo.6", "point": 132, "testname": "PTAT_MC", "cornername": "Nominal"}
[2026-06-05 17:06:05.455 Z] [INFO] [cadence.virtuoso.ade.simulationMonitor] - Notice from spectre during IC analysis, during transient analysis `tran', during Monte Carlo analysis `mc1'.
    Bad pivoting is found during DC analysis. Option dc_pivot_check=yes is recommended for possible improvement of convergence. {"history": "MonteCarlo.6", "point": 132, "testname": "PTAT_MC", "cornername": "Nominal"}
[2026-06-05 17:06:05.456 Z] [WARN] [cadence.virtuoso.ade.simulationMonitor] -     WARNING (CMI-2943): Parameter checks have been ignored because the valid value for parameter 'trise' could not be found in 'C0'. {"history": "MonteCarlo.6", "point": 132, "testname": "PTAT_MC", "cornername": "Nominal"}
[2026-06-05 17:06:05.456 Z] [WARN] [cadence.virtuoso.ade.simulationMonitor] -     WARNING (CMI-2943): Parameter checks have been ignored because the valid value for parameter 'trise' could not be found in 'C1'. {"history": "MonteCarlo.6", "point": 132, "testname": "PTAT_MC", "cornername": "Nominal"}
[2026-06-05 17:06:05.456 Z] [WARN] [cadence.virtuoso.ade.simulationMonitor] -     WARNING (CMI-2943): Parameter checks have been ignored because the valid value for parameter 'trise' could not be found in 'C11'. {"history": "MonteCarlo.6", "point": 132, "testname": "PTAT_MC", "cornername": "Nominal"}
[2026-06-05 17:06:05.456 Z] [WARN] [cadence.virtuoso.ade.simulationMonitor] -     WARNING (CMI-2943): Parameter checks have been ignored because the valid value for parameter 'trise' could not be found in 'C12'. {"history": "MonteCarlo.6", "point": 132, "testname": "PTAT_MC", "cornername": "Nominal"}
[2026-06-05 17:06:05.457 Z] [WARN] [cadence.virtuoso.ade.simulationMonitor] -     WARNING (CMI-2943): Parameter checks have been ignored because the valid value for parameter 'trise' could not be found in 'C5'.
        Further occurrences of this warning will be suppressed. {"history": "MonteCarlo.6", "point": 132, "testname": "PTAT_MC", "cornername": "Nominal"}
[2026-06-05 17:07:22.774 Z] [INFO] [cadence.virtuoso.ade.simulationMonitor] - Total time required for tran analysis `tran': CPU = 109.007 s (1m  49.0s), elapsed = 78.1978 s (1m  18.2s), util. = 139%. {"history": "MonteCarlo.6", "point": 132, "testname": "PTAT_MC", "cornername": "Nominal"}
[2026-06-05 17:07:22.777 Z] [INFO] [cadence.virtuoso.ade.simulationMonitor] - Peak resident memory used = 559 Mbytes. {"history": "MonteCarlo.6", "point": 132, "testname": "PTAT_MC", "cornername": "Nominal"}
[2026-06-05 17:07:22.777 Z] [INFO] [cadence.virtuoso.ade.simulationMonitor] - Notice from spectre during transient analysis `tran', during Monte Carlo analysis `mc1'.
    312 notices suppressed.
    1457 warnings suppressed. {"history": "MonteCarlo.6", "point": 132, "testname": "PTAT_MC", "cornername": "Nominal"}
[2026-06-05 17:07:23.283 Z] [PROCESS] [cadence.virtuoso.ade.simulationMonitor] - Finished simulating for one iteration {"hostname": "il2244vt26_hrahimi", "processid": 3405815, "history": "MonteCarlo.6", "testname": "PTAT_MC", "cornername": "Nominal", "point": 132, "logfile": "/home/hrahimi/projects/POTENTIOSTAT_26/logs_hrahimi/logs0/Job102.log", "simid": "1"}
[2026-06-05 17:07:23.283 Z] [PROCESS] [cadence.virtuoso.ade.simulationMonitor] - Started Simulation {"hostname": "il2244vt26_hrahimi", "processid": 3405815, "history": "MonteCarlo.6", "testname": "PTAT_MC", "cornername": "Nominal", "point": 133, "logfile": "/home/hrahimi/projects/POTENTIOSTAT_26/logs_hrahimi/logs0/Job102.log", "event": "started", "task": "simulation"}
[2026-06-05 17:07:23.788 Z] [INFO] [cadence.virtuoso.ade.simulationMonitor] - Notice from spectre in `vert10':`I2.I56|Q2(31)', in `Potentiostat_cpoly_8_Poten_PTAT2_av_extracted':`I2', during Monte Carlo analysis `mc1'.
    I2.I56|Q2(31).bjtinsub: `minr' has the unusually small value of 10 fOhm. {"history": "MonteCarlo.6", "point": 133, "testname": "PTAT_MC", "cornername": "Nominal"}
[2026-06-05 17:07:23.792 Z] [INFO] [cadence.virtuoso.ade.simulationMonitor] - Notice from spectre in `vert10':`I2.I56|Q2(30)', in `Potentiostat_cpoly_8_Poten_PTAT2_av_extracted':`I2', during Monte Carlo analysis `mc1'.
    I2.I56|Q2(30).bjtinsub: `minr' has the unusually small value of 10 fOhm. {"history": "MonteCarlo.6", "point": 133, "testname": "PTAT_MC", "cornername": "Nominal"}
[2026-06-05 17:07:23.792 Z] [INFO] [cadence.virtuoso.ade.simulationMonitor] - Notice from spectre in `vert10':`I2.I56|Q2(29)', in `Potentiostat_cpoly_8_Poten_PTAT2_av_extracted':`I2', during Monte Carlo analysis `mc1'.
    I2.I56|Q2(29).bjtinsub: `minr' has the unusually small value of 10 fOhm. {"history": "MonteCarlo.6", "point": 133, "testname": "PTAT_MC", "cornername": "Nominal"}
[2026-06-05 17:07:23.808 Z] [INFO] [cadence.virtuoso.ade.simulationMonitor] - Notice from spectre in `vert10':`I2.I56|Q2(28)', in `Potentiostat_cpoly_8_Poten_PTAT2_av_extracted':`I2', during Monte Carlo analysis `mc1'.
    I2.I56|Q2(28).bjtinsub: `minr' has the unusually small value of 10 fOhm. {"history": "MonteCarlo.6", "point": 133, "testname": "PTAT_MC", "cornername": "Nominal"}
[2026-06-05 17:07:23.809 Z] [INFO] [cadence.virtuoso.ade.simulationMonitor] - Notice from spectre in `vert10':`I2.I56|Q2(27)', in `Potentiostat_cpoly_8_Poten_PTAT2_av_extracted':`I2', during Monte Carlo analysis `mc1'.
    I2.I56|Q2(27).bjtinsub: `minr' has the unusually small value of 10 fOhm.
        Further occurrences of this notice will be suppressed. {"history": "MonteCarlo.6", "point": 133, "testname": "PTAT_MC", "cornername": "Nominal"}
[2026-06-05 17:07:23.809 Z] [INFO] [cadence.virtuoso.ade.simulationMonitor] - Notice from spectre during Monte Carlo analysis `mc1'.
    V8: `period' has the unusually large value of 100 s.
    V7: `period' has the unusually large value of 10 s.
    V3: `period' has the unusually large value of 6 s.
    I26: `period' has the unusually large value of 6 s. {"history": "MonteCarlo.6", "point": 133, "testname": "PTAT_MC", "cornername": "Nominal"}
[2026-06-05 17:07:24.813 Z] [WARN] [cadence.virtuoso.ade.simulationMonitor] -     WARNING (CMI-2425): I7.I4|C1(10): `Acde' = 2.393 is unusually large. {"history": "MonteCarlo.6", "point": 133, "testname": "PTAT_MC", "cornername": "Nominal"}
[2026-06-05 17:07:24.818 Z] [WARN] [cadence.virtuoso.ade.simulationMonitor] -     WARNING (CMI-2425): I7.I4|C1(10): `Noff' = 4.732 is unusually large. {"history": "MonteCarlo.6", "point": 133, "testname": "PTAT_MC", "cornername": "Nominal"}
[2026-06-05 17:07:24.818 Z] [WARN] [cadence.virtuoso.ade.simulationMonitor] -     WARNING (CMI-2424): I7.I4|C1(10): `Voffcv' = -867.4e-03 is unusually small. {"history": "MonteCarlo.6", "point": 133, "testname": "PTAT_MC", "cornername": "Nominal"}
[2026-06-05 17:07:24.819 Z] [WARN] [cadence.virtuoso.ade.simulationMonitor] -     WARNING (CMI-2425): I7.I4|C1(9): `Acde' = 2.393 is unusually large. {"history": "MonteCarlo.6", "point": 133, "testname": "PTAT_MC", "cornername": "Nominal"}
[2026-06-05 17:07:24.819 Z] [WARN] [cadence.virtuoso.ade.simulationMonitor] -     WARNING (CMI-2425): I7.I4|C1(9): `Noff' = 4.732 is unusually large. {"history": "MonteCarlo.6", "point": 133, "testname": "PTAT_MC", "cornername": "Nominal"}
[2026-06-05 17:07:24.819 Z] [WARN] [cadence.virtuoso.ade.simulationMonitor] -     WARNING (CMI-2424): I7.I4|C1(9): `Voffcv' = -867.4e-03 is unusually small. {"history": "MonteCarlo.6", "point": 133, "testname": "PTAT_MC", "cornername": "Nominal"}
[2026-06-05 17:07:24.822 Z] [WARN] [cadence.virtuoso.ade.simulationMonitor] -     WARNING (CMI-2425): I7.I4|C1(8): `Acde' = 2.393 is unusually large.
        Further occurrences of this warning will be suppressed. {"history": "MonteCarlo.6", "point": 133, "testname": "PTAT_MC", "cornername": "Nominal"}
[2026-06-05 17:07:24.824 Z] [WARN] [cadence.virtuoso.ade.simulationMonitor] -     WARNING (CMI-2424): I7.I4|C1(8): `Voffcv' = -867.4e-03 is unusually small. {"history": "MonteCarlo.6", "point": 133, "testname": "PTAT_MC", "cornername": "Nominal"}
[2026-06-05 17:07:24.825 Z] [WARN] [cadence.virtuoso.ade.simulationMonitor] -     WARNING (CMI-2424): I7.I4|C1(7): `Voffcv' = -867.4e-03 is unusually small. {"history": "MonteCarlo.6", "point": 133, "testname": "PTAT_MC", "cornername": "Nominal"}
[2026-06-05 17:07:24.825 Z] [WARN] [cadence.virtuoso.ade.simulationMonitor] -     WARNING (CMI-2424): I7.I4|C1(6): `Voffcv' = -867.4e-03 is unusually small.
        Further occurrences of this warning will be suppressed. {"history": "MonteCarlo.6", "point": 133, "testname": "PTAT_MC", "cornername": "Nominal"}
[2026-06-05 17:07:25.327 Z] [INFO] [cadence.virtuoso.ade.simulationMonitor] - Notice from spectre during IC analysis, during transient analysis `tran', during Monte Carlo analysis `mc1'.
    Bad pivoting is found during DC analysis. Option dc_pivot_check=yes is recommended for possible improvement of convergence. {"history": "MonteCarlo.6", "point": 133, "testname": "PTAT_MC", "cornername": "Nominal"}
[2026-06-05 17:07:25.328 Z] [WARN] [cadence.virtuoso.ade.simulationMonitor] -     WARNING (CMI-2943): Parameter checks have been ignored because the valid value for parameter 'trise' could not be found in 'C0'. {"history": "MonteCarlo.6", "point": 133, "testname": "PTAT_MC", "cornername": "Nominal"}
[2026-06-05 17:07:25.328 Z] [WARN] [cadence.virtuoso.ade.simulationMonitor] -     WARNING (CMI-2943): Parameter checks have been ignored because the valid value for parameter 'trise' could not be found in 'C1'. {"history": "MonteCarlo.6", "point": 133, "testname": "PTAT_MC", "cornername": "Nominal"}
[2026-06-05 17:07:25.329 Z] [WARN] [cadence.virtuoso.ade.simulationMonitor] -     WARNING (CMI-2943): Parameter checks have been ignored because the valid value for parameter 'trise' could not be found in 'C11'. {"history": "MonteCarlo.6", "point": 133, "testname": "PTAT_MC", "cornername": "Nominal"}
[2026-06-05 17:07:25.330 Z] [WARN] [cadence.virtuoso.ade.simulationMonitor] -     WARNING (CMI-2943): Parameter checks have been ignored because the valid value for parameter 'trise' could not be found in 'C12'. {"history": "MonteCarlo.6", "point": 133, "testname": "PTAT_MC", "cornername": "Nominal"}
[2026-06-05 17:07:25.330 Z] [WARN] [cadence.virtuoso.ade.simulationMonitor] -     WARNING (CMI-2943): Parameter checks have been ignored because the valid value for parameter 'trise' could not be found in 'C5'.
        Further occurrences of this warning will be suppressed. {"history": "MonteCarlo.6", "point": 133, "testname": "PTAT_MC", "cornername": "Nominal"}
[2026-06-05 17:08:49.777 Z] [INFO] [cadence.virtuoso.ade.simulationMonitor] - Total time required for tran analysis `tran': CPU = 208.151 s (3m  28.2s), elapsed = 85.1186 s (1m  25.1s), util. = 245%. {"history": "MonteCarlo.6", "point": 133, "testname": "PTAT_MC", "cornername": "Nominal"}
[2026-06-05 17:08:49.777 Z] [INFO] [cadence.virtuoso.ade.simulationMonitor] - Peak resident memory used = 565 Mbytes. {"history": "MonteCarlo.6", "point": 133, "testname": "PTAT_MC", "cornername": "Nominal"}
[2026-06-05 17:08:49.778 Z] [INFO] [cadence.virtuoso.ade.simulationMonitor] - Notice from spectre during transient analysis `tran', during Monte Carlo analysis `mc1'.
    168 notices suppressed.
    1457 warnings suppressed. {"history": "MonteCarlo.6", "point": 133, "testname": "PTAT_MC", "cornername": "Nominal"}
[2026-06-05 17:08:50.781 Z] [PROCESS] [cadence.virtuoso.ade.simulationMonitor] - Finished simulating for one iteration {"hostname": "il2244vt26_hrahimi", "processid": 3405815, "history": "MonteCarlo.6", "testname": "PTAT_MC", "cornername": "Nominal", "point": 133, "logfile": "/home/hrahimi/projects/POTENTIOSTAT_26/logs_hrahimi/logs0/Job102.log", "simid": "1"}
[2026-06-05 17:08:50.782 Z] [PROCESS] [cadence.virtuoso.ade.simulationMonitor] - Started Simulation {"hostname": "il2244vt26_hrahimi", "processid": 3405815, "history": "MonteCarlo.6", "testname": "PTAT_MC", "cornername": "Nominal", "point": 134, "logfile": "/home/hrahimi/projects/POTENTIOSTAT_26/logs_hrahimi/logs0/Job102.log", "event": "started", "task": "simulation"}
[2026-06-05 17:08:51.286 Z] [INFO] [cadence.virtuoso.ade.simulationMonitor] - Notice from spectre in `vert10':`I2.I56|Q2(31)', in `Potentiostat_cpoly_8_Poten_PTAT2_av_extracted':`I2', during Monte Carlo analysis `mc1'.
    I2.I56|Q2(31).bjtinsub: `rbm' has the unusually small value of 992.459 mOhm.
    I2.I56|Q2(31).bjtinsub: `minr' has the unusually small value of 10 fOhm. {"history": "MonteCarlo.6", "point": 134, "testname": "PTAT_MC", "cornername": "Nominal"}
[2026-06-05 17:08:51.286 Z] [INFO] [cadence.virtuoso.ade.simulationMonitor] - Notice from spectre in `vert10':`I2.I56|Q2(30)', in `Potentiostat_cpoly_8_Poten_PTAT2_av_extracted':`I2', during Monte Carlo analysis `mc1'.
    I2.I56|Q2(30).bjtinsub: `rbm' has the unusually small value of 992.459 mOhm.
    I2.I56|Q2(30).bjtinsub: `minr' has the unusually small value of 10 fOhm. {"history": "MonteCarlo.6", "point": 134, "testname": "PTAT_MC", "cornername": "Nominal"}
[2026-06-05 17:08:51.287 Z] [INFO] [cadence.virtuoso.ade.simulationMonitor] - Notice from spectre in `vert10':`I2.I56|Q2(29)', in `Potentiostat_cpoly_8_Poten_PTAT2_av_extracted':`I2', during Monte Carlo analysis `mc1'.
    I2.I56|Q2(29).bjtinsub: `rbm' has the unusually small value of 992.459 mOhm.
        Further occurrences of this notice will be suppressed. {"history": "MonteCarlo.6", "point": 134, "testname": "PTAT_MC", "cornername": "Nominal"}
[2026-06-05 17:08:51.787 Z] [INFO] [cadence.virtuoso.ade.simulationMonitor] - Notice from spectre during Monte Carlo analysis `mc1'.
    V8: `period' has the unusually large value of 100 s.
    V7: `period' has the unusually large value of 10 s.
    V3: `period' has the unusually large value of 6 s.
    I26: `period' has the unusually large value of 6 s. {"history": "MonteCarlo.6", "point": 134, "testname": "PTAT_MC", "cornername": "Nominal"}
[2026-06-05 17:08:52.291 Z] [WARN] [cadence.virtuoso.ade.simulationMonitor] -     WARNING (CMI-2425): I7.I4|C1(10): `Acde' = 2.393 is unusually large. {"history": "MonteCarlo.6", "point": 134, "testname": "PTAT_MC", "cornername": "Nominal"}
[2026-06-05 17:08:52.291 Z] [WARN] [cadence.virtuoso.ade.simulationMonitor] -     WARNING (CMI-2425): I7.I4|C1(10): `Noff' = 4.732 is unusually large. {"history": "MonteCarlo.6", "point": 134, "testname": "PTAT_MC", "cornername": "Nominal"}
[2026-06-05 17:08:52.292 Z] [WARN] [cadence.virtuoso.ade.simulationMonitor] -     WARNING (CMI-2424): I7.I4|C1(10): `Voffcv' = -867.4e-03 is unusually small. {"history": "MonteCarlo.6", "point": 134, "testname": "PTAT_MC", "cornername": "Nominal"}
[2026-06-05 17:08:52.292 Z] [WARN] [cadence.virtuoso.ade.simulationMonitor] -     WARNING (CMI-2425): I7.I4|C1(9): `Acde' = 2.393 is unusually large. {"history": "MonteCarlo.6", "point": 134, "testname": "PTAT_MC", "cornername": "Nominal"}
[2026-06-05 17:08:52.293 Z] [WARN] [cadence.virtuoso.ade.simulationMonitor] -     WARNING (CMI-2425): I7.I4|C1(9): `Noff' = 4.732 is unusually large. {"history": "MonteCarlo.6", "point": 134, "testname": "PTAT_MC", "cornername": "Nominal"}
[2026-06-05 17:08:52.293 Z] [WARN] [cadence.virtuoso.ade.simulationMonitor] -     WARNING (CMI-2424): I7.I4|C1(9): `Voffcv' = -867.4e-03 is unusually small. {"history": "MonteCarlo.6", "point": 134, "testname": "PTAT_MC", "cornername": "Nominal"}
[2026-06-05 17:08:52.294 Z] [WARN] [cadence.virtuoso.ade.simulationMonitor] -     WARNING (CMI-2425): I7.I4|C1(8): `Acde' = 2.393 is unusually large.
        Further occurrences of this warning will be suppressed. {"history": "MonteCarlo.6", "point": 134, "testname": "PTAT_MC", "cornername": "Nominal"}
[2026-06-05 17:08:52.294 Z] [WARN] [cadence.virtuoso.ade.simulationMonitor] -     WARNING (CMI-2424): I7.I4|C1(8): `Voffcv' = -867.4e-03 is unusually small. {"history": "MonteCarlo.6", "point": 134, "testname": "PTAT_MC", "cornername": "Nominal"}
[2026-06-05 17:08:52.295 Z] [WARN] [cadence.virtuoso.ade.simulationMonitor] -     WARNING (CMI-2424): I7.I4|C1(7): `Voffcv' = -867.4e-03 is unusually small. {"history": "MonteCarlo.6", "point": 134, "testname": "PTAT_MC", "cornername": "Nominal"}
[2026-06-05 17:08:52.295 Z] [WARN] [cadence.virtuoso.ade.simulationMonitor] -     WARNING (CMI-2424): I7.I4|C1(6): `Voffcv' = -867.4e-03 is unusually small.
        Further occurrences of this warning will be suppressed. {"history": "MonteCarlo.6", "point": 134, "testname": "PTAT_MC", "cornername": "Nominal"}
[2026-06-05 17:08:53.799 Z] [INFO] [cadence.virtuoso.ade.simulationMonitor] - Notice from spectre during IC analysis, during transient analysis `tran', during Monte Carlo analysis `mc1'.
    Bad pivoting is found during DC analysis. Option dc_pivot_check=yes is recommended for possible improvement of convergence. {"history": "MonteCarlo.6", "point": 134, "testname": "PTAT_MC", "cornername": "Nominal"}
[2026-06-05 17:08:53.805 Z] [WARN] [cadence.virtuoso.ade.simulationMonitor] -     WARNING (CMI-2943): Parameter checks have been ignored because the valid value for parameter 'trise' could not be found in 'C0'. {"history": "MonteCarlo.6", "point": 134, "testname": "PTAT_MC", "cornername": "Nominal"}
[2026-06-05 17:08:53.806 Z] [WARN] [cadence.virtuoso.ade.simulationMonitor] -     WARNING (CMI-2943): Parameter checks have been ignored because the valid value for parameter 'trise' could not be found in 'C1'. {"history": "MonteCarlo.6", "point": 134, "testname": "PTAT_MC", "cornername": "Nominal"}
[2026-06-05 17:08:53.807 Z] [WARN] [cadence.virtuoso.ade.simulationMonitor] -     WARNING (CMI-2943): Parameter checks have been ignored because the valid value for parameter 'trise' could not be found in 'C11'. {"history": "MonteCarlo.6", "point": 134, "testname": "PTAT_MC", "cornername": "Nominal"}
[2026-06-05 17:08:53.807 Z] [WARN] [cadence.virtuoso.ade.simulationMonitor] -     WARNING (CMI-2943): Parameter checks have been ignored because the valid value for parameter 'trise' could not be found in 'C12'. {"history": "MonteCarlo.6", "point": 134, "testname": "PTAT_MC", "cornername": "Nominal"}
[2026-06-05 17:08:53.808 Z] [WARN] [cadence.virtuoso.ade.simulationMonitor] -     WARNING (CMI-2943): Parameter checks have been ignored because the valid value for parameter 'trise' could not be found in 'C5'.
        Further occurrences of this warning will be suppressed. {"history": "MonteCarlo.6", "point": 134, "testname": "PTAT_MC", "cornername": "Nominal"}
[2026-06-05 17:09:53.042 Z] [INFO] [cadence.virtuoso.ade.simulationMonitor] - Total time required for tran analysis `tran': CPU = 122.925 s (2m  2.9s), elapsed = 60.6997 s (1m  0.7s), util. = 203%. {"history": "MonteCarlo.6", "point": 134, "testname": "PTAT_MC", "cornername": "Nominal"}
[2026-06-05 17:09:53.047 Z] [INFO] [cadence.virtuoso.ade.simulationMonitor] - Peak resident memory used = 565 Mbytes. {"history": "MonteCarlo.6", "point": 134, "testname": "PTAT_MC", "cornername": "Nominal"}
[2026-06-05 17:09:53.048 Z] [INFO] [cadence.virtuoso.ade.simulationMonitor] - Notice from spectre during transient analysis `tran', during Monte Carlo analysis `mc1'.
    312 notices suppressed.
    1457 warnings suppressed. {"history": "MonteCarlo.6", "point": 134, "testname": "PTAT_MC", "cornername": "Nominal"}
[2026-06-05 17:09:54.051 Z] [INFO] [cadence.virtuoso.ade.simulationMonitor] - Notice from spectre in `vert10':`I2.I56|Q2(31)', in `Potentiostat_cpoly_8_Poten_PTAT2_av_extracted':`I2', during Monte Carlo analysis `mc1'.
    I2.I56|Q2(31).bjtinsub: `minr' has the unusually small value of 10 fOhm. {"history": "MonteCarlo.6", "point": 134, "testname": "PTAT_MC", "cornername": "Nominal"}
[2026-06-05 17:09:54.058 Z] [INFO] [cadence.virtuoso.ade.simulationMonitor] - Notice from spectre in `vert10':`I2.I56|Q2(30)', in `Potentiostat_cpoly_8_Poten_PTAT2_av_extracted':`I2', during Monte Carlo analysis `mc1'.
    I2.I56|Q2(30).bjtinsub: `minr' has the unusually small value of 10 fOhm. {"history": "MonteCarlo.6", "point": 134, "testname": "PTAT_MC", "cornername": "Nominal"}
[2026-06-05 17:09:54.058 Z] [INFO] [cadence.virtuoso.ade.simulationMonitor] - Notice from spectre in `vert10':`I2.I56|Q2(29)', in `Potentiostat_cpoly_8_Poten_PTAT2_av_extracted':`I2', during Monte Carlo analysis `mc1'.
    I2.I56|Q2(29).bjtinsub: `minr' has the unusually small value of 10 fOhm. {"history": "MonteCarlo.6", "point": 134, "testname": "PTAT_MC", "cornername": "Nominal"}
[2026-06-05 17:09:54.059 Z] [INFO] [cadence.virtuoso.ade.simulationMonitor] - Notice from spectre in `vert10':`I2.I56|Q2(28)', in `Potentiostat_cpoly_8_Poten_PTAT2_av_extracted':`I2', during Monte Carlo analysis `mc1'.
    I2.I56|Q2(28).bjtinsub: `minr' has the unusually small value of 10 fOhm. {"history": "MonteCarlo.6", "point": 134, "testname": "PTAT_MC", "cornername": "Nominal"}
[2026-06-05 17:09:54.060 Z] [INFO] [cadence.virtuoso.ade.simulationMonitor] - Notice from spectre in `vert10':`I2.I56|Q2(27)', in `Potentiostat_cpoly_8_Poten_PTAT2_av_extracted':`I2', during Monte Carlo analysis `mc1'.
    I2.I56|Q2(27).bjtinsub: `minr' has the unusually small value of 10 fOhm.
        Further occurrences of this notice will be suppressed. {"history": "MonteCarlo.6", "point": 134, "testname": "PTAT_MC", "cornername": "Nominal"}
[2026-06-05 17:09:54.061 Z] [INFO] [cadence.virtuoso.ade.simulationMonitor] - Notice from spectre during Monte Carlo analysis `mc1'.
    V8: `period' has the unusually large value of 100 s.
    V7: `period' has the unusually large value of 10 s.
    V3: `period' has the unusually large value of 6 s.
    I26: `period' has the unusually large value of 6 s. {"history": "MonteCarlo.6", "point": 134, "testname": "PTAT_MC", "cornername": "Nominal"}
[2026-06-05 17:09:54.061 Z] [PROCESS] [cadence.virtuoso.ade.simulationMonitor] - Finished simulating for one iteration {"hostname": "il2244vt26_hrahimi", "processid": 3405815, "history": "MonteCarlo.6", "testname": "PTAT_MC", "cornername": "Nominal", "point": 134, "logfile": "/home/hrahimi/projects/POTENTIOSTAT_26/logs_hrahimi/logs0/Job102.log", "simid": "1"}
[2026-06-05 17:09:54.062 Z] [PROCESS] [cadence.virtuoso.ade.simulationMonitor] - Started Simulation {"hostname": "il2244vt26_hrahimi", "processid": 3405815, "history": "MonteCarlo.6", "testname": "PTAT_MC", "cornername": "Nominal", "point": 135, "logfile": "/home/hrahimi/projects/POTENTIOSTAT_26/logs_hrahimi/logs0/Job102.log", "event": "started", "task": "simulation"}
[2026-06-05 17:09:54.566 Z] [WARN] [cadence.virtuoso.ade.simulationMonitor] -     WARNING (CMI-2425): I7.I4|C1(10): `Acde' = 2.393 is unusually large. {"history": "MonteCarlo.6", "point": 135, "testname": "PTAT_MC", "cornername": "Nominal"}
[2026-06-05 17:09:54.568 Z] [WARN] [cadence.virtuoso.ade.simulationMonitor] -     WARNING (CMI-2425): I7.I4|C1(10): `Noff' = 4.732 is unusually large. {"history": "MonteCarlo.6", "point": 135, "testname": "PTAT_MC", "cornername": "Nominal"}
[2026-06-05 17:09:54.568 Z] [WARN] [cadence.virtuoso.ade.simulationMonitor] -     WARNING (CMI-2424): I7.I4|C1(10): `Voffcv' = -867.4e-03 is unusually small. {"history": "MonteCarlo.6", "point": 135, "testname": "PTAT_MC", "cornername": "Nominal"}
[2026-06-05 17:09:54.569 Z] [WARN] [cadence.virtuoso.ade.simulationMonitor] -     WARNING (CMI-2425): I7.I4|C1(9): `Acde' = 2.393 is unusually large. {"history": "MonteCarlo.6", "point": 135, "testname": "PTAT_MC", "cornername": "Nominal"}
[2026-06-05 17:09:54.570 Z] [WARN] [cadence.virtuoso.ade.simulationMonitor] -     WARNING (CMI-2425): I7.I4|C1(9): `Noff' = 4.732 is unusually large. {"history": "MonteCarlo.6", "point": 135, "testname": "PTAT_MC", "cornername": "Nominal"}
[2026-06-05 17:09:54.570 Z] [WARN] [cadence.virtuoso.ade.simulationMonitor] -     WARNING (CMI-2424): I7.I4|C1(9): `Voffcv' = -867.4e-03 is unusually small. {"history": "MonteCarlo.6", "point": 135, "testname": "PTAT_MC", "cornername": "Nominal"}
[2026-06-05 17:09:54.570 Z] [WARN] [cadence.virtuoso.ade.simulationMonitor] -     WARNING (CMI-2425): I7.I4|C1(8): `Acde' = 2.393 is unusually large.
        Further occurrences of this warning will be suppressed. {"history": "MonteCarlo.6", "point": 135, "testname": "PTAT_MC", "cornername": "Nominal"}
[2026-06-05 17:09:54.571 Z] [WARN] [cadence.virtuoso.ade.simulationMonitor] -     WARNING (CMI-2424): I7.I4|C1(8): `Voffcv' = -867.4e-03 is unusually small. {"history": "MonteCarlo.6", "point": 135, "testname": "PTAT_MC", "cornername": "Nominal"}
[2026-06-05 17:09:54.571 Z] [WARN] [cadence.virtuoso.ade.simulationMonitor] -     WARNING (CMI-2424): I7.I4|C1(7): `Voffcv' = -867.4e-03 is unusually small. {"history": "MonteCarlo.6", "point": 135, "testname": "PTAT_MC", "cornername": "Nominal"}
[2026-06-05 17:09:54.571 Z] [WARN] [cadence.virtuoso.ade.simulationMonitor] -     WARNING (CMI-2424): I7.I4|C1(6): `Voffcv' = -867.4e-03 is unusually small.
        Further occurrences of this warning will be suppressed. {"history": "MonteCarlo.6", "point": 135, "testname": "PTAT_MC", "cornername": "Nominal"}
[2026-06-05 17:09:56.075 Z] [INFO] [cadence.virtuoso.ade.simulationMonitor] - Notice from spectre during IC analysis, during transient analysis `tran', during Monte Carlo analysis `mc1'.
    Bad pivoting is found during DC analysis. Option dc_pivot_check=yes is recommended for possible improvement of convergence. {"history": "MonteCarlo.6", "point": 135, "testname": "PTAT_MC", "cornername": "Nominal"}
[2026-06-05 17:09:56.075 Z] [WARN] [cadence.virtuoso.ade.simulationMonitor] -     WARNING (CMI-2943): Parameter checks have been ignored because the valid value for parameter 'trise' could not be found in 'C0'. {"history": "MonteCarlo.6", "point": 135, "testname": "PTAT_MC", "cornername": "Nominal"}
[2026-06-05 17:09:56.075 Z] [WARN] [cadence.virtuoso.ade.simulationMonitor] -     WARNING (CMI-2943): Parameter checks have been ignored because the valid value for parameter 'trise' could not be found in 'C1'. {"history": "MonteCarlo.6", "point": 135, "testname": "PTAT_MC", "cornername": "Nominal"}
[2026-06-05 17:09:56.075 Z] [WARN] [cadence.virtuoso.ade.simulationMonitor] -     WARNING (CMI-2943): Parameter checks have been ignored because the valid value for parameter 'trise' could not be found in 'C11'. {"history": "MonteCarlo.6", "point": 135, "testname": "PTAT_MC", "cornername": "Nominal"}
[2026-06-05 17:09:56.076 Z] [WARN] [cadence.virtuoso.ade.simulationMonitor] -     WARNING (CMI-2943): Parameter checks have been ignored because the valid value for parameter 'trise' could not be found in 'C12'. {"history": "MonteCarlo.6", "point": 135, "testname": "PTAT_MC", "cornername": "Nominal"}
[2026-06-05 17:09:56.076 Z] [WARN] [cadence.virtuoso.ade.simulationMonitor] -     WARNING (CMI-2943): Parameter checks have been ignored because the valid value for parameter 'trise' could not be found in 'C5'.
        Further occurrences of this warning will be suppressed. {"history": "MonteCarlo.6", "point": 135, "testname": "PTAT_MC", "cornername": "Nominal"}
[2026-06-05 17:10:52.325 Z] [INFO] [cadence.virtuoso.ade.simulationMonitor] - Total time required for tran analysis `tran': CPU = 119.198 s (1m  59.2s), elapsed = 57.5014 s, util. = 207%. {"history": "MonteCarlo.6", "point": 135, "testname": "PTAT_MC", "cornername": "Nominal"}
[2026-06-05 17:10:52.325 Z] [INFO] [cadence.virtuoso.ade.simulationMonitor] - Peak resident memory used = 570 Mbytes. {"history": "MonteCarlo.6", "point": 135, "testname": "PTAT_MC", "cornername": "Nominal"}
[2026-06-05 17:10:52.326 Z] [INFO] [cadence.virtuoso.ade.simulationMonitor] - Notice from spectre during transient analysis `tran', during Monte Carlo analysis `mc1'.
    168 notices suppressed.
    1457 warnings suppressed. {"history": "MonteCarlo.6", "point": 135, "testname": "PTAT_MC", "cornername": "Nominal"}
[2026-06-05 17:10:53.328 Z] [PROCESS] [cadence.virtuoso.ade.simulationMonitor] - Finished simulating for one iteration {"hostname": "il2244vt26_hrahimi", "processid": 3405815, "history": "MonteCarlo.6", "testname": "PTAT_MC", "cornername": "Nominal", "point": 135, "logfile": "/home/hrahimi/projects/POTENTIOSTAT_26/logs_hrahimi/logs0/Job102.log", "simid": "1"}
[2026-06-05 17:10:53.332 Z] [PROCESS] [cadence.virtuoso.ade.simulationMonitor] - Started Simulation {"hostname": "il2244vt26_hrahimi", "processid": 3405815, "history": "MonteCarlo.6", "testname": "PTAT_MC", "cornername": "Nominal", "point": 136, "logfile": "/home/hrahimi/projects/POTENTIOSTAT_26/logs_hrahimi/logs0/Job102.log", "event": "started", "task": "simulation"}
[2026-06-05 17:10:53.858 Z] [INFO] [cadence.virtuoso.ade.simulationMonitor] - Notice from spectre in `vert10':`I2.I56|Q2(31)', in `Potentiostat_cpoly_8_Poten_PTAT2_av_extracted':`I2', during Monte Carlo analysis `mc1'.
    I2.I56|Q2(31).bjtinsub: `rbm' has the unusually small value of 929.959 mOhm.
    I2.I56|Q2(31).bjtinsub: `minr' has the unusually small value of 10 fOhm. {"history": "MonteCarlo.6", "point": 136, "testname": "PTAT_MC", "cornername": "Nominal"}
[2026-06-05 17:10:53.863 Z] [INFO] [cadence.virtuoso.ade.simulationMonitor] - Notice from spectre in `vert10':`I2.I56|Q2(30)', in `Potentiostat_cpoly_8_Poten_PTAT2_av_extracted':`I2', during Monte Carlo analysis `mc1'.
    I2.I56|Q2(30).bjtinsub: `rbm' has the unusually small value of 929.959 mOhm.
    I2.I56|Q2(30).bjtinsub: `minr' has the unusually small value of 10 fOhm. {"history": "MonteCarlo.6", "point": 136, "testname": "PTAT_MC", "cornername": "Nominal"}
[2026-06-05 17:10:53.863 Z] [INFO] [cadence.virtuoso.ade.simulationMonitor] - Notice from spectre in `vert10':`I2.I56|Q2(29)', in `Potentiostat_cpoly_8_Poten_PTAT2_av_extracted':`I2', during Monte Carlo analysis `mc1'.
    I2.I56|Q2(29).bjtinsub: `rbm' has the unusually small value of 929.959 mOhm.
        Further occurrences of this notice will be suppressed. {"history": "MonteCarlo.6", "point": 136, "testname": "PTAT_MC", "cornername": "Nominal"}
[2026-06-05 17:10:53.864 Z] [INFO] [cadence.virtuoso.ade.simulationMonitor] - Notice from spectre during Monte Carlo analysis `mc1'.
    V8: `period' has the unusually large value of 100 s.
    V7: `period' has the unusually large value of 10 s.
    V3: `period' has the unusually large value of 6 s.
    I26: `period' has the unusually large value of 6 s. {"history": "MonteCarlo.6", "point": 136, "testname": "PTAT_MC", "cornername": "Nominal"}
[2026-06-05 17:10:54.374 Z] [WARN] [cadence.virtuoso.ade.simulationMonitor] -     WARNING (CMI-2425): I7.I4|C1(10): `Acde' = 2.393 is unusually large. {"history": "MonteCarlo.6", "point": 136, "testname": "PTAT_MC", "cornername": "Nominal"}
[2026-06-05 17:10:54.375 Z] [WARN] [cadence.virtuoso.ade.simulationMonitor] -     WARNING (CMI-2425): I7.I4|C1(10): `Noff' = 4.732 is unusually large. {"history": "MonteCarlo.6", "point": 136, "testname": "PTAT_MC", "cornername": "Nominal"}
[2026-06-05 17:10:54.376 Z] [WARN] [cadence.virtuoso.ade.simulationMonitor] -     WARNING (CMI-2424): I7.I4|C1(10): `Voffcv' = -867.4e-03 is unusually small. {"history": "MonteCarlo.6", "point": 136, "testname": "PTAT_MC", "cornername": "Nominal"}
[2026-06-05 17:10:54.376 Z] [WARN] [cadence.virtuoso.ade.simulationMonitor] -     WARNING (CMI-2425): I7.I4|C1(9): `Acde' = 2.393 is unusually large. {"history": "MonteCarlo.6", "point": 136, "testname": "PTAT_MC", "cornername": "Nominal"}
[2026-06-05 17:10:54.377 Z] [WARN] [cadence.virtuoso.ade.simulationMonitor] -     WARNING (CMI-2425): I7.I4|C1(9): `Noff' = 4.732 is unusually large. {"history": "MonteCarlo.6", "point": 136, "testname": "PTAT_MC", "cornername": "Nominal"}
[2026-06-05 17:10:54.378 Z] [WARN] [cadence.virtuoso.ade.simulationMonitor] -     WARNING (CMI-2424): I7.I4|C1(9): `Voffcv' = -867.4e-03 is unusually small. {"history": "MonteCarlo.6", "point": 136, "testname": "PTAT_MC", "cornername": "Nominal"}
[2026-06-05 17:10:54.379 Z] [WARN] [cadence.virtuoso.ade.simulationMonitor] -     WARNING (CMI-2425): I7.I4|C1(8): `Acde' = 2.393 is unusually large.
        Further occurrences of this warning will be suppressed. {"history": "MonteCarlo.6", "point": 136, "testname": "PTAT_MC", "cornername": "Nominal"}
[2026-06-05 17:10:54.379 Z] [WARN] [cadence.virtuoso.ade.simulationMonitor] -     WARNING (CMI-2424): I7.I4|C1(8): `Voffcv' = -867.4e-03 is unusually small. {"history": "MonteCarlo.6", "point": 136, "testname": "PTAT_MC", "cornername": "Nominal"}
[2026-06-05 17:10:54.381 Z] [WARN] [cadence.virtuoso.ade.simulationMonitor] -     WARNING (CMI-2424): I7.I4|C1(7): `Voffcv' = -867.4e-03 is unusually small. {"history": "MonteCarlo.6", "point": 136, "testname": "PTAT_MC", "cornername": "Nominal"}
[2026-06-05 17:10:54.382 Z] [WARN] [cadence.virtuoso.ade.simulationMonitor] -     WARNING (CMI-2424): I7.I4|C1(6): `Voffcv' = -867.4e-03 is unusually small.
        Further occurrences of this warning will be suppressed. {"history": "MonteCarlo.6", "point": 136, "testname": "PTAT_MC", "cornername": "Nominal"}
[2026-06-05 17:10:54.888 Z] [INFO] [cadence.virtuoso.ade.simulationMonitor] - Notice from spectre during IC analysis, during transient analysis `tran', during Monte Carlo analysis `mc1'.
    Bad pivoting is found during DC analysis. Option dc_pivot_check=yes is recommended for possible improvement of convergence. {"history": "MonteCarlo.6", "point": 136, "testname": "PTAT_MC", "cornername": "Nominal"}
[2026-06-05 17:10:54.891 Z] [WARN] [cadence.virtuoso.ade.simulationMonitor] -     WARNING (CMI-2943): Parameter checks have been ignored because the valid value for parameter 'trise' could not be found in 'C0'. {"history": "MonteCarlo.6", "point": 136, "testname": "PTAT_MC", "cornername": "Nominal"}
[2026-06-05 17:10:54.893 Z] [WARN] [cadence.virtuoso.ade.simulationMonitor] -     WARNING (CMI-2943): Parameter checks have been ignored because the valid value for parameter 'trise' could not be found in 'C1'. {"history": "MonteCarlo.6", "point": 136, "testname": "PTAT_MC", "cornername": "Nominal"}
[2026-06-05 17:10:54.895 Z] [WARN] [cadence.virtuoso.ade.simulationMonitor] -     WARNING (CMI-2943): Parameter checks have been ignored because the valid value for parameter 'trise' could not be found in 'C11'. {"history": "MonteCarlo.6", "point": 136, "testname": "PTAT_MC", "cornername": "Nominal"}
[2026-06-05 17:10:54.895 Z] [WARN] [cadence.virtuoso.ade.simulationMonitor] -     WARNING (CMI-2943): Parameter checks have been ignored because the valid value for parameter 'trise' could not be found in 'C12'. {"history": "MonteCarlo.6", "point": 136, "testname": "PTAT_MC", "cornername": "Nominal"}
[2026-06-05 17:10:54.897 Z] [WARN] [cadence.virtuoso.ade.simulationMonitor] -     WARNING (CMI-2943): Parameter checks have been ignored because the valid value for parameter 'trise' could not be found in 'C5'.
        Further occurrences of this warning will be suppressed. {"history": "MonteCarlo.6", "point": 136, "testname": "PTAT_MC", "cornername": "Nominal"}
[2026-06-05 17:11:40.481 Z] [INFO] [cadence.virtuoso.ade.simulationMonitor] - Total time required for tran analysis `tran': CPU = 106.646 s (1m  46.6s), elapsed = 45.8323 s, util. = 233%. {"history": "MonteCarlo.6", "point": 136, "testname": "PTAT_MC", "cornername": "Nominal"}
[2026-06-05 17:11:40.481 Z] [INFO] [cadence.virtuoso.ade.simulationMonitor] - Peak resident memory used = 574 Mbytes. {"history": "MonteCarlo.6", "point": 136, "testname": "PTAT_MC", "cornername": "Nominal"}
[2026-06-05 17:11:40.482 Z] [INFO] [cadence.virtuoso.ade.simulationMonitor] - Notice from spectre during transient analysis `tran', during Monte Carlo analysis `mc1'.
    312 notices suppressed.
    1457 warnings suppressed. {"history": "MonteCarlo.6", "point": 136, "testname": "PTAT_MC", "cornername": "Nominal"}
[2026-06-05 17:11:40.983 Z] [INFO] [cadence.virtuoso.ade.simulationMonitor] - Total time required for montecarlo analysis `mc1': CPU = 4.20085 ks (1h 10m 1s), elapsed = 1.86662 ks (31m  6.6s), util. = 225%. {"history": "MonteCarlo.6", "point": 136, "testname": "PTAT_MC", "cornername": "Nominal"}
[2026-06-05 17:11:40.983 Z] [INFO] [cadence.virtuoso.ade.simulationMonitor] - Peak resident memory used = 574 Mbytes. {"history": "MonteCarlo.6", "point": 136, "testname": "PTAT_MC", "cornername": "Nominal"}
[2026-06-05 17:11:40.984 Z] [PROCESS] [cadence.virtuoso.ade.simulationMonitor] - Finished simulating for one iteration {"hostname": "il2244vt26_hrahimi", "processid": 3405815, "history": "MonteCarlo.6", "testname": "PTAT_MC", "cornername": "Nominal", "point": 136, "logfile": "/home/hrahimi/projects/POTENTIOSTAT_26/logs_hrahimi/logs0/Job102.log", "simid": "1"}
[2026-06-05 17:11:41.488 Z] [INFO] [cadence.virtuoso.ade.simulationMonitor] - Time used: CPU = 4.21 ks (1h 10m 9s), elapsed = 1.88 ks (31m  22.5s), util. = 224%. {"history": "MonteCarlo.6", "point": 136, "testname": "PTAT_MC", "cornername": "Nominal"}
[2026-06-05 17:11:41.496 Z] [INFO] [cadence.virtuoso.ade.simulationMonitor] - Time spent in licensing: elapsed = 100 ms. {"history": "MonteCarlo.6", "point": 136, "testname": "PTAT_MC", "cornername": "Nominal"}
[2026-06-05 17:11:41.498 Z] [INFO] [cadence.virtuoso.ade.simulationMonitor] - Peak memory used = 574 Mbytes. {"history": "MonteCarlo.6", "point": 136, "testname": "PTAT_MC", "cornername": "Nominal"}
[2026-06-05 17:11:41.500 Z] [PROCESS] [cadence.virtuoso.ade.simulationMonitor] - Simulation started at: 4:40:18 PM, Fri Jun 5, 2026, ended at: 5:11:40 PM, Fri Jun 5, 2026, with elapsed time (wall clock): 1.88 ks (31m  22.5s). {"history": "MonteCarlo.6", "point": 103, "testname": "PTAT_MC", "cornername": "Nominal", "Points": "103 104 105 106 107 108 109 110 111 112 113 114 115 116 117 118 119 120 121 122 123 124 125 126 127 128 129 130 131 132 133 134 135 136 "}
[2026-06-05 17:11:41.501 Z] [PROCESS] [cadence.virtuoso.ade.simulationMonitor] - spectre completes with 0 errors, 559 warnings, and 431 notices. {"history": "MonteCarlo.6", "point": 103, "testname": "PTAT_MC", "cornername": "Nominal", "Points": "103 104 105 106 107 108 109 110 111 112 113 114 115 116 117 118 119 120 121 122 123 124 125 126 127 128 129 130 131 132 133 134 135 136 "}
[2026-06-05 17:11:41.502 Z] [PROCESS] [cadence.virtuoso.ade.simulationMonitor] - Simulator exited {"hostname": "il2244vt26_hrahimi", "processid": 3405815, "history": "MonteCarlo.6", "testname": "PTAT_MC", "cornername": "Nominal", "point": 136, "logfile": "/home/hrahimi/projects/POTENTIOSTAT_26/logs_hrahimi/logs0/Job102.log", "exitStatus": "0"}
[2026-06-05 17:11:41.503 Z] [PROCESS] [cadence.virtuoso.ade.simulationMonitor] - Finished Simulation {"hostname": "il2244vt26_hrahimi", "processid": 3405815, "history": "MonteCarlo.6", "testname": "PTAT_MC", "cornername": "Nominal", "point": 103, "logfile": "/home/hrahimi/projects/POTENTIOSTAT_26/logs_hrahimi/logs0/Job102.log", "simid": "1"}
[2026-06-05 17:11:44.514 Z] [PROCESS] [cadence.virtuoso.ade.simulationMonitor] - Point Finished {"hostname": "il2244vt26_hrahimi", "processid": 3405815, "history": "MonteCarlo.6", "testname": "PTAT_MC", "cornername": "Nominal", "point": 103, "logfile": "/home/hrahimi/projects/POTENTIOSTAT_26/logs_hrahimi/logs0/Job102.log"}
[2026-06-05 17:11:44.519 Z] [PROCESS] [cadence.virtuoso.ade.simulationMonitor] - Stay with the runId '16', Linger time '300', currentRunSyn '32', currentTestSyn '75' {"hostname": "il2244vt26_hrahimi", "processid": 3405815, "history": "MonteCarlo.6", "testname": "PTAT_MC", "cornername": "Nominal", "point": 103, "logfile": "/home/hrahimi/projects/POTENTIOSTAT_26/logs_hrahimi/logs0/Job102.log"}
[2026-06-05 17:11:45.525 Z] [PROCESS] [cadence.virtuoso.ade.simulationMonitor] - Stay with the runId '16', Linger time '300', currentRunSyn '32', currentTestSyn '75' {"hostname": "il2244vt26_hrahimi", "processid": 3405815, "history": "MonteCarlo.6", "testname": "PTAT_MC", "cornername": "Nominal", "point": 103, "logfile": "/home/hrahimi/projects/POTENTIOSTAT_26/logs_hrahimi/logs0/Job102.log"}
[2026-06-05 17:11:46.531 Z] [PROCESS] [cadence.virtuoso.ade.simulationMonitor] - Stay with the runId '16', Linger time '300', currentRunSyn '32', currentTestSyn '75' {"hostname": "il2244vt26_hrahimi", "processid": 3405815, "history": "MonteCarlo.6", "testname": "PTAT_MC", "cornername": "Nominal", "point": 103, "logfile": "/home/hrahimi/projects/POTENTIOSTAT_26/logs_hrahimi/logs0/Job102.log"}
[2026-06-05 17:11:47.532 Z] [PROCESS] [cadence.virtuoso.ade.simulationMonitor] - Stay with the runId '16', Linger time '300', currentRunSyn '32', currentTestSyn '75' {"hostname": "il2244vt26_hrahimi", "processid": 3405815, "history": "MonteCarlo.6", "testname": "PTAT_MC", "cornername": "Nominal", "point": 103, "logfile": "/home/hrahimi/projects/POTENTIOSTAT_26/logs_hrahimi/logs0/Job102.log"}
[2026-06-05 17:11:48.538 Z] [PROCESS] [cadence.virtuoso.ade.simulationMonitor] - Stay with the runId '16', Linger time '300', currentRunSyn '32', currentTestSyn '75' {"hostname": "il2244vt26_hrahimi", "processid": 3405815, "history": "MonteCarlo.6", "testname": "PTAT_MC", "cornername": "Nominal", "point": 103, "logfile": "/home/hrahimi/projects/POTENTIOSTAT_26/logs_hrahimi/logs0/Job102.log"}
[2026-06-05 17:11:49.542 Z] [PROCESS] [cadence.virtuoso.ade.simulationMonitor] - Stay with the runId '16', Linger time '300', currentRunSyn '32', currentTestSyn '75' {"hostname": "il2244vt26_hrahimi", "processid": 3405815, "history": "MonteCarlo.6", "testname": "PTAT_MC", "cornername": "Nominal", "point": 103, "logfile": "/home/hrahimi/projects/POTENTIOSTAT_26/logs_hrahimi/logs0/Job102.log"}
[2026-06-05 17:11:50.543 Z] [PROCESS] [cadence.virtuoso.ade.simulationMonitor] - Stay with the runId '16', Linger time '300', currentRunSyn '32', currentTestSyn '75' {"hostname": "il2244vt26_hrahimi", "processid": 3405815, "history": "MonteCarlo.6", "testname": "PTAT_MC", "cornername": "Nominal", "point": 103, "logfile": "/home/hrahimi/projects/POTENTIOSTAT_26/logs_hrahimi/logs0/Job102.log"}
[2026-06-05 17:11:51.552 Z] [PROCESS] [cadence.virtuoso.ade.simulationMonitor] - Stay with the runId '16', Linger time '300', currentRunSyn '32', currentTestSyn '75' {"hostname": "il2244vt26_hrahimi", "processid": 3405815, "history": "MonteCarlo.6", "testname": "PTAT_MC", "cornername": "Nominal", "point": 103, "logfile": "/home/hrahimi/projects/POTENTIOSTAT_26/logs_hrahimi/logs0/Job102.log"}
[2026-06-05 17:11:52.555 Z] [PROCESS] [cadence.virtuoso.ade.simulationMonitor] - Stay with the runId '16', Linger time '300', currentRunSyn '32', currentTestSyn '75' {"hostname": "il2244vt26_hrahimi", "processid": 3405815, "history": "MonteCarlo.6", "testname": "PTAT_MC", "cornername": "Nominal", "point": 103, "logfile": "/home/hrahimi/projects/POTENTIOSTAT_26/logs_hrahimi/logs0/Job102.log"}
[2026-06-05 17:11:53.560 Z] [PROCESS] [cadence.virtuoso.ade.simulationMonitor] - Stay with the runId '16', Linger time '300', currentRunSyn '32', currentTestSyn '75' {"hostname": "il2244vt26_hrahimi", "processid": 3405815, "history": "MonteCarlo.6", "testname": "PTAT_MC", "cornername": "Nominal", "point": 103, "logfile": "/home/hrahimi/projects/POTENTIOSTAT_26/logs_hrahimi/logs0/Job102.log"}
[2026-06-05 17:11:54.565 Z] [PROCESS] [cadence.virtuoso.ade.simulationMonitor] - Stay with the runId '16', Linger time '300', currentRunSyn '32', currentTestSyn '75' {"hostname": "il2244vt26_hrahimi", "processid": 3405815, "history": "MonteCarlo.6", "testname": "PTAT_MC", "cornername": "Nominal", "point": 103, "logfile": "/home/hrahimi/projects/POTENTIOSTAT_26/logs_hrahimi/logs0/Job102.log"}
[2026-06-05 17:11:55.566 Z] [PROCESS] [cadence.virtuoso.ade.simulationMonitor] - Stay with the runId '16', Linger time '300', currentRunSyn '32', currentTestSyn '75' {"hostname": "il2244vt26_hrahimi", "processid": 3405815, "history": "MonteCarlo.6", "testname": "PTAT_MC", "cornername": "Nominal", "point": 103, "logfile": "/home/hrahimi/projects/POTENTIOSTAT_26/logs_hrahimi/logs0/Job102.log"}
[2026-06-05 17:11:56.567 Z] [PROCESS] [cadence.virtuoso.ade.simulationMonitor] - Stay with the runId '16', Linger time '300', currentRunSyn '32', currentTestSyn '75' {"hostname": "il2244vt26_hrahimi", "processid": 3405815, "history": "MonteCarlo.6", "testname": "PTAT_MC", "cornername": "Nominal", "point": 103, "logfile": "/home/hrahimi/projects/POTENTIOSTAT_26/logs_hrahimi/logs0/Job102.log"}
[2026-06-05 17:11:57.568 Z] [PROCESS] [cadence.virtuoso.ade.simulationMonitor] - Stay with the runId '16', Linger time '300', currentRunSyn '32', currentTestSyn '75' {"hostname": "il2244vt26_hrahimi", "processid": 3405815, "history": "MonteCarlo.6", "testname": "PTAT_MC", "cornername": "Nominal", "point": 103, "logfile": "/home/hrahimi/projects/POTENTIOSTAT_26/logs_hrahimi/logs0/Job102.log"}
[2026-06-05 17:11:58.568 Z] [PROCESS] [cadence.virtuoso.ade.simulationMonitor] - Stay with the runId '16', Linger time '300', currentRunSyn '32', currentTestSyn '75' {"hostname": "il2244vt26_hrahimi", "processid": 3405815, "history": "MonteCarlo.6", "testname": "PTAT_MC", "cornername": "Nominal", "point": 103, "logfile": "/home/hrahimi/projects/POTENTIOSTAT_26/logs_hrahimi/logs0/Job102.log"}
[2026-06-05 17:11:59.571 Z] [PROCESS] [cadence.virtuoso.ade.simulationMonitor] - Stay with the runId '16', Linger time '300', currentRunSyn '32', currentTestSyn '75' {"hostname": "il2244vt26_hrahimi", "processid": 3405815, "history": "MonteCarlo.6", "testname": "PTAT_MC", "cornername": "Nominal", "point": 103, "logfile": "/home/hrahimi/projects/POTENTIOSTAT_26/logs_hrahimi/logs0/Job102.log"}
[2026-06-05 17:12:00.576 Z] [PROCESS] [cadence.virtuoso.ade.simulationMonitor] - Stay with the runId '16', Linger time '300', currentRunSyn '32', currentTestSyn '75' {"hostname": "il2244vt26_hrahimi", "processid": 3405815, "history": "MonteCarlo.6", "testname": "PTAT_MC", "cornername": "Nominal", "point": 103, "logfile": "/home/hrahimi/projects/POTENTIOSTAT_26/logs_hrahimi/logs0/Job102.log"}
[2026-06-05 17:12:01.580 Z] [PROCESS] [cadence.virtuoso.ade.simulationMonitor] - Stay with the runId '16', Linger time '300', currentRunSyn '32', currentTestSyn '75' {"hostname": "il2244vt26_hrahimi", "processid": 3405815, "history": "MonteCarlo.6", "testname": "PTAT_MC", "cornername": "Nominal", "point": 103, "logfile": "/home/hrahimi/projects/POTENTIOSTAT_26/logs_hrahimi/logs0/Job102.log"}
[2026-06-05 17:12:02.581 Z] [PROCESS] [cadence.virtuoso.ade.simulationMonitor] - Stay with the runId '16', Linger time '300', currentRunSyn '32', currentTestSyn '75' {"hostname": "il2244vt26_hrahimi", "processid": 3405815, "history": "MonteCarlo.6", "testname": "PTAT_MC", "cornername": "Nominal", "point": 103, "logfile": "/home/hrahimi/projects/POTENTIOSTAT_26/logs_hrahimi/logs0/Job102.log"}
[2026-06-05 17:12:03.584 Z] [PROCESS] [cadence.virtuoso.ade.simulationMonitor] - Stay with the runId '16', Linger time '300', currentRunSyn '32', currentTestSyn '75' {"hostname": "il2244vt26_hrahimi", "processid": 3405815, "history": "MonteCarlo.6", "testname": "PTAT_MC", "cornername": "Nominal", "point": 103, "logfile": "/home/hrahimi/projects/POTENTIOSTAT_26/logs_hrahimi/logs0/Job102.log"}
[2026-06-05 17:12:04.590 Z] [PROCESS] [cadence.virtuoso.ade.simulationMonitor] - Stay with the runId '16', Linger time '300', currentRunSyn '32', currentTestSyn '75' {"hostname": "il2244vt26_hrahimi", "processid": 3405815, "history": "MonteCarlo.6", "testname": "PTAT_MC", "cornername": "Nominal", "point": 103, "logfile": "/home/hrahimi/projects/POTENTIOSTAT_26/logs_hrahimi/logs0/Job102.log"}
[2026-06-05 17:12:05.597 Z] [PROCESS] [cadence.virtuoso.ade.simulationMonitor] - Stay with the runId '16', Linger time '300', currentRunSyn '32', currentTestSyn '75' {"hostname": "il2244vt26_hrahimi", "processid": 3405815, "history": "MonteCarlo.6", "testname": "PTAT_MC", "cornername": "Nominal", "point": 103, "logfile": "/home/hrahimi/projects/POTENTIOSTAT_26/logs_hrahimi/logs0/Job102.log"}
[2026-06-05 17:12:06.603 Z] [PROCESS] [cadence.virtuoso.ade.simulationMonitor] - Stay with the runId '16', Linger time '300', currentRunSyn '32', currentTestSyn '75' {"hostname": "il2244vt26_hrahimi", "processid": 3405815, "history": "MonteCarlo.6", "testname": "PTAT_MC", "cornername": "Nominal", "point": 103, "logfile": "/home/hrahimi/projects/POTENTIOSTAT_26/logs_hrahimi/logs0/Job102.log"}
[2026-06-05 17:12:07.606 Z] [PROCESS] [cadence.virtuoso.ade.simulationMonitor] - Stay with the runId '16', Linger time '300', currentRunSyn '32', currentTestSyn '75' {"hostname": "il2244vt26_hrahimi", "processid": 3405815, "history": "MonteCarlo.6", "testname": "PTAT_MC", "cornername": "Nominal", "point": 103, "logfile": "/home/hrahimi/projects/POTENTIOSTAT_26/logs_hrahimi/logs0/Job102.log"}
[2026-06-05 17:12:08.607 Z] [PROCESS] [cadence.virtuoso.ade.simulationMonitor] - Stay with the runId '16', Linger time '300', currentRunSyn '32', currentTestSyn '75' {"hostname": "il2244vt26_hrahimi", "processid": 3405815, "history": "MonteCarlo.6", "testname": "PTAT_MC", "cornername": "Nominal", "point": 103, "logfile": "/home/hrahimi/projects/POTENTIOSTAT_26/logs_hrahimi/logs0/Job102.log"}
[2026-06-05 17:12:09.610 Z] [PROCESS] [cadence.virtuoso.ade.simulationMonitor] - Stay with the runId '16', Linger time '300', currentRunSyn '32', currentTestSyn '75' {"hostname": "il2244vt26_hrahimi", "processid": 3405815, "history": "MonteCarlo.6", "testname": "PTAT_MC", "cornername": "Nominal", "point": 103, "logfile": "/home/hrahimi/projects/POTENTIOSTAT_26/logs_hrahimi/logs0/Job102.log"}
[2026-06-05 17:12:10.611 Z] [PROCESS] [cadence.virtuoso.ade.simulationMonitor] - Stay with the runId '16', Linger time '300', currentRunSyn '32', currentTestSyn '75' {"hostname": "il2244vt26_hrahimi", "processid": 3405815, "history": "MonteCarlo.6", "testname": "PTAT_MC", "cornername": "Nominal", "point": 103, "logfile": "/home/hrahimi/projects/POTENTIOSTAT_26/logs_hrahimi/logs0/Job102.log"}
[2026-06-05 17:12:11.617 Z] [PROCESS] [cadence.virtuoso.ade.simulationMonitor] - Stay with the runId '16', Linger time '300', currentRunSyn '32', currentTestSyn '75' {"hostname": "il2244vt26_hrahimi", "processid": 3405815, "history": "MonteCarlo.6", "testname": "PTAT_MC", "cornername": "Nominal", "point": 103, "logfile": "/home/hrahimi/projects/POTENTIOSTAT_26/logs_hrahimi/logs0/Job102.log"}
[2026-06-05 17:12:12.618 Z] [PROCESS] [cadence.virtuoso.ade.simulationMonitor] - Stay with the runId '16', Linger time '300', currentRunSyn '32', currentTestSyn '75' {"hostname": "il2244vt26_hrahimi", "processid": 3405815, "history": "MonteCarlo.6", "testname": "PTAT_MC", "cornername": "Nominal", "point": 103, "logfile": "/home/hrahimi/projects/POTENTIOSTAT_26/logs_hrahimi/logs0/Job102.log"}
[2026-06-05 17:12:13.621 Z] [PROCESS] [cadence.virtuoso.ade.simulationMonitor] - Stay with the runId '16', Linger time '300', currentRunSyn '32', currentTestSyn '75' {"hostname": "il2244vt26_hrahimi", "processid": 3405815, "history": "MonteCarlo.6", "testname": "PTAT_MC", "cornername": "Nominal", "point": 103, "logfile": "/home/hrahimi/projects/POTENTIOSTAT_26/logs_hrahimi/logs0/Job102.log"}
[2026-06-05 17:12:14.623 Z] [PROCESS] [cadence.virtuoso.ade.simulationMonitor] - Stay with the runId '16', Linger time '300', currentRunSyn '32', currentTestSyn '75' {"hostname": "il2244vt26_hrahimi", "processid": 3405815, "history": "MonteCarlo.6", "testname": "PTAT_MC", "cornername": "Nominal", "point": 103, "logfile": "/home/hrahimi/projects/POTENTIOSTAT_26/logs_hrahimi/logs0/Job102.log"}
[2026-06-05 17:12:15.633 Z] [PROCESS] [cadence.virtuoso.ade.simulationMonitor] - Stay with the runId '16', Linger time '300', currentRunSyn '32', currentTestSyn '75' {"hostname": "il2244vt26_hrahimi", "processid": 3405815, "history": "MonteCarlo.6", "testname": "PTAT_MC", "cornername": "Nominal", "point": 103, "logfile": "/home/hrahimi/projects/POTENTIOSTAT_26/logs_hrahimi/logs0/Job102.log"}
[2026-06-05 17:12:16.633 Z] [PROCESS] [cadence.virtuoso.ade.simulationMonitor] - Stay with the runId '16', Linger time '300', currentRunSyn '32', currentTestSyn '75' {"hostname": "il2244vt26_hrahimi", "processid": 3405815, "history": "MonteCarlo.6", "testname": "PTAT_MC", "cornername": "Nominal", "point": 103, "logfile": "/home/hrahimi/projects/POTENTIOSTAT_26/logs_hrahimi/logs0/Job102.log"}
[2026-06-05 17:12:17.636 Z] [PROCESS] [cadence.virtuoso.ade.simulationMonitor] - Stay with the runId '16', Linger time '300', currentRunSyn '32', currentTestSyn '75' {"hostname": "il2244vt26_hrahimi", "processid": 3405815, "history": "MonteCarlo.6", "testname": "PTAT_MC", "cornername": "Nominal", "point": 103, "logfile": "/home/hrahimi/projects/POTENTIOSTAT_26/logs_hrahimi/logs0/Job102.log"}
[2026-06-05 17:12:18.639 Z] [PROCESS] [cadence.virtuoso.ade.simulationMonitor] - Stay with the runId '16', Linger time '300', currentRunSyn '32', currentTestSyn '75' {"hostname": "il2244vt26_hrahimi", "processid": 3405815, "history": "MonteCarlo.6", "testname": "PTAT_MC", "cornername": "Nominal", "point": 103, "logfile": "/home/hrahimi/projects/POTENTIOSTAT_26/logs_hrahimi/logs0/Job102.log"}
[2026-06-05 17:12:19.640 Z] [PROCESS] [cadence.virtuoso.ade.simulationMonitor] - Stay with the runId '16', Linger time '300', currentRunSyn '32', currentTestSyn '75' {"hostname": "il2244vt26_hrahimi", "processid": 3405815, "history": "MonteCarlo.6", "testname": "PTAT_MC", "cornername": "Nominal", "point": 103, "logfile": "/home/hrahimi/projects/POTENTIOSTAT_26/logs_hrahimi/logs0/Job102.log"}
[2026-06-05 17:12:20.640 Z] [PROCESS] [cadence.virtuoso.ade.simulationMonitor] - Stay with the runId '16', Linger time '300', currentRunSyn '32', currentTestSyn '75' {"hostname": "il2244vt26_hrahimi", "processid": 3405815, "history": "MonteCarlo.6", "testname": "PTAT_MC", "cornername": "Nominal", "point": 103, "logfile": "/home/hrahimi/projects/POTENTIOSTAT_26/logs_hrahimi/logs0/Job102.log"}
[2026-06-05 17:12:21.642 Z] [PROCESS] [cadence.virtuoso.ade.simulationMonitor] - Stay with the runId '16', Linger time '300', currentRunSyn '32', currentTestSyn '75' {"hostname": "il2244vt26_hrahimi", "processid": 3405815, "history": "MonteCarlo.6", "testname": "PTAT_MC", "cornername": "Nominal", "point": 103, "logfile": "/home/hrahimi/projects/POTENTIOSTAT_26/logs_hrahimi/logs0/Job102.log"}
[2026-06-05 17:12:22.644 Z] [PROCESS] [cadence.virtuoso.ade.simulationMonitor] - Stay with the runId '16', Linger time '300', currentRunSyn '32', currentTestSyn '75' {"hostname": "il2244vt26_hrahimi", "processid": 3405815, "history": "MonteCarlo.6", "testname": "PTAT_MC", "cornername": "Nominal", "point": 103, "logfile": "/home/hrahimi/projects/POTENTIOSTAT_26/logs_hrahimi/logs0/Job102.log"}
[2026-06-05 17:12:23.649 Z] [PROCESS] [cadence.virtuoso.ade.simulationMonitor] - Stay with the runId '16', Linger time '300', currentRunSyn '32', currentTestSyn '75' {"hostname": "il2244vt26_hrahimi", "processid": 3405815, "history": "MonteCarlo.6", "testname": "PTAT_MC", "cornername": "Nominal", "point": 103, "logfile": "/home/hrahimi/projects/POTENTIOSTAT_26/logs_hrahimi/logs0/Job102.log"}
[2026-06-05 17:12:24.655 Z] [PROCESS] [cadence.virtuoso.ade.simulationMonitor] - Stay with the runId '16', Linger time '300', currentRunSyn '32', currentTestSyn '75' {"hostname": "il2244vt26_hrahimi", "processid": 3405815, "history": "MonteCarlo.6", "testname": "PTAT_MC", "cornername": "Nominal", "point": 103, "logfile": "/home/hrahimi/projects/POTENTIOSTAT_26/logs_hrahimi/logs0/Job102.log"}
[2026-06-05 17:12:25.656 Z] [PROCESS] [cadence.virtuoso.ade.simulationMonitor] - Stay with the runId '16', Linger time '300', currentRunSyn '32', currentTestSyn '75' {"hostname": "il2244vt26_hrahimi", "processid": 3405815, "history": "MonteCarlo.6", "testname": "PTAT_MC", "cornername": "Nominal", "point": 103, "logfile": "/home/hrahimi/projects/POTENTIOSTAT_26/logs_hrahimi/logs0/Job102.log"}
[2026-06-05 17:12:26.656 Z] [PROCESS] [cadence.virtuoso.ade.simulationMonitor] - Stay with the runId '16', Linger time '300', currentRunSyn '32', currentTestSyn '75' {"hostname": "il2244vt26_hrahimi", "processid": 3405815, "history": "MonteCarlo.6", "testname": "PTAT_MC", "cornername": "Nominal", "point": 103, "logfile": "/home/hrahimi/projects/POTENTIOSTAT_26/logs_hrahimi/logs0/Job102.log"}
[2026-06-05 17:12:27.661 Z] [PROCESS] [cadence.virtuoso.ade.simulationMonitor] - Stay with the runId '16', Linger time '300', currentRunSyn '32', currentTestSyn '75' {"hostname": "il2244vt26_hrahimi", "processid": 3405815, "history": "MonteCarlo.6", "testname": "PTAT_MC", "cornername": "Nominal", "point": 103, "logfile": "/home/hrahimi/projects/POTENTIOSTAT_26/logs_hrahimi/logs0/Job102.log"}
[2026-06-05 17:12:28.663 Z] [PROCESS] [cadence.virtuoso.ade.simulationMonitor] - Stay with the runId '16', Linger time '300', currentRunSyn '32', currentTestSyn '75' {"hostname": "il2244vt26_hrahimi", "processid": 3405815, "history": "MonteCarlo.6", "testname": "PTAT_MC", "cornername": "Nominal", "point": 103, "logfile": "/home/hrahimi/projects/POTENTIOSTAT_26/logs_hrahimi/logs0/Job102.log"}
[2026-06-05 17:12:29.669 Z] [PROCESS] [cadence.virtuoso.ade.simulationMonitor] - Stay with the runId '16', Linger time '300', currentRunSyn '32', currentTestSyn '75' {"hostname": "il2244vt26_hrahimi", "processid": 3405815, "history": "MonteCarlo.6", "testname": "PTAT_MC", "cornername": "Nominal", "point": 103, "logfile": "/home/hrahimi/projects/POTENTIOSTAT_26/logs_hrahimi/logs0/Job102.log"}
[2026-06-05 17:12:30.669 Z] [PROCESS] [cadence.virtuoso.ade.simulationMonitor] - Stay with the runId '16', Linger time '300', currentRunSyn '32', currentTestSyn '75' {"hostname": "il2244vt26_hrahimi", "processid": 3405815, "history": "MonteCarlo.6", "testname": "PTAT_MC", "cornername": "Nominal", "point": 103, "logfile": "/home/hrahimi/projects/POTENTIOSTAT_26/logs_hrahimi/logs0/Job102.log"}
[2026-06-05 17:12:31.670 Z] [PROCESS] [cadence.virtuoso.ade.simulationMonitor] - Stay with the runId '16', Linger time '300', currentRunSyn '32', currentTestSyn '75' {"hostname": "il2244vt26_hrahimi", "processid": 3405815, "history": "MonteCarlo.6", "testname": "PTAT_MC", "cornername": "Nominal", "point": 103, "logfile": "/home/hrahimi/projects/POTENTIOSTAT_26/logs_hrahimi/logs0/Job102.log"}
[2026-06-05 17:12:32.690 Z] [PROCESS] [cadence.virtuoso.ade.simulationMonitor] - Stay with the runId '16', Linger time '300', currentRunSyn '32', currentTestSyn '75' {"hostname": "il2244vt26_hrahimi", "processid": 3405815, "history": "MonteCarlo.6", "testname": "PTAT_MC", "cornername": "Nominal", "point": 103, "logfile": "/home/hrahimi/projects/POTENTIOSTAT_26/logs_hrahimi/logs0/Job102.log"}
[2026-06-05 17:12:33.676 Z] [PROCESS] [cadence.virtuoso.ade.simulationMonitor] - Stay with the runId '16', Linger time '300', currentRunSyn '32', currentTestSyn '75' {"hostname": "il2244vt26_hrahimi", "processid": 3405815, "history": "MonteCarlo.6", "testname": "PTAT_MC", "cornername": "Nominal", "point": 103, "logfile": "/home/hrahimi/projects/POTENTIOSTAT_26/logs_hrahimi/logs0/Job102.log"}
[2026-06-05 17:12:34.679 Z] [PROCESS] [cadence.virtuoso.ade.simulationMonitor] - Stay with the runId '16', Linger time '300', currentRunSyn '32', currentTestSyn '75' {"hostname": "il2244vt26_hrahimi", "processid": 3405815, "history": "MonteCarlo.6", "testname": "PTAT_MC", "cornername": "Nominal", "point": 103, "logfile": "/home/hrahimi/projects/POTENTIOSTAT_26/logs_hrahimi/logs0/Job102.log"}
[2026-06-05 17:12:35.681 Z] [PROCESS] [cadence.virtuoso.ade.simulationMonitor] - Stay with the runId '16', Linger time '300', currentRunSyn '32', currentTestSyn '75' {"hostname": "il2244vt26_hrahimi", "processid": 3405815, "history": "MonteCarlo.6", "testname": "PTAT_MC", "cornername": "Nominal", "point": 103, "logfile": "/home/hrahimi/projects/POTENTIOSTAT_26/logs_hrahimi/logs0/Job102.log"}
[2026-06-05 17:12:36.681 Z] [PROCESS] [cadence.virtuoso.ade.simulationMonitor] - Stay with the runId '16', Linger time '300', currentRunSyn '32', currentTestSyn '75' {"hostname": "il2244vt26_hrahimi", "processid": 3405815, "history": "MonteCarlo.6", "testname": "PTAT_MC", "cornername": "Nominal", "point": 103, "logfile": "/home/hrahimi/projects/POTENTIOSTAT_26/logs_hrahimi/logs0/Job102.log"}
[2026-06-05 17:12:37.684 Z] [PROCESS] [cadence.virtuoso.ade.simulationMonitor] - Stay with the runId '16', Linger time '300', currentRunSyn '32', currentTestSyn '75' {"hostname": "il2244vt26_hrahimi", "processid": 3405815, "history": "MonteCarlo.6", "testname": "PTAT_MC", "cornername": "Nominal", "point": 103, "logfile": "/home/hrahimi/projects/POTENTIOSTAT_26/logs_hrahimi/logs0/Job102.log"}
[2026-06-05 17:12:38.685 Z] [PROCESS] [cadence.virtuoso.ade.simulationMonitor] - Stay with the runId '16', Linger time '300', currentRunSyn '32', currentTestSyn '75' {"hostname": "il2244vt26_hrahimi", "processid": 3405815, "history": "MonteCarlo.6", "testname": "PTAT_MC", "cornername": "Nominal", "point": 103, "logfile": "/home/hrahimi/projects/POTENTIOSTAT_26/logs_hrahimi/logs0/Job102.log"}
[2026-06-05 17:12:39.688 Z] [PROCESS] [cadence.virtuoso.ade.simulationMonitor] - Stay with the runId '16', Linger time '300', currentRunSyn '32', currentTestSyn '75' {"hostname": "il2244vt26_hrahimi", "processid": 3405815, "history": "MonteCarlo.6", "testname": "PTAT_MC", "cornername": "Nominal", "point": 103, "logfile": "/home/hrahimi/projects/POTENTIOSTAT_26/logs_hrahimi/logs0/Job102.log"}
[2026-06-05 17:12:40.690 Z] [PROCESS] [cadence.virtuoso.ade.simulationMonitor] - Stay with the runId '16', Linger time '300', currentRunSyn '32', currentTestSyn '75' {"hostname": "il2244vt26_hrahimi", "processid": 3405815, "history": "MonteCarlo.6", "testname": "PTAT_MC", "cornername": "Nominal", "point": 103, "logfile": "/home/hrahimi/projects/POTENTIOSTAT_26/logs_hrahimi/logs0/Job102.log"}
[2026-06-05 17:12:41.692 Z] [PROCESS] [cadence.virtuoso.ade.simulationMonitor] - Stay with the runId '16', Linger time '300', currentRunSyn '32', currentTestSyn '75' {"hostname": "il2244vt26_hrahimi", "processid": 3405815, "history": "MonteCarlo.6", "testname": "PTAT_MC", "cornername": "Nominal", "point": 103, "logfile": "/home/hrahimi/projects/POTENTIOSTAT_26/logs_hrahimi/logs0/Job102.log"}
[2026-06-05 17:12:42.698 Z] [PROCESS] [cadence.virtuoso.ade.simulationMonitor] - Stay with the runId '16', Linger time '300', currentRunSyn '32', currentTestSyn '75' {"hostname": "il2244vt26_hrahimi", "processid": 3405815, "history": "MonteCarlo.6", "testname": "PTAT_MC", "cornername": "Nominal", "point": 103, "logfile": "/home/hrahimi/projects/POTENTIOSTAT_26/logs_hrahimi/logs0/Job102.log"}
[2026-06-05 17:12:43.699 Z] [PROCESS] [cadence.virtuoso.ade.simulationMonitor] - Stay with the runId '16', Linger time '300', currentRunSyn '32', currentTestSyn '75' {"hostname": "il2244vt26_hrahimi", "processid": 3405815, "history": "MonteCarlo.6", "testname": "PTAT_MC", "cornername": "Nominal", "point": 103, "logfile": "/home/hrahimi/projects/POTENTIOSTAT_26/logs_hrahimi/logs0/Job102.log"}
[2026-06-05 17:12:44.700 Z] [PROCESS] [cadence.virtuoso.ade.simulationMonitor] - Stay with the runId '16', Linger time '300', currentRunSyn '32', currentTestSyn '75' {"hostname": "il2244vt26_hrahimi", "processid": 3405815, "history": "MonteCarlo.6", "testname": "PTAT_MC", "cornername": "Nominal", "point": 103, "logfile": "/home/hrahimi/projects/POTENTIOSTAT_26/logs_hrahimi/logs0/Job102.log"}
[2026-06-05 17:12:45.703 Z] [PROCESS] [cadence.virtuoso.ade.simulationMonitor] - Stay with the runId '16', Linger time '300', currentRunSyn '32', currentTestSyn '75' {"hostname": "il2244vt26_hrahimi", "processid": 3405815, "history": "MonteCarlo.6", "testname": "PTAT_MC", "cornername": "Nominal", "point": 103, "logfile": "/home/hrahimi/projects/POTENTIOSTAT_26/logs_hrahimi/logs0/Job102.log"}
[2026-06-05 17:12:46.705 Z] [PROCESS] [cadence.virtuoso.ade.simulationMonitor] - Stay with the runId '16', Linger time '300', currentRunSyn '32', currentTestSyn '75' {"hostname": "il2244vt26_hrahimi", "processid": 3405815, "history": "MonteCarlo.6", "testname": "PTAT_MC", "cornername": "Nominal", "point": 103, "logfile": "/home/hrahimi/projects/POTENTIOSTAT_26/logs_hrahimi/logs0/Job102.log"}
[2026-06-05 17:12:47.705 Z] [PROCESS] [cadence.virtuoso.ade.simulationMonitor] - Stay with the runId '16', Linger time '300', currentRunSyn '32', currentTestSyn '75' {"hostname": "il2244vt26_hrahimi", "processid": 3405815, "history": "MonteCarlo.6", "testname": "PTAT_MC", "cornername": "Nominal", "point": 103, "logfile": "/home/hrahimi/projects/POTENTIOSTAT_26/logs_hrahimi/logs0/Job102.log"}
[2026-06-05 17:12:48.711 Z] [PROCESS] [cadence.virtuoso.ade.simulationMonitor] - Stay with the runId '16', Linger time '300', currentRunSyn '32', currentTestSyn '75' {"hostname": "il2244vt26_hrahimi", "processid": 3405815, "history": "MonteCarlo.6", "testname": "PTAT_MC", "cornername": "Nominal", "point": 103, "logfile": "/home/hrahimi/projects/POTENTIOSTAT_26/logs_hrahimi/logs0/Job102.log"}
[2026-06-05 17:12:49.715 Z] [PROCESS] [cadence.virtuoso.ade.simulationMonitor] - Stay with the runId '16', Linger time '300', currentRunSyn '32', currentTestSyn '75' {"hostname": "il2244vt26_hrahimi", "processid": 3405815, "history": "MonteCarlo.6", "testname": "PTAT_MC", "cornername": "Nominal", "point": 103, "logfile": "/home/hrahimi/projects/POTENTIOSTAT_26/logs_hrahimi/logs0/Job102.log"}
[2026-06-05 17:12:50.717 Z] [PROCESS] [cadence.virtuoso.ade.simulationMonitor] - Stay with the runId '16', Linger time '300', currentRunSyn '32', currentTestSyn '75' {"hostname": "il2244vt26_hrahimi", "processid": 3405815, "history": "MonteCarlo.6", "testname": "PTAT_MC", "cornername": "Nominal", "point": 103, "logfile": "/home/hrahimi/projects/POTENTIOSTAT_26/logs_hrahimi/logs0/Job102.log"}
[2026-06-05 17:12:51.720 Z] [PROCESS] [cadence.virtuoso.ade.simulationMonitor] - Stay with the runId '16', Linger time '300', currentRunSyn '32', currentTestSyn '75' {"hostname": "il2244vt26_hrahimi", "processid": 3405815, "history": "MonteCarlo.6", "testname": "PTAT_MC", "cornername": "Nominal", "point": 103, "logfile": "/home/hrahimi/projects/POTENTIOSTAT_26/logs_hrahimi/logs0/Job102.log"}
[2026-06-05 17:12:52.721 Z] [PROCESS] [cadence.virtuoso.ade.simulationMonitor] - Stay with the runId '16', Linger time '300', currentRunSyn '32', currentTestSyn '75' {"hostname": "il2244vt26_hrahimi", "processid": 3405815, "history": "MonteCarlo.6", "testname": "PTAT_MC", "cornername": "Nominal", "point": 103, "logfile": "/home/hrahimi/projects/POTENTIOSTAT_26/logs_hrahimi/logs0/Job102.log"}
[2026-06-05 17:12:53.721 Z] [PROCESS] [cadence.virtuoso.ade.simulationMonitor] - Stay with the runId '16', Linger time '300', currentRunSyn '32', currentTestSyn '75' {"hostname": "il2244vt26_hrahimi", "processid": 3405815, "history": "MonteCarlo.6", "testname": "PTAT_MC", "cornername": "Nominal", "point": 103, "logfile": "/home/hrahimi/projects/POTENTIOSTAT_26/logs_hrahimi/logs0/Job102.log"}
[2026-06-05 17:12:54.725 Z] [PROCESS] [cadence.virtuoso.ade.simulationMonitor] - Stay with the runId '16', Linger time '300', currentRunSyn '32', currentTestSyn '75' {"hostname": "il2244vt26_hrahimi", "processid": 3405815, "history": "MonteCarlo.6", "testname": "PTAT_MC", "cornername": "Nominal", "point": 103, "logfile": "/home/hrahimi/projects/POTENTIOSTAT_26/logs_hrahimi/logs0/Job102.log"}
[2026-06-05 17:12:55.728 Z] [PROCESS] [cadence.virtuoso.ade.simulationMonitor] - Stay with the runId '16', Linger time '300', currentRunSyn '32', currentTestSyn '75' {"hostname": "il2244vt26_hrahimi", "processid": 3405815, "history": "MonteCarlo.6", "testname": "PTAT_MC", "cornername": "Nominal", "point": 103, "logfile": "/home/hrahimi/projects/POTENTIOSTAT_26/logs_hrahimi/logs0/Job102.log"}
[2026-06-05 17:12:56.742 Z] [PROCESS] [cadence.virtuoso.ade.simulationMonitor] - Stay with the runId '16', Linger time '300', currentRunSyn '32', currentTestSyn '75' {"hostname": "il2244vt26_hrahimi", "processid": 3405815, "history": "MonteCarlo.6", "testname": "PTAT_MC", "cornername": "Nominal", "point": 103, "logfile": "/home/hrahimi/projects/POTENTIOSTAT_26/logs_hrahimi/logs0/Job102.log"}
[2026-06-05 17:12:57.746 Z] [PROCESS] [cadence.virtuoso.ade.simulationMonitor] - Stay with the runId '16', Linger time '300', currentRunSyn '32', currentTestSyn '75' {"hostname": "il2244vt26_hrahimi", "processid": 3405815, "history": "MonteCarlo.6", "testname": "PTAT_MC", "cornername": "Nominal", "point": 103, "logfile": "/home/hrahimi/projects/POTENTIOSTAT_26/logs_hrahimi/logs0/Job102.log"}
[2026-06-05 17:12:58.749 Z] [PROCESS] [cadence.virtuoso.ade.simulationMonitor] - Stay with the runId '16', Linger time '300', currentRunSyn '32', currentTestSyn '75' {"hostname": "il2244vt26_hrahimi", "processid": 3405815, "history": "MonteCarlo.6", "testname": "PTAT_MC", "cornername": "Nominal", "point": 103, "logfile": "/home/hrahimi/projects/POTENTIOSTAT_26/logs_hrahimi/logs0/Job102.log"}
[2026-06-05 17:12:59.755 Z] [PROCESS] [cadence.virtuoso.ade.simulationMonitor] - Stay with the runId '16', Linger time '300', currentRunSyn '32', currentTestSyn '75' {"hostname": "il2244vt26_hrahimi", "processid": 3405815, "history": "MonteCarlo.6", "testname": "PTAT_MC", "cornername": "Nominal", "point": 103, "logfile": "/home/hrahimi/projects/POTENTIOSTAT_26/logs_hrahimi/logs0/Job102.log"}
[2026-06-05 17:13:00.759 Z] [PROCESS] [cadence.virtuoso.ade.simulationMonitor] - Stay with the runId '16', Linger time '300', currentRunSyn '32', currentTestSyn '75' {"hostname": "il2244vt26_hrahimi", "processid": 3405815, "history": "MonteCarlo.6", "testname": "PTAT_MC", "cornername": "Nominal", "point": 103, "logfile": "/home/hrahimi/projects/POTENTIOSTAT_26/logs_hrahimi/logs0/Job102.log"}
[2026-06-05 17:13:01.759 Z] [PROCESS] [cadence.virtuoso.ade.simulationMonitor] - Stay with the runId '16', Linger time '300', currentRunSyn '32', currentTestSyn '75' {"hostname": "il2244vt26_hrahimi", "processid": 3405815, "history": "MonteCarlo.6", "testname": "PTAT_MC", "cornername": "Nominal", "point": 103, "logfile": "/home/hrahimi/projects/POTENTIOSTAT_26/logs_hrahimi/logs0/Job102.log"}
[2026-06-05 17:13:02.759 Z] [PROCESS] [cadence.virtuoso.ade.simulationMonitor] - Stay with the runId '16', Linger time '300', currentRunSyn '32', currentTestSyn '75' {"hostname": "il2244vt26_hrahimi", "processid": 3405815, "history": "MonteCarlo.6", "testname": "PTAT_MC", "cornername": "Nominal", "point": 103, "logfile": "/home/hrahimi/projects/POTENTIOSTAT_26/logs_hrahimi/logs0/Job102.log"}
[2026-06-05 17:13:03.760 Z] [PROCESS] [cadence.virtuoso.ade.simulationMonitor] - Stay with the runId '16', Linger time '300', currentRunSyn '32', currentTestSyn '75' {"hostname": "il2244vt26_hrahimi", "processid": 3405815, "history": "MonteCarlo.6", "testname": "PTAT_MC", "cornername": "Nominal", "point": 103, "logfile": "/home/hrahimi/projects/POTENTIOSTAT_26/logs_hrahimi/logs0/Job102.log"}
[2026-06-05 17:13:04.760 Z] [PROCESS] [cadence.virtuoso.ade.simulationMonitor] - Stay with the runId '16', Linger time '300', currentRunSyn '32', currentTestSyn '75' {"hostname": "il2244vt26_hrahimi", "processid": 3405815, "history": "MonteCarlo.6", "testname": "PTAT_MC", "cornername": "Nominal", "point": 103, "logfile": "/home/hrahimi/projects/POTENTIOSTAT_26/logs_hrahimi/logs0/Job102.log"}
[2026-06-05 17:13:05.763 Z] [PROCESS] [cadence.virtuoso.ade.simulationMonitor] - Stay with the runId '16', Linger time '300', currentRunSyn '32', currentTestSyn '75' {"hostname": "il2244vt26_hrahimi", "processid": 3405815, "history": "MonteCarlo.6", "testname": "PTAT_MC", "cornername": "Nominal", "point": 103, "logfile": "/home/hrahimi/projects/POTENTIOSTAT_26/logs_hrahimi/logs0/Job102.log"}
[2026-06-05 17:13:06.765 Z] [PROCESS] [cadence.virtuoso.ade.simulationMonitor] - Stay with the runId '16', Linger time '300', currentRunSyn '32', currentTestSyn '75' {"hostname": "il2244vt26_hrahimi", "processid": 3405815, "history": "MonteCarlo.6", "testname": "PTAT_MC", "cornername": "Nominal", "point": 103, "logfile": "/home/hrahimi/projects/POTENTIOSTAT_26/logs_hrahimi/logs0/Job102.log"}
[2026-06-05 17:13:07.766 Z] [PROCESS] [cadence.virtuoso.ade.simulationMonitor] - Stay with the runId '16', Linger time '300', currentRunSyn '32', currentTestSyn '75' {"hostname": "il2244vt26_hrahimi", "processid": 3405815, "history": "MonteCarlo.6", "testname": "PTAT_MC", "cornername": "Nominal", "point": 103, "logfile": "/home/hrahimi/projects/POTENTIOSTAT_26/logs_hrahimi/logs0/Job102.log"}
[2026-06-05 17:13:08.769 Z] [PROCESS] [cadence.virtuoso.ade.simulationMonitor] - Stay with the runId '16', Linger time '300', currentRunSyn '32', currentTestSyn '75' {"hostname": "il2244vt26_hrahimi", "processid": 3405815, "history": "MonteCarlo.6", "testname": "PTAT_MC", "cornername": "Nominal", "point": 103, "logfile": "/home/hrahimi/projects/POTENTIOSTAT_26/logs_hrahimi/logs0/Job102.log"}
[2026-06-05 17:13:09.771 Z] [PROCESS] [cadence.virtuoso.ade.simulationMonitor] - Stay with the runId '16', Linger time '300', currentRunSyn '32', currentTestSyn '75' {"hostname": "il2244vt26_hrahimi", "processid": 3405815, "history": "MonteCarlo.6", "testname": "PTAT_MC", "cornername": "Nominal", "point": 103, "logfile": "/home/hrahimi/projects/POTENTIOSTAT_26/logs_hrahimi/logs0/Job102.log"}
[2026-06-05 17:13:10.775 Z] [PROCESS] [cadence.virtuoso.ade.simulationMonitor] - Stay with the runId '16', Linger time '300', currentRunSyn '32', currentTestSyn '75' {"hostname": "il2244vt26_hrahimi", "processid": 3405815, "history": "MonteCarlo.6", "testname": "PTAT_MC", "cornername": "Nominal", "point": 103, "logfile": "/home/hrahimi/projects/POTENTIOSTAT_26/logs_hrahimi/logs0/Job102.log"}
[2026-06-05 17:13:11.777 Z] [PROCESS] [cadence.virtuoso.ade.simulationMonitor] - Stay with the runId '16', Linger time '300', currentRunSyn '32', currentTestSyn '75' {"hostname": "il2244vt26_hrahimi", "processid": 3405815, "history": "MonteCarlo.6", "testname": "PTAT_MC", "cornername": "Nominal", "point": 103, "logfile": "/home/hrahimi/projects/POTENTIOSTAT_26/logs_hrahimi/logs0/Job102.log"}
[2026-06-05 17:13:12.781 Z] [PROCESS] [cadence.virtuoso.ade.simulationMonitor] - Stay with the runId '16', Linger time '300', currentRunSyn '32', currentTestSyn '75' {"hostname": "il2244vt26_hrahimi", "processid": 3405815, "history": "MonteCarlo.6", "testname": "PTAT_MC", "cornername": "Nominal", "point": 103, "logfile": "/home/hrahimi/projects/POTENTIOSTAT_26/logs_hrahimi/logs0/Job102.log"}
[2026-06-05 17:13:13.789 Z] [PROCESS] [cadence.virtuoso.ade.simulationMonitor] - Stay with the runId '16', Linger time '300', currentRunSyn '32', currentTestSyn '75' {"hostname": "il2244vt26_hrahimi", "processid": 3405815, "history": "MonteCarlo.6", "testname": "PTAT_MC", "cornername": "Nominal", "point": 103, "logfile": "/home/hrahimi/projects/POTENTIOSTAT_26/logs_hrahimi/logs0/Job102.log"}
[2026-06-05 17:13:14.792 Z] [PROCESS] [cadence.virtuoso.ade.simulationMonitor] - Stay with the runId '16', Linger time '300', currentRunSyn '32', currentTestSyn '75' {"hostname": "il2244vt26_hrahimi", "processid": 3405815, "history": "MonteCarlo.6", "testname": "PTAT_MC", "cornername": "Nominal", "point": 103, "logfile": "/home/hrahimi/projects/POTENTIOSTAT_26/logs_hrahimi/logs0/Job102.log"}
[2026-06-05 17:13:15.809 Z] [PROCESS] [cadence.virtuoso.ade.simulationMonitor] - Padding test token found for runId '16', Linger time '300', currentRunSyn '32', currentTestSyn '75' {"hostname": "il2244vt26_hrahimi", "processid": 3405815, "history": "MonteCarlo.6", "testname": "PTAT_MC", "cornername": "Nominal", "point": 103, "logfile": "/home/hrahimi/projects/POTENTIOSTAT_26/logs_hrahimi/logs0/Job102.log"}
[2026-06-05 17:13:15.811 Z] [PROCESS] [cadence.virtuoso.ade.simulationMonitor] - Stay with the runId '16', Linger time '300', currentRunSyn '32', currentTestSyn '75' {"hostname": "il2244vt26_hrahimi", "processid": 3405815, "history": "MonteCarlo.6", "testname": "PTAT_MC", "cornername": "Nominal", "point": 103, "logfile": "/home/hrahimi/projects/POTENTIOSTAT_26/logs_hrahimi/logs0/Job102.log"}
[2026-06-05 17:13:16.812 Z] [PROCESS] [cadence.virtuoso.ade.simulationMonitor] - Stay with the runId '16', Linger time '300', currentRunSyn '32', currentTestSyn '75' {"hostname": "il2244vt26_hrahimi", "processid": 3405815, "history": "MonteCarlo.6", "testname": "PTAT_MC", "cornername": "Nominal", "point": 103, "logfile": "/home/hrahimi/projects/POTENTIOSTAT_26/logs_hrahimi/logs0/Job102.log"}
[2026-06-05 17:13:17.815 Z] [PROCESS] [cadence.virtuoso.ade.simulationMonitor] - Stay with the runId '16', Linger time '300', currentRunSyn '32', currentTestSyn '75' {"hostname": "il2244vt26_hrahimi", "processid": 3405815, "history": "MonteCarlo.6", "testname": "PTAT_MC", "cornername": "Nominal", "point": 103, "logfile": "/home/hrahimi/projects/POTENTIOSTAT_26/logs_hrahimi/logs0/Job102.log"}
[2026-06-05 17:13:18.816 Z] [PROCESS] [cadence.virtuoso.ade.simulationMonitor] - Stay with the runId '16', Linger time '300', currentRunSyn '32', currentTestSyn '75' {"hostname": "il2244vt26_hrahimi", "processid": 3405815, "history": "MonteCarlo.6", "testname": "PTAT_MC", "cornername": "Nominal", "point": 103, "logfile": "/home/hrahimi/projects/POTENTIOSTAT_26/logs_hrahimi/logs0/Job102.log"}
[2026-06-05 17:13:19.823 Z] [PROCESS] [cadence.virtuoso.ade.simulationMonitor] - Stay with the runId '16', Linger time '300', currentRunSyn '32', currentTestSyn '75' {"hostname": "il2244vt26_hrahimi", "processid": 3405815, "history": "MonteCarlo.6", "testname": "PTAT_MC", "cornername": "Nominal", "point": 103, "logfile": "/home/hrahimi/projects/POTENTIOSTAT_26/logs_hrahimi/logs0/Job102.log"}
[2026-06-05 17:13:20.825 Z] [PROCESS] [cadence.virtuoso.ade.simulationMonitor] - Stay with the runId '16', Linger time '300', currentRunSyn '32', currentTestSyn '75' {"hostname": "il2244vt26_hrahimi", "processid": 3405815, "history": "MonteCarlo.6", "testname": "PTAT_MC", "cornername": "Nominal", "point": 103, "logfile": "/home/hrahimi/projects/POTENTIOSTAT_26/logs_hrahimi/logs0/Job102.log"}
[2026-06-05 17:13:21.831 Z] [PROCESS] [cadence.virtuoso.ade.simulationMonitor] - Stay with the runId '16', Linger time '300', currentRunSyn '32', currentTestSyn '75' {"hostname": "il2244vt26_hrahimi", "processid": 3405815, "history": "MonteCarlo.6", "testname": "PTAT_MC", "cornername": "Nominal", "point": 103, "logfile": "/home/hrahimi/projects/POTENTIOSTAT_26/logs_hrahimi/logs0/Job102.log"}
[2026-06-05 17:13:22.836 Z] [PROCESS] [cadence.virtuoso.ade.simulationMonitor] - Stay with the runId '16', Linger time '300', currentRunSyn '32', currentTestSyn '75' {"hostname": "il2244vt26_hrahimi", "processid": 3405815, "history": "MonteCarlo.6", "testname": "PTAT_MC", "cornername": "Nominal", "point": 103, "logfile": "/home/hrahimi/projects/POTENTIOSTAT_26/logs_hrahimi/logs0/Job102.log"}
[2026-06-05 17:13:23.836 Z] [PROCESS] [cadence.virtuoso.ade.simulationMonitor] - Stay with the runId '16', Linger time '300', currentRunSyn '32', currentTestSyn '75' {"hostname": "il2244vt26_hrahimi", "processid": 3405815, "history": "MonteCarlo.6", "testname": "PTAT_MC", "cornername": "Nominal", "point": 103, "logfile": "/home/hrahimi/projects/POTENTIOSTAT_26/logs_hrahimi/logs0/Job102.log"}
[2026-06-05 17:13:24.838 Z] [PROCESS] [cadence.virtuoso.ade.simulationMonitor] - Stay with the runId '16', Linger time '300', currentRunSyn '32', currentTestSyn '75' {"hostname": "il2244vt26_hrahimi", "processid": 3405815, "history": "MonteCarlo.6", "testname": "PTAT_MC", "cornername": "Nominal", "point": 103, "logfile": "/home/hrahimi/projects/POTENTIOSTAT_26/logs_hrahimi/logs0/Job102.log"}
[2026-06-05 17:13:25.845 Z] [PROCESS] [cadence.virtuoso.ade.simulationMonitor] - Stay with the runId '16', Linger time '300', currentRunSyn '32', currentTestSyn '75' {"hostname": "il2244vt26_hrahimi", "processid": 3405815, "history": "MonteCarlo.6", "testname": "PTAT_MC", "cornername": "Nominal", "point": 103, "logfile": "/home/hrahimi/projects/POTENTIOSTAT_26/logs_hrahimi/logs0/Job102.log"}
[2026-06-05 17:13:26.849 Z] [PROCESS] [cadence.virtuoso.ade.simulationMonitor] - Stay with the runId '16', Linger time '300', currentRunSyn '32', currentTestSyn '75' {"hostname": "il2244vt26_hrahimi", "processid": 3405815, "history": "MonteCarlo.6", "testname": "PTAT_MC", "cornername": "Nominal", "point": 103, "logfile": "/home/hrahimi/projects/POTENTIOSTAT_26/logs_hrahimi/logs0/Job102.log"}
[2026-06-05 17:13:27.854 Z] [PROCESS] [cadence.virtuoso.ade.simulationMonitor] - Stay with the runId '16', Linger time '300', currentRunSyn '32', currentTestSyn '75' {"hostname": "il2244vt26_hrahimi", "processid": 3405815, "history": "MonteCarlo.6", "testname": "PTAT_MC", "cornername": "Nominal", "point": 103, "logfile": "/home/hrahimi/projects/POTENTIOSTAT_26/logs_hrahimi/logs0/Job102.log"}
[2026-06-05 17:13:28.863 Z] [PROCESS] [cadence.virtuoso.ade.simulationMonitor] - Stay with the runId '16', Linger time '300', currentRunSyn '32', currentTestSyn '75' {"hostname": "il2244vt26_hrahimi", "processid": 3405815, "history": "MonteCarlo.6", "testname": "PTAT_MC", "cornername": "Nominal", "point": 103, "logfile": "/home/hrahimi/projects/POTENTIOSTAT_26/logs_hrahimi/logs0/Job102.log"}
[2026-06-05 17:13:29.867 Z] [PROCESS] [cadence.virtuoso.ade.simulationMonitor] - Stay with the runId '16', Linger time '300', currentRunSyn '32', currentTestSyn '75' {"hostname": "il2244vt26_hrahimi", "processid": 3405815, "history": "MonteCarlo.6", "testname": "PTAT_MC", "cornername": "Nominal", "point": 103, "logfile": "/home/hrahimi/projects/POTENTIOSTAT_26/logs_hrahimi/logs0/Job102.log"}
[2026-06-05 17:13:30.875 Z] [PROCESS] [cadence.virtuoso.ade.simulationMonitor] - Stay with the runId '16', Linger time '300', currentRunSyn '32', currentTestSyn '75' {"hostname": "il2244vt26_hrahimi", "processid": 3405815, "history": "MonteCarlo.6", "testname": "PTAT_MC", "cornername": "Nominal", "point": 103, "logfile": "/home/hrahimi/projects/POTENTIOSTAT_26/logs_hrahimi/logs0/Job102.log"}
[2026-06-05 17:13:31.875 Z] [PROCESS] [cadence.virtuoso.ade.simulationMonitor] - Stay with the runId '16', Linger time '300', currentRunSyn '32', currentTestSyn '75' {"hostname": "il2244vt26_hrahimi", "processid": 3405815, "history": "MonteCarlo.6", "testname": "PTAT_MC", "cornername": "Nominal", "point": 103, "logfile": "/home/hrahimi/projects/POTENTIOSTAT_26/logs_hrahimi/logs0/Job102.log"}
[2026-06-05 17:13:32.878 Z] [PROCESS] [cadence.virtuoso.ade.simulationMonitor] - Stay with the runId '16', Linger time '300', currentRunSyn '32', currentTestSyn '75' {"hostname": "il2244vt26_hrahimi", "processid": 3405815, "history": "MonteCarlo.6", "testname": "PTAT_MC", "cornername": "Nominal", "point": 103, "logfile": "/home/hrahimi/projects/POTENTIOSTAT_26/logs_hrahimi/logs0/Job102.log"}
[2026-06-05 17:13:33.884 Z] [PROCESS] [cadence.virtuoso.ade.simulationMonitor] - Stay with the runId '16', Linger time '300', currentRunSyn '32', currentTestSyn '75' {"hostname": "il2244vt26_hrahimi", "processid": 3405815, "history": "MonteCarlo.6", "testname": "PTAT_MC", "cornername": "Nominal", "point": 103, "logfile": "/home/hrahimi/projects/POTENTIOSTAT_26/logs_hrahimi/logs0/Job102.log"}
[2026-06-05 17:13:34.887 Z] [PROCESS] [cadence.virtuoso.ade.simulationMonitor] - Stay with the runId '16', Linger time '300', currentRunSyn '32', currentTestSyn '75' {"hostname": "il2244vt26_hrahimi", "processid": 3405815, "history": "MonteCarlo.6", "testname": "PTAT_MC", "cornername": "Nominal", "point": 103, "logfile": "/home/hrahimi/projects/POTENTIOSTAT_26/logs_hrahimi/logs0/Job102.log"}
[2026-06-05 17:13:35.887 Z] [PROCESS] [cadence.virtuoso.ade.simulationMonitor] - Stay with the runId '16', Linger time '300', currentRunSyn '32', currentTestSyn '75' {"hostname": "il2244vt26_hrahimi", "processid": 3405815, "history": "MonteCarlo.6", "testname": "PTAT_MC", "cornername": "Nominal", "point": 103, "logfile": "/home/hrahimi/projects/POTENTIOSTAT_26/logs_hrahimi/logs0/Job102.log"}
[2026-06-05 17:13:36.890 Z] [PROCESS] [cadence.virtuoso.ade.simulationMonitor] - Stay with the runId '16', Linger time '300', currentRunSyn '32', currentTestSyn '75' {"hostname": "il2244vt26_hrahimi", "processid": 3405815, "history": "MonteCarlo.6", "testname": "PTAT_MC", "cornername": "Nominal", "point": 103, "logfile": "/home/hrahimi/projects/POTENTIOSTAT_26/logs_hrahimi/logs0/Job102.log"}
[2026-06-05 17:13:37.891 Z] [PROCESS] [cadence.virtuoso.ade.simulationMonitor] - Stay with the runId '16', Linger time '300', currentRunSyn '32', currentTestSyn '75' {"hostname": "il2244vt26_hrahimi", "processid": 3405815, "history": "MonteCarlo.6", "testname": "PTAT_MC", "cornername": "Nominal", "point": 103, "logfile": "/home/hrahimi/projects/POTENTIOSTAT_26/logs_hrahimi/logs0/Job102.log"}
[2026-06-05 17:13:38.897 Z] [PROCESS] [cadence.virtuoso.ade.simulationMonitor] - Stay with the runId '16', Linger time '300', currentRunSyn '32', currentTestSyn '75' {"hostname": "il2244vt26_hrahimi", "processid": 3405815, "history": "MonteCarlo.6", "testname": "PTAT_MC", "cornername": "Nominal", "point": 103, "logfile": "/home/hrahimi/projects/POTENTIOSTAT_26/logs_hrahimi/logs0/Job102.log"}
[2026-06-05 17:13:39.902 Z] [PROCESS] [cadence.virtuoso.ade.simulationMonitor] - Stay with the runId '16', Linger time '300', currentRunSyn '32', currentTestSyn '75' {"hostname": "il2244vt26_hrahimi", "processid": 3405815, "history": "MonteCarlo.6", "testname": "PTAT_MC", "cornername": "Nominal", "point": 103, "logfile": "/home/hrahimi/projects/POTENTIOSTAT_26/logs_hrahimi/logs0/Job102.log"}
[2026-06-05 17:13:40.905 Z] [PROCESS] [cadence.virtuoso.ade.simulationMonitor] - Stay with the runId '16', Linger time '300', currentRunSyn '32', currentTestSyn '75' {"hostname": "il2244vt26_hrahimi", "processid": 3405815, "history": "MonteCarlo.6", "testname": "PTAT_MC", "cornername": "Nominal", "point": 103, "logfile": "/home/hrahimi/projects/POTENTIOSTAT_26/logs_hrahimi/logs0/Job102.log"}
[2026-06-05 17:13:41.911 Z] [PROCESS] [cadence.virtuoso.ade.simulationMonitor] - Stay with the runId '16', Linger time '300', currentRunSyn '32', currentTestSyn '75' {"hostname": "il2244vt26_hrahimi", "processid": 3405815, "history": "MonteCarlo.6", "testname": "PTAT_MC", "cornername": "Nominal", "point": 103, "logfile": "/home/hrahimi/projects/POTENTIOSTAT_26/logs_hrahimi/logs0/Job102.log"}
[2026-06-05 17:13:42.911 Z] [PROCESS] [cadence.virtuoso.ade.simulationMonitor] - Stay with the runId '16', Linger time '300', currentRunSyn '32', currentTestSyn '75' {"hostname": "il2244vt26_hrahimi", "processid": 3405815, "history": "MonteCarlo.6", "testname": "PTAT_MC", "cornername": "Nominal", "point": 103, "logfile": "/home/hrahimi/projects/POTENTIOSTAT_26/logs_hrahimi/logs0/Job102.log"}
[2026-06-05 17:13:43.912 Z] [PROCESS] [cadence.virtuoso.ade.simulationMonitor] - Stay with the runId '16', Linger time '300', currentRunSyn '32', currentTestSyn '75' {"hostname": "il2244vt26_hrahimi", "processid": 3405815, "history": "MonteCarlo.6", "testname": "PTAT_MC", "cornername": "Nominal", "point": 103, "logfile": "/home/hrahimi/projects/POTENTIOSTAT_26/logs_hrahimi/logs0/Job102.log"}
[2026-06-05 17:13:44.915 Z] [PROCESS] [cadence.virtuoso.ade.simulationMonitor] - Stay with the runId '16', Linger time '300', currentRunSyn '32', currentTestSyn '75' {"hostname": "il2244vt26_hrahimi", "processid": 3405815, "history": "MonteCarlo.6", "testname": "PTAT_MC", "cornername": "Nominal", "point": 103, "logfile": "/home/hrahimi/projects/POTENTIOSTAT_26/logs_hrahimi/logs0/Job102.log"}
[2026-06-05 17:13:45.920 Z] [PROCESS] [cadence.virtuoso.ade.simulationMonitor] - Stay with the runId '16', Linger time '300', currentRunSyn '32', currentTestSyn '75' {"hostname": "il2244vt26_hrahimi", "processid": 3405815, "history": "MonteCarlo.6", "testname": "PTAT_MC", "cornername": "Nominal", "point": 103, "logfile": "/home/hrahimi/projects/POTENTIOSTAT_26/logs_hrahimi/logs0/Job102.log"}
[2026-06-05 17:13:46.921 Z] [PROCESS] [cadence.virtuoso.ade.simulationMonitor] - Stay with the runId '16', Linger time '300', currentRunSyn '32', currentTestSyn '75' {"hostname": "il2244vt26_hrahimi", "processid": 3405815, "history": "MonteCarlo.6", "testname": "PTAT_MC", "cornername": "Nominal", "point": 103, "logfile": "/home/hrahimi/projects/POTENTIOSTAT_26/logs_hrahimi/logs0/Job102.log"}
[2026-06-05 17:13:47.921 Z] [PROCESS] [cadence.virtuoso.ade.simulationMonitor] - Stay with the runId '16', Linger time '300', currentRunSyn '32', currentTestSyn '75' {"hostname": "il2244vt26_hrahimi", "processid": 3405815, "history": "MonteCarlo.6", "testname": "PTAT_MC", "cornername": "Nominal", "point": 103, "logfile": "/home/hrahimi/projects/POTENTIOSTAT_26/logs_hrahimi/logs0/Job102.log"}
[2026-06-05 17:13:48.923 Z] [PROCESS] [cadence.virtuoso.ade.simulationMonitor] - Stay with the runId '16', Linger time '300', currentRunSyn '32', currentTestSyn '75' {"hostname": "il2244vt26_hrahimi", "processid": 3405815, "history": "MonteCarlo.6", "testname": "PTAT_MC", "cornername": "Nominal", "point": 103, "logfile": "/home/hrahimi/projects/POTENTIOSTAT_26/logs_hrahimi/logs0/Job102.log"}
[2026-06-05 17:13:49.931 Z] [PROCESS] [cadence.virtuoso.ade.simulationMonitor] - Stay with the runId '16', Linger time '300', currentRunSyn '32', currentTestSyn '75' {"hostname": "il2244vt26_hrahimi", "processid": 3405815, "history": "MonteCarlo.6", "testname": "PTAT_MC", "cornername": "Nominal", "point": 103, "logfile": "/home/hrahimi/projects/POTENTIOSTAT_26/logs_hrahimi/logs0/Job102.log"}
[2026-06-05 17:13:50.932 Z] [PROCESS] [cadence.virtuoso.ade.simulationMonitor] - Stay with the runId '16', Linger time '300', currentRunSyn '32', currentTestSyn '75' {"hostname": "il2244vt26_hrahimi", "processid": 3405815, "history": "MonteCarlo.6", "testname": "PTAT_MC", "cornername": "Nominal", "point": 103, "logfile": "/home/hrahimi/projects/POTENTIOSTAT_26/logs_hrahimi/logs0/Job102.log"}
[2026-06-05 17:13:51.936 Z] [PROCESS] [cadence.virtuoso.ade.simulationMonitor] - Stay with the runId '16', Linger time '300', currentRunSyn '32', currentTestSyn '75' {"hostname": "il2244vt26_hrahimi", "processid": 3405815, "history": "MonteCarlo.6", "testname": "PTAT_MC", "cornername": "Nominal", "point": 103, "logfile": "/home/hrahimi/projects/POTENTIOSTAT_26/logs_hrahimi/logs0/Job102.log"}
[2026-06-05 17:13:52.936 Z] [PROCESS] [cadence.virtuoso.ade.simulationMonitor] - Stay with the runId '16', Linger time '300', currentRunSyn '32', currentTestSyn '75' {"hostname": "il2244vt26_hrahimi", "processid": 3405815, "history": "MonteCarlo.6", "testname": "PTAT_MC", "cornername": "Nominal", "point": 103, "logfile": "/home/hrahimi/projects/POTENTIOSTAT_26/logs_hrahimi/logs0/Job102.log"}
[2026-06-05 17:13:53.936 Z] [PROCESS] [cadence.virtuoso.ade.simulationMonitor] - Stay with the runId '16', Linger time '300', currentRunSyn '32', currentTestSyn '75' {"hostname": "il2244vt26_hrahimi", "processid": 3405815, "history": "MonteCarlo.6", "testname": "PTAT_MC", "cornername": "Nominal", "point": 103, "logfile": "/home/hrahimi/projects/POTENTIOSTAT_26/logs_hrahimi/logs0/Job102.log"}
[2026-06-05 17:13:54.938 Z] [PROCESS] [cadence.virtuoso.ade.simulationMonitor] - Stay with the runId '16', Linger time '300', currentRunSyn '32', currentTestSyn '75' {"hostname": "il2244vt26_hrahimi", "processid": 3405815, "history": "MonteCarlo.6", "testname": "PTAT_MC", "cornername": "Nominal", "point": 103, "logfile": "/home/hrahimi/projects/POTENTIOSTAT_26/logs_hrahimi/logs0/Job102.log"}
[2026-06-05 17:13:55.941 Z] [PROCESS] [cadence.virtuoso.ade.simulationMonitor] - Stay with the runId '16', Linger time '300', currentRunSyn '32', currentTestSyn '75' {"hostname": "il2244vt26_hrahimi", "processid": 3405815, "history": "MonteCarlo.6", "testname": "PTAT_MC", "cornername": "Nominal", "point": 103, "logfile": "/home/hrahimi/projects/POTENTIOSTAT_26/logs_hrahimi/logs0/Job102.log"}
[2026-06-05 17:13:56.943 Z] [PROCESS] [cadence.virtuoso.ade.simulationMonitor] - Stay with the runId '16', Linger time '300', currentRunSyn '32', currentTestSyn '75' {"hostname": "il2244vt26_hrahimi", "processid": 3405815, "history": "MonteCarlo.6", "testname": "PTAT_MC", "cornername": "Nominal", "point": 103, "logfile": "/home/hrahimi/projects/POTENTIOSTAT_26/logs_hrahimi/logs0/Job102.log"}
[2026-06-05 17:13:57.947 Z] [PROCESS] [cadence.virtuoso.ade.simulationMonitor] - Stay with the runId '16', Linger time '300', currentRunSyn '32', currentTestSyn '75' {"hostname": "il2244vt26_hrahimi", "processid": 3405815, "history": "MonteCarlo.6", "testname": "PTAT_MC", "cornername": "Nominal", "point": 103, "logfile": "/home/hrahimi/projects/POTENTIOSTAT_26/logs_hrahimi/logs0/Job102.log"}
[2026-06-05 17:13:58.947 Z] [PROCESS] [cadence.virtuoso.ade.simulationMonitor] - Stay with the runId '16', Linger time '300', currentRunSyn '32', currentTestSyn '75' {"hostname": "il2244vt26_hrahimi", "processid": 3405815, "history": "MonteCarlo.6", "testname": "PTAT_MC", "cornername": "Nominal", "point": 103, "logfile": "/home/hrahimi/projects/POTENTIOSTAT_26/logs_hrahimi/logs0/Job102.log"}
[2026-06-05 17:13:59.948 Z] [PROCESS] [cadence.virtuoso.ade.simulationMonitor] - Stay with the runId '16', Linger time '300', currentRunSyn '32', currentTestSyn '75' {"hostname": "il2244vt26_hrahimi", "processid": 3405815, "history": "MonteCarlo.6", "testname": "PTAT_MC", "cornername": "Nominal", "point": 103, "logfile": "/home/hrahimi/projects/POTENTIOSTAT_26/logs_hrahimi/logs0/Job102.log"}
[2026-06-05 17:14:00.953 Z] [PROCESS] [cadence.virtuoso.ade.simulationMonitor] - Stay with the runId '16', Linger time '300', currentRunSyn '32', currentTestSyn '75' {"hostname": "il2244vt26_hrahimi", "processid": 3405815, "history": "MonteCarlo.6", "testname": "PTAT_MC", "cornername": "Nominal", "point": 103, "logfile": "/home/hrahimi/projects/POTENTIOSTAT_26/logs_hrahimi/logs0/Job102.log"}
[2026-06-05 17:14:01.959 Z] [PROCESS] [cadence.virtuoso.ade.simulationMonitor] - Stay with the runId '16', Linger time '300', currentRunSyn '32', currentTestSyn '75' {"hostname": "il2244vt26_hrahimi", "processid": 3405815, "history": "MonteCarlo.6", "testname": "PTAT_MC", "cornername": "Nominal", "point": 103, "logfile": "/home/hrahimi/projects/POTENTIOSTAT_26/logs_hrahimi/logs0/Job102.log"}
[2026-06-05 17:14:02.960 Z] [PROCESS] [cadence.virtuoso.ade.simulationMonitor] - Stay with the runId '16', Linger time '300', currentRunSyn '32', currentTestSyn '75' {"hostname": "il2244vt26_hrahimi", "processid": 3405815, "history": "MonteCarlo.6", "testname": "PTAT_MC", "cornername": "Nominal", "point": 103, "logfile": "/home/hrahimi/projects/POTENTIOSTAT_26/logs_hrahimi/logs0/Job102.log"}
[2026-06-05 17:14:03.961 Z] [PROCESS] [cadence.virtuoso.ade.simulationMonitor] - Stay with the runId '16', Linger time '300', currentRunSyn '32', currentTestSyn '75' {"hostname": "il2244vt26_hrahimi", "processid": 3405815, "history": "MonteCarlo.6", "testname": "PTAT_MC", "cornername": "Nominal", "point": 103, "logfile": "/home/hrahimi/projects/POTENTIOSTAT_26/logs_hrahimi/logs0/Job102.log"}
[2026-06-05 17:14:04.970 Z] [PROCESS] [cadence.virtuoso.ade.simulationMonitor] - Stay with the runId '16', Linger time '300', currentRunSyn '32', currentTestSyn '75' {"hostname": "il2244vt26_hrahimi", "processid": 3405815, "history": "MonteCarlo.6", "testname": "PTAT_MC", "cornername": "Nominal", "point": 103, "logfile": "/home/hrahimi/projects/POTENTIOSTAT_26/logs_hrahimi/logs0/Job102.log"}
[2026-06-05 17:14:05.975 Z] [PROCESS] [cadence.virtuoso.ade.simulationMonitor] - Stay with the runId '16', Linger time '300', currentRunSyn '32', currentTestSyn '75' {"hostname": "il2244vt26_hrahimi", "processid": 3405815, "history": "MonteCarlo.6", "testname": "PTAT_MC", "cornername": "Nominal", "point": 103, "logfile": "/home/hrahimi/projects/POTENTIOSTAT_26/logs_hrahimi/logs0/Job102.log"}
[2026-06-05 17:14:06.976 Z] [PROCESS] [cadence.virtuoso.ade.simulationMonitor] - Stay with the runId '16', Linger time '300', currentRunSyn '32', currentTestSyn '75' {"hostname": "il2244vt26_hrahimi", "processid": 3405815, "history": "MonteCarlo.6", "testname": "PTAT_MC", "cornername": "Nominal", "point": 103, "logfile": "/home/hrahimi/projects/POTENTIOSTAT_26/logs_hrahimi/logs0/Job102.log"}
[2026-06-05 17:14:07.982 Z] [PROCESS] [cadence.virtuoso.ade.simulationMonitor] - Stay with the runId '16', Linger time '300', currentRunSyn '32', currentTestSyn '75' {"hostname": "il2244vt26_hrahimi", "processid": 3405815, "history": "MonteCarlo.6", "testname": "PTAT_MC", "cornername": "Nominal", "point": 103, "logfile": "/home/hrahimi/projects/POTENTIOSTAT_26/logs_hrahimi/logs0/Job102.log"}
[2026-06-05 17:14:08.985 Z] [PROCESS] [cadence.virtuoso.ade.simulationMonitor] - Stay with the runId '16', Linger time '300', currentRunSyn '32', currentTestSyn '75' {"hostname": "il2244vt26_hrahimi", "processid": 3405815, "history": "MonteCarlo.6", "testname": "PTAT_MC", "cornername": "Nominal", "point": 103, "logfile": "/home/hrahimi/projects/POTENTIOSTAT_26/logs_hrahimi/logs0/Job102.log"}
[2026-06-05 17:14:09.991 Z] [PROCESS] [cadence.virtuoso.ade.simulationMonitor] - Stay with the runId '16', Linger time '300', currentRunSyn '32', currentTestSyn '75' {"hostname": "il2244vt26_hrahimi", "processid": 3405815, "history": "MonteCarlo.6", "testname": "PTAT_MC", "cornername": "Nominal", "point": 103, "logfile": "/home/hrahimi/projects/POTENTIOSTAT_26/logs_hrahimi/logs0/Job102.log"}
[2026-06-05 17:14:11.000 Z] [PROCESS] [cadence.virtuoso.ade.simulationMonitor] - Stay with the runId '16', Linger time '300', currentRunSyn '32', currentTestSyn '75' {"hostname": "il2244vt26_hrahimi", "processid": 3405815, "history": "MonteCarlo.6", "testname": "PTAT_MC", "cornername": "Nominal", "point": 103, "logfile": "/home/hrahimi/projects/POTENTIOSTAT_26/logs_hrahimi/logs0/Job102.log"}
[2026-06-05 17:14:12.001 Z] [PROCESS] [cadence.virtuoso.ade.simulationMonitor] - Stay with the runId '16', Linger time '300', currentRunSyn '32', currentTestSyn '75' {"hostname": "il2244vt26_hrahimi", "processid": 3405815, "history": "MonteCarlo.6", "testname": "PTAT_MC", "cornername": "Nominal", "point": 103, "logfile": "/home/hrahimi/projects/POTENTIOSTAT_26/logs_hrahimi/logs0/Job102.log"}
[2026-06-05 17:14:13.007 Z] [PROCESS] [cadence.virtuoso.ade.simulationMonitor] - Stay with the runId '16', Linger time '300', currentRunSyn '32', currentTestSyn '75' {"hostname": "il2244vt26_hrahimi", "processid": 3405815, "history": "MonteCarlo.6", "testname": "PTAT_MC", "cornername": "Nominal", "point": 103, "logfile": "/home/hrahimi/projects/POTENTIOSTAT_26/logs_hrahimi/logs0/Job102.log"}
[2026-06-05 17:14:14.007 Z] [PROCESS] [cadence.virtuoso.ade.simulationMonitor] - Stay with the runId '16', Linger time '300', currentRunSyn '32', currentTestSyn '75' {"hostname": "il2244vt26_hrahimi", "processid": 3405815, "history": "MonteCarlo.6", "testname": "PTAT_MC", "cornername": "Nominal", "point": 103, "logfile": "/home/hrahimi/projects/POTENTIOSTAT_26/logs_hrahimi/logs0/Job102.log"}
[2026-06-05 17:14:15.010 Z] [PROCESS] [cadence.virtuoso.ade.simulationMonitor] - Stay with the runId '16', Linger time '300', currentRunSyn '32', currentTestSyn '75' {"hostname": "il2244vt26_hrahimi", "processid": 3405815, "history": "MonteCarlo.6", "testname": "PTAT_MC", "cornername": "Nominal", "point": 103, "logfile": "/home/hrahimi/projects/POTENTIOSTAT_26/logs_hrahimi/logs0/Job102.log"}
[2026-06-05 17:14:16.015 Z] [PROCESS] [cadence.virtuoso.ade.simulationMonitor] - Stay with the runId '16', Linger time '300', currentRunSyn '32', currentTestSyn '75' {"hostname": "il2244vt26_hrahimi", "processid": 3405815, "history": "MonteCarlo.6", "testname": "PTAT_MC", "cornername": "Nominal", "point": 103, "logfile": "/home/hrahimi/projects/POTENTIOSTAT_26/logs_hrahimi/logs0/Job102.log"}
[2026-06-05 17:14:17.016 Z] [PROCESS] [cadence.virtuoso.ade.simulationMonitor] - Stay with the runId '16', Linger time '300', currentRunSyn '32', currentTestSyn '75' {"hostname": "il2244vt26_hrahimi", "processid": 3405815, "history": "MonteCarlo.6", "testname": "PTAT_MC", "cornername": "Nominal", "point": 103, "logfile": "/home/hrahimi/projects/POTENTIOSTAT_26/logs_hrahimi/logs0/Job102.log"}
[2026-06-05 17:14:18.019 Z] [PROCESS] [cadence.virtuoso.ade.simulationMonitor] - Stay with the runId '16', Linger time '300', currentRunSyn '32', currentTestSyn '75' {"hostname": "il2244vt26_hrahimi", "processid": 3405815, "history": "MonteCarlo.6", "testname": "PTAT_MC", "cornername": "Nominal", "point": 103, "logfile": "/home/hrahimi/projects/POTENTIOSTAT_26/logs_hrahimi/logs0/Job102.log"}
[2026-06-05 17:14:19.020 Z] [PROCESS] [cadence.virtuoso.ade.simulationMonitor] - Stay with the runId '16', Linger time '300', currentRunSyn '32', currentTestSyn '75' {"hostname": "il2244vt26_hrahimi", "processid": 3405815, "history": "MonteCarlo.6", "testname": "PTAT_MC", "cornername": "Nominal", "point": 103, "logfile": "/home/hrahimi/projects/POTENTIOSTAT_26/logs_hrahimi/logs0/Job102.log"}
[2026-06-05 17:14:20.027 Z] [PROCESS] [cadence.virtuoso.ade.simulationMonitor] - Stay with the runId '16', Linger time '300', currentRunSyn '32', currentTestSyn '75' {"hostname": "il2244vt26_hrahimi", "processid": 3405815, "history": "MonteCarlo.6", "testname": "PTAT_MC", "cornername": "Nominal", "point": 103, "logfile": "/home/hrahimi/projects/POTENTIOSTAT_26/logs_hrahimi/logs0/Job102.log"}
[2026-06-05 17:14:21.027 Z] [PROCESS] [cadence.virtuoso.ade.simulationMonitor] - Stay with the runId '16', Linger time '300', currentRunSyn '32', currentTestSyn '75' {"hostname": "il2244vt26_hrahimi", "processid": 3405815, "history": "MonteCarlo.6", "testname": "PTAT_MC", "cornername": "Nominal", "point": 103, "logfile": "/home/hrahimi/projects/POTENTIOSTAT_26/logs_hrahimi/logs0/Job102.log"}
[2026-06-05 17:14:22.028 Z] [PROCESS] [cadence.virtuoso.ade.simulationMonitor] - Stay with the runId '16', Linger time '300', currentRunSyn '32', currentTestSyn '75' {"hostname": "il2244vt26_hrahimi", "processid": 3405815, "history": "MonteCarlo.6", "testname": "PTAT_MC", "cornername": "Nominal", "point": 103, "logfile": "/home/hrahimi/projects/POTENTIOSTAT_26/logs_hrahimi/logs0/Job102.log"}
[2026-06-05 17:14:23.035 Z] [PROCESS] [cadence.virtuoso.ade.simulationMonitor] - Stay with the runId '16', Linger time '300', currentRunSyn '32', currentTestSyn '75' {"hostname": "il2244vt26_hrahimi", "processid": 3405815, "history": "MonteCarlo.6", "testname": "PTAT_MC", "cornername": "Nominal", "point": 103, "logfile": "/home/hrahimi/projects/POTENTIOSTAT_26/logs_hrahimi/logs0/Job102.log"}
[2026-06-05 17:14:24.038 Z] [PROCESS] [cadence.virtuoso.ade.simulationMonitor] - Stay with the runId '16', Linger time '300', currentRunSyn '32', currentTestSyn '75' {"hostname": "il2244vt26_hrahimi", "processid": 3405815, "history": "MonteCarlo.6", "testname": "PTAT_MC", "cornername": "Nominal", "point": 103, "logfile": "/home/hrahimi/projects/POTENTIOSTAT_26/logs_hrahimi/logs0/Job102.log"}
[2026-06-05 17:14:25.037 Z] [PROCESS] [cadence.virtuoso.ade.simulationMonitor] - Stay with the runId '16', Linger time '300', currentRunSyn '32', currentTestSyn '75' {"hostname": "il2244vt26_hrahimi", "processid": 3405815, "history": "MonteCarlo.6", "testname": "PTAT_MC", "cornername": "Nominal", "point": 103, "logfile": "/home/hrahimi/projects/POTENTIOSTAT_26/logs_hrahimi/logs0/Job102.log"}
[2026-06-05 17:14:26.038 Z] [PROCESS] [cadence.virtuoso.ade.simulationMonitor] - Stay with the runId '16', Linger time '300', currentRunSyn '32', currentTestSyn '75' {"hostname": "il2244vt26_hrahimi", "processid": 3405815, "history": "MonteCarlo.6", "testname": "PTAT_MC", "cornername": "Nominal", "point": 103, "logfile": "/home/hrahimi/projects/POTENTIOSTAT_26/logs_hrahimi/logs0/Job102.log"}
[2026-06-05 17:14:27.040 Z] [PROCESS] [cadence.virtuoso.ade.simulationMonitor] - Stay with the runId '16', Linger time '300', currentRunSyn '32', currentTestSyn '75' {"hostname": "il2244vt26_hrahimi", "processid": 3405815, "history": "MonteCarlo.6", "testname": "PTAT_MC", "cornername": "Nominal", "point": 103, "logfile": "/home/hrahimi/projects/POTENTIOSTAT_26/logs_hrahimi/logs0/Job102.log"}
[2026-06-05 17:14:28.047 Z] [PROCESS] [cadence.virtuoso.ade.simulationMonitor] - Stay with the runId '16', Linger time '300', currentRunSyn '32', currentTestSyn '75' {"hostname": "il2244vt26_hrahimi", "processid": 3405815, "history": "MonteCarlo.6", "testname": "PTAT_MC", "cornername": "Nominal", "point": 103, "logfile": "/home/hrahimi/projects/POTENTIOSTAT_26/logs_hrahimi/logs0/Job102.log"}
[2026-06-05 17:14:29.048 Z] [PROCESS] [cadence.virtuoso.ade.simulationMonitor] - Stay with the runId '16', Linger time '300', currentRunSyn '32', currentTestSyn '75' {"hostname": "il2244vt26_hrahimi", "processid": 3405815, "history": "MonteCarlo.6", "testname": "PTAT_MC", "cornername": "Nominal", "point": 103, "logfile": "/home/hrahimi/projects/POTENTIOSTAT_26/logs_hrahimi/logs0/Job102.log"}
[2026-06-05 17:14:30.052 Z] [PROCESS] [cadence.virtuoso.ade.simulationMonitor] - Stay with the runId '16', Linger time '300', currentRunSyn '32', currentTestSyn '75' {"hostname": "il2244vt26_hrahimi", "processid": 3405815, "history": "MonteCarlo.6", "testname": "PTAT_MC", "cornername": "Nominal", "point": 103, "logfile": "/home/hrahimi/projects/POTENTIOSTAT_26/logs_hrahimi/logs0/Job102.log"}
[2026-06-05 17:14:31.053 Z] [PROCESS] [cadence.virtuoso.ade.simulationMonitor] - Stay with the runId '16', Linger time '300', currentRunSyn '32', currentTestSyn '75' {"hostname": "il2244vt26_hrahimi", "processid": 3405815, "history": "MonteCarlo.6", "testname": "PTAT_MC", "cornername": "Nominal", "point": 103, "logfile": "/home/hrahimi/projects/POTENTIOSTAT_26/logs_hrahimi/logs0/Job102.log"}
[2026-06-05 17:14:32.062 Z] [PROCESS] [cadence.virtuoso.ade.simulationMonitor] - Stay with the runId '16', Linger time '300', currentRunSyn '32', currentTestSyn '75' {"hostname": "il2244vt26_hrahimi", "processid": 3405815, "history": "MonteCarlo.6", "testname": "PTAT_MC", "cornername": "Nominal", "point": 103, "logfile": "/home/hrahimi/projects/POTENTIOSTAT_26/logs_hrahimi/logs0/Job102.log"}
[2026-06-05 17:14:33.063 Z] [PROCESS] [cadence.virtuoso.ade.simulationMonitor] - Stay with the runId '16', Linger time '300', currentRunSyn '32', currentTestSyn '75' {"hostname": "il2244vt26_hrahimi", "processid": 3405815, "history": "MonteCarlo.6", "testname": "PTAT_MC", "cornername": "Nominal", "point": 103, "logfile": "/home/hrahimi/projects/POTENTIOSTAT_26/logs_hrahimi/logs0/Job102.log"}
[2026-06-05 17:14:34.070 Z] [PROCESS] [cadence.virtuoso.ade.simulationMonitor] - Stay with the runId '16', Linger time '300', currentRunSyn '32', currentTestSyn '75' {"hostname": "il2244vt26_hrahimi", "processid": 3405815, "history": "MonteCarlo.6", "testname": "PTAT_MC", "cornername": "Nominal", "point": 103, "logfile": "/home/hrahimi/projects/POTENTIOSTAT_26/logs_hrahimi/logs0/Job102.log"}
[2026-06-05 17:14:35.075 Z] [PROCESS] [cadence.virtuoso.ade.simulationMonitor] - Stay with the runId '16', Linger time '300', currentRunSyn '32', currentTestSyn '75' {"hostname": "il2244vt26_hrahimi", "processid": 3405815, "history": "MonteCarlo.6", "testname": "PTAT_MC", "cornername": "Nominal", "point": 103, "logfile": "/home/hrahimi/projects/POTENTIOSTAT_26/logs_hrahimi/logs0/Job102.log"}
[2026-06-05 17:14:36.078 Z] [PROCESS] [cadence.virtuoso.ade.simulationMonitor] - Stay with the runId '16', Linger time '300', currentRunSyn '32', currentTestSyn '75' {"hostname": "il2244vt26_hrahimi", "processid": 3405815, "history": "MonteCarlo.6", "testname": "PTAT_MC", "cornername": "Nominal", "point": 103, "logfile": "/home/hrahimi/projects/POTENTIOSTAT_26/logs_hrahimi/logs0/Job102.log"}
[2026-06-05 17:14:37.083 Z] [PROCESS] [cadence.virtuoso.ade.simulationMonitor] - Stay with the runId '16', Linger time '300', currentRunSyn '32', currentTestSyn '75' {"hostname": "il2244vt26_hrahimi", "processid": 3405815, "history": "MonteCarlo.6", "testname": "PTAT_MC", "cornername": "Nominal", "point": 103, "logfile": "/home/hrahimi/projects/POTENTIOSTAT_26/logs_hrahimi/logs0/Job102.log"}
[2026-06-05 17:14:38.083 Z] [PROCESS] [cadence.virtuoso.ade.simulationMonitor] - Stay with the runId '16', Linger time '300', currentRunSyn '32', currentTestSyn '75' {"hostname": "il2244vt26_hrahimi", "processid": 3405815, "history": "MonteCarlo.6", "testname": "PTAT_MC", "cornername": "Nominal", "point": 103, "logfile": "/home/hrahimi/projects/POTENTIOSTAT_26/logs_hrahimi/logs0/Job102.log"}
[2026-06-05 17:14:39.091 Z] [PROCESS] [cadence.virtuoso.ade.simulationMonitor] - Stay with the runId '16', Linger time '300', currentRunSyn '32', currentTestSyn '75' {"hostname": "il2244vt26_hrahimi", "processid": 3405815, "history": "MonteCarlo.6", "testname": "PTAT_MC", "cornername": "Nominal", "point": 103, "logfile": "/home/hrahimi/projects/POTENTIOSTAT_26/logs_hrahimi/logs0/Job102.log"}
[2026-06-05 17:14:40.097 Z] [PROCESS] [cadence.virtuoso.ade.simulationMonitor] - Stay with the runId '16', Linger time '300', currentRunSyn '32', currentTestSyn '75' {"hostname": "il2244vt26_hrahimi", "processid": 3405815, "history": "MonteCarlo.6", "testname": "PTAT_MC", "cornername": "Nominal", "point": 103, "logfile": "/home/hrahimi/projects/POTENTIOSTAT_26/logs_hrahimi/logs0/Job102.log"}
[2026-06-05 17:14:41.097 Z] [PROCESS] [cadence.virtuoso.ade.simulationMonitor] - Stay with the runId '16', Linger time '300', currentRunSyn '32', currentTestSyn '75' {"hostname": "il2244vt26_hrahimi", "processid": 3405815, "history": "MonteCarlo.6", "testname": "PTAT_MC", "cornername": "Nominal", "point": 103, "logfile": "/home/hrahimi/projects/POTENTIOSTAT_26/logs_hrahimi/logs0/Job102.log"}
[2026-06-05 17:14:42.103 Z] [PROCESS] [cadence.virtuoso.ade.simulationMonitor] - Stay with the runId '16', Linger time '300', currentRunSyn '32', currentTestSyn '75' {"hostname": "il2244vt26_hrahimi", "processid": 3405815, "history": "MonteCarlo.6", "testname": "PTAT_MC", "cornername": "Nominal", "point": 103, "logfile": "/home/hrahimi/projects/POTENTIOSTAT_26/logs_hrahimi/logs0/Job102.log"}
[2026-06-05 17:14:43.108 Z] [PROCESS] [cadence.virtuoso.ade.simulationMonitor] - Stay with the runId '16', Linger time '300', currentRunSyn '32', currentTestSyn '75' {"hostname": "il2244vt26_hrahimi", "processid": 3405815, "history": "MonteCarlo.6", "testname": "PTAT_MC", "cornername": "Nominal", "point": 103, "logfile": "/home/hrahimi/projects/POTENTIOSTAT_26/logs_hrahimi/logs0/Job102.log"}
[2026-06-05 17:14:44.114 Z] [PROCESS] [cadence.virtuoso.ade.simulationMonitor] - Stay with the runId '16', Linger time '300', currentRunSyn '32', currentTestSyn '75' {"hostname": "il2244vt26_hrahimi", "processid": 3405815, "history": "MonteCarlo.6", "testname": "PTAT_MC", "cornername": "Nominal", "point": 103, "logfile": "/home/hrahimi/projects/POTENTIOSTAT_26/logs_hrahimi/logs0/Job102.log"}
[2026-06-05 17:14:45.114 Z] [PROCESS] [cadence.virtuoso.ade.simulationMonitor] - Stay with the runId '16', Linger time '300', currentRunSyn '32', currentTestSyn '75' {"hostname": "il2244vt26_hrahimi", "processid": 3405815, "history": "MonteCarlo.6", "testname": "PTAT_MC", "cornername": "Nominal", "point": 103, "logfile": "/home/hrahimi/projects/POTENTIOSTAT_26/logs_hrahimi/logs0/Job102.log"}
[2026-06-05 17:14:46.115 Z] [PROCESS] [cadence.virtuoso.ade.simulationMonitor] - Stay with the runId '16', Linger time '300', currentRunSyn '32', currentTestSyn '75' {"hostname": "il2244vt26_hrahimi", "processid": 3405815, "history": "MonteCarlo.6", "testname": "PTAT_MC", "cornername": "Nominal", "point": 103, "logfile": "/home/hrahimi/projects/POTENTIOSTAT_26/logs_hrahimi/logs0/Job102.log"}
[2026-06-05 17:14:47.121 Z] [PROCESS] [cadence.virtuoso.ade.simulationMonitor] - Stay with the runId '16', Linger time '300', currentRunSyn '32', currentTestSyn '75' {"hostname": "il2244vt26_hrahimi", "processid": 3405815, "history": "MonteCarlo.6", "testname": "PTAT_MC", "cornername": "Nominal", "point": 103, "logfile": "/home/hrahimi/projects/POTENTIOSTAT_26/logs_hrahimi/logs0/Job102.log"}
[2026-06-05 17:14:48.122 Z] [PROCESS] [cadence.virtuoso.ade.simulationMonitor] - Stay with the runId '16', Linger time '300', currentRunSyn '32', currentTestSyn '75' {"hostname": "il2244vt26_hrahimi", "processid": 3405815, "history": "MonteCarlo.6", "testname": "PTAT_MC", "cornername": "Nominal", "point": 103, "logfile": "/home/hrahimi/projects/POTENTIOSTAT_26/logs_hrahimi/logs0/Job102.log"}
[2026-06-05 17:14:49.122 Z] [PROCESS] [cadence.virtuoso.ade.simulationMonitor] - Stay with the runId '16', Linger time '300', currentRunSyn '32', currentTestSyn '75' {"hostname": "il2244vt26_hrahimi", "processid": 3405815, "history": "MonteCarlo.6", "testname": "PTAT_MC", "cornername": "Nominal", "point": 103, "logfile": "/home/hrahimi/projects/POTENTIOSTAT_26/logs_hrahimi/logs0/Job102.log"}
[2026-06-05 17:14:50.127 Z] [PROCESS] [cadence.virtuoso.ade.simulationMonitor] - Stay with the runId '16', Linger time '300', currentRunSyn '32', currentTestSyn '75' {"hostname": "il2244vt26_hrahimi", "processid": 3405815, "history": "MonteCarlo.6", "testname": "PTAT_MC", "cornername": "Nominal", "point": 103, "logfile": "/home/hrahimi/projects/POTENTIOSTAT_26/logs_hrahimi/logs0/Job102.log"}
[2026-06-05 17:14:51.130 Z] [PROCESS] [cadence.virtuoso.ade.simulationMonitor] - Stay with the runId '16', Linger time '300', currentRunSyn '32', currentTestSyn '75' {"hostname": "il2244vt26_hrahimi", "processid": 3405815, "history": "MonteCarlo.6", "testname": "PTAT_MC", "cornername": "Nominal", "point": 103, "logfile": "/home/hrahimi/projects/POTENTIOSTAT_26/logs_hrahimi/logs0/Job102.log"}
[2026-06-05 17:14:52.131 Z] [PROCESS] [cadence.virtuoso.ade.simulationMonitor] - Stay with the runId '16', Linger time '300', currentRunSyn '32', currentTestSyn '75' {"hostname": "il2244vt26_hrahimi", "processid": 3405815, "history": "MonteCarlo.6", "testname": "PTAT_MC", "cornername": "Nominal", "point": 103, "logfile": "/home/hrahimi/projects/POTENTIOSTAT_26/logs_hrahimi/logs0/Job102.log"}
[2026-06-05 17:14:53.131 Z] [PROCESS] [cadence.virtuoso.ade.simulationMonitor] - Stay with the runId '16', Linger time '300', currentRunSyn '32', currentTestSyn '75' {"hostname": "il2244vt26_hrahimi", "processid": 3405815, "history": "MonteCarlo.6", "testname": "PTAT_MC", "cornername": "Nominal", "point": 103, "logfile": "/home/hrahimi/projects/POTENTIOSTAT_26/logs_hrahimi/logs0/Job102.log"}
[2026-06-05 17:14:54.132 Z] [PROCESS] [cadence.virtuoso.ade.simulationMonitor] - Stay with the runId '16', Linger time '300', currentRunSyn '32', currentTestSyn '75' {"hostname": "il2244vt26_hrahimi", "processid": 3405815, "history": "MonteCarlo.6", "testname": "PTAT_MC", "cornername": "Nominal", "point": 103, "logfile": "/home/hrahimi/projects/POTENTIOSTAT_26/logs_hrahimi/logs0/Job102.log"}
[2026-06-05 17:14:55.135 Z] [PROCESS] [cadence.virtuoso.ade.simulationMonitor] - Stay with the runId '16', Linger time '300', currentRunSyn '32', currentTestSyn '75' {"hostname": "il2244vt26_hrahimi", "processid": 3405815, "history": "MonteCarlo.6", "testname": "PTAT_MC", "cornername": "Nominal", "point": 103, "logfile": "/home/hrahimi/projects/POTENTIOSTAT_26/logs_hrahimi/logs0/Job102.log"}
[2026-06-05 17:14:56.140 Z] [PROCESS] [cadence.virtuoso.ade.simulationMonitor] - Stay with the runId '16', Linger time '300', currentRunSyn '32', currentTestSyn '75' {"hostname": "il2244vt26_hrahimi", "processid": 3405815, "history": "MonteCarlo.6", "testname": "PTAT_MC", "cornername": "Nominal", "point": 103, "logfile": "/home/hrahimi/projects/POTENTIOSTAT_26/logs_hrahimi/logs0/Job102.log"}
[2026-06-05 17:14:57.147 Z] [PROCESS] [cadence.virtuoso.ade.simulationMonitor] - Stay with the runId '16', Linger time '300', currentRunSyn '32', currentTestSyn '75' {"hostname": "il2244vt26_hrahimi", "processid": 3405815, "history": "MonteCarlo.6", "testname": "PTAT_MC", "cornername": "Nominal", "point": 103, "logfile": "/home/hrahimi/projects/POTENTIOSTAT_26/logs_hrahimi/logs0/Job102.log"}
[2026-06-05 17:14:58.153 Z] [PROCESS] [cadence.virtuoso.ade.simulationMonitor] - Stay with the runId '16', Linger time '300', currentRunSyn '32', currentTestSyn '75' {"hostname": "il2244vt26_hrahimi", "processid": 3405815, "history": "MonteCarlo.6", "testname": "PTAT_MC", "cornername": "Nominal", "point": 103, "logfile": "/home/hrahimi/projects/POTENTIOSTAT_26/logs_hrahimi/logs0/Job102.log"}
[2026-06-05 17:14:59.160 Z] [PROCESS] [cadence.virtuoso.ade.simulationMonitor] - Stay with the runId '16', Linger time '300', currentRunSyn '32', currentTestSyn '75' {"hostname": "il2244vt26_hrahimi", "processid": 3405815, "history": "MonteCarlo.6", "testname": "PTAT_MC", "cornername": "Nominal", "point": 103, "logfile": "/home/hrahimi/projects/POTENTIOSTAT_26/logs_hrahimi/logs0/Job102.log"}
[2026-06-05 17:15:00.166 Z] [PROCESS] [cadence.virtuoso.ade.simulationMonitor] - Stay with the runId '16', Linger time '300', currentRunSyn '32', currentTestSyn '75' {"hostname": "il2244vt26_hrahimi", "processid": 3405815, "history": "MonteCarlo.6", "testname": "PTAT_MC", "cornername": "Nominal", "point": 103, "logfile": "/home/hrahimi/projects/POTENTIOSTAT_26/logs_hrahimi/logs0/Job102.log"}
[2026-06-05 17:15:01.166 Z] [PROCESS] [cadence.virtuoso.ade.simulationMonitor] - Stay with the runId '16', Linger time '300', currentRunSyn '32', currentTestSyn '75' {"hostname": "il2244vt26_hrahimi", "processid": 3405815, "history": "MonteCarlo.6", "testname": "PTAT_MC", "cornername": "Nominal", "point": 103, "logfile": "/home/hrahimi/projects/POTENTIOSTAT_26/logs_hrahimi/logs0/Job102.log"}
[2026-06-05 17:15:02.168 Z] [PROCESS] [cadence.virtuoso.ade.simulationMonitor] - Stay with the runId '16', Linger time '300', currentRunSyn '32', currentTestSyn '75' {"hostname": "il2244vt26_hrahimi", "processid": 3405815, "history": "MonteCarlo.6", "testname": "PTAT_MC", "cornername": "Nominal", "point": 103, "logfile": "/home/hrahimi/projects/POTENTIOSTAT_26/logs_hrahimi/logs0/Job102.log"}
[2026-06-05 17:15:03.173 Z] [PROCESS] [cadence.virtuoso.ade.simulationMonitor] - Stay with the runId '16', Linger time '300', currentRunSyn '32', currentTestSyn '75' {"hostname": "il2244vt26_hrahimi", "processid": 3405815, "history": "MonteCarlo.6", "testname": "PTAT_MC", "cornername": "Nominal", "point": 103, "logfile": "/home/hrahimi/projects/POTENTIOSTAT_26/logs_hrahimi/logs0/Job102.log"}
[2026-06-05 17:15:04.179 Z] [PROCESS] [cadence.virtuoso.ade.simulationMonitor] - Stay with the runId '16', Linger time '300', currentRunSyn '32', currentTestSyn '75' {"hostname": "il2244vt26_hrahimi", "processid": 3405815, "history": "MonteCarlo.6", "testname": "PTAT_MC", "cornername": "Nominal", "point": 103, "logfile": "/home/hrahimi/projects/POTENTIOSTAT_26/logs_hrahimi/logs0/Job102.log"}
[2026-06-05 17:15:05.181 Z] [PROCESS] [cadence.virtuoso.ade.simulationMonitor] - Stay with the runId '16', Linger time '300', currentRunSyn '32', currentTestSyn '75' {"hostname": "il2244vt26_hrahimi", "processid": 3405815, "history": "MonteCarlo.6", "testname": "PTAT_MC", "cornername": "Nominal", "point": 103, "logfile": "/home/hrahimi/projects/POTENTIOSTAT_26/logs_hrahimi/logs0/Job102.log"}
[2026-06-05 17:15:06.183 Z] [PROCESS] [cadence.virtuoso.ade.simulationMonitor] - Stay with the runId '16', Linger time '300', currentRunSyn '32', currentTestSyn '75' {"hostname": "il2244vt26_hrahimi", "processid": 3405815, "history": "MonteCarlo.6", "testname": "PTAT_MC", "cornername": "Nominal", "point": 103, "logfile": "/home/hrahimi/projects/POTENTIOSTAT_26/logs_hrahimi/logs0/Job102.log"}
[2026-06-05 17:15:07.185 Z] [PROCESS] [cadence.virtuoso.ade.simulationMonitor] - Stay with the runId '16', Linger time '300', currentRunSyn '32', currentTestSyn '75' {"hostname": "il2244vt26_hrahimi", "processid": 3405815, "history": "MonteCarlo.6", "testname": "PTAT_MC", "cornername": "Nominal", "point": 103, "logfile": "/home/hrahimi/projects/POTENTIOSTAT_26/logs_hrahimi/logs0/Job102.log"}
[2026-06-05 17:15:08.186 Z] [PROCESS] [cadence.virtuoso.ade.simulationMonitor] - Stay with the runId '16', Linger time '300', currentRunSyn '32', currentTestSyn '75' {"hostname": "il2244vt26_hrahimi", "processid": 3405815, "history": "MonteCarlo.6", "testname": "PTAT_MC", "cornername": "Nominal", "point": 103, "logfile": "/home/hrahimi/projects/POTENTIOSTAT_26/logs_hrahimi/logs0/Job102.log"}
[2026-06-05 17:15:09.194 Z] [PROCESS] [cadence.virtuoso.ade.simulationMonitor] - Stay with the runId '16', Linger time '300', currentRunSyn '32', currentTestSyn '75' {"hostname": "il2244vt26_hrahimi", "processid": 3405815, "history": "MonteCarlo.6", "testname": "PTAT_MC", "cornername": "Nominal", "point": 103, "logfile": "/home/hrahimi/projects/POTENTIOSTAT_26/logs_hrahimi/logs0/Job102.log"}
[2026-06-05 17:15:10.194 Z] [PROCESS] [cadence.virtuoso.ade.simulationMonitor] - Stay with the runId '16', Linger time '300', currentRunSyn '32', currentTestSyn '75' {"hostname": "il2244vt26_hrahimi", "processid": 3405815, "history": "MonteCarlo.6", "testname": "PTAT_MC", "cornername": "Nominal", "point": 103, "logfile": "/home/hrahimi/projects/POTENTIOSTAT_26/logs_hrahimi/logs0/Job102.log"}
[2026-06-05 17:15:11.199 Z] [PROCESS] [cadence.virtuoso.ade.simulationMonitor] - Stay with the runId '16', Linger time '300', currentRunSyn '32', currentTestSyn '75' {"hostname": "il2244vt26_hrahimi", "processid": 3405815, "history": "MonteCarlo.6", "testname": "PTAT_MC", "cornername": "Nominal", "point": 103, "logfile": "/home/hrahimi/projects/POTENTIOSTAT_26/logs_hrahimi/logs0/Job102.log"}
[2026-06-05 17:15:12.199 Z] [PROCESS] [cadence.virtuoso.ade.simulationMonitor] - Stay with the runId '16', Linger time '300', currentRunSyn '32', currentTestSyn '75' {"hostname": "il2244vt26_hrahimi", "processid": 3405815, "history": "MonteCarlo.6", "testname": "PTAT_MC", "cornername": "Nominal", "point": 103, "logfile": "/home/hrahimi/projects/POTENTIOSTAT_26/logs_hrahimi/logs0/Job102.log"}
[2026-06-05 17:15:13.200 Z] [PROCESS] [cadence.virtuoso.ade.simulationMonitor] - Stay with the runId '16', Linger time '300', currentRunSyn '32', currentTestSyn '75' {"hostname": "il2244vt26_hrahimi", "processid": 3405815, "history": "MonteCarlo.6", "testname": "PTAT_MC", "cornername": "Nominal", "point": 103, "logfile": "/home/hrahimi/projects/POTENTIOSTAT_26/logs_hrahimi/logs0/Job102.log"}
[2026-06-05 17:15:14.203 Z] [PROCESS] [cadence.virtuoso.ade.simulationMonitor] - Stay with the runId '16', Linger time '300', currentRunSyn '32', currentTestSyn '75' {"hostname": "il2244vt26_hrahimi", "processid": 3405815, "history": "MonteCarlo.6", "testname": "PTAT_MC", "cornername": "Nominal", "point": 103, "logfile": "/home/hrahimi/projects/POTENTIOSTAT_26/logs_hrahimi/logs0/Job102.log"}
[2026-06-05 17:15:15.204 Z] [PROCESS] [cadence.virtuoso.ade.simulationMonitor] - Stay with the runId '16', Linger time '300', currentRunSyn '32', currentTestSyn '75' {"hostname": "il2244vt26_hrahimi", "processid": 3405815, "history": "MonteCarlo.6", "testname": "PTAT_MC", "cornername": "Nominal", "point": 103, "logfile": "/home/hrahimi/projects/POTENTIOSTAT_26/logs_hrahimi/logs0/Job102.log"}
[2026-06-05 17:15:16.212 Z] [PROCESS] [cadence.virtuoso.ade.simulationMonitor] - Stay with the runId '16', Linger time '300', currentRunSyn '32', currentTestSyn '75' {"hostname": "il2244vt26_hrahimi", "processid": 3405815, "history": "MonteCarlo.6", "testname": "PTAT_MC", "cornername": "Nominal", "point": 103, "logfile": "/home/hrahimi/projects/POTENTIOSTAT_26/logs_hrahimi/logs0/Job102.log"}
[2026-06-05 17:15:17.213 Z] [PROCESS] [cadence.virtuoso.ade.simulationMonitor] - Stay with the runId '16', Linger time '300', currentRunSyn '32', currentTestSyn '75' {"hostname": "il2244vt26_hrahimi", "processid": 3405815, "history": "MonteCarlo.6", "testname": "PTAT_MC", "cornername": "Nominal", "point": 103, "logfile": "/home/hrahimi/projects/POTENTIOSTAT_26/logs_hrahimi/logs0/Job102.log"}
[2026-06-05 17:15:18.217 Z] [PROCESS] [cadence.virtuoso.ade.simulationMonitor] - Stay with the runId '16', Linger time '300', currentRunSyn '32', currentTestSyn '75' {"hostname": "il2244vt26_hrahimi", "processid": 3405815, "history": "MonteCarlo.6", "testname": "PTAT_MC", "cornername": "Nominal", "point": 103, "logfile": "/home/hrahimi/projects/POTENTIOSTAT_26/logs_hrahimi/logs0/Job102.log"}
[2026-06-05 17:15:19.224 Z] [PROCESS] [cadence.virtuoso.ade.simulationMonitor] - Stay with the runId '16', Linger time '300', currentRunSyn '32', currentTestSyn '75' {"hostname": "il2244vt26_hrahimi", "processid": 3405815, "history": "MonteCarlo.6", "testname": "PTAT_MC", "cornername": "Nominal", "point": 103, "logfile": "/home/hrahimi/projects/POTENTIOSTAT_26/logs_hrahimi/logs0/Job102.log"}
[2026-06-05 17:15:20.225 Z] [PROCESS] [cadence.virtuoso.ade.simulationMonitor] - Stay with the runId '16', Linger time '300', currentRunSyn '32', currentTestSyn '75' {"hostname": "il2244vt26_hrahimi", "processid": 3405815, "history": "MonteCarlo.6", "testname": "PTAT_MC", "cornername": "Nominal", "point": 103, "logfile": "/home/hrahimi/projects/POTENTIOSTAT_26/logs_hrahimi/logs0/Job102.log"}
[2026-06-05 17:15:21.228 Z] [PROCESS] [cadence.virtuoso.ade.simulationMonitor] - Stay with the runId '16', Linger time '300', currentRunSyn '32', currentTestSyn '75' {"hostname": "il2244vt26_hrahimi", "processid": 3405815, "history": "MonteCarlo.6", "testname": "PTAT_MC", "cornername": "Nominal", "point": 103, "logfile": "/home/hrahimi/projects/POTENTIOSTAT_26/logs_hrahimi/logs0/Job102.log"}
[2026-06-05 17:15:22.231 Z] [PROCESS] [cadence.virtuoso.ade.simulationMonitor] - Stay with the runId '16', Linger time '300', currentRunSyn '32', currentTestSyn '75' {"hostname": "il2244vt26_hrahimi", "processid": 3405815, "history": "MonteCarlo.6", "testname": "PTAT_MC", "cornername": "Nominal", "point": 103, "logfile": "/home/hrahimi/projects/POTENTIOSTAT_26/logs_hrahimi/logs0/Job102.log"}
[2026-06-05 17:15:23.234 Z] [PROCESS] [cadence.virtuoso.ade.simulationMonitor] - Stay with the runId '16', Linger time '300', currentRunSyn '32', currentTestSyn '75' {"hostname": "il2244vt26_hrahimi", "processid": 3405815, "history": "MonteCarlo.6", "testname": "PTAT_MC", "cornername": "Nominal", "point": 103, "logfile": "/home/hrahimi/projects/POTENTIOSTAT_26/logs_hrahimi/logs0/Job102.log"}
[2026-06-05 17:15:24.235 Z] [PROCESS] [cadence.virtuoso.ade.simulationMonitor] - Stay with the runId '16', Linger time '300', currentRunSyn '32', currentTestSyn '75' {"hostname": "il2244vt26_hrahimi", "processid": 3405815, "history": "MonteCarlo.6", "testname": "PTAT_MC", "cornername": "Nominal", "point": 103, "logfile": "/home/hrahimi/projects/POTENTIOSTAT_26/logs_hrahimi/logs0/Job102.log"}
[2026-06-05 17:15:25.236 Z] [PROCESS] [cadence.virtuoso.ade.simulationMonitor] - Stay with the runId '16', Linger time '300', currentRunSyn '32', currentTestSyn '75' {"hostname": "il2244vt26_hrahimi", "processid": 3405815, "history": "MonteCarlo.6", "testname": "PTAT_MC", "cornername": "Nominal", "point": 103, "logfile": "/home/hrahimi/projects/POTENTIOSTAT_26/logs_hrahimi/logs0/Job102.log"}
[2026-06-05 17:15:26.239 Z] [PROCESS] [cadence.virtuoso.ade.simulationMonitor] - Stay with the runId '16', Linger time '300', currentRunSyn '32', currentTestSyn '75' {"hostname": "il2244vt26_hrahimi", "processid": 3405815, "history": "MonteCarlo.6", "testname": "PTAT_MC", "cornername": "Nominal", "point": 103, "logfile": "/home/hrahimi/projects/POTENTIOSTAT_26/logs_hrahimi/logs0/Job102.log"}
[2026-06-05 17:15:27.243 Z] [PROCESS] [cadence.virtuoso.ade.simulationMonitor] - Stay with the runId '16', Linger time '300', currentRunSyn '32', currentTestSyn '75' {"hostname": "il2244vt26_hrahimi", "processid": 3405815, "history": "MonteCarlo.6", "testname": "PTAT_MC", "cornername": "Nominal", "point": 103, "logfile": "/home/hrahimi/projects/POTENTIOSTAT_26/logs_hrahimi/logs0/Job102.log"}
[2026-06-05 17:15:28.244 Z] [PROCESS] [cadence.virtuoso.ade.simulationMonitor] - Stay with the runId '16', Linger time '300', currentRunSyn '32', currentTestSyn '75' {"hostname": "il2244vt26_hrahimi", "processid": 3405815, "history": "MonteCarlo.6", "testname": "PTAT_MC", "cornername": "Nominal", "point": 103, "logfile": "/home/hrahimi/projects/POTENTIOSTAT_26/logs_hrahimi/logs0/Job102.log"}
[2026-06-05 17:15:29.245 Z] [PROCESS] [cadence.virtuoso.ade.simulationMonitor] - Stay with the runId '16', Linger time '300', currentRunSyn '32', currentTestSyn '75' {"hostname": "il2244vt26_hrahimi", "processid": 3405815, "history": "MonteCarlo.6", "testname": "PTAT_MC", "cornername": "Nominal", "point": 103, "logfile": "/home/hrahimi/projects/POTENTIOSTAT_26/logs_hrahimi/logs0/Job102.log"}
[2026-06-05 17:15:30.245 Z] [PROCESS] [cadence.virtuoso.ade.simulationMonitor] - Stay with the runId '16', Linger time '300', currentRunSyn '32', currentTestSyn '75' {"hostname": "il2244vt26_hrahimi", "processid": 3405815, "history": "MonteCarlo.6", "testname": "PTAT_MC", "cornername": "Nominal", "point": 103, "logfile": "/home/hrahimi/projects/POTENTIOSTAT_26/logs_hrahimi/logs0/Job102.log"}
[2026-06-05 17:15:31.254 Z] [PROCESS] [cadence.virtuoso.ade.simulationMonitor] - Stay with the runId '16', Linger time '300', currentRunSyn '32', currentTestSyn '75' {"hostname": "il2244vt26_hrahimi", "processid": 3405815, "history": "MonteCarlo.6", "testname": "PTAT_MC", "cornername": "Nominal", "point": 103, "logfile": "/home/hrahimi/projects/POTENTIOSTAT_26/logs_hrahimi/logs0/Job102.log"}
[2026-06-05 17:15:32.256 Z] [PROCESS] [cadence.virtuoso.ade.simulationMonitor] - Stay with the runId '16', Linger time '300', currentRunSyn '32', currentTestSyn '75' {"hostname": "il2244vt26_hrahimi", "processid": 3405815, "history": "MonteCarlo.6", "testname": "PTAT_MC", "cornername": "Nominal", "point": 103, "logfile": "/home/hrahimi/projects/POTENTIOSTAT_26/logs_hrahimi/logs0/Job102.log"}
[2026-06-05 17:15:33.260 Z] [PROCESS] [cadence.virtuoso.ade.simulationMonitor] - Stay with the runId '16', Linger time '300', currentRunSyn '32', currentTestSyn '75' {"hostname": "il2244vt26_hrahimi", "processid": 3405815, "history": "MonteCarlo.6", "testname": "PTAT_MC", "cornername": "Nominal", "point": 103, "logfile": "/home/hrahimi/projects/POTENTIOSTAT_26/logs_hrahimi/logs0/Job102.log"}
[2026-06-05 17:15:34.263 Z] [PROCESS] [cadence.virtuoso.ade.simulationMonitor] - Stay with the runId '16', Linger time '300', currentRunSyn '32', currentTestSyn '75' {"hostname": "il2244vt26_hrahimi", "processid": 3405815, "history": "MonteCarlo.6", "testname": "PTAT_MC", "cornername": "Nominal", "point": 103, "logfile": "/home/hrahimi/projects/POTENTIOSTAT_26/logs_hrahimi/logs0/Job102.log"}
[2026-06-05 17:15:35.263 Z] [PROCESS] [cadence.virtuoso.ade.simulationMonitor] - Stay with the runId '16', Linger time '300', currentRunSyn '32', currentTestSyn '75' {"hostname": "il2244vt26_hrahimi", "processid": 3405815, "history": "MonteCarlo.6", "testname": "PTAT_MC", "cornername": "Nominal", "point": 103, "logfile": "/home/hrahimi/projects/POTENTIOSTAT_26/logs_hrahimi/logs0/Job102.log"}
[2026-06-05 17:15:36.271 Z] [PROCESS] [cadence.virtuoso.ade.simulationMonitor] - Stay with the runId '16', Linger time '300', currentRunSyn '32', currentTestSyn '75' {"hostname": "il2244vt26_hrahimi", "processid": 3405815, "history": "MonteCarlo.6", "testname": "PTAT_MC", "cornername": "Nominal", "point": 103, "logfile": "/home/hrahimi/projects/POTENTIOSTAT_26/logs_hrahimi/logs0/Job102.log"}
[2026-06-05 17:15:37.271 Z] [PROCESS] [cadence.virtuoso.ade.simulationMonitor] - Stay with the runId '16', Linger time '300', currentRunSyn '32', currentTestSyn '75' {"hostname": "il2244vt26_hrahimi", "processid": 3405815, "history": "MonteCarlo.6", "testname": "PTAT_MC", "cornername": "Nominal", "point": 103, "logfile": "/home/hrahimi/projects/POTENTIOSTAT_26/logs_hrahimi/logs0/Job102.log"}
[2026-06-05 17:15:38.272 Z] [PROCESS] [cadence.virtuoso.ade.simulationMonitor] - Stay with the runId '16', Linger time '300', currentRunSyn '32', currentTestSyn '75' {"hostname": "il2244vt26_hrahimi", "processid": 3405815, "history": "MonteCarlo.6", "testname": "PTAT_MC", "cornername": "Nominal", "point": 103, "logfile": "/home/hrahimi/projects/POTENTIOSTAT_26/logs_hrahimi/logs0/Job102.log"}
[2026-06-05 17:15:39.272 Z] [PROCESS] [cadence.virtuoso.ade.simulationMonitor] - Stay with the runId '16', Linger time '300', currentRunSyn '32', currentTestSyn '75' {"hostname": "il2244vt26_hrahimi", "processid": 3405815, "history": "MonteCarlo.6", "testname": "PTAT_MC", "cornername": "Nominal", "point": 103, "logfile": "/home/hrahimi/projects/POTENTIOSTAT_26/logs_hrahimi/logs0/Job102.log"}
[2026-06-05 17:15:40.273 Z] [PROCESS] [cadence.virtuoso.ade.simulationMonitor] - Stay with the runId '16', Linger time '300', currentRunSyn '32', currentTestSyn '75' {"hostname": "il2244vt26_hrahimi", "processid": 3405815, "history": "MonteCarlo.6", "testname": "PTAT_MC", "cornername": "Nominal", "point": 103, "logfile": "/home/hrahimi/projects/POTENTIOSTAT_26/logs_hrahimi/logs0/Job102.log"}
[2026-06-05 17:15:41.276 Z] [PROCESS] [cadence.virtuoso.ade.simulationMonitor] - Stay with the runId '16', Linger time '300', currentRunSyn '32', currentTestSyn '75' {"hostname": "il2244vt26_hrahimi", "processid": 3405815, "history": "MonteCarlo.6", "testname": "PTAT_MC", "cornername": "Nominal", "point": 103, "logfile": "/home/hrahimi/projects/POTENTIOSTAT_26/logs_hrahimi/logs0/Job102.log"}
[2026-06-05 17:15:42.283 Z] [PROCESS] [cadence.virtuoso.ade.simulationMonitor] - Stay with the runId '16', Linger time '300', currentRunSyn '32', currentTestSyn '75' {"hostname": "il2244vt26_hrahimi", "processid": 3405815, "history": "MonteCarlo.6", "testname": "PTAT_MC", "cornername": "Nominal", "point": 103, "logfile": "/home/hrahimi/projects/POTENTIOSTAT_26/logs_hrahimi/logs0/Job102.log"}
[2026-06-05 17:15:43.286 Z] [PROCESS] [cadence.virtuoso.ade.simulationMonitor] - Stay with the runId '16', Linger time '300', currentRunSyn '32', currentTestSyn '75' {"hostname": "il2244vt26_hrahimi", "processid": 3405815, "history": "MonteCarlo.6", "testname": "PTAT_MC", "cornername": "Nominal", "point": 103, "logfile": "/home/hrahimi/projects/POTENTIOSTAT_26/logs_hrahimi/logs0/Job102.log"}
[2026-06-05 17:15:44.287 Z] [PROCESS] [cadence.virtuoso.ade.simulationMonitor] - Stay with the runId '16', Linger time '300', currentRunSyn '32', currentTestSyn '75' {"hostname": "il2244vt26_hrahimi", "processid": 3405815, "history": "MonteCarlo.6", "testname": "PTAT_MC", "cornername": "Nominal", "point": 103, "logfile": "/home/hrahimi/projects/POTENTIOSTAT_26/logs_hrahimi/logs0/Job102.log"}
[2026-06-05 17:15:45.290 Z] [PROCESS] [cadence.virtuoso.ade.simulationMonitor] - Stay with the runId '16', Linger time '300', currentRunSyn '32', currentTestSyn '75' {"hostname": "il2244vt26_hrahimi", "processid": 3405815, "history": "MonteCarlo.6", "testname": "PTAT_MC", "cornername": "Nominal", "point": 103, "logfile": "/home/hrahimi/projects/POTENTIOSTAT_26/logs_hrahimi/logs0/Job102.log"}
[2026-06-05 17:15:46.291 Z] [PROCESS] [cadence.virtuoso.ade.simulationMonitor] - Stay with the runId '16', Linger time '300', currentRunSyn '32', currentTestSyn '75' {"hostname": "il2244vt26_hrahimi", "processid": 3405815, "history": "MonteCarlo.6", "testname": "PTAT_MC", "cornername": "Nominal", "point": 103, "logfile": "/home/hrahimi/projects/POTENTIOSTAT_26/logs_hrahimi/logs0/Job102.log"}
[2026-06-05 17:15:47.294 Z] [PROCESS] [cadence.virtuoso.ade.simulationMonitor] - Stay with the runId '16', Linger time '300', currentRunSyn '32', currentTestSyn '75' {"hostname": "il2244vt26_hrahimi", "processid": 3405815, "history": "MonteCarlo.6", "testname": "PTAT_MC", "cornername": "Nominal", "point": 103, "logfile": "/home/hrahimi/projects/POTENTIOSTAT_26/logs_hrahimi/logs0/Job102.log"}
[2026-06-05 17:15:48.296 Z] [PROCESS] [cadence.virtuoso.ade.simulationMonitor] - Stay with the runId '16', Linger time '300', currentRunSyn '32', currentTestSyn '75' {"hostname": "il2244vt26_hrahimi", "processid": 3405815, "history": "MonteCarlo.6", "testname": "PTAT_MC", "cornername": "Nominal", "point": 103, "logfile": "/home/hrahimi/projects/POTENTIOSTAT_26/logs_hrahimi/logs0/Job102.log"}
[2026-06-05 17:15:49.296 Z] [PROCESS] [cadence.virtuoso.ade.simulationMonitor] - Stay with the runId '16', Linger time '300', currentRunSyn '32', currentTestSyn '75' {"hostname": "il2244vt26_hrahimi", "processid": 3405815, "history": "MonteCarlo.6", "testname": "PTAT_MC", "cornername": "Nominal", "point": 103, "logfile": "/home/hrahimi/projects/POTENTIOSTAT_26/logs_hrahimi/logs0/Job102.log"}
[2026-06-05 17:15:50.299 Z] [PROCESS] [cadence.virtuoso.ade.simulationMonitor] - Stay with the runId '16', Linger time '300', currentRunSyn '32', currentTestSyn '75' {"hostname": "il2244vt26_hrahimi", "processid": 3405815, "history": "MonteCarlo.6", "testname": "PTAT_MC", "cornername": "Nominal", "point": 103, "logfile": "/home/hrahimi/projects/POTENTIOSTAT_26/logs_hrahimi/logs0/Job102.log"}
[2026-06-05 17:15:51.299 Z] [PROCESS] [cadence.virtuoso.ade.simulationMonitor] - Stay with the runId '16', Linger time '300', currentRunSyn '32', currentTestSyn '75' {"hostname": "il2244vt26_hrahimi", "processid": 3405815, "history": "MonteCarlo.6", "testname": "PTAT_MC", "cornername": "Nominal", "point": 103, "logfile": "/home/hrahimi/projects/POTENTIOSTAT_26/logs_hrahimi/logs0/Job102.log"}
[2026-06-05 17:15:52.300 Z] [PROCESS] [cadence.virtuoso.ade.simulationMonitor] - Stay with the runId '16', Linger time '300', currentRunSyn '32', currentTestSyn '75' {"hostname": "il2244vt26_hrahimi", "processid": 3405815, "history": "MonteCarlo.6", "testname": "PTAT_MC", "cornername": "Nominal", "point": 103, "logfile": "/home/hrahimi/projects/POTENTIOSTAT_26/logs_hrahimi/logs0/Job102.log"}
[2026-06-05 17:15:53.300 Z] [PROCESS] [cadence.virtuoso.ade.simulationMonitor] - Stay with the runId '16', Linger time '300', currentRunSyn '32', currentTestSyn '75' {"hostname": "il2244vt26_hrahimi", "processid": 3405815, "history": "MonteCarlo.6", "testname": "PTAT_MC", "cornername": "Nominal", "point": 103, "logfile": "/home/hrahimi/projects/POTENTIOSTAT_26/logs_hrahimi/logs0/Job102.log"}
[2026-06-05 17:15:54.303 Z] [PROCESS] [cadence.virtuoso.ade.simulationMonitor] - Stay with the runId '16', Linger time '300', currentRunSyn '32', currentTestSyn '75' {"hostname": "il2244vt26_hrahimi", "processid": 3405815, "history": "MonteCarlo.6", "testname": "PTAT_MC", "cornername": "Nominal", "point": 103, "logfile": "/home/hrahimi/projects/POTENTIOSTAT_26/logs_hrahimi/logs0/Job102.log"}
[2026-06-05 17:15:55.310 Z] [PROCESS] [cadence.virtuoso.ade.simulationMonitor] - Stay with the runId '16', Linger time '300', currentRunSyn '32', currentTestSyn '75' {"hostname": "il2244vt26_hrahimi", "processid": 3405815, "history": "MonteCarlo.6", "testname": "PTAT_MC", "cornername": "Nominal", "point": 103, "logfile": "/home/hrahimi/projects/POTENTIOSTAT_26/logs_hrahimi/logs0/Job102.log"}
[2026-06-05 17:15:56.312 Z] [PROCESS] [cadence.virtuoso.ade.simulationMonitor] - Stay with the runId '16', Linger time '300', currentRunSyn '32', currentTestSyn '75' {"hostname": "il2244vt26_hrahimi", "processid": 3405815, "history": "MonteCarlo.6", "testname": "PTAT_MC", "cornername": "Nominal", "point": 103, "logfile": "/home/hrahimi/projects/POTENTIOSTAT_26/logs_hrahimi/logs0/Job102.log"}
[2026-06-05 17:15:57.316 Z] [PROCESS] [cadence.virtuoso.ade.simulationMonitor] - Stay with the runId '16', Linger time '300', currentRunSyn '32', currentTestSyn '75' {"hostname": "il2244vt26_hrahimi", "processid": 3405815, "history": "MonteCarlo.6", "testname": "PTAT_MC", "cornername": "Nominal", "point": 103, "logfile": "/home/hrahimi/projects/POTENTIOSTAT_26/logs_hrahimi/logs0/Job102.log"}
[2026-06-05 17:15:58.319 Z] [PROCESS] [cadence.virtuoso.ade.simulationMonitor] - Stay with the runId '16', Linger time '300', currentRunSyn '32', currentTestSyn '75' {"hostname": "il2244vt26_hrahimi", "processid": 3405815, "history": "MonteCarlo.6", "testname": "PTAT_MC", "cornername": "Nominal", "point": 103, "logfile": "/home/hrahimi/projects/POTENTIOSTAT_26/logs_hrahimi/logs0/Job102.log"}
[2026-06-05 17:15:59.319 Z] [PROCESS] [cadence.virtuoso.ade.simulationMonitor] - Stay with the runId '16', Linger time '300', currentRunSyn '32', currentTestSyn '75' {"hostname": "il2244vt26_hrahimi", "processid": 3405815, "history": "MonteCarlo.6", "testname": "PTAT_MC", "cornername": "Nominal", "point": 103, "logfile": "/home/hrahimi/projects/POTENTIOSTAT_26/logs_hrahimi/logs0/Job102.log"}
[2026-06-05 17:16:00.319 Z] [PROCESS] [cadence.virtuoso.ade.simulationMonitor] - Stay with the runId '16', Linger time '300', currentRunSyn '32', currentTestSyn '75' {"hostname": "il2244vt26_hrahimi", "processid": 3405815, "history": "MonteCarlo.6", "testname": "PTAT_MC", "cornername": "Nominal", "point": 103, "logfile": "/home/hrahimi/projects/POTENTIOSTAT_26/logs_hrahimi/logs0/Job102.log"}
[2026-06-05 17:16:01.322 Z] [PROCESS] [cadence.virtuoso.ade.simulationMonitor] - Stay with the runId '16', Linger time '300', currentRunSyn '32', currentTestSyn '75' {"hostname": "il2244vt26_hrahimi", "processid": 3405815, "history": "MonteCarlo.6", "testname": "PTAT_MC", "cornername": "Nominal", "point": 103, "logfile": "/home/hrahimi/projects/POTENTIOSTAT_26/logs_hrahimi/logs0/Job102.log"}
[2026-06-05 17:16:02.323 Z] [PROCESS] [cadence.virtuoso.ade.simulationMonitor] - Stay with the runId '16', Linger time '300', currentRunSyn '32', currentTestSyn '75' {"hostname": "il2244vt26_hrahimi", "processid": 3405815, "history": "MonteCarlo.6", "testname": "PTAT_MC", "cornername": "Nominal", "point": 103, "logfile": "/home/hrahimi/projects/POTENTIOSTAT_26/logs_hrahimi/logs0/Job102.log"}
[2026-06-05 17:16:03.326 Z] [PROCESS] [cadence.virtuoso.ade.simulationMonitor] - Stay with the runId '16', Linger time '300', currentRunSyn '32', currentTestSyn '75' {"hostname": "il2244vt26_hrahimi", "processid": 3405815, "history": "MonteCarlo.6", "testname": "PTAT_MC", "cornername": "Nominal", "point": 103, "logfile": "/home/hrahimi/projects/POTENTIOSTAT_26/logs_hrahimi/logs0/Job102.log"}
[2026-06-05 17:16:04.330 Z] [PROCESS] [cadence.virtuoso.ade.simulationMonitor] - Stay with the runId '16', Linger time '300', currentRunSyn '32', currentTestSyn '75' {"hostname": "il2244vt26_hrahimi", "processid": 3405815, "history": "MonteCarlo.6", "testname": "PTAT_MC", "cornername": "Nominal", "point": 103, "logfile": "/home/hrahimi/projects/POTENTIOSTAT_26/logs_hrahimi/logs0/Job102.log"}
[2026-06-05 17:16:05.333 Z] [PROCESS] [cadence.virtuoso.ade.simulationMonitor] - Stay with the runId '16', Linger time '300', currentRunSyn '32', currentTestSyn '75' {"hostname": "il2244vt26_hrahimi", "processid": 3405815, "history": "MonteCarlo.6", "testname": "PTAT_MC", "cornername": "Nominal", "point": 103, "logfile": "/home/hrahimi/projects/POTENTIOSTAT_26/logs_hrahimi/logs0/Job102.log"}
[2026-06-05 17:16:06.336 Z] [PROCESS] [cadence.virtuoso.ade.simulationMonitor] - Stay with the runId '16', Linger time '300', currentRunSyn '32', currentTestSyn '75' {"hostname": "il2244vt26_hrahimi", "processid": 3405815, "history": "MonteCarlo.6", "testname": "PTAT_MC", "cornername": "Nominal", "point": 103, "logfile": "/home/hrahimi/projects/POTENTIOSTAT_26/logs_hrahimi/logs0/Job102.log"}
[2026-06-05 17:16:07.337 Z] [PROCESS] [cadence.virtuoso.ade.simulationMonitor] - Stay with the runId '16', Linger time '300', currentRunSyn '32', currentTestSyn '75' {"hostname": "il2244vt26_hrahimi", "processid": 3405815, "history": "MonteCarlo.6", "testname": "PTAT_MC", "cornername": "Nominal", "point": 103, "logfile": "/home/hrahimi/projects/POTENTIOSTAT_26/logs_hrahimi/logs0/Job102.log"}
[2026-06-05 17:16:08.338 Z] [PROCESS] [cadence.virtuoso.ade.simulationMonitor] - Stay with the runId '16', Linger time '300', currentRunSyn '32', currentTestSyn '75' {"hostname": "il2244vt26_hrahimi", "processid": 3405815, "history": "MonteCarlo.6", "testname": "PTAT_MC", "cornername": "Nominal", "point": 103, "logfile": "/home/hrahimi/projects/POTENTIOSTAT_26/logs_hrahimi/logs0/Job102.log"}
[2026-06-05 17:16:09.340 Z] [PROCESS] [cadence.virtuoso.ade.simulationMonitor] - Stay with the runId '16', Linger time '300', currentRunSyn '32', currentTestSyn '75' {"hostname": "il2244vt26_hrahimi", "processid": 3405815, "history": "MonteCarlo.6", "testname": "PTAT_MC", "cornername": "Nominal", "point": 103, "logfile": "/home/hrahimi/projects/POTENTIOSTAT_26/logs_hrahimi/logs0/Job102.log"}
[2026-06-05 17:16:10.342 Z] [PROCESS] [cadence.virtuoso.ade.simulationMonitor] - Stay with the runId '16', Linger time '300', currentRunSyn '32', currentTestSyn '75' {"hostname": "il2244vt26_hrahimi", "processid": 3405815, "history": "MonteCarlo.6", "testname": "PTAT_MC", "cornername": "Nominal", "point": 103, "logfile": "/home/hrahimi/projects/POTENTIOSTAT_26/logs_hrahimi/logs0/Job102.log"}
[2026-06-05 17:16:11.342 Z] [PROCESS] [cadence.virtuoso.ade.simulationMonitor] - Stay with the runId '16', Linger time '300', currentRunSyn '32', currentTestSyn '75' {"hostname": "il2244vt26_hrahimi", "processid": 3405815, "history": "MonteCarlo.6", "testname": "PTAT_MC", "cornername": "Nominal", "point": 103, "logfile": "/home/hrahimi/projects/POTENTIOSTAT_26/logs_hrahimi/logs0/Job102.log"}
[2026-06-05 17:16:12.348 Z] [PROCESS] [cadence.virtuoso.ade.simulationMonitor] - Stay with the runId '16', Linger time '300', currentRunSyn '32', currentTestSyn '75' {"hostname": "il2244vt26_hrahimi", "processid": 3405815, "history": "MonteCarlo.6", "testname": "PTAT_MC", "cornername": "Nominal", "point": 103, "logfile": "/home/hrahimi/projects/POTENTIOSTAT_26/logs_hrahimi/logs0/Job102.log"}
[2026-06-05 17:16:13.349 Z] [PROCESS] [cadence.virtuoso.ade.simulationMonitor] - Stay with the runId '16', Linger time '300', currentRunSyn '32', currentTestSyn '75' {"hostname": "il2244vt26_hrahimi", "processid": 3405815, "history": "MonteCarlo.6", "testname": "PTAT_MC", "cornername": "Nominal", "point": 103, "logfile": "/home/hrahimi/projects/POTENTIOSTAT_26/logs_hrahimi/logs0/Job102.log"}
[2026-06-05 17:16:14.354 Z] [PROCESS] [cadence.virtuoso.ade.simulationMonitor] - Stay with the runId '16', Linger time '300', currentRunSyn '32', currentTestSyn '75' {"hostname": "il2244vt26_hrahimi", "processid": 3405815, "history": "MonteCarlo.6", "testname": "PTAT_MC", "cornername": "Nominal", "point": 103, "logfile": "/home/hrahimi/projects/POTENTIOSTAT_26/logs_hrahimi/logs0/Job102.log"}
[2026-06-05 17:16:15.357 Z] [PROCESS] [cadence.virtuoso.ade.simulationMonitor] - Stay with the runId '16', Linger time '300', currentRunSyn '32', currentTestSyn '75' {"hostname": "il2244vt26_hrahimi", "processid": 3405815, "history": "MonteCarlo.6", "testname": "PTAT_MC", "cornername": "Nominal", "point": 103, "logfile": "/home/hrahimi/projects/POTENTIOSTAT_26/logs_hrahimi/logs0/Job102.log"}
[2026-06-05 17:16:16.358 Z] [PROCESS] [cadence.virtuoso.ade.simulationMonitor] - Stay with the runId '16', Linger time '300', currentRunSyn '32', currentTestSyn '75' {"hostname": "il2244vt26_hrahimi", "processid": 3405815, "history": "MonteCarlo.6", "testname": "PTAT_MC", "cornername": "Nominal", "point": 103, "logfile": "/home/hrahimi/projects/POTENTIOSTAT_26/logs_hrahimi/logs0/Job102.log"}
[2026-06-05 17:16:17.359 Z] [PROCESS] [cadence.virtuoso.ade.simulationMonitor] - Stay with the runId '16', Linger time '300', currentRunSyn '32', currentTestSyn '75' {"hostname": "il2244vt26_hrahimi", "processid": 3405815, "history": "MonteCarlo.6", "testname": "PTAT_MC", "cornername": "Nominal", "point": 103, "logfile": "/home/hrahimi/projects/POTENTIOSTAT_26/logs_hrahimi/logs0/Job102.log"}
[2026-06-05 17:16:18.366 Z] [PROCESS] [cadence.virtuoso.ade.simulationMonitor] - Stay with the runId '16', Linger time '300', currentRunSyn '32', currentTestSyn '75' {"hostname": "il2244vt26_hrahimi", "processid": 3405815, "history": "MonteCarlo.6", "testname": "PTAT_MC", "cornername": "Nominal", "point": 103, "logfile": "/home/hrahimi/projects/POTENTIOSTAT_26/logs_hrahimi/logs0/Job102.log"}
[2026-06-05 17:16:19.367 Z] [PROCESS] [cadence.virtuoso.ade.simulationMonitor] - Stay with the runId '16', Linger time '300', currentRunSyn '32', currentTestSyn '75' {"hostname": "il2244vt26_hrahimi", "processid": 3405815, "history": "MonteCarlo.6", "testname": "PTAT_MC", "cornername": "Nominal", "point": 103, "logfile": "/home/hrahimi/projects/POTENTIOSTAT_26/logs_hrahimi/logs0/Job102.log"}
[2026-06-05 17:16:20.372 Z] [PROCESS] [cadence.virtuoso.ade.simulationMonitor] - Stay with the runId '16', Linger time '300', currentRunSyn '32', currentTestSyn '75' {"hostname": "il2244vt26_hrahimi", "processid": 3405815, "history": "MonteCarlo.6", "testname": "PTAT_MC", "cornername": "Nominal", "point": 103, "logfile": "/home/hrahimi/projects/POTENTIOSTAT_26/logs_hrahimi/logs0/Job102.log"}
[2026-06-05 17:16:21.376 Z] [PROCESS] [cadence.virtuoso.ade.simulationMonitor] - Stay with the runId '16', Linger time '300', currentRunSyn '32', currentTestSyn '75' {"hostname": "il2244vt26_hrahimi", "processid": 3405815, "history": "MonteCarlo.6", "testname": "PTAT_MC", "cornername": "Nominal", "point": 103, "logfile": "/home/hrahimi/projects/POTENTIOSTAT_26/logs_hrahimi/logs0/Job102.log"}
[2026-06-05 17:16:22.387 Z] [PROCESS] [cadence.virtuoso.ade.simulationMonitor] - Stay with the runId '16', Linger time '300', currentRunSyn '32', currentTestSyn '75' {"hostname": "il2244vt26_hrahimi", "processid": 3405815, "history": "MonteCarlo.6", "testname": "PTAT_MC", "cornername": "Nominal", "point": 103, "logfile": "/home/hrahimi/projects/POTENTIOSTAT_26/logs_hrahimi/logs0/Job102.log"}
[2026-06-05 17:16:23.394 Z] [PROCESS] [cadence.virtuoso.ade.simulationMonitor] - Stay with the runId '16', Linger time '300', currentRunSyn '32', currentTestSyn '75' {"hostname": "il2244vt26_hrahimi", "processid": 3405815, "history": "MonteCarlo.6", "testname": "PTAT_MC", "cornername": "Nominal", "point": 103, "logfile": "/home/hrahimi/projects/POTENTIOSTAT_26/logs_hrahimi/logs0/Job102.log"}
[2026-06-05 17:16:24.395 Z] [PROCESS] [cadence.virtuoso.ade.simulationMonitor] - Stay with the runId '16', Linger time '300', currentRunSyn '32', currentTestSyn '75' {"hostname": "il2244vt26_hrahimi", "processid": 3405815, "history": "MonteCarlo.6", "testname": "PTAT_MC", "cornername": "Nominal", "point": 103, "logfile": "/home/hrahimi/projects/POTENTIOSTAT_26/logs_hrahimi/logs0/Job102.log"}
[2026-06-05 17:16:25.403 Z] [PROCESS] [cadence.virtuoso.ade.simulationMonitor] - Stay with the runId '16', Linger time '300', currentRunSyn '32', currentTestSyn '75' {"hostname": "il2244vt26_hrahimi", "processid": 3405815, "history": "MonteCarlo.6", "testname": "PTAT_MC", "cornername": "Nominal", "point": 103, "logfile": "/home/hrahimi/projects/POTENTIOSTAT_26/logs_hrahimi/logs0/Job102.log"}
[2026-06-05 17:16:26.404 Z] [PROCESS] [cadence.virtuoso.ade.simulationMonitor] - Stay with the runId '16', Linger time '300', currentRunSyn '32', currentTestSyn '75' {"hostname": "il2244vt26_hrahimi", "processid": 3405815, "history": "MonteCarlo.6", "testname": "PTAT_MC", "cornername": "Nominal", "point": 103, "logfile": "/home/hrahimi/projects/POTENTIOSTAT_26/logs_hrahimi/logs0/Job102.log"}
[2026-06-05 17:16:27.404 Z] [PROCESS] [cadence.virtuoso.ade.simulationMonitor] - Stay with the runId '16', Linger time '300', currentRunSyn '32', currentTestSyn '75' {"hostname": "il2244vt26_hrahimi", "processid": 3405815, "history": "MonteCarlo.6", "testname": "PTAT_MC", "cornername": "Nominal", "point": 103, "logfile": "/home/hrahimi/projects/POTENTIOSTAT_26/logs_hrahimi/logs0/Job102.log"}
[2026-06-05 17:16:28.410 Z] [PROCESS] [cadence.virtuoso.ade.simulationMonitor] - Stay with the runId '16', Linger time '300', currentRunSyn '32', currentTestSyn '75' {"hostname": "il2244vt26_hrahimi", "processid": 3405815, "history": "MonteCarlo.6", "testname": "PTAT_MC", "cornername": "Nominal", "point": 103, "logfile": "/home/hrahimi/projects/POTENTIOSTAT_26/logs_hrahimi/logs0/Job102.log"}
[2026-06-05 17:16:29.417 Z] [PROCESS] [cadence.virtuoso.ade.simulationMonitor] - Stay with the runId '16', Linger time '300', currentRunSyn '32', currentTestSyn '75' {"hostname": "il2244vt26_hrahimi", "processid": 3405815, "history": "MonteCarlo.6", "testname": "PTAT_MC", "cornername": "Nominal", "point": 103, "logfile": "/home/hrahimi/projects/POTENTIOSTAT_26/logs_hrahimi/logs0/Job102.log"}
[2026-06-05 17:16:30.418 Z] [PROCESS] [cadence.virtuoso.ade.simulationMonitor] - Stay with the runId '16', Linger time '300', currentRunSyn '32', currentTestSyn '75' {"hostname": "il2244vt26_hrahimi", "processid": 3405815, "history": "MonteCarlo.6", "testname": "PTAT_MC", "cornername": "Nominal", "point": 103, "logfile": "/home/hrahimi/projects/POTENTIOSTAT_26/logs_hrahimi/logs0/Job102.log"}
[2026-06-05 17:16:31.423 Z] [PROCESS] [cadence.virtuoso.ade.simulationMonitor] - Stay with the runId '16', Linger time '300', currentRunSyn '32', currentTestSyn '75' {"hostname": "il2244vt26_hrahimi", "processid": 3405815, "history": "MonteCarlo.6", "testname": "PTAT_MC", "cornername": "Nominal", "point": 103, "logfile": "/home/hrahimi/projects/POTENTIOSTAT_26/logs_hrahimi/logs0/Job102.log"}
[2026-06-05 17:16:32.423 Z] [PROCESS] [cadence.virtuoso.ade.simulationMonitor] - Stay with the runId '16', Linger time '300', currentRunSyn '32', currentTestSyn '75' {"hostname": "il2244vt26_hrahimi", "processid": 3405815, "history": "MonteCarlo.6", "testname": "PTAT_MC", "cornername": "Nominal", "point": 103, "logfile": "/home/hrahimi/projects/POTENTIOSTAT_26/logs_hrahimi/logs0/Job102.log"}
[2026-06-05 17:16:33.429 Z] [PROCESS] [cadence.virtuoso.ade.simulationMonitor] - Stay with the runId '16', Linger time '300', currentRunSyn '32', currentTestSyn '75' {"hostname": "il2244vt26_hrahimi", "processid": 3405815, "history": "MonteCarlo.6", "testname": "PTAT_MC", "cornername": "Nominal", "point": 103, "logfile": "/home/hrahimi/projects/POTENTIOSTAT_26/logs_hrahimi/logs0/Job102.log"}
[2026-06-05 17:16:34.429 Z] [PROCESS] [cadence.virtuoso.ade.simulationMonitor] - Stay with the runId '16', Linger time '300', currentRunSyn '32', currentTestSyn '75' {"hostname": "il2244vt26_hrahimi", "processid": 3405815, "history": "MonteCarlo.6", "testname": "PTAT_MC", "cornername": "Nominal", "point": 103, "logfile": "/home/hrahimi/projects/POTENTIOSTAT_26/logs_hrahimi/logs0/Job102.log"}
[2026-06-05 17:16:35.430 Z] [PROCESS] [cadence.virtuoso.ade.simulationMonitor] - Stay with the runId '16', Linger time '300', currentRunSyn '32', currentTestSyn '75' {"hostname": "il2244vt26_hrahimi", "processid": 3405815, "history": "MonteCarlo.6", "testname": "PTAT_MC", "cornername": "Nominal", "point": 103, "logfile": "/home/hrahimi/projects/POTENTIOSTAT_26/logs_hrahimi/logs0/Job102.log"}
[2026-06-05 17:16:36.435 Z] [PROCESS] [cadence.virtuoso.ade.simulationMonitor] - Stay with the runId '16', Linger time '300', currentRunSyn '32', currentTestSyn '75' {"hostname": "il2244vt26_hrahimi", "processid": 3405815, "history": "MonteCarlo.6", "testname": "PTAT_MC", "cornername": "Nominal", "point": 103, "logfile": "/home/hrahimi/projects/POTENTIOSTAT_26/logs_hrahimi/logs0/Job102.log"}
[2026-06-05 17:16:37.443 Z] [PROCESS] [cadence.virtuoso.ade.simulationMonitor] - Stay with the runId '16', Linger time '300', currentRunSyn '32', currentTestSyn '75' {"hostname": "il2244vt26_hrahimi", "processid": 3405815, "history": "MonteCarlo.6", "testname": "PTAT_MC", "cornername": "Nominal", "point": 103, "logfile": "/home/hrahimi/projects/POTENTIOSTAT_26/logs_hrahimi/logs0/Job102.log"}
[2026-06-05 17:16:38.443 Z] [PROCESS] [cadence.virtuoso.ade.simulationMonitor] - Stay with the runId '16', Linger time '300', currentRunSyn '32', currentTestSyn '75' {"hostname": "il2244vt26_hrahimi", "processid": 3405815, "history": "MonteCarlo.6", "testname": "PTAT_MC", "cornername": "Nominal", "point": 103, "logfile": "/home/hrahimi/projects/POTENTIOSTAT_26/logs_hrahimi/logs0/Job102.log"}
[2026-06-05 17:16:39.444 Z] [PROCESS] [cadence.virtuoso.ade.simulationMonitor] - Stay with the runId '16', Linger time '300', currentRunSyn '32', currentTestSyn '75' {"hostname": "il2244vt26_hrahimi", "processid": 3405815, "history": "MonteCarlo.6", "testname": "PTAT_MC", "cornername": "Nominal", "point": 103, "logfile": "/home/hrahimi/projects/POTENTIOSTAT_26/logs_hrahimi/logs0/Job102.log"}
[2026-06-05 17:16:40.444 Z] [PROCESS] [cadence.virtuoso.ade.simulationMonitor] - Stay with the runId '16', Linger time '300', currentRunSyn '32', currentTestSyn '75' {"hostname": "il2244vt26_hrahimi", "processid": 3405815, "history": "MonteCarlo.6", "testname": "PTAT_MC", "cornername": "Nominal", "point": 103, "logfile": "/home/hrahimi/projects/POTENTIOSTAT_26/logs_hrahimi/logs0/Job102.log"}
[2026-06-05 17:16:41.449 Z] [PROCESS] [cadence.virtuoso.ade.simulationMonitor] - Stay with the runId '16', Linger time '300', currentRunSyn '32', currentTestSyn '75' {"hostname": "il2244vt26_hrahimi", "processid": 3405815, "history": "MonteCarlo.6", "testname": "PTAT_MC", "cornername": "Nominal", "point": 103, "logfile": "/home/hrahimi/projects/POTENTIOSTAT_26/logs_hrahimi/logs0/Job102.log"}
[2026-06-05 17:16:42.450 Z] [PROCESS] [cadence.virtuoso.ade.simulationMonitor] - Stay with the runId '16', Linger time '300', currentRunSyn '32', currentTestSyn '75' {"hostname": "il2244vt26_hrahimi", "processid": 3405815, "history": "MonteCarlo.6", "testname": "PTAT_MC", "cornername": "Nominal", "point": 103, "logfile": "/home/hrahimi/projects/POTENTIOSTAT_26/logs_hrahimi/logs0/Job102.log"}
[2026-06-05 17:16:43.452 Z] [PROCESS] [cadence.virtuoso.ade.simulationMonitor] - Stay with the runId '16', Linger time '300', currentRunSyn '32', currentTestSyn '75' {"hostname": "il2244vt26_hrahimi", "processid": 3405815, "history": "MonteCarlo.6", "testname": "PTAT_MC", "cornername": "Nominal", "point": 103, "logfile": "/home/hrahimi/projects/POTENTIOSTAT_26/logs_hrahimi/logs0/Job102.log"}
[2026-06-05 17:16:44.458 Z] [PROCESS] [cadence.virtuoso.ade.simulationMonitor] - Stay with the runId '16', Linger time '300', currentRunSyn '32', currentTestSyn '75' {"hostname": "il2244vt26_hrahimi", "processid": 3405815, "history": "MonteCarlo.6", "testname": "PTAT_MC", "cornername": "Nominal", "point": 103, "logfile": "/home/hrahimi/projects/POTENTIOSTAT_26/logs_hrahimi/logs0/Job102.log"}
[2026-06-05 17:16:47.459 Z] [PROCESS] [cadence.virtuoso.ade.simulationMonitor] - Current memory used: 53.1523 MBytes, peak memory used: 53.1523 MBytes {"hostname": "il2244vt26_hrahimi", "processid": 3405815, "history": "MonteCarlo.6", "testname": "PTAT_MC", "cornername": "Nominal", "point": 103, "logfile": "/home/hrahimi/projects/POTENTIOSTAT_26/logs_hrahimi/logs0/Job102.log"}
[2026-06-05 17:16:47.460 Z] [PROCESS] [cadence.virtuoso.ade.simulationMonitor] - Simulation Monitor process exit. {"hostname": "il2244vt26_hrahimi", "processid": 3405815, "history": "MonteCarlo.6", "testname": "PTAT_MC", "cornername": "Nominal", "point": 103, "logfile": "/home/hrahimi/projects/POTENTIOSTAT_26/logs_hrahimi/logs0/Job102.log"}
