[Simulation Monitor: 34]
[2026-05-27 11:29:52.743 Z] [PROCESS] [cadence.virtuoso.ade.simulationMonitor] - Simulation Monitor has successfully started up. Trying to set up communication channels to other components ... {"hostname": "il2244vt26_hrahimi", "processid": 290031, "logfile": "/home/hrahimi/projects/POTENTIOSTAT_26/logs_hrahimi/logs0/Job34.log"}
[2026-05-27 11:29:52.745 Z] [PROCESS] [cadence.virtuoso.ade.simulationMonitor] - Communication channels have been successfully set up. Start processing events ... {"hostname": "il2244vt26_hrahimi", "processid": 290031, "logfile": "/home/hrahimi/projects/POTENTIOSTAT_26/logs_hrahimi/logs0/Job34.log"}
[2026-05-27 11:29:52.746 Z] [PROCESS] [cadence.virtuoso.ade.simulationMonitor] - Considering to start history {"hostname": "il2244vt26_hrahimi", "processid": 290031, "history": "Interactive.37", "logfile": "/home/hrahimi/projects/POTENTIOSTAT_26/logs_hrahimi/logs0/Job34.log"}
[2026-05-27 11:29:52.752 Z] [PROCESS] [cadence.virtuoso.ade.simulationMonitor] - Started History {"hostname": "il2244vt26_hrahimi", "processid": 290031, "history": "MonteCarlo.0", "testname": "DC_MC", "cornername": "Nominal", "point": 14, "logfile": "/home/hrahimi/projects/POTENTIOSTAT_26/logs_hrahimi/logs0/Job34.log"}
[2026-05-27 11:29:52.753 Z] [PROCESS] [cadence.virtuoso.ade.simulationMonitor] - HostInfo:
Host name (type):	il2244vt26_hrahimi (x86_64)
Operating system:	Linux 5.15.0-164-generic #174-Ubuntu SMP Fri Nov 14 20:25:16 UTC 2025 {"hostname": "il2244vt26_hrahimi", "processid": 290031, "history": "MonteCarlo.0", "testname": "DC_MC", "cornername": "Nominal", "point": 14, "logfile": "/home/hrahimi/projects/POTENTIOSTAT_26/logs_hrahimi/logs0/Job34.log", "nodename": "il2244vt26_hrahimi", "domainname": "(none)", "machine": "x86_64", "sysname": "Linux", "release": "5.15.0-164-generic", "version": "#174-Ubuntu SMP Fri Nov 14 20:25:16 UTC 2025"}
[2026-05-27 11:29:52.753 Z] [PROCESS] [cadence.virtuoso.ade.simulationMonitor] - UsageInfo:
pid=290031
totalPhysicalMemory=3023.749672GB,Used=1943.099186GB,totalVirtualMemory=3031.749668GB,Used=1943.126530GB
Cpu: Cores=48, Load average:32.900000,34.500000,35.800000 {"hostname": "il2244vt26_hrahimi", "processid": 290031, "history": "MonteCarlo.0", "testname": "DC_MC", "cornername": "Nominal", "point": 14, "logfile": "/home/hrahimi/projects/POTENTIOSTAT_26/logs_hrahimi/logs0/Job34.log", "pid": "290031", "totalPhysicalMemory": "3023.749672", "physicalMemoryUsed": "1943.099186", "totalVirtualMemory": "3031.749668", "virtualMemoryUsed": "1943.126530", "cpuCores": "48", "processes": "29844", "loadAverage1": "32.900000", "loadAverage5": "34.500000", "loadAverage15": "35.800000", "loadAverage1Percent": "0.685417"}
[2026-05-27 11:29:52.756 Z] [EVENT] [cadence.virtuoso.ade.simulationMonitor] - GroupPoints {"history": "MonteCarlo.0", "point": 14, "testname": "DC_MC", "cornername": "Nominal", "event": "GroupPoints", "EventSource": "Simulation Monitor", "Points": "14:1:26", "HistoryName": "MonteCarlo.0", "logFile": "/home/hrahimi/projects/POTENTIOSTAT_26/logs_hrahimi/logs0/Job34.log", "logFileSize": "2713"}
[2026-05-27 11:29:52.858 Z] [EVENT] [cadence.virtuoso.ade.simulationMonitor] - GroupPoints {"history": "MonteCarlo.0", "point": 14, "testname": "DC_MC", "cornername": "Nominal", "event": "GroupPoints", "EventSource": "spectre", "Points": "14:1:26", "HistoryName": "MonteCarlo.0", "logFile": "/home/hrahimi/projects/POTENTIOSTAT_26/Sim/FBIAS/fecg_bandgap_tb/maestro/results/maestro/MonteCarlo.0/14/DC_MC/groupRunDataDir/psf/spectre.out", "logFileSize": "-1"}
[2026-05-27 11:29:52.871 Z] [PROCESS] [cadence.virtuoso.ade.simulationMonitor] - Simulator launched {"hostname": "il2244vt26_hrahimi", "processid": 290031, "history": "MonteCarlo.0", "testname": "DC_MC", "cornername": "Nominal", "point": 14, "logfile": "/home/hrahimi/projects/POTENTIOSTAT_26/logs_hrahimi/logs0/Job34.log", "simid": "1"}
[2026-05-27 11:29:52.875 Z] [PROCESS] [cadence.virtuoso.ade.simulationMonitor] - Expression evaluator launched {"hostname": "il2244vt26_hrahimi", "processid": 290031, "history": "MonteCarlo.0", "testname": "DC_MC", "cornername": "Nominal", "point": 14, "logfile": "/home/hrahimi/projects/POTENTIOSTAT_26/logs_hrahimi/logs0/Job34.log"}
[2026-05-27 11:29:52.970 Z] [PROCESS] [cadence.virtuoso.ade.simulationMonitor] - Started Simulation {"hostname": "il2244vt26_hrahimi", "processid": 290031, "history": "MonteCarlo.0", "testname": "DC_MC", "cornername": "Nominal", "point": 14, "logfile": "/home/hrahimi/projects/POTENTIOSTAT_26/logs_hrahimi/logs0/Job34.log", "event": "started", "task": "simulation"}
[2026-05-27 11:29:53.971 Z] [WARN] [cadence.virtuoso.ade.simulationMonitor] -     WARNING (SPECTRE-691): This CPU processor does not support x86 advanced vector extensions instructions. This may affect math operations and slow down the simulation. {"history": "MonteCarlo.0", "point": 14, "testname": "DC_MC", "cornername": "Nominal"}
[2026-05-27 11:29:53.972 Z] [INFO] [cadence.virtuoso.ade.simulationMonitor] - Notice from spectre during circuit read-in.
    Pre_Configuration file used: /opt/tools/cadence/installs/SPECTRE241/tools.lnx86/spectre/etc/configs/preset.precfg
    Configuration file used: `/opt/tools/cadence/installs/SPECTRE241/tools.lnx86/spectre/etc/configs/preset.cfg'. {"history": "MonteCarlo.0", "point": 14, "testname": "DC_MC", "cornername": "Nominal"}
[2026-05-27 11:29:53.972 Z] [WARN] [cadence.virtuoso.ade.simulationMonitor] -     WARNING (SPECTRE-8360): line 1511: `ac' is an undefined primitive device. {"history": "MonteCarlo.0", "point": 14, "testname": "DC_MC", "cornername": "Nominal"}
[2026-05-27 11:29:53.973 Z] [WARN] [cadence.virtuoso.ade.simulationMonitor] -     WARNING (SPECTRE-8360): line 1512: `ac' is an undefined primitive device. {"history": "MonteCarlo.0", "point": 14, "testname": "DC_MC", "cornername": "Nominal"}
[2026-05-27 11:29:53.973 Z] [WARN] [cadence.virtuoso.ade.simulationMonitor] -     WARNING (SPECTRE-8360): line 1513: `ac' is an undefined primitive device. {"history": "MonteCarlo.0", "point": 14, "testname": "DC_MC", "cornername": "Nominal"}
[2026-05-27 11:29:53.973 Z] [WARN] [cadence.virtuoso.ade.simulationMonitor] -     WARNING (SPECTRE-8360): line 1514: `ac' is an undefined primitive device. {"history": "MonteCarlo.0", "point": 14, "testname": "DC_MC", "cornername": "Nominal"}
[2026-05-27 11:29:53.973 Z] [WARN] [cadence.virtuoso.ade.simulationMonitor] -     WARNING (SPECTRE-8360): line 1515: `ac' is an undefined primitive device.
        Further occurrences of this warning will be suppressed. {"history": "MonteCarlo.0", "point": 14, "testname": "DC_MC", "cornername": "Nominal"}
[2026-05-27 11:29:53.973 Z] [INFO] [cadence.virtuoso.ade.simulationMonitor] - Peak resident memory used = 176 Mbytes. {"history": "MonteCarlo.0", "point": 14, "testname": "DC_MC", "cornername": "Nominal"}
[2026-05-27 11:29:53.974 Z] [WARN] [cadence.virtuoso.ade.simulationMonitor] -     WARNING (VACOMP-2435): The environment variable CDS_AHDLCMI_ENABLE is no longer supported. Therefore, the simulator will use the default compiled C code flow. {"history": "MonteCarlo.0", "point": 14, "testname": "DC_MC", "cornername": "Nominal"}
[2026-05-27 11:29:54.474 Z] [WARN] [cadence.virtuoso.ade.simulationMonitor] -     WARNING (SFE-3027): The dangling resistor I0.re712 is removed. {"history": "MonteCarlo.0", "point": 14, "testname": "DC_MC", "cornername": "Nominal"}
[2026-05-27 11:29:54.474 Z] [WARN] [cadence.virtuoso.ade.simulationMonitor] -     WARNING (SFE-3027): The dangling resistor I0.re715 is removed. {"history": "MonteCarlo.0", "point": 14, "testname": "DC_MC", "cornername": "Nominal"}
[2026-05-27 11:29:54.475 Z] [WARN] [cadence.virtuoso.ade.simulationMonitor] -     WARNING (SFE-3027): The dangling resistor I0.re718 is removed. {"history": "MonteCarlo.0", "point": 14, "testname": "DC_MC", "cornername": "Nominal"}
[2026-05-27 11:29:54.475 Z] [WARN] [cadence.virtuoso.ade.simulationMonitor] -     WARNING (SFE-3027): The dangling resistor I0.re858 is removed. {"history": "MonteCarlo.0", "point": 14, "testname": "DC_MC", "cornername": "Nominal"}
[2026-05-27 11:29:54.475 Z] [WARN] [cadence.virtuoso.ade.simulationMonitor] -     WARNING (SFE-3027): The dangling resistor I0.re721 is removed.
        Further occurrences of this warning will be suppressed. {"history": "MonteCarlo.0", "point": 14, "testname": "DC_MC", "cornername": "Nominal"}
[2026-05-27 11:29:54.475 Z] [WARN] [cadence.virtuoso.ade.simulationMonitor] -     WARNING (SFE-3015): The dangling node I0.28\:Y is removed. {"history": "MonteCarlo.0", "point": 14, "testname": "DC_MC", "cornername": "Nominal"}
[2026-05-27 11:29:54.475 Z] [WARN] [cadence.virtuoso.ade.simulationMonitor] -     WARNING (SFE-3015): The dangling node I0.30\:BIAS is removed. {"history": "MonteCarlo.0", "point": 14, "testname": "DC_MC", "cornername": "Nominal"}
[2026-05-27 11:29:54.476 Z] [WARN] [cadence.virtuoso.ade.simulationMonitor] -     WARNING (SFE-3015): The dangling node I0.24\:BIAS is removed. {"history": "MonteCarlo.0", "point": 14, "testname": "DC_MC", "cornername": "Nominal"}
[2026-05-27 11:29:54.476 Z] [WARN] [cadence.virtuoso.ade.simulationMonitor] -     WARNING (SFE-3015): The dangling node I0.17\:BIAS is removed. {"history": "MonteCarlo.0", "point": 14, "testname": "DC_MC", "cornername": "Nominal"}
[2026-05-27 11:29:54.476 Z] [WARN] [cadence.virtuoso.ade.simulationMonitor] -     WARNING (SFE-3015): The dangling node I0.23\:BIAS is removed.
        Further occurrences of this warning will be suppressed. {"history": "MonteCarlo.0", "point": 14, "testname": "DC_MC", "cornername": "Nominal"}
[2026-05-27 11:29:54.476 Z] [INFO] [cadence.virtuoso.ade.simulationMonitor] - Notice from spectre during hierarchy flattening.
    Spectre X Parasitic Optimization enabled.
    Parasitic optimization will filter out parasitic nodes, nodes only connected to RCs, by default. To view individual parasitic nodes use individual save statements (i.e. save out), or use the 'savefilter=none' option to save all parasitic nodes. Saving all parasitic nodes may slow down simulation and create large waveform files. {"history": "MonteCarlo.0", "point": 14, "testname": "DC_MC", "cornername": "Nominal"}
[2026-05-27 11:29:54.476 Z] [INFO] [cadence.virtuoso.ade.simulationMonitor] - Peak resident memory used = 198 Mbytes. {"history": "MonteCarlo.0", "point": 14, "testname": "DC_MC", "cornername": "Nominal"}
[2026-05-27 11:29:54.476 Z] [INFO] [cadence.virtuoso.ade.simulationMonitor] - Notice from spectre during hierarchy flattening.
    The value 'psf' specified for the 'checklimitdest' option will no longer be supported in future releases. Use 'spectre -h' to see other recommended values for the 'checklimitdest' option.
    I0.Q3(30).bjtinsub: `minr' has the unusually small value of 10 fOhm. {"history": "MonteCarlo.0", "point": 14, "testname": "DC_MC", "cornername": "Nominal"}
[2026-05-27 11:29:54.977 Z] [INFO] [cadence.virtuoso.ade.simulationMonitor] - Peak resident memory used = 202 Mbytes. {"history": "MonteCarlo.0", "point": 14, "testname": "DC_MC", "cornername": "Nominal"}
[2026-05-27 11:29:54.977 Z] [WARN] [cadence.virtuoso.ade.simulationMonitor] -     WARNING (SPECTRE-17607): Assert `SOAC_vert10_vsubpsub' is ignored because it contains an expression which is invalid or not supported by native evaluator.  {"history": "MonteCarlo.0", "point": 14, "testname": "DC_MC", "cornername": "Nominal"}
[2026-05-27 11:29:54.977 Z] [WARN] [cadence.virtuoso.ade.simulationMonitor] -     WARNING (SPECTRE-17607): Assert `SOAC_vert10_vcsub' is ignored because it contains an expression which is invalid or not supported by native evaluator.  {"history": "MonteCarlo.0", "point": 14, "testname": "DC_MC", "cornername": "Nominal"}
[2026-05-27 11:29:54.977 Z] [WARN] [cadence.virtuoso.ade.simulationMonitor] -     WARNING (SPECTRE-17607): Assert `SOAC_rpolyh_vminuspsub' is ignored because it contains an expression which is invalid or not supported by native evaluator.  {"history": "MonteCarlo.0", "point": 14, "testname": "DC_MC", "cornername": "Nominal"}
[2026-05-27 11:29:54.978 Z] [WARN] [cadence.virtuoso.ade.simulationMonitor] -     WARNING (SPECTRE-17607): Assert `SOAC_rpolyh_vpluspsub' is ignored because it contains an expression which is invalid or not supported by native evaluator.  {"history": "MonteCarlo.0", "point": 14, "testname": "DC_MC", "cornername": "Nominal"}
[2026-05-27 11:29:54.978 Z] [WARN] [cadence.virtuoso.ade.simulationMonitor] -     WARNING (SPECTRE-16460): SOAC_cvarm_vspsub:Specified subcircuit master `cvarm' was not found. {"history": "MonteCarlo.0", "point": 14, "testname": "DC_MC", "cornername": "Nominal"}
[2026-05-27 11:29:54.978 Z] [WARN] [cadence.virtuoso.ade.simulationMonitor] -     WARNING (SPECTRE-16462): SOAC_cvarm_vspsub:Error in specification of subcircuit master. Assert is ignored. {"history": "MonteCarlo.0", "point": 14, "testname": "DC_MC", "cornername": "Nominal"}
[2026-05-27 11:29:54.978 Z] [WARN] [cadence.virtuoso.ade.simulationMonitor] -     WARNING (SPECTRE-16460): SOAC_cvarm_vbs:Specified subcircuit master `cvarm' was not found. {"history": "MonteCarlo.0", "point": 14, "testname": "DC_MC", "cornername": "Nominal"}
[2026-05-27 11:29:54.978 Z] [WARN] [cadence.virtuoso.ade.simulationMonitor] -     WARNING (SPECTRE-16462): SOAC_cvarm_vbs:Error in specification of subcircuit master. Assert is ignored. {"history": "MonteCarlo.0", "point": 14, "testname": "DC_MC", "cornername": "Nominal"}
[2026-05-27 11:29:54.978 Z] [WARN] [cadence.virtuoso.ade.simulationMonitor] -     WARNING (SPECTRE-16460): SOAC_cvarm_vgb:Specified subcircuit master `cvarm' was not found. {"history": "MonteCarlo.0", "point": 14, "testname": "DC_MC", "cornername": "Nominal"}
[2026-05-27 11:29:54.979 Z] [WARN] [cadence.virtuoso.ade.simulationMonitor] -     WARNING (SPECTRE-16462): SOAC_cvarm_vgb:Error in specification of subcircuit master. Assert is ignored. {"history": "MonteCarlo.0", "point": 14, "testname": "DC_MC", "cornername": "Nominal"}
[2026-05-27 11:29:54.979 Z] [WARN] [cadence.virtuoso.ade.simulationMonitor] -     WARNING (SPECTRE-16460): SOAC_cvart_vspsub:Specified subcircuit master `cvart' was not found. {"history": "MonteCarlo.0", "point": 14, "testname": "DC_MC", "cornername": "Nominal"}
[2026-05-27 11:29:54.979 Z] [WARN] [cadence.virtuoso.ade.simulationMonitor] -     WARNING (SPECTRE-16462): SOAC_cvart_vspsub:Error in specification of subcircuit master. Assert is ignored. {"history": "MonteCarlo.0", "point": 14, "testname": "DC_MC", "cornername": "Nominal"}
[2026-05-27 11:29:54.979 Z] [WARN] [cadence.virtuoso.ade.simulationMonitor] -     WARNING (SPECTRE-16460): SOAC_cvart_vbs:Specified subcircuit master `cvart' was not found.
        Further occurrences of this warning will be suppressed. {"history": "MonteCarlo.0", "point": 14, "testname": "DC_MC", "cornername": "Nominal"}
[2026-05-27 11:29:54.979 Z] [WARN] [cadence.virtuoso.ade.simulationMonitor] -     WARNING (SPECTRE-16462): SOAC_cvart_vbs:Error in specification of subcircuit master. Assert is ignored.
        Further occurrences of this warning will be suppressed. {"history": "MonteCarlo.0", "point": 14, "testname": "DC_MC", "cornername": "Nominal"}
[2026-05-27 11:29:54.980 Z] [WARN] [cadence.virtuoso.ade.simulationMonitor] -     WARNING (SPECTRE-17607): Assert `SOAC_cpoly_vminuspsub' is ignored because it contains an expression which is invalid or not supported by native evaluator. 
        Further occurrences of this warning will be suppressed. {"history": "MonteCarlo.0", "point": 14, "testname": "DC_MC", "cornername": "Nominal"}
[2026-05-27 11:29:55.984 Z] [INFO] [cadence.virtuoso.ade.simulationMonitor] -               nodes 3079 {"history": "MonteCarlo.0", "point": 14, "testname": "DC_MC", "cornername": "Nominal"}
[2026-05-27 11:29:55.984 Z] [INFO] [cadence.virtuoso.ade.simulationMonitor] - Notice from spectre during initial setup.
    Spectre X preset=mx enabled.
    75 warnings suppressed. {"history": "MonteCarlo.0", "point": 14, "testname": "DC_MC", "cornername": "Nominal"}
[2026-05-27 11:29:55.985 Z] [INFO] [cadence.virtuoso.ade.simulationMonitor] - Notice from spectre.
    Multithreading enabled: 8 threads in the system with 48 available processors. {"history": "MonteCarlo.0", "point": 14, "testname": "DC_MC", "cornername": "Nominal"}
[2026-05-27 11:29:55.986 Z] [INFO] [cadence.virtuoso.ade.simulationMonitor] - Peak resident memory used = 221 Mbytes. {"history": "MonteCarlo.0", "point": 14, "testname": "DC_MC", "cornername": "Nominal"}
[2026-05-27 11:29:55.986 Z] [INFO] [cadence.virtuoso.ade.simulationMonitor] -    -   (Spectre X) Multi-threading. The recommended number of threads is [2, 4], consider adding +mt=2 or +mt=4 on command line. {"history": "MonteCarlo.0", "point": 14, "testname": "DC_MC", "cornername": "Nominal"}
[2026-05-27 11:29:55.986 Z] [INFO] [cadence.virtuoso.ade.simulationMonitor] - Notice from spectre in `vert10':`I0.Q3(29)', in `fecg_bandgap3_layout':`I0', during Monte Carlo analysis `mc1'.
    I0.Q3(29).bjtinsub: `minr' has the unusually small value of 10 fOhm. {"history": "MonteCarlo.0", "point": 14, "testname": "DC_MC", "cornername": "Nominal"}
[2026-05-27 11:29:55.986 Z] [INFO] [cadence.virtuoso.ade.simulationMonitor] - Notice from spectre in `vert10':`I0.Q3(28)', in `fecg_bandgap3_layout':`I0', during Monte Carlo analysis `mc1'.
    I0.Q3(28).bjtinsub: `minr' has the unusually small value of 10 fOhm. {"history": "MonteCarlo.0", "point": 14, "testname": "DC_MC", "cornername": "Nominal"}
[2026-05-27 11:29:55.986 Z] [INFO] [cadence.virtuoso.ade.simulationMonitor] - Notice from spectre in `vert10':`I0.Q3(27)', in `fecg_bandgap3_layout':`I0', during Monte Carlo analysis `mc1'.
    I0.Q3(27).bjtinsub: `minr' has the unusually small value of 10 fOhm. {"history": "MonteCarlo.0", "point": 14, "testname": "DC_MC", "cornername": "Nominal"}
[2026-05-27 11:29:55.987 Z] [INFO] [cadence.virtuoso.ade.simulationMonitor] - Notice from spectre in `vert10':`I0.Q3(26)', in `fecg_bandgap3_layout':`I0', during Monte Carlo analysis `mc1'.
    I0.Q3(26).bjtinsub: `minr' has the unusually small value of 10 fOhm. {"history": "MonteCarlo.0", "point": 14, "testname": "DC_MC", "cornername": "Nominal"}
[2026-05-27 11:29:55.987 Z] [INFO] [cadence.virtuoso.ade.simulationMonitor] - Notice from spectre in `vert10':`I0.Q3(25)', in `fecg_bandgap3_layout':`I0', during Monte Carlo analysis `mc1'.
    I0.Q3(25).bjtinsub: `minr' has the unusually small value of 10 fOhm.
        Further occurrences of this notice will be suppressed. {"history": "MonteCarlo.0", "point": 14, "testname": "DC_MC", "cornername": "Nominal"}
[2026-05-27 11:29:55.987 Z] [INFO] [cadence.virtuoso.ade.simulationMonitor] - Notice from spectre at iteration = 14 during DC analysis `dcOp', during Monte Carlo analysis `mc1'.
    No checklimit analysis defined for asserts. A default checklimit analysis 'SpectreChecklimitAnal' has been created with all asserts enabled. {"history": "MonteCarlo.0", "point": 14, "testname": "DC_MC", "cornername": "Nominal"}
[2026-05-27 11:29:56.488 Z] [INFO] [cadence.virtuoso.ade.simulationMonitor] - Notice from spectre at iteration = 14 during DC analysis `dcOp', during Monte Carlo analysis `mc1'.
    Bad pivoting is found during DC analysis. Option dc_pivot_check=yes is recommended for possible improvement of convergence. {"history": "MonteCarlo.0", "point": 14, "testname": "DC_MC", "cornername": "Nominal"}
[2026-05-27 11:29:56.488 Z] [WARN] [cadence.virtuoso.ade.simulationMonitor] -     WARNING (CMI-2943): Parameter checks have been ignored because the valid value for parameter 'trise' could not be found in 'C0'. {"history": "MonteCarlo.0", "point": 14, "testname": "DC_MC", "cornername": "Nominal"}
[2026-05-27 11:29:56.488 Z] [WARN] [cadence.virtuoso.ade.simulationMonitor] -     WARNING (CMI-2943): Parameter checks have been ignored because the valid value for parameter 'trise' could not be found in 'I0.R44.CM'. {"history": "MonteCarlo.0", "point": 14, "testname": "DC_MC", "cornername": "Nominal"}
[2026-05-27 11:29:56.489 Z] [WARN] [cadence.virtuoso.ade.simulationMonitor] -     WARNING (CMI-2943): Parameter checks have been ignored because the valid value for parameter 'trise' could not be found in 'I0.R44.CS1'. {"history": "MonteCarlo.0", "point": 14, "testname": "DC_MC", "cornername": "Nominal"}
[2026-05-27 11:29:56.489 Z] [WARN] [cadence.virtuoso.ade.simulationMonitor] -     WARNING (CMI-2943): Parameter checks have been ignored because the valid value for parameter 'trise' could not be found in 'I0.R44.CS0'. {"history": "MonteCarlo.0", "point": 14, "testname": "DC_MC", "cornername": "Nominal"}
[2026-05-27 11:29:56.489 Z] [WARN] [cadence.virtuoso.ade.simulationMonitor] -     WARNING (CMI-2943): Parameter checks have been ignored because the valid value for parameter 'trise' could not be found in 'I0.R23.CM'.
        Further occurrences of this warning will be suppressed. {"history": "MonteCarlo.0", "point": 14, "testname": "DC_MC", "cornername": "Nominal"}
[2026-05-27 11:29:56.490 Z] [INFO] [cadence.virtuoso.ade.simulationMonitor] - Total time required for dc analysis `dcOp': CPU = 371.149 ms, elapsed = 230.711 ms, util. = 161%. {"history": "MonteCarlo.0", "point": 14, "testname": "DC_MC", "cornername": "Nominal"}
[2026-05-27 11:29:56.490 Z] [INFO] [cadence.virtuoso.ade.simulationMonitor] - Peak resident memory used = 240 Mbytes. {"history": "MonteCarlo.0", "point": 14, "testname": "DC_MC", "cornername": "Nominal"}
[2026-05-27 11:29:56.490 Z] [INFO] [cadence.virtuoso.ade.simulationMonitor] - Notice from spectre at iteration = 14 during Monte Carlo analysis `mc1'.
    120 notices suppressed.
    137 warnings suppressed. {"history": "MonteCarlo.0", "point": 14, "testname": "DC_MC", "cornername": "Nominal"}
[2026-05-27 11:29:56.490 Z] [INFO] [cadence.virtuoso.ade.simulationMonitor] - Notice from spectre at VDD = 20e-03 during DC analysis `dc', during Monte Carlo analysis `mc1'.
    GminDC = 1 pS is large enough to noticeably affect the DC solution.
        dV(I0.10\:S2) = 2.49442 mV
        Use the `gmin_check' option to eliminate or expand this report. {"history": "MonteCarlo.0", "point": 14, "testname": "DC_MC", "cornername": "Nominal"}
[2026-05-27 11:29:56.493 Z] [INFO] [cadence.virtuoso.ade.simulationMonitor] - Notice from spectre at VDD = 40e-03 during DC analysis `dc', during Monte Carlo analysis `mc1'.
    GminDC = 1 pS is large enough to noticeably affect the DC solution.
        dV(I0.10\:S2) = 5.04039 mV
        Use the `gmin_check' option to eliminate or expand this report. {"history": "MonteCarlo.0", "point": 14, "testname": "DC_MC", "cornername": "Nominal"}
[2026-05-27 11:29:56.494 Z] [INFO] [cadence.virtuoso.ade.simulationMonitor] - Notice from spectre at VDD = 60e-03 during DC analysis `dc', during Monte Carlo analysis `mc1'.
    GminDC = 1 pS is large enough to noticeably affect the DC solution.
        dV(I0.10\:S2) = 7.62939 mV
        Use the `gmin_check' option to eliminate or expand this report. {"history": "MonteCarlo.0", "point": 14, "testname": "DC_MC", "cornername": "Nominal"}
[2026-05-27 11:29:56.495 Z] [INFO] [cadence.virtuoso.ade.simulationMonitor] - Notice from spectre at VDD = 80e-03 during DC analysis `dc', during Monte Carlo analysis `mc1'.
    GminDC = 1 pS is large enough to noticeably affect the DC solution.
        dV(I0.10\:S2) = 10.2483 mV
        Use the `gmin_check' option to eliminate or expand this report. {"history": "MonteCarlo.0", "point": 14, "testname": "DC_MC", "cornername": "Nominal"}
[2026-05-27 11:29:56.497 Z] [INFO] [cadence.virtuoso.ade.simulationMonitor] - Notice from spectre at VDD = 100e-03 during DC analysis `dc', during Monte Carlo analysis `mc1'.
    GminDC = 1 pS is large enough to noticeably affect the DC solution.
        Further occurrences of this notice will be suppressed.
        dV(I0.10\:S2) = 12.8959 mV
        Further occurrences of this notice will be suppressed.
        Use the `gmin_check' option to eliminate or expand this report.
        Further occurrences of this notice will be suppressed. {"history": "MonteCarlo.0", "point": 14, "testname": "DC_MC", "cornername": "Nominal"}
[2026-05-27 11:29:58.502 Z] [WARN] [cadence.virtuoso.ade.simulationMonitor] -     WARNING (CMI-2943): Parameter checks have been ignored because the valid value for parameter 'trise' could not be found in 'C0'. {"history": "MonteCarlo.0", "point": 14, "testname": "DC_MC", "cornername": "Nominal"}
[2026-05-27 11:29:58.503 Z] [WARN] [cadence.virtuoso.ade.simulationMonitor] -     WARNING (CMI-2943): Parameter checks have been ignored because the valid value for parameter 'trise' could not be found in 'I0.R44.CM'. {"history": "MonteCarlo.0", "point": 14, "testname": "DC_MC", "cornername": "Nominal"}
[2026-05-27 11:29:58.504 Z] [WARN] [cadence.virtuoso.ade.simulationMonitor] -     WARNING (CMI-2943): Parameter checks have been ignored because the valid value for parameter 'trise' could not be found in 'I0.R44.CS1'. {"history": "MonteCarlo.0", "point": 14, "testname": "DC_MC", "cornername": "Nominal"}
[2026-05-27 11:29:58.505 Z] [WARN] [cadence.virtuoso.ade.simulationMonitor] -     WARNING (CMI-2943): Parameter checks have been ignored because the valid value for parameter 'trise' could not be found in 'I0.R44.CS0'. {"history": "MonteCarlo.0", "point": 14, "testname": "DC_MC", "cornername": "Nominal"}
[2026-05-27 11:29:58.505 Z] [WARN] [cadence.virtuoso.ade.simulationMonitor] -     WARNING (CMI-2943): Parameter checks have been ignored because the valid value for parameter 'trise' could not be found in 'I0.R23.CM'.
        Further occurrences of this warning will be suppressed. {"history": "MonteCarlo.0", "point": 14, "testname": "DC_MC", "cornername": "Nominal"}
[2026-05-27 11:29:58.506 Z] [INFO] [cadence.virtuoso.ade.simulationMonitor] - Notice from spectre at VDD = 3.3 during DC analysis `dc', during Monte Carlo analysis `mc1'.
    The value of parameter 'VDD' has been reset to the original value 3.3. {"history": "MonteCarlo.0", "point": 14, "testname": "DC_MC", "cornername": "Nominal"}
[2026-05-27 11:29:58.506 Z] [INFO] [cadence.virtuoso.ade.simulationMonitor] - Total time required for dc analysis `dc': CPU = 2.45012 s, elapsed = 1.80079 s, util. = 136%. {"history": "MonteCarlo.0", "point": 14, "testname": "DC_MC", "cornername": "Nominal"}
[2026-05-27 11:29:58.506 Z] [INFO] [cadence.virtuoso.ade.simulationMonitor] - Peak resident memory used = 246 Mbytes. {"history": "MonteCarlo.0", "point": 14, "testname": "DC_MC", "cornername": "Nominal"}
[2026-05-27 11:29:58.507 Z] [INFO] [cadence.virtuoso.ade.simulationMonitor] - Notice from spectre during Monte Carlo analysis `mc1'.
    56 notices suppressed.
    137 warnings suppressed. {"history": "MonteCarlo.0", "point": 14, "testname": "DC_MC", "cornername": "Nominal"}
[2026-05-27 11:29:59.008 Z] [INFO] [cadence.virtuoso.ade.simulationMonitor] - Notice from spectre at freq = 0 Hz during DC analysis, during XF analysis `xf', during Monte Carlo analysis `mc1'.
    Bad pivoting is found during DC analysis. Option dc_pivot_check=yes is recommended for possible improvement of convergence. {"history": "MonteCarlo.0", "point": 14, "testname": "DC_MC", "cornername": "Nominal"}
[2026-05-27 11:29:59.009 Z] [WARN] [cadence.virtuoso.ade.simulationMonitor] -     WARNING (CMI-2943): Parameter checks have been ignored because the valid value for parameter 'trise' could not be found in 'C0'. {"history": "MonteCarlo.0", "point": 14, "testname": "DC_MC", "cornername": "Nominal"}
[2026-05-27 11:29:59.009 Z] [WARN] [cadence.virtuoso.ade.simulationMonitor] -     WARNING (CMI-2943): Parameter checks have been ignored because the valid value for parameter 'trise' could not be found in 'I0.R44.CM'. {"history": "MonteCarlo.0", "point": 14, "testname": "DC_MC", "cornername": "Nominal"}
[2026-05-27 11:29:59.010 Z] [WARN] [cadence.virtuoso.ade.simulationMonitor] -     WARNING (CMI-2943): Parameter checks have been ignored because the valid value for parameter 'trise' could not be found in 'I0.R44.CS1'. {"history": "MonteCarlo.0", "point": 14, "testname": "DC_MC", "cornername": "Nominal"}
[2026-05-27 11:29:59.010 Z] [WARN] [cadence.virtuoso.ade.simulationMonitor] -     WARNING (CMI-2943): Parameter checks have been ignored because the valid value for parameter 'trise' could not be found in 'I0.R44.CS0'. {"history": "MonteCarlo.0", "point": 14, "testname": "DC_MC", "cornername": "Nominal"}
[2026-05-27 11:29:59.010 Z] [WARN] [cadence.virtuoso.ade.simulationMonitor] -     WARNING (CMI-2943): Parameter checks have been ignored because the valid value for parameter 'trise' could not be found in 'I0.R23.CM'.
        Further occurrences of this warning will be suppressed. {"history": "MonteCarlo.0", "point": 14, "testname": "DC_MC", "cornername": "Nominal"}
[2026-05-27 11:29:59.011 Z] [INFO] [cadence.virtuoso.ade.simulationMonitor] - Total time required for xf analysis `xf': CPU = 823.057 ms, elapsed = 507.797 ms, util. = 162%. {"history": "MonteCarlo.0", "point": 14, "testname": "DC_MC", "cornername": "Nominal"}
[2026-05-27 11:29:59.011 Z] [INFO] [cadence.virtuoso.ade.simulationMonitor] - Peak resident memory used = 253 Mbytes. {"history": "MonteCarlo.0", "point": 14, "testname": "DC_MC", "cornername": "Nominal"}
[2026-05-27 11:29:59.011 Z] [INFO] [cadence.virtuoso.ade.simulationMonitor] - Notice from spectre during XF analysis `xf', during Monte Carlo analysis `mc1'.
    137 warnings suppressed. {"history": "MonteCarlo.0", "point": 14, "testname": "DC_MC", "cornername": "Nominal"}
[2026-05-27 11:29:59.011 Z] [INFO] [cadence.virtuoso.ade.simulationMonitor] - Notice from spectre in `vert10':`I0.Q3(30)', in `fecg_bandgap3_layout':`I0', during Monte Carlo analysis `mc1'.
    I0.Q3(30).bjtinsub: `rbm' has the unusually small value of 957.303 mOhm.
    I0.Q3(30).bjtinsub: `minr' has the unusually small value of 10 fOhm. {"history": "MonteCarlo.0", "point": 14, "testname": "DC_MC", "cornername": "Nominal"}
[2026-05-27 11:29:59.012 Z] [INFO] [cadence.virtuoso.ade.simulationMonitor] - Notice from spectre in `vert10':`I0.Q3(29)', in `fecg_bandgap3_layout':`I0', during Monte Carlo analysis `mc1'.
    I0.Q3(29).bjtinsub: `rbm' has the unusually small value of 957.303 mOhm.
    I0.Q3(29).bjtinsub: `minr' has the unusually small value of 10 fOhm. {"history": "MonteCarlo.0", "point": 14, "testname": "DC_MC", "cornername": "Nominal"}
[2026-05-27 11:29:59.012 Z] [INFO] [cadence.virtuoso.ade.simulationMonitor] - Notice from spectre in `vert10':`I0.Q3(28)', in `fecg_bandgap3_layout':`I0', during Monte Carlo analysis `mc1'.
    I0.Q3(28).bjtinsub: `rbm' has the unusually small value of 957.303 mOhm.
        Further occurrences of this notice will be suppressed. {"history": "MonteCarlo.0", "point": 14, "testname": "DC_MC", "cornername": "Nominal"}
[2026-05-27 11:29:59.012 Z] [PROCESS] [cadence.virtuoso.ade.simulationMonitor] - Finished simulating for one iteration {"hostname": "il2244vt26_hrahimi", "processid": 290031, "history": "MonteCarlo.0", "testname": "DC_MC", "cornername": "Nominal", "point": 14, "logfile": "/home/hrahimi/projects/POTENTIOSTAT_26/logs_hrahimi/logs0/Job34.log", "simid": "1"}
[2026-05-27 11:29:59.012 Z] [PROCESS] [cadence.virtuoso.ade.simulationMonitor] - Started Simulation {"hostname": "il2244vt26_hrahimi", "processid": 290031, "history": "MonteCarlo.0", "testname": "DC_MC", "cornername": "Nominal", "point": 15, "logfile": "/home/hrahimi/projects/POTENTIOSTAT_26/logs_hrahimi/logs0/Job34.log", "event": "started", "task": "simulation"}
[2026-05-27 11:30:00.514 Z] [INFO] [cadence.virtuoso.ade.simulationMonitor] - Notice from spectre during DC analysis `dcOp', during Monte Carlo analysis `mc1'.
    Bad pivoting is found during DC analysis. Option dc_pivot_check=yes is recommended for possible improvement of convergence. {"history": "MonteCarlo.0", "point": 15, "testname": "DC_MC", "cornername": "Nominal"}
[2026-05-27 11:30:00.514 Z] [WARN] [cadence.virtuoso.ade.simulationMonitor] -     WARNING (CMI-2943): Parameter checks have been ignored because the valid value for parameter 'trise' could not be found in 'C0'. {"history": "MonteCarlo.0", "point": 15, "testname": "DC_MC", "cornername": "Nominal"}
[2026-05-27 11:30:00.515 Z] [WARN] [cadence.virtuoso.ade.simulationMonitor] -     WARNING (CMI-2943): Parameter checks have been ignored because the valid value for parameter 'trise' could not be found in 'I0.R44.CM'. {"history": "MonteCarlo.0", "point": 15, "testname": "DC_MC", "cornername": "Nominal"}
[2026-05-27 11:30:00.515 Z] [WARN] [cadence.virtuoso.ade.simulationMonitor] -     WARNING (CMI-2943): Parameter checks have been ignored because the valid value for parameter 'trise' could not be found in 'I0.R44.CS1'. {"history": "MonteCarlo.0", "point": 15, "testname": "DC_MC", "cornername": "Nominal"}
[2026-05-27 11:30:00.515 Z] [WARN] [cadence.virtuoso.ade.simulationMonitor] -     WARNING (CMI-2943): Parameter checks have been ignored because the valid value for parameter 'trise' could not be found in 'I0.R44.CS0'. {"history": "MonteCarlo.0", "point": 15, "testname": "DC_MC", "cornername": "Nominal"}
[2026-05-27 11:30:00.516 Z] [WARN] [cadence.virtuoso.ade.simulationMonitor] -     WARNING (CMI-2943): Parameter checks have been ignored because the valid value for parameter 'trise' could not be found in 'I0.R23.CM'.
        Further occurrences of this warning will be suppressed. {"history": "MonteCarlo.0", "point": 15, "testname": "DC_MC", "cornername": "Nominal"}
[2026-05-27 11:30:00.516 Z] [INFO] [cadence.virtuoso.ade.simulationMonitor] - Total time required for dc analysis `dcOp': CPU = 1.3872 s, elapsed = 1.03089 s, util. = 135%. {"history": "MonteCarlo.0", "point": 15, "testname": "DC_MC", "cornername": "Nominal"}
[2026-05-27 11:30:00.517 Z] [INFO] [cadence.virtuoso.ade.simulationMonitor] - Peak resident memory used = 255 Mbytes. {"history": "MonteCarlo.0", "point": 15, "testname": "DC_MC", "cornername": "Nominal"}
[2026-05-27 11:30:00.517 Z] [INFO] [cadence.virtuoso.ade.simulationMonitor] - Notice from spectre during Monte Carlo analysis `mc1'.
    121 notices suppressed.
    137 warnings suppressed. {"history": "MonteCarlo.0", "point": 15, "testname": "DC_MC", "cornername": "Nominal"}
[2026-05-27 11:30:01.018 Z] [INFO] [cadence.virtuoso.ade.simulationMonitor] - Notice from spectre at VDD = 20e-03 during DC analysis `dc', during Monte Carlo analysis `mc1'.
    GminDC = 1 pS is large enough to noticeably affect the DC solution.
        dV(I0.3\:Vo2) = 28.2019 uV
        Use the `gmin_check' option to eliminate or expand this report. {"history": "MonteCarlo.0", "point": 15, "testname": "DC_MC", "cornername": "Nominal"}
[2026-05-27 11:30:01.019 Z] [INFO] [cadence.virtuoso.ade.simulationMonitor] - Notice from spectre at VDD = 40e-03 during DC analysis `dc', during Monte Carlo analysis `mc1'.
    GminDC = 1 pS is large enough to noticeably affect the DC solution.
        dV(I0.3\:Vo2) = 59.2847 uV
        Use the `gmin_check' option to eliminate or expand this report. {"history": "MonteCarlo.0", "point": 15, "testname": "DC_MC", "cornername": "Nominal"}
[2026-05-27 11:30:01.019 Z] [INFO] [cadence.virtuoso.ade.simulationMonitor] - Notice from spectre at VDD = 60e-03 during DC analysis `dc', during Monte Carlo analysis `mc1'.
    GminDC = 1 pS is large enough to noticeably affect the DC solution.
        dV(I0.3\:Vo2) = 92.9043 uV
        Use the `gmin_check' option to eliminate or expand this report. {"history": "MonteCarlo.0", "point": 15, "testname": "DC_MC", "cornername": "Nominal"}
[2026-05-27 11:30:01.020 Z] [INFO] [cadence.virtuoso.ade.simulationMonitor] - Notice from spectre at VDD = 80e-03 during DC analysis `dc', during Monte Carlo analysis `mc1'.
    GminDC = 1 pS is large enough to noticeably affect the DC solution.
        dV(I0.3\:Vo2) = 128.407 uV
        Use the `gmin_check' option to eliminate or expand this report. {"history": "MonteCarlo.0", "point": 15, "testname": "DC_MC", "cornername": "Nominal"}
[2026-05-27 11:30:01.021 Z] [INFO] [cadence.virtuoso.ade.simulationMonitor] - Notice from spectre at VDD = 100e-03 during DC analysis `dc', during Monte Carlo analysis `mc1'.
    GminDC = 1 pS is large enough to noticeably affect the DC solution.
        Further occurrences of this notice will be suppressed.
        dV(I0.3\:Vo2) = 164.941 uV
        Further occurrences of this notice will be suppressed.
        Use the `gmin_check' option to eliminate or expand this report.
        Further occurrences of this notice will be suppressed. {"history": "MonteCarlo.0", "point": 15, "testname": "DC_MC", "cornername": "Nominal"}
[2026-05-27 11:30:03.028 Z] [WARN] [cadence.virtuoso.ade.simulationMonitor] -     WARNING (CMI-2943): Parameter checks have been ignored because the valid value for parameter 'trise' could not be found in 'C0'. {"history": "MonteCarlo.0", "point": 15, "testname": "DC_MC", "cornername": "Nominal"}
[2026-05-27 11:30:03.033 Z] [WARN] [cadence.virtuoso.ade.simulationMonitor] -     WARNING (CMI-2943): Parameter checks have been ignored because the valid value for parameter 'trise' could not be found in 'I0.R44.CM'. {"history": "MonteCarlo.0", "point": 15, "testname": "DC_MC", "cornername": "Nominal"}
[2026-05-27 11:30:03.033 Z] [WARN] [cadence.virtuoso.ade.simulationMonitor] -     WARNING (CMI-2943): Parameter checks have been ignored because the valid value for parameter 'trise' could not be found in 'I0.R44.CS1'. {"history": "MonteCarlo.0", "point": 15, "testname": "DC_MC", "cornername": "Nominal"}
[2026-05-27 11:30:03.034 Z] [WARN] [cadence.virtuoso.ade.simulationMonitor] -     WARNING (CMI-2943): Parameter checks have been ignored because the valid value for parameter 'trise' could not be found in 'I0.R44.CS0'. {"history": "MonteCarlo.0", "point": 15, "testname": "DC_MC", "cornername": "Nominal"}
[2026-05-27 11:30:03.034 Z] [WARN] [cadence.virtuoso.ade.simulationMonitor] -     WARNING (CMI-2943): Parameter checks have been ignored because the valid value for parameter 'trise' could not be found in 'I0.R23.CM'.
        Further occurrences of this warning will be suppressed. {"history": "MonteCarlo.0", "point": 15, "testname": "DC_MC", "cornername": "Nominal"}
[2026-05-27 11:30:03.034 Z] [INFO] [cadence.virtuoso.ade.simulationMonitor] - Notice from spectre at VDD = 3.3 during DC analysis `dc', during Monte Carlo analysis `mc1'.
    The value of parameter 'VDD' has been reset to the original value 3.3. {"history": "MonteCarlo.0", "point": 15, "testname": "DC_MC", "cornername": "Nominal"}
[2026-05-27 11:30:03.035 Z] [INFO] [cadence.virtuoso.ade.simulationMonitor] - Total time required for dc analysis `dc': CPU = 2.25224 s, elapsed = 2.35333 s, util. = 95.7%. {"history": "MonteCarlo.0", "point": 15, "testname": "DC_MC", "cornername": "Nominal"}
[2026-05-27 11:30:03.035 Z] [INFO] [cadence.virtuoso.ade.simulationMonitor] - Peak resident memory used = 257 Mbytes. {"history": "MonteCarlo.0", "point": 15, "testname": "DC_MC", "cornername": "Nominal"}
[2026-05-27 11:30:03.035 Z] [INFO] [cadence.virtuoso.ade.simulationMonitor] - Notice from spectre during Monte Carlo analysis `mc1'.
    25 notices suppressed.
    137 warnings suppressed. {"history": "MonteCarlo.0", "point": 15, "testname": "DC_MC", "cornername": "Nominal"}
[2026-05-27 11:30:03.542 Z] [INFO] [cadence.virtuoso.ade.simulationMonitor] - Notice from spectre at freq = 0 Hz during DC analysis, during XF analysis `xf', during Monte Carlo analysis `mc1'.
    Bad pivoting is found during DC analysis. Option dc_pivot_check=yes is recommended for possible improvement of convergence. {"history": "MonteCarlo.0", "point": 15, "testname": "DC_MC", "cornername": "Nominal"}
[2026-05-27 11:30:03.543 Z] [WARN] [cadence.virtuoso.ade.simulationMonitor] -     WARNING (CMI-2943): Parameter checks have been ignored because the valid value for parameter 'trise' could not be found in 'C0'. {"history": "MonteCarlo.0", "point": 15, "testname": "DC_MC", "cornername": "Nominal"}
[2026-05-27 11:30:03.543 Z] [WARN] [cadence.virtuoso.ade.simulationMonitor] -     WARNING (CMI-2943): Parameter checks have been ignored because the valid value for parameter 'trise' could not be found in 'I0.R44.CM'. {"history": "MonteCarlo.0", "point": 15, "testname": "DC_MC", "cornername": "Nominal"}
[2026-05-27 11:30:03.543 Z] [WARN] [cadence.virtuoso.ade.simulationMonitor] -     WARNING (CMI-2943): Parameter checks have been ignored because the valid value for parameter 'trise' could not be found in 'I0.R44.CS1'. {"history": "MonteCarlo.0", "point": 15, "testname": "DC_MC", "cornername": "Nominal"}
[2026-05-27 11:30:03.544 Z] [WARN] [cadence.virtuoso.ade.simulationMonitor] -     WARNING (CMI-2943): Parameter checks have been ignored because the valid value for parameter 'trise' could not be found in 'I0.R44.CS0'. {"history": "MonteCarlo.0", "point": 15, "testname": "DC_MC", "cornername": "Nominal"}
[2026-05-27 11:30:03.544 Z] [WARN] [cadence.virtuoso.ade.simulationMonitor] -     WARNING (CMI-2943): Parameter checks have been ignored because the valid value for parameter 'trise' could not be found in 'I0.R23.CM'.
        Further occurrences of this warning will be suppressed. {"history": "MonteCarlo.0", "point": 15, "testname": "DC_MC", "cornername": "Nominal"}
[2026-05-27 11:30:04.045 Z] [INFO] [cadence.virtuoso.ade.simulationMonitor] - Total time required for xf analysis `xf': CPU = 852.143 ms, elapsed = 691.478 ms, util. = 123%. {"history": "MonteCarlo.0", "point": 15, "testname": "DC_MC", "cornername": "Nominal"}
[2026-05-27 11:30:04.045 Z] [INFO] [cadence.virtuoso.ade.simulationMonitor] - Peak resident memory used = 262 Mbytes. {"history": "MonteCarlo.0", "point": 15, "testname": "DC_MC", "cornername": "Nominal"}
[2026-05-27 11:30:04.045 Z] [INFO] [cadence.virtuoso.ade.simulationMonitor] - Notice from spectre during XF analysis `xf', during Monte Carlo analysis `mc1'.
    137 warnings suppressed. {"history": "MonteCarlo.0", "point": 15, "testname": "DC_MC", "cornername": "Nominal"}
[2026-05-27 11:30:04.046 Z] [INFO] [cadence.virtuoso.ade.simulationMonitor] - Notice from spectre in `vert10':`I0.Q3(30)', in `fecg_bandgap3_layout':`I0', during Monte Carlo analysis `mc1'.
    I0.Q3(30).bjtinsub: `minr' has the unusually small value of 10 fOhm. {"history": "MonteCarlo.0", "point": 15, "testname": "DC_MC", "cornername": "Nominal"}
[2026-05-27 11:30:04.047 Z] [INFO] [cadence.virtuoso.ade.simulationMonitor] - Notice from spectre in `vert10':`I0.Q3(29)', in `fecg_bandgap3_layout':`I0', during Monte Carlo analysis `mc1'.
    I0.Q3(29).bjtinsub: `minr' has the unusually small value of 10 fOhm. {"history": "MonteCarlo.0", "point": 15, "testname": "DC_MC", "cornername": "Nominal"}
[2026-05-27 11:30:04.048 Z] [INFO] [cadence.virtuoso.ade.simulationMonitor] - Notice from spectre in `vert10':`I0.Q3(28)', in `fecg_bandgap3_layout':`I0', during Monte Carlo analysis `mc1'.
    I0.Q3(28).bjtinsub: `minr' has the unusually small value of 10 fOhm. {"history": "MonteCarlo.0", "point": 15, "testname": "DC_MC", "cornername": "Nominal"}
[2026-05-27 11:30:04.048 Z] [INFO] [cadence.virtuoso.ade.simulationMonitor] - Notice from spectre in `vert10':`I0.Q3(27)', in `fecg_bandgap3_layout':`I0', during Monte Carlo analysis `mc1'.
    I0.Q3(27).bjtinsub: `minr' has the unusually small value of 10 fOhm. {"history": "MonteCarlo.0", "point": 15, "testname": "DC_MC", "cornername": "Nominal"}
[2026-05-27 11:30:04.048 Z] [INFO] [cadence.virtuoso.ade.simulationMonitor] - Notice from spectre in `vert10':`I0.Q3(26)', in `fecg_bandgap3_layout':`I0', during Monte Carlo analysis `mc1'.
    I0.Q3(26).bjtinsub: `minr' has the unusually small value of 10 fOhm.
        Further occurrences of this notice will be suppressed. {"history": "MonteCarlo.0", "point": 15, "testname": "DC_MC", "cornername": "Nominal"}
[2026-05-27 11:30:04.049 Z] [PROCESS] [cadence.virtuoso.ade.simulationMonitor] - Finished simulating for one iteration {"hostname": "il2244vt26_hrahimi", "processid": 290031, "history": "MonteCarlo.0", "testname": "DC_MC", "cornername": "Nominal", "point": 15, "logfile": "/home/hrahimi/projects/POTENTIOSTAT_26/logs_hrahimi/logs0/Job34.log", "simid": "1"}
[2026-05-27 11:30:04.049 Z] [PROCESS] [cadence.virtuoso.ade.simulationMonitor] - Started Simulation {"hostname": "il2244vt26_hrahimi", "processid": 290031, "history": "MonteCarlo.0", "testname": "DC_MC", "cornername": "Nominal", "point": 16, "logfile": "/home/hrahimi/projects/POTENTIOSTAT_26/logs_hrahimi/logs0/Job34.log", "event": "started", "task": "simulation"}
[2026-05-27 11:30:07.554 Z] [INFO] [cadence.virtuoso.ade.simulationMonitor] - Notice from spectre during DC analysis `dcOp', during Monte Carlo analysis `mc1'.
    Bad pivoting is found during DC analysis. Option dc_pivot_check=yes is recommended for possible improvement of convergence. {"history": "MonteCarlo.0", "point": 16, "testname": "DC_MC", "cornername": "Nominal"}
[2026-05-27 11:30:07.556 Z] [WARN] [cadence.virtuoso.ade.simulationMonitor] -     WARNING (CMI-2943): Parameter checks have been ignored because the valid value for parameter 'trise' could not be found in 'C0'. {"history": "MonteCarlo.0", "point": 16, "testname": "DC_MC", "cornername": "Nominal"}
[2026-05-27 11:30:07.557 Z] [WARN] [cadence.virtuoso.ade.simulationMonitor] -     WARNING (CMI-2943): Parameter checks have been ignored because the valid value for parameter 'trise' could not be found in 'I0.R44.CM'. {"history": "MonteCarlo.0", "point": 16, "testname": "DC_MC", "cornername": "Nominal"}
[2026-05-27 11:30:07.558 Z] [WARN] [cadence.virtuoso.ade.simulationMonitor] -     WARNING (CMI-2943): Parameter checks have been ignored because the valid value for parameter 'trise' could not be found in 'I0.R44.CS1'. {"history": "MonteCarlo.0", "point": 16, "testname": "DC_MC", "cornername": "Nominal"}
[2026-05-27 11:30:07.558 Z] [WARN] [cadence.virtuoso.ade.simulationMonitor] -     WARNING (CMI-2943): Parameter checks have been ignored because the valid value for parameter 'trise' could not be found in 'I0.R44.CS0'. {"history": "MonteCarlo.0", "point": 16, "testname": "DC_MC", "cornername": "Nominal"}
[2026-05-27 11:30:07.559 Z] [WARN] [cadence.virtuoso.ade.simulationMonitor] -     WARNING (CMI-2943): Parameter checks have been ignored because the valid value for parameter 'trise' could not be found in 'I0.R23.CM'.
        Further occurrences of this warning will be suppressed. {"history": "MonteCarlo.0", "point": 16, "testname": "DC_MC", "cornername": "Nominal"}
[2026-05-27 11:30:07.559 Z] [INFO] [cadence.virtuoso.ade.simulationMonitor] - Total time required for dc analysis `dcOp': CPU = 3.5876 s, elapsed = 2.87941 s, util. = 125%. {"history": "MonteCarlo.0", "point": 16, "testname": "DC_MC", "cornername": "Nominal"}
[2026-05-27 11:30:07.560 Z] [INFO] [cadence.virtuoso.ade.simulationMonitor] - Peak resident memory used = 263 Mbytes. {"history": "MonteCarlo.0", "point": 16, "testname": "DC_MC", "cornername": "Nominal"}
[2026-05-27 11:30:07.560 Z] [INFO] [cadence.virtuoso.ade.simulationMonitor] - Notice from spectre during Monte Carlo analysis `mc1'.
    58 notices suppressed.
    137 warnings suppressed. {"history": "MonteCarlo.0", "point": 16, "testname": "DC_MC", "cornername": "Nominal"}
[2026-05-27 11:30:07.561 Z] [INFO] [cadence.virtuoso.ade.simulationMonitor] - Notice from spectre at VDD = 20e-03 during DC analysis `dc', during Monte Carlo analysis `mc1'.
    GminDC = 1 pS is large enough to noticeably affect the DC solution.
        dV(I0.10\:S2) = 2.97214 mV
        Use the `gmin_check' option to eliminate or expand this report. {"history": "MonteCarlo.0", "point": 16, "testname": "DC_MC", "cornername": "Nominal"}
[2026-05-27 11:30:07.561 Z] [INFO] [cadence.virtuoso.ade.simulationMonitor] - Notice from spectre at VDD = 40e-03 during DC analysis `dc', during Monte Carlo analysis `mc1'.
    GminDC = 1 pS is large enough to noticeably affect the DC solution.
        dV(I0.10\:S2) = 5.96939 mV
        Use the `gmin_check' option to eliminate or expand this report. {"history": "MonteCarlo.0", "point": 16, "testname": "DC_MC", "cornername": "Nominal"}
[2026-05-27 11:30:07.562 Z] [INFO] [cadence.virtuoso.ade.simulationMonitor] - Notice from spectre at VDD = 60e-03 during DC analysis `dc', during Monte Carlo analysis `mc1'.
    GminDC = 1 pS is large enough to noticeably affect the DC solution.
        dV(I0.10\:S2) = 8.98054 mV
        Use the `gmin_check' option to eliminate or expand this report. {"history": "MonteCarlo.0", "point": 16, "testname": "DC_MC", "cornername": "Nominal"}
[2026-05-27 11:30:07.562 Z] [INFO] [cadence.virtuoso.ade.simulationMonitor] - Notice from spectre at VDD = 80e-03 during DC analysis `dc', during Monte Carlo analysis `mc1'.
    GminDC = 1 pS is large enough to noticeably affect the DC solution.
        dV(I0.10\:S2) = 12.0025 mV
        Use the `gmin_check' option to eliminate or expand this report. {"history": "MonteCarlo.0", "point": 16, "testname": "DC_MC", "cornername": "Nominal"}
[2026-05-27 11:30:07.562 Z] [INFO] [cadence.virtuoso.ade.simulationMonitor] - Notice from spectre at VDD = 100e-03 during DC analysis `dc', during Monte Carlo analysis `mc1'.
    GminDC = 1 pS is large enough to noticeably affect the DC solution.
        Further occurrences of this notice will be suppressed.
        dV(I0.10\:S2) = 15.0326 mV
        Further occurrences of this notice will be suppressed.
        Use the `gmin_check' option to eliminate or expand this report.
        Further occurrences of this notice will be suppressed. {"history": "MonteCarlo.0", "point": 16, "testname": "DC_MC", "cornername": "Nominal"}
[2026-05-27 11:30:09.564 Z] [WARN] [cadence.virtuoso.ade.simulationMonitor] -     WARNING (CMI-2943): Parameter checks have been ignored because the valid value for parameter 'trise' could not be found in 'C0'. {"history": "MonteCarlo.0", "point": 16, "testname": "DC_MC", "cornername": "Nominal"}
[2026-05-27 11:30:09.564 Z] [WARN] [cadence.virtuoso.ade.simulationMonitor] -     WARNING (CMI-2943): Parameter checks have been ignored because the valid value for parameter 'trise' could not be found in 'I0.R44.CM'. {"history": "MonteCarlo.0", "point": 16, "testname": "DC_MC", "cornername": "Nominal"}
[2026-05-27 11:30:09.565 Z] [WARN] [cadence.virtuoso.ade.simulationMonitor] -     WARNING (CMI-2943): Parameter checks have been ignored because the valid value for parameter 'trise' could not be found in 'I0.R44.CS1'. {"history": "MonteCarlo.0", "point": 16, "testname": "DC_MC", "cornername": "Nominal"}
[2026-05-27 11:30:09.565 Z] [WARN] [cadence.virtuoso.ade.simulationMonitor] -     WARNING (CMI-2943): Parameter checks have been ignored because the valid value for parameter 'trise' could not be found in 'I0.R44.CS0'. {"history": "MonteCarlo.0", "point": 16, "testname": "DC_MC", "cornername": "Nominal"}
[2026-05-27 11:30:09.565 Z] [WARN] [cadence.virtuoso.ade.simulationMonitor] -     WARNING (CMI-2943): Parameter checks have been ignored because the valid value for parameter 'trise' could not be found in 'I0.R23.CM'.
        Further occurrences of this warning will be suppressed. {"history": "MonteCarlo.0", "point": 16, "testname": "DC_MC", "cornername": "Nominal"}
[2026-05-27 11:30:09.566 Z] [INFO] [cadence.virtuoso.ade.simulationMonitor] - Notice from spectre at VDD = 3.3 during DC analysis `dc', during Monte Carlo analysis `mc1'.
    The value of parameter 'VDD' has been reset to the original value 3.3. {"history": "MonteCarlo.0", "point": 16, "testname": "DC_MC", "cornername": "Nominal"}
[2026-05-27 11:30:09.566 Z] [INFO] [cadence.virtuoso.ade.simulationMonitor] - Total time required for dc analysis `dc': CPU = 2.31329 s, elapsed = 2.07299 s, util. = 112%. {"history": "MonteCarlo.0", "point": 16, "testname": "DC_MC", "cornername": "Nominal"}
[2026-05-27 11:30:09.566 Z] [INFO] [cadence.virtuoso.ade.simulationMonitor] - Peak resident memory used = 264 Mbytes. {"history": "MonteCarlo.0", "point": 16, "testname": "DC_MC", "cornername": "Nominal"}
[2026-05-27 11:30:09.567 Z] [INFO] [cadence.virtuoso.ade.simulationMonitor] - Notice from spectre during Monte Carlo analysis `mc1'.
    56 notices suppressed.
    137 warnings suppressed. {"history": "MonteCarlo.0", "point": 16, "testname": "DC_MC", "cornername": "Nominal"}
[2026-05-27 11:30:10.068 Z] [INFO] [cadence.virtuoso.ade.simulationMonitor] - Notice from spectre at freq = 0 Hz during DC analysis, during XF analysis `xf', during Monte Carlo analysis `mc1'.
    Bad pivoting is found during DC analysis. Option dc_pivot_check=yes is recommended for possible improvement of convergence. {"history": "MonteCarlo.0", "point": 16, "testname": "DC_MC", "cornername": "Nominal"}
[2026-05-27 11:30:10.082 Z] [WARN] [cadence.virtuoso.ade.simulationMonitor] -     WARNING (CMI-2943): Parameter checks have been ignored because the valid value for parameter 'trise' could not be found in 'C0'. {"history": "MonteCarlo.0", "point": 16, "testname": "DC_MC", "cornername": "Nominal"}
[2026-05-27 11:30:10.083 Z] [WARN] [cadence.virtuoso.ade.simulationMonitor] -     WARNING (CMI-2943): Parameter checks have been ignored because the valid value for parameter 'trise' could not be found in 'I0.R44.CM'. {"history": "MonteCarlo.0", "point": 16, "testname": "DC_MC", "cornername": "Nominal"}
[2026-05-27 11:30:10.084 Z] [WARN] [cadence.virtuoso.ade.simulationMonitor] -     WARNING (CMI-2943): Parameter checks have been ignored because the valid value for parameter 'trise' could not be found in 'I0.R44.CS1'. {"history": "MonteCarlo.0", "point": 16, "testname": "DC_MC", "cornername": "Nominal"}
[2026-05-27 11:30:10.084 Z] [WARN] [cadence.virtuoso.ade.simulationMonitor] -     WARNING (CMI-2943): Parameter checks have been ignored because the valid value for parameter 'trise' could not be found in 'I0.R44.CS0'. {"history": "MonteCarlo.0", "point": 16, "testname": "DC_MC", "cornername": "Nominal"}
[2026-05-27 11:30:10.084 Z] [WARN] [cadence.virtuoso.ade.simulationMonitor] -     WARNING (CMI-2943): Parameter checks have been ignored because the valid value for parameter 'trise' could not be found in 'I0.R23.CM'.
        Further occurrences of this warning will be suppressed. {"history": "MonteCarlo.0", "point": 16, "testname": "DC_MC", "cornername": "Nominal"}
[2026-05-27 11:30:10.085 Z] [PROCESS] [cadence.virtuoso.ade.simulationMonitor] - Finished simulating for one iteration {"hostname": "il2244vt26_hrahimi", "processid": 290031, "history": "MonteCarlo.0", "testname": "DC_MC", "cornername": "Nominal", "point": 16, "logfile": "/home/hrahimi/projects/POTENTIOSTAT_26/logs_hrahimi/logs0/Job34.log", "simid": "1"}
[2026-05-27 11:30:10.086 Z] [PROCESS] [cadence.virtuoso.ade.simulationMonitor] - Started Simulation {"hostname": "il2244vt26_hrahimi", "processid": 290031, "history": "MonteCarlo.0", "testname": "DC_MC", "cornername": "Nominal", "point": 17, "logfile": "/home/hrahimi/projects/POTENTIOSTAT_26/logs_hrahimi/logs0/Job34.log", "event": "started", "task": "simulation"}
[2026-05-27 11:30:10.586 Z] [INFO] [cadence.virtuoso.ade.simulationMonitor] - Total time required for xf analysis `xf': CPU = 721.114 ms, elapsed = 516.964 ms, util. = 139%. {"history": "MonteCarlo.0", "point": 17, "testname": "DC_MC", "cornername": "Nominal"}
[2026-05-27 11:30:10.587 Z] [INFO] [cadence.virtuoso.ade.simulationMonitor] - Peak resident memory used = 266 Mbytes. {"history": "MonteCarlo.0", "point": 17, "testname": "DC_MC", "cornername": "Nominal"}
[2026-05-27 11:30:10.587 Z] [INFO] [cadence.virtuoso.ade.simulationMonitor] - Notice from spectre during XF analysis `xf', during Monte Carlo analysis `mc1'.
    137 warnings suppressed. {"history": "MonteCarlo.0", "point": 17, "testname": "DC_MC", "cornername": "Nominal"}
[2026-05-27 11:30:10.588 Z] [INFO] [cadence.virtuoso.ade.simulationMonitor] - Notice from spectre in `vert10':`I0.Q3(30)', in `fecg_bandgap3_layout':`I0', during Monte Carlo analysis `mc1'.
    I0.Q3(30).bjtinsub: `rbm' has the unusually small value of 951.053 mOhm.
    I0.Q3(30).bjtinsub: `minr' has the unusually small value of 10 fOhm. {"history": "MonteCarlo.0", "point": 17, "testname": "DC_MC", "cornername": "Nominal"}
[2026-05-27 11:30:10.588 Z] [INFO] [cadence.virtuoso.ade.simulationMonitor] - Notice from spectre in `vert10':`I0.Q3(29)', in `fecg_bandgap3_layout':`I0', during Monte Carlo analysis `mc1'.
    I0.Q3(29).bjtinsub: `rbm' has the unusually small value of 951.053 mOhm.
    I0.Q3(29).bjtinsub: `minr' has the unusually small value of 10 fOhm. {"history": "MonteCarlo.0", "point": 17, "testname": "DC_MC", "cornername": "Nominal"}
[2026-05-27 11:30:10.589 Z] [INFO] [cadence.virtuoso.ade.simulationMonitor] - Notice from spectre in `vert10':`I0.Q3(28)', in `fecg_bandgap3_layout':`I0', during Monte Carlo analysis `mc1'.
    I0.Q3(28).bjtinsub: `rbm' has the unusually small value of 951.053 mOhm.
        Further occurrences of this notice will be suppressed. {"history": "MonteCarlo.0", "point": 17, "testname": "DC_MC", "cornername": "Nominal"}
[2026-05-27 11:30:11.600 Z] [INFO] [cadence.virtuoso.ade.simulationMonitor] - Notice from spectre during DC analysis `dcOp', during Monte Carlo analysis `mc1'.
    Bad pivoting is found during DC analysis. Option dc_pivot_check=yes is recommended for possible improvement of convergence. {"history": "MonteCarlo.0", "point": 17, "testname": "DC_MC", "cornername": "Nominal"}
[2026-05-27 11:30:11.601 Z] [WARN] [cadence.virtuoso.ade.simulationMonitor] -     WARNING (CMI-2943): Parameter checks have been ignored because the valid value for parameter 'trise' could not be found in 'C0'. {"history": "MonteCarlo.0", "point": 17, "testname": "DC_MC", "cornername": "Nominal"}
[2026-05-27 11:30:11.601 Z] [WARN] [cadence.virtuoso.ade.simulationMonitor] -     WARNING (CMI-2943): Parameter checks have been ignored because the valid value for parameter 'trise' could not be found in 'I0.R44.CM'. {"history": "MonteCarlo.0", "point": 17, "testname": "DC_MC", "cornername": "Nominal"}
[2026-05-27 11:30:11.601 Z] [WARN] [cadence.virtuoso.ade.simulationMonitor] -     WARNING (CMI-2943): Parameter checks have been ignored because the valid value for parameter 'trise' could not be found in 'I0.R44.CS1'. {"history": "MonteCarlo.0", "point": 17, "testname": "DC_MC", "cornername": "Nominal"}
[2026-05-27 11:30:11.602 Z] [WARN] [cadence.virtuoso.ade.simulationMonitor] -     WARNING (CMI-2943): Parameter checks have been ignored because the valid value for parameter 'trise' could not be found in 'I0.R44.CS0'. {"history": "MonteCarlo.0", "point": 17, "testname": "DC_MC", "cornername": "Nominal"}
[2026-05-27 11:30:11.602 Z] [WARN] [cadence.virtuoso.ade.simulationMonitor] -     WARNING (CMI-2943): Parameter checks have been ignored because the valid value for parameter 'trise' could not be found in 'I0.R23.CM'.
        Further occurrences of this warning will be suppressed. {"history": "MonteCarlo.0", "point": 17, "testname": "DC_MC", "cornername": "Nominal"}
[2026-05-27 11:30:11.603 Z] [INFO] [cadence.virtuoso.ade.simulationMonitor] - Total time required for dc analysis `dcOp': CPU = 621.514 ms, elapsed = 624.691 ms, util. = 99.5%. {"history": "MonteCarlo.0", "point": 17, "testname": "DC_MC", "cornername": "Nominal"}
[2026-05-27 11:30:11.603 Z] [INFO] [cadence.virtuoso.ade.simulationMonitor] - Peak resident memory used = 268 Mbytes. {"history": "MonteCarlo.0", "point": 17, "testname": "DC_MC", "cornername": "Nominal"}
[2026-05-27 11:30:11.603 Z] [INFO] [cadence.virtuoso.ade.simulationMonitor] - Notice from spectre during Monte Carlo analysis `mc1'.
    121 notices suppressed.
    137 warnings suppressed. {"history": "MonteCarlo.0", "point": 17, "testname": "DC_MC", "cornername": "Nominal"}
[2026-05-27 11:30:11.604 Z] [INFO] [cadence.virtuoso.ade.simulationMonitor] - Notice from spectre at VDD = 20e-03 during DC analysis `dc', during Monte Carlo analysis `mc1'.
    GminDC = 1 pS is large enough to noticeably affect the DC solution.
        dV(I0.10\:S2) = 2.16588 mV
        Use the `gmin_check' option to eliminate or expand this report. {"history": "MonteCarlo.0", "point": 17, "testname": "DC_MC", "cornername": "Nominal"}
[2026-05-27 11:30:11.604 Z] [INFO] [cadence.virtuoso.ade.simulationMonitor] - Notice from spectre at VDD = 40e-03 during DC analysis `dc', during Monte Carlo analysis `mc1'.
    GminDC = 1 pS is large enough to noticeably affect the DC solution.
        dV(I0.10\:S2) = 4.41996 mV
        Use the `gmin_check' option to eliminate or expand this report. {"history": "MonteCarlo.0", "point": 17, "testname": "DC_MC", "cornername": "Nominal"}
[2026-05-27 11:30:11.605 Z] [INFO] [cadence.virtuoso.ade.simulationMonitor] - Notice from spectre at VDD = 60e-03 during DC analysis `dc', during Monte Carlo analysis `mc1'.
    GminDC = 1 pS is large enough to noticeably affect the DC solution.
        dV(I0.10\:S2) = 6.74627 mV
        Use the `gmin_check' option to eliminate or expand this report. {"history": "MonteCarlo.0", "point": 17, "testname": "DC_MC", "cornername": "Nominal"}
[2026-05-27 11:30:11.605 Z] [INFO] [cadence.virtuoso.ade.simulationMonitor] - Notice from spectre at VDD = 80e-03 during DC analysis `dc', during Monte Carlo analysis `mc1'.
    GminDC = 1 pS is large enough to noticeably affect the DC solution.
        dV(I0.10\:S2) = 9.13315 mV
        Use the `gmin_check' option to eliminate or expand this report. {"history": "MonteCarlo.0", "point": 17, "testname": "DC_MC", "cornername": "Nominal"}
[2026-05-27 11:30:11.605 Z] [INFO] [cadence.virtuoso.ade.simulationMonitor] - Notice from spectre at VDD = 100e-03 during DC analysis `dc', during Monte Carlo analysis `mc1'.
    GminDC = 1 pS is large enough to noticeably affect the DC solution.
        Further occurrences of this notice will be suppressed.
        dV(I0.10\:S2) = 11.5657 mV
        Further occurrences of this notice will be suppressed.
        Use the `gmin_check' option to eliminate or expand this report.
        Further occurrences of this notice will be suppressed. {"history": "MonteCarlo.0", "point": 17, "testname": "DC_MC", "cornername": "Nominal"}
[2026-05-27 11:30:14.609 Z] [WARN] [cadence.virtuoso.ade.simulationMonitor] -     WARNING (CMI-2943): Parameter checks have been ignored because the valid value for parameter 'trise' could not be found in 'C0'. {"history": "MonteCarlo.0", "point": 17, "testname": "DC_MC", "cornername": "Nominal"}
[2026-05-27 11:30:14.609 Z] [WARN] [cadence.virtuoso.ade.simulationMonitor] -     WARNING (CMI-2943): Parameter checks have been ignored because the valid value for parameter 'trise' could not be found in 'I0.R44.CM'. {"history": "MonteCarlo.0", "point": 17, "testname": "DC_MC", "cornername": "Nominal"}
[2026-05-27 11:30:14.609 Z] [WARN] [cadence.virtuoso.ade.simulationMonitor] -     WARNING (CMI-2943): Parameter checks have been ignored because the valid value for parameter 'trise' could not be found in 'I0.R44.CS1'. {"history": "MonteCarlo.0", "point": 17, "testname": "DC_MC", "cornername": "Nominal"}
[2026-05-27 11:30:14.611 Z] [WARN] [cadence.virtuoso.ade.simulationMonitor] -     WARNING (CMI-2943): Parameter checks have been ignored because the valid value for parameter 'trise' could not be found in 'I0.R44.CS0'. {"history": "MonteCarlo.0", "point": 17, "testname": "DC_MC", "cornername": "Nominal"}
[2026-05-27 11:30:14.611 Z] [WARN] [cadence.virtuoso.ade.simulationMonitor] -     WARNING (CMI-2943): Parameter checks have been ignored because the valid value for parameter 'trise' could not be found in 'I0.R23.CM'.
        Further occurrences of this warning will be suppressed. {"history": "MonteCarlo.0", "point": 17, "testname": "DC_MC", "cornername": "Nominal"}
[2026-05-27 11:30:14.611 Z] [INFO] [cadence.virtuoso.ade.simulationMonitor] - Notice from spectre at VDD = 3.3 during DC analysis `dc', during Monte Carlo analysis `mc1'.
    The value of parameter 'VDD' has been reset to the original value 3.3. {"history": "MonteCarlo.0", "point": 17, "testname": "DC_MC", "cornername": "Nominal"}
[2026-05-27 11:30:14.612 Z] [INFO] [cadence.virtuoso.ade.simulationMonitor] - Total time required for dc analysis `dc': CPU = 2.36839 s, elapsed = 3.20141 s, util. = 74%. {"history": "MonteCarlo.0", "point": 17, "testname": "DC_MC", "cornername": "Nominal"}
[2026-05-27 11:30:14.612 Z] [INFO] [cadence.virtuoso.ade.simulationMonitor] - Peak resident memory used = 268 Mbytes. {"history": "MonteCarlo.0", "point": 17, "testname": "DC_MC", "cornername": "Nominal"}
[2026-05-27 11:30:14.612 Z] [INFO] [cadence.virtuoso.ade.simulationMonitor] - Notice from spectre during Monte Carlo analysis `mc1'.
    56 notices suppressed.
    137 warnings suppressed. {"history": "MonteCarlo.0", "point": 17, "testname": "DC_MC", "cornername": "Nominal"}
[2026-05-27 11:30:15.113 Z] [INFO] [cadence.virtuoso.ade.simulationMonitor] - Notice from spectre at freq = 0 Hz during DC analysis, during XF analysis `xf', during Monte Carlo analysis `mc1'.
    Bad pivoting is found during DC analysis. Option dc_pivot_check=yes is recommended for possible improvement of convergence. {"history": "MonteCarlo.0", "point": 17, "testname": "DC_MC", "cornername": "Nominal"}
[2026-05-27 11:30:15.113 Z] [WARN] [cadence.virtuoso.ade.simulationMonitor] -     WARNING (CMI-2943): Parameter checks have been ignored because the valid value for parameter 'trise' could not be found in 'C0'. {"history": "MonteCarlo.0", "point": 17, "testname": "DC_MC", "cornername": "Nominal"}
[2026-05-27 11:30:15.114 Z] [WARN] [cadence.virtuoso.ade.simulationMonitor] -     WARNING (CMI-2943): Parameter checks have been ignored because the valid value for parameter 'trise' could not be found in 'I0.R44.CM'. {"history": "MonteCarlo.0", "point": 17, "testname": "DC_MC", "cornername": "Nominal"}
[2026-05-27 11:30:15.114 Z] [WARN] [cadence.virtuoso.ade.simulationMonitor] -     WARNING (CMI-2943): Parameter checks have been ignored because the valid value for parameter 'trise' could not be found in 'I0.R44.CS1'. {"history": "MonteCarlo.0", "point": 17, "testname": "DC_MC", "cornername": "Nominal"}
[2026-05-27 11:30:15.115 Z] [WARN] [cadence.virtuoso.ade.simulationMonitor] -     WARNING (CMI-2943): Parameter checks have been ignored because the valid value for parameter 'trise' could not be found in 'I0.R44.CS0'. {"history": "MonteCarlo.0", "point": 17, "testname": "DC_MC", "cornername": "Nominal"}
[2026-05-27 11:30:15.115 Z] [WARN] [cadence.virtuoso.ade.simulationMonitor] -     WARNING (CMI-2943): Parameter checks have been ignored because the valid value for parameter 'trise' could not be found in 'I0.R23.CM'.
        Further occurrences of this warning will be suppressed. {"history": "MonteCarlo.0", "point": 17, "testname": "DC_MC", "cornername": "Nominal"}
[2026-05-27 11:30:15.616 Z] [INFO] [cadence.virtuoso.ade.simulationMonitor] - Total time required for xf analysis `xf': CPU = 834.034 ms, elapsed = 814.84 ms, util. = 102%. {"history": "MonteCarlo.0", "point": 17, "testname": "DC_MC", "cornername": "Nominal"}
[2026-05-27 11:30:15.617 Z] [INFO] [cadence.virtuoso.ade.simulationMonitor] - Peak resident memory used = 270 Mbytes. {"history": "MonteCarlo.0", "point": 17, "testname": "DC_MC", "cornername": "Nominal"}
[2026-05-27 11:30:15.617 Z] [INFO] [cadence.virtuoso.ade.simulationMonitor] - Notice from spectre during XF analysis `xf', during Monte Carlo analysis `mc1'.
    137 warnings suppressed. {"history": "MonteCarlo.0", "point": 17, "testname": "DC_MC", "cornername": "Nominal"}
[2026-05-27 11:30:15.618 Z] [INFO] [cadence.virtuoso.ade.simulationMonitor] - Notice from spectre in `vert10':`I0.Q3(30)', in `fecg_bandgap3_layout':`I0', during Monte Carlo analysis `mc1'.
    I0.Q3(30).bjtinsub: `minr' has the unusually small value of 10 fOhm. {"history": "MonteCarlo.0", "point": 17, "testname": "DC_MC", "cornername": "Nominal"}
[2026-05-27 11:30:15.618 Z] [INFO] [cadence.virtuoso.ade.simulationMonitor] - Notice from spectre in `vert10':`I0.Q3(29)', in `fecg_bandgap3_layout':`I0', during Monte Carlo analysis `mc1'.
    I0.Q3(29).bjtinsub: `minr' has the unusually small value of 10 fOhm. {"history": "MonteCarlo.0", "point": 17, "testname": "DC_MC", "cornername": "Nominal"}
[2026-05-27 11:30:15.618 Z] [INFO] [cadence.virtuoso.ade.simulationMonitor] - Notice from spectre in `vert10':`I0.Q3(28)', in `fecg_bandgap3_layout':`I0', during Monte Carlo analysis `mc1'.
    I0.Q3(28).bjtinsub: `minr' has the unusually small value of 10 fOhm. {"history": "MonteCarlo.0", "point": 17, "testname": "DC_MC", "cornername": "Nominal"}
[2026-05-27 11:30:15.619 Z] [INFO] [cadence.virtuoso.ade.simulationMonitor] - Notice from spectre in `vert10':`I0.Q3(27)', in `fecg_bandgap3_layout':`I0', during Monte Carlo analysis `mc1'.
    I0.Q3(27).bjtinsub: `minr' has the unusually small value of 10 fOhm. {"history": "MonteCarlo.0", "point": 17, "testname": "DC_MC", "cornername": "Nominal"}
[2026-05-27 11:30:15.619 Z] [INFO] [cadence.virtuoso.ade.simulationMonitor] - Notice from spectre in `vert10':`I0.Q3(26)', in `fecg_bandgap3_layout':`I0', during Monte Carlo analysis `mc1'.
    I0.Q3(26).bjtinsub: `minr' has the unusually small value of 10 fOhm.
        Further occurrences of this notice will be suppressed. {"history": "MonteCarlo.0", "point": 17, "testname": "DC_MC", "cornername": "Nominal"}
[2026-05-27 11:30:15.620 Z] [PROCESS] [cadence.virtuoso.ade.simulationMonitor] - Finished simulating for one iteration {"hostname": "il2244vt26_hrahimi", "processid": 290031, "history": "MonteCarlo.0", "testname": "DC_MC", "cornername": "Nominal", "point": 17, "logfile": "/home/hrahimi/projects/POTENTIOSTAT_26/logs_hrahimi/logs0/Job34.log", "simid": "1"}
[2026-05-27 11:30:15.620 Z] [PROCESS] [cadence.virtuoso.ade.simulationMonitor] - Started Simulation {"hostname": "il2244vt26_hrahimi", "processid": 290031, "history": "MonteCarlo.0", "testname": "DC_MC", "cornername": "Nominal", "point": 18, "logfile": "/home/hrahimi/projects/POTENTIOSTAT_26/logs_hrahimi/logs0/Job34.log", "event": "started", "task": "simulation"}
[2026-05-27 11:30:17.122 Z] [INFO] [cadence.virtuoso.ade.simulationMonitor] - Notice from spectre during DC analysis `dcOp', during Monte Carlo analysis `mc1'.
    Bad pivoting is found during DC analysis. Option dc_pivot_check=yes is recommended for possible improvement of convergence. {"history": "MonteCarlo.0", "point": 18, "testname": "DC_MC", "cornername": "Nominal"}
[2026-05-27 11:30:17.123 Z] [WARN] [cadence.virtuoso.ade.simulationMonitor] -     WARNING (CMI-2943): Parameter checks have been ignored because the valid value for parameter 'trise' could not be found in 'C0'. {"history": "MonteCarlo.0", "point": 18, "testname": "DC_MC", "cornername": "Nominal"}
[2026-05-27 11:30:17.123 Z] [WARN] [cadence.virtuoso.ade.simulationMonitor] -     WARNING (CMI-2943): Parameter checks have been ignored because the valid value for parameter 'trise' could not be found in 'I0.R44.CM'. {"history": "MonteCarlo.0", "point": 18, "testname": "DC_MC", "cornername": "Nominal"}
[2026-05-27 11:30:17.124 Z] [WARN] [cadence.virtuoso.ade.simulationMonitor] -     WARNING (CMI-2943): Parameter checks have been ignored because the valid value for parameter 'trise' could not be found in 'I0.R44.CS1'. {"history": "MonteCarlo.0", "point": 18, "testname": "DC_MC", "cornername": "Nominal"}
[2026-05-27 11:30:17.125 Z] [WARN] [cadence.virtuoso.ade.simulationMonitor] -     WARNING (CMI-2943): Parameter checks have been ignored because the valid value for parameter 'trise' could not be found in 'I0.R44.CS0'. {"history": "MonteCarlo.0", "point": 18, "testname": "DC_MC", "cornername": "Nominal"}
[2026-05-27 11:30:17.126 Z] [WARN] [cadence.virtuoso.ade.simulationMonitor] -     WARNING (CMI-2943): Parameter checks have been ignored because the valid value for parameter 'trise' could not be found in 'I0.R23.CM'.
        Further occurrences of this warning will be suppressed. {"history": "MonteCarlo.0", "point": 18, "testname": "DC_MC", "cornername": "Nominal"}
[2026-05-27 11:30:17.126 Z] [INFO] [cadence.virtuoso.ade.simulationMonitor] - Total time required for dc analysis `dcOp': CPU = 635.969 ms, elapsed = 634.798 ms, util. = 100%. {"history": "MonteCarlo.0", "point": 18, "testname": "DC_MC", "cornername": "Nominal"}
[2026-05-27 11:30:17.126 Z] [INFO] [cadence.virtuoso.ade.simulationMonitor] - Peak resident memory used = 272 Mbytes. {"history": "MonteCarlo.0", "point": 18, "testname": "DC_MC", "cornername": "Nominal"}
[2026-05-27 11:30:17.127 Z] [INFO] [cadence.virtuoso.ade.simulationMonitor] - Notice from spectre during Monte Carlo analysis `mc1'.
    58 notices suppressed.
    137 warnings suppressed. {"history": "MonteCarlo.0", "point": 18, "testname": "DC_MC", "cornername": "Nominal"}
[2026-05-27 11:30:17.127 Z] [INFO] [cadence.virtuoso.ade.simulationMonitor] - Notice from spectre at VDD = 20e-03 during DC analysis `dc', during Monte Carlo analysis `mc1'.
    GminDC = 1 pS is large enough to noticeably affect the DC solution.
        dV(I0.3\:Vo2) = 61.9428 uV
        Use the `gmin_check' option to eliminate or expand this report. {"history": "MonteCarlo.0", "point": 18, "testname": "DC_MC", "cornername": "Nominal"}
[2026-05-27 11:30:17.128 Z] [INFO] [cadence.virtuoso.ade.simulationMonitor] - Notice from spectre at VDD = 40e-03 during DC analysis `dc', during Monte Carlo analysis `mc1'.
    GminDC = 1 pS is large enough to noticeably affect the DC solution.
        dV(I0.3\:Vo2) = 127.958 uV
        Use the `gmin_check' option to eliminate or expand this report. {"history": "MonteCarlo.0", "point": 18, "testname": "DC_MC", "cornername": "Nominal"}
[2026-05-27 11:30:17.128 Z] [INFO] [cadence.virtuoso.ade.simulationMonitor] - Notice from spectre at VDD = 60e-03 during DC analysis `dc', during Monte Carlo analysis `mc1'.
    GminDC = 1 pS is large enough to noticeably affect the DC solution.
        dV(I0.3\:Vo2) = 197.575 uV
        Use the `gmin_check' option to eliminate or expand this report. {"history": "MonteCarlo.0", "point": 18, "testname": "DC_MC", "cornername": "Nominal"}
[2026-05-27 11:30:17.129 Z] [INFO] [cadence.virtuoso.ade.simulationMonitor] - Notice from spectre at VDD = 80e-03 during DC analysis `dc', during Monte Carlo analysis `mc1'.
    GminDC = 1 pS is large enough to noticeably affect the DC solution.
        dV(I0.3\:Vo2) = 270.298 uV
        Use the `gmin_check' option to eliminate or expand this report. {"history": "MonteCarlo.0", "point": 18, "testname": "DC_MC", "cornername": "Nominal"}
[2026-05-27 11:30:17.129 Z] [INFO] [cadence.virtuoso.ade.simulationMonitor] - Notice from spectre at VDD = 100e-03 during DC analysis `dc', during Monte Carlo analysis `mc1'.
    GminDC = 1 pS is large enough to noticeably affect the DC solution.
        Further occurrences of this notice will be suppressed.
        dV(I0.3\:Vo2) = 346.554 uV
        Further occurrences of this notice will be suppressed.
        Use the `gmin_check' option to eliminate or expand this report.
        Further occurrences of this notice will be suppressed. {"history": "MonteCarlo.0", "point": 18, "testname": "DC_MC", "cornername": "Nominal"}
[2026-05-27 11:30:19.639 Z] [WARN] [cadence.virtuoso.ade.simulationMonitor] -     WARNING (CMI-2943): Parameter checks have been ignored because the valid value for parameter 'trise' could not be found in 'C0'. {"history": "MonteCarlo.0", "point": 18, "testname": "DC_MC", "cornername": "Nominal"}
[2026-05-27 11:30:19.640 Z] [WARN] [cadence.virtuoso.ade.simulationMonitor] -     WARNING (CMI-2943): Parameter checks have been ignored because the valid value for parameter 'trise' could not be found in 'I0.R44.CM'. {"history": "MonteCarlo.0", "point": 18, "testname": "DC_MC", "cornername": "Nominal"}
[2026-05-27 11:30:19.641 Z] [WARN] [cadence.virtuoso.ade.simulationMonitor] -     WARNING (CMI-2943): Parameter checks have been ignored because the valid value for parameter 'trise' could not be found in 'I0.R44.CS1'. {"history": "MonteCarlo.0", "point": 18, "testname": "DC_MC", "cornername": "Nominal"}
[2026-05-27 11:30:19.642 Z] [WARN] [cadence.virtuoso.ade.simulationMonitor] -     WARNING (CMI-2943): Parameter checks have been ignored because the valid value for parameter 'trise' could not be found in 'I0.R44.CS0'. {"history": "MonteCarlo.0", "point": 18, "testname": "DC_MC", "cornername": "Nominal"}
[2026-05-27 11:30:19.642 Z] [WARN] [cadence.virtuoso.ade.simulationMonitor] -     WARNING (CMI-2943): Parameter checks have been ignored because the valid value for parameter 'trise' could not be found in 'I0.R23.CM'.
        Further occurrences of this warning will be suppressed. {"history": "MonteCarlo.0", "point": 18, "testname": "DC_MC", "cornername": "Nominal"}
[2026-05-27 11:30:19.643 Z] [INFO] [cadence.virtuoso.ade.simulationMonitor] - Notice from spectre at VDD = 3.3 during DC analysis `dc', during Monte Carlo analysis `mc1'.
    The value of parameter 'VDD' has been reset to the original value 3.3. {"history": "MonteCarlo.0", "point": 18, "testname": "DC_MC", "cornername": "Nominal"}
[2026-05-27 11:30:19.643 Z] [INFO] [cadence.virtuoso.ade.simulationMonitor] - Total time required for dc analysis `dc': CPU = 2.38034 s, elapsed = 2.64332 s, util. = 90.1%. {"history": "MonteCarlo.0", "point": 18, "testname": "DC_MC", "cornername": "Nominal"}
[2026-05-27 11:30:19.644 Z] [INFO] [cadence.virtuoso.ade.simulationMonitor] - Peak resident memory used = 274 Mbytes. {"history": "MonteCarlo.0", "point": 18, "testname": "DC_MC", "cornername": "Nominal"}
[2026-05-27 11:30:19.644 Z] [INFO] [cadence.virtuoso.ade.simulationMonitor] - Notice from spectre during Monte Carlo analysis `mc1'.
    51 notices suppressed.
    137 warnings suppressed. {"history": "MonteCarlo.0", "point": 18, "testname": "DC_MC", "cornername": "Nominal"}
[2026-05-27 11:30:20.646 Z] [INFO] [cadence.virtuoso.ade.simulationMonitor] - Notice from spectre at freq = 0 Hz during DC analysis, during XF analysis `xf', during Monte Carlo analysis `mc1'.
    Bad pivoting is found during DC analysis. Option dc_pivot_check=yes is recommended for possible improvement of convergence. {"history": "MonteCarlo.0", "point": 18, "testname": "DC_MC", "cornername": "Nominal"}
[2026-05-27 11:30:20.647 Z] [WARN] [cadence.virtuoso.ade.simulationMonitor] -     WARNING (CMI-2943): Parameter checks have been ignored because the valid value for parameter 'trise' could not be found in 'C0'. {"history": "MonteCarlo.0", "point": 18, "testname": "DC_MC", "cornername": "Nominal"}
[2026-05-27 11:30:20.648 Z] [WARN] [cadence.virtuoso.ade.simulationMonitor] -     WARNING (CMI-2943): Parameter checks have been ignored because the valid value for parameter 'trise' could not be found in 'I0.R44.CM'. {"history": "MonteCarlo.0", "point": 18, "testname": "DC_MC", "cornername": "Nominal"}
[2026-05-27 11:30:20.648 Z] [WARN] [cadence.virtuoso.ade.simulationMonitor] -     WARNING (CMI-2943): Parameter checks have been ignored because the valid value for parameter 'trise' could not be found in 'I0.R44.CS1'. {"history": "MonteCarlo.0", "point": 18, "testname": "DC_MC", "cornername": "Nominal"}
[2026-05-27 11:30:20.649 Z] [WARN] [cadence.virtuoso.ade.simulationMonitor] -     WARNING (CMI-2943): Parameter checks have been ignored because the valid value for parameter 'trise' could not be found in 'I0.R44.CS0'. {"history": "MonteCarlo.0", "point": 18, "testname": "DC_MC", "cornername": "Nominal"}
[2026-05-27 11:30:20.649 Z] [WARN] [cadence.virtuoso.ade.simulationMonitor] -     WARNING (CMI-2943): Parameter checks have been ignored because the valid value for parameter 'trise' could not be found in 'I0.R23.CM'.
        Further occurrences of this warning will be suppressed. {"history": "MonteCarlo.0", "point": 18, "testname": "DC_MC", "cornername": "Nominal"}
[2026-05-27 11:30:20.649 Z] [INFO] [cadence.virtuoso.ade.simulationMonitor] - Total time required for xf analysis `xf': CPU = 757.162 ms, elapsed = 603.036 ms, util. = 126%. {"history": "MonteCarlo.0", "point": 18, "testname": "DC_MC", "cornername": "Nominal"}
[2026-05-27 11:30:20.650 Z] [INFO] [cadence.virtuoso.ade.simulationMonitor] - Peak resident memory used = 276 Mbytes. {"history": "MonteCarlo.0", "point": 18, "testname": "DC_MC", "cornername": "Nominal"}
[2026-05-27 11:30:20.650 Z] [INFO] [cadence.virtuoso.ade.simulationMonitor] - Notice from spectre during XF analysis `xf', during Monte Carlo analysis `mc1'.
    137 warnings suppressed. {"history": "MonteCarlo.0", "point": 18, "testname": "DC_MC", "cornername": "Nominal"}
[2026-05-27 11:30:20.650 Z] [INFO] [cadence.virtuoso.ade.simulationMonitor] - Notice from spectre in `vert10':`I0.Q3(30)', in `fecg_bandgap3_layout':`I0', during Monte Carlo analysis `mc1'.
    I0.Q3(30).bjtinsub: `rbm' has the unusually small value of 901.053 mOhm.
    I0.Q3(30).bjtinsub: `minr' has the unusually small value of 10 fOhm. {"history": "MonteCarlo.0", "point": 18, "testname": "DC_MC", "cornername": "Nominal"}
[2026-05-27 11:30:20.651 Z] [INFO] [cadence.virtuoso.ade.simulationMonitor] - Notice from spectre in `vert10':`I0.Q3(29)', in `fecg_bandgap3_layout':`I0', during Monte Carlo analysis `mc1'.
    I0.Q3(29).bjtinsub: `rbm' has the unusually small value of 901.053 mOhm.
    I0.Q3(29).bjtinsub: `minr' has the unusually small value of 10 fOhm. {"history": "MonteCarlo.0", "point": 18, "testname": "DC_MC", "cornername": "Nominal"}
[2026-05-27 11:30:20.651 Z] [INFO] [cadence.virtuoso.ade.simulationMonitor] - Notice from spectre in `vert10':`I0.Q3(28)', in `fecg_bandgap3_layout':`I0', during Monte Carlo analysis `mc1'.
    I0.Q3(28).bjtinsub: `rbm' has the unusually small value of 901.053 mOhm.
        Further occurrences of this notice will be suppressed. {"history": "MonteCarlo.0", "point": 18, "testname": "DC_MC", "cornername": "Nominal"}
[2026-05-27 11:30:20.652 Z] [PROCESS] [cadence.virtuoso.ade.simulationMonitor] - Finished simulating for one iteration {"hostname": "il2244vt26_hrahimi", "processid": 290031, "history": "MonteCarlo.0", "testname": "DC_MC", "cornername": "Nominal", "point": 18, "logfile": "/home/hrahimi/projects/POTENTIOSTAT_26/logs_hrahimi/logs0/Job34.log", "simid": "1"}
[2026-05-27 11:30:20.652 Z] [PROCESS] [cadence.virtuoso.ade.simulationMonitor] - Started Simulation {"hostname": "il2244vt26_hrahimi", "processid": 290031, "history": "MonteCarlo.0", "testname": "DC_MC", "cornername": "Nominal", "point": 19, "logfile": "/home/hrahimi/projects/POTENTIOSTAT_26/logs_hrahimi/logs0/Job34.log", "event": "started", "task": "simulation"}
[2026-05-27 11:30:21.653 Z] [INFO] [cadence.virtuoso.ade.simulationMonitor] - Notice from spectre during DC analysis `dcOp', during Monte Carlo analysis `mc1'.
    Bad pivoting is found during DC analysis. Option dc_pivot_check=yes is recommended for possible improvement of convergence. {"history": "MonteCarlo.0", "point": 19, "testname": "DC_MC", "cornername": "Nominal"}
[2026-05-27 11:30:21.655 Z] [WARN] [cadence.virtuoso.ade.simulationMonitor] -     WARNING (CMI-2943): Parameter checks have been ignored because the valid value for parameter 'trise' could not be found in 'C0'. {"history": "MonteCarlo.0", "point": 19, "testname": "DC_MC", "cornername": "Nominal"}
[2026-05-27 11:30:21.656 Z] [WARN] [cadence.virtuoso.ade.simulationMonitor] -     WARNING (CMI-2943): Parameter checks have been ignored because the valid value for parameter 'trise' could not be found in 'I0.R44.CM'. {"history": "MonteCarlo.0", "point": 19, "testname": "DC_MC", "cornername": "Nominal"}
[2026-05-27 11:30:21.657 Z] [WARN] [cadence.virtuoso.ade.simulationMonitor] -     WARNING (CMI-2943): Parameter checks have been ignored because the valid value for parameter 'trise' could not be found in 'I0.R44.CS1'. {"history": "MonteCarlo.0", "point": 19, "testname": "DC_MC", "cornername": "Nominal"}
[2026-05-27 11:30:21.657 Z] [WARN] [cadence.virtuoso.ade.simulationMonitor] -     WARNING (CMI-2943): Parameter checks have been ignored because the valid value for parameter 'trise' could not be found in 'I0.R44.CS0'. {"history": "MonteCarlo.0", "point": 19, "testname": "DC_MC", "cornername": "Nominal"}
[2026-05-27 11:30:21.658 Z] [WARN] [cadence.virtuoso.ade.simulationMonitor] -     WARNING (CMI-2943): Parameter checks have been ignored because the valid value for parameter 'trise' could not be found in 'I0.R23.CM'.
        Further occurrences of this warning will be suppressed. {"history": "MonteCarlo.0", "point": 19, "testname": "DC_MC", "cornername": "Nominal"}
[2026-05-27 11:30:21.658 Z] [INFO] [cadence.virtuoso.ade.simulationMonitor] - Total time required for dc analysis `dcOp': CPU = 560.64 ms, elapsed = 516.674 ms, util. = 109%. {"history": "MonteCarlo.0", "point": 19, "testname": "DC_MC", "cornername": "Nominal"}
[2026-05-27 11:30:21.659 Z] [INFO] [cadence.virtuoso.ade.simulationMonitor] - Peak resident memory used = 278 Mbytes. {"history": "MonteCarlo.0", "point": 19, "testname": "DC_MC", "cornername": "Nominal"}
[2026-05-27 11:30:21.659 Z] [INFO] [cadence.virtuoso.ade.simulationMonitor] - Notice from spectre during Monte Carlo analysis `mc1'.
    121 notices suppressed.
    137 warnings suppressed. {"history": "MonteCarlo.0", "point": 19, "testname": "DC_MC", "cornername": "Nominal"}
[2026-05-27 11:30:21.659 Z] [INFO] [cadence.virtuoso.ade.simulationMonitor] - Notice from spectre at VDD = 20e-03 during DC analysis `dc', during Monte Carlo analysis `mc1'.
    GminDC = 1 pS is large enough to noticeably affect the DC solution.
        dV(I0.10\:S2) = 2.65163 mV
        Use the `gmin_check' option to eliminate or expand this report. {"history": "MonteCarlo.0", "point": 19, "testname": "DC_MC", "cornername": "Nominal"}
[2026-05-27 11:30:21.660 Z] [INFO] [cadence.virtuoso.ade.simulationMonitor] - Notice from spectre at VDD = 40e-03 during DC analysis `dc', during Monte Carlo analysis `mc1'.
    GminDC = 1 pS is large enough to noticeably affect the DC solution.
        dV(I0.10\:S2) = 5.34007 mV
        Use the `gmin_check' option to eliminate or expand this report. {"history": "MonteCarlo.0", "point": 19, "testname": "DC_MC", "cornername": "Nominal"}
[2026-05-27 11:30:21.660 Z] [INFO] [cadence.virtuoso.ade.simulationMonitor] - Notice from spectre at VDD = 60e-03 during DC analysis `dc', during Monte Carlo analysis `mc1'.
    GminDC = 1 pS is large enough to noticeably affect the DC solution.
        dV(I0.10\:S2) = 8.05698 mV
        Use the `gmin_check' option to eliminate or expand this report. {"history": "MonteCarlo.0", "point": 19, "testname": "DC_MC", "cornername": "Nominal"}
[2026-05-27 11:30:21.661 Z] [INFO] [cadence.virtuoso.ade.simulationMonitor] - Notice from spectre at VDD = 80e-03 during DC analysis `dc', during Monte Carlo analysis `mc1'.
    GminDC = 1 pS is large enough to noticeably affect the DC solution.
        dV(I0.10\:S2) = 10.8001 mV
        Use the `gmin_check' option to eliminate or expand this report. {"history": "MonteCarlo.0", "point": 19, "testname": "DC_MC", "cornername": "Nominal"}
[2026-05-27 11:30:21.661 Z] [INFO] [cadence.virtuoso.ade.simulationMonitor] - Notice from spectre at VDD = 100e-03 during DC analysis `dc', during Monte Carlo analysis `mc1'.
    GminDC = 1 pS is large enough to noticeably affect the DC solution.
        Further occurrences of this notice will be suppressed.
        dV(I0.10\:S2) = 13.5593 mV
        Further occurrences of this notice will be suppressed.
        Use the `gmin_check' option to eliminate or expand this report.
        Further occurrences of this notice will be suppressed. {"history": "MonteCarlo.0", "point": 19, "testname": "DC_MC", "cornername": "Nominal"}
[2026-05-27 11:30:24.164 Z] [WARN] [cadence.virtuoso.ade.simulationMonitor] -     WARNING (CMI-2943): Parameter checks have been ignored because the valid value for parameter 'trise' could not be found in 'C0'. {"history": "MonteCarlo.0", "point": 19, "testname": "DC_MC", "cornername": "Nominal"}
[2026-05-27 11:30:24.166 Z] [WARN] [cadence.virtuoso.ade.simulationMonitor] -     WARNING (CMI-2943): Parameter checks have been ignored because the valid value for parameter 'trise' could not be found in 'I0.R44.CM'. {"history": "MonteCarlo.0", "point": 19, "testname": "DC_MC", "cornername": "Nominal"}
[2026-05-27 11:30:24.167 Z] [WARN] [cadence.virtuoso.ade.simulationMonitor] -     WARNING (CMI-2943): Parameter checks have been ignored because the valid value for parameter 'trise' could not be found in 'I0.R44.CS1'. {"history": "MonteCarlo.0", "point": 19, "testname": "DC_MC", "cornername": "Nominal"}
[2026-05-27 11:30:24.167 Z] [WARN] [cadence.virtuoso.ade.simulationMonitor] -     WARNING (CMI-2943): Parameter checks have been ignored because the valid value for parameter 'trise' could not be found in 'I0.R44.CS0'. {"history": "MonteCarlo.0", "point": 19, "testname": "DC_MC", "cornername": "Nominal"}
[2026-05-27 11:30:24.168 Z] [WARN] [cadence.virtuoso.ade.simulationMonitor] -     WARNING (CMI-2943): Parameter checks have been ignored because the valid value for parameter 'trise' could not be found in 'I0.R23.CM'.
        Further occurrences of this warning will be suppressed. {"history": "MonteCarlo.0", "point": 19, "testname": "DC_MC", "cornername": "Nominal"}
[2026-05-27 11:30:24.168 Z] [INFO] [cadence.virtuoso.ade.simulationMonitor] - Notice from spectre at VDD = 3.3 during DC analysis `dc', during Monte Carlo analysis `mc1'.
    The value of parameter 'VDD' has been reset to the original value 3.3. {"history": "MonteCarlo.0", "point": 19, "testname": "DC_MC", "cornername": "Nominal"}
[2026-05-27 11:30:24.169 Z] [INFO] [cadence.virtuoso.ade.simulationMonitor] - Total time required for dc analysis `dc': CPU = 2.28415 s, elapsed = 2.41979 s, util. = 94.4%. {"history": "MonteCarlo.0", "point": 19, "testname": "DC_MC", "cornername": "Nominal"}
[2026-05-27 11:30:24.169 Z] [INFO] [cadence.virtuoso.ade.simulationMonitor] - Peak resident memory used = 278 Mbytes. {"history": "MonteCarlo.0", "point": 19, "testname": "DC_MC", "cornername": "Nominal"}
[2026-05-27 11:30:24.170 Z] [INFO] [cadence.virtuoso.ade.simulationMonitor] - Notice from spectre during Monte Carlo analysis `mc1'.
    56 notices suppressed.
    137 warnings suppressed. {"history": "MonteCarlo.0", "point": 19, "testname": "DC_MC", "cornername": "Nominal"}
[2026-05-27 11:30:24.670 Z] [INFO] [cadence.virtuoso.ade.simulationMonitor] - Notice from spectre at freq = 0 Hz during DC analysis, during XF analysis `xf', during Monte Carlo analysis `mc1'.
    Bad pivoting is found during DC analysis. Option dc_pivot_check=yes is recommended for possible improvement of convergence. {"history": "MonteCarlo.0", "point": 19, "testname": "DC_MC", "cornername": "Nominal"}
[2026-05-27 11:30:24.671 Z] [WARN] [cadence.virtuoso.ade.simulationMonitor] -     WARNING (CMI-2943): Parameter checks have been ignored because the valid value for parameter 'trise' could not be found in 'C0'. {"history": "MonteCarlo.0", "point": 19, "testname": "DC_MC", "cornername": "Nominal"}
[2026-05-27 11:30:24.671 Z] [WARN] [cadence.virtuoso.ade.simulationMonitor] -     WARNING (CMI-2943): Parameter checks have been ignored because the valid value for parameter 'trise' could not be found in 'I0.R44.CM'. {"history": "MonteCarlo.0", "point": 19, "testname": "DC_MC", "cornername": "Nominal"}
[2026-05-27 11:30:24.672 Z] [WARN] [cadence.virtuoso.ade.simulationMonitor] -     WARNING (CMI-2943): Parameter checks have been ignored because the valid value for parameter 'trise' could not be found in 'I0.R44.CS1'. {"history": "MonteCarlo.0", "point": 19, "testname": "DC_MC", "cornername": "Nominal"}
[2026-05-27 11:30:24.672 Z] [WARN] [cadence.virtuoso.ade.simulationMonitor] -     WARNING (CMI-2943): Parameter checks have been ignored because the valid value for parameter 'trise' could not be found in 'I0.R44.CS0'. {"history": "MonteCarlo.0", "point": 19, "testname": "DC_MC", "cornername": "Nominal"}
[2026-05-27 11:30:24.673 Z] [WARN] [cadence.virtuoso.ade.simulationMonitor] -     WARNING (CMI-2943): Parameter checks have been ignored because the valid value for parameter 'trise' could not be found in 'I0.R23.CM'.
        Further occurrences of this warning will be suppressed. {"history": "MonteCarlo.0", "point": 19, "testname": "DC_MC", "cornername": "Nominal"}
[2026-05-27 11:30:25.174 Z] [INFO] [cadence.virtuoso.ade.simulationMonitor] - Total time required for xf analysis `xf': CPU = 685.243 ms, elapsed = 452.414 ms, util. = 151%. {"history": "MonteCarlo.0", "point": 19, "testname": "DC_MC", "cornername": "Nominal"}
[2026-05-27 11:30:25.175 Z] [INFO] [cadence.virtuoso.ade.simulationMonitor] - Peak resident memory used = 279 Mbytes. {"history": "MonteCarlo.0", "point": 19, "testname": "DC_MC", "cornername": "Nominal"}
[2026-05-27 11:30:25.175 Z] [INFO] [cadence.virtuoso.ade.simulationMonitor] - Notice from spectre during XF analysis `xf', during Monte Carlo analysis `mc1'.
    137 warnings suppressed. {"history": "MonteCarlo.0", "point": 19, "testname": "DC_MC", "cornername": "Nominal"}
[2026-05-27 11:30:25.175 Z] [INFO] [cadence.virtuoso.ade.simulationMonitor] - Notice from spectre in `vert10':`I0.Q3(30)', in `fecg_bandgap3_layout':`I0', during Monte Carlo analysis `mc1'.
    I0.Q3(30).bjtinsub: `rbm' has the unusually small value of 926.053 mOhm.
    I0.Q3(30).bjtinsub: `minr' has the unusually small value of 10 fOhm. {"history": "MonteCarlo.0", "point": 19, "testname": "DC_MC", "cornername": "Nominal"}
[2026-05-27 11:30:25.176 Z] [INFO] [cadence.virtuoso.ade.simulationMonitor] - Notice from spectre in `vert10':`I0.Q3(29)', in `fecg_bandgap3_layout':`I0', during Monte Carlo analysis `mc1'.
    I0.Q3(29).bjtinsub: `rbm' has the unusually small value of 926.053 mOhm.
    I0.Q3(29).bjtinsub: `minr' has the unusually small value of 10 fOhm. {"history": "MonteCarlo.0", "point": 19, "testname": "DC_MC", "cornername": "Nominal"}
[2026-05-27 11:30:25.177 Z] [INFO] [cadence.virtuoso.ade.simulationMonitor] - Notice from spectre in `vert10':`I0.Q3(28)', in `fecg_bandgap3_layout':`I0', during Monte Carlo analysis `mc1'.
    I0.Q3(28).bjtinsub: `rbm' has the unusually small value of 926.053 mOhm.
        Further occurrences of this notice will be suppressed. {"history": "MonteCarlo.0", "point": 19, "testname": "DC_MC", "cornername": "Nominal"}
[2026-05-27 11:30:25.178 Z] [PROCESS] [cadence.virtuoso.ade.simulationMonitor] - Finished simulating for one iteration {"hostname": "il2244vt26_hrahimi", "processid": 290031, "history": "MonteCarlo.0", "testname": "DC_MC", "cornername": "Nominal", "point": 19, "logfile": "/home/hrahimi/projects/POTENTIOSTAT_26/logs_hrahimi/logs0/Job34.log", "simid": "1"}
[2026-05-27 11:30:25.178 Z] [PROCESS] [cadence.virtuoso.ade.simulationMonitor] - Started Simulation {"hostname": "il2244vt26_hrahimi", "processid": 290031, "history": "MonteCarlo.0", "testname": "DC_MC", "cornername": "Nominal", "point": 20, "logfile": "/home/hrahimi/projects/POTENTIOSTAT_26/logs_hrahimi/logs0/Job34.log", "event": "started", "task": "simulation"}
[2026-05-27 11:30:26.180 Z] [INFO] [cadence.virtuoso.ade.simulationMonitor] - Notice from spectre during DC analysis `dcOp', during Monte Carlo analysis `mc1'.
    Bad pivoting is found during DC analysis. Option dc_pivot_check=yes is recommended for possible improvement of convergence. {"history": "MonteCarlo.0", "point": 20, "testname": "DC_MC", "cornername": "Nominal"}
[2026-05-27 11:30:26.180 Z] [WARN] [cadence.virtuoso.ade.simulationMonitor] -     WARNING (CMI-2943): Parameter checks have been ignored because the valid value for parameter 'trise' could not be found in 'C0'. {"history": "MonteCarlo.0", "point": 20, "testname": "DC_MC", "cornername": "Nominal"}
[2026-05-27 11:30:26.181 Z] [WARN] [cadence.virtuoso.ade.simulationMonitor] -     WARNING (CMI-2943): Parameter checks have been ignored because the valid value for parameter 'trise' could not be found in 'I0.R44.CM'. {"history": "MonteCarlo.0", "point": 20, "testname": "DC_MC", "cornername": "Nominal"}
[2026-05-27 11:30:26.181 Z] [WARN] [cadence.virtuoso.ade.simulationMonitor] -     WARNING (CMI-2943): Parameter checks have been ignored because the valid value for parameter 'trise' could not be found in 'I0.R44.CS1'. {"history": "MonteCarlo.0", "point": 20, "testname": "DC_MC", "cornername": "Nominal"}
[2026-05-27 11:30:26.182 Z] [WARN] [cadence.virtuoso.ade.simulationMonitor] -     WARNING (CMI-2943): Parameter checks have been ignored because the valid value for parameter 'trise' could not be found in 'I0.R44.CS0'. {"history": "MonteCarlo.0", "point": 20, "testname": "DC_MC", "cornername": "Nominal"}
[2026-05-27 11:30:26.183 Z] [WARN] [cadence.virtuoso.ade.simulationMonitor] -     WARNING (CMI-2943): Parameter checks have been ignored because the valid value for parameter 'trise' could not be found in 'I0.R23.CM'.
        Further occurrences of this warning will be suppressed. {"history": "MonteCarlo.0", "point": 20, "testname": "DC_MC", "cornername": "Nominal"}
[2026-05-27 11:30:26.185 Z] [INFO] [cadence.virtuoso.ade.simulationMonitor] - Total time required for dc analysis `dcOp': CPU = 695.375 ms, elapsed = 568.071 ms, util. = 122%. {"history": "MonteCarlo.0", "point": 20, "testname": "DC_MC", "cornername": "Nominal"}
[2026-05-27 11:30:26.187 Z] [INFO] [cadence.virtuoso.ade.simulationMonitor] - Peak resident memory used = 280 Mbytes. {"history": "MonteCarlo.0", "point": 20, "testname": "DC_MC", "cornername": "Nominal"}
[2026-05-27 11:30:26.187 Z] [INFO] [cadence.virtuoso.ade.simulationMonitor] - Notice from spectre during Monte Carlo analysis `mc1'.
    121 notices suppressed.
    137 warnings suppressed. {"history": "MonteCarlo.0", "point": 20, "testname": "DC_MC", "cornername": "Nominal"}
[2026-05-27 11:30:26.188 Z] [INFO] [cadence.virtuoso.ade.simulationMonitor] - Notice from spectre at VDD = 20e-03 during DC analysis `dc', during Monte Carlo analysis `mc1'.
    GminDC = 1 pS is large enough to noticeably affect the DC solution.
        dV(I0.3\:Vo2) = 1.40642 mV
        Use the `gmin_check' option to eliminate or expand this report. {"history": "MonteCarlo.0", "point": 20, "testname": "DC_MC", "cornername": "Nominal"}
[2026-05-27 11:30:26.189 Z] [INFO] [cadence.virtuoso.ade.simulationMonitor] - Notice from spectre at VDD = 40e-03 during DC analysis `dc', during Monte Carlo analysis `mc1'.
    GminDC = 1 pS is large enough to noticeably affect the DC solution.
        dV(I0.3\:Vo2) = 2.60378 mV
        Use the `gmin_check' option to eliminate or expand this report. {"history": "MonteCarlo.0", "point": 20, "testname": "DC_MC", "cornername": "Nominal"}
[2026-05-27 11:30:26.189 Z] [INFO] [cadence.virtuoso.ade.simulationMonitor] - Notice from spectre at VDD = 60e-03 during DC analysis `dc', during Monte Carlo analysis `mc1'.
    GminDC = 1 pS is large enough to noticeably affect the DC solution.
        dV(I0.3\:Vo2) = 3.52256 mV
        Use the `gmin_check' option to eliminate or expand this report. {"history": "MonteCarlo.0", "point": 20, "testname": "DC_MC", "cornername": "Nominal"}
[2026-05-27 11:30:26.189 Z] [INFO] [cadence.virtuoso.ade.simulationMonitor] - Notice from spectre at VDD = 80e-03 during DC analysis `dc', during Monte Carlo analysis `mc1'.
    GminDC = 1 pS is large enough to noticeably affect the DC solution.
        dV(I0.3\:Vo2) = 4.12976 mV
        Use the `gmin_check' option to eliminate or expand this report. {"history": "MonteCarlo.0", "point": 20, "testname": "DC_MC", "cornername": "Nominal"}
[2026-05-27 11:30:26.190 Z] [INFO] [cadence.virtuoso.ade.simulationMonitor] - Notice from spectre at VDD = 100e-03 during DC analysis `dc', during Monte Carlo analysis `mc1'.
    GminDC = 1 pS is large enough to noticeably affect the DC solution.
        Further occurrences of this notice will be suppressed.
        dV(I0.3\:Vo2) = 4.44746 mV
        Further occurrences of this notice will be suppressed.
        Use the `gmin_check' option to eliminate or expand this report.
        Further occurrences of this notice will be suppressed. {"history": "MonteCarlo.0", "point": 20, "testname": "DC_MC", "cornername": "Nominal"}
[2026-05-27 11:30:28.694 Z] [WARN] [cadence.virtuoso.ade.simulationMonitor] -     WARNING (CMI-2943): Parameter checks have been ignored because the valid value for parameter 'trise' could not be found in 'C0'. {"history": "MonteCarlo.0", "point": 20, "testname": "DC_MC", "cornername": "Nominal"}
[2026-05-27 11:30:28.694 Z] [WARN] [cadence.virtuoso.ade.simulationMonitor] -     WARNING (CMI-2943): Parameter checks have been ignored because the valid value for parameter 'trise' could not be found in 'I0.R44.CM'. {"history": "MonteCarlo.0", "point": 20, "testname": "DC_MC", "cornername": "Nominal"}
[2026-05-27 11:30:28.695 Z] [WARN] [cadence.virtuoso.ade.simulationMonitor] -     WARNING (CMI-2943): Parameter checks have been ignored because the valid value for parameter 'trise' could not be found in 'I0.R44.CS1'. {"history": "MonteCarlo.0", "point": 20, "testname": "DC_MC", "cornername": "Nominal"}
[2026-05-27 11:30:28.695 Z] [WARN] [cadence.virtuoso.ade.simulationMonitor] -     WARNING (CMI-2943): Parameter checks have been ignored because the valid value for parameter 'trise' could not be found in 'I0.R44.CS0'. {"history": "MonteCarlo.0", "point": 20, "testname": "DC_MC", "cornername": "Nominal"}
[2026-05-27 11:30:28.695 Z] [WARN] [cadence.virtuoso.ade.simulationMonitor] -     WARNING (CMI-2943): Parameter checks have been ignored because the valid value for parameter 'trise' could not be found in 'I0.R23.CM'.
        Further occurrences of this warning will be suppressed. {"history": "MonteCarlo.0", "point": 20, "testname": "DC_MC", "cornername": "Nominal"}
[2026-05-27 11:30:28.696 Z] [INFO] [cadence.virtuoso.ade.simulationMonitor] - Notice from spectre at VDD = 3.3 during DC analysis `dc', during Monte Carlo analysis `mc1'.
    The value of parameter 'VDD' has been reset to the original value 3.3. {"history": "MonteCarlo.0", "point": 20, "testname": "DC_MC", "cornername": "Nominal"}
[2026-05-27 11:30:28.696 Z] [INFO] [cadence.virtuoso.ade.simulationMonitor] - Total time required for dc analysis `dc': CPU = 2.4532 s, elapsed = 2.43378 s, util. = 101%. {"history": "MonteCarlo.0", "point": 20, "testname": "DC_MC", "cornername": "Nominal"}
[2026-05-27 11:30:28.697 Z] [INFO] [cadence.virtuoso.ade.simulationMonitor] - Peak resident memory used = 281 Mbytes. {"history": "MonteCarlo.0", "point": 20, "testname": "DC_MC", "cornername": "Nominal"}
[2026-05-27 11:30:28.697 Z] [INFO] [cadence.virtuoso.ade.simulationMonitor] - Notice from spectre during Monte Carlo analysis `mc1'.
    57 notices suppressed.
    137 warnings suppressed. {"history": "MonteCarlo.0", "point": 20, "testname": "DC_MC", "cornername": "Nominal"}
[2026-05-27 11:30:29.198 Z] [INFO] [cadence.virtuoso.ade.simulationMonitor] - Notice from spectre at freq = 0 Hz during DC analysis, during XF analysis `xf', during Monte Carlo analysis `mc1'.
    Bad pivoting is found during DC analysis. Option dc_pivot_check=yes is recommended for possible improvement of convergence. {"history": "MonteCarlo.0", "point": 20, "testname": "DC_MC", "cornername": "Nominal"}
[2026-05-27 11:30:29.199 Z] [WARN] [cadence.virtuoso.ade.simulationMonitor] -     WARNING (CMI-2943): Parameter checks have been ignored because the valid value for parameter 'trise' could not be found in 'C0'. {"history": "MonteCarlo.0", "point": 20, "testname": "DC_MC", "cornername": "Nominal"}
[2026-05-27 11:30:29.199 Z] [WARN] [cadence.virtuoso.ade.simulationMonitor] -     WARNING (CMI-2943): Parameter checks have been ignored because the valid value for parameter 'trise' could not be found in 'I0.R44.CM'. {"history": "MonteCarlo.0", "point": 20, "testname": "DC_MC", "cornername": "Nominal"}
[2026-05-27 11:30:29.199 Z] [WARN] [cadence.virtuoso.ade.simulationMonitor] -     WARNING (CMI-2943): Parameter checks have been ignored because the valid value for parameter 'trise' could not be found in 'I0.R44.CS1'. {"history": "MonteCarlo.0", "point": 20, "testname": "DC_MC", "cornername": "Nominal"}
[2026-05-27 11:30:29.200 Z] [WARN] [cadence.virtuoso.ade.simulationMonitor] -     WARNING (CMI-2943): Parameter checks have been ignored because the valid value for parameter 'trise' could not be found in 'I0.R44.CS0'. {"history": "MonteCarlo.0", "point": 20, "testname": "DC_MC", "cornername": "Nominal"}
[2026-05-27 11:30:29.200 Z] [WARN] [cadence.virtuoso.ade.simulationMonitor] -     WARNING (CMI-2943): Parameter checks have been ignored because the valid value for parameter 'trise' could not be found in 'I0.R23.CM'.
        Further occurrences of this warning will be suppressed. {"history": "MonteCarlo.0", "point": 20, "testname": "DC_MC", "cornername": "Nominal"}
[2026-05-27 11:30:29.201 Z] [INFO] [cadence.virtuoso.ade.simulationMonitor] - Total time required for xf analysis `xf': CPU = 840.479 ms, elapsed = 478.627 ms, util. = 176%. {"history": "MonteCarlo.0", "point": 20, "testname": "DC_MC", "cornername": "Nominal"}
[2026-05-27 11:30:29.201 Z] [INFO] [cadence.virtuoso.ade.simulationMonitor] - Peak resident memory used = 282 Mbytes. {"history": "MonteCarlo.0", "point": 20, "testname": "DC_MC", "cornername": "Nominal"}
[2026-05-27 11:30:29.202 Z] [INFO] [cadence.virtuoso.ade.simulationMonitor] - Notice from spectre during XF analysis `xf', during Monte Carlo analysis `mc1'.
    137 warnings suppressed. {"history": "MonteCarlo.0", "point": 20, "testname": "DC_MC", "cornername": "Nominal"}
[2026-05-27 11:30:29.203 Z] [PROCESS] [cadence.virtuoso.ade.simulationMonitor] - Finished simulating for one iteration {"hostname": "il2244vt26_hrahimi", "processid": 290031, "history": "MonteCarlo.0", "testname": "DC_MC", "cornername": "Nominal", "point": 20, "logfile": "/home/hrahimi/projects/POTENTIOSTAT_26/logs_hrahimi/logs0/Job34.log", "simid": "1"}
[2026-05-27 11:30:29.204 Z] [PROCESS] [cadence.virtuoso.ade.simulationMonitor] - Started Simulation {"hostname": "il2244vt26_hrahimi", "processid": 290031, "history": "MonteCarlo.0", "testname": "DC_MC", "cornername": "Nominal", "point": 21, "logfile": "/home/hrahimi/projects/POTENTIOSTAT_26/logs_hrahimi/logs0/Job34.log", "event": "started", "task": "simulation"}
[2026-05-27 11:30:29.704 Z] [INFO] [cadence.virtuoso.ade.simulationMonitor] - Notice from spectre in `vert10':`I0.Q3(30)', in `fecg_bandgap3_layout':`I0', during Monte Carlo analysis `mc1'.
    I0.Q3(30).bjtinsub: `minr' has the unusually small value of 10 fOhm. {"history": "MonteCarlo.0", "point": 21, "testname": "DC_MC", "cornername": "Nominal"}
[2026-05-27 11:30:29.705 Z] [INFO] [cadence.virtuoso.ade.simulationMonitor] - Notice from spectre in `vert10':`I0.Q3(29)', in `fecg_bandgap3_layout':`I0', during Monte Carlo analysis `mc1'.
    I0.Q3(29).bjtinsub: `minr' has the unusually small value of 10 fOhm. {"history": "MonteCarlo.0", "point": 21, "testname": "DC_MC", "cornername": "Nominal"}
[2026-05-27 11:30:29.705 Z] [INFO] [cadence.virtuoso.ade.simulationMonitor] - Notice from spectre in `vert10':`I0.Q3(28)', in `fecg_bandgap3_layout':`I0', during Monte Carlo analysis `mc1'.
    I0.Q3(28).bjtinsub: `minr' has the unusually small value of 10 fOhm. {"history": "MonteCarlo.0", "point": 21, "testname": "DC_MC", "cornername": "Nominal"}
[2026-05-27 11:30:29.706 Z] [INFO] [cadence.virtuoso.ade.simulationMonitor] - Notice from spectre in `vert10':`I0.Q3(27)', in `fecg_bandgap3_layout':`I0', during Monte Carlo analysis `mc1'.
    I0.Q3(27).bjtinsub: `minr' has the unusually small value of 10 fOhm. {"history": "MonteCarlo.0", "point": 21, "testname": "DC_MC", "cornername": "Nominal"}
[2026-05-27 11:30:29.706 Z] [INFO] [cadence.virtuoso.ade.simulationMonitor] - Notice from spectre in `vert10':`I0.Q3(26)', in `fecg_bandgap3_layout':`I0', during Monte Carlo analysis `mc1'.
    I0.Q3(26).bjtinsub: `minr' has the unusually small value of 10 fOhm.
        Further occurrences of this notice will be suppressed. {"history": "MonteCarlo.0", "point": 21, "testname": "DC_MC", "cornername": "Nominal"}
[2026-05-27 11:30:30.207 Z] [INFO] [cadence.virtuoso.ade.simulationMonitor] - Notice from spectre during DC analysis `dcOp', during Monte Carlo analysis `mc1'.
    Bad pivoting is found during DC analysis. Option dc_pivot_check=yes is recommended for possible improvement of convergence. {"history": "MonteCarlo.0", "point": 21, "testname": "DC_MC", "cornername": "Nominal"}
[2026-05-27 11:30:30.207 Z] [WARN] [cadence.virtuoso.ade.simulationMonitor] -     WARNING (CMI-2943): Parameter checks have been ignored because the valid value for parameter 'trise' could not be found in 'C0'. {"history": "MonteCarlo.0", "point": 21, "testname": "DC_MC", "cornername": "Nominal"}
[2026-05-27 11:30:30.208 Z] [WARN] [cadence.virtuoso.ade.simulationMonitor] -     WARNING (CMI-2943): Parameter checks have been ignored because the valid value for parameter 'trise' could not be found in 'I0.R44.CM'. {"history": "MonteCarlo.0", "point": 21, "testname": "DC_MC", "cornername": "Nominal"}
[2026-05-27 11:30:30.208 Z] [WARN] [cadence.virtuoso.ade.simulationMonitor] -     WARNING (CMI-2943): Parameter checks have been ignored because the valid value for parameter 'trise' could not be found in 'I0.R44.CS1'. {"history": "MonteCarlo.0", "point": 21, "testname": "DC_MC", "cornername": "Nominal"}
[2026-05-27 11:30:30.209 Z] [WARN] [cadence.virtuoso.ade.simulationMonitor] -     WARNING (CMI-2943): Parameter checks have been ignored because the valid value for parameter 'trise' could not be found in 'I0.R44.CS0'. {"history": "MonteCarlo.0", "point": 21, "testname": "DC_MC", "cornername": "Nominal"}
[2026-05-27 11:30:30.209 Z] [WARN] [cadence.virtuoso.ade.simulationMonitor] -     WARNING (CMI-2943): Parameter checks have been ignored because the valid value for parameter 'trise' could not be found in 'I0.R23.CM'.
        Further occurrences of this warning will be suppressed. {"history": "MonteCarlo.0", "point": 21, "testname": "DC_MC", "cornername": "Nominal"}
[2026-05-27 11:30:30.210 Z] [INFO] [cadence.virtuoso.ade.simulationMonitor] - Total time required for dc analysis `dcOp': CPU = 673.211 ms, elapsed = 524.283 ms, util. = 128%. {"history": "MonteCarlo.0", "point": 21, "testname": "DC_MC", "cornername": "Nominal"}
[2026-05-27 11:30:30.210 Z] [INFO] [cadence.virtuoso.ade.simulationMonitor] - Peak resident memory used = 283 Mbytes. {"history": "MonteCarlo.0", "point": 21, "testname": "DC_MC", "cornername": "Nominal"}
[2026-05-27 11:30:30.210 Z] [INFO] [cadence.virtuoso.ade.simulationMonitor] - Notice from spectre during Monte Carlo analysis `mc1'.
    58 notices suppressed.
    137 warnings suppressed. {"history": "MonteCarlo.0", "point": 21, "testname": "DC_MC", "cornername": "Nominal"}
[2026-05-27 11:30:30.711 Z] [INFO] [cadence.virtuoso.ade.simulationMonitor] - Notice from spectre at VDD = 20e-03 during DC analysis `dc', during Monte Carlo analysis `mc1'.
    GminDC = 1 pS is large enough to noticeably affect the DC solution.
        dV(I0.10\:S2) = 1.27402 mV
        Use the `gmin_check' option to eliminate or expand this report. {"history": "MonteCarlo.0", "point": 21, "testname": "DC_MC", "cornername": "Nominal"}
[2026-05-27 11:30:30.720 Z] [INFO] [cadence.virtuoso.ade.simulationMonitor] - Notice from spectre at VDD = 40e-03 during DC analysis `dc', during Monte Carlo analysis `mc1'.
    GminDC = 1 pS is large enough to noticeably affect the DC solution.
        dV(I0.10\:S2) = 2.72538 mV
        Use the `gmin_check' option to eliminate or expand this report. {"history": "MonteCarlo.0", "point": 21, "testname": "DC_MC", "cornername": "Nominal"}
[2026-05-27 11:30:30.720 Z] [INFO] [cadence.virtuoso.ade.simulationMonitor] - Notice from spectre at VDD = 60e-03 during DC analysis `dc', during Monte Carlo analysis `mc1'.
    GminDC = 1 pS is large enough to noticeably affect the DC solution.
        dV(I0.10\:S2) = 4.34991 mV
        Use the `gmin_check' option to eliminate or expand this report. {"history": "MonteCarlo.0", "point": 21, "testname": "DC_MC", "cornername": "Nominal"}
[2026-05-27 11:30:30.721 Z] [INFO] [cadence.virtuoso.ade.simulationMonitor] - Notice from spectre at VDD = 80e-03 during DC analysis `dc', during Monte Carlo analysis `mc1'.
    GminDC = 1 pS is large enough to noticeably affect the DC solution.
        dV(I0.10\:S2) = 6.13845 mV
        Use the `gmin_check' option to eliminate or expand this report. {"history": "MonteCarlo.0", "point": 21, "testname": "DC_MC", "cornername": "Nominal"}
[2026-05-27 11:30:30.721 Z] [INFO] [cadence.virtuoso.ade.simulationMonitor] - Notice from spectre at VDD = 100e-03 during DC analysis `dc', during Monte Carlo analysis `mc1'.
    GminDC = 1 pS is large enough to noticeably affect the DC solution.
        Further occurrences of this notice will be suppressed.
        dV(I0.10\:S2) = 8.07885 mV
        Further occurrences of this notice will be suppressed.
        Use the `gmin_check' option to eliminate or expand this report.
        Further occurrences of this notice will be suppressed. {"history": "MonteCarlo.0", "point": 21, "testname": "DC_MC", "cornername": "Nominal"}
[2026-05-27 11:30:32.725 Z] [WARN] [cadence.virtuoso.ade.simulationMonitor] -     WARNING (CMI-2943): Parameter checks have been ignored because the valid value for parameter 'trise' could not be found in 'C0'. {"history": "MonteCarlo.0", "point": 21, "testname": "DC_MC", "cornername": "Nominal"}
[2026-05-27 11:30:32.725 Z] [WARN] [cadence.virtuoso.ade.simulationMonitor] -     WARNING (CMI-2943): Parameter checks have been ignored because the valid value for parameter 'trise' could not be found in 'I0.R44.CM'. {"history": "MonteCarlo.0", "point": 21, "testname": "DC_MC", "cornername": "Nominal"}
[2026-05-27 11:30:32.726 Z] [WARN] [cadence.virtuoso.ade.simulationMonitor] -     WARNING (CMI-2943): Parameter checks have been ignored because the valid value for parameter 'trise' could not be found in 'I0.R44.CS1'. {"history": "MonteCarlo.0", "point": 21, "testname": "DC_MC", "cornername": "Nominal"}
[2026-05-27 11:30:32.726 Z] [WARN] [cadence.virtuoso.ade.simulationMonitor] -     WARNING (CMI-2943): Parameter checks have been ignored because the valid value for parameter 'trise' could not be found in 'I0.R44.CS0'. {"history": "MonteCarlo.0", "point": 21, "testname": "DC_MC", "cornername": "Nominal"}
[2026-05-27 11:30:32.727 Z] [WARN] [cadence.virtuoso.ade.simulationMonitor] -     WARNING (CMI-2943): Parameter checks have been ignored because the valid value for parameter 'trise' could not be found in 'I0.R23.CM'.
        Further occurrences of this warning will be suppressed. {"history": "MonteCarlo.0", "point": 21, "testname": "DC_MC", "cornername": "Nominal"}
[2026-05-27 11:30:32.727 Z] [INFO] [cadence.virtuoso.ade.simulationMonitor] - Notice from spectre at VDD = 3.3 during DC analysis `dc', during Monte Carlo analysis `mc1'.
    The value of parameter 'VDD' has been reset to the original value 3.3. {"history": "MonteCarlo.0", "point": 21, "testname": "DC_MC", "cornername": "Nominal"}
[2026-05-27 11:30:32.727 Z] [INFO] [cadence.virtuoso.ade.simulationMonitor] - Total time required for dc analysis `dc': CPU = 2.31387 s, elapsed = 2.48584 s, util. = 93.1%. {"history": "MonteCarlo.0", "point": 21, "testname": "DC_MC", "cornername": "Nominal"}
[2026-05-27 11:30:32.727 Z] [INFO] [cadence.virtuoso.ade.simulationMonitor] - Peak resident memory used = 283 Mbytes. {"history": "MonteCarlo.0", "point": 21, "testname": "DC_MC", "cornername": "Nominal"}
[2026-05-27 11:30:32.728 Z] [INFO] [cadence.virtuoso.ade.simulationMonitor] - Notice from spectre during Monte Carlo analysis `mc1'.
    54 notices suppressed.
    137 warnings suppressed. {"history": "MonteCarlo.0", "point": 21, "testname": "DC_MC", "cornername": "Nominal"}
[2026-05-27 11:30:33.729 Z] [INFO] [cadence.virtuoso.ade.simulationMonitor] - Notice from spectre at freq = 0 Hz during DC analysis, during XF analysis `xf', during Monte Carlo analysis `mc1'.
    Bad pivoting is found during DC analysis. Option dc_pivot_check=yes is recommended for possible improvement of convergence. {"history": "MonteCarlo.0", "point": 21, "testname": "DC_MC", "cornername": "Nominal"}
[2026-05-27 11:30:33.729 Z] [WARN] [cadence.virtuoso.ade.simulationMonitor] -     WARNING (CMI-2943): Parameter checks have been ignored because the valid value for parameter 'trise' could not be found in 'C0'. {"history": "MonteCarlo.0", "point": 21, "testname": "DC_MC", "cornername": "Nominal"}
[2026-05-27 11:30:33.729 Z] [WARN] [cadence.virtuoso.ade.simulationMonitor] -     WARNING (CMI-2943): Parameter checks have been ignored because the valid value for parameter 'trise' could not be found in 'I0.R44.CM'. {"history": "MonteCarlo.0", "point": 21, "testname": "DC_MC", "cornername": "Nominal"}
[2026-05-27 11:30:33.731 Z] [WARN] [cadence.virtuoso.ade.simulationMonitor] -     WARNING (CMI-2943): Parameter checks have been ignored because the valid value for parameter 'trise' could not be found in 'I0.R44.CS1'. {"history": "MonteCarlo.0", "point": 21, "testname": "DC_MC", "cornername": "Nominal"}
[2026-05-27 11:30:33.731 Z] [WARN] [cadence.virtuoso.ade.simulationMonitor] -     WARNING (CMI-2943): Parameter checks have been ignored because the valid value for parameter 'trise' could not be found in 'I0.R44.CS0'. {"history": "MonteCarlo.0", "point": 21, "testname": "DC_MC", "cornername": "Nominal"}
[2026-05-27 11:30:33.732 Z] [WARN] [cadence.virtuoso.ade.simulationMonitor] -     WARNING (CMI-2943): Parameter checks have been ignored because the valid value for parameter 'trise' could not be found in 'I0.R23.CM'.
        Further occurrences of this warning will be suppressed. {"history": "MonteCarlo.0", "point": 21, "testname": "DC_MC", "cornername": "Nominal"}
[2026-05-27 11:30:34.233 Z] [INFO] [cadence.virtuoso.ade.simulationMonitor] - Total time required for xf analysis `xf': CPU = 1.24263 s, elapsed = 844.196 ms, util. = 147%. {"history": "MonteCarlo.0", "point": 21, "testname": "DC_MC", "cornername": "Nominal"}
[2026-05-27 11:30:34.234 Z] [INFO] [cadence.virtuoso.ade.simulationMonitor] - Peak resident memory used = 284 Mbytes. {"history": "MonteCarlo.0", "point": 21, "testname": "DC_MC", "cornername": "Nominal"}
[2026-05-27 11:30:34.234 Z] [INFO] [cadence.virtuoso.ade.simulationMonitor] - Notice from spectre during XF analysis `xf', during Monte Carlo analysis `mc1'.
    137 warnings suppressed. {"history": "MonteCarlo.0", "point": 21, "testname": "DC_MC", "cornername": "Nominal"}
[2026-05-27 11:30:34.235 Z] [INFO] [cadence.virtuoso.ade.simulationMonitor] - Notice from spectre in `vert10':`I0.Q3(30)', in `fecg_bandgap3_layout':`I0', during Monte Carlo analysis `mc1'.
    I0.Q3(30).bjtinsub: `rbm' has the unusually small value of 976.053 mOhm.
    I0.Q3(30).bjtinsub: `minr' has the unusually small value of 10 fOhm. {"history": "MonteCarlo.0", "point": 21, "testname": "DC_MC", "cornername": "Nominal"}
[2026-05-27 11:30:34.235 Z] [INFO] [cadence.virtuoso.ade.simulationMonitor] - Notice from spectre in `vert10':`I0.Q3(29)', in `fecg_bandgap3_layout':`I0', during Monte Carlo analysis `mc1'.
    I0.Q3(29).bjtinsub: `rbm' has the unusually small value of 976.053 mOhm.
    I0.Q3(29).bjtinsub: `minr' has the unusually small value of 10 fOhm. {"history": "MonteCarlo.0", "point": 21, "testname": "DC_MC", "cornername": "Nominal"}
[2026-05-27 11:30:34.235 Z] [INFO] [cadence.virtuoso.ade.simulationMonitor] - Notice from spectre in `vert10':`I0.Q3(28)', in `fecg_bandgap3_layout':`I0', during Monte Carlo analysis `mc1'.
    I0.Q3(28).bjtinsub: `rbm' has the unusually small value of 976.053 mOhm.
        Further occurrences of this notice will be suppressed. {"history": "MonteCarlo.0", "point": 21, "testname": "DC_MC", "cornername": "Nominal"}
[2026-05-27 11:30:34.236 Z] [PROCESS] [cadence.virtuoso.ade.simulationMonitor] - Finished simulating for one iteration {"hostname": "il2244vt26_hrahimi", "processid": 290031, "history": "MonteCarlo.0", "testname": "DC_MC", "cornername": "Nominal", "point": 21, "logfile": "/home/hrahimi/projects/POTENTIOSTAT_26/logs_hrahimi/logs0/Job34.log", "simid": "1"}
[2026-05-27 11:30:34.236 Z] [PROCESS] [cadence.virtuoso.ade.simulationMonitor] - Started Simulation {"hostname": "il2244vt26_hrahimi", "processid": 290031, "history": "MonteCarlo.0", "testname": "DC_MC", "cornername": "Nominal", "point": 22, "logfile": "/home/hrahimi/projects/POTENTIOSTAT_26/logs_hrahimi/logs0/Job34.log", "event": "started", "task": "simulation"}
[2026-05-27 11:30:35.738 Z] [INFO] [cadence.virtuoso.ade.simulationMonitor] - Notice from spectre during DC analysis `dcOp', during Monte Carlo analysis `mc1'.
    Bad pivoting is found during DC analysis. Option dc_pivot_check=yes is recommended for possible improvement of convergence. {"history": "MonteCarlo.0", "point": 22, "testname": "DC_MC", "cornername": "Nominal"}
[2026-05-27 11:30:35.738 Z] [WARN] [cadence.virtuoso.ade.simulationMonitor] -     WARNING (CMI-2943): Parameter checks have been ignored because the valid value for parameter 'trise' could not be found in 'C0'. {"history": "MonteCarlo.0", "point": 22, "testname": "DC_MC", "cornername": "Nominal"}
[2026-05-27 11:30:35.738 Z] [WARN] [cadence.virtuoso.ade.simulationMonitor] -     WARNING (CMI-2943): Parameter checks have been ignored because the valid value for parameter 'trise' could not be found in 'I0.R44.CM'. {"history": "MonteCarlo.0", "point": 22, "testname": "DC_MC", "cornername": "Nominal"}
[2026-05-27 11:30:35.739 Z] [WARN] [cadence.virtuoso.ade.simulationMonitor] -     WARNING (CMI-2943): Parameter checks have been ignored because the valid value for parameter 'trise' could not be found in 'I0.R44.CS1'. {"history": "MonteCarlo.0", "point": 22, "testname": "DC_MC", "cornername": "Nominal"}
[2026-05-27 11:30:35.740 Z] [WARN] [cadence.virtuoso.ade.simulationMonitor] -     WARNING (CMI-2943): Parameter checks have been ignored because the valid value for parameter 'trise' could not be found in 'I0.R44.CS0'. {"history": "MonteCarlo.0", "point": 22, "testname": "DC_MC", "cornername": "Nominal"}
[2026-05-27 11:30:35.740 Z] [WARN] [cadence.virtuoso.ade.simulationMonitor] -     WARNING (CMI-2943): Parameter checks have been ignored because the valid value for parameter 'trise' could not be found in 'I0.R23.CM'.
        Further occurrences of this warning will be suppressed. {"history": "MonteCarlo.0", "point": 22, "testname": "DC_MC", "cornername": "Nominal"}
[2026-05-27 11:30:35.741 Z] [INFO] [cadence.virtuoso.ade.simulationMonitor] - Total time required for dc analysis `dcOp': CPU = 626.21 ms, elapsed = 903.894 ms, util. = 69.3%. {"history": "MonteCarlo.0", "point": 22, "testname": "DC_MC", "cornername": "Nominal"}
[2026-05-27 11:30:35.741 Z] [INFO] [cadence.virtuoso.ade.simulationMonitor] - Peak resident memory used = 285 Mbytes. {"history": "MonteCarlo.0", "point": 22, "testname": "DC_MC", "cornername": "Nominal"}
[2026-05-27 11:30:35.741 Z] [INFO] [cadence.virtuoso.ade.simulationMonitor] - Notice from spectre during Monte Carlo analysis `mc1'.
    121 notices suppressed.
    137 warnings suppressed. {"history": "MonteCarlo.0", "point": 22, "testname": "DC_MC", "cornername": "Nominal"}
[2026-05-27 11:30:35.742 Z] [INFO] [cadence.virtuoso.ade.simulationMonitor] - Notice from spectre at VDD = 20e-03 during DC analysis `dc', during Monte Carlo analysis `mc1'.
    GminDC = 1 pS is large enough to noticeably affect the DC solution.
        dV(I0.10\:S2) = 2.62193 mV
        Use the `gmin_check' option to eliminate or expand this report. {"history": "MonteCarlo.0", "point": 22, "testname": "DC_MC", "cornername": "Nominal"}
[2026-05-27 11:30:35.743 Z] [INFO] [cadence.virtuoso.ade.simulationMonitor] - Notice from spectre at VDD = 40e-03 during DC analysis `dc', during Monte Carlo analysis `mc1'.
    GminDC = 1 pS is large enough to noticeably affect the DC solution.
        dV(I0.10\:S2) = 5.26416 mV
        Use the `gmin_check' option to eliminate or expand this report. {"history": "MonteCarlo.0", "point": 22, "testname": "DC_MC", "cornername": "Nominal"}
[2026-05-27 11:30:36.243 Z] [INFO] [cadence.virtuoso.ade.simulationMonitor] - Notice from spectre at VDD = 60e-03 during DC analysis `dc', during Monte Carlo analysis `mc1'.
    GminDC = 1 pS is large enough to noticeably affect the DC solution.
        dV(I0.10\:S2) = 7.91982 mV
        Use the `gmin_check' option to eliminate or expand this report. {"history": "MonteCarlo.0", "point": 22, "testname": "DC_MC", "cornername": "Nominal"}
[2026-05-27 11:30:36.244 Z] [INFO] [cadence.virtuoso.ade.simulationMonitor] - Notice from spectre at VDD = 80e-03 during DC analysis `dc', during Monte Carlo analysis `mc1'.
    GminDC = 1 pS is large enough to noticeably affect the DC solution.
        dV(I0.10\:S2) = 10.582 mV
        Use the `gmin_check' option to eliminate or expand this report. {"history": "MonteCarlo.0", "point": 22, "testname": "DC_MC", "cornername": "Nominal"}
[2026-05-27 11:30:36.245 Z] [INFO] [cadence.virtuoso.ade.simulationMonitor] - Notice from spectre at VDD = 100e-03 during DC analysis `dc', during Monte Carlo analysis `mc1'.
    GminDC = 1 pS is large enough to noticeably affect the DC solution.
        Further occurrences of this notice will be suppressed.
        dV(I0.10\:S2) = 13.2538 mV
        Further occurrences of this notice will be suppressed.
        Use the `gmin_check' option to eliminate or expand this report.
        Further occurrences of this notice will be suppressed. {"history": "MonteCarlo.0", "point": 22, "testname": "DC_MC", "cornername": "Nominal"}
[2026-05-27 11:30:37.246 Z] [INFO] [cadence.virtuoso.ade.simulationMonitor] - Notice from spectre at VDD = 1.18 during DC analysis `dc', during Monte Carlo analysis `mc1'.
    Bad pivoting is found during DC analysis. Option dc_pivot_check=yes is recommended for possible improvement of convergence. {"history": "MonteCarlo.0", "point": 22, "testname": "DC_MC", "cornername": "Nominal"}
[2026-05-27 11:30:37.247 Z] [INFO] [cadence.virtuoso.ade.simulationMonitor] - Notice from spectre at VDD = 1.2 during DC analysis `dc', during Monte Carlo analysis `mc1'.
    Bad pivoting is found during DC analysis. Option dc_pivot_check=yes is recommended for possible improvement of convergence. {"history": "MonteCarlo.0", "point": 22, "testname": "DC_MC", "cornername": "Nominal"}
[2026-05-27 11:30:37.248 Z] [INFO] [cadence.virtuoso.ade.simulationMonitor] - Notice from spectre at VDD = 1.22 during DC analysis `dc', during Monte Carlo analysis `mc1'.
    Bad pivoting is found during DC analysis. Option dc_pivot_check=yes is recommended for possible improvement of convergence. {"history": "MonteCarlo.0", "point": 22, "testname": "DC_MC", "cornername": "Nominal"}
[2026-05-27 11:30:37.248 Z] [INFO] [cadence.virtuoso.ade.simulationMonitor] - Notice from spectre at VDD = 1.24 during DC analysis `dc', during Monte Carlo analysis `mc1'.
    Bad pivoting is found during DC analysis. Option dc_pivot_check=yes is recommended for possible improvement of convergence. {"history": "MonteCarlo.0", "point": 22, "testname": "DC_MC", "cornername": "Nominal"}
[2026-05-27 11:30:37.248 Z] [INFO] [cadence.virtuoso.ade.simulationMonitor] - Notice from spectre at VDD = 1.26 during DC analysis `dc', during Monte Carlo analysis `mc1'.
    Bad pivoting is found during DC analysis. Option dc_pivot_check=yes is recommended for possible improvement of convergence.
        Further occurrences of this notice will be suppressed. {"history": "MonteCarlo.0", "point": 22, "testname": "DC_MC", "cornername": "Nominal"}
[2026-05-27 11:30:38.752 Z] [WARN] [cadence.virtuoso.ade.simulationMonitor] -     WARNING (CMI-2943): Parameter checks have been ignored because the valid value for parameter 'trise' could not be found in 'C0'. {"history": "MonteCarlo.0", "point": 22, "testname": "DC_MC", "cornername": "Nominal"}
[2026-05-27 11:30:38.753 Z] [WARN] [cadence.virtuoso.ade.simulationMonitor] -     WARNING (CMI-2943): Parameter checks have been ignored because the valid value for parameter 'trise' could not be found in 'I0.R44.CM'. {"history": "MonteCarlo.0", "point": 22, "testname": "DC_MC", "cornername": "Nominal"}
[2026-05-27 11:30:38.753 Z] [WARN] [cadence.virtuoso.ade.simulationMonitor] -     WARNING (CMI-2943): Parameter checks have been ignored because the valid value for parameter 'trise' could not be found in 'I0.R44.CS1'. {"history": "MonteCarlo.0", "point": 22, "testname": "DC_MC", "cornername": "Nominal"}
[2026-05-27 11:30:38.754 Z] [WARN] [cadence.virtuoso.ade.simulationMonitor] -     WARNING (CMI-2943): Parameter checks have been ignored because the valid value for parameter 'trise' could not be found in 'I0.R44.CS0'. {"history": "MonteCarlo.0", "point": 22, "testname": "DC_MC", "cornername": "Nominal"}
[2026-05-27 11:30:38.755 Z] [WARN] [cadence.virtuoso.ade.simulationMonitor] -     WARNING (CMI-2943): Parameter checks have been ignored because the valid value for parameter 'trise' could not be found in 'I0.R23.CM'.
        Further occurrences of this warning will be suppressed. {"history": "MonteCarlo.0", "point": 22, "testname": "DC_MC", "cornername": "Nominal"}
[2026-05-27 11:30:38.755 Z] [INFO] [cadence.virtuoso.ade.simulationMonitor] - Notice from spectre at VDD = 3.3 during DC analysis `dc', during Monte Carlo analysis `mc1'.
    The value of parameter 'VDD' has been reset to the original value 3.3. {"history": "MonteCarlo.0", "point": 22, "testname": "DC_MC", "cornername": "Nominal"}
[2026-05-27 11:30:38.756 Z] [INFO] [cadence.virtuoso.ade.simulationMonitor] - Total time required for dc analysis `dc': CPU = 2.43428 s, elapsed = 2.99173 s, util. = 81.4%. {"history": "MonteCarlo.0", "point": 22, "testname": "DC_MC", "cornername": "Nominal"}
[2026-05-27 11:30:38.757 Z] [INFO] [cadence.virtuoso.ade.simulationMonitor] - Peak resident memory used = 285 Mbytes. {"history": "MonteCarlo.0", "point": 22, "testname": "DC_MC", "cornername": "Nominal"}
[2026-05-27 11:30:38.757 Z] [INFO] [cadence.virtuoso.ade.simulationMonitor] - Notice from spectre during Monte Carlo analysis `mc1'.
    159 notices suppressed.
    137 warnings suppressed. {"history": "MonteCarlo.0", "point": 22, "testname": "DC_MC", "cornername": "Nominal"}
[2026-05-27 11:30:39.258 Z] [INFO] [cadence.virtuoso.ade.simulationMonitor] - Notice from spectre at freq = 0 Hz during DC analysis, during XF analysis `xf', during Monte Carlo analysis `mc1'.
    Bad pivoting is found during DC analysis. Option dc_pivot_check=yes is recommended for possible improvement of convergence. {"history": "MonteCarlo.0", "point": 22, "testname": "DC_MC", "cornername": "Nominal"}
[2026-05-27 11:30:39.258 Z] [WARN] [cadence.virtuoso.ade.simulationMonitor] -     WARNING (CMI-2943): Parameter checks have been ignored because the valid value for parameter 'trise' could not be found in 'C0'. {"history": "MonteCarlo.0", "point": 22, "testname": "DC_MC", "cornername": "Nominal"}
[2026-05-27 11:30:39.259 Z] [WARN] [cadence.virtuoso.ade.simulationMonitor] -     WARNING (CMI-2943): Parameter checks have been ignored because the valid value for parameter 'trise' could not be found in 'I0.R44.CM'. {"history": "MonteCarlo.0", "point": 22, "testname": "DC_MC", "cornername": "Nominal"}
[2026-05-27 11:30:39.259 Z] [WARN] [cadence.virtuoso.ade.simulationMonitor] -     WARNING (CMI-2943): Parameter checks have been ignored because the valid value for parameter 'trise' could not be found in 'I0.R44.CS1'. {"history": "MonteCarlo.0", "point": 22, "testname": "DC_MC", "cornername": "Nominal"}
[2026-05-27 11:30:39.259 Z] [WARN] [cadence.virtuoso.ade.simulationMonitor] -     WARNING (CMI-2943): Parameter checks have been ignored because the valid value for parameter 'trise' could not be found in 'I0.R44.CS0'. {"history": "MonteCarlo.0", "point": 22, "testname": "DC_MC", "cornername": "Nominal"}
[2026-05-27 11:30:39.260 Z] [WARN] [cadence.virtuoso.ade.simulationMonitor] -     WARNING (CMI-2943): Parameter checks have been ignored because the valid value for parameter 'trise' could not be found in 'I0.R23.CM'.
        Further occurrences of this warning will be suppressed. {"history": "MonteCarlo.0", "point": 22, "testname": "DC_MC", "cornername": "Nominal"}
[2026-05-27 11:30:39.260 Z] [WARN] [cadence.virtuoso.ade.simulationMonitor] -     WARNING (SPECTRE-17192): 
        Tolerance relaxation is used during DC simulation which may affect the accuracy of the result. This is mainly caused by the high impedance nodes in the circuit. Use the dyn_highz check to determine the high impedance nodes. Setting/assigning appropriate initial values to these nodes will usually help to improve both performance and accuracy of DC simulations. {"history": "MonteCarlo.0", "point": 22, "testname": "DC_MC", "cornername": "Nominal"}
[2026-05-27 11:30:39.761 Z] [INFO] [cadence.virtuoso.ade.simulationMonitor] - Total time required for xf analysis `xf': CPU = 944.833 ms, elapsed = 600.888 ms, util. = 157%. {"history": "MonteCarlo.0", "point": 22, "testname": "DC_MC", "cornername": "Nominal"}
[2026-05-27 11:30:39.770 Z] [INFO] [cadence.virtuoso.ade.simulationMonitor] - Peak resident memory used = 287 Mbytes. {"history": "MonteCarlo.0", "point": 22, "testname": "DC_MC", "cornername": "Nominal"}
[2026-05-27 11:30:39.776 Z] [INFO] [cadence.virtuoso.ade.simulationMonitor] - Notice from spectre during XF analysis `xf', during Monte Carlo analysis `mc1'.
    137 warnings suppressed. {"history": "MonteCarlo.0", "point": 22, "testname": "DC_MC", "cornername": "Nominal"}
[2026-05-27 11:30:39.783 Z] [INFO] [cadence.virtuoso.ade.simulationMonitor] - Notice from spectre in `vert10':`I0.Q3(30)', in `fecg_bandgap3_layout':`I0', during Monte Carlo analysis `mc1'.
    I0.Q3(30).bjtinsub: `minr' has the unusually small value of 10 fOhm. {"history": "MonteCarlo.0", "point": 22, "testname": "DC_MC", "cornername": "Nominal"}
[2026-05-27 11:30:39.801 Z] [INFO] [cadence.virtuoso.ade.simulationMonitor] - Notice from spectre in `vert10':`I0.Q3(29)', in `fecg_bandgap3_layout':`I0', during Monte Carlo analysis `mc1'.
    I0.Q3(29).bjtinsub: `minr' has the unusually small value of 10 fOhm. {"history": "MonteCarlo.0", "point": 22, "testname": "DC_MC", "cornername": "Nominal"}
[2026-05-27 11:30:39.804 Z] [INFO] [cadence.virtuoso.ade.simulationMonitor] - Notice from spectre in `vert10':`I0.Q3(28)', in `fecg_bandgap3_layout':`I0', during Monte Carlo analysis `mc1'.
    I0.Q3(28).bjtinsub: `minr' has the unusually small value of 10 fOhm. {"history": "MonteCarlo.0", "point": 22, "testname": "DC_MC", "cornername": "Nominal"}
[2026-05-27 11:30:39.823 Z] [INFO] [cadence.virtuoso.ade.simulationMonitor] - Notice from spectre in `vert10':`I0.Q3(27)', in `fecg_bandgap3_layout':`I0', during Monte Carlo analysis `mc1'.
    I0.Q3(27).bjtinsub: `minr' has the unusually small value of 10 fOhm. {"history": "MonteCarlo.0", "point": 22, "testname": "DC_MC", "cornername": "Nominal"}
[2026-05-27 11:30:39.828 Z] [INFO] [cadence.virtuoso.ade.simulationMonitor] - Notice from spectre in `vert10':`I0.Q3(26)', in `fecg_bandgap3_layout':`I0', during Monte Carlo analysis `mc1'.
    I0.Q3(26).bjtinsub: `minr' has the unusually small value of 10 fOhm.
        Further occurrences of this notice will be suppressed. {"history": "MonteCarlo.0", "point": 22, "testname": "DC_MC", "cornername": "Nominal"}
[2026-05-27 11:30:39.842 Z] [PROCESS] [cadence.virtuoso.ade.simulationMonitor] - Finished simulating for one iteration {"hostname": "il2244vt26_hrahimi", "processid": 290031, "history": "MonteCarlo.0", "testname": "DC_MC", "cornername": "Nominal", "point": 22, "logfile": "/home/hrahimi/projects/POTENTIOSTAT_26/logs_hrahimi/logs0/Job34.log", "simid": "1"}
[2026-05-27 11:30:39.854 Z] [PROCESS] [cadence.virtuoso.ade.simulationMonitor] - Started Simulation {"hostname": "il2244vt26_hrahimi", "processid": 290031, "history": "MonteCarlo.0", "testname": "DC_MC", "cornername": "Nominal", "point": 23, "logfile": "/home/hrahimi/projects/POTENTIOSTAT_26/logs_hrahimi/logs0/Job34.log", "event": "started", "task": "simulation"}
[2026-05-27 11:30:40.866 Z] [INFO] [cadence.virtuoso.ade.simulationMonitor] - Notice from spectre during DC analysis `dcOp', during Monte Carlo analysis `mc1'.
    Bad pivoting is found during DC analysis. Option dc_pivot_check=yes is recommended for possible improvement of convergence. {"history": "MonteCarlo.0", "point": 23, "testname": "DC_MC", "cornername": "Nominal"}
[2026-05-27 11:30:40.866 Z] [WARN] [cadence.virtuoso.ade.simulationMonitor] -     WARNING (CMI-2943): Parameter checks have been ignored because the valid value for parameter 'trise' could not be found in 'C0'. {"history": "MonteCarlo.0", "point": 23, "testname": "DC_MC", "cornername": "Nominal"}
[2026-05-27 11:30:40.867 Z] [WARN] [cadence.virtuoso.ade.simulationMonitor] -     WARNING (CMI-2943): Parameter checks have been ignored because the valid value for parameter 'trise' could not be found in 'I0.R44.CM'. {"history": "MonteCarlo.0", "point": 23, "testname": "DC_MC", "cornername": "Nominal"}
[2026-05-27 11:30:40.867 Z] [WARN] [cadence.virtuoso.ade.simulationMonitor] -     WARNING (CMI-2943): Parameter checks have been ignored because the valid value for parameter 'trise' could not be found in 'I0.R44.CS1'. {"history": "MonteCarlo.0", "point": 23, "testname": "DC_MC", "cornername": "Nominal"}
[2026-05-27 11:30:40.867 Z] [WARN] [cadence.virtuoso.ade.simulationMonitor] -     WARNING (CMI-2943): Parameter checks have been ignored because the valid value for parameter 'trise' could not be found in 'I0.R44.CS0'. {"history": "MonteCarlo.0", "point": 23, "testname": "DC_MC", "cornername": "Nominal"}
[2026-05-27 11:30:40.868 Z] [WARN] [cadence.virtuoso.ade.simulationMonitor] -     WARNING (CMI-2943): Parameter checks have been ignored because the valid value for parameter 'trise' could not be found in 'I0.R23.CM'.
        Further occurrences of this warning will be suppressed. {"history": "MonteCarlo.0", "point": 23, "testname": "DC_MC", "cornername": "Nominal"}
[2026-05-27 11:30:40.868 Z] [INFO] [cadence.virtuoso.ade.simulationMonitor] - Total time required for dc analysis `dcOp': CPU = 622.147 ms, elapsed = 732.917 ms, util. = 84.9%. {"history": "MonteCarlo.0", "point": 23, "testname": "DC_MC", "cornername": "Nominal"}
[2026-05-27 11:30:40.868 Z] [INFO] [cadence.virtuoso.ade.simulationMonitor] - Peak resident memory used = 288 Mbytes. {"history": "MonteCarlo.0", "point": 23, "testname": "DC_MC", "cornername": "Nominal"}
[2026-05-27 11:30:40.869 Z] [INFO] [cadence.virtuoso.ade.simulationMonitor] - Notice from spectre during Monte Carlo analysis `mc1'.
    58 notices suppressed.
    137 warnings suppressed. {"history": "MonteCarlo.0", "point": 23, "testname": "DC_MC", "cornername": "Nominal"}
[2026-05-27 11:30:40.869 Z] [INFO] [cadence.virtuoso.ade.simulationMonitor] - Notice from spectre at VDD = 0 during DC analysis `dc', during Monte Carlo analysis `mc1'.
    Bad pivoting is found during DC analysis. Option dc_pivot_check=yes is recommended for possible improvement of convergence. {"history": "MonteCarlo.0", "point": 23, "testname": "DC_MC", "cornername": "Nominal"}
[2026-05-27 11:30:40.870 Z] [INFO] [cadence.virtuoso.ade.simulationMonitor] - Notice from spectre at VDD = 20e-03 during DC analysis `dc', during Monte Carlo analysis `mc1'.
    GminDC = 1 pS is large enough to noticeably affect the DC solution.
        dV(I0.3\:Vo2) = 20.1264 uV
        Use the `gmin_check' option to eliminate or expand this report.
    Bad pivoting is found during DC analysis. Option dc_pivot_check=yes is recommended for possible improvement of convergence. {"history": "MonteCarlo.0", "point": 23, "testname": "DC_MC", "cornername": "Nominal"}
[2026-05-27 11:30:40.870 Z] [INFO] [cadence.virtuoso.ade.simulationMonitor] - Notice from spectre at VDD = 40e-03 during DC analysis `dc', during Monte Carlo analysis `mc1'.
    GminDC = 1 pS is large enough to noticeably affect the DC solution.
        dV(I0.3\:Vo2) = 42.8242 uV
        Use the `gmin_check' option to eliminate or expand this report.
    Bad pivoting is found during DC analysis. Option dc_pivot_check=yes is recommended for possible improvement of convergence. {"history": "MonteCarlo.0", "point": 23, "testname": "DC_MC", "cornername": "Nominal"}
[2026-05-27 11:30:40.870 Z] [INFO] [cadence.virtuoso.ade.simulationMonitor] - Notice from spectre at VDD = 60e-03 during DC analysis `dc', during Monte Carlo analysis `mc1'.
    GminDC = 1 pS is large enough to noticeably affect the DC solution.
        dV(I0.3\:Vo2) = 68.1803 uV
        Use the `gmin_check' option to eliminate or expand this report.
    Bad pivoting is found during DC analysis. Option dc_pivot_check=yes is recommended for possible improvement of convergence. {"history": "MonteCarlo.0", "point": 23, "testname": "DC_MC", "cornername": "Nominal"}
[2026-05-27 11:30:40.871 Z] [INFO] [cadence.virtuoso.ade.simulationMonitor] - Notice from spectre at VDD = 80e-03 during DC analysis `dc', during Monte Carlo analysis `mc1'.
    GminDC = 1 pS is large enough to noticeably affect the DC solution.
        dV(I0.3\:Vo2) = 96.2653 uV
        Use the `gmin_check' option to eliminate or expand this report.
    Bad pivoting is found during DC analysis. Option dc_pivot_check=yes is recommended for possible improvement of convergence.
        Further occurrences of this notice will be suppressed. {"history": "MonteCarlo.0", "point": 23, "testname": "DC_MC", "cornername": "Nominal"}
[2026-05-27 11:30:40.871 Z] [INFO] [cadence.virtuoso.ade.simulationMonitor] - Notice from spectre at VDD = 100e-03 during DC analysis `dc', during Monte Carlo analysis `mc1'.
    GminDC = 1 pS is large enough to noticeably affect the DC solution.
        Further occurrences of this notice will be suppressed.
        dV(I0.3\:Vo2) = 127.194 uV
        Further occurrences of this notice will be suppressed.
        Use the `gmin_check' option to eliminate or expand this report.
        Further occurrences of this notice will be suppressed. {"history": "MonteCarlo.0", "point": 23, "testname": "DC_MC", "cornername": "Nominal"}
[2026-05-27 11:30:43.374 Z] [WARN] [cadence.virtuoso.ade.simulationMonitor] -     WARNING (CMI-2943): Parameter checks have been ignored because the valid value for parameter 'trise' could not be found in 'C0'. {"history": "MonteCarlo.0", "point": 23, "testname": "DC_MC", "cornername": "Nominal"}
[2026-05-27 11:30:43.375 Z] [WARN] [cadence.virtuoso.ade.simulationMonitor] -     WARNING (CMI-2943): Parameter checks have been ignored because the valid value for parameter 'trise' could not be found in 'I0.R44.CM'. {"history": "MonteCarlo.0", "point": 23, "testname": "DC_MC", "cornername": "Nominal"}
[2026-05-27 11:30:43.375 Z] [WARN] [cadence.virtuoso.ade.simulationMonitor] -     WARNING (CMI-2943): Parameter checks have been ignored because the valid value for parameter 'trise' could not be found in 'I0.R44.CS1'. {"history": "MonteCarlo.0", "point": 23, "testname": "DC_MC", "cornername": "Nominal"}
[2026-05-27 11:30:43.375 Z] [WARN] [cadence.virtuoso.ade.simulationMonitor] -     WARNING (CMI-2943): Parameter checks have been ignored because the valid value for parameter 'trise' could not be found in 'I0.R44.CS0'. {"history": "MonteCarlo.0", "point": 23, "testname": "DC_MC", "cornername": "Nominal"}
[2026-05-27 11:30:43.376 Z] [WARN] [cadence.virtuoso.ade.simulationMonitor] -     WARNING (CMI-2943): Parameter checks have been ignored because the valid value for parameter 'trise' could not be found in 'I0.R23.CM'.
        Further occurrences of this warning will be suppressed. {"history": "MonteCarlo.0", "point": 23, "testname": "DC_MC", "cornername": "Nominal"}
[2026-05-27 11:30:43.376 Z] [INFO] [cadence.virtuoso.ade.simulationMonitor] - Notice from spectre at VDD = 3.3 during DC analysis `dc', during Monte Carlo analysis `mc1'.
    The value of parameter 'VDD' has been reset to the original value 3.3. {"history": "MonteCarlo.0", "point": 23, "testname": "DC_MC", "cornername": "Nominal"}
[2026-05-27 11:30:43.376 Z] [INFO] [cadence.virtuoso.ade.simulationMonitor] - Total time required for dc analysis `dc': CPU = 2.38141 s, elapsed = 2.57951 s, util. = 92.3%. {"history": "MonteCarlo.0", "point": 23, "testname": "DC_MC", "cornername": "Nominal"}
[2026-05-27 11:30:43.377 Z] [INFO] [cadence.virtuoso.ade.simulationMonitor] - Peak resident memory used = 288 Mbytes. {"history": "MonteCarlo.0", "point": 23, "testname": "DC_MC", "cornername": "Nominal"}
[2026-05-27 11:30:43.377 Z] [INFO] [cadence.virtuoso.ade.simulationMonitor] - Notice from spectre during Monte Carlo analysis `mc1'.
    188 notices suppressed.
    137 warnings suppressed. {"history": "MonteCarlo.0", "point": 23, "testname": "DC_MC", "cornername": "Nominal"}
[2026-05-27 11:30:43.878 Z] [INFO] [cadence.virtuoso.ade.simulationMonitor] - Notice from spectre at freq = 0 Hz during DC analysis, during XF analysis `xf', during Monte Carlo analysis `mc1'.
    Bad pivoting is found during DC analysis. Option dc_pivot_check=yes is recommended for possible improvement of convergence. {"history": "MonteCarlo.0", "point": 23, "testname": "DC_MC", "cornername": "Nominal"}
[2026-05-27 11:30:43.879 Z] [WARN] [cadence.virtuoso.ade.simulationMonitor] -     WARNING (CMI-2943): Parameter checks have been ignored because the valid value for parameter 'trise' could not be found in 'C0'. {"history": "MonteCarlo.0", "point": 23, "testname": "DC_MC", "cornername": "Nominal"}
[2026-05-27 11:30:43.879 Z] [WARN] [cadence.virtuoso.ade.simulationMonitor] -     WARNING (CMI-2943): Parameter checks have been ignored because the valid value for parameter 'trise' could not be found in 'I0.R44.CM'. {"history": "MonteCarlo.0", "point": 23, "testname": "DC_MC", "cornername": "Nominal"}
[2026-05-27 11:30:43.879 Z] [WARN] [cadence.virtuoso.ade.simulationMonitor] -     WARNING (CMI-2943): Parameter checks have been ignored because the valid value for parameter 'trise' could not be found in 'I0.R44.CS1'. {"history": "MonteCarlo.0", "point": 23, "testname": "DC_MC", "cornername": "Nominal"}
[2026-05-27 11:30:43.880 Z] [WARN] [cadence.virtuoso.ade.simulationMonitor] -     WARNING (CMI-2943): Parameter checks have been ignored because the valid value for parameter 'trise' could not be found in 'I0.R44.CS0'. {"history": "MonteCarlo.0", "point": 23, "testname": "DC_MC", "cornername": "Nominal"}
[2026-05-27 11:30:43.880 Z] [WARN] [cadence.virtuoso.ade.simulationMonitor] -     WARNING (CMI-2943): Parameter checks have been ignored because the valid value for parameter 'trise' could not be found in 'I0.R23.CM'.
        Further occurrences of this warning will be suppressed. {"history": "MonteCarlo.0", "point": 23, "testname": "DC_MC", "cornername": "Nominal"}
[2026-05-27 11:30:44.381 Z] [INFO] [cadence.virtuoso.ade.simulationMonitor] - Total time required for xf analysis `xf': CPU = 901.55 ms, elapsed = 600.84 ms, util. = 150%. {"history": "MonteCarlo.0", "point": 23, "testname": "DC_MC", "cornername": "Nominal"}
[2026-05-27 11:30:44.381 Z] [INFO] [cadence.virtuoso.ade.simulationMonitor] - Peak resident memory used = 289 Mbytes. {"history": "MonteCarlo.0", "point": 23, "testname": "DC_MC", "cornername": "Nominal"}
[2026-05-27 11:30:44.382 Z] [INFO] [cadence.virtuoso.ade.simulationMonitor] - Notice from spectre during XF analysis `xf', during Monte Carlo analysis `mc1'.
    137 warnings suppressed. {"history": "MonteCarlo.0", "point": 23, "testname": "DC_MC", "cornername": "Nominal"}
[2026-05-27 11:30:44.382 Z] [INFO] [cadence.virtuoso.ade.simulationMonitor] - Notice from spectre in `vert10':`I0.Q3(30)', in `fecg_bandgap3_layout':`I0', during Monte Carlo analysis `mc1'.
    I0.Q3(30).bjtinsub: `rbm' has the unusually small value of 938.553 mOhm.
    I0.Q3(30).bjtinsub: `minr' has the unusually small value of 10 fOhm. {"history": "MonteCarlo.0", "point": 23, "testname": "DC_MC", "cornername": "Nominal"}
[2026-05-27 11:30:44.383 Z] [INFO] [cadence.virtuoso.ade.simulationMonitor] - Notice from spectre in `vert10':`I0.Q3(29)', in `fecg_bandgap3_layout':`I0', during Monte Carlo analysis `mc1'.
    I0.Q3(29).bjtinsub: `rbm' has the unusually small value of 938.553 mOhm.
    I0.Q3(29).bjtinsub: `minr' has the unusually small value of 10 fOhm. {"history": "MonteCarlo.0", "point": 23, "testname": "DC_MC", "cornername": "Nominal"}
[2026-05-27 11:30:44.383 Z] [INFO] [cadence.virtuoso.ade.simulationMonitor] - Notice from spectre in `vert10':`I0.Q3(28)', in `fecg_bandgap3_layout':`I0', during Monte Carlo analysis `mc1'.
    I0.Q3(28).bjtinsub: `rbm' has the unusually small value of 938.553 mOhm.
        Further occurrences of this notice will be suppressed. {"history": "MonteCarlo.0", "point": 23, "testname": "DC_MC", "cornername": "Nominal"}
[2026-05-27 11:30:44.383 Z] [PROCESS] [cadence.virtuoso.ade.simulationMonitor] - Finished simulating for one iteration {"hostname": "il2244vt26_hrahimi", "processid": 290031, "history": "MonteCarlo.0", "testname": "DC_MC", "cornername": "Nominal", "point": 23, "logfile": "/home/hrahimi/projects/POTENTIOSTAT_26/logs_hrahimi/logs0/Job34.log", "simid": "1"}
[2026-05-27 11:30:44.384 Z] [PROCESS] [cadence.virtuoso.ade.simulationMonitor] - Started Simulation {"hostname": "il2244vt26_hrahimi", "processid": 290031, "history": "MonteCarlo.0", "testname": "DC_MC", "cornername": "Nominal", "point": 24, "logfile": "/home/hrahimi/projects/POTENTIOSTAT_26/logs_hrahimi/logs0/Job34.log", "event": "started", "task": "simulation"}
[2026-05-27 11:30:45.385 Z] [INFO] [cadence.virtuoso.ade.simulationMonitor] - Notice from spectre during DC analysis `dcOp', during Monte Carlo analysis `mc1'.
    Bad pivoting is found during DC analysis. Option dc_pivot_check=yes is recommended for possible improvement of convergence. {"history": "MonteCarlo.0", "point": 24, "testname": "DC_MC", "cornername": "Nominal"}
[2026-05-27 11:30:45.385 Z] [WARN] [cadence.virtuoso.ade.simulationMonitor] -     WARNING (CMI-2943): Parameter checks have been ignored because the valid value for parameter 'trise' could not be found in 'C0'. {"history": "MonteCarlo.0", "point": 24, "testname": "DC_MC", "cornername": "Nominal"}
[2026-05-27 11:30:45.385 Z] [WARN] [cadence.virtuoso.ade.simulationMonitor] -     WARNING (CMI-2943): Parameter checks have been ignored because the valid value for parameter 'trise' could not be found in 'I0.R44.CM'. {"history": "MonteCarlo.0", "point": 24, "testname": "DC_MC", "cornername": "Nominal"}
[2026-05-27 11:30:45.386 Z] [WARN] [cadence.virtuoso.ade.simulationMonitor] -     WARNING (CMI-2943): Parameter checks have been ignored because the valid value for parameter 'trise' could not be found in 'I0.R44.CS1'. {"history": "MonteCarlo.0", "point": 24, "testname": "DC_MC", "cornername": "Nominal"}
[2026-05-27 11:30:45.386 Z] [WARN] [cadence.virtuoso.ade.simulationMonitor] -     WARNING (CMI-2943): Parameter checks have been ignored because the valid value for parameter 'trise' could not be found in 'I0.R44.CS0'. {"history": "MonteCarlo.0", "point": 24, "testname": "DC_MC", "cornername": "Nominal"}
[2026-05-27 11:30:45.387 Z] [WARN] [cadence.virtuoso.ade.simulationMonitor] -     WARNING (CMI-2943): Parameter checks have been ignored because the valid value for parameter 'trise' could not be found in 'I0.R23.CM'.
        Further occurrences of this warning will be suppressed. {"history": "MonteCarlo.0", "point": 24, "testname": "DC_MC", "cornername": "Nominal"}
[2026-05-27 11:30:45.387 Z] [INFO] [cadence.virtuoso.ade.simulationMonitor] - Total time required for dc analysis `dcOp': CPU = 607.795 ms, elapsed = 560.425 ms, util. = 108%. {"history": "MonteCarlo.0", "point": 24, "testname": "DC_MC", "cornername": "Nominal"}
[2026-05-27 11:30:45.387 Z] [INFO] [cadence.virtuoso.ade.simulationMonitor] - Peak resident memory used = 291 Mbytes. {"history": "MonteCarlo.0", "point": 24, "testname": "DC_MC", "cornername": "Nominal"}
[2026-05-27 11:30:45.388 Z] [INFO] [cadence.virtuoso.ade.simulationMonitor] - Notice from spectre during Monte Carlo analysis `mc1'.
    121 notices suppressed.
    137 warnings suppressed. {"history": "MonteCarlo.0", "point": 24, "testname": "DC_MC", "cornername": "Nominal"}
[2026-05-27 11:30:45.388 Z] [INFO] [cadence.virtuoso.ade.simulationMonitor] - Notice from spectre at VDD = 0 during DC analysis `dc', during Monte Carlo analysis `mc1'.
    Bad pivoting is found during DC analysis. Option dc_pivot_check=yes is recommended for possible improvement of convergence. {"history": "MonteCarlo.0", "point": 24, "testname": "DC_MC", "cornername": "Nominal"}
[2026-05-27 11:30:45.389 Z] [INFO] [cadence.virtuoso.ade.simulationMonitor] - Notice from spectre at VDD = 20e-03 during DC analysis `dc', during Monte Carlo analysis `mc1'.
    GminDC = 1 pS is large enough to noticeably affect the DC solution.
        dV(I0.10\:S2) = 2.34624 mV
        Use the `gmin_check' option to eliminate or expand this report.
    Bad pivoting is found during DC analysis. Option dc_pivot_check=yes is recommended for possible improvement of convergence. {"history": "MonteCarlo.0", "point": 24, "testname": "DC_MC", "cornername": "Nominal"}
[2026-05-27 11:30:45.389 Z] [INFO] [cadence.virtuoso.ade.simulationMonitor] - Notice from spectre at VDD = 40e-03 during DC analysis `dc', during Monte Carlo analysis `mc1'.
    GminDC = 1 pS is large enough to noticeably affect the DC solution.
        dV(I0.10\:S2) = 4.75698 mV
        Use the `gmin_check' option to eliminate or expand this report.
    Bad pivoting is found during DC analysis. Option dc_pivot_check=yes is recommended for possible improvement of convergence. {"history": "MonteCarlo.0", "point": 24, "testname": "DC_MC", "cornername": "Nominal"}
[2026-05-27 11:30:45.390 Z] [INFO] [cadence.virtuoso.ade.simulationMonitor] - Notice from spectre at VDD = 60e-03 during DC analysis `dc', during Monte Carlo analysis `mc1'.
    GminDC = 1 pS is large enough to noticeably affect the DC solution.
        dV(I0.10\:S2) = 7.21993 mV
        Use the `gmin_check' option to eliminate or expand this report.
    Bad pivoting is found during DC analysis. Option dc_pivot_check=yes is recommended for possible improvement of convergence. {"history": "MonteCarlo.0", "point": 24, "testname": "DC_MC", "cornername": "Nominal"}
[2026-05-27 11:30:45.391 Z] [INFO] [cadence.virtuoso.ade.simulationMonitor] - Notice from spectre at VDD = 80e-03 during DC analysis `dc', during Monte Carlo analysis `mc1'.
    GminDC = 1 pS is large enough to noticeably affect the DC solution.
        dV(I0.10\:S2) = 9.72546 mV
        Use the `gmin_check' option to eliminate or expand this report.
    Bad pivoting is found during DC analysis. Option dc_pivot_check=yes is recommended for possible improvement of convergence.
        Further occurrences of this notice will be suppressed. {"history": "MonteCarlo.0", "point": 24, "testname": "DC_MC", "cornername": "Nominal"}
[2026-05-27 11:30:45.893 Z] [INFO] [cadence.virtuoso.ade.simulationMonitor] - Notice from spectre at VDD = 100e-03 during DC analysis `dc', during Monte Carlo analysis `mc1'.
    GminDC = 1 pS is large enough to noticeably affect the DC solution.
        Further occurrences of this notice will be suppressed.
        dV(I0.10\:S2) = 12.2648 mV
        Further occurrences of this notice will be suppressed.
        Use the `gmin_check' option to eliminate or expand this report.
        Further occurrences of this notice will be suppressed. {"history": "MonteCarlo.0", "point": 24, "testname": "DC_MC", "cornername": "Nominal"}
[2026-05-27 11:30:49.398 Z] [WARN] [cadence.virtuoso.ade.simulationMonitor] -     WARNING (CMI-2943): Parameter checks have been ignored because the valid value for parameter 'trise' could not be found in 'C0'. {"history": "MonteCarlo.0", "point": 24, "testname": "DC_MC", "cornername": "Nominal"}
[2026-05-27 11:30:49.398 Z] [WARN] [cadence.virtuoso.ade.simulationMonitor] -     WARNING (CMI-2943): Parameter checks have been ignored because the valid value for parameter 'trise' could not be found in 'I0.R44.CM'. {"history": "MonteCarlo.0", "point": 24, "testname": "DC_MC", "cornername": "Nominal"}
[2026-05-27 11:30:49.400 Z] [WARN] [cadence.virtuoso.ade.simulationMonitor] -     WARNING (CMI-2943): Parameter checks have been ignored because the valid value for parameter 'trise' could not be found in 'I0.R44.CS1'. {"history": "MonteCarlo.0", "point": 24, "testname": "DC_MC", "cornername": "Nominal"}
[2026-05-27 11:30:49.401 Z] [WARN] [cadence.virtuoso.ade.simulationMonitor] -     WARNING (CMI-2943): Parameter checks have been ignored because the valid value for parameter 'trise' could not be found in 'I0.R44.CS0'. {"history": "MonteCarlo.0", "point": 24, "testname": "DC_MC", "cornername": "Nominal"}
[2026-05-27 11:30:49.402 Z] [WARN] [cadence.virtuoso.ade.simulationMonitor] -     WARNING (CMI-2943): Parameter checks have been ignored because the valid value for parameter 'trise' could not be found in 'I0.R23.CM'.
        Further occurrences of this warning will be suppressed. {"history": "MonteCarlo.0", "point": 24, "testname": "DC_MC", "cornername": "Nominal"}
[2026-05-27 11:30:49.403 Z] [INFO] [cadence.virtuoso.ade.simulationMonitor] - Notice from spectre at VDD = 3.3 during DC analysis `dc', during Monte Carlo analysis `mc1'.
    The value of parameter 'VDD' has been reset to the original value 3.3. {"history": "MonteCarlo.0", "point": 24, "testname": "DC_MC", "cornername": "Nominal"}
[2026-05-27 11:30:49.403 Z] [INFO] [cadence.virtuoso.ade.simulationMonitor] - Total time required for dc analysis `dc': CPU = 2.37204 s, elapsed = 3.96221 s, util. = 59.9%. {"history": "MonteCarlo.0", "point": 24, "testname": "DC_MC", "cornername": "Nominal"}
[2026-05-27 11:30:49.404 Z] [INFO] [cadence.virtuoso.ade.simulationMonitor] - Peak resident memory used = 291 Mbytes. {"history": "MonteCarlo.0", "point": 24, "testname": "DC_MC", "cornername": "Nominal"}
[2026-05-27 11:30:49.404 Z] [INFO] [cadence.virtuoso.ade.simulationMonitor] - Notice from spectre during Monte Carlo analysis `mc1'.
    217 notices suppressed.
    137 warnings suppressed. {"history": "MonteCarlo.0", "point": 24, "testname": "DC_MC", "cornername": "Nominal"}
[2026-05-27 11:30:49.905 Z] [INFO] [cadence.virtuoso.ade.simulationMonitor] - Notice from spectre at freq = 0 Hz during DC analysis, during XF analysis `xf', during Monte Carlo analysis `mc1'.
    Bad pivoting is found during DC analysis. Option dc_pivot_check=yes is recommended for possible improvement of convergence. {"history": "MonteCarlo.0", "point": 24, "testname": "DC_MC", "cornername": "Nominal"}
[2026-05-27 11:30:49.906 Z] [WARN] [cadence.virtuoso.ade.simulationMonitor] -     WARNING (CMI-2943): Parameter checks have been ignored because the valid value for parameter 'trise' could not be found in 'C0'. {"history": "MonteCarlo.0", "point": 24, "testname": "DC_MC", "cornername": "Nominal"}
[2026-05-27 11:30:49.906 Z] [WARN] [cadence.virtuoso.ade.simulationMonitor] -     WARNING (CMI-2943): Parameter checks have been ignored because the valid value for parameter 'trise' could not be found in 'I0.R44.CM'. {"history": "MonteCarlo.0", "point": 24, "testname": "DC_MC", "cornername": "Nominal"}
[2026-05-27 11:30:49.907 Z] [WARN] [cadence.virtuoso.ade.simulationMonitor] -     WARNING (CMI-2943): Parameter checks have been ignored because the valid value for parameter 'trise' could not be found in 'I0.R44.CS1'. {"history": "MonteCarlo.0", "point": 24, "testname": "DC_MC", "cornername": "Nominal"}
[2026-05-27 11:30:49.907 Z] [WARN] [cadence.virtuoso.ade.simulationMonitor] -     WARNING (CMI-2943): Parameter checks have been ignored because the valid value for parameter 'trise' could not be found in 'I0.R44.CS0'. {"history": "MonteCarlo.0", "point": 24, "testname": "DC_MC", "cornername": "Nominal"}
[2026-05-27 11:30:49.908 Z] [WARN] [cadence.virtuoso.ade.simulationMonitor] -     WARNING (CMI-2943): Parameter checks have been ignored because the valid value for parameter 'trise' could not be found in 'I0.R23.CM'.
        Further occurrences of this warning will be suppressed. {"history": "MonteCarlo.0", "point": 24, "testname": "DC_MC", "cornername": "Nominal"}
[2026-05-27 11:30:50.909 Z] [INFO] [cadence.virtuoso.ade.simulationMonitor] - Total time required for xf analysis `xf': CPU = 843.033 ms, elapsed = 1.12157 s, util. = 75.2%. {"history": "MonteCarlo.0", "point": 24, "testname": "DC_MC", "cornername": "Nominal"}
[2026-05-27 11:30:50.909 Z] [INFO] [cadence.virtuoso.ade.simulationMonitor] - Peak resident memory used = 292 Mbytes. {"history": "MonteCarlo.0", "point": 24, "testname": "DC_MC", "cornername": "Nominal"}
[2026-05-27 11:30:50.909 Z] [INFO] [cadence.virtuoso.ade.simulationMonitor] - Notice from spectre during XF analysis `xf', during Monte Carlo analysis `mc1'.
    137 warnings suppressed. {"history": "MonteCarlo.0", "point": 24, "testname": "DC_MC", "cornername": "Nominal"}
[2026-05-27 11:30:51.411 Z] [INFO] [cadence.virtuoso.ade.simulationMonitor] - Notice from spectre in `vert10':`I0.Q3(30)', in `fecg_bandgap3_layout':`I0', during Monte Carlo analysis `mc1'.
    I0.Q3(30).bjtinsub: `minr' has the unusually small value of 10 fOhm. {"history": "MonteCarlo.0", "point": 24, "testname": "DC_MC", "cornername": "Nominal"}
[2026-05-27 11:30:51.411 Z] [INFO] [cadence.virtuoso.ade.simulationMonitor] - Notice from spectre in `vert10':`I0.Q3(29)', in `fecg_bandgap3_layout':`I0', during Monte Carlo analysis `mc1'.
    I0.Q3(29).bjtinsub: `minr' has the unusually small value of 10 fOhm. {"history": "MonteCarlo.0", "point": 24, "testname": "DC_MC", "cornername": "Nominal"}
[2026-05-27 11:30:51.411 Z] [INFO] [cadence.virtuoso.ade.simulationMonitor] - Notice from spectre in `vert10':`I0.Q3(28)', in `fecg_bandgap3_layout':`I0', during Monte Carlo analysis `mc1'.
    I0.Q3(28).bjtinsub: `minr' has the unusually small value of 10 fOhm. {"history": "MonteCarlo.0", "point": 24, "testname": "DC_MC", "cornername": "Nominal"}
[2026-05-27 11:30:51.412 Z] [INFO] [cadence.virtuoso.ade.simulationMonitor] - Notice from spectre in `vert10':`I0.Q3(27)', in `fecg_bandgap3_layout':`I0', during Monte Carlo analysis `mc1'.
    I0.Q3(27).bjtinsub: `minr' has the unusually small value of 10 fOhm. {"history": "MonteCarlo.0", "point": 24, "testname": "DC_MC", "cornername": "Nominal"}
[2026-05-27 11:30:51.413 Z] [INFO] [cadence.virtuoso.ade.simulationMonitor] - Notice from spectre in `vert10':`I0.Q3(26)', in `fecg_bandgap3_layout':`I0', during Monte Carlo analysis `mc1'.
    I0.Q3(26).bjtinsub: `minr' has the unusually small value of 10 fOhm.
        Further occurrences of this notice will be suppressed. {"history": "MonteCarlo.0", "point": 24, "testname": "DC_MC", "cornername": "Nominal"}
[2026-05-27 11:30:51.413 Z] [PROCESS] [cadence.virtuoso.ade.simulationMonitor] - Finished simulating for one iteration {"hostname": "il2244vt26_hrahimi", "processid": 290031, "history": "MonteCarlo.0", "testname": "DC_MC", "cornername": "Nominal", "point": 24, "logfile": "/home/hrahimi/projects/POTENTIOSTAT_26/logs_hrahimi/logs0/Job34.log", "simid": "1"}
[2026-05-27 11:30:51.413 Z] [PROCESS] [cadence.virtuoso.ade.simulationMonitor] - Started Simulation {"hostname": "il2244vt26_hrahimi", "processid": 290031, "history": "MonteCarlo.0", "testname": "DC_MC", "cornername": "Nominal", "point": 25, "logfile": "/home/hrahimi/projects/POTENTIOSTAT_26/logs_hrahimi/logs0/Job34.log", "event": "started", "task": "simulation"}
[2026-05-27 11:30:54.917 Z] [INFO] [cadence.virtuoso.ade.simulationMonitor] - Notice from spectre during DC analysis `dcOp', during Monte Carlo analysis `mc1'.
    Bad pivoting is found during DC analysis. Option dc_pivot_check=yes is recommended for possible improvement of convergence. {"history": "MonteCarlo.0", "point": 25, "testname": "DC_MC", "cornername": "Nominal"}
[2026-05-27 11:30:54.918 Z] [WARN] [cadence.virtuoso.ade.simulationMonitor] -     WARNING (CMI-2943): Parameter checks have been ignored because the valid value for parameter 'trise' could not be found in 'C0'. {"history": "MonteCarlo.0", "point": 25, "testname": "DC_MC", "cornername": "Nominal"}
[2026-05-27 11:30:54.920 Z] [WARN] [cadence.virtuoso.ade.simulationMonitor] -     WARNING (CMI-2943): Parameter checks have been ignored because the valid value for parameter 'trise' could not be found in 'I0.R44.CM'. {"history": "MonteCarlo.0", "point": 25, "testname": "DC_MC", "cornername": "Nominal"}
[2026-05-27 11:30:54.921 Z] [WARN] [cadence.virtuoso.ade.simulationMonitor] -     WARNING (CMI-2943): Parameter checks have been ignored because the valid value for parameter 'trise' could not be found in 'I0.R44.CS1'. {"history": "MonteCarlo.0", "point": 25, "testname": "DC_MC", "cornername": "Nominal"}
[2026-05-27 11:30:54.921 Z] [WARN] [cadence.virtuoso.ade.simulationMonitor] -     WARNING (CMI-2943): Parameter checks have been ignored because the valid value for parameter 'trise' could not be found in 'I0.R44.CS0'. {"history": "MonteCarlo.0", "point": 25, "testname": "DC_MC", "cornername": "Nominal"}
[2026-05-27 11:30:54.922 Z] [WARN] [cadence.virtuoso.ade.simulationMonitor] -     WARNING (CMI-2943): Parameter checks have been ignored because the valid value for parameter 'trise' could not be found in 'I0.R23.CM'.
        Further occurrences of this warning will be suppressed. {"history": "MonteCarlo.0", "point": 25, "testname": "DC_MC", "cornername": "Nominal"}
[2026-05-27 11:30:54.922 Z] [INFO] [cadence.virtuoso.ade.simulationMonitor] - Total time required for dc analysis `dcOp': CPU = 562.491 ms, elapsed = 1.48627 s, util. = 37.8%. {"history": "MonteCarlo.0", "point": 25, "testname": "DC_MC", "cornername": "Nominal"}
[2026-05-27 11:30:54.923 Z] [INFO] [cadence.virtuoso.ade.simulationMonitor] - Peak resident memory used = 293 Mbytes. {"history": "MonteCarlo.0", "point": 25, "testname": "DC_MC", "cornername": "Nominal"}
[2026-05-27 11:30:54.923 Z] [INFO] [cadence.virtuoso.ade.simulationMonitor] - Notice from spectre during Monte Carlo analysis `mc1'.
    58 notices suppressed.
    137 warnings suppressed. {"history": "MonteCarlo.0", "point": 25, "testname": "DC_MC", "cornername": "Nominal"}
[2026-05-27 11:30:54.924 Z] [INFO] [cadence.virtuoso.ade.simulationMonitor] - Notice from spectre at VDD = 0 during DC analysis `dc', during Monte Carlo analysis `mc1'.
    Bad pivoting is found during DC analysis. Option dc_pivot_check=yes is recommended for possible improvement of convergence. {"history": "MonteCarlo.0", "point": 25, "testname": "DC_MC", "cornername": "Nominal"}
[2026-05-27 11:30:55.424 Z] [INFO] [cadence.virtuoso.ade.simulationMonitor] - Notice from spectre at VDD = 20e-03 during DC analysis `dc', during Monte Carlo analysis `mc1'.
    GminDC = 1 pS is large enough to noticeably affect the DC solution.
        dV(I0.35\:Vo1) = 409.92 uV
        Use the `gmin_check' option to eliminate or expand this report.
    Bad pivoting is found during DC analysis. Option dc_pivot_check=yes is recommended for possible improvement of convergence. {"history": "MonteCarlo.0", "point": 25, "testname": "DC_MC", "cornername": "Nominal"}
[2026-05-27 11:30:55.425 Z] [INFO] [cadence.virtuoso.ade.simulationMonitor] - Notice from spectre at VDD = 40e-03 during DC analysis `dc', during Monte Carlo analysis `mc1'.
    GminDC = 1 pS is large enough to noticeably affect the DC solution.
        dV(I0.35\:Vo1) = 838.446 uV
        Use the `gmin_check' option to eliminate or expand this report.
    Bad pivoting is found during DC analysis. Option dc_pivot_check=yes is recommended for possible improvement of convergence. {"history": "MonteCarlo.0", "point": 25, "testname": "DC_MC", "cornername": "Nominal"}
[2026-05-27 11:30:55.426 Z] [INFO] [cadence.virtuoso.ade.simulationMonitor] - Notice from spectre at VDD = 60e-03 during DC analysis `dc', during Monte Carlo analysis `mc1'.
    GminDC = 1 pS is large enough to noticeably affect the DC solution.
        dV(I0.35\:Vo1) = 1.28445 mV
        Use the `gmin_check' option to eliminate or expand this report.
    Bad pivoting is found during DC analysis. Option dc_pivot_check=yes is recommended for possible improvement of convergence. {"history": "MonteCarlo.0", "point": 25, "testname": "DC_MC", "cornername": "Nominal"}
[2026-05-27 11:30:55.426 Z] [INFO] [cadence.virtuoso.ade.simulationMonitor] - Notice from spectre at VDD = 80e-03 during DC analysis `dc', during Monte Carlo analysis `mc1'.
    GminDC = 1 pS is large enough to noticeably affect the DC solution.
        dV(I0.35\:Vo1) = 1.74841 mV
        Use the `gmin_check' option to eliminate or expand this report.
    Bad pivoting is found during DC analysis. Option dc_pivot_check=yes is recommended for possible improvement of convergence.
        Further occurrences of this notice will be suppressed. {"history": "MonteCarlo.0", "point": 25, "testname": "DC_MC", "cornername": "Nominal"}
[2026-05-27 11:30:55.427 Z] [INFO] [cadence.virtuoso.ade.simulationMonitor] - Notice from spectre at VDD = 100e-03 during DC analysis `dc', during Monte Carlo analysis `mc1'.
    GminDC = 1 pS is large enough to noticeably affect the DC solution.
        Further occurrences of this notice will be suppressed.
        dV(I0.35\:Vo1) = 2.23331 mV
        Further occurrences of this notice will be suppressed.
        Use the `gmin_check' option to eliminate or expand this report.
        Further occurrences of this notice will be suppressed. {"history": "MonteCarlo.0", "point": 25, "testname": "DC_MC", "cornername": "Nominal"}
[2026-05-27 11:31:02.433 Z] [WARN] [cadence.virtuoso.ade.simulationMonitor] -     WARNING (CMI-2943): Parameter checks have been ignored because the valid value for parameter 'trise' could not be found in 'C0'. {"history": "MonteCarlo.0", "point": 25, "testname": "DC_MC", "cornername": "Nominal"}
[2026-05-27 11:31:02.434 Z] [WARN] [cadence.virtuoso.ade.simulationMonitor] -     WARNING (CMI-2943): Parameter checks have been ignored because the valid value for parameter 'trise' could not be found in 'I0.R44.CM'. {"history": "MonteCarlo.0", "point": 25, "testname": "DC_MC", "cornername": "Nominal"}
[2026-05-27 11:31:02.435 Z] [WARN] [cadence.virtuoso.ade.simulationMonitor] -     WARNING (CMI-2943): Parameter checks have been ignored because the valid value for parameter 'trise' could not be found in 'I0.R44.CS1'. {"history": "MonteCarlo.0", "point": 25, "testname": "DC_MC", "cornername": "Nominal"}
[2026-05-27 11:31:02.435 Z] [WARN] [cadence.virtuoso.ade.simulationMonitor] -     WARNING (CMI-2943): Parameter checks have been ignored because the valid value for parameter 'trise' could not be found in 'I0.R44.CS0'. {"history": "MonteCarlo.0", "point": 25, "testname": "DC_MC", "cornername": "Nominal"}
[2026-05-27 11:31:02.435 Z] [WARN] [cadence.virtuoso.ade.simulationMonitor] -     WARNING (CMI-2943): Parameter checks have been ignored because the valid value for parameter 'trise' could not be found in 'I0.R23.CM'.
        Further occurrences of this warning will be suppressed. {"history": "MonteCarlo.0", "point": 25, "testname": "DC_MC", "cornername": "Nominal"}
[2026-05-27 11:31:02.436 Z] [INFO] [cadence.virtuoso.ade.simulationMonitor] - Notice from spectre at VDD = 3.3 during DC analysis `dc', during Monte Carlo analysis `mc1'.
    The value of parameter 'VDD' has been reset to the original value 3.3. {"history": "MonteCarlo.0", "point": 25, "testname": "DC_MC", "cornername": "Nominal"}
[2026-05-27 11:31:02.436 Z] [INFO] [cadence.virtuoso.ade.simulationMonitor] - Total time required for dc analysis `dc': CPU = 2.33852 s, elapsed = 7.32294 s, util. = 31.9%. {"history": "MonteCarlo.0", "point": 25, "testname": "DC_MC", "cornername": "Nominal"}
[2026-05-27 11:31:02.437 Z] [INFO] [cadence.virtuoso.ade.simulationMonitor] - Peak resident memory used = 293 Mbytes. {"history": "MonteCarlo.0", "point": 25, "testname": "DC_MC", "cornername": "Nominal"}
[2026-05-27 11:31:02.437 Z] [INFO] [cadence.virtuoso.ade.simulationMonitor] - Notice from spectre during Monte Carlo analysis `mc1'.
    210 notices suppressed.
    137 warnings suppressed. {"history": "MonteCarlo.0", "point": 25, "testname": "DC_MC", "cornername": "Nominal"}
[2026-05-27 11:31:03.438 Z] [INFO] [cadence.virtuoso.ade.simulationMonitor] - Notice from spectre at freq = 0 Hz during DC analysis, during XF analysis `xf', during Monte Carlo analysis `mc1'.
    Bad pivoting is found during DC analysis. Option dc_pivot_check=yes is recommended for possible improvement of convergence. {"history": "MonteCarlo.0", "point": 25, "testname": "DC_MC", "cornername": "Nominal"}
[2026-05-27 11:31:03.439 Z] [WARN] [cadence.virtuoso.ade.simulationMonitor] -     WARNING (CMI-2943): Parameter checks have been ignored because the valid value for parameter 'trise' could not be found in 'C0'. {"history": "MonteCarlo.0", "point": 25, "testname": "DC_MC", "cornername": "Nominal"}
[2026-05-27 11:31:03.440 Z] [WARN] [cadence.virtuoso.ade.simulationMonitor] -     WARNING (CMI-2943): Parameter checks have been ignored because the valid value for parameter 'trise' could not be found in 'I0.R44.CM'. {"history": "MonteCarlo.0", "point": 25, "testname": "DC_MC", "cornername": "Nominal"}
[2026-05-27 11:31:03.440 Z] [WARN] [cadence.virtuoso.ade.simulationMonitor] -     WARNING (CMI-2943): Parameter checks have been ignored because the valid value for parameter 'trise' could not be found in 'I0.R44.CS1'. {"history": "MonteCarlo.0", "point": 25, "testname": "DC_MC", "cornername": "Nominal"}
[2026-05-27 11:31:03.441 Z] [WARN] [cadence.virtuoso.ade.simulationMonitor] -     WARNING (CMI-2943): Parameter checks have been ignored because the valid value for parameter 'trise' could not be found in 'I0.R44.CS0'. {"history": "MonteCarlo.0", "point": 25, "testname": "DC_MC", "cornername": "Nominal"}
[2026-05-27 11:31:03.441 Z] [WARN] [cadence.virtuoso.ade.simulationMonitor] -     WARNING (CMI-2943): Parameter checks have been ignored because the valid value for parameter 'trise' could not be found in 'I0.R23.CM'.
        Further occurrences of this warning will be suppressed. {"history": "MonteCarlo.0", "point": 25, "testname": "DC_MC", "cornername": "Nominal"}
[2026-05-27 11:31:03.942 Z] [INFO] [cadence.virtuoso.ade.simulationMonitor] - Total time required for xf analysis `xf': CPU = 689.527 ms, elapsed = 875.372 ms, util. = 78.8%. {"history": "MonteCarlo.0", "point": 25, "testname": "DC_MC", "cornername": "Nominal"}
[2026-05-27 11:31:03.943 Z] [INFO] [cadence.virtuoso.ade.simulationMonitor] - Peak resident memory used = 295 Mbytes. {"history": "MonteCarlo.0", "point": 25, "testname": "DC_MC", "cornername": "Nominal"}
[2026-05-27 11:31:03.943 Z] [INFO] [cadence.virtuoso.ade.simulationMonitor] - Notice from spectre during XF analysis `xf', during Monte Carlo analysis `mc1'.
    137 warnings suppressed. {"history": "MonteCarlo.0", "point": 25, "testname": "DC_MC", "cornername": "Nominal"}
[2026-05-27 11:31:03.944 Z] [PROCESS] [cadence.virtuoso.ade.simulationMonitor] - Finished simulating for one iteration {"hostname": "il2244vt26_hrahimi", "processid": 290031, "history": "MonteCarlo.0", "testname": "DC_MC", "cornername": "Nominal", "point": 25, "logfile": "/home/hrahimi/projects/POTENTIOSTAT_26/logs_hrahimi/logs0/Job34.log", "simid": "1"}
[2026-05-27 11:31:03.944 Z] [PROCESS] [cadence.virtuoso.ade.simulationMonitor] - Started Simulation {"hostname": "il2244vt26_hrahimi", "processid": 290031, "history": "MonteCarlo.0", "testname": "DC_MC", "cornername": "Nominal", "point": 26, "logfile": "/home/hrahimi/projects/POTENTIOSTAT_26/logs_hrahimi/logs0/Job34.log", "event": "started", "task": "simulation"}
[2026-05-27 11:31:04.445 Z] [INFO] [cadence.virtuoso.ade.simulationMonitor] - Notice from spectre in `vert10':`I0.Q3(30)', in `fecg_bandgap3_layout':`I0', during Monte Carlo analysis `mc1'.
    I0.Q3(30).bjtinsub: `rbm' has the unusually small value of 988.553 mOhm.
    I0.Q3(30).bjtinsub: `minr' has the unusually small value of 10 fOhm. {"history": "MonteCarlo.0", "point": 26, "testname": "DC_MC", "cornername": "Nominal"}
[2026-05-27 11:31:04.446 Z] [INFO] [cadence.virtuoso.ade.simulationMonitor] - Notice from spectre in `vert10':`I0.Q3(29)', in `fecg_bandgap3_layout':`I0', during Monte Carlo analysis `mc1'.
    I0.Q3(29).bjtinsub: `rbm' has the unusually small value of 988.553 mOhm.
    I0.Q3(29).bjtinsub: `minr' has the unusually small value of 10 fOhm. {"history": "MonteCarlo.0", "point": 26, "testname": "DC_MC", "cornername": "Nominal"}
[2026-05-27 11:31:04.447 Z] [INFO] [cadence.virtuoso.ade.simulationMonitor] - Notice from spectre in `vert10':`I0.Q3(28)', in `fecg_bandgap3_layout':`I0', during Monte Carlo analysis `mc1'.
    I0.Q3(28).bjtinsub: `rbm' has the unusually small value of 988.553 mOhm.
        Further occurrences of this notice will be suppressed. {"history": "MonteCarlo.0", "point": 26, "testname": "DC_MC", "cornername": "Nominal"}
[2026-05-27 11:31:04.948 Z] [INFO] [cadence.virtuoso.ade.simulationMonitor] - Notice from spectre during DC analysis `dcOp', during Monte Carlo analysis `mc1'.
    Bad pivoting is found during DC analysis. Option dc_pivot_check=yes is recommended for possible improvement of convergence. {"history": "MonteCarlo.0", "point": 26, "testname": "DC_MC", "cornername": "Nominal"}
[2026-05-27 11:31:05.449 Z] [WARN] [cadence.virtuoso.ade.simulationMonitor] -     WARNING (CMI-2943): Parameter checks have been ignored because the valid value for parameter 'trise' could not be found in 'C0'. {"history": "MonteCarlo.0", "point": 26, "testname": "DC_MC", "cornername": "Nominal"}
[2026-05-27 11:31:05.449 Z] [WARN] [cadence.virtuoso.ade.simulationMonitor] -     WARNING (CMI-2943): Parameter checks have been ignored because the valid value for parameter 'trise' could not be found in 'I0.R44.CM'. {"history": "MonteCarlo.0", "point": 26, "testname": "DC_MC", "cornername": "Nominal"}
[2026-05-27 11:31:05.450 Z] [WARN] [cadence.virtuoso.ade.simulationMonitor] -     WARNING (CMI-2943): Parameter checks have been ignored because the valid value for parameter 'trise' could not be found in 'I0.R44.CS1'. {"history": "MonteCarlo.0", "point": 26, "testname": "DC_MC", "cornername": "Nominal"}
[2026-05-27 11:31:05.450 Z] [WARN] [cadence.virtuoso.ade.simulationMonitor] -     WARNING (CMI-2943): Parameter checks have been ignored because the valid value for parameter 'trise' could not be found in 'I0.R44.CS0'. {"history": "MonteCarlo.0", "point": 26, "testname": "DC_MC", "cornername": "Nominal"}
[2026-05-27 11:31:05.450 Z] [WARN] [cadence.virtuoso.ade.simulationMonitor] -     WARNING (CMI-2943): Parameter checks have been ignored because the valid value for parameter 'trise' could not be found in 'I0.R23.CM'.
        Further occurrences of this warning will be suppressed. {"history": "MonteCarlo.0", "point": 26, "testname": "DC_MC", "cornername": "Nominal"}
[2026-05-27 11:31:05.451 Z] [INFO] [cadence.virtuoso.ade.simulationMonitor] - Total time required for dc analysis `dcOp': CPU = 629.936 ms, elapsed = 576.662 ms, util. = 109%. {"history": "MonteCarlo.0", "point": 26, "testname": "DC_MC", "cornername": "Nominal"}
[2026-05-27 11:31:05.451 Z] [INFO] [cadence.virtuoso.ade.simulationMonitor] - Peak resident memory used = 296 Mbytes. {"history": "MonteCarlo.0", "point": 26, "testname": "DC_MC", "cornername": "Nominal"}
[2026-05-27 11:31:05.451 Z] [INFO] [cadence.virtuoso.ade.simulationMonitor] - Notice from spectre during Monte Carlo analysis `mc1'.
    121 notices suppressed.
    137 warnings suppressed. {"history": "MonteCarlo.0", "point": 26, "testname": "DC_MC", "cornername": "Nominal"}
[2026-05-27 11:31:05.451 Z] [INFO] [cadence.virtuoso.ade.simulationMonitor] - Notice from spectre at VDD = 0 during DC analysis `dc', during Monte Carlo analysis `mc1'.
    Bad pivoting is found during DC analysis. Option dc_pivot_check=yes is recommended for possible improvement of convergence. {"history": "MonteCarlo.0", "point": 26, "testname": "DC_MC", "cornername": "Nominal"}
[2026-05-27 11:31:05.451 Z] [INFO] [cadence.virtuoso.ade.simulationMonitor] - Notice from spectre at VDD = 20e-03 during DC analysis `dc', during Monte Carlo analysis `mc1'.
    GminDC = 1 pS is large enough to noticeably affect the DC solution.
        dV(I0.10\:S2) = 2.77149 mV
        Use the `gmin_check' option to eliminate or expand this report.
    Bad pivoting is found during DC analysis. Option dc_pivot_check=yes is recommended for possible improvement of convergence. {"history": "MonteCarlo.0", "point": 26, "testname": "DC_MC", "cornername": "Nominal"}
[2026-05-27 11:31:05.452 Z] [INFO] [cadence.virtuoso.ade.simulationMonitor] - Notice from spectre at VDD = 40e-03 during DC analysis `dc', during Monte Carlo analysis `mc1'.
    GminDC = 1 pS is large enough to noticeably affect the DC solution.
        dV(I0.10\:S2) = 5.56775 mV
        Use the `gmin_check' option to eliminate or expand this report.
    Bad pivoting is found during DC analysis. Option dc_pivot_check=yes is recommended for possible improvement of convergence. {"history": "MonteCarlo.0", "point": 26, "testname": "DC_MC", "cornername": "Nominal"}
[2026-05-27 11:31:05.452 Z] [INFO] [cadence.virtuoso.ade.simulationMonitor] - Notice from spectre at VDD = 60e-03 during DC analysis `dc', during Monte Carlo analysis `mc1'.
    GminDC = 1 pS is large enough to noticeably affect the DC solution.
        dV(I0.10\:S2) = 8.38672 mV
        Use the `gmin_check' option to eliminate or expand this report.
    Bad pivoting is found during DC analysis. Option dc_pivot_check=yes is recommended for possible improvement of convergence. {"history": "MonteCarlo.0", "point": 26, "testname": "DC_MC", "cornername": "Nominal"}
[2026-05-27 11:31:05.452 Z] [INFO] [cadence.virtuoso.ade.simulationMonitor] - Notice from spectre at VDD = 80e-03 during DC analysis `dc', during Monte Carlo analysis `mc1'.
    GminDC = 1 pS is large enough to noticeably affect the DC solution.
        dV(I0.10\:S2) = 11.2152 mV
        Use the `gmin_check' option to eliminate or expand this report.
    Bad pivoting is found during DC analysis. Option dc_pivot_check=yes is recommended for possible improvement of convergence.
        Further occurrences of this notice will be suppressed. {"history": "MonteCarlo.0", "point": 26, "testname": "DC_MC", "cornername": "Nominal"}
[2026-05-27 11:31:05.453 Z] [INFO] [cadence.virtuoso.ade.simulationMonitor] - Notice from spectre at VDD = 100e-03 during DC analysis `dc', during Monte Carlo analysis `mc1'.
    GminDC = 1 pS is large enough to noticeably affect the DC solution.
        Further occurrences of this notice will be suppressed.
        dV(I0.10\:S2) = 14.0544 mV
        Further occurrences of this notice will be suppressed.
        Use the `gmin_check' option to eliminate or expand this report.
        Further occurrences of this notice will be suppressed. {"history": "MonteCarlo.0", "point": 26, "testname": "DC_MC", "cornername": "Nominal"}
[2026-05-27 11:31:07.957 Z] [WARN] [cadence.virtuoso.ade.simulationMonitor] -     WARNING (CMI-2943): Parameter checks have been ignored because the valid value for parameter 'trise' could not be found in 'C0'. {"history": "MonteCarlo.0", "point": 26, "testname": "DC_MC", "cornername": "Nominal"}
[2026-05-27 11:31:07.957 Z] [WARN] [cadence.virtuoso.ade.simulationMonitor] -     WARNING (CMI-2943): Parameter checks have been ignored because the valid value for parameter 'trise' could not be found in 'I0.R44.CM'. {"history": "MonteCarlo.0", "point": 26, "testname": "DC_MC", "cornername": "Nominal"}
[2026-05-27 11:31:07.958 Z] [WARN] [cadence.virtuoso.ade.simulationMonitor] -     WARNING (CMI-2943): Parameter checks have been ignored because the valid value for parameter 'trise' could not be found in 'I0.R44.CS1'. {"history": "MonteCarlo.0", "point": 26, "testname": "DC_MC", "cornername": "Nominal"}
[2026-05-27 11:31:07.958 Z] [WARN] [cadence.virtuoso.ade.simulationMonitor] -     WARNING (CMI-2943): Parameter checks have been ignored because the valid value for parameter 'trise' could not be found in 'I0.R44.CS0'. {"history": "MonteCarlo.0", "point": 26, "testname": "DC_MC", "cornername": "Nominal"}
[2026-05-27 11:31:07.958 Z] [WARN] [cadence.virtuoso.ade.simulationMonitor] -     WARNING (CMI-2943): Parameter checks have been ignored because the valid value for parameter 'trise' could not be found in 'I0.R23.CM'.
        Further occurrences of this warning will be suppressed. {"history": "MonteCarlo.0", "point": 26, "testname": "DC_MC", "cornername": "Nominal"}
[2026-05-27 11:31:07.959 Z] [INFO] [cadence.virtuoso.ade.simulationMonitor] - Notice from spectre at VDD = 3.3 during DC analysis `dc', during Monte Carlo analysis `mc1'.
    The value of parameter 'VDD' has been reset to the original value 3.3. {"history": "MonteCarlo.0", "point": 26, "testname": "DC_MC", "cornername": "Nominal"}
[2026-05-27 11:31:07.959 Z] [INFO] [cadence.virtuoso.ade.simulationMonitor] - Total time required for dc analysis `dc': CPU = 2.36369 s, elapsed = 2.4913 s, util. = 94.9%. {"history": "MonteCarlo.0", "point": 26, "testname": "DC_MC", "cornername": "Nominal"}
[2026-05-27 11:31:07.960 Z] [INFO] [cadence.virtuoso.ade.simulationMonitor] - Peak resident memory used = 296 Mbytes. {"history": "MonteCarlo.0", "point": 26, "testname": "DC_MC", "cornername": "Nominal"}
[2026-05-27 11:31:07.960 Z] [INFO] [cadence.virtuoso.ade.simulationMonitor] - Notice from spectre during Monte Carlo analysis `mc1'.
    217 notices suppressed.
    137 warnings suppressed. {"history": "MonteCarlo.0", "point": 26, "testname": "DC_MC", "cornername": "Nominal"}
[2026-05-27 11:31:08.461 Z] [INFO] [cadence.virtuoso.ade.simulationMonitor] - Notice from spectre at freq = 0 Hz during DC analysis, during XF analysis `xf', during Monte Carlo analysis `mc1'.
    Bad pivoting is found during DC analysis. Option dc_pivot_check=yes is recommended for possible improvement of convergence. {"history": "MonteCarlo.0", "point": 26, "testname": "DC_MC", "cornername": "Nominal"}
[2026-05-27 11:31:08.463 Z] [WARN] [cadence.virtuoso.ade.simulationMonitor] -     WARNING (CMI-2943): Parameter checks have been ignored because the valid value for parameter 'trise' could not be found in 'C0'. {"history": "MonteCarlo.0", "point": 26, "testname": "DC_MC", "cornername": "Nominal"}
[2026-05-27 11:31:08.465 Z] [WARN] [cadence.virtuoso.ade.simulationMonitor] -     WARNING (CMI-2943): Parameter checks have been ignored because the valid value for parameter 'trise' could not be found in 'I0.R44.CM'. {"history": "MonteCarlo.0", "point": 26, "testname": "DC_MC", "cornername": "Nominal"}
[2026-05-27 11:31:08.465 Z] [WARN] [cadence.virtuoso.ade.simulationMonitor] -     WARNING (CMI-2943): Parameter checks have been ignored because the valid value for parameter 'trise' could not be found in 'I0.R44.CS1'. {"history": "MonteCarlo.0", "point": 26, "testname": "DC_MC", "cornername": "Nominal"}
[2026-05-27 11:31:08.465 Z] [WARN] [cadence.virtuoso.ade.simulationMonitor] -     WARNING (CMI-2943): Parameter checks have been ignored because the valid value for parameter 'trise' could not be found in 'I0.R44.CS0'. {"history": "MonteCarlo.0", "point": 26, "testname": "DC_MC", "cornername": "Nominal"}
[2026-05-27 11:31:08.465 Z] [WARN] [cadence.virtuoso.ade.simulationMonitor] -     WARNING (CMI-2943): Parameter checks have been ignored because the valid value for parameter 'trise' could not be found in 'I0.R23.CM'.
        Further occurrences of this warning will be suppressed. {"history": "MonteCarlo.0", "point": 26, "testname": "DC_MC", "cornername": "Nominal"}
[2026-05-27 11:31:08.465 Z] [INFO] [cadence.virtuoso.ade.simulationMonitor] - Total time required for xf analysis `xf': CPU = 769.666 ms, elapsed = 497.422 ms, util. = 155%. {"history": "MonteCarlo.0", "point": 26, "testname": "DC_MC", "cornername": "Nominal"}
[2026-05-27 11:31:08.466 Z] [INFO] [cadence.virtuoso.ade.simulationMonitor] - Peak resident memory used = 298 Mbytes. {"history": "MonteCarlo.0", "point": 26, "testname": "DC_MC", "cornername": "Nominal"}
[2026-05-27 11:31:08.466 Z] [INFO] [cadence.virtuoso.ade.simulationMonitor] - Notice from spectre during XF analysis `xf', during Monte Carlo analysis `mc1'.
    137 warnings suppressed. {"history": "MonteCarlo.0", "point": 26, "testname": "DC_MC", "cornername": "Nominal"}
[2026-05-27 11:31:08.466 Z] [PROCESS] [cadence.virtuoso.ade.simulationMonitor] - Finished simulating for one iteration {"hostname": "il2244vt26_hrahimi", "processid": 290031, "history": "MonteCarlo.0", "testname": "DC_MC", "cornername": "Nominal", "point": 26, "logfile": "/home/hrahimi/projects/POTENTIOSTAT_26/logs_hrahimi/logs0/Job34.log", "simid": "1"}
[2026-05-27 11:31:08.968 Z] [INFO] [cadence.virtuoso.ade.simulationMonitor] - Total time required for montecarlo analysis `mc1': CPU = 65.608 s (1m  5.6s), elapsed = 72.9251 s (1m  12.9s), util. = 90%. {"history": "MonteCarlo.0", "point": 26, "testname": "DC_MC", "cornername": "Nominal"}
[2026-05-27 11:31:08.968 Z] [INFO] [cadence.virtuoso.ade.simulationMonitor] - Peak resident memory used = 298 Mbytes. {"history": "MonteCarlo.0", "point": 26, "testname": "DC_MC", "cornername": "Nominal"}
[2026-05-27 11:31:08.968 Z] [INFO] [cadence.virtuoso.ade.simulationMonitor] - Time used: CPU = 67 s (1m  7.0s), elapsed = 75.2 s (1m  15.2s), util. = 89.2%. {"history": "MonteCarlo.0", "point": 26, "testname": "DC_MC", "cornername": "Nominal"}
[2026-05-27 11:31:08.969 Z] [INFO] [cadence.virtuoso.ade.simulationMonitor] - Time spent in licensing: elapsed = 113 ms. {"history": "MonteCarlo.0", "point": 26, "testname": "DC_MC", "cornername": "Nominal"}
[2026-05-27 11:31:08.969 Z] [INFO] [cadence.virtuoso.ade.simulationMonitor] - Peak memory used = 299 Mbytes. {"history": "MonteCarlo.0", "point": 26, "testname": "DC_MC", "cornername": "Nominal"}
[2026-05-27 11:31:08.971 Z] [PROCESS] [cadence.virtuoso.ade.simulationMonitor] - Simulation started at: 11:29:53 AM, Wed May 27, 2026, ended at: 11:31:08 AM, Wed May 27, 2026, with elapsed time (wall clock): 75.2 s (1m  15.2s). {"history": "MonteCarlo.0", "point": 14, "testname": "DC_MC", "cornername": "Nominal", "Points": "14 15 16 17 18 19 20 21 22 23 24 25 26 "}
[2026-05-27 11:31:08.971 Z] [PROCESS] [cadence.virtuoso.ade.simulationMonitor] - spectre completes with 0 errors, 228 warnings, and 271 notices. {"history": "MonteCarlo.0", "point": 14, "testname": "DC_MC", "cornername": "Nominal", "Points": "14 15 16 17 18 19 20 21 22 23 24 25 26 "}
[2026-05-27 11:31:08.972 Z] [PROCESS] [cadence.virtuoso.ade.simulationMonitor] - Simulator exited {"hostname": "il2244vt26_hrahimi", "processid": 290031, "history": "MonteCarlo.0", "testname": "DC_MC", "cornername": "Nominal", "point": 26, "logfile": "/home/hrahimi/projects/POTENTIOSTAT_26/logs_hrahimi/logs0/Job34.log", "exitStatus": "0"}
[2026-05-27 11:31:08.972 Z] [PROCESS] [cadence.virtuoso.ade.simulationMonitor] - Finished Simulation {"hostname": "il2244vt26_hrahimi", "processid": 290031, "history": "MonteCarlo.0", "testname": "DC_MC", "cornername": "Nominal", "point": 14, "logfile": "/home/hrahimi/projects/POTENTIOSTAT_26/logs_hrahimi/logs0/Job34.log", "simid": "1"}
[2026-05-27 11:31:10.981 Z] [PROCESS] [cadence.virtuoso.ade.simulationMonitor] - Point Finished {"hostname": "il2244vt26_hrahimi", "processid": 290031, "history": "MonteCarlo.0", "testname": "DC_MC", "cornername": "Nominal", "point": 14, "logfile": "/home/hrahimi/projects/POTENTIOSTAT_26/logs_hrahimi/logs0/Job34.log"}
[2026-05-27 11:31:11.985 Z] [PROCESS] [cadence.virtuoso.ade.simulationMonitor] - Stay with the runId '1', Linger time '300', currentRunSyn '3', currentTestSyn '4' {"hostname": "il2244vt26_hrahimi", "processid": 290031, "history": "MonteCarlo.0", "testname": "DC_MC", "cornername": "Nominal", "point": 14, "logfile": "/home/hrahimi/projects/POTENTIOSTAT_26/logs_hrahimi/logs0/Job34.log"}
[2026-05-27 11:31:12.987 Z] [PROCESS] [cadence.virtuoso.ade.simulationMonitor] - Stay with the runId '1', Linger time '300', currentRunSyn '3', currentTestSyn '4' {"hostname": "il2244vt26_hrahimi", "processid": 290031, "history": "MonteCarlo.0", "testname": "DC_MC", "cornername": "Nominal", "point": 14, "logfile": "/home/hrahimi/projects/POTENTIOSTAT_26/logs_hrahimi/logs0/Job34.log"}
[2026-05-27 11:31:13.988 Z] [PROCESS] [cadence.virtuoso.ade.simulationMonitor] - Stay with the runId '1', Linger time '300', currentRunSyn '3', currentTestSyn '4' {"hostname": "il2244vt26_hrahimi", "processid": 290031, "history": "MonteCarlo.0", "testname": "DC_MC", "cornername": "Nominal", "point": 14, "logfile": "/home/hrahimi/projects/POTENTIOSTAT_26/logs_hrahimi/logs0/Job34.log"}
[2026-05-27 11:31:14.990 Z] [PROCESS] [cadence.virtuoso.ade.simulationMonitor] - Stay with the runId '1', Linger time '300', currentRunSyn '3', currentTestSyn '4' {"hostname": "il2244vt26_hrahimi", "processid": 290031, "history": "MonteCarlo.0", "testname": "DC_MC", "cornername": "Nominal", "point": 14, "logfile": "/home/hrahimi/projects/POTENTIOSTAT_26/logs_hrahimi/logs0/Job34.log"}
[2026-05-27 11:31:15.990 Z] [PROCESS] [cadence.virtuoso.ade.simulationMonitor] - Stay with the runId '1', Linger time '300', currentRunSyn '3', currentTestSyn '4' {"hostname": "il2244vt26_hrahimi", "processid": 290031, "history": "MonteCarlo.0", "testname": "DC_MC", "cornername": "Nominal", "point": 14, "logfile": "/home/hrahimi/projects/POTENTIOSTAT_26/logs_hrahimi/logs0/Job34.log"}
[2026-05-27 11:31:17.003 Z] [PROCESS] [cadence.virtuoso.ade.simulationMonitor] - Stay with the runId '1', Linger time '300', currentRunSyn '3', currentTestSyn '4' {"hostname": "il2244vt26_hrahimi", "processid": 290031, "history": "MonteCarlo.0", "testname": "DC_MC", "cornername": "Nominal", "point": 14, "logfile": "/home/hrahimi/projects/POTENTIOSTAT_26/logs_hrahimi/logs0/Job34.log"}
[2026-05-27 11:31:17.999 Z] [PROCESS] [cadence.virtuoso.ade.simulationMonitor] - Stay with the runId '1', Linger time '300', currentRunSyn '3', currentTestSyn '4' {"hostname": "il2244vt26_hrahimi", "processid": 290031, "history": "MonteCarlo.0", "testname": "DC_MC", "cornername": "Nominal", "point": 14, "logfile": "/home/hrahimi/projects/POTENTIOSTAT_26/logs_hrahimi/logs0/Job34.log"}
[2026-05-27 11:31:18.997 Z] [PROCESS] [cadence.virtuoso.ade.simulationMonitor] - Stay with the runId '1', Linger time '300', currentRunSyn '3', currentTestSyn '4' {"hostname": "il2244vt26_hrahimi", "processid": 290031, "history": "MonteCarlo.0", "testname": "DC_MC", "cornername": "Nominal", "point": 14, "logfile": "/home/hrahimi/projects/POTENTIOSTAT_26/logs_hrahimi/logs0/Job34.log"}
[2026-05-27 11:31:20.007 Z] [PROCESS] [cadence.virtuoso.ade.simulationMonitor] - Stay with the runId '1', Linger time '300', currentRunSyn '3', currentTestSyn '4' {"hostname": "il2244vt26_hrahimi", "processid": 290031, "history": "MonteCarlo.0", "testname": "DC_MC", "cornername": "Nominal", "point": 14, "logfile": "/home/hrahimi/projects/POTENTIOSTAT_26/logs_hrahimi/logs0/Job34.log"}
[2026-05-27 11:31:21.002 Z] [PROCESS] [cadence.virtuoso.ade.simulationMonitor] - Stay with the runId '1', Linger time '300', currentRunSyn '3', currentTestSyn '4' {"hostname": "il2244vt26_hrahimi", "processid": 290031, "history": "MonteCarlo.0", "testname": "DC_MC", "cornername": "Nominal", "point": 14, "logfile": "/home/hrahimi/projects/POTENTIOSTAT_26/logs_hrahimi/logs0/Job34.log"}
[2026-05-27 11:31:21.999 Z] [PROCESS] [cadence.virtuoso.ade.simulationMonitor] - Stay with the runId '1', Linger time '300', currentRunSyn '3', currentTestSyn '4' {"hostname": "il2244vt26_hrahimi", "processid": 290031, "history": "MonteCarlo.0", "testname": "DC_MC", "cornername": "Nominal", "point": 14, "logfile": "/home/hrahimi/projects/POTENTIOSTAT_26/logs_hrahimi/logs0/Job34.log"}
[2026-05-27 11:31:22.999 Z] [PROCESS] [cadence.virtuoso.ade.simulationMonitor] - Stay with the runId '1', Linger time '300', currentRunSyn '3', currentTestSyn '4' {"hostname": "il2244vt26_hrahimi", "processid": 290031, "history": "MonteCarlo.0", "testname": "DC_MC", "cornername": "Nominal", "point": 14, "logfile": "/home/hrahimi/projects/POTENTIOSTAT_26/logs_hrahimi/logs0/Job34.log"}
[2026-05-27 11:31:24.000 Z] [PROCESS] [cadence.virtuoso.ade.simulationMonitor] - Stay with the runId '1', Linger time '300', currentRunSyn '3', currentTestSyn '4' {"hostname": "il2244vt26_hrahimi", "processid": 290031, "history": "MonteCarlo.0", "testname": "DC_MC", "cornername": "Nominal", "point": 14, "logfile": "/home/hrahimi/projects/POTENTIOSTAT_26/logs_hrahimi/logs0/Job34.log"}
[2026-05-27 11:31:25.001 Z] [PROCESS] [cadence.virtuoso.ade.simulationMonitor] - Stay with the runId '1', Linger time '300', currentRunSyn '3', currentTestSyn '4' {"hostname": "il2244vt26_hrahimi", "processid": 290031, "history": "MonteCarlo.0", "testname": "DC_MC", "cornername": "Nominal", "point": 14, "logfile": "/home/hrahimi/projects/POTENTIOSTAT_26/logs_hrahimi/logs0/Job34.log"}
[2026-05-27 11:36:12.869 Z] [PROCESS] [cadence.virtuoso.ade.simulationMonitor] - Current memory used: 52.9531 MBytes, peak memory used: 52.9531 MBytes {"hostname": "il2244vt26_hrahimi", "processid": 290031, "history": "MonteCarlo.0", "testname": "DC_MC", "cornername": "Nominal", "point": 14, "logfile": "/home/hrahimi/projects/POTENTIOSTAT_26/logs_hrahimi/logs0/Job34.log"}
[2026-05-27 11:36:12.870 Z] [PROCESS] [cadence.virtuoso.ade.simulationMonitor] - Simulation Monitor process exit. {"hostname": "il2244vt26_hrahimi", "processid": 290031, "history": "MonteCarlo.0", "testname": "DC_MC", "cornername": "Nominal", "point": 14, "logfile": "/home/hrahimi/projects/POTENTIOSTAT_26/logs_hrahimi/logs0/Job34.log"}
