[Simulation Monitor: 77]
[2026-06-04 08:50:06.751 Z] [PROCESS] [cadence.virtuoso.ade.simulationMonitor] - Simulation Monitor has successfully started up. Trying to set up communication channels to other components ... {"hostname": "il2244vt26_hrahimi", "processid": 2886028, "logfile": "/home/hrahimi/projects/POTENTIOSTAT_26/logs_hrahimi/logs0/Job77.log"}
[2026-06-04 08:50:06.753 Z] [PROCESS] [cadence.virtuoso.ade.simulationMonitor] - Communication channels have been successfully set up. Start processing events ... {"hostname": "il2244vt26_hrahimi", "processid": 2886028, "logfile": "/home/hrahimi/projects/POTENTIOSTAT_26/logs_hrahimi/logs0/Job77.log"}
[2026-06-04 08:50:06.753 Z] [PROCESS] [cadence.virtuoso.ade.simulationMonitor] - Considering to start history {"hostname": "il2244vt26_hrahimi", "processid": 2886028, "history": "Interactive.379", "logfile": "/home/hrahimi/projects/POTENTIOSTAT_26/logs_hrahimi/logs0/Job77.log"}
[2026-06-04 08:50:06.766 Z] [PROCESS] [cadence.virtuoso.ade.simulationMonitor] - Padding test token found for runId '44', Linger time '300', currentRunSyn '85', currentTestSyn '143' {"hostname": "il2244vt26_hrahimi", "processid": 2886028, "history": "Interactive.379", "logfile": "/home/hrahimi/projects/POTENTIOSTAT_26/logs_hrahimi/logs0/Job77.log"}
[2026-06-04 08:50:06.772 Z] [PROCESS] [cadence.virtuoso.ade.simulationMonitor] - HostInfo:
Host name (type):	il2244vt26_hrahimi (x86_64)
Operating system:	Linux 5.15.0-164-generic #174-Ubuntu SMP Fri Nov 14 20:25:16 UTC 2025 {"hostname": "il2244vt26_hrahimi", "processid": 2886028, "history": "Interactive.379", "logfile": "/home/hrahimi/projects/POTENTIOSTAT_26/logs_hrahimi/logs0/Job77.log", "nodename": "il2244vt26_hrahimi", "domainname": "(none)", "machine": "x86_64", "sysname": "Linux", "release": "5.15.0-164-generic", "version": "#174-Ubuntu SMP Fri Nov 14 20:25:16 UTC 2025"}
[2026-06-04 08:50:06.773 Z] [PROCESS] [cadence.virtuoso.ade.simulationMonitor] - UsageInfo:
pid=2886028
totalPhysicalMemory=3023.749672GB,Used=2747.226185GB,totalVirtualMemory=3031.749668GB,Used=2747.334095GB
Cpu: Cores=48, Load average:6.330000,6.430000,16.520000 {"hostname": "il2244vt26_hrahimi", "processid": 2886028, "history": "Interactive.379", "logfile": "/home/hrahimi/projects/POTENTIOSTAT_26/logs_hrahimi/logs0/Job77.log", "pid": "2886028", "totalPhysicalMemory": "3023.749672", "physicalMemoryUsed": "2747.226185", "totalVirtualMemory": "3031.749668", "virtualMemoryUsed": "2747.334095", "cpuCores": "48", "processes": "29535", "loadAverage1": "6.330000", "loadAverage5": "6.430000", "loadAverage15": "16.520000", "loadAverage1Percent": "0.131875"}
[2026-06-04 08:50:06.774 Z] [EVENT] [cadence.virtuoso.ade.simulationMonitor] - NewPoint {"history": "Interactive.379", "point": 1, "testname": "TIA_Gain_Linearity", "cornername": "Nominal", "event": "NewPoint", "EventSource": "Simulation Monitor", "HistoryName": "Interactive.379", "logFile": "/home/hrahimi/projects/POTENTIOSTAT_26/logs_hrahimi/logs0/Job77.log", "logFileSize": "2635"}
[2026-06-04 08:50:06.877 Z] [EVENT] [cadence.virtuoso.ade.simulationMonitor] - NewPoint {"history": "Interactive.379", "point": 1, "testname": "TIA_Gain_Linearity", "cornername": "Nominal", "event": "NewPoint", "EventSource": "spectre", "HistoryName": "Interactive.379", "logFile": "/home/hrahimi/projects/POTENTIOSTAT_26/Sim/Potentiostat_Top/top/maestro/results/maestro/Interactive.379/1/TIA_Gain_Linearity/psf/spectre.out", "logFileSize": "-1"}
[2026-06-04 08:50:07.424 Z] [PROCESS] [cadence.virtuoso.ade.simulationMonitor] - Simulator launched {"hostname": "il2244vt26_hrahimi", "processid": 2886028, "history": "Interactive.379", "testname": "TIA_Gain_Linearity", "cornername": "Nominal", "point": 1, "logfile": "/home/hrahimi/projects/POTENTIOSTAT_26/logs_hrahimi/logs0/Job77.log", "simid": "1"}
[2026-06-04 08:50:07.428 Z] [PROCESS] [cadence.virtuoso.ade.simulationMonitor] - Expression evaluator launched {"hostname": "il2244vt26_hrahimi", "processid": 2886028, "history": "Interactive.379", "testname": "TIA_Gain_Linearity", "cornername": "Nominal", "point": 1, "logfile": "/home/hrahimi/projects/POTENTIOSTAT_26/logs_hrahimi/logs0/Job77.log"}
[2026-06-04 08:50:07.495 Z] [PROCESS] [cadence.virtuoso.ade.simulationMonitor] - Started Simulation {"hostname": "il2244vt26_hrahimi", "processid": 2886028, "history": "Interactive.379", "testname": "TIA_Gain_Linearity", "cornername": "Nominal", "point": 1, "logfile": "/home/hrahimi/projects/POTENTIOSTAT_26/logs_hrahimi/logs0/Job77.log", "event": "started", "task": "simulation"}
[2026-06-04 08:50:08.496 Z] [WARN] [cadence.virtuoso.ade.simulationMonitor] -     WARNING (SPECTRE-691): This CPU processor does not support x86 advanced vector extensions instructions. This may affect math operations and slow down the simulation. {"history": "Interactive.379", "point": 1, "testname": "TIA_Gain_Linearity", "cornername": "Nominal"}
[2026-06-04 08:50:08.496 Z] [INFO] [cadence.virtuoso.ade.simulationMonitor] - Notice from spectre during circuit read-in.
    Pre_Configuration file used: /opt/tools/cadence/installs/SPECTRE241/tools.lnx86/spectre/etc/configs/preset.precfg
    Configuration file used: `/opt/tools/cadence/installs/SPECTRE241/tools.lnx86/spectre/etc/configs/preset.cfg'. {"history": "Interactive.379", "point": 1, "testname": "TIA_Gain_Linearity", "cornername": "Nominal"}
[2026-06-04 08:50:08.496 Z] [WARN] [cadence.virtuoso.ade.simulationMonitor] -     WARNING (SPECTRE-8360): line 1511: `ac' is an undefined primitive device. {"history": "Interactive.379", "point": 1, "testname": "TIA_Gain_Linearity", "cornername": "Nominal"}
[2026-06-04 08:50:08.497 Z] [WARN] [cadence.virtuoso.ade.simulationMonitor] -     WARNING (SPECTRE-8360): line 1512: `ac' is an undefined primitive device. {"history": "Interactive.379", "point": 1, "testname": "TIA_Gain_Linearity", "cornername": "Nominal"}
[2026-06-04 08:50:08.497 Z] [WARN] [cadence.virtuoso.ade.simulationMonitor] -     WARNING (SPECTRE-8360): line 1513: `ac' is an undefined primitive device. {"history": "Interactive.379", "point": 1, "testname": "TIA_Gain_Linearity", "cornername": "Nominal"}
[2026-06-04 08:50:08.497 Z] [WARN] [cadence.virtuoso.ade.simulationMonitor] -     WARNING (SPECTRE-8360): line 1514: `ac' is an undefined primitive device. {"history": "Interactive.379", "point": 1, "testname": "TIA_Gain_Linearity", "cornername": "Nominal"}
[2026-06-04 08:50:08.497 Z] [WARN] [cadence.virtuoso.ade.simulationMonitor] -     WARNING (SPECTRE-8360): line 1515: `ac' is an undefined primitive device.
        Further occurrences of this warning will be suppressed. {"history": "Interactive.379", "point": 1, "testname": "TIA_Gain_Linearity", "cornername": "Nominal"}
[2026-06-04 08:50:08.498 Z] [WARN] [cadence.virtuoso.ade.simulationMonitor] -     WARNING (VACOMP-2435): The environment variable CDS_AHDLCMI_ENABLE is no longer supported. Therefore, the simulator will use the default compiled C code flow. {"history": "Interactive.379", "point": 1, "testname": "TIA_Gain_Linearity", "cornername": "Nominal"}
[2026-06-04 08:50:08.998 Z] [INFO] [cadence.virtuoso.ade.simulationMonitor] - Peak resident memory used = 202 Mbytes. {"history": "Interactive.379", "point": 1, "testname": "TIA_Gain_Linearity", "cornername": "Nominal"}
[2026-06-04 08:50:09.999 Z] [WARN] [cadence.virtuoso.ade.simulationMonitor] -     WARNING (SFE-3027): The dangling resistor I7.rb286 is removed. {"history": "Interactive.379", "point": 1, "testname": "TIA_Gain_Linearity", "cornername": "Nominal"}
[2026-06-04 08:50:09.999 Z] [WARN] [cadence.virtuoso.ade.simulationMonitor] -     WARNING (SFE-3027): The dangling resistor I7.rb20 is removed. {"history": "Interactive.379", "point": 1, "testname": "TIA_Gain_Linearity", "cornername": "Nominal"}
[2026-06-04 08:50:09.999 Z] [WARN] [cadence.virtuoso.ade.simulationMonitor] -     WARNING (SFE-3027): The dangling resistor I7.rb282 is removed. {"history": "Interactive.379", "point": 1, "testname": "TIA_Gain_Linearity", "cornername": "Nominal"}
[2026-06-04 08:50:09.999 Z] [WARN] [cadence.virtuoso.ade.simulationMonitor] -     WARNING (SFE-3027): The dangling resistor I7.rd2 is removed. {"history": "Interactive.379", "point": 1, "testname": "TIA_Gain_Linearity", "cornername": "Nominal"}
[2026-06-04 08:50:10.000 Z] [WARN] [cadence.virtuoso.ade.simulationMonitor] -     WARNING (SFE-3027): The dangling resistor I7.rb285 is removed.
        Further occurrences of this warning will be suppressed. {"history": "Interactive.379", "point": 1, "testname": "TIA_Gain_Linearity", "cornername": "Nominal"}
[2026-06-04 08:50:10.000 Z] [WARN] [cadence.virtuoso.ade.simulationMonitor] -     WARNING (SFE-3012): The dummy device I0.I16.DLIB12 is removed. {"history": "Interactive.379", "point": 1, "testname": "TIA_Gain_Linearity", "cornername": "Nominal"}
[2026-06-04 08:50:10.000 Z] [WARN] [cadence.virtuoso.ade.simulationMonitor] -     WARNING (SFE-3012): The dummy device I0.I15.DLIB9 is removed. {"history": "Interactive.379", "point": 1, "testname": "TIA_Gain_Linearity", "cornername": "Nominal"}
[2026-06-04 08:50:10.000 Z] [WARN] [cadence.virtuoso.ade.simulationMonitor] -     WARNING (SFE-3012): The dummy device I0.I0.DLIB6 is removed. {"history": "Interactive.379", "point": 1, "testname": "TIA_Gain_Linearity", "cornername": "Nominal"}
[2026-06-04 08:50:10.001 Z] [WARN] [cadence.virtuoso.ade.simulationMonitor] -     WARNING (SFE-3012): The dummy device I0.I16.DLIB10 is removed. {"history": "Interactive.379", "point": 1, "testname": "TIA_Gain_Linearity", "cornername": "Nominal"}
[2026-06-04 08:50:10.001 Z] [WARN] [cadence.virtuoso.ade.simulationMonitor] -     WARNING (SFE-3012): The dummy device I0.I17.DLIB5 is removed.
        Further occurrences of this warning will be suppressed. {"history": "Interactive.379", "point": 1, "testname": "TIA_Gain_Linearity", "cornername": "Nominal"}
[2026-06-04 08:50:10.001 Z] [WARN] [cadence.virtuoso.ade.simulationMonitor] -     WARNING (SFE-3028): The floating resistor R8 is removed. {"history": "Interactive.379", "point": 1, "testname": "TIA_Gain_Linearity", "cornername": "Nominal"}
[2026-06-04 08:50:10.001 Z] [WARN] [cadence.virtuoso.ade.simulationMonitor] -     WARNING (SFE-3029): The dummy capacitor I2.c27789 is removed. {"history": "Interactive.379", "point": 1, "testname": "TIA_Gain_Linearity", "cornername": "Nominal"}
[2026-06-04 08:50:10.002 Z] [WARN] [cadence.virtuoso.ade.simulationMonitor] -     WARNING (SFE-3015): The dangling node I2.210\:GNDA is removed. {"history": "Interactive.379", "point": 1, "testname": "TIA_Gain_Linearity", "cornername": "Nominal"}
[2026-06-04 08:50:10.002 Z] [WARN] [cadence.virtuoso.ade.simulationMonitor] -     WARNING (SFE-3015): The dangling node I2.192\:VPI is removed. {"history": "Interactive.379", "point": 1, "testname": "TIA_Gain_Linearity", "cornername": "Nominal"}
[2026-06-04 08:50:10.002 Z] [WARN] [cadence.virtuoso.ade.simulationMonitor] -     WARNING (SFE-3015): The dangling node I2.693\:VPI is removed. {"history": "Interactive.379", "point": 1, "testname": "TIA_Gain_Linearity", "cornername": "Nominal"}
[2026-06-04 08:50:10.002 Z] [WARN] [cadence.virtuoso.ade.simulationMonitor] -     WARNING (SFE-3015): The dangling node I2.13\:I25|I30|SN is removed. {"history": "Interactive.379", "point": 1, "testname": "TIA_Gain_Linearity", "cornername": "Nominal"}
[2026-06-04 08:50:10.002 Z] [WARN] [cadence.virtuoso.ade.simulationMonitor] -     WARNING (SFE-3015): The dangling node I2.33\:S(3) is removed.
        Further occurrences of this warning will be suppressed. {"history": "Interactive.379", "point": 1, "testname": "TIA_Gain_Linearity", "cornername": "Nominal"}
[2026-06-04 08:50:10.002 Z] [WARN] [cadence.virtuoso.ade.simulationMonitor] -     WARNING (SFE-3016): The floating node net73 is removed. {"history": "Interactive.379", "point": 1, "testname": "TIA_Gain_Linearity", "cornername": "Nominal"}
[2026-06-04 08:50:10.003 Z] [WARN] [cadence.virtuoso.ade.simulationMonitor] -     WARNING (SFE-3016): The floating node net74 is removed. {"history": "Interactive.379", "point": 1, "testname": "TIA_Gain_Linearity", "cornername": "Nominal"}
[2026-06-04 08:50:10.003 Z] [WARN] [cadence.virtuoso.ade.simulationMonitor] -     WARNING (SFE-3023): The dangling node net45 is removed. It should not be dangling since it is defined in top level. {"history": "Interactive.379", "point": 1, "testname": "TIA_Gain_Linearity", "cornername": "Nominal"}
[2026-06-04 08:50:10.003 Z] [WARN] [cadence.virtuoso.ade.simulationMonitor] -     WARNING (SFE-3023): The dangling node net46 is removed. It should not be dangling since it is defined in top level. {"history": "Interactive.379", "point": 1, "testname": "TIA_Gain_Linearity", "cornername": "Nominal"}
[2026-06-04 08:50:10.003 Z] [INFO] [cadence.virtuoso.ade.simulationMonitor] - Notice from spectre during hierarchy flattening.
    Spectre X Parasitic Optimization enabled.
    Parasitic optimization will filter out parasitic nodes, nodes only connected to RCs, by default. To view individual parasitic nodes use individual save statements (i.e. save out), or use the 'savefilter=none' option to save all parasitic nodes. Saving all parasitic nodes may slow down simulation and create large waveform files. {"history": "Interactive.379", "point": 1, "testname": "TIA_Gain_Linearity", "cornername": "Nominal"}
[2026-06-04 08:50:10.003 Z] [INFO] [cadence.virtuoso.ade.simulationMonitor] - Peak resident memory used = 237 Mbytes. {"history": "Interactive.379", "point": 1, "testname": "TIA_Gain_Linearity", "cornername": "Nominal"}
[2026-06-04 08:50:10.004 Z] [INFO] [cadence.virtuoso.ade.simulationMonitor] - Notice from spectre during hierarchy flattening.
    The value 'psf' specified for the 'checklimitdest' option will no longer be supported in future releases. Use 'spectre -h' to see other recommended values for the 'checklimitdest' option.
    I0.I46.RLIB_GC1.CS0 of rpoly1c: `c' has the unusually small value of 634.694e-21 F.
    I0.I46.RLIB_GC1.CS1 of rpoly1c: `c' has the unusually small value of 634.694e-21 F.
    I0.I45.RLIB_GC1.CS0 of rpoly1c: `c' has the unusually small value of 634.694e-21 F.
    I0... {"history": "Interactive.379", "point": 1, "testname": "TIA_Gain_Linearity", "cornername": "Nominal"}
[2026-06-04 08:50:10.504 Z] [INFO] [cadence.virtuoso.ade.simulationMonitor] - Notice from spectre during hierarchy flattening.
    V8: `period' has the unusually large value of 100 s.
    V7: `period' has the unusually large value of 10 s.
    V3: `period' has the unusually large value of 6 s.
    I26: `period' has the unusually large value of 6 s. {"history": "Interactive.379", "point": 1, "testname": "TIA_Gain_Linearity", "cornername": "Nominal"}
[2026-06-04 08:50:10.504 Z] [INFO] [cadence.virtuoso.ade.simulationMonitor] - Peak resident memory used = 251 Mbytes. {"history": "Interactive.379", "point": 1, "testname": "TIA_Gain_Linearity", "cornername": "Nominal"}
[2026-06-04 08:50:10.505 Z] [WARN] [cadence.virtuoso.ade.simulationMonitor] -     WARNING (CMI-2425): I2.I56|C3: `Acde' = 2.393 is unusually large. {"history": "Interactive.379", "point": 1, "testname": "TIA_Gain_Linearity", "cornername": "Nominal"}
[2026-06-04 08:50:10.505 Z] [WARN] [cadence.virtuoso.ade.simulationMonitor] -     WARNING (CMI-2425): I2.I56|C3: `Noff' = 4.732 is unusually large. {"history": "Interactive.379", "point": 1, "testname": "TIA_Gain_Linearity", "cornername": "Nominal"}
[2026-06-04 08:50:10.505 Z] [WARN] [cadence.virtuoso.ade.simulationMonitor] -     WARNING (CMI-2424): I2.I56|C3: `Voffcv' = -867.4e-03 is unusually small. {"history": "Interactive.379", "point": 1, "testname": "TIA_Gain_Linearity", "cornername": "Nominal"}
[2026-06-04 08:50:10.505 Z] [WARN] [cadence.virtuoso.ade.simulationMonitor] -     WARNING (CMI-2425): I2.I56|C4: `Acde' = 2.393 is unusually large. {"history": "Interactive.379", "point": 1, "testname": "TIA_Gain_Linearity", "cornername": "Nominal"}
[2026-06-04 08:50:10.505 Z] [WARN] [cadence.virtuoso.ade.simulationMonitor] -     WARNING (CMI-2425): I2.I56|C4: `Noff' = 4.732 is unusually large. {"history": "Interactive.379", "point": 1, "testname": "TIA_Gain_Linearity", "cornername": "Nominal"}
[2026-06-04 08:50:10.506 Z] [WARN] [cadence.virtuoso.ade.simulationMonitor] -     WARNING (CMI-2424): I2.I56|C4: `Voffcv' = -867.4e-03 is unusually small. {"history": "Interactive.379", "point": 1, "testname": "TIA_Gain_Linearity", "cornername": "Nominal"}
[2026-06-04 08:50:10.506 Z] [WARN] [cadence.virtuoso.ade.simulationMonitor] -     WARNING (CMI-2425): I2.I56|C5: `Acde' = 2.393 is unusually large.
        Further occurrences of this warning will be suppressed. {"history": "Interactive.379", "point": 1, "testname": "TIA_Gain_Linearity", "cornername": "Nominal"}
[2026-06-04 08:50:10.506 Z] [WARN] [cadence.virtuoso.ade.simulationMonitor] -     WARNING (CMI-2424): I2.I56|C5: `Voffcv' = -867.4e-03 is unusually small. {"history": "Interactive.379", "point": 1, "testname": "TIA_Gain_Linearity", "cornername": "Nominal"}
[2026-06-04 08:50:10.506 Z] [WARN] [cadence.virtuoso.ade.simulationMonitor] -     WARNING (CMI-2424): I7.I4|C1(10): `Voffcv' = -867.4e-03 is unusually small. {"history": "Interactive.379", "point": 1, "testname": "TIA_Gain_Linearity", "cornername": "Nominal"}
[2026-06-04 08:50:10.506 Z] [WARN] [cadence.virtuoso.ade.simulationMonitor] -     WARNING (CMI-2424): I7.I4|C1(9): `Voffcv' = -867.4e-03 is unusually small.
        Further occurrences of this warning will be suppressed. {"history": "Interactive.379", "point": 1, "testname": "TIA_Gain_Linearity", "cornername": "Nominal"}
[2026-06-04 08:50:11.507 Z] [WARN] [cadence.virtuoso.ade.simulationMonitor] -     WARNING (SPECTRE-17607): Assert `SOAC_vert10_vsubpsub' is ignored because it contains an expression which is invalid or not supported by native evaluator.  {"history": "Interactive.379", "point": 1, "testname": "TIA_Gain_Linearity", "cornername": "Nominal"}
[2026-06-04 08:50:11.507 Z] [WARN] [cadence.virtuoso.ade.simulationMonitor] -     WARNING (SPECTRE-17607): Assert `SOAC_vert10_vcsub' is ignored because it contains an expression which is invalid or not supported by native evaluator.  {"history": "Interactive.379", "point": 1, "testname": "TIA_Gain_Linearity", "cornername": "Nominal"}
[2026-06-04 08:50:11.507 Z] [WARN] [cadence.virtuoso.ade.simulationMonitor] -     WARNING (SPECTRE-16460): SOAC_cvarm_vspsub:Specified subcircuit master `cvarm' was not found. {"history": "Interactive.379", "point": 1, "testname": "TIA_Gain_Linearity", "cornername": "Nominal"}
[2026-06-04 08:50:11.508 Z] [WARN] [cadence.virtuoso.ade.simulationMonitor] -     WARNING (SPECTRE-16462): SOAC_cvarm_vspsub:Error in specification of subcircuit master. Assert is ignored. {"history": "Interactive.379", "point": 1, "testname": "TIA_Gain_Linearity", "cornername": "Nominal"}
[2026-06-04 08:50:11.508 Z] [WARN] [cadence.virtuoso.ade.simulationMonitor] -     WARNING (SPECTRE-16460): SOAC_cvarm_vbs:Specified subcircuit master `cvarm' was not found. {"history": "Interactive.379", "point": 1, "testname": "TIA_Gain_Linearity", "cornername": "Nominal"}
[2026-06-04 08:50:11.508 Z] [WARN] [cadence.virtuoso.ade.simulationMonitor] -     WARNING (SPECTRE-16462): SOAC_cvarm_vbs:Error in specification of subcircuit master. Assert is ignored. {"history": "Interactive.379", "point": 1, "testname": "TIA_Gain_Linearity", "cornername": "Nominal"}
[2026-06-04 08:50:11.508 Z] [WARN] [cadence.virtuoso.ade.simulationMonitor] -     WARNING (SPECTRE-16460): SOAC_cvarm_vgb:Specified subcircuit master `cvarm' was not found. {"history": "Interactive.379", "point": 1, "testname": "TIA_Gain_Linearity", "cornername": "Nominal"}
[2026-06-04 08:50:11.508 Z] [WARN] [cadence.virtuoso.ade.simulationMonitor] -     WARNING (SPECTRE-16462): SOAC_cvarm_vgb:Error in specification of subcircuit master. Assert is ignored. {"history": "Interactive.379", "point": 1, "testname": "TIA_Gain_Linearity", "cornername": "Nominal"}
[2026-06-04 08:50:11.509 Z] [WARN] [cadence.virtuoso.ade.simulationMonitor] -     WARNING (SPECTRE-16460): SOAC_cvart_vspsub:Specified subcircuit master `cvart' was not found. {"history": "Interactive.379", "point": 1, "testname": "TIA_Gain_Linearity", "cornername": "Nominal"}
[2026-06-04 08:50:11.509 Z] [WARN] [cadence.virtuoso.ade.simulationMonitor] -     WARNING (SPECTRE-16462): SOAC_cvart_vspsub:Error in specification of subcircuit master. Assert is ignored. {"history": "Interactive.379", "point": 1, "testname": "TIA_Gain_Linearity", "cornername": "Nominal"}
[2026-06-04 08:50:11.509 Z] [WARN] [cadence.virtuoso.ade.simulationMonitor] -     WARNING (SPECTRE-16460): SOAC_cvart_vbs:Specified subcircuit master `cvart' was not found.
        Further occurrences of this warning will be suppressed. {"history": "Interactive.379", "point": 1, "testname": "TIA_Gain_Linearity", "cornername": "Nominal"}
[2026-06-04 08:50:11.509 Z] [WARN] [cadence.virtuoso.ade.simulationMonitor] -     WARNING (SPECTRE-16462): SOAC_cvart_vbs:Error in specification of subcircuit master. Assert is ignored.
        Further occurrences of this warning will be suppressed. {"history": "Interactive.379", "point": 1, "testname": "TIA_Gain_Linearity", "cornername": "Nominal"}
[2026-06-04 08:50:12.510 Z] [INFO] [cadence.virtuoso.ade.simulationMonitor] - Notice from spectre during topology check.
    Only one connection to the following 2308 nodes:
        I0.I46.RLIB_GC1.R1.psub!
        I0.I46.RLIB_GC1.R2.psub!
        I0.I46.MNLIB_DR1.M_esdnmos4.psub!
        I0.I46.DLIB2.psub!
        I0.I46.DLIB1.psub!
        Further occurrences of this notice will be suppressed. {"history": "Interactive.379", "point": 1, "testname": "TIA_Gain_Linearity", "cornername": "Nominal"}
[2026-06-04 08:50:16.514 Z] [INFO] [cadence.virtuoso.ade.simulationMonitor] -               nodes 23214 {"history": "Interactive.379", "point": 1, "testname": "TIA_Gain_Linearity", "cornername": "Nominal"}
[2026-06-04 08:50:16.515 Z] [INFO] [cadence.virtuoso.ade.simulationMonitor] - Notice from spectre during initial setup.
    7 resistors are shorted because their absolute value is less than or equal to 'rabsshort'.
    3 vsources are shorted because their absolute value is less than or equal to 'vabsshort'.
    4 resistors are changed to resistance form because their value are less than 'rthresh'.
    Spectre X preset=cx enabled.
    46 notices suppressed.
    243 warnings suppressed. {"history": "Interactive.379", "point": 1, "testname": "TIA_Gain_Linearity", "cornername": "Nominal"}
[2026-06-04 08:50:16.515 Z] [INFO] [cadence.virtuoso.ade.simulationMonitor] - Notice from spectre.
    Multithreading enabled: 8 threads in the system with 48 available processors. {"history": "Interactive.379", "point": 1, "testname": "TIA_Gain_Linearity", "cornername": "Nominal"}
[2026-06-04 08:50:16.516 Z] [INFO] [cadence.virtuoso.ade.simulationMonitor] - Peak resident memory used = 328 Mbytes. {"history": "Interactive.379", "point": 1, "testname": "TIA_Gain_Linearity", "cornername": "Nominal"}
[2026-06-04 08:50:16.516 Z] [INFO] [cadence.virtuoso.ade.simulationMonitor] -    -   (Spectre X) Multi-threading. The recommended number of threads is [4, 8], consider adding +mt=4 or +mt=8 on command line. {"history": "Interactive.379", "point": 1, "testname": "TIA_Gain_Linearity", "cornername": "Nominal"}
[2026-06-04 08:50:17.017 Z] [INFO] [cadence.virtuoso.ade.simulationMonitor] - Notice from spectre during DC analysis `dcOp'.
    No checklimit analysis defined for asserts. A default checklimit analysis 'SpectreChecklimitAnal' has been created with all asserts enabled. {"history": "Interactive.379", "point": 1, "testname": "TIA_Gain_Linearity", "cornername": "Nominal"}
[2026-06-04 08:50:18.517 Z] [INFO] [cadence.virtuoso.ade.simulationMonitor] - Notice from spectre during DC analysis `dcOp'.
    Bad pivoting is found during DC analysis. Option dc_pivot_check=yes is recommended for possible improvement of convergence. {"history": "Interactive.379", "point": 1, "testname": "TIA_Gain_Linearity", "cornername": "Nominal"}
[2026-06-04 08:50:18.518 Z] [WARN] [cadence.virtuoso.ade.simulationMonitor] -     WARNING (CMI-2943): Parameter checks have been ignored because the valid value for parameter 'trise' could not be found in 'C0'. {"history": "Interactive.379", "point": 1, "testname": "TIA_Gain_Linearity", "cornername": "Nominal"}
[2026-06-04 08:50:18.518 Z] [WARN] [cadence.virtuoso.ade.simulationMonitor] -     WARNING (CMI-2943): Parameter checks have been ignored because the valid value for parameter 'trise' could not be found in 'C1'. {"history": "Interactive.379", "point": 1, "testname": "TIA_Gain_Linearity", "cornername": "Nominal"}
[2026-06-04 08:50:18.518 Z] [WARN] [cadence.virtuoso.ade.simulationMonitor] -     WARNING (CMI-2943): Parameter checks have been ignored because the valid value for parameter 'trise' could not be found in 'C11'. {"history": "Interactive.379", "point": 1, "testname": "TIA_Gain_Linearity", "cornername": "Nominal"}
[2026-06-04 08:50:18.519 Z] [WARN] [cadence.virtuoso.ade.simulationMonitor] -     WARNING (CMI-2943): Parameter checks have been ignored because the valid value for parameter 'trise' could not be found in 'C12'. {"history": "Interactive.379", "point": 1, "testname": "TIA_Gain_Linearity", "cornername": "Nominal"}
[2026-06-04 08:50:18.519 Z] [WARN] [cadence.virtuoso.ade.simulationMonitor] -     WARNING (CMI-2943): Parameter checks have been ignored because the valid value for parameter 'trise' could not be found in 'C5'.
        Further occurrences of this warning will be suppressed. {"history": "Interactive.379", "point": 1, "testname": "TIA_Gain_Linearity", "cornername": "Nominal"}
[2026-06-04 08:50:18.519 Z] [WARN] [cadence.virtuoso.ade.simulationMonitor] -     WARNING (SPECTRE-17192): 
        Tolerance relaxation is used during DC simulation which may affect the accuracy of the result. This is mainly caused by the high impedance nodes in the circuit. Use the dyn_highz check to determine the high impedance nodes. Setting/assigning appropriate initial values to these nodes will usually help to improve both performance and accuracy of DC simulations. {"history": "Interactive.379", "point": 1, "testname": "TIA_Gain_Linearity", "cornername": "Nominal"}
[2026-06-04 08:50:18.519 Z] [INFO] [cadence.virtuoso.ade.simulationMonitor] - Total time required for dc analysis `dcOp': CPU = 9.36457 s, elapsed = 1.9888 s, util. = 471%. {"history": "Interactive.379", "point": 1, "testname": "TIA_Gain_Linearity", "cornername": "Nominal"}
[2026-06-04 08:50:18.520 Z] [INFO] [cadence.virtuoso.ade.simulationMonitor] - Peak resident memory used = 366 Mbytes. {"history": "Interactive.379", "point": 1, "testname": "TIA_Gain_Linearity", "cornername": "Nominal"}
[2026-06-04 08:50:18.520 Z] [INFO] [cadence.virtuoso.ade.simulationMonitor] - Notice from spectre.
    1293 warnings suppressed. {"history": "Interactive.379", "point": 1, "testname": "TIA_Gain_Linearity", "cornername": "Nominal"}
[2026-06-04 08:50:19.020 Z] [INFO] [cadence.virtuoso.ade.simulationMonitor] - Notice from spectre during DC analysis `dc'.
    I26: `period' has the unusually large value of 6 s. {"history": "Interactive.379", "point": 1, "testname": "TIA_Gain_Linearity", "cornername": "Nominal"}
[2026-06-04 08:50:21.521 Z] [INFO] [cadence.virtuoso.ade.simulationMonitor] - Notice from spectre at Idc = -5.5e-06 during DC analysis `dc'.
    Bad pivoting is found during DC analysis. Option dc_pivot_check=yes is recommended for possible improvement of convergence. {"history": "Interactive.379", "point": 1, "testname": "TIA_Gain_Linearity", "cornername": "Nominal"}
[2026-06-04 08:50:21.522 Z] [INFO] [cadence.virtuoso.ade.simulationMonitor] - Notice from spectre at Idc = -5.48e-06 during DC analysis `dc'.
    I26: `period' has the unusually large value of 6 s.
    Bad pivoting is found during DC analysis. Option dc_pivot_check=yes is recommended for possible improvement of convergence. {"history": "Interactive.379", "point": 1, "testname": "TIA_Gain_Linearity", "cornername": "Nominal"}
[2026-06-04 08:50:21.522 Z] [INFO] [cadence.virtuoso.ade.simulationMonitor] - Notice from spectre at Idc = -5.46e-06 during DC analysis `dc'.
    I26: `period' has the unusually large value of 6 s.
    Bad pivoting is found during DC analysis. Option dc_pivot_check=yes is recommended for possible improvement of convergence. {"history": "Interactive.379", "point": 1, "testname": "TIA_Gain_Linearity", "cornername": "Nominal"}
[2026-06-04 08:50:21.522 Z] [INFO] [cadence.virtuoso.ade.simulationMonitor] - Notice from spectre at Idc = -5.44e-06 during DC analysis `dc'.
    I26: `period' has the unusually large value of 6 s.
    Bad pivoting is found during DC analysis. Option dc_pivot_check=yes is recommended for possible improvement of convergence. {"history": "Interactive.379", "point": 1, "testname": "TIA_Gain_Linearity", "cornername": "Nominal"}
[2026-06-04 08:50:21.522 Z] [INFO] [cadence.virtuoso.ade.simulationMonitor] - Notice from spectre at Idc = -5.42e-06 during DC analysis `dc'.
    I26: `period' has the unusually large value of 6 s.
        Further occurrences of this notice will be suppressed.
    Bad pivoting is found during DC analysis. Option dc_pivot_check=yes is recommended for possible improvement of convergence.
        Further occurrences of this notice will be suppressed. {"history": "Interactive.379", "point": 1, "testname": "TIA_Gain_Linearity", "cornername": "Nominal"}
[2026-06-04 08:50:22.525 Z] [INFO] [cadence.virtuoso.ade.simulationMonitor] - Notice from spectre at Idc = -4.34e-06 during DC analysis `dc'.
    GminDC = 1 pS is large enough to noticeably affect the DC solution.
        dV(net3) = 2.91492 uV
        Use the `gmin_check' option to eliminate or expand this report. {"history": "Interactive.379", "point": 1, "testname": "TIA_Gain_Linearity", "cornername": "Nominal"}
[2026-06-04 08:50:34.029 Z] [WARN] [cadence.virtuoso.ade.simulationMonitor] -     WARNING (CMI-2943): Parameter checks have been ignored because the valid value for parameter 'trise' could not be found in 'C0'. {"history": "Interactive.379", "point": 1, "testname": "TIA_Gain_Linearity", "cornername": "Nominal"}
[2026-06-04 08:50:34.029 Z] [WARN] [cadence.virtuoso.ade.simulationMonitor] -     WARNING (CMI-2943): Parameter checks have been ignored because the valid value for parameter 'trise' could not be found in 'C1'. {"history": "Interactive.379", "point": 1, "testname": "TIA_Gain_Linearity", "cornername": "Nominal"}
[2026-06-04 08:50:34.030 Z] [WARN] [cadence.virtuoso.ade.simulationMonitor] -     WARNING (CMI-2943): Parameter checks have been ignored because the valid value for parameter 'trise' could not be found in 'C11'. {"history": "Interactive.379", "point": 1, "testname": "TIA_Gain_Linearity", "cornername": "Nominal"}
[2026-06-04 08:50:34.030 Z] [WARN] [cadence.virtuoso.ade.simulationMonitor] -     WARNING (CMI-2943): Parameter checks have been ignored because the valid value for parameter 'trise' could not be found in 'C12'. {"history": "Interactive.379", "point": 1, "testname": "TIA_Gain_Linearity", "cornername": "Nominal"}
[2026-06-04 08:50:34.030 Z] [WARN] [cadence.virtuoso.ade.simulationMonitor] -     WARNING (CMI-2943): Parameter checks have been ignored because the valid value for parameter 'trise' could not be found in 'C5'.
        Further occurrences of this warning will be suppressed. {"history": "Interactive.379", "point": 1, "testname": "TIA_Gain_Linearity", "cornername": "Nominal"}
[2026-06-04 08:50:34.030 Z] [INFO] [cadence.virtuoso.ade.simulationMonitor] - Notice from spectre at Idc = 5.5e-06 during DC analysis `dc'.
    The value of parameter 'Idc' has been reset to the original value 0. {"history": "Interactive.379", "point": 1, "testname": "TIA_Gain_Linearity", "cornername": "Nominal"}
[2026-06-04 08:50:34.030 Z] [INFO] [cadence.virtuoso.ade.simulationMonitor] - Total time required for dc analysis `dc': CPU = 48.7227 s, elapsed = 15.1022 s, util. = 323%. {"history": "Interactive.379", "point": 1, "testname": "TIA_Gain_Linearity", "cornername": "Nominal"}
[2026-06-04 08:50:34.031 Z] [INFO] [cadence.virtuoso.ade.simulationMonitor] - Peak resident memory used = 390 Mbytes. {"history": "Interactive.379", "point": 1, "testname": "TIA_Gain_Linearity", "cornername": "Nominal"}
[2026-06-04 08:50:34.031 Z] [INFO] [cadence.virtuoso.ade.simulationMonitor] - Notice from spectre.
    1093 notices suppressed.
    1293 warnings suppressed. {"history": "Interactive.379", "point": 1, "testname": "TIA_Gain_Linearity", "cornername": "Nominal"}
[2026-06-04 08:50:38.033 Z] [WARN] [cadence.virtuoso.ade.simulationMonitor] -     WARNING (CMI-2425): I7.I3|C1(0): `Acde' = 2.393 is unusually large. {"history": "Interactive.379", "point": 1, "testname": "TIA_Gain_Linearity", "cornername": "Nominal"}
[2026-06-04 08:50:38.033 Z] [WARN] [cadence.virtuoso.ade.simulationMonitor] -     WARNING (CMI-2425): I7.I3|C1(0): `Noff' = 4.732 is unusually large. {"history": "Interactive.379", "point": 1, "testname": "TIA_Gain_Linearity", "cornername": "Nominal"}
[2026-06-04 08:50:38.034 Z] [WARN] [cadence.virtuoso.ade.simulationMonitor] -     WARNING (CMI-2424): I7.I3|C1(0): `Voffcv' = -867.4e-03 is unusually small. {"history": "Interactive.379", "point": 1, "testname": "TIA_Gain_Linearity", "cornername": "Nominal"}
[2026-06-04 08:50:38.034 Z] [WARN] [cadence.virtuoso.ade.simulationMonitor] -     WARNING (CMI-2425): I7.I3|C1(1): `Acde' = 2.393 is unusually large. {"history": "Interactive.379", "point": 1, "testname": "TIA_Gain_Linearity", "cornername": "Nominal"}
[2026-06-04 08:50:38.034 Z] [WARN] [cadence.virtuoso.ade.simulationMonitor] -     WARNING (CMI-2425): I7.I3|C1(1): `Noff' = 4.732 is unusually large. {"history": "Interactive.379", "point": 1, "testname": "TIA_Gain_Linearity", "cornername": "Nominal"}
[2026-06-04 08:50:38.034 Z] [WARN] [cadence.virtuoso.ade.simulationMonitor] -     WARNING (CMI-2424): I7.I3|C1(1): `Voffcv' = -867.4e-03 is unusually small. {"history": "Interactive.379", "point": 1, "testname": "TIA_Gain_Linearity", "cornername": "Nominal"}
[2026-06-04 08:50:38.035 Z] [WARN] [cadence.virtuoso.ade.simulationMonitor] -     WARNING (CMI-2425): I7.I3|C1(2): `Acde' = 2.393 is unusually large.
        Further occurrences of this warning will be suppressed. {"history": "Interactive.379", "point": 1, "testname": "TIA_Gain_Linearity", "cornername": "Nominal"}
[2026-06-04 08:50:38.035 Z] [WARN] [cadence.virtuoso.ade.simulationMonitor] -     WARNING (CMI-2424): I7.I3|C1(2): `Voffcv' = -867.4e-03 is unusually small. {"history": "Interactive.379", "point": 1, "testname": "TIA_Gain_Linearity", "cornername": "Nominal"}
[2026-06-04 08:50:38.035 Z] [WARN] [cadence.virtuoso.ade.simulationMonitor] -     WARNING (CMI-2424): I7.I3|C1(3): `Voffcv' = -867.4e-03 is unusually small. {"history": "Interactive.379", "point": 1, "testname": "TIA_Gain_Linearity", "cornername": "Nominal"}
[2026-06-04 08:50:38.035 Z] [WARN] [cadence.virtuoso.ade.simulationMonitor] -     WARNING (CMI-2424): I7.I3|C1(4): `Voffcv' = -867.4e-03 is unusually small.
        Further occurrences of this warning will be suppressed. {"history": "Interactive.379", "point": 1, "testname": "TIA_Gain_Linearity", "cornername": "Nominal"}
[2026-06-04 08:50:43.037 Z] [INFO] [cadence.virtuoso.ade.simulationMonitor] - Notice from spectre during DC analysis, during AC analysis `ac'.
    Bad pivoting is found during DC analysis. Option dc_pivot_check=yes is recommended for possible improvement of convergence. {"history": "Interactive.379", "point": 1, "testname": "TIA_Gain_Linearity", "cornername": "Nominal"}
[2026-06-04 08:50:43.038 Z] [WARN] [cadence.virtuoso.ade.simulationMonitor] -     WARNING (CMI-2943): Parameter checks have been ignored because the valid value for parameter 'trise' could not be found in 'C0'. {"history": "Interactive.379", "point": 1, "testname": "TIA_Gain_Linearity", "cornername": "Nominal"}
[2026-06-04 08:50:43.038 Z] [WARN] [cadence.virtuoso.ade.simulationMonitor] -     WARNING (CMI-2943): Parameter checks have been ignored because the valid value for parameter 'trise' could not be found in 'C1'. {"history": "Interactive.379", "point": 1, "testname": "TIA_Gain_Linearity", "cornername": "Nominal"}
[2026-06-04 08:50:43.038 Z] [WARN] [cadence.virtuoso.ade.simulationMonitor] -     WARNING (CMI-2943): Parameter checks have been ignored because the valid value for parameter 'trise' could not be found in 'C11'. {"history": "Interactive.379", "point": 1, "testname": "TIA_Gain_Linearity", "cornername": "Nominal"}
[2026-06-04 08:50:43.038 Z] [WARN] [cadence.virtuoso.ade.simulationMonitor] -     WARNING (CMI-2943): Parameter checks have been ignored because the valid value for parameter 'trise' could not be found in 'C12'. {"history": "Interactive.379", "point": 1, "testname": "TIA_Gain_Linearity", "cornername": "Nominal"}
[2026-06-04 08:50:43.039 Z] [WARN] [cadence.virtuoso.ade.simulationMonitor] -     WARNING (CMI-2943): Parameter checks have been ignored because the valid value for parameter 'trise' could not be found in 'C5'.
        Further occurrences of this warning will be suppressed. {"history": "Interactive.379", "point": 1, "testname": "TIA_Gain_Linearity", "cornername": "Nominal"}
[2026-06-04 08:51:05.556 Z] [INFO] [cadence.virtuoso.ade.simulationMonitor] - Total time required for ac analysis `ac': CPU = 123.43 s (2m  3.4s), elapsed = 27.4956 s, util. = 449%. {"history": "Interactive.379", "point": 1, "testname": "TIA_Gain_Linearity", "cornername": "Nominal"}
[2026-06-04 08:51:05.556 Z] [INFO] [cadence.virtuoso.ade.simulationMonitor] - Peak resident memory used = 511 Mbytes. {"history": "Interactive.379", "point": 1, "testname": "TIA_Gain_Linearity", "cornername": "Nominal"}
[2026-06-04 08:51:05.556 Z] [INFO] [cadence.virtuoso.ade.simulationMonitor] - Notice from spectre.
    1370 warnings suppressed. {"history": "Interactive.379", "point": 1, "testname": "TIA_Gain_Linearity", "cornername": "Nominal"}
[2026-06-04 08:51:05.556 Z] [WARN] [cadence.virtuoso.ade.simulationMonitor] -     WARNING (CMI-2425): I7.I3|C1(0): `Acde' = 2.393 is unusually large. {"history": "Interactive.379", "point": 1, "testname": "TIA_Gain_Linearity", "cornername": "Nominal"}
[2026-06-04 08:51:05.557 Z] [WARN] [cadence.virtuoso.ade.simulationMonitor] -     WARNING (CMI-2425): I7.I3|C1(0): `Noff' = 4.732 is unusually large. {"history": "Interactive.379", "point": 1, "testname": "TIA_Gain_Linearity", "cornername": "Nominal"}
[2026-06-04 08:51:05.557 Z] [WARN] [cadence.virtuoso.ade.simulationMonitor] -     WARNING (CMI-2424): I7.I3|C1(0): `Voffcv' = -867.4e-03 is unusually small. {"history": "Interactive.379", "point": 1, "testname": "TIA_Gain_Linearity", "cornername": "Nominal"}
[2026-06-04 08:51:05.557 Z] [WARN] [cadence.virtuoso.ade.simulationMonitor] -     WARNING (CMI-2425): I7.I3|C1(1): `Acde' = 2.393 is unusually large. {"history": "Interactive.379", "point": 1, "testname": "TIA_Gain_Linearity", "cornername": "Nominal"}
[2026-06-04 08:51:05.557 Z] [WARN] [cadence.virtuoso.ade.simulationMonitor] -     WARNING (CMI-2425): I7.I3|C1(1): `Noff' = 4.732 is unusually large. {"history": "Interactive.379", "point": 1, "testname": "TIA_Gain_Linearity", "cornername": "Nominal"}
[2026-06-04 08:51:05.557 Z] [WARN] [cadence.virtuoso.ade.simulationMonitor] -     WARNING (CMI-2424): I7.I3|C1(1): `Voffcv' = -867.4e-03 is unusually small. {"history": "Interactive.379", "point": 1, "testname": "TIA_Gain_Linearity", "cornername": "Nominal"}
[2026-06-04 08:51:05.558 Z] [WARN] [cadence.virtuoso.ade.simulationMonitor] -     WARNING (CMI-2425): I7.I3|C1(2): `Acde' = 2.393 is unusually large.
        Further occurrences of this warning will be suppressed. {"history": "Interactive.379", "point": 1, "testname": "TIA_Gain_Linearity", "cornername": "Nominal"}
[2026-06-04 08:51:05.558 Z] [WARN] [cadence.virtuoso.ade.simulationMonitor] -     WARNING (CMI-2424): I7.I3|C1(2): `Voffcv' = -867.4e-03 is unusually small. {"history": "Interactive.379", "point": 1, "testname": "TIA_Gain_Linearity", "cornername": "Nominal"}
[2026-06-04 08:51:05.558 Z] [WARN] [cadence.virtuoso.ade.simulationMonitor] -     WARNING (CMI-2424): I7.I3|C1(3): `Voffcv' = -867.4e-03 is unusually small. {"history": "Interactive.379", "point": 1, "testname": "TIA_Gain_Linearity", "cornername": "Nominal"}
[2026-06-04 08:51:05.559 Z] [WARN] [cadence.virtuoso.ade.simulationMonitor] -     WARNING (CMI-2424): I7.I3|C1(4): `Voffcv' = -867.4e-03 is unusually small.
        Further occurrences of this warning will be suppressed. {"history": "Interactive.379", "point": 1, "testname": "TIA_Gain_Linearity", "cornername": "Nominal"}
[2026-06-04 08:51:05.559 Z] [INFO] [cadence.virtuoso.ade.simulationMonitor] - Notice from spectre during Noise analysis `noise'.
    Operating points will not be recomputed: the circuit and conditions were not changed since previous analysis. {"history": "Interactive.379", "point": 1, "testname": "TIA_Gain_Linearity", "cornername": "Nominal"}
[2026-06-04 08:51:12.062 Z] [INFO] [cadence.virtuoso.ade.simulationMonitor] - Total time required for noise analysis `noise': CPU = 14.4288 s, elapsed = 6.68639 s, util. = 216%. {"history": "Interactive.379", "point": 1, "testname": "TIA_Gain_Linearity", "cornername": "Nominal"}
[2026-06-04 08:51:12.062 Z] [INFO] [cadence.virtuoso.ade.simulationMonitor] - Peak resident memory used = 514 Mbytes. {"history": "Interactive.379", "point": 1, "testname": "TIA_Gain_Linearity", "cornername": "Nominal"}
[2026-06-04 08:51:12.063 Z] [INFO] [cadence.virtuoso.ade.simulationMonitor] - Notice from spectre.
    77 warnings suppressed. {"history": "Interactive.379", "point": 1, "testname": "TIA_Gain_Linearity", "cornername": "Nominal"}
[2026-06-04 08:51:12.564 Z] [INFO] [cadence.virtuoso.ade.simulationMonitor] - Time used: CPU = 208 s (3m  28.4s), elapsed = 64.4 s (1m  4.4s), util. = 324%. {"history": "Interactive.379", "point": 1, "testname": "TIA_Gain_Linearity", "cornername": "Nominal"}
[2026-06-04 08:51:12.564 Z] [INFO] [cadence.virtuoso.ade.simulationMonitor] - Time spent in licensing: elapsed = 92.8 ms. {"history": "Interactive.379", "point": 1, "testname": "TIA_Gain_Linearity", "cornername": "Nominal"}
[2026-06-04 08:51:12.565 Z] [INFO] [cadence.virtuoso.ade.simulationMonitor] - Peak memory used = 514 Mbytes. {"history": "Interactive.379", "point": 1, "testname": "TIA_Gain_Linearity", "cornername": "Nominal"}
[2026-06-04 08:51:12.567 Z] [PROCESS] [cadence.virtuoso.ade.simulationMonitor] - Simulation started at: 8:50:07 AM, Thur Jun 4, 2026, ended at: 8:51:12 AM, Thur Jun 4, 2026, with elapsed time (wall clock): 64.4 s (1m  4.4s). {"history": "Interactive.379", "point": 1, "testname": "TIA_Gain_Linearity", "cornername": "Nominal"}
[2026-06-04 08:51:12.567 Z] [PROCESS] [cadence.virtuoso.ade.simulationMonitor] - spectre completes with 0 errors, 86 warnings, and 44 notices. {"history": "Interactive.379", "point": 1, "testname": "TIA_Gain_Linearity", "cornername": "Nominal"}
[2026-06-04 08:51:12.567 Z] [PROCESS] [cadence.virtuoso.ade.simulationMonitor] - Finished simulating for one point {"hostname": "il2244vt26_hrahimi", "processid": 2886028, "history": "Interactive.379", "testname": "TIA_Gain_Linearity", "cornername": "Nominal", "point": 1, "logfile": "/home/hrahimi/projects/POTENTIOSTAT_26/logs_hrahimi/logs0/Job77.log", "simid": "1"}
[2026-06-04 08:51:12.567 Z] [PROCESS] [cadence.virtuoso.ade.simulationMonitor] - Simulator exited {"hostname": "il2244vt26_hrahimi", "processid": 2886028, "history": "Interactive.379", "testname": "TIA_Gain_Linearity", "cornername": "Nominal", "point": 1, "logfile": "/home/hrahimi/projects/POTENTIOSTAT_26/logs_hrahimi/logs0/Job77.log", "exitStatus": "0"}
[2026-06-04 08:51:12.567 Z] [PROCESS] [cadence.virtuoso.ade.simulationMonitor] - Finished Simulation {"hostname": "il2244vt26_hrahimi", "processid": 2886028, "history": "Interactive.379", "testname": "TIA_Gain_Linearity", "cornername": "Nominal", "point": 1, "logfile": "/home/hrahimi/projects/POTENTIOSTAT_26/logs_hrahimi/logs0/Job77.log", "simid": "1"}
[2026-06-04 08:51:16.082 Z] [PROCESS] [cadence.virtuoso.ade.simulationMonitor] - Point Finished {"hostname": "il2244vt26_hrahimi", "processid": 2886028, "history": "Interactive.379", "testname": "TIA_Gain_Linearity", "cornername": "Nominal", "point": 1, "logfile": "/home/hrahimi/projects/POTENTIOSTAT_26/logs_hrahimi/logs0/Job77.log"}
[2026-06-04 08:51:16.094 Z] [PROCESS] [cadence.virtuoso.ade.simulationMonitor] - HostInfo:
Host name (type):	il2244vt26_hrahimi (x86_64)
Operating system:	Linux 5.15.0-164-generic #174-Ubuntu SMP Fri Nov 14 20:25:16 UTC 2025 {"hostname": "il2244vt26_hrahimi", "processid": 2886028, "history": "Interactive.379", "testname": "TIA_Gain_Linearity", "cornername": "Nominal", "point": 1, "logfile": "/home/hrahimi/projects/POTENTIOSTAT_26/logs_hrahimi/logs0/Job77.log", "nodename": "il2244vt26_hrahimi", "domainname": "(none)", "machine": "x86_64", "sysname": "Linux", "release": "5.15.0-164-generic", "version": "#174-Ubuntu SMP Fri Nov 14 20:25:16 UTC 2025"}
[2026-06-04 08:51:16.094 Z] [PROCESS] [cadence.virtuoso.ade.simulationMonitor] - UsageInfo:
pid=2886028
totalPhysicalMemory=3023.749672GB,Used=2752.007198GB,totalVirtualMemory=3031.749668GB,Used=2752.115108GB
Cpu: Cores=48, Load average:27.320000,12.630000,17.930000 {"hostname": "il2244vt26_hrahimi", "processid": 2886028, "history": "Interactive.379", "testname": "TIA_Gain_Linearity", "cornername": "Nominal", "point": 1, "logfile": "/home/hrahimi/projects/POTENTIOSTAT_26/logs_hrahimi/logs0/Job77.log", "pid": "2886028", "totalPhysicalMemory": "3023.749672", "physicalMemoryUsed": "2752.007198", "totalVirtualMemory": "3031.749668", "virtualMemoryUsed": "2752.115108", "cpuCores": "48", "processes": "29737", "loadAverage1": "27.320000", "loadAverage5": "12.630000", "loadAverage15": "17.930000", "loadAverage1Percent": "0.569167"}
[2026-06-04 08:51:16.096 Z] [EVENT] [cadence.virtuoso.ade.simulationMonitor] - NewPoint {"history": "Interactive.379", "point": 10, "testname": "TIA_Gain_Linearity", "cornername": "CMOS_VDD_Res_Cap_Temp_8", "event": "NewPoint", "EventSource": "Simulation Monitor", "HistoryName": "Interactive.379", "logFile": "/home/hrahimi/projects/POTENTIOSTAT_26/logs_hrahimi/logs0/Job77.log", "logFileSize": "45972"}
[2026-06-04 08:51:16.198 Z] [EVENT] [cadence.virtuoso.ade.simulationMonitor] - NewPoint {"history": "Interactive.379", "point": 10, "testname": "TIA_Gain_Linearity", "cornername": "CMOS_VDD_Res_Cap_Temp_8", "event": "NewPoint", "EventSource": "spectre", "HistoryName": "Interactive.379", "logFile": "/home/hrahimi/projects/POTENTIOSTAT_26/Sim/Potentiostat_Top/top/maestro/results/maestro/Interactive.379/10/TIA_Gain_Linearity/psf/spectre.out", "logFileSize": "-1"}
[2026-06-04 08:51:16.212 Z] [PROCESS] [cadence.virtuoso.ade.simulationMonitor] - Simulator launched {"hostname": "il2244vt26_hrahimi", "processid": 2886028, "history": "Interactive.379", "testname": "TIA_Gain_Linearity", "cornername": "CMOS_VDD_Res_Cap_Temp_8", "point": 10, "logfile": "/home/hrahimi/projects/POTENTIOSTAT_26/logs_hrahimi/logs0/Job77.log", "simid": "2"}
[2026-06-04 08:51:16.277 Z] [PROCESS] [cadence.virtuoso.ade.simulationMonitor] - Started Simulation {"hostname": "il2244vt26_hrahimi", "processid": 2886028, "history": "Interactive.379", "testname": "TIA_Gain_Linearity", "cornername": "CMOS_VDD_Res_Cap_Temp_8", "point": 10, "logfile": "/home/hrahimi/projects/POTENTIOSTAT_26/logs_hrahimi/logs0/Job77.log", "event": "started", "task": "simulation"}
[2026-06-04 08:51:17.278 Z] [WARN] [cadence.virtuoso.ade.simulationMonitor] -     WARNING (SPECTRE-691): This CPU processor does not support x86 advanced vector extensions instructions. This may affect math operations and slow down the simulation. {"history": "Interactive.379", "point": 10, "testname": "TIA_Gain_Linearity", "cornername": "CMOS_VDD_Res_Cap_Temp_8"}
[2026-06-04 08:51:17.279 Z] [INFO] [cadence.virtuoso.ade.simulationMonitor] - Notice from spectre during circuit read-in.
    Pre_Configuration file used: /opt/tools/cadence/installs/SPECTRE241/tools.lnx86/spectre/etc/configs/preset.precfg
    Configuration file used: `/opt/tools/cadence/installs/SPECTRE241/tools.lnx86/spectre/etc/configs/preset.cfg'. {"history": "Interactive.379", "point": 10, "testname": "TIA_Gain_Linearity", "cornername": "CMOS_VDD_Res_Cap_Temp_8"}
[2026-06-04 08:51:17.279 Z] [WARN] [cadence.virtuoso.ade.simulationMonitor] -     WARNING (SPECTRE-8360): line 1511: `ac' is an undefined primitive device. {"history": "Interactive.379", "point": 10, "testname": "TIA_Gain_Linearity", "cornername": "CMOS_VDD_Res_Cap_Temp_8"}
[2026-06-04 08:51:17.279 Z] [WARN] [cadence.virtuoso.ade.simulationMonitor] -     WARNING (SPECTRE-8360): line 1512: `ac' is an undefined primitive device. {"history": "Interactive.379", "point": 10, "testname": "TIA_Gain_Linearity", "cornername": "CMOS_VDD_Res_Cap_Temp_8"}
[2026-06-04 08:51:17.279 Z] [WARN] [cadence.virtuoso.ade.simulationMonitor] -     WARNING (SPECTRE-8360): line 1513: `ac' is an undefined primitive device. {"history": "Interactive.379", "point": 10, "testname": "TIA_Gain_Linearity", "cornername": "CMOS_VDD_Res_Cap_Temp_8"}
[2026-06-04 08:51:17.280 Z] [WARN] [cadence.virtuoso.ade.simulationMonitor] -     WARNING (SPECTRE-8360): line 1514: `ac' is an undefined primitive device. {"history": "Interactive.379", "point": 10, "testname": "TIA_Gain_Linearity", "cornername": "CMOS_VDD_Res_Cap_Temp_8"}
[2026-06-04 08:51:17.280 Z] [WARN] [cadence.virtuoso.ade.simulationMonitor] -     WARNING (SPECTRE-8360): line 1515: `ac' is an undefined primitive device.
        Further occurrences of this warning will be suppressed. {"history": "Interactive.379", "point": 10, "testname": "TIA_Gain_Linearity", "cornername": "CMOS_VDD_Res_Cap_Temp_8"}
[2026-06-04 08:51:17.280 Z] [WARN] [cadence.virtuoso.ade.simulationMonitor] -     WARNING (VACOMP-2435): The environment variable CDS_AHDLCMI_ENABLE is no longer supported. Therefore, the simulator will use the default compiled C code flow. {"history": "Interactive.379", "point": 10, "testname": "TIA_Gain_Linearity", "cornername": "CMOS_VDD_Res_Cap_Temp_8"}
[2026-06-04 08:51:17.780 Z] [INFO] [cadence.virtuoso.ade.simulationMonitor] - Peak resident memory used = 201 Mbytes. {"history": "Interactive.379", "point": 10, "testname": "TIA_Gain_Linearity", "cornername": "CMOS_VDD_Res_Cap_Temp_8"}
[2026-06-04 08:51:19.281 Z] [WARN] [cadence.virtuoso.ade.simulationMonitor] -     WARNING (SFE-3027): The dangling resistor I7.rb286 is removed. {"history": "Interactive.379", "point": 10, "testname": "TIA_Gain_Linearity", "cornername": "CMOS_VDD_Res_Cap_Temp_8"}
[2026-06-04 08:51:19.282 Z] [WARN] [cadence.virtuoso.ade.simulationMonitor] -     WARNING (SFE-3027): The dangling resistor I7.rb20 is removed. {"history": "Interactive.379", "point": 10, "testname": "TIA_Gain_Linearity", "cornername": "CMOS_VDD_Res_Cap_Temp_8"}
[2026-06-04 08:51:19.282 Z] [WARN] [cadence.virtuoso.ade.simulationMonitor] -     WARNING (SFE-3027): The dangling resistor I7.rb282 is removed. {"history": "Interactive.379", "point": 10, "testname": "TIA_Gain_Linearity", "cornername": "CMOS_VDD_Res_Cap_Temp_8"}
[2026-06-04 08:51:19.283 Z] [WARN] [cadence.virtuoso.ade.simulationMonitor] -     WARNING (SFE-3027): The dangling resistor I7.rd2 is removed. {"history": "Interactive.379", "point": 10, "testname": "TIA_Gain_Linearity", "cornername": "CMOS_VDD_Res_Cap_Temp_8"}
[2026-06-04 08:51:19.283 Z] [WARN] [cadence.virtuoso.ade.simulationMonitor] -     WARNING (SFE-3027): The dangling resistor I7.rb285 is removed.
        Further occurrences of this warning will be suppressed. {"history": "Interactive.379", "point": 10, "testname": "TIA_Gain_Linearity", "cornername": "CMOS_VDD_Res_Cap_Temp_8"}
[2026-06-04 08:51:19.283 Z] [WARN] [cadence.virtuoso.ade.simulationMonitor] -     WARNING (SFE-3012): The dummy device I0.I16.DLIB12 is removed. {"history": "Interactive.379", "point": 10, "testname": "TIA_Gain_Linearity", "cornername": "CMOS_VDD_Res_Cap_Temp_8"}
[2026-06-04 08:51:19.283 Z] [WARN] [cadence.virtuoso.ade.simulationMonitor] -     WARNING (SFE-3012): The dummy device I0.I15.DLIB9 is removed. {"history": "Interactive.379", "point": 10, "testname": "TIA_Gain_Linearity", "cornername": "CMOS_VDD_Res_Cap_Temp_8"}
[2026-06-04 08:51:19.284 Z] [WARN] [cadence.virtuoso.ade.simulationMonitor] -     WARNING (SFE-3012): The dummy device I0.I0.DLIB6 is removed. {"history": "Interactive.379", "point": 10, "testname": "TIA_Gain_Linearity", "cornername": "CMOS_VDD_Res_Cap_Temp_8"}
[2026-06-04 08:51:19.284 Z] [WARN] [cadence.virtuoso.ade.simulationMonitor] -     WARNING (SFE-3012): The dummy device I0.I16.DLIB10 is removed. {"history": "Interactive.379", "point": 10, "testname": "TIA_Gain_Linearity", "cornername": "CMOS_VDD_Res_Cap_Temp_8"}
[2026-06-04 08:51:19.284 Z] [WARN] [cadence.virtuoso.ade.simulationMonitor] -     WARNING (SFE-3012): The dummy device I0.I17.DLIB5 is removed.
        Further occurrences of this warning will be suppressed. {"history": "Interactive.379", "point": 10, "testname": "TIA_Gain_Linearity", "cornername": "CMOS_VDD_Res_Cap_Temp_8"}
[2026-06-04 08:51:19.284 Z] [WARN] [cadence.virtuoso.ade.simulationMonitor] -     WARNING (SFE-3028): The floating resistor R8 is removed. {"history": "Interactive.379", "point": 10, "testname": "TIA_Gain_Linearity", "cornername": "CMOS_VDD_Res_Cap_Temp_8"}
[2026-06-04 08:51:19.284 Z] [WARN] [cadence.virtuoso.ade.simulationMonitor] -     WARNING (SFE-3029): The dummy capacitor I2.c27789 is removed. {"history": "Interactive.379", "point": 10, "testname": "TIA_Gain_Linearity", "cornername": "CMOS_VDD_Res_Cap_Temp_8"}
[2026-06-04 08:51:19.285 Z] [WARN] [cadence.virtuoso.ade.simulationMonitor] -     WARNING (SFE-3015): The dangling node I2.210\:GNDA is removed. {"history": "Interactive.379", "point": 10, "testname": "TIA_Gain_Linearity", "cornername": "CMOS_VDD_Res_Cap_Temp_8"}
[2026-06-04 08:51:19.285 Z] [WARN] [cadence.virtuoso.ade.simulationMonitor] -     WARNING (SFE-3015): The dangling node I2.192\:VPI is removed. {"history": "Interactive.379", "point": 10, "testname": "TIA_Gain_Linearity", "cornername": "CMOS_VDD_Res_Cap_Temp_8"}
[2026-06-04 08:51:19.285 Z] [WARN] [cadence.virtuoso.ade.simulationMonitor] -     WARNING (SFE-3015): The dangling node I2.693\:VPI is removed. {"history": "Interactive.379", "point": 10, "testname": "TIA_Gain_Linearity", "cornername": "CMOS_VDD_Res_Cap_Temp_8"}
[2026-06-04 08:51:19.285 Z] [WARN] [cadence.virtuoso.ade.simulationMonitor] -     WARNING (SFE-3015): The dangling node I2.13\:I25|I30|SN is removed. {"history": "Interactive.379", "point": 10, "testname": "TIA_Gain_Linearity", "cornername": "CMOS_VDD_Res_Cap_Temp_8"}
[2026-06-04 08:51:19.285 Z] [WARN] [cadence.virtuoso.ade.simulationMonitor] -     WARNING (SFE-3015): The dangling node I2.33\:S(3) is removed.
        Further occurrences of this warning will be suppressed. {"history": "Interactive.379", "point": 10, "testname": "TIA_Gain_Linearity", "cornername": "CMOS_VDD_Res_Cap_Temp_8"}
[2026-06-04 08:51:19.286 Z] [WARN] [cadence.virtuoso.ade.simulationMonitor] -     WARNING (SFE-3016): The floating node net73 is removed. {"history": "Interactive.379", "point": 10, "testname": "TIA_Gain_Linearity", "cornername": "CMOS_VDD_Res_Cap_Temp_8"}
[2026-06-04 08:51:19.286 Z] [WARN] [cadence.virtuoso.ade.simulationMonitor] -     WARNING (SFE-3016): The floating node net74 is removed. {"history": "Interactive.379", "point": 10, "testname": "TIA_Gain_Linearity", "cornername": "CMOS_VDD_Res_Cap_Temp_8"}
[2026-06-04 08:51:19.286 Z] [WARN] [cadence.virtuoso.ade.simulationMonitor] -     WARNING (SFE-3023): The dangling node net45 is removed. It should not be dangling since it is defined in top level. {"history": "Interactive.379", "point": 10, "testname": "TIA_Gain_Linearity", "cornername": "CMOS_VDD_Res_Cap_Temp_8"}
[2026-06-04 08:51:19.286 Z] [WARN] [cadence.virtuoso.ade.simulationMonitor] -     WARNING (SFE-3023): The dangling node net46 is removed. It should not be dangling since it is defined in top level. {"history": "Interactive.379", "point": 10, "testname": "TIA_Gain_Linearity", "cornername": "CMOS_VDD_Res_Cap_Temp_8"}
[2026-06-04 08:51:19.286 Z] [INFO] [cadence.virtuoso.ade.simulationMonitor] - Notice from spectre during hierarchy flattening.
    Spectre X Parasitic Optimization enabled.
    Parasitic optimization will filter out parasitic nodes, nodes only connected to RCs, by default. To view individual parasitic nodes use individual save statements (i.e. save out), or use the 'savefilter=none' option to save all parasitic nodes. Saving all parasitic nodes may slow down simulation and create large waveform files. {"history": "Interactive.379", "point": 10, "testname": "TIA_Gain_Linearity", "cornername": "CMOS_VDD_Res_Cap_Temp_8"}
[2026-06-04 08:51:19.287 Z] [INFO] [cadence.virtuoso.ade.simulationMonitor] - Peak resident memory used = 237 Mbytes. {"history": "Interactive.379", "point": 10, "testname": "TIA_Gain_Linearity", "cornername": "CMOS_VDD_Res_Cap_Temp_8"}
[2026-06-04 08:51:19.287 Z] [INFO] [cadence.virtuoso.ade.simulationMonitor] - Notice from spectre during hierarchy flattening.
    The value 'psf' specified for the 'checklimitdest' option will no longer be supported in future releases. Use 'spectre -h' to see other recommended values for the 'checklimitdest' option.
    I0.I46.RLIB_GC1.CS0 of rpoly1c: `c' has the unusually small value of 634.694e-21 F.
    I0.I46.RLIB_GC1.CS1 of rpoly1c: `c' has the unusually small value of 634.694e-21 F.
    I0.I45.RLIB_GC1.CS0 of rpoly1c: `c' has the unusually small value of 634.694e-21 F.
    I0... {"history": "Interactive.379", "point": 10, "testname": "TIA_Gain_Linearity", "cornername": "CMOS_VDD_Res_Cap_Temp_8"}
[2026-06-04 08:51:19.287 Z] [INFO] [cadence.virtuoso.ade.simulationMonitor] - Notice from spectre during hierarchy flattening.
    V8: `period' has the unusually large value of 100 s.
    V7: `period' has the unusually large value of 10 s.
    V3: `period' has the unusually large value of 6 s.
    I26: `period' has the unusually large value of 6 s. {"history": "Interactive.379", "point": 10, "testname": "TIA_Gain_Linearity", "cornername": "CMOS_VDD_Res_Cap_Temp_8"}
[2026-06-04 08:51:19.287 Z] [INFO] [cadence.virtuoso.ade.simulationMonitor] - Peak resident memory used = 251 Mbytes. {"history": "Interactive.379", "point": 10, "testname": "TIA_Gain_Linearity", "cornername": "CMOS_VDD_Res_Cap_Temp_8"}
[2026-06-04 08:51:19.287 Z] [WARN] [cadence.virtuoso.ade.simulationMonitor] -     WARNING (CMI-2425): I2.I56|C3: `Acde' = 2.393 is unusually large. {"history": "Interactive.379", "point": 10, "testname": "TIA_Gain_Linearity", "cornername": "CMOS_VDD_Res_Cap_Temp_8"}
[2026-06-04 08:51:19.288 Z] [WARN] [cadence.virtuoso.ade.simulationMonitor] -     WARNING (CMI-2425): I2.I56|C3: `Noff' = 4.732 is unusually large. {"history": "Interactive.379", "point": 10, "testname": "TIA_Gain_Linearity", "cornername": "CMOS_VDD_Res_Cap_Temp_8"}
[2026-06-04 08:51:19.288 Z] [WARN] [cadence.virtuoso.ade.simulationMonitor] -     WARNING (CMI-2424): I2.I56|C3: `Voffcv' = -867.4e-03 is unusually small. {"history": "Interactive.379", "point": 10, "testname": "TIA_Gain_Linearity", "cornername": "CMOS_VDD_Res_Cap_Temp_8"}
[2026-06-04 08:51:19.288 Z] [WARN] [cadence.virtuoso.ade.simulationMonitor] -     WARNING (CMI-2425): I2.I56|C4: `Acde' = 2.393 is unusually large. {"history": "Interactive.379", "point": 10, "testname": "TIA_Gain_Linearity", "cornername": "CMOS_VDD_Res_Cap_Temp_8"}
[2026-06-04 08:51:19.288 Z] [WARN] [cadence.virtuoso.ade.simulationMonitor] -     WARNING (CMI-2425): I2.I56|C4: `Noff' = 4.732 is unusually large. {"history": "Interactive.379", "point": 10, "testname": "TIA_Gain_Linearity", "cornername": "CMOS_VDD_Res_Cap_Temp_8"}
[2026-06-04 08:51:19.288 Z] [WARN] [cadence.virtuoso.ade.simulationMonitor] -     WARNING (CMI-2424): I2.I56|C4: `Voffcv' = -867.4e-03 is unusually small. {"history": "Interactive.379", "point": 10, "testname": "TIA_Gain_Linearity", "cornername": "CMOS_VDD_Res_Cap_Temp_8"}
[2026-06-04 08:51:19.288 Z] [WARN] [cadence.virtuoso.ade.simulationMonitor] -     WARNING (CMI-2425): I2.I56|C5: `Acde' = 2.393 is unusually large.
        Further occurrences of this warning will be suppressed. {"history": "Interactive.379", "point": 10, "testname": "TIA_Gain_Linearity", "cornername": "CMOS_VDD_Res_Cap_Temp_8"}
[2026-06-04 08:51:19.289 Z] [WARN] [cadence.virtuoso.ade.simulationMonitor] -     WARNING (CMI-2424): I2.I56|C5: `Voffcv' = -867.4e-03 is unusually small. {"history": "Interactive.379", "point": 10, "testname": "TIA_Gain_Linearity", "cornername": "CMOS_VDD_Res_Cap_Temp_8"}
[2026-06-04 08:51:19.289 Z] [WARN] [cadence.virtuoso.ade.simulationMonitor] -     WARNING (CMI-2424): I7.I4|C1(10): `Voffcv' = -867.4e-03 is unusually small. {"history": "Interactive.379", "point": 10, "testname": "TIA_Gain_Linearity", "cornername": "CMOS_VDD_Res_Cap_Temp_8"}
[2026-06-04 08:51:19.289 Z] [WARN] [cadence.virtuoso.ade.simulationMonitor] -     WARNING (CMI-2424): I7.I4|C1(9): `Voffcv' = -867.4e-03 is unusually small.
        Further occurrences of this warning will be suppressed. {"history": "Interactive.379", "point": 10, "testname": "TIA_Gain_Linearity", "cornername": "CMOS_VDD_Res_Cap_Temp_8"}
[2026-06-04 08:51:20.791 Z] [WARN] [cadence.virtuoso.ade.simulationMonitor] -     WARNING (SPECTRE-16460): SOAC_esdgcp5_vcpsub:Specified subcircuit master `esdgcp5' was not found. {"history": "Interactive.379", "point": 10, "testname": "TIA_Gain_Linearity", "cornername": "CMOS_VDD_Res_Cap_Temp_8"}
[2026-06-04 08:51:20.791 Z] [WARN] [cadence.virtuoso.ade.simulationMonitor] -     WARNING (SPECTRE-16462): SOAC_esdgcp5_vcpsub:Error in specification of subcircuit master. Assert is ignored. {"history": "Interactive.379", "point": 10, "testname": "TIA_Gain_Linearity", "cornername": "CMOS_VDD_Res_Cap_Temp_8"}
[2026-06-04 08:51:20.792 Z] [WARN] [cadence.virtuoso.ade.simulationMonitor] -     WARNING (SPECTRE-16460): SOAC_esdgcp5_vac:Specified subcircuit master `esdgcp5' was not found. {"history": "Interactive.379", "point": 10, "testname": "TIA_Gain_Linearity", "cornername": "CMOS_VDD_Res_Cap_Temp_8"}
[2026-06-04 08:51:20.792 Z] [WARN] [cadence.virtuoso.ade.simulationMonitor] -     WARNING (SPECTRE-16462): SOAC_esdgcp5_vac:Error in specification of subcircuit master. Assert is ignored. {"history": "Interactive.379", "point": 10, "testname": "TIA_Gain_Linearity", "cornername": "CMOS_VDD_Res_Cap_Temp_8"}
[2026-06-04 08:51:20.792 Z] [WARN] [cadence.virtuoso.ade.simulationMonitor] -     WARNING (SPECTRE-16460): SOAC_esdgcn5_vac:Specified subcircuit master `esdgcn5' was not found. {"history": "Interactive.379", "point": 10, "testname": "TIA_Gain_Linearity", "cornername": "CMOS_VDD_Res_Cap_Temp_8"}
[2026-06-04 08:51:20.792 Z] [WARN] [cadence.virtuoso.ade.simulationMonitor] -     WARNING (SPECTRE-16462): SOAC_esdgcn5_vac:Error in specification of subcircuit master. Assert is ignored. {"history": "Interactive.379", "point": 10, "testname": "TIA_Gain_Linearity", "cornername": "CMOS_VDD_Res_Cap_Temp_8"}
[2026-06-04 08:51:20.792 Z] [WARN] [cadence.virtuoso.ade.simulationMonitor] -     WARNING (SPECTRE-16460): SOAC_esdfdp5_vcpsub:Specified subcircuit master `esdfdp5' was not found. {"history": "Interactive.379", "point": 10, "testname": "TIA_Gain_Linearity", "cornername": "CMOS_VDD_Res_Cap_Temp_8"}
[2026-06-04 08:51:20.793 Z] [WARN] [cadence.virtuoso.ade.simulationMonitor] -     WARNING (SPECTRE-16462): SOAC_esdfdp5_vcpsub:Error in specification of subcircuit master. Assert is ignored. {"history": "Interactive.379", "point": 10, "testname": "TIA_Gain_Linearity", "cornername": "CMOS_VDD_Res_Cap_Temp_8"}
[2026-06-04 08:51:20.793 Z] [WARN] [cadence.virtuoso.ade.simulationMonitor] -     WARNING (SPECTRE-16460): SOAC_esdfdp5_vac:Specified subcircuit master `esdfdp5' was not found.
        Further occurrences of this warning will be suppressed. {"history": "Interactive.379", "point": 10, "testname": "TIA_Gain_Linearity", "cornername": "CMOS_VDD_Res_Cap_Temp_8"}
[2026-06-04 08:51:20.793 Z] [WARN] [cadence.virtuoso.ade.simulationMonitor] -     WARNING (SPECTRE-16462): SOAC_esdfdp5_vac:Error in specification of subcircuit master. Assert is ignored.
        Further occurrences of this warning will be suppressed. {"history": "Interactive.379", "point": 10, "testname": "TIA_Gain_Linearity", "cornername": "CMOS_VDD_Res_Cap_Temp_8"}
[2026-06-04 08:51:20.793 Z] [WARN] [cadence.virtuoso.ade.simulationMonitor] -     WARNING (SPECTRE-17607): Assert `SOAC_vert10_vsubpsub' is ignored because it contains an expression which is invalid or not supported by native evaluator.  {"history": "Interactive.379", "point": 10, "testname": "TIA_Gain_Linearity", "cornername": "CMOS_VDD_Res_Cap_Temp_8"}
[2026-06-04 08:51:20.793 Z] [WARN] [cadence.virtuoso.ade.simulationMonitor] -     WARNING (SPECTRE-17607): Assert `SOAC_vert10_vcsub' is ignored because it contains an expression which is invalid or not supported by native evaluator.  {"history": "Interactive.379", "point": 10, "testname": "TIA_Gain_Linearity", "cornername": "CMOS_VDD_Res_Cap_Temp_8"}
[2026-06-04 08:51:21.294 Z] [INFO] [cadence.virtuoso.ade.simulationMonitor] - Notice from spectre during topology check.
    Only one connection to the following 2308 nodes:
        I0.I46.RLIB_GC1.R1.psub!
        I0.I46.RLIB_GC1.R2.psub!
        I0.I46.MNLIB_DR1.M_esdnmos4.psub!
        I0.I46.DLIB2.psub!
        I0.I46.DLIB1.psub!
        Further occurrences of this notice will be suppressed. {"history": "Interactive.379", "point": 10, "testname": "TIA_Gain_Linearity", "cornername": "CMOS_VDD_Res_Cap_Temp_8"}
[2026-06-04 08:51:25.798 Z] [INFO] [cadence.virtuoso.ade.simulationMonitor] -               nodes 23214 {"history": "Interactive.379", "point": 10, "testname": "TIA_Gain_Linearity", "cornername": "CMOS_VDD_Res_Cap_Temp_8"}
[2026-06-04 08:51:25.799 Z] [INFO] [cadence.virtuoso.ade.simulationMonitor] - Notice from spectre during initial setup.
    7 resistors are shorted because their absolute value is less than or equal to 'rabsshort'.
    3 vsources are shorted because their absolute value is less than or equal to 'vabsshort'.
    4 resistors are changed to resistance form because their value are less than 'rthresh'.
    Spectre X preset=cx enabled.
    46 notices suppressed.
    255 warnings suppressed. {"history": "Interactive.379", "point": 10, "testname": "TIA_Gain_Linearity", "cornername": "CMOS_VDD_Res_Cap_Temp_8"}
[2026-06-04 08:51:25.799 Z] [INFO] [cadence.virtuoso.ade.simulationMonitor] - Notice from spectre.
    Multithreading enabled: 8 threads in the system with 48 available processors. {"history": "Interactive.379", "point": 10, "testname": "TIA_Gain_Linearity", "cornername": "CMOS_VDD_Res_Cap_Temp_8"}
[2026-06-04 08:51:25.800 Z] [INFO] [cadence.virtuoso.ade.simulationMonitor] - Peak resident memory used = 327 Mbytes. {"history": "Interactive.379", "point": 10, "testname": "TIA_Gain_Linearity", "cornername": "CMOS_VDD_Res_Cap_Temp_8"}
[2026-06-04 08:51:25.800 Z] [INFO] [cadence.virtuoso.ade.simulationMonitor] -    -   (Spectre X) Multi-threading. The recommended number of threads is [4, 8], consider adding +mt=4 or +mt=8 on command line. {"history": "Interactive.379", "point": 10, "testname": "TIA_Gain_Linearity", "cornername": "CMOS_VDD_Res_Cap_Temp_8"}
[2026-06-04 08:51:25.800 Z] [INFO] [cadence.virtuoso.ade.simulationMonitor] - Notice from spectre during DC analysis `dcOp'.
    No checklimit analysis defined for asserts. A default checklimit analysis 'SpectreChecklimitAnal' has been created with all asserts enabled. {"history": "Interactive.379", "point": 10, "testname": "TIA_Gain_Linearity", "cornername": "CMOS_VDD_Res_Cap_Temp_8"}
[2026-06-04 08:51:29.301 Z] [INFO] [cadence.virtuoso.ade.simulationMonitor] - Notice from spectre during DC analysis `dcOp'.
    Bad pivoting is found during DC analysis. Option dc_pivot_check=yes is recommended for possible improvement of convergence. {"history": "Interactive.379", "point": 10, "testname": "TIA_Gain_Linearity", "cornername": "CMOS_VDD_Res_Cap_Temp_8"}
[2026-06-04 08:51:29.302 Z] [WARN] [cadence.virtuoso.ade.simulationMonitor] -     WARNING (CMI-2943): Parameter checks have been ignored because the valid value for parameter 'trise' could not be found in 'C0'. {"history": "Interactive.379", "point": 10, "testname": "TIA_Gain_Linearity", "cornername": "CMOS_VDD_Res_Cap_Temp_8"}
[2026-06-04 08:51:29.303 Z] [WARN] [cadence.virtuoso.ade.simulationMonitor] -     WARNING (CMI-2943): Parameter checks have been ignored because the valid value for parameter 'trise' could not be found in 'C1'. {"history": "Interactive.379", "point": 10, "testname": "TIA_Gain_Linearity", "cornername": "CMOS_VDD_Res_Cap_Temp_8"}
[2026-06-04 08:51:29.303 Z] [WARN] [cadence.virtuoso.ade.simulationMonitor] -     WARNING (CMI-2943): Parameter checks have been ignored because the valid value for parameter 'trise' could not be found in 'C11'. {"history": "Interactive.379", "point": 10, "testname": "TIA_Gain_Linearity", "cornername": "CMOS_VDD_Res_Cap_Temp_8"}
[2026-06-04 08:51:29.303 Z] [WARN] [cadence.virtuoso.ade.simulationMonitor] -     WARNING (CMI-2943): Parameter checks have been ignored because the valid value for parameter 'trise' could not be found in 'C12'. {"history": "Interactive.379", "point": 10, "testname": "TIA_Gain_Linearity", "cornername": "CMOS_VDD_Res_Cap_Temp_8"}
[2026-06-04 08:51:29.303 Z] [WARN] [cadence.virtuoso.ade.simulationMonitor] -     WARNING (CMI-2943): Parameter checks have been ignored because the valid value for parameter 'trise' could not be found in 'C5'.
        Further occurrences of this warning will be suppressed. {"history": "Interactive.379", "point": 10, "testname": "TIA_Gain_Linearity", "cornername": "CMOS_VDD_Res_Cap_Temp_8"}
[2026-06-04 08:51:29.304 Z] [INFO] [cadence.virtuoso.ade.simulationMonitor] - Total time required for dc analysis `dcOp': CPU = 15.6396 s, elapsed = 3.67987 s, util. = 425%. {"history": "Interactive.379", "point": 10, "testname": "TIA_Gain_Linearity", "cornername": "CMOS_VDD_Res_Cap_Temp_8"}
[2026-06-04 08:51:29.304 Z] [INFO] [cadence.virtuoso.ade.simulationMonitor] - Peak resident memory used = 368 Mbytes. {"history": "Interactive.379", "point": 10, "testname": "TIA_Gain_Linearity", "cornername": "CMOS_VDD_Res_Cap_Temp_8"}
[2026-06-04 08:51:29.304 Z] [INFO] [cadence.virtuoso.ade.simulationMonitor] - Notice from spectre.
    1293 warnings suppressed. {"history": "Interactive.379", "point": 10, "testname": "TIA_Gain_Linearity", "cornername": "CMOS_VDD_Res_Cap_Temp_8"}
[2026-06-04 08:51:29.805 Z] [INFO] [cadence.virtuoso.ade.simulationMonitor] - Notice from spectre during DC analysis `dc'.
    I26: `period' has the unusually large value of 6 s. {"history": "Interactive.379", "point": 10, "testname": "TIA_Gain_Linearity", "cornername": "CMOS_VDD_Res_Cap_Temp_8"}
[2026-06-04 08:51:32.307 Z] [INFO] [cadence.virtuoso.ade.simulationMonitor] - Notice from spectre at Idc = -5.5e-06 during DC analysis `dc'.
    Bad pivoting is found during DC analysis. Option dc_pivot_check=yes is recommended for possible improvement of convergence. {"history": "Interactive.379", "point": 10, "testname": "TIA_Gain_Linearity", "cornername": "CMOS_VDD_Res_Cap_Temp_8"}
[2026-06-04 08:51:32.307 Z] [INFO] [cadence.virtuoso.ade.simulationMonitor] - Notice from spectre at Idc = -5.48e-06 during DC analysis `dc'.
    I26: `period' has the unusually large value of 6 s.
    Bad pivoting is found during DC analysis. Option dc_pivot_check=yes is recommended for possible improvement of convergence. {"history": "Interactive.379", "point": 10, "testname": "TIA_Gain_Linearity", "cornername": "CMOS_VDD_Res_Cap_Temp_8"}
[2026-06-04 08:51:32.307 Z] [INFO] [cadence.virtuoso.ade.simulationMonitor] - Notice from spectre at Idc = -5.46e-06 during DC analysis `dc'.
    I26: `period' has the unusually large value of 6 s. {"history": "Interactive.379", "point": 10, "testname": "TIA_Gain_Linearity", "cornername": "CMOS_VDD_Res_Cap_Temp_8"}
[2026-06-04 08:51:32.307 Z] [INFO] [cadence.virtuoso.ade.simulationMonitor] - Notice from spectre at Idc = -5.44e-06 during DC analysis `dc'.
    I26: `period' has the unusually large value of 6 s.
    Bad pivoting is found during DC analysis. Option dc_pivot_check=yes is recommended for possible improvement of convergence. {"history": "Interactive.379", "point": 10, "testname": "TIA_Gain_Linearity", "cornername": "CMOS_VDD_Res_Cap_Temp_8"}
[2026-06-04 08:51:32.308 Z] [INFO] [cadence.virtuoso.ade.simulationMonitor] - Notice from spectre at Idc = -5.42e-06 during DC analysis `dc'.
    I26: `period' has the unusually large value of 6 s.
        Further occurrences of this notice will be suppressed.
    Bad pivoting is found during DC analysis. Option dc_pivot_check=yes is recommended for possible improvement of convergence.
        Further occurrences of this notice will be suppressed. {"history": "Interactive.379", "point": 10, "testname": "TIA_Gain_Linearity", "cornername": "CMOS_VDD_Res_Cap_Temp_8"}
[2026-06-04 08:51:43.312 Z] [WARN] [cadence.virtuoso.ade.simulationMonitor] -     WARNING (CMI-2943): Parameter checks have been ignored because the valid value for parameter 'trise' could not be found in 'C0'. {"history": "Interactive.379", "point": 10, "testname": "TIA_Gain_Linearity", "cornername": "CMOS_VDD_Res_Cap_Temp_8"}
[2026-06-04 08:51:43.312 Z] [WARN] [cadence.virtuoso.ade.simulationMonitor] -     WARNING (CMI-2943): Parameter checks have been ignored because the valid value for parameter 'trise' could not be found in 'C1'. {"history": "Interactive.379", "point": 10, "testname": "TIA_Gain_Linearity", "cornername": "CMOS_VDD_Res_Cap_Temp_8"}
[2026-06-04 08:51:43.313 Z] [WARN] [cadence.virtuoso.ade.simulationMonitor] -     WARNING (CMI-2943): Parameter checks have been ignored because the valid value for parameter 'trise' could not be found in 'C11'. {"history": "Interactive.379", "point": 10, "testname": "TIA_Gain_Linearity", "cornername": "CMOS_VDD_Res_Cap_Temp_8"}
[2026-06-04 08:51:43.313 Z] [WARN] [cadence.virtuoso.ade.simulationMonitor] -     WARNING (CMI-2943): Parameter checks have been ignored because the valid value for parameter 'trise' could not be found in 'C12'. {"history": "Interactive.379", "point": 10, "testname": "TIA_Gain_Linearity", "cornername": "CMOS_VDD_Res_Cap_Temp_8"}
[2026-06-04 08:51:43.313 Z] [WARN] [cadence.virtuoso.ade.simulationMonitor] -     WARNING (CMI-2943): Parameter checks have been ignored because the valid value for parameter 'trise' could not be found in 'C5'.
        Further occurrences of this warning will be suppressed. {"history": "Interactive.379", "point": 10, "testname": "TIA_Gain_Linearity", "cornername": "CMOS_VDD_Res_Cap_Temp_8"}
[2026-06-04 08:51:43.313 Z] [INFO] [cadence.virtuoso.ade.simulationMonitor] - Notice from spectre at Idc = 5.5e-06 during DC analysis `dc'.
    The value of parameter 'Idc' has been reset to the original value 0. {"history": "Interactive.379", "point": 10, "testname": "TIA_Gain_Linearity", "cornername": "CMOS_VDD_Res_Cap_Temp_8"}
[2026-06-04 08:51:43.314 Z] [INFO] [cadence.virtuoso.ade.simulationMonitor] - Total time required for dc analysis `dc': CPU = 38.0219 s, elapsed = 13.7367 s, util. = 277%. {"history": "Interactive.379", "point": 10, "testname": "TIA_Gain_Linearity", "cornername": "CMOS_VDD_Res_Cap_Temp_8"}
[2026-06-04 08:51:43.314 Z] [INFO] [cadence.virtuoso.ade.simulationMonitor] - Peak resident memory used = 386 Mbytes. {"history": "Interactive.379", "point": 10, "testname": "TIA_Gain_Linearity", "cornername": "CMOS_VDD_Res_Cap_Temp_8"}
[2026-06-04 08:51:43.314 Z] [INFO] [cadence.virtuoso.ade.simulationMonitor] - Notice from spectre.
    1093 notices suppressed.
    1293 warnings suppressed. {"history": "Interactive.379", "point": 10, "testname": "TIA_Gain_Linearity", "cornername": "CMOS_VDD_Res_Cap_Temp_8"}
[2026-06-04 08:51:47.316 Z] [WARN] [cadence.virtuoso.ade.simulationMonitor] -     WARNING (CMI-2425): I7.I3|C1(0): `Acde' = 2.393 is unusually large. {"history": "Interactive.379", "point": 10, "testname": "TIA_Gain_Linearity", "cornername": "CMOS_VDD_Res_Cap_Temp_8"}
[2026-06-04 08:51:47.316 Z] [WARN] [cadence.virtuoso.ade.simulationMonitor] -     WARNING (CMI-2425): I7.I3|C1(0): `Noff' = 4.732 is unusually large. {"history": "Interactive.379", "point": 10, "testname": "TIA_Gain_Linearity", "cornername": "CMOS_VDD_Res_Cap_Temp_8"}
[2026-06-04 08:51:47.317 Z] [WARN] [cadence.virtuoso.ade.simulationMonitor] -     WARNING (CMI-2424): I7.I3|C1(0): `Voffcv' = -867.4e-03 is unusually small. {"history": "Interactive.379", "point": 10, "testname": "TIA_Gain_Linearity", "cornername": "CMOS_VDD_Res_Cap_Temp_8"}
[2026-06-04 08:51:47.317 Z] [WARN] [cadence.virtuoso.ade.simulationMonitor] -     WARNING (CMI-2425): I7.I3|C1(1): `Acde' = 2.393 is unusually large. {"history": "Interactive.379", "point": 10, "testname": "TIA_Gain_Linearity", "cornername": "CMOS_VDD_Res_Cap_Temp_8"}
[2026-06-04 08:51:47.317 Z] [WARN] [cadence.virtuoso.ade.simulationMonitor] -     WARNING (CMI-2425): I7.I3|C1(1): `Noff' = 4.732 is unusually large. {"history": "Interactive.379", "point": 10, "testname": "TIA_Gain_Linearity", "cornername": "CMOS_VDD_Res_Cap_Temp_8"}
[2026-06-04 08:51:47.317 Z] [WARN] [cadence.virtuoso.ade.simulationMonitor] -     WARNING (CMI-2424): I7.I3|C1(1): `Voffcv' = -867.4e-03 is unusually small. {"history": "Interactive.379", "point": 10, "testname": "TIA_Gain_Linearity", "cornername": "CMOS_VDD_Res_Cap_Temp_8"}
[2026-06-04 08:51:47.317 Z] [WARN] [cadence.virtuoso.ade.simulationMonitor] -     WARNING (CMI-2425): I7.I3|C1(2): `Acde' = 2.393 is unusually large.
        Further occurrences of this warning will be suppressed. {"history": "Interactive.379", "point": 10, "testname": "TIA_Gain_Linearity", "cornername": "CMOS_VDD_Res_Cap_Temp_8"}
[2026-06-04 08:51:47.317 Z] [WARN] [cadence.virtuoso.ade.simulationMonitor] -     WARNING (CMI-2424): I7.I3|C1(2): `Voffcv' = -867.4e-03 is unusually small. {"history": "Interactive.379", "point": 10, "testname": "TIA_Gain_Linearity", "cornername": "CMOS_VDD_Res_Cap_Temp_8"}
[2026-06-04 08:51:47.318 Z] [WARN] [cadence.virtuoso.ade.simulationMonitor] -     WARNING (CMI-2424): I7.I3|C1(3): `Voffcv' = -867.4e-03 is unusually small. {"history": "Interactive.379", "point": 10, "testname": "TIA_Gain_Linearity", "cornername": "CMOS_VDD_Res_Cap_Temp_8"}
[2026-06-04 08:51:47.318 Z] [WARN] [cadence.virtuoso.ade.simulationMonitor] -     WARNING (CMI-2424): I7.I3|C1(4): `Voffcv' = -867.4e-03 is unusually small.
        Further occurrences of this warning will be suppressed. {"history": "Interactive.379", "point": 10, "testname": "TIA_Gain_Linearity", "cornername": "CMOS_VDD_Res_Cap_Temp_8"}
[2026-06-04 08:51:53.320 Z] [INFO] [cadence.virtuoso.ade.simulationMonitor] - Notice from spectre during DC analysis, during AC analysis `ac'.
    Bad pivoting is found during DC analysis. Option dc_pivot_check=yes is recommended for possible improvement of convergence. {"history": "Interactive.379", "point": 10, "testname": "TIA_Gain_Linearity", "cornername": "CMOS_VDD_Res_Cap_Temp_8"}
[2026-06-04 08:51:53.321 Z] [WARN] [cadence.virtuoso.ade.simulationMonitor] -     WARNING (CMI-2943): Parameter checks have been ignored because the valid value for parameter 'trise' could not be found in 'C0'. {"history": "Interactive.379", "point": 10, "testname": "TIA_Gain_Linearity", "cornername": "CMOS_VDD_Res_Cap_Temp_8"}
[2026-06-04 08:51:53.321 Z] [WARN] [cadence.virtuoso.ade.simulationMonitor] -     WARNING (CMI-2943): Parameter checks have been ignored because the valid value for parameter 'trise' could not be found in 'C1'. {"history": "Interactive.379", "point": 10, "testname": "TIA_Gain_Linearity", "cornername": "CMOS_VDD_Res_Cap_Temp_8"}
[2026-06-04 08:51:53.322 Z] [WARN] [cadence.virtuoso.ade.simulationMonitor] -     WARNING (CMI-2943): Parameter checks have been ignored because the valid value for parameter 'trise' could not be found in 'C11'. {"history": "Interactive.379", "point": 10, "testname": "TIA_Gain_Linearity", "cornername": "CMOS_VDD_Res_Cap_Temp_8"}
[2026-06-04 08:51:53.322 Z] [WARN] [cadence.virtuoso.ade.simulationMonitor] -     WARNING (CMI-2943): Parameter checks have been ignored because the valid value for parameter 'trise' could not be found in 'C12'. {"history": "Interactive.379", "point": 10, "testname": "TIA_Gain_Linearity", "cornername": "CMOS_VDD_Res_Cap_Temp_8"}
[2026-06-04 08:51:53.322 Z] [WARN] [cadence.virtuoso.ade.simulationMonitor] -     WARNING (CMI-2943): Parameter checks have been ignored because the valid value for parameter 'trise' could not be found in 'C5'.
        Further occurrences of this warning will be suppressed. {"history": "Interactive.379", "point": 10, "testname": "TIA_Gain_Linearity", "cornername": "CMOS_VDD_Res_Cap_Temp_8"}
[2026-06-04 08:51:53.322 Z] [INFO] [cadence.virtuoso.ade.simulationMonitor] - Notice from spectre during check, during DC analysis, during AC analysis `ac'.
    I0.I5.RLIB_GC1 of rdiffp3: `ig' has the unusually large value of -21.6662 A.
    I0.I3.RLIB_GC2 of rdiffp3: `ig' has the unusually large value of -21.6662 A. {"history": "Interactive.379", "point": 10, "testname": "TIA_Gain_Linearity", "cornername": "CMOS_VDD_Res_Cap_Temp_8"}
[2026-06-04 08:52:12.336 Z] [INFO] [cadence.virtuoso.ade.simulationMonitor] - Total time required for ac analysis `ac': CPU = 102.219 s (1m  42.2s), elapsed = 24.8234 s, util. = 412%. {"history": "Interactive.379", "point": 10, "testname": "TIA_Gain_Linearity", "cornername": "CMOS_VDD_Res_Cap_Temp_8"}
[2026-06-04 08:52:12.336 Z] [INFO] [cadence.virtuoso.ade.simulationMonitor] - Peak resident memory used = 482 Mbytes. {"history": "Interactive.379", "point": 10, "testname": "TIA_Gain_Linearity", "cornername": "CMOS_VDD_Res_Cap_Temp_8"}
[2026-06-04 08:52:12.336 Z] [INFO] [cadence.virtuoso.ade.simulationMonitor] - Notice from spectre.
    1370 warnings suppressed. {"history": "Interactive.379", "point": 10, "testname": "TIA_Gain_Linearity", "cornername": "CMOS_VDD_Res_Cap_Temp_8"}
[2026-06-04 08:52:12.337 Z] [WARN] [cadence.virtuoso.ade.simulationMonitor] -     WARNING (CMI-2425): I7.I3|C1(0): `Acde' = 2.393 is unusually large. {"history": "Interactive.379", "point": 10, "testname": "TIA_Gain_Linearity", "cornername": "CMOS_VDD_Res_Cap_Temp_8"}
[2026-06-04 08:52:12.337 Z] [WARN] [cadence.virtuoso.ade.simulationMonitor] -     WARNING (CMI-2425): I7.I3|C1(0): `Noff' = 4.732 is unusually large. {"history": "Interactive.379", "point": 10, "testname": "TIA_Gain_Linearity", "cornername": "CMOS_VDD_Res_Cap_Temp_8"}
[2026-06-04 08:52:12.337 Z] [WARN] [cadence.virtuoso.ade.simulationMonitor] -     WARNING (CMI-2424): I7.I3|C1(0): `Voffcv' = -867.4e-03 is unusually small. {"history": "Interactive.379", "point": 10, "testname": "TIA_Gain_Linearity", "cornername": "CMOS_VDD_Res_Cap_Temp_8"}
[2026-06-04 08:52:12.337 Z] [WARN] [cadence.virtuoso.ade.simulationMonitor] -     WARNING (CMI-2425): I7.I3|C1(1): `Acde' = 2.393 is unusually large. {"history": "Interactive.379", "point": 10, "testname": "TIA_Gain_Linearity", "cornername": "CMOS_VDD_Res_Cap_Temp_8"}
[2026-06-04 08:52:12.337 Z] [WARN] [cadence.virtuoso.ade.simulationMonitor] -     WARNING (CMI-2425): I7.I3|C1(1): `Noff' = 4.732 is unusually large. {"history": "Interactive.379", "point": 10, "testname": "TIA_Gain_Linearity", "cornername": "CMOS_VDD_Res_Cap_Temp_8"}
[2026-06-04 08:52:12.338 Z] [WARN] [cadence.virtuoso.ade.simulationMonitor] -     WARNING (CMI-2424): I7.I3|C1(1): `Voffcv' = -867.4e-03 is unusually small. {"history": "Interactive.379", "point": 10, "testname": "TIA_Gain_Linearity", "cornername": "CMOS_VDD_Res_Cap_Temp_8"}
[2026-06-04 08:52:12.338 Z] [WARN] [cadence.virtuoso.ade.simulationMonitor] -     WARNING (CMI-2425): I7.I3|C1(2): `Acde' = 2.393 is unusually large.
        Further occurrences of this warning will be suppressed. {"history": "Interactive.379", "point": 10, "testname": "TIA_Gain_Linearity", "cornername": "CMOS_VDD_Res_Cap_Temp_8"}
[2026-06-04 08:52:12.338 Z] [WARN] [cadence.virtuoso.ade.simulationMonitor] -     WARNING (CMI-2424): I7.I3|C1(2): `Voffcv' = -867.4e-03 is unusually small. {"history": "Interactive.379", "point": 10, "testname": "TIA_Gain_Linearity", "cornername": "CMOS_VDD_Res_Cap_Temp_8"}
[2026-06-04 08:52:12.338 Z] [WARN] [cadence.virtuoso.ade.simulationMonitor] -     WARNING (CMI-2424): I7.I3|C1(3): `Voffcv' = -867.4e-03 is unusually small. {"history": "Interactive.379", "point": 10, "testname": "TIA_Gain_Linearity", "cornername": "CMOS_VDD_Res_Cap_Temp_8"}
[2026-06-04 08:52:12.338 Z] [WARN] [cadence.virtuoso.ade.simulationMonitor] -     WARNING (CMI-2424): I7.I3|C1(4): `Voffcv' = -867.4e-03 is unusually small.
        Further occurrences of this warning will be suppressed. {"history": "Interactive.379", "point": 10, "testname": "TIA_Gain_Linearity", "cornername": "CMOS_VDD_Res_Cap_Temp_8"}
[2026-06-04 08:52:12.839 Z] [INFO] [cadence.virtuoso.ade.simulationMonitor] - Notice from spectre during Noise analysis `noise'.
    Operating points will not be recomputed: the circuit and conditions were not changed since previous analysis. {"history": "Interactive.379", "point": 10, "testname": "TIA_Gain_Linearity", "cornername": "CMOS_VDD_Res_Cap_Temp_8"}
[2026-06-04 08:52:19.842 Z] [INFO] [cadence.virtuoso.ade.simulationMonitor] - Total time required for noise analysis `noise': CPU = 18.1984 s, elapsed = 7.33901 s, util. = 248%. {"history": "Interactive.379", "point": 10, "testname": "TIA_Gain_Linearity", "cornername": "CMOS_VDD_Res_Cap_Temp_8"}
[2026-06-04 08:52:19.843 Z] [INFO] [cadence.virtuoso.ade.simulationMonitor] - Peak resident memory used = 482 Mbytes. {"history": "Interactive.379", "point": 10, "testname": "TIA_Gain_Linearity", "cornername": "CMOS_VDD_Res_Cap_Temp_8"}
[2026-06-04 08:52:19.843 Z] [INFO] [cadence.virtuoso.ade.simulationMonitor] - Notice from spectre.
    77 warnings suppressed. {"history": "Interactive.379", "point": 10, "testname": "TIA_Gain_Linearity", "cornername": "CMOS_VDD_Res_Cap_Temp_8"}
[2026-06-04 08:52:20.345 Z] [INFO] [cadence.virtuoso.ade.simulationMonitor] - Time used: CPU = 187 s (3m  7.1s), elapsed = 63.3 s (1m  3.3s), util. = 296%. {"history": "Interactive.379", "point": 10, "testname": "TIA_Gain_Linearity", "cornername": "CMOS_VDD_Res_Cap_Temp_8"}
[2026-06-04 08:52:20.345 Z] [INFO] [cadence.virtuoso.ade.simulationMonitor] - Time spent in licensing: elapsed = 91.9 ms. {"history": "Interactive.379", "point": 10, "testname": "TIA_Gain_Linearity", "cornername": "CMOS_VDD_Res_Cap_Temp_8"}
[2026-06-04 08:52:20.346 Z] [INFO] [cadence.virtuoso.ade.simulationMonitor] - Peak memory used = 482 Mbytes. {"history": "Interactive.379", "point": 10, "testname": "TIA_Gain_Linearity", "cornername": "CMOS_VDD_Res_Cap_Temp_8"}
[2026-06-04 08:52:20.348 Z] [PROCESS] [cadence.virtuoso.ade.simulationMonitor] - Simulation started at: 8:51:16 AM, Thur Jun 4, 2026, ended at: 8:52:19 AM, Thur Jun 4, 2026, with elapsed time (wall clock): 63.3 s (1m  3.3s). {"history": "Interactive.379", "point": 10, "testname": "TIA_Gain_Linearity", "cornername": "CMOS_VDD_Res_Cap_Temp_8"}
[2026-06-04 08:52:20.348 Z] [PROCESS] [cadence.virtuoso.ade.simulationMonitor] - spectre completes with 0 errors, 85 warnings, and 45 notices. {"history": "Interactive.379", "point": 10, "testname": "TIA_Gain_Linearity", "cornername": "CMOS_VDD_Res_Cap_Temp_8"}
[2026-06-04 08:52:20.348 Z] [PROCESS] [cadence.virtuoso.ade.simulationMonitor] - Finished simulating for one point {"hostname": "il2244vt26_hrahimi", "processid": 2886028, "history": "Interactive.379", "testname": "TIA_Gain_Linearity", "cornername": "CMOS_VDD_Res_Cap_Temp_8", "point": 10, "logfile": "/home/hrahimi/projects/POTENTIOSTAT_26/logs_hrahimi/logs0/Job77.log", "simid": "2"}
[2026-06-04 08:52:20.348 Z] [PROCESS] [cadence.virtuoso.ade.simulationMonitor] - Simulator exited {"hostname": "il2244vt26_hrahimi", "processid": 2886028, "history": "Interactive.379", "testname": "TIA_Gain_Linearity", "cornername": "CMOS_VDD_Res_Cap_Temp_8", "point": 10, "logfile": "/home/hrahimi/projects/POTENTIOSTAT_26/logs_hrahimi/logs0/Job77.log", "exitStatus": "0"}
[2026-06-04 08:52:20.349 Z] [PROCESS] [cadence.virtuoso.ade.simulationMonitor] - Finished Simulation {"hostname": "il2244vt26_hrahimi", "processid": 2886028, "history": "Interactive.379", "testname": "TIA_Gain_Linearity", "cornername": "CMOS_VDD_Res_Cap_Temp_8", "point": 10, "logfile": "/home/hrahimi/projects/POTENTIOSTAT_26/logs_hrahimi/logs0/Job77.log", "simid": "2"}
[2026-06-04 08:52:23.864 Z] [PROCESS] [cadence.virtuoso.ade.simulationMonitor] - Point Finished {"hostname": "il2244vt26_hrahimi", "processid": 2886028, "history": "Interactive.379", "testname": "TIA_Gain_Linearity", "cornername": "CMOS_VDD_Res_Cap_Temp_8", "point": 10, "logfile": "/home/hrahimi/projects/POTENTIOSTAT_26/logs_hrahimi/logs0/Job77.log"}
[2026-06-04 08:52:23.874 Z] [PROCESS] [cadence.virtuoso.ade.simulationMonitor] - HostInfo:
Host name (type):	il2244vt26_hrahimi (x86_64)
Operating system:	Linux 5.15.0-164-generic #174-Ubuntu SMP Fri Nov 14 20:25:16 UTC 2025 {"hostname": "il2244vt26_hrahimi", "processid": 2886028, "history": "Interactive.379", "testname": "TIA_Gain_Linearity", "cornername": "CMOS_VDD_Res_Cap_Temp_8", "point": 10, "logfile": "/home/hrahimi/projects/POTENTIOSTAT_26/logs_hrahimi/logs0/Job77.log", "nodename": "il2244vt26_hrahimi", "domainname": "(none)", "machine": "x86_64", "sysname": "Linux", "release": "5.15.0-164-generic", "version": "#174-Ubuntu SMP Fri Nov 14 20:25:16 UTC 2025"}
[2026-06-04 08:52:23.875 Z] [PROCESS] [cadence.virtuoso.ade.simulationMonitor] - UsageInfo:
pid=2886028
totalPhysicalMemory=3023.749672GB,Used=2753.825157GB,totalVirtualMemory=3031.749668GB,Used=2753.933067GB
Cpu: Cores=48, Load average:32.090000,16.780000,19.000000 {"hostname": "il2244vt26_hrahimi", "processid": 2886028, "history": "Interactive.379", "testname": "TIA_Gain_Linearity", "cornername": "CMOS_VDD_Res_Cap_Temp_8", "point": 10, "logfile": "/home/hrahimi/projects/POTENTIOSTAT_26/logs_hrahimi/logs0/Job77.log", "pid": "2886028", "totalPhysicalMemory": "3023.749672", "physicalMemoryUsed": "2753.825157", "totalVirtualMemory": "3031.749668", "virtualMemoryUsed": "2753.933067", "cpuCores": "48", "processes": "29702", "loadAverage1": "32.090000", "loadAverage5": "16.780000", "loadAverage15": "19.000000", "loadAverage1Percent": "0.668542"}
[2026-06-04 08:52:23.876 Z] [EVENT] [cadence.virtuoso.ade.simulationMonitor] - NewPoint {"history": "Interactive.379", "point": 21, "testname": "TIA_Gain_Linearity", "cornername": "CMOS_VDD_Res_Cap_Temp_19", "event": "NewPoint", "EventSource": "Simulation Monitor", "HistoryName": "Interactive.379", "logFile": "/home/hrahimi/projects/POTENTIOSTAT_26/logs_hrahimi/logs0/Job77.log", "logFileSize": "90616"}
[2026-06-04 08:52:23.978 Z] [EVENT] [cadence.virtuoso.ade.simulationMonitor] - NewPoint {"history": "Interactive.379", "point": 21, "testname": "TIA_Gain_Linearity", "cornername": "CMOS_VDD_Res_Cap_Temp_19", "event": "NewPoint", "EventSource": "spectre", "HistoryName": "Interactive.379", "logFile": "/home/hrahimi/projects/POTENTIOSTAT_26/Sim/Potentiostat_Top/top/maestro/results/maestro/Interactive.379/21/TIA_Gain_Linearity/psf/spectre.out", "logFileSize": "-1"}
[2026-06-04 08:52:23.991 Z] [PROCESS] [cadence.virtuoso.ade.simulationMonitor] - Simulator launched {"hostname": "il2244vt26_hrahimi", "processid": 2886028, "history": "Interactive.379", "testname": "TIA_Gain_Linearity", "cornername": "CMOS_VDD_Res_Cap_Temp_19", "point": 21, "logfile": "/home/hrahimi/projects/POTENTIOSTAT_26/logs_hrahimi/logs0/Job77.log", "simid": "3"}
[2026-06-04 08:52:24.067 Z] [PROCESS] [cadence.virtuoso.ade.simulationMonitor] - Started Simulation {"hostname": "il2244vt26_hrahimi", "processid": 2886028, "history": "Interactive.379", "testname": "TIA_Gain_Linearity", "cornername": "CMOS_VDD_Res_Cap_Temp_19", "point": 21, "logfile": "/home/hrahimi/projects/POTENTIOSTAT_26/logs_hrahimi/logs0/Job77.log", "event": "started", "task": "simulation"}
[2026-06-04 08:52:25.068 Z] [WARN] [cadence.virtuoso.ade.simulationMonitor] -     WARNING (SPECTRE-691): This CPU processor does not support x86 advanced vector extensions instructions. This may affect math operations and slow down the simulation. {"history": "Interactive.379", "point": 21, "testname": "TIA_Gain_Linearity", "cornername": "CMOS_VDD_Res_Cap_Temp_19"}
[2026-06-04 08:52:25.069 Z] [INFO] [cadence.virtuoso.ade.simulationMonitor] - Notice from spectre during circuit read-in.
    Pre_Configuration file used: /opt/tools/cadence/installs/SPECTRE241/tools.lnx86/spectre/etc/configs/preset.precfg
    Configuration file used: `/opt/tools/cadence/installs/SPECTRE241/tools.lnx86/spectre/etc/configs/preset.cfg'. {"history": "Interactive.379", "point": 21, "testname": "TIA_Gain_Linearity", "cornername": "CMOS_VDD_Res_Cap_Temp_19"}
[2026-06-04 08:52:25.069 Z] [WARN] [cadence.virtuoso.ade.simulationMonitor] -     WARNING (SPECTRE-8360): line 1511: `ac' is an undefined primitive device. {"history": "Interactive.379", "point": 21, "testname": "TIA_Gain_Linearity", "cornername": "CMOS_VDD_Res_Cap_Temp_19"}
[2026-06-04 08:52:25.070 Z] [WARN] [cadence.virtuoso.ade.simulationMonitor] -     WARNING (SPECTRE-8360): line 1512: `ac' is an undefined primitive device. {"history": "Interactive.379", "point": 21, "testname": "TIA_Gain_Linearity", "cornername": "CMOS_VDD_Res_Cap_Temp_19"}
[2026-06-04 08:52:25.070 Z] [WARN] [cadence.virtuoso.ade.simulationMonitor] -     WARNING (SPECTRE-8360): line 1513: `ac' is an undefined primitive device. {"history": "Interactive.379", "point": 21, "testname": "TIA_Gain_Linearity", "cornername": "CMOS_VDD_Res_Cap_Temp_19"}
[2026-06-04 08:52:25.070 Z] [WARN] [cadence.virtuoso.ade.simulationMonitor] -     WARNING (SPECTRE-8360): line 1514: `ac' is an undefined primitive device. {"history": "Interactive.379", "point": 21, "testname": "TIA_Gain_Linearity", "cornername": "CMOS_VDD_Res_Cap_Temp_19"}
[2026-06-04 08:52:25.070 Z] [WARN] [cadence.virtuoso.ade.simulationMonitor] -     WARNING (SPECTRE-8360): line 1515: `ac' is an undefined primitive device.
        Further occurrences of this warning will be suppressed. {"history": "Interactive.379", "point": 21, "testname": "TIA_Gain_Linearity", "cornername": "CMOS_VDD_Res_Cap_Temp_19"}
[2026-06-04 08:52:25.070 Z] [WARN] [cadence.virtuoso.ade.simulationMonitor] -     WARNING (VACOMP-2435): The environment variable CDS_AHDLCMI_ENABLE is no longer supported. Therefore, the simulator will use the default compiled C code flow. {"history": "Interactive.379", "point": 21, "testname": "TIA_Gain_Linearity", "cornername": "CMOS_VDD_Res_Cap_Temp_19"}
[2026-06-04 08:52:25.571 Z] [INFO] [cadence.virtuoso.ade.simulationMonitor] - Peak resident memory used = 201 Mbytes. {"history": "Interactive.379", "point": 21, "testname": "TIA_Gain_Linearity", "cornername": "CMOS_VDD_Res_Cap_Temp_19"}
[2026-06-04 08:52:26.571 Z] [WARN] [cadence.virtuoso.ade.simulationMonitor] -     WARNING (SFE-3027): The dangling resistor I7.rb286 is removed. {"history": "Interactive.379", "point": 21, "testname": "TIA_Gain_Linearity", "cornername": "CMOS_VDD_Res_Cap_Temp_19"}
[2026-06-04 08:52:26.572 Z] [WARN] [cadence.virtuoso.ade.simulationMonitor] -     WARNING (SFE-3027): The dangling resistor I7.rb20 is removed. {"history": "Interactive.379", "point": 21, "testname": "TIA_Gain_Linearity", "cornername": "CMOS_VDD_Res_Cap_Temp_19"}
[2026-06-04 08:52:26.572 Z] [WARN] [cadence.virtuoso.ade.simulationMonitor] -     WARNING (SFE-3027): The dangling resistor I7.rb282 is removed. {"history": "Interactive.379", "point": 21, "testname": "TIA_Gain_Linearity", "cornername": "CMOS_VDD_Res_Cap_Temp_19"}
[2026-06-04 08:52:26.572 Z] [WARN] [cadence.virtuoso.ade.simulationMonitor] -     WARNING (SFE-3027): The dangling resistor I7.rd2 is removed. {"history": "Interactive.379", "point": 21, "testname": "TIA_Gain_Linearity", "cornername": "CMOS_VDD_Res_Cap_Temp_19"}
[2026-06-04 08:52:26.572 Z] [WARN] [cadence.virtuoso.ade.simulationMonitor] -     WARNING (SFE-3027): The dangling resistor I7.rb285 is removed.
        Further occurrences of this warning will be suppressed. {"history": "Interactive.379", "point": 21, "testname": "TIA_Gain_Linearity", "cornername": "CMOS_VDD_Res_Cap_Temp_19"}
[2026-06-04 08:52:26.573 Z] [WARN] [cadence.virtuoso.ade.simulationMonitor] -     WARNING (SFE-3012): The dummy device I0.I16.DLIB12 is removed. {"history": "Interactive.379", "point": 21, "testname": "TIA_Gain_Linearity", "cornername": "CMOS_VDD_Res_Cap_Temp_19"}
[2026-06-04 08:52:26.573 Z] [WARN] [cadence.virtuoso.ade.simulationMonitor] -     WARNING (SFE-3012): The dummy device I0.I15.DLIB9 is removed. {"history": "Interactive.379", "point": 21, "testname": "TIA_Gain_Linearity", "cornername": "CMOS_VDD_Res_Cap_Temp_19"}
[2026-06-04 08:52:26.573 Z] [WARN] [cadence.virtuoso.ade.simulationMonitor] -     WARNING (SFE-3012): The dummy device I0.I0.DLIB6 is removed. {"history": "Interactive.379", "point": 21, "testname": "TIA_Gain_Linearity", "cornername": "CMOS_VDD_Res_Cap_Temp_19"}
[2026-06-04 08:52:26.573 Z] [WARN] [cadence.virtuoso.ade.simulationMonitor] -     WARNING (SFE-3012): The dummy device I0.I16.DLIB10 is removed. {"history": "Interactive.379", "point": 21, "testname": "TIA_Gain_Linearity", "cornername": "CMOS_VDD_Res_Cap_Temp_19"}
[2026-06-04 08:52:26.573 Z] [WARN] [cadence.virtuoso.ade.simulationMonitor] -     WARNING (SFE-3012): The dummy device I0.I17.DLIB5 is removed.
        Further occurrences of this warning will be suppressed. {"history": "Interactive.379", "point": 21, "testname": "TIA_Gain_Linearity", "cornername": "CMOS_VDD_Res_Cap_Temp_19"}
[2026-06-04 08:52:26.574 Z] [WARN] [cadence.virtuoso.ade.simulationMonitor] -     WARNING (SFE-3028): The floating resistor R8 is removed. {"history": "Interactive.379", "point": 21, "testname": "TIA_Gain_Linearity", "cornername": "CMOS_VDD_Res_Cap_Temp_19"}
[2026-06-04 08:52:26.574 Z] [WARN] [cadence.virtuoso.ade.simulationMonitor] -     WARNING (SFE-3029): The dummy capacitor I2.c27789 is removed. {"history": "Interactive.379", "point": 21, "testname": "TIA_Gain_Linearity", "cornername": "CMOS_VDD_Res_Cap_Temp_19"}
[2026-06-04 08:52:26.574 Z] [WARN] [cadence.virtuoso.ade.simulationMonitor] -     WARNING (SFE-3015): The dangling node I2.210\:GNDA is removed. {"history": "Interactive.379", "point": 21, "testname": "TIA_Gain_Linearity", "cornername": "CMOS_VDD_Res_Cap_Temp_19"}
[2026-06-04 08:52:26.574 Z] [WARN] [cadence.virtuoso.ade.simulationMonitor] -     WARNING (SFE-3015): The dangling node I2.192\:VPI is removed. {"history": "Interactive.379", "point": 21, "testname": "TIA_Gain_Linearity", "cornername": "CMOS_VDD_Res_Cap_Temp_19"}
[2026-06-04 08:52:26.574 Z] [WARN] [cadence.virtuoso.ade.simulationMonitor] -     WARNING (SFE-3015): The dangling node I2.693\:VPI is removed. {"history": "Interactive.379", "point": 21, "testname": "TIA_Gain_Linearity", "cornername": "CMOS_VDD_Res_Cap_Temp_19"}
[2026-06-04 08:52:26.575 Z] [WARN] [cadence.virtuoso.ade.simulationMonitor] -     WARNING (SFE-3015): The dangling node I2.13\:I25|I30|SN is removed. {"history": "Interactive.379", "point": 21, "testname": "TIA_Gain_Linearity", "cornername": "CMOS_VDD_Res_Cap_Temp_19"}
[2026-06-04 08:52:26.575 Z] [WARN] [cadence.virtuoso.ade.simulationMonitor] -     WARNING (SFE-3015): The dangling node I2.33\:S(3) is removed.
        Further occurrences of this warning will be suppressed. {"history": "Interactive.379", "point": 21, "testname": "TIA_Gain_Linearity", "cornername": "CMOS_VDD_Res_Cap_Temp_19"}
[2026-06-04 08:52:26.575 Z] [WARN] [cadence.virtuoso.ade.simulationMonitor] -     WARNING (SFE-3016): The floating node net73 is removed. {"history": "Interactive.379", "point": 21, "testname": "TIA_Gain_Linearity", "cornername": "CMOS_VDD_Res_Cap_Temp_19"}
[2026-06-04 08:52:26.575 Z] [WARN] [cadence.virtuoso.ade.simulationMonitor] -     WARNING (SFE-3016): The floating node net74 is removed. {"history": "Interactive.379", "point": 21, "testname": "TIA_Gain_Linearity", "cornername": "CMOS_VDD_Res_Cap_Temp_19"}
[2026-06-04 08:52:26.575 Z] [WARN] [cadence.virtuoso.ade.simulationMonitor] -     WARNING (SFE-3023): The dangling node net45 is removed. It should not be dangling since it is defined in top level. {"history": "Interactive.379", "point": 21, "testname": "TIA_Gain_Linearity", "cornername": "CMOS_VDD_Res_Cap_Temp_19"}
[2026-06-04 08:52:26.576 Z] [WARN] [cadence.virtuoso.ade.simulationMonitor] -     WARNING (SFE-3023): The dangling node net46 is removed. It should not be dangling since it is defined in top level. {"history": "Interactive.379", "point": 21, "testname": "TIA_Gain_Linearity", "cornername": "CMOS_VDD_Res_Cap_Temp_19"}
[2026-06-04 08:52:26.576 Z] [INFO] [cadence.virtuoso.ade.simulationMonitor] - Notice from spectre during hierarchy flattening.
    Spectre X Parasitic Optimization enabled.
    Parasitic optimization will filter out parasitic nodes, nodes only connected to RCs, by default. To view individual parasitic nodes use individual save statements (i.e. save out), or use the 'savefilter=none' option to save all parasitic nodes. Saving all parasitic nodes may slow down simulation and create large waveform files. {"history": "Interactive.379", "point": 21, "testname": "TIA_Gain_Linearity", "cornername": "CMOS_VDD_Res_Cap_Temp_19"}
[2026-06-04 08:52:26.576 Z] [INFO] [cadence.virtuoso.ade.simulationMonitor] - Peak resident memory used = 237 Mbytes. {"history": "Interactive.379", "point": 21, "testname": "TIA_Gain_Linearity", "cornername": "CMOS_VDD_Res_Cap_Temp_19"}
[2026-06-04 08:52:26.576 Z] [INFO] [cadence.virtuoso.ade.simulationMonitor] - Notice from spectre during hierarchy flattening.
    The value 'psf' specified for the 'checklimitdest' option will no longer be supported in future releases. Use 'spectre -h' to see other recommended values for the 'checklimitdest' option.
    I0.I46.RLIB_GC1.CS0 of rpoly1c: `c' has the unusually small value of 634.694e-21 F.
    I0.I46.RLIB_GC1.CS1 of rpoly1c: `c' has the unusually small value of 634.694e-21 F.
    I0.I45.RLIB_GC1.CS0 of rpoly1c: `c' has the unusually small value of 634.694e-21 F.
    I0... {"history": "Interactive.379", "point": 21, "testname": "TIA_Gain_Linearity", "cornername": "CMOS_VDD_Res_Cap_Temp_19"}
[2026-06-04 08:52:27.077 Z] [INFO] [cadence.virtuoso.ade.simulationMonitor] - Notice from spectre during hierarchy flattening.
    V8: `period' has the unusually large value of 100 s.
    V7: `period' has the unusually large value of 10 s.
    V3: `period' has the unusually large value of 6 s.
    I26: `period' has the unusually large value of 6 s. {"history": "Interactive.379", "point": 21, "testname": "TIA_Gain_Linearity", "cornername": "CMOS_VDD_Res_Cap_Temp_19"}
[2026-06-04 08:52:27.077 Z] [INFO] [cadence.virtuoso.ade.simulationMonitor] - Peak resident memory used = 251 Mbytes. {"history": "Interactive.379", "point": 21, "testname": "TIA_Gain_Linearity", "cornername": "CMOS_VDD_Res_Cap_Temp_19"}
[2026-06-04 08:52:27.077 Z] [WARN] [cadence.virtuoso.ade.simulationMonitor] -     WARNING (CMI-2425): I2.I56|C3: `Acde' = 2.393 is unusually large. {"history": "Interactive.379", "point": 21, "testname": "TIA_Gain_Linearity", "cornername": "CMOS_VDD_Res_Cap_Temp_19"}
[2026-06-04 08:52:27.078 Z] [WARN] [cadence.virtuoso.ade.simulationMonitor] -     WARNING (CMI-2425): I2.I56|C3: `Noff' = 4.732 is unusually large. {"history": "Interactive.379", "point": 21, "testname": "TIA_Gain_Linearity", "cornername": "CMOS_VDD_Res_Cap_Temp_19"}
[2026-06-04 08:52:27.078 Z] [WARN] [cadence.virtuoso.ade.simulationMonitor] -     WARNING (CMI-2424): I2.I56|C3: `Voffcv' = -867.4e-03 is unusually small. {"history": "Interactive.379", "point": 21, "testname": "TIA_Gain_Linearity", "cornername": "CMOS_VDD_Res_Cap_Temp_19"}
[2026-06-04 08:52:27.078 Z] [WARN] [cadence.virtuoso.ade.simulationMonitor] -     WARNING (CMI-2425): I2.I56|C4: `Acde' = 2.393 is unusually large. {"history": "Interactive.379", "point": 21, "testname": "TIA_Gain_Linearity", "cornername": "CMOS_VDD_Res_Cap_Temp_19"}
[2026-06-04 08:52:27.078 Z] [WARN] [cadence.virtuoso.ade.simulationMonitor] -     WARNING (CMI-2425): I2.I56|C4: `Noff' = 4.732 is unusually large. {"history": "Interactive.379", "point": 21, "testname": "TIA_Gain_Linearity", "cornername": "CMOS_VDD_Res_Cap_Temp_19"}
[2026-06-04 08:52:27.078 Z] [WARN] [cadence.virtuoso.ade.simulationMonitor] -     WARNING (CMI-2424): I2.I56|C4: `Voffcv' = -867.4e-03 is unusually small. {"history": "Interactive.379", "point": 21, "testname": "TIA_Gain_Linearity", "cornername": "CMOS_VDD_Res_Cap_Temp_19"}
[2026-06-04 08:52:27.079 Z] [WARN] [cadence.virtuoso.ade.simulationMonitor] -     WARNING (CMI-2425): I2.I56|C5: `Acde' = 2.393 is unusually large.
        Further occurrences of this warning will be suppressed. {"history": "Interactive.379", "point": 21, "testname": "TIA_Gain_Linearity", "cornername": "CMOS_VDD_Res_Cap_Temp_19"}
[2026-06-04 08:52:27.079 Z] [WARN] [cadence.virtuoso.ade.simulationMonitor] -     WARNING (CMI-2424): I2.I56|C5: `Voffcv' = -867.4e-03 is unusually small. {"history": "Interactive.379", "point": 21, "testname": "TIA_Gain_Linearity", "cornername": "CMOS_VDD_Res_Cap_Temp_19"}
[2026-06-04 08:52:27.079 Z] [WARN] [cadence.virtuoso.ade.simulationMonitor] -     WARNING (CMI-2424): I7.I4|C1(10): `Voffcv' = -867.4e-03 is unusually small. {"history": "Interactive.379", "point": 21, "testname": "TIA_Gain_Linearity", "cornername": "CMOS_VDD_Res_Cap_Temp_19"}
[2026-06-04 08:52:27.079 Z] [WARN] [cadence.virtuoso.ade.simulationMonitor] -     WARNING (CMI-2424): I7.I4|C1(9): `Voffcv' = -867.4e-03 is unusually small.
        Further occurrences of this warning will be suppressed. {"history": "Interactive.379", "point": 21, "testname": "TIA_Gain_Linearity", "cornername": "CMOS_VDD_Res_Cap_Temp_19"}
[2026-06-04 08:52:28.080 Z] [WARN] [cadence.virtuoso.ade.simulationMonitor] -     WARNING (SPECTRE-16460): SOAC_esdgcp5_vcpsub:Specified subcircuit master `esdgcp5' was not found. {"history": "Interactive.379", "point": 21, "testname": "TIA_Gain_Linearity", "cornername": "CMOS_VDD_Res_Cap_Temp_19"}
[2026-06-04 08:52:28.080 Z] [WARN] [cadence.virtuoso.ade.simulationMonitor] -     WARNING (SPECTRE-16462): SOAC_esdgcp5_vcpsub:Error in specification of subcircuit master. Assert is ignored. {"history": "Interactive.379", "point": 21, "testname": "TIA_Gain_Linearity", "cornername": "CMOS_VDD_Res_Cap_Temp_19"}
[2026-06-04 08:52:28.081 Z] [WARN] [cadence.virtuoso.ade.simulationMonitor] -     WARNING (SPECTRE-16460): SOAC_esdgcp5_vac:Specified subcircuit master `esdgcp5' was not found. {"history": "Interactive.379", "point": 21, "testname": "TIA_Gain_Linearity", "cornername": "CMOS_VDD_Res_Cap_Temp_19"}
[2026-06-04 08:52:28.081 Z] [WARN] [cadence.virtuoso.ade.simulationMonitor] -     WARNING (SPECTRE-16462): SOAC_esdgcp5_vac:Error in specification of subcircuit master. Assert is ignored. {"history": "Interactive.379", "point": 21, "testname": "TIA_Gain_Linearity", "cornername": "CMOS_VDD_Res_Cap_Temp_19"}
[2026-06-04 08:52:28.081 Z] [WARN] [cadence.virtuoso.ade.simulationMonitor] -     WARNING (SPECTRE-16460): SOAC_esdgcn5_vac:Specified subcircuit master `esdgcn5' was not found. {"history": "Interactive.379", "point": 21, "testname": "TIA_Gain_Linearity", "cornername": "CMOS_VDD_Res_Cap_Temp_19"}
[2026-06-04 08:52:28.081 Z] [WARN] [cadence.virtuoso.ade.simulationMonitor] -     WARNING (SPECTRE-16462): SOAC_esdgcn5_vac:Error in specification of subcircuit master. Assert is ignored. {"history": "Interactive.379", "point": 21, "testname": "TIA_Gain_Linearity", "cornername": "CMOS_VDD_Res_Cap_Temp_19"}
[2026-06-04 08:52:28.081 Z] [WARN] [cadence.virtuoso.ade.simulationMonitor] -     WARNING (SPECTRE-16460): SOAC_esdfdp5_vcpsub:Specified subcircuit master `esdfdp5' was not found. {"history": "Interactive.379", "point": 21, "testname": "TIA_Gain_Linearity", "cornername": "CMOS_VDD_Res_Cap_Temp_19"}
[2026-06-04 08:52:28.081 Z] [WARN] [cadence.virtuoso.ade.simulationMonitor] -     WARNING (SPECTRE-16462): SOAC_esdfdp5_vcpsub:Error in specification of subcircuit master. Assert is ignored. {"history": "Interactive.379", "point": 21, "testname": "TIA_Gain_Linearity", "cornername": "CMOS_VDD_Res_Cap_Temp_19"}
[2026-06-04 08:52:28.082 Z] [WARN] [cadence.virtuoso.ade.simulationMonitor] -     WARNING (SPECTRE-16460): SOAC_esdfdp5_vac:Specified subcircuit master `esdfdp5' was not found.
        Further occurrences of this warning will be suppressed. {"history": "Interactive.379", "point": 21, "testname": "TIA_Gain_Linearity", "cornername": "CMOS_VDD_Res_Cap_Temp_19"}
[2026-06-04 08:52:28.082 Z] [WARN] [cadence.virtuoso.ade.simulationMonitor] -     WARNING (SPECTRE-16462): SOAC_esdfdp5_vac:Error in specification of subcircuit master. Assert is ignored.
        Further occurrences of this warning will be suppressed. {"history": "Interactive.379", "point": 21, "testname": "TIA_Gain_Linearity", "cornername": "CMOS_VDD_Res_Cap_Temp_19"}
[2026-06-04 08:52:28.082 Z] [WARN] [cadence.virtuoso.ade.simulationMonitor] -     WARNING (SPECTRE-17607): Assert `SOAC_vert10_vsubpsub' is ignored because it contains an expression which is invalid or not supported by native evaluator.  {"history": "Interactive.379", "point": 21, "testname": "TIA_Gain_Linearity", "cornername": "CMOS_VDD_Res_Cap_Temp_19"}
[2026-06-04 08:52:28.083 Z] [WARN] [cadence.virtuoso.ade.simulationMonitor] -     WARNING (SPECTRE-17607): Assert `SOAC_vert10_vcsub' is ignored because it contains an expression which is invalid or not supported by native evaluator.  {"history": "Interactive.379", "point": 21, "testname": "TIA_Gain_Linearity", "cornername": "CMOS_VDD_Res_Cap_Temp_19"}
[2026-06-04 08:52:28.584 Z] [INFO] [cadence.virtuoso.ade.simulationMonitor] - Notice from spectre during topology check.
    Only one connection to the following 2308 nodes:
        I0.I46.RLIB_GC1.R1.psub!
        I0.I46.RLIB_GC1.R2.psub!
        I0.I46.MNLIB_DR1.M_esdnmos4.psub!
        I0.I46.DLIB2.psub!
        I0.I46.DLIB1.psub!
        Further occurrences of this notice will be suppressed. {"history": "Interactive.379", "point": 21, "testname": "TIA_Gain_Linearity", "cornername": "CMOS_VDD_Res_Cap_Temp_19"}
[2026-06-04 08:52:32.588 Z] [INFO] [cadence.virtuoso.ade.simulationMonitor] -               nodes 23214 {"history": "Interactive.379", "point": 21, "testname": "TIA_Gain_Linearity", "cornername": "CMOS_VDD_Res_Cap_Temp_19"}
[2026-06-04 08:52:32.588 Z] [INFO] [cadence.virtuoso.ade.simulationMonitor] - Notice from spectre during initial setup.
    7 resistors are shorted because their absolute value is less than or equal to 'rabsshort'.
    3 vsources are shorted because their absolute value is less than or equal to 'vabsshort'.
    4 resistors are changed to resistance form because their value are less than 'rthresh'.
    Spectre X preset=cx enabled.
    46 notices suppressed.
    255 warnings suppressed. {"history": "Interactive.379", "point": 21, "testname": "TIA_Gain_Linearity", "cornername": "CMOS_VDD_Res_Cap_Temp_19"}
[2026-06-04 08:52:32.589 Z] [INFO] [cadence.virtuoso.ade.simulationMonitor] - Notice from spectre.
    Multithreading enabled: 8 threads in the system with 48 available processors. {"history": "Interactive.379", "point": 21, "testname": "TIA_Gain_Linearity", "cornername": "CMOS_VDD_Res_Cap_Temp_19"}
[2026-06-04 08:52:32.589 Z] [INFO] [cadence.virtuoso.ade.simulationMonitor] - Peak resident memory used = 328 Mbytes. {"history": "Interactive.379", "point": 21, "testname": "TIA_Gain_Linearity", "cornername": "CMOS_VDD_Res_Cap_Temp_19"}
[2026-06-04 08:52:32.589 Z] [INFO] [cadence.virtuoso.ade.simulationMonitor] -    -   (Spectre X) Multi-threading. The recommended number of threads is [4, 8], consider adding +mt=4 or +mt=8 on command line. {"history": "Interactive.379", "point": 21, "testname": "TIA_Gain_Linearity", "cornername": "CMOS_VDD_Res_Cap_Temp_19"}
[2026-06-04 08:52:32.590 Z] [INFO] [cadence.virtuoso.ade.simulationMonitor] - Notice from spectre during DC analysis `dcOp'.
    No checklimit analysis defined for asserts. A default checklimit analysis 'SpectreChecklimitAnal' has been created with all asserts enabled. {"history": "Interactive.379", "point": 21, "testname": "TIA_Gain_Linearity", "cornername": "CMOS_VDD_Res_Cap_Temp_19"}
[2026-06-04 08:52:36.592 Z] [INFO] [cadence.virtuoso.ade.simulationMonitor] - Notice from spectre during DC analysis `dcOp'.
    Bad pivoting is found during DC analysis. Option dc_pivot_check=yes is recommended for possible improvement of convergence. {"history": "Interactive.379", "point": 21, "testname": "TIA_Gain_Linearity", "cornername": "CMOS_VDD_Res_Cap_Temp_19"}
[2026-06-04 08:52:37.093 Z] [WARN] [cadence.virtuoso.ade.simulationMonitor] -     WARNING (CMI-2943): Parameter checks have been ignored because the valid value for parameter 'trise' could not be found in 'C0'. {"history": "Interactive.379", "point": 21, "testname": "TIA_Gain_Linearity", "cornername": "CMOS_VDD_Res_Cap_Temp_19"}
[2026-06-04 08:52:37.093 Z] [WARN] [cadence.virtuoso.ade.simulationMonitor] -     WARNING (CMI-2943): Parameter checks have been ignored because the valid value for parameter 'trise' could not be found in 'C1'. {"history": "Interactive.379", "point": 21, "testname": "TIA_Gain_Linearity", "cornername": "CMOS_VDD_Res_Cap_Temp_19"}
[2026-06-04 08:52:37.093 Z] [WARN] [cadence.virtuoso.ade.simulationMonitor] -     WARNING (CMI-2943): Parameter checks have been ignored because the valid value for parameter 'trise' could not be found in 'C11'. {"history": "Interactive.379", "point": 21, "testname": "TIA_Gain_Linearity", "cornername": "CMOS_VDD_Res_Cap_Temp_19"}
[2026-06-04 08:52:37.094 Z] [WARN] [cadence.virtuoso.ade.simulationMonitor] -     WARNING (CMI-2943): Parameter checks have been ignored because the valid value for parameter 'trise' could not be found in 'C12'. {"history": "Interactive.379", "point": 21, "testname": "TIA_Gain_Linearity", "cornername": "CMOS_VDD_Res_Cap_Temp_19"}
[2026-06-04 08:52:37.094 Z] [WARN] [cadence.virtuoso.ade.simulationMonitor] -     WARNING (CMI-2943): Parameter checks have been ignored because the valid value for parameter 'trise' could not be found in 'C5'.
        Further occurrences of this warning will be suppressed. {"history": "Interactive.379", "point": 21, "testname": "TIA_Gain_Linearity", "cornername": "CMOS_VDD_Res_Cap_Temp_19"}
[2026-06-04 08:52:37.094 Z] [WARN] [cadence.virtuoso.ade.simulationMonitor] -     WARNING (SPECTRE-17191): 
        Tolerance relaxation is used to obtain final DC solution which may affect the accuracy of the result. This is mainly caused by the high impedance nodes in the circuit. Use the dyn_highz check to determine the high impedance nodes. Setting/assigning appropriate initial values to these nodes will usually help to improve both performance and accuracy of DC simulations. {"history": "Interactive.379", "point": 21, "testname": "TIA_Gain_Linearity", "cornername": "CMOS_VDD_Res_Cap_Temp_19"}
[2026-06-04 08:52:37.094 Z] [INFO] [cadence.virtuoso.ade.simulationMonitor] - Total time required for dc analysis `dcOp': CPU = 20.6488 s, elapsed = 4.46781 s, util. = 462%. {"history": "Interactive.379", "point": 21, "testname": "TIA_Gain_Linearity", "cornername": "CMOS_VDD_Res_Cap_Temp_19"}
[2026-06-04 08:52:37.094 Z] [INFO] [cadence.virtuoso.ade.simulationMonitor] - Peak resident memory used = 368 Mbytes. {"history": "Interactive.379", "point": 21, "testname": "TIA_Gain_Linearity", "cornername": "CMOS_VDD_Res_Cap_Temp_19"}
[2026-06-04 08:52:37.095 Z] [INFO] [cadence.virtuoso.ade.simulationMonitor] - Notice from spectre.
    1293 warnings suppressed. {"history": "Interactive.379", "point": 21, "testname": "TIA_Gain_Linearity", "cornername": "CMOS_VDD_Res_Cap_Temp_19"}
[2026-06-04 08:52:37.095 Z] [INFO] [cadence.virtuoso.ade.simulationMonitor] - Notice from spectre during DC analysis `dc'.
    I26: `period' has the unusually large value of 6 s. {"history": "Interactive.379", "point": 21, "testname": "TIA_Gain_Linearity", "cornername": "CMOS_VDD_Res_Cap_Temp_19"}
[2026-06-04 08:52:39.596 Z] [INFO] [cadence.virtuoso.ade.simulationMonitor] - Notice from spectre at Idc = -5.5e-06 during DC analysis `dc'.
    Bad pivoting is found during DC analysis. Option dc_pivot_check=yes is recommended for possible improvement of convergence. {"history": "Interactive.379", "point": 21, "testname": "TIA_Gain_Linearity", "cornername": "CMOS_VDD_Res_Cap_Temp_19"}
[2026-06-04 08:52:39.597 Z] [INFO] [cadence.virtuoso.ade.simulationMonitor] - Notice from spectre at Idc = -5.48e-06 during DC analysis `dc'.
    I26: `period' has the unusually large value of 6 s.
    Bad pivoting is found during DC analysis. Option dc_pivot_check=yes is recommended for possible improvement of convergence. {"history": "Interactive.379", "point": 21, "testname": "TIA_Gain_Linearity", "cornername": "CMOS_VDD_Res_Cap_Temp_19"}
[2026-06-04 08:52:39.597 Z] [INFO] [cadence.virtuoso.ade.simulationMonitor] - Notice from spectre at Idc = -5.46e-06 during DC analysis `dc'.
    I26: `period' has the unusually large value of 6 s.
    Bad pivoting is found during DC analysis. Option dc_pivot_check=yes is recommended for possible improvement of convergence. {"history": "Interactive.379", "point": 21, "testname": "TIA_Gain_Linearity", "cornername": "CMOS_VDD_Res_Cap_Temp_19"}
[2026-06-04 08:52:39.597 Z] [INFO] [cadence.virtuoso.ade.simulationMonitor] - Notice from spectre at Idc = -5.44e-06 during DC analysis `dc'.
    I26: `period' has the unusually large value of 6 s.
    Bad pivoting is found during DC analysis. Option dc_pivot_check=yes is recommended for possible improvement of convergence. {"history": "Interactive.379", "point": 21, "testname": "TIA_Gain_Linearity", "cornername": "CMOS_VDD_Res_Cap_Temp_19"}
[2026-06-04 08:52:39.597 Z] [INFO] [cadence.virtuoso.ade.simulationMonitor] - Notice from spectre at Idc = -5.42e-06 during DC analysis `dc'.
    I26: `period' has the unusually large value of 6 s.
        Further occurrences of this notice will be suppressed.
    Bad pivoting is found during DC analysis. Option dc_pivot_check=yes is recommended for possible improvement of convergence.
        Further occurrences of this notice will be suppressed. {"history": "Interactive.379", "point": 21, "testname": "TIA_Gain_Linearity", "cornername": "CMOS_VDD_Res_Cap_Temp_19"}
[2026-06-04 08:52:39.598 Z] [INFO] [cadence.virtuoso.ade.simulationMonitor] - Notice from spectre at Idc = -5.22e-06 during DC analysis `dc'.
    GminDC = 1 pS is large enough to noticeably affect the DC solution.
        dV(I2.3\:I25|I36|P3) = 40.4674 uV
        Use the `gmin_check' option to eliminate or expand this report. {"history": "Interactive.379", "point": 21, "testname": "TIA_Gain_Linearity", "cornername": "CMOS_VDD_Res_Cap_Temp_19"}
[2026-06-04 08:52:39.598 Z] [INFO] [cadence.virtuoso.ade.simulationMonitor] - Notice from spectre at Idc = -5.2e-06 during DC analysis `dc'.
    GminDC = 1 pS is large enough to noticeably affect the DC solution.
        dV(I2.3\:I25|I36|P3) = 198.81 uV
        Use the `gmin_check' option to eliminate or expand this report. {"history": "Interactive.379", "point": 21, "testname": "TIA_Gain_Linearity", "cornername": "CMOS_VDD_Res_Cap_Temp_19"}
[2026-06-04 08:52:40.598 Z] [INFO] [cadence.virtuoso.ade.simulationMonitor] - Notice from spectre at Idc = -4.14e-06 during DC analysis `dc'.
    GminDC = 1 pS is large enough to noticeably affect the DC solution.
        dV(net5) = 3.14627 uV
        Use the `gmin_check' option to eliminate or expand this report. {"history": "Interactive.379", "point": 21, "testname": "TIA_Gain_Linearity", "cornername": "CMOS_VDD_Res_Cap_Temp_19"}
[2026-06-04 08:52:50.103 Z] [WARN] [cadence.virtuoso.ade.simulationMonitor] -     WARNING (CMI-2943): Parameter checks have been ignored because the valid value for parameter 'trise' could not be found in 'C0'. {"history": "Interactive.379", "point": 21, "testname": "TIA_Gain_Linearity", "cornername": "CMOS_VDD_Res_Cap_Temp_19"}
[2026-06-04 08:52:50.104 Z] [WARN] [cadence.virtuoso.ade.simulationMonitor] -     WARNING (CMI-2943): Parameter checks have been ignored because the valid value for parameter 'trise' could not be found in 'C1'. {"history": "Interactive.379", "point": 21, "testname": "TIA_Gain_Linearity", "cornername": "CMOS_VDD_Res_Cap_Temp_19"}
[2026-06-04 08:52:50.104 Z] [WARN] [cadence.virtuoso.ade.simulationMonitor] -     WARNING (CMI-2943): Parameter checks have been ignored because the valid value for parameter 'trise' could not be found in 'C11'. {"history": "Interactive.379", "point": 21, "testname": "TIA_Gain_Linearity", "cornername": "CMOS_VDD_Res_Cap_Temp_19"}
[2026-06-04 08:52:50.104 Z] [WARN] [cadence.virtuoso.ade.simulationMonitor] -     WARNING (CMI-2943): Parameter checks have been ignored because the valid value for parameter 'trise' could not be found in 'C12'. {"history": "Interactive.379", "point": 21, "testname": "TIA_Gain_Linearity", "cornername": "CMOS_VDD_Res_Cap_Temp_19"}
[2026-06-04 08:52:50.104 Z] [WARN] [cadence.virtuoso.ade.simulationMonitor] -     WARNING (CMI-2943): Parameter checks have been ignored because the valid value for parameter 'trise' could not be found in 'C5'.
        Further occurrences of this warning will be suppressed. {"history": "Interactive.379", "point": 21, "testname": "TIA_Gain_Linearity", "cornername": "CMOS_VDD_Res_Cap_Temp_19"}
[2026-06-04 08:52:50.605 Z] [INFO] [cadence.virtuoso.ade.simulationMonitor] - Notice from spectre at Idc = 5.5e-06 during DC analysis `dc'.
    The value of parameter 'Idc' has been reset to the original value 0. {"history": "Interactive.379", "point": 21, "testname": "TIA_Gain_Linearity", "cornername": "CMOS_VDD_Res_Cap_Temp_19"}
[2026-06-04 08:52:50.606 Z] [INFO] [cadence.virtuoso.ade.simulationMonitor] - Total time required for dc analysis `dc': CPU = 40.626 s, elapsed = 13.2966 s, util. = 306%. {"history": "Interactive.379", "point": 21, "testname": "TIA_Gain_Linearity", "cornername": "CMOS_VDD_Res_Cap_Temp_19"}
[2026-06-04 08:52:50.606 Z] [INFO] [cadence.virtuoso.ade.simulationMonitor] - Peak resident memory used = 386 Mbytes. {"history": "Interactive.379", "point": 21, "testname": "TIA_Gain_Linearity", "cornername": "CMOS_VDD_Res_Cap_Temp_19"}
[2026-06-04 08:52:50.606 Z] [INFO] [cadence.virtuoso.ade.simulationMonitor] - Notice from spectre.
    1093 notices suppressed.
    1293 warnings suppressed. {"history": "Interactive.379", "point": 21, "testname": "TIA_Gain_Linearity", "cornername": "CMOS_VDD_Res_Cap_Temp_19"}
[2026-06-04 08:52:54.608 Z] [WARN] [cadence.virtuoso.ade.simulationMonitor] -     WARNING (CMI-2425): I7.I3|C1(0): `Acde' = 2.393 is unusually large. {"history": "Interactive.379", "point": 21, "testname": "TIA_Gain_Linearity", "cornername": "CMOS_VDD_Res_Cap_Temp_19"}
[2026-06-04 08:52:54.608 Z] [WARN] [cadence.virtuoso.ade.simulationMonitor] -     WARNING (CMI-2425): I7.I3|C1(0): `Noff' = 4.732 is unusually large. {"history": "Interactive.379", "point": 21, "testname": "TIA_Gain_Linearity", "cornername": "CMOS_VDD_Res_Cap_Temp_19"}
[2026-06-04 08:52:54.609 Z] [WARN] [cadence.virtuoso.ade.simulationMonitor] -     WARNING (CMI-2424): I7.I3|C1(0): `Voffcv' = -867.4e-03 is unusually small. {"history": "Interactive.379", "point": 21, "testname": "TIA_Gain_Linearity", "cornername": "CMOS_VDD_Res_Cap_Temp_19"}
[2026-06-04 08:52:54.609 Z] [WARN] [cadence.virtuoso.ade.simulationMonitor] -     WARNING (CMI-2425): I7.I3|C1(1): `Acde' = 2.393 is unusually large. {"history": "Interactive.379", "point": 21, "testname": "TIA_Gain_Linearity", "cornername": "CMOS_VDD_Res_Cap_Temp_19"}
[2026-06-04 08:52:54.609 Z] [WARN] [cadence.virtuoso.ade.simulationMonitor] -     WARNING (CMI-2425): I7.I3|C1(1): `Noff' = 4.732 is unusually large. {"history": "Interactive.379", "point": 21, "testname": "TIA_Gain_Linearity", "cornername": "CMOS_VDD_Res_Cap_Temp_19"}
[2026-06-04 08:52:54.609 Z] [WARN] [cadence.virtuoso.ade.simulationMonitor] -     WARNING (CMI-2424): I7.I3|C1(1): `Voffcv' = -867.4e-03 is unusually small. {"history": "Interactive.379", "point": 21, "testname": "TIA_Gain_Linearity", "cornername": "CMOS_VDD_Res_Cap_Temp_19"}
[2026-06-04 08:52:54.609 Z] [WARN] [cadence.virtuoso.ade.simulationMonitor] -     WARNING (CMI-2425): I7.I3|C1(2): `Acde' = 2.393 is unusually large.
        Further occurrences of this warning will be suppressed. {"history": "Interactive.379", "point": 21, "testname": "TIA_Gain_Linearity", "cornername": "CMOS_VDD_Res_Cap_Temp_19"}
[2026-06-04 08:52:54.609 Z] [WARN] [cadence.virtuoso.ade.simulationMonitor] -     WARNING (CMI-2424): I7.I3|C1(2): `Voffcv' = -867.4e-03 is unusually small. {"history": "Interactive.379", "point": 21, "testname": "TIA_Gain_Linearity", "cornername": "CMOS_VDD_Res_Cap_Temp_19"}
[2026-06-04 08:52:54.610 Z] [WARN] [cadence.virtuoso.ade.simulationMonitor] -     WARNING (CMI-2424): I7.I3|C1(3): `Voffcv' = -867.4e-03 is unusually small. {"history": "Interactive.379", "point": 21, "testname": "TIA_Gain_Linearity", "cornername": "CMOS_VDD_Res_Cap_Temp_19"}
[2026-06-04 08:52:54.610 Z] [WARN] [cadence.virtuoso.ade.simulationMonitor] -     WARNING (CMI-2424): I7.I3|C1(4): `Voffcv' = -867.4e-03 is unusually small.
        Further occurrences of this warning will be suppressed. {"history": "Interactive.379", "point": 21, "testname": "TIA_Gain_Linearity", "cornername": "CMOS_VDD_Res_Cap_Temp_19"}
[2026-06-04 08:53:01.112 Z] [INFO] [cadence.virtuoso.ade.simulationMonitor] - Notice from spectre during DC analysis, during AC analysis `ac'.
    Bad pivoting is found during DC analysis. Option dc_pivot_check=yes is recommended for possible improvement of convergence. {"history": "Interactive.379", "point": 21, "testname": "TIA_Gain_Linearity", "cornername": "CMOS_VDD_Res_Cap_Temp_19"}
[2026-06-04 08:53:01.113 Z] [WARN] [cadence.virtuoso.ade.simulationMonitor] -     WARNING (CMI-2943): Parameter checks have been ignored because the valid value for parameter 'trise' could not be found in 'C0'. {"history": "Interactive.379", "point": 21, "testname": "TIA_Gain_Linearity", "cornername": "CMOS_VDD_Res_Cap_Temp_19"}
[2026-06-04 08:53:01.113 Z] [WARN] [cadence.virtuoso.ade.simulationMonitor] -     WARNING (CMI-2943): Parameter checks have been ignored because the valid value for parameter 'trise' could not be found in 'C1'. {"history": "Interactive.379", "point": 21, "testname": "TIA_Gain_Linearity", "cornername": "CMOS_VDD_Res_Cap_Temp_19"}
[2026-06-04 08:53:01.113 Z] [WARN] [cadence.virtuoso.ade.simulationMonitor] -     WARNING (CMI-2943): Parameter checks have been ignored because the valid value for parameter 'trise' could not be found in 'C11'. {"history": "Interactive.379", "point": 21, "testname": "TIA_Gain_Linearity", "cornername": "CMOS_VDD_Res_Cap_Temp_19"}
[2026-06-04 08:53:01.113 Z] [WARN] [cadence.virtuoso.ade.simulationMonitor] -     WARNING (CMI-2943): Parameter checks have been ignored because the valid value for parameter 'trise' could not be found in 'C12'. {"history": "Interactive.379", "point": 21, "testname": "TIA_Gain_Linearity", "cornername": "CMOS_VDD_Res_Cap_Temp_19"}
[2026-06-04 08:53:01.114 Z] [WARN] [cadence.virtuoso.ade.simulationMonitor] -     WARNING (CMI-2943): Parameter checks have been ignored because the valid value for parameter 'trise' could not be found in 'C5'.
        Further occurrences of this warning will be suppressed. {"history": "Interactive.379", "point": 21, "testname": "TIA_Gain_Linearity", "cornername": "CMOS_VDD_Res_Cap_Temp_19"}
[2026-06-04 08:53:01.114 Z] [INFO] [cadence.virtuoso.ade.simulationMonitor] - Notice from spectre during check, during DC analysis, during AC analysis `ac'.
    I0.I5.RLIB_GC1 of rdiffp3: `ig' has the unusually large value of -26.1596 A.
    I0.I3.RLIB_GC2 of rdiffp3: `ig' has the unusually large value of -26.1596 A. {"history": "Interactive.379", "point": 21, "testname": "TIA_Gain_Linearity", "cornername": "CMOS_VDD_Res_Cap_Temp_19"}
[2026-06-04 08:53:17.620 Z] [INFO] [cadence.virtuoso.ade.simulationMonitor] - Total time required for ac analysis `ac': CPU = 91.8746 s (1m  31.9s), elapsed = 23.0492 s, util. = 399%. {"history": "Interactive.379", "point": 21, "testname": "TIA_Gain_Linearity", "cornername": "CMOS_VDD_Res_Cap_Temp_19"}
[2026-06-04 08:53:17.620 Z] [INFO] [cadence.virtuoso.ade.simulationMonitor] - Peak resident memory used = 487 Mbytes. {"history": "Interactive.379", "point": 21, "testname": "TIA_Gain_Linearity", "cornername": "CMOS_VDD_Res_Cap_Temp_19"}
[2026-06-04 08:53:17.621 Z] [INFO] [cadence.virtuoso.ade.simulationMonitor] - Notice from spectre.
    1370 warnings suppressed. {"history": "Interactive.379", "point": 21, "testname": "TIA_Gain_Linearity", "cornername": "CMOS_VDD_Res_Cap_Temp_19"}
[2026-06-04 08:53:17.621 Z] [WARN] [cadence.virtuoso.ade.simulationMonitor] -     WARNING (CMI-2425): I7.I3|C1(0): `Acde' = 2.393 is unusually large. {"history": "Interactive.379", "point": 21, "testname": "TIA_Gain_Linearity", "cornername": "CMOS_VDD_Res_Cap_Temp_19"}
[2026-06-04 08:53:17.621 Z] [WARN] [cadence.virtuoso.ade.simulationMonitor] -     WARNING (CMI-2425): I7.I3|C1(0): `Noff' = 4.732 is unusually large. {"history": "Interactive.379", "point": 21, "testname": "TIA_Gain_Linearity", "cornername": "CMOS_VDD_Res_Cap_Temp_19"}
[2026-06-04 08:53:17.621 Z] [WARN] [cadence.virtuoso.ade.simulationMonitor] -     WARNING (CMI-2424): I7.I3|C1(0): `Voffcv' = -867.4e-03 is unusually small. {"history": "Interactive.379", "point": 21, "testname": "TIA_Gain_Linearity", "cornername": "CMOS_VDD_Res_Cap_Temp_19"}
[2026-06-04 08:53:17.621 Z] [WARN] [cadence.virtuoso.ade.simulationMonitor] -     WARNING (CMI-2425): I7.I3|C1(1): `Acde' = 2.393 is unusually large. {"history": "Interactive.379", "point": 21, "testname": "TIA_Gain_Linearity", "cornername": "CMOS_VDD_Res_Cap_Temp_19"}
[2026-06-04 08:53:17.621 Z] [WARN] [cadence.virtuoso.ade.simulationMonitor] -     WARNING (CMI-2425): I7.I3|C1(1): `Noff' = 4.732 is unusually large. {"history": "Interactive.379", "point": 21, "testname": "TIA_Gain_Linearity", "cornername": "CMOS_VDD_Res_Cap_Temp_19"}
[2026-06-04 08:53:17.622 Z] [WARN] [cadence.virtuoso.ade.simulationMonitor] -     WARNING (CMI-2424): I7.I3|C1(1): `Voffcv' = -867.4e-03 is unusually small. {"history": "Interactive.379", "point": 21, "testname": "TIA_Gain_Linearity", "cornername": "CMOS_VDD_Res_Cap_Temp_19"}
[2026-06-04 08:53:17.622 Z] [WARN] [cadence.virtuoso.ade.simulationMonitor] -     WARNING (CMI-2425): I7.I3|C1(2): `Acde' = 2.393 is unusually large.
        Further occurrences of this warning will be suppressed. {"history": "Interactive.379", "point": 21, "testname": "TIA_Gain_Linearity", "cornername": "CMOS_VDD_Res_Cap_Temp_19"}
[2026-06-04 08:53:17.622 Z] [WARN] [cadence.virtuoso.ade.simulationMonitor] -     WARNING (CMI-2424): I7.I3|C1(2): `Voffcv' = -867.4e-03 is unusually small. {"history": "Interactive.379", "point": 21, "testname": "TIA_Gain_Linearity", "cornername": "CMOS_VDD_Res_Cap_Temp_19"}
[2026-06-04 08:53:17.622 Z] [WARN] [cadence.virtuoso.ade.simulationMonitor] -     WARNING (CMI-2424): I7.I3|C1(3): `Voffcv' = -867.4e-03 is unusually small. {"history": "Interactive.379", "point": 21, "testname": "TIA_Gain_Linearity", "cornername": "CMOS_VDD_Res_Cap_Temp_19"}
[2026-06-04 08:53:17.622 Z] [WARN] [cadence.virtuoso.ade.simulationMonitor] -     WARNING (CMI-2424): I7.I3|C1(4): `Voffcv' = -867.4e-03 is unusually small.
        Further occurrences of this warning will be suppressed. {"history": "Interactive.379", "point": 21, "testname": "TIA_Gain_Linearity", "cornername": "CMOS_VDD_Res_Cap_Temp_19"}
[2026-06-04 08:53:17.623 Z] [INFO] [cadence.virtuoso.ade.simulationMonitor] - Notice from spectre during Noise analysis `noise'.
    Operating points will not be recomputed: the circuit and conditions were not changed since previous analysis. {"history": "Interactive.379", "point": 21, "testname": "TIA_Gain_Linearity", "cornername": "CMOS_VDD_Res_Cap_Temp_19"}
[2026-06-04 08:53:22.625 Z] [INFO] [cadence.virtuoso.ade.simulationMonitor] - Total time required for noise analysis `noise': CPU = 11.5121 s, elapsed = 5.08189 s, util. = 227%. {"history": "Interactive.379", "point": 21, "testname": "TIA_Gain_Linearity", "cornername": "CMOS_VDD_Res_Cap_Temp_19"}
[2026-06-04 08:53:22.625 Z] [INFO] [cadence.virtuoso.ade.simulationMonitor] - Peak resident memory used = 487 Mbytes. {"history": "Interactive.379", "point": 21, "testname": "TIA_Gain_Linearity", "cornername": "CMOS_VDD_Res_Cap_Temp_19"}
[2026-06-04 08:53:22.625 Z] [INFO] [cadence.virtuoso.ade.simulationMonitor] - Notice from spectre.
    77 warnings suppressed. {"history": "Interactive.379", "point": 21, "testname": "TIA_Gain_Linearity", "cornername": "CMOS_VDD_Res_Cap_Temp_19"}
[2026-06-04 08:53:23.126 Z] [INFO] [cadence.virtuoso.ade.simulationMonitor] - Time used: CPU = 177 s (2m  56.5s), elapsed = 58.3 s, util. = 303%. {"history": "Interactive.379", "point": 21, "testname": "TIA_Gain_Linearity", "cornername": "CMOS_VDD_Res_Cap_Temp_19"}
[2026-06-04 08:53:23.126 Z] [INFO] [cadence.virtuoso.ade.simulationMonitor] - Time spent in licensing: elapsed = 85.4 ms. {"history": "Interactive.379", "point": 21, "testname": "TIA_Gain_Linearity", "cornername": "CMOS_VDD_Res_Cap_Temp_19"}
[2026-06-04 08:53:23.128 Z] [INFO] [cadence.virtuoso.ade.simulationMonitor] - Peak memory used = 487 Mbytes. {"history": "Interactive.379", "point": 21, "testname": "TIA_Gain_Linearity", "cornername": "CMOS_VDD_Res_Cap_Temp_19"}
[2026-06-04 08:53:23.129 Z] [PROCESS] [cadence.virtuoso.ade.simulationMonitor] - Simulation started at: 8:52:24 AM, Thur Jun 4, 2026, ended at: 8:53:22 AM, Thur Jun 4, 2026, with elapsed time (wall clock): 58.3 s. {"history": "Interactive.379", "point": 21, "testname": "TIA_Gain_Linearity", "cornername": "CMOS_VDD_Res_Cap_Temp_19"}
[2026-06-04 08:53:23.129 Z] [PROCESS] [cadence.virtuoso.ade.simulationMonitor] - spectre completes with 0 errors, 86 warnings, and 48 notices. {"history": "Interactive.379", "point": 21, "testname": "TIA_Gain_Linearity", "cornername": "CMOS_VDD_Res_Cap_Temp_19"}
[2026-06-04 08:53:23.129 Z] [PROCESS] [cadence.virtuoso.ade.simulationMonitor] - Finished simulating for one point {"hostname": "il2244vt26_hrahimi", "processid": 2886028, "history": "Interactive.379", "testname": "TIA_Gain_Linearity", "cornername": "CMOS_VDD_Res_Cap_Temp_19", "point": 21, "logfile": "/home/hrahimi/projects/POTENTIOSTAT_26/logs_hrahimi/logs0/Job77.log", "simid": "3"}
[2026-06-04 08:53:23.129 Z] [PROCESS] [cadence.virtuoso.ade.simulationMonitor] - Simulator exited {"hostname": "il2244vt26_hrahimi", "processid": 2886028, "history": "Interactive.379", "testname": "TIA_Gain_Linearity", "cornername": "CMOS_VDD_Res_Cap_Temp_19", "point": 21, "logfile": "/home/hrahimi/projects/POTENTIOSTAT_26/logs_hrahimi/logs0/Job77.log", "exitStatus": "0"}
[2026-06-04 08:53:23.130 Z] [PROCESS] [cadence.virtuoso.ade.simulationMonitor] - Finished Simulation {"hostname": "il2244vt26_hrahimi", "processid": 2886028, "history": "Interactive.379", "testname": "TIA_Gain_Linearity", "cornername": "CMOS_VDD_Res_Cap_Temp_19", "point": 21, "logfile": "/home/hrahimi/projects/POTENTIOSTAT_26/logs_hrahimi/logs0/Job77.log", "simid": "3"}
[2026-06-04 08:53:26.642 Z] [PROCESS] [cadence.virtuoso.ade.simulationMonitor] - Point Finished {"hostname": "il2244vt26_hrahimi", "processid": 2886028, "history": "Interactive.379", "testname": "TIA_Gain_Linearity", "cornername": "CMOS_VDD_Res_Cap_Temp_19", "point": 21, "logfile": "/home/hrahimi/projects/POTENTIOSTAT_26/logs_hrahimi/logs0/Job77.log"}
[2026-06-04 08:53:26.650 Z] [PROCESS] [cadence.virtuoso.ade.simulationMonitor] - Padding test token found for runId '44', Linger time '300', currentRunSyn '85', currentTestSyn '143' {"hostname": "il2244vt26_hrahimi", "processid": 2886028, "history": "Interactive.379", "testname": "TIA_Gain_Linearity", "cornername": "CMOS_VDD_Res_Cap_Temp_19", "point": 21, "logfile": "/home/hrahimi/projects/POTENTIOSTAT_26/logs_hrahimi/logs0/Job77.log"}
[2026-06-04 08:53:26.655 Z] [PROCESS] [cadence.virtuoso.ade.simulationMonitor] - HostInfo:
Host name (type):	il2244vt26_hrahimi (x86_64)
Operating system:	Linux 5.15.0-164-generic #174-Ubuntu SMP Fri Nov 14 20:25:16 UTC 2025 {"hostname": "il2244vt26_hrahimi", "processid": 2886028, "history": "Interactive.379", "testname": "TIA_Gain_Linearity", "cornername": "CMOS_VDD_Res_Cap_Temp_19", "point": 21, "logfile": "/home/hrahimi/projects/POTENTIOSTAT_26/logs_hrahimi/logs0/Job77.log", "nodename": "il2244vt26_hrahimi", "domainname": "(none)", "machine": "x86_64", "sysname": "Linux", "release": "5.15.0-164-generic", "version": "#174-Ubuntu SMP Fri Nov 14 20:25:16 UTC 2025"}
[2026-06-04 08:53:26.655 Z] [PROCESS] [cadence.virtuoso.ade.simulationMonitor] - UsageInfo:
pid=2886028
totalPhysicalMemory=3023.749672GB,Used=2755.102661GB,totalVirtualMemory=3031.749668GB,Used=2755.210571GB
Cpu: Cores=48, Load average:34.560000,20.290000,20.050000 {"hostname": "il2244vt26_hrahimi", "processid": 2886028, "history": "Interactive.379", "testname": "TIA_Gain_Linearity", "cornername": "CMOS_VDD_Res_Cap_Temp_19", "point": 21, "logfile": "/home/hrahimi/projects/POTENTIOSTAT_26/logs_hrahimi/logs0/Job77.log", "pid": "2886028", "totalPhysicalMemory": "3023.749672", "physicalMemoryUsed": "2755.102661", "totalVirtualMemory": "3031.749668", "virtualMemoryUsed": "2755.210571", "cpuCores": "48", "processes": "29724", "loadAverage1": "34.560000", "loadAverage5": "20.290000", "loadAverage15": "20.050000", "loadAverage1Percent": "0.720000"}
[2026-06-04 08:53:26.657 Z] [EVENT] [cadence.virtuoso.ade.simulationMonitor] - NewPoint {"history": "Interactive.379", "point": 27, "testname": "TIA_Gain_Linearity", "cornername": "CMOS_VDD_Res_Cap_Temp_25", "event": "NewPoint", "EventSource": "Simulation Monitor", "HistoryName": "Interactive.379", "logFile": "/home/hrahimi/projects/POTENTIOSTAT_26/logs_hrahimi/logs0/Job77.log", "logFileSize": "137878"}
[2026-06-04 08:53:26.759 Z] [EVENT] [cadence.virtuoso.ade.simulationMonitor] - NewPoint {"history": "Interactive.379", "point": 27, "testname": "TIA_Gain_Linearity", "cornername": "CMOS_VDD_Res_Cap_Temp_25", "event": "NewPoint", "EventSource": "spectre", "HistoryName": "Interactive.379", "logFile": "/home/hrahimi/projects/POTENTIOSTAT_26/Sim/Potentiostat_Top/top/maestro/results/maestro/Interactive.379/27/TIA_Gain_Linearity/psf/spectre.out", "logFileSize": "-1"}
[2026-06-04 08:53:26.771 Z] [PROCESS] [cadence.virtuoso.ade.simulationMonitor] - Simulator launched {"hostname": "il2244vt26_hrahimi", "processid": 2886028, "history": "Interactive.379", "testname": "TIA_Gain_Linearity", "cornername": "CMOS_VDD_Res_Cap_Temp_25", "point": 27, "logfile": "/home/hrahimi/projects/POTENTIOSTAT_26/logs_hrahimi/logs0/Job77.log", "simid": "4"}
[2026-06-04 08:53:26.844 Z] [PROCESS] [cadence.virtuoso.ade.simulationMonitor] - Started Simulation {"hostname": "il2244vt26_hrahimi", "processid": 2886028, "history": "Interactive.379", "testname": "TIA_Gain_Linearity", "cornername": "CMOS_VDD_Res_Cap_Temp_25", "point": 27, "logfile": "/home/hrahimi/projects/POTENTIOSTAT_26/logs_hrahimi/logs0/Job77.log", "event": "started", "task": "simulation"}
[2026-06-04 08:53:27.845 Z] [WARN] [cadence.virtuoso.ade.simulationMonitor] -     WARNING (SPECTRE-691): This CPU processor does not support x86 advanced vector extensions instructions. This may affect math operations and slow down the simulation. {"history": "Interactive.379", "point": 27, "testname": "TIA_Gain_Linearity", "cornername": "CMOS_VDD_Res_Cap_Temp_25"}
[2026-06-04 08:53:27.846 Z] [INFO] [cadence.virtuoso.ade.simulationMonitor] - Notice from spectre during circuit read-in.
    Pre_Configuration file used: /opt/tools/cadence/installs/SPECTRE241/tools.lnx86/spectre/etc/configs/preset.precfg
    Configuration file used: `/opt/tools/cadence/installs/SPECTRE241/tools.lnx86/spectre/etc/configs/preset.cfg'. {"history": "Interactive.379", "point": 27, "testname": "TIA_Gain_Linearity", "cornername": "CMOS_VDD_Res_Cap_Temp_25"}
[2026-06-04 08:53:27.847 Z] [WARN] [cadence.virtuoso.ade.simulationMonitor] -     WARNING (SPECTRE-8360): line 1511: `ac' is an undefined primitive device. {"history": "Interactive.379", "point": 27, "testname": "TIA_Gain_Linearity", "cornername": "CMOS_VDD_Res_Cap_Temp_25"}
[2026-06-04 08:53:27.847 Z] [WARN] [cadence.virtuoso.ade.simulationMonitor] -     WARNING (SPECTRE-8360): line 1512: `ac' is an undefined primitive device. {"history": "Interactive.379", "point": 27, "testname": "TIA_Gain_Linearity", "cornername": "CMOS_VDD_Res_Cap_Temp_25"}
[2026-06-04 08:53:27.847 Z] [WARN] [cadence.virtuoso.ade.simulationMonitor] -     WARNING (SPECTRE-8360): line 1513: `ac' is an undefined primitive device. {"history": "Interactive.379", "point": 27, "testname": "TIA_Gain_Linearity", "cornername": "CMOS_VDD_Res_Cap_Temp_25"}
[2026-06-04 08:53:27.847 Z] [WARN] [cadence.virtuoso.ade.simulationMonitor] -     WARNING (SPECTRE-8360): line 1514: `ac' is an undefined primitive device. {"history": "Interactive.379", "point": 27, "testname": "TIA_Gain_Linearity", "cornername": "CMOS_VDD_Res_Cap_Temp_25"}
[2026-06-04 08:53:27.847 Z] [WARN] [cadence.virtuoso.ade.simulationMonitor] -     WARNING (SPECTRE-8360): line 1515: `ac' is an undefined primitive device.
        Further occurrences of this warning will be suppressed. {"history": "Interactive.379", "point": 27, "testname": "TIA_Gain_Linearity", "cornername": "CMOS_VDD_Res_Cap_Temp_25"}
[2026-06-04 08:53:27.847 Z] [WARN] [cadence.virtuoso.ade.simulationMonitor] -     WARNING (VACOMP-2435): The environment variable CDS_AHDLCMI_ENABLE is no longer supported. Therefore, the simulator will use the default compiled C code flow. {"history": "Interactive.379", "point": 27, "testname": "TIA_Gain_Linearity", "cornername": "CMOS_VDD_Res_Cap_Temp_25"}
[2026-06-04 08:53:28.348 Z] [INFO] [cadence.virtuoso.ade.simulationMonitor] - Peak resident memory used = 201 Mbytes. {"history": "Interactive.379", "point": 27, "testname": "TIA_Gain_Linearity", "cornername": "CMOS_VDD_Res_Cap_Temp_25"}
[2026-06-04 08:53:29.849 Z] [WARN] [cadence.virtuoso.ade.simulationMonitor] -     WARNING (SFE-3027): The dangling resistor I7.rb286 is removed. {"history": "Interactive.379", "point": 27, "testname": "TIA_Gain_Linearity", "cornername": "CMOS_VDD_Res_Cap_Temp_25"}
[2026-06-04 08:53:29.849 Z] [WARN] [cadence.virtuoso.ade.simulationMonitor] -     WARNING (SFE-3027): The dangling resistor I7.rb20 is removed. {"history": "Interactive.379", "point": 27, "testname": "TIA_Gain_Linearity", "cornername": "CMOS_VDD_Res_Cap_Temp_25"}
[2026-06-04 08:53:29.850 Z] [WARN] [cadence.virtuoso.ade.simulationMonitor] -     WARNING (SFE-3027): The dangling resistor I7.rb282 is removed. {"history": "Interactive.379", "point": 27, "testname": "TIA_Gain_Linearity", "cornername": "CMOS_VDD_Res_Cap_Temp_25"}
[2026-06-04 08:53:29.850 Z] [WARN] [cadence.virtuoso.ade.simulationMonitor] -     WARNING (SFE-3027): The dangling resistor I7.rd2 is removed. {"history": "Interactive.379", "point": 27, "testname": "TIA_Gain_Linearity", "cornername": "CMOS_VDD_Res_Cap_Temp_25"}
[2026-06-04 08:53:29.850 Z] [WARN] [cadence.virtuoso.ade.simulationMonitor] -     WARNING (SFE-3027): The dangling resistor I7.rb285 is removed.
        Further occurrences of this warning will be suppressed. {"history": "Interactive.379", "point": 27, "testname": "TIA_Gain_Linearity", "cornername": "CMOS_VDD_Res_Cap_Temp_25"}
[2026-06-04 08:53:29.850 Z] [WARN] [cadence.virtuoso.ade.simulationMonitor] -     WARNING (SFE-3012): The dummy device I0.I16.DLIB12 is removed. {"history": "Interactive.379", "point": 27, "testname": "TIA_Gain_Linearity", "cornername": "CMOS_VDD_Res_Cap_Temp_25"}
[2026-06-04 08:53:29.851 Z] [WARN] [cadence.virtuoso.ade.simulationMonitor] -     WARNING (SFE-3012): The dummy device I0.I15.DLIB9 is removed. {"history": "Interactive.379", "point": 27, "testname": "TIA_Gain_Linearity", "cornername": "CMOS_VDD_Res_Cap_Temp_25"}
[2026-06-04 08:53:29.851 Z] [WARN] [cadence.virtuoso.ade.simulationMonitor] -     WARNING (SFE-3012): The dummy device I0.I0.DLIB6 is removed. {"history": "Interactive.379", "point": 27, "testname": "TIA_Gain_Linearity", "cornername": "CMOS_VDD_Res_Cap_Temp_25"}
[2026-06-04 08:53:29.851 Z] [WARN] [cadence.virtuoso.ade.simulationMonitor] -     WARNING (SFE-3012): The dummy device I0.I16.DLIB10 is removed. {"history": "Interactive.379", "point": 27, "testname": "TIA_Gain_Linearity", "cornername": "CMOS_VDD_Res_Cap_Temp_25"}
[2026-06-04 08:53:29.851 Z] [WARN] [cadence.virtuoso.ade.simulationMonitor] -     WARNING (SFE-3012): The dummy device I0.I17.DLIB5 is removed.
        Further occurrences of this warning will be suppressed. {"history": "Interactive.379", "point": 27, "testname": "TIA_Gain_Linearity", "cornername": "CMOS_VDD_Res_Cap_Temp_25"}
[2026-06-04 08:53:29.851 Z] [WARN] [cadence.virtuoso.ade.simulationMonitor] -     WARNING (SFE-3028): The floating resistor R8 is removed. {"history": "Interactive.379", "point": 27, "testname": "TIA_Gain_Linearity", "cornername": "CMOS_VDD_Res_Cap_Temp_25"}
[2026-06-04 08:53:29.852 Z] [WARN] [cadence.virtuoso.ade.simulationMonitor] -     WARNING (SFE-3029): The dummy capacitor I2.c27789 is removed. {"history": "Interactive.379", "point": 27, "testname": "TIA_Gain_Linearity", "cornername": "CMOS_VDD_Res_Cap_Temp_25"}
[2026-06-04 08:53:29.852 Z] [WARN] [cadence.virtuoso.ade.simulationMonitor] -     WARNING (SFE-3015): The dangling node I2.210\:GNDA is removed. {"history": "Interactive.379", "point": 27, "testname": "TIA_Gain_Linearity", "cornername": "CMOS_VDD_Res_Cap_Temp_25"}
[2026-06-04 08:53:29.852 Z] [WARN] [cadence.virtuoso.ade.simulationMonitor] -     WARNING (SFE-3015): The dangling node I2.192\:VPI is removed. {"history": "Interactive.379", "point": 27, "testname": "TIA_Gain_Linearity", "cornername": "CMOS_VDD_Res_Cap_Temp_25"}
[2026-06-04 08:53:29.852 Z] [WARN] [cadence.virtuoso.ade.simulationMonitor] -     WARNING (SFE-3015): The dangling node I2.693\:VPI is removed. {"history": "Interactive.379", "point": 27, "testname": "TIA_Gain_Linearity", "cornername": "CMOS_VDD_Res_Cap_Temp_25"}
[2026-06-04 08:53:29.852 Z] [WARN] [cadence.virtuoso.ade.simulationMonitor] -     WARNING (SFE-3015): The dangling node I2.13\:I25|I30|SN is removed. {"history": "Interactive.379", "point": 27, "testname": "TIA_Gain_Linearity", "cornername": "CMOS_VDD_Res_Cap_Temp_25"}
[2026-06-04 08:53:29.853 Z] [WARN] [cadence.virtuoso.ade.simulationMonitor] -     WARNING (SFE-3015): The dangling node I2.33\:S(3) is removed.
        Further occurrences of this warning will be suppressed. {"history": "Interactive.379", "point": 27, "testname": "TIA_Gain_Linearity", "cornername": "CMOS_VDD_Res_Cap_Temp_25"}
[2026-06-04 08:53:29.853 Z] [WARN] [cadence.virtuoso.ade.simulationMonitor] -     WARNING (SFE-3016): The floating node net73 is removed. {"history": "Interactive.379", "point": 27, "testname": "TIA_Gain_Linearity", "cornername": "CMOS_VDD_Res_Cap_Temp_25"}
[2026-06-04 08:53:29.853 Z] [WARN] [cadence.virtuoso.ade.simulationMonitor] -     WARNING (SFE-3016): The floating node net74 is removed. {"history": "Interactive.379", "point": 27, "testname": "TIA_Gain_Linearity", "cornername": "CMOS_VDD_Res_Cap_Temp_25"}
[2026-06-04 08:53:29.853 Z] [WARN] [cadence.virtuoso.ade.simulationMonitor] -     WARNING (SFE-3023): The dangling node net45 is removed. It should not be dangling since it is defined in top level. {"history": "Interactive.379", "point": 27, "testname": "TIA_Gain_Linearity", "cornername": "CMOS_VDD_Res_Cap_Temp_25"}
[2026-06-04 08:53:29.853 Z] [WARN] [cadence.virtuoso.ade.simulationMonitor] -     WARNING (SFE-3023): The dangling node net46 is removed. It should not be dangling since it is defined in top level. {"history": "Interactive.379", "point": 27, "testname": "TIA_Gain_Linearity", "cornername": "CMOS_VDD_Res_Cap_Temp_25"}
[2026-06-04 08:53:29.854 Z] [INFO] [cadence.virtuoso.ade.simulationMonitor] - Notice from spectre during hierarchy flattening.
    Spectre X Parasitic Optimization enabled.
    Parasitic optimization will filter out parasitic nodes, nodes only connected to RCs, by default. To view individual parasitic nodes use individual save statements (i.e. save out), or use the 'savefilter=none' option to save all parasitic nodes. Saving all parasitic nodes may slow down simulation and create large waveform files. {"history": "Interactive.379", "point": 27, "testname": "TIA_Gain_Linearity", "cornername": "CMOS_VDD_Res_Cap_Temp_25"}
[2026-06-04 08:53:29.854 Z] [INFO] [cadence.virtuoso.ade.simulationMonitor] - Peak resident memory used = 237 Mbytes. {"history": "Interactive.379", "point": 27, "testname": "TIA_Gain_Linearity", "cornername": "CMOS_VDD_Res_Cap_Temp_25"}
[2026-06-04 08:53:29.854 Z] [INFO] [cadence.virtuoso.ade.simulationMonitor] - Notice from spectre during hierarchy flattening.
    The value 'psf' specified for the 'checklimitdest' option will no longer be supported in future releases. Use 'spectre -h' to see other recommended values for the 'checklimitdest' option.
    I0.I46.RLIB_GC1.CS0 of rpoly1c: `c' has the unusually small value of 634.694e-21 F.
    I0.I46.RLIB_GC1.CS1 of rpoly1c: `c' has the unusually small value of 634.694e-21 F.
    I0.I45.RLIB_GC1.CS0 of rpoly1c: `c' has the unusually small value of 634.694e-21 F.
    I0... {"history": "Interactive.379", "point": 27, "testname": "TIA_Gain_Linearity", "cornername": "CMOS_VDD_Res_Cap_Temp_25"}
[2026-06-04 08:53:29.854 Z] [INFO] [cadence.virtuoso.ade.simulationMonitor] - Notice from spectre during hierarchy flattening.
    V8: `period' has the unusually large value of 100 s.
    V7: `period' has the unusually large value of 10 s.
    V3: `period' has the unusually large value of 6 s.
    I26: `period' has the unusually large value of 6 s. {"history": "Interactive.379", "point": 27, "testname": "TIA_Gain_Linearity", "cornername": "CMOS_VDD_Res_Cap_Temp_25"}
[2026-06-04 08:53:30.355 Z] [INFO] [cadence.virtuoso.ade.simulationMonitor] - Peak resident memory used = 251 Mbytes. {"history": "Interactive.379", "point": 27, "testname": "TIA_Gain_Linearity", "cornername": "CMOS_VDD_Res_Cap_Temp_25"}
[2026-06-04 08:53:30.355 Z] [WARN] [cadence.virtuoso.ade.simulationMonitor] -     WARNING (CMI-2425): I2.I56|C3: `Acde' = 2.393 is unusually large. {"history": "Interactive.379", "point": 27, "testname": "TIA_Gain_Linearity", "cornername": "CMOS_VDD_Res_Cap_Temp_25"}
[2026-06-04 08:53:30.355 Z] [WARN] [cadence.virtuoso.ade.simulationMonitor] -     WARNING (CMI-2425): I2.I56|C3: `Noff' = 4.732 is unusually large. {"history": "Interactive.379", "point": 27, "testname": "TIA_Gain_Linearity", "cornername": "CMOS_VDD_Res_Cap_Temp_25"}
[2026-06-04 08:53:30.356 Z] [WARN] [cadence.virtuoso.ade.simulationMonitor] -     WARNING (CMI-2424): I2.I56|C3: `Voffcv' = -867.4e-03 is unusually small. {"history": "Interactive.379", "point": 27, "testname": "TIA_Gain_Linearity", "cornername": "CMOS_VDD_Res_Cap_Temp_25"}
[2026-06-04 08:53:30.356 Z] [WARN] [cadence.virtuoso.ade.simulationMonitor] -     WARNING (CMI-2425): I2.I56|C4: `Acde' = 2.393 is unusually large. {"history": "Interactive.379", "point": 27, "testname": "TIA_Gain_Linearity", "cornername": "CMOS_VDD_Res_Cap_Temp_25"}
[2026-06-04 08:53:30.356 Z] [WARN] [cadence.virtuoso.ade.simulationMonitor] -     WARNING (CMI-2425): I2.I56|C4: `Noff' = 4.732 is unusually large. {"history": "Interactive.379", "point": 27, "testname": "TIA_Gain_Linearity", "cornername": "CMOS_VDD_Res_Cap_Temp_25"}
[2026-06-04 08:53:30.356 Z] [WARN] [cadence.virtuoso.ade.simulationMonitor] -     WARNING (CMI-2424): I2.I56|C4: `Voffcv' = -867.4e-03 is unusually small. {"history": "Interactive.379", "point": 27, "testname": "TIA_Gain_Linearity", "cornername": "CMOS_VDD_Res_Cap_Temp_25"}
[2026-06-04 08:53:30.356 Z] [WARN] [cadence.virtuoso.ade.simulationMonitor] -     WARNING (CMI-2425): I2.I56|C5: `Acde' = 2.393 is unusually large.
        Further occurrences of this warning will be suppressed. {"history": "Interactive.379", "point": 27, "testname": "TIA_Gain_Linearity", "cornername": "CMOS_VDD_Res_Cap_Temp_25"}
[2026-06-04 08:53:30.357 Z] [WARN] [cadence.virtuoso.ade.simulationMonitor] -     WARNING (CMI-2424): I2.I56|C5: `Voffcv' = -867.4e-03 is unusually small. {"history": "Interactive.379", "point": 27, "testname": "TIA_Gain_Linearity", "cornername": "CMOS_VDD_Res_Cap_Temp_25"}
[2026-06-04 08:53:30.357 Z] [WARN] [cadence.virtuoso.ade.simulationMonitor] -     WARNING (CMI-2424): I7.I4|C1(10): `Voffcv' = -867.4e-03 is unusually small. {"history": "Interactive.379", "point": 27, "testname": "TIA_Gain_Linearity", "cornername": "CMOS_VDD_Res_Cap_Temp_25"}
[2026-06-04 08:53:30.357 Z] [WARN] [cadence.virtuoso.ade.simulationMonitor] -     WARNING (CMI-2424): I7.I4|C1(9): `Voffcv' = -867.4e-03 is unusually small.
        Further occurrences of this warning will be suppressed. {"history": "Interactive.379", "point": 27, "testname": "TIA_Gain_Linearity", "cornername": "CMOS_VDD_Res_Cap_Temp_25"}
[2026-06-04 08:53:31.858 Z] [WARN] [cadence.virtuoso.ade.simulationMonitor] -     WARNING (SPECTRE-16460): SOAC_esdgcp5_vcpsub:Specified subcircuit master `esdgcp5' was not found. {"history": "Interactive.379", "point": 27, "testname": "TIA_Gain_Linearity", "cornername": "CMOS_VDD_Res_Cap_Temp_25"}
[2026-06-04 08:53:31.859 Z] [WARN] [cadence.virtuoso.ade.simulationMonitor] -     WARNING (SPECTRE-16462): SOAC_esdgcp5_vcpsub:Error in specification of subcircuit master. Assert is ignored. {"history": "Interactive.379", "point": 27, "testname": "TIA_Gain_Linearity", "cornername": "CMOS_VDD_Res_Cap_Temp_25"}
[2026-06-04 08:53:31.859 Z] [WARN] [cadence.virtuoso.ade.simulationMonitor] -     WARNING (SPECTRE-16460): SOAC_esdgcp5_vac:Specified subcircuit master `esdgcp5' was not found. {"history": "Interactive.379", "point": 27, "testname": "TIA_Gain_Linearity", "cornername": "CMOS_VDD_Res_Cap_Temp_25"}
[2026-06-04 08:53:31.860 Z] [WARN] [cadence.virtuoso.ade.simulationMonitor] -     WARNING (SPECTRE-16462): SOAC_esdgcp5_vac:Error in specification of subcircuit master. Assert is ignored. {"history": "Interactive.379", "point": 27, "testname": "TIA_Gain_Linearity", "cornername": "CMOS_VDD_Res_Cap_Temp_25"}
[2026-06-04 08:53:31.860 Z] [WARN] [cadence.virtuoso.ade.simulationMonitor] -     WARNING (SPECTRE-16460): SOAC_esdgcn5_vac:Specified subcircuit master `esdgcn5' was not found. {"history": "Interactive.379", "point": 27, "testname": "TIA_Gain_Linearity", "cornername": "CMOS_VDD_Res_Cap_Temp_25"}
[2026-06-04 08:53:31.860 Z] [WARN] [cadence.virtuoso.ade.simulationMonitor] -     WARNING (SPECTRE-16462): SOAC_esdgcn5_vac:Error in specification of subcircuit master. Assert is ignored. {"history": "Interactive.379", "point": 27, "testname": "TIA_Gain_Linearity", "cornername": "CMOS_VDD_Res_Cap_Temp_25"}
[2026-06-04 08:53:31.860 Z] [WARN] [cadence.virtuoso.ade.simulationMonitor] -     WARNING (SPECTRE-16460): SOAC_esdfdp5_vcpsub:Specified subcircuit master `esdfdp5' was not found. {"history": "Interactive.379", "point": 27, "testname": "TIA_Gain_Linearity", "cornername": "CMOS_VDD_Res_Cap_Temp_25"}
[2026-06-04 08:53:31.860 Z] [WARN] [cadence.virtuoso.ade.simulationMonitor] -     WARNING (SPECTRE-16462): SOAC_esdfdp5_vcpsub:Error in specification of subcircuit master. Assert is ignored. {"history": "Interactive.379", "point": 27, "testname": "TIA_Gain_Linearity", "cornername": "CMOS_VDD_Res_Cap_Temp_25"}
[2026-06-04 08:53:31.861 Z] [WARN] [cadence.virtuoso.ade.simulationMonitor] -     WARNING (SPECTRE-16460): SOAC_esdfdp5_vac:Specified subcircuit master `esdfdp5' was not found.
        Further occurrences of this warning will be suppressed. {"history": "Interactive.379", "point": 27, "testname": "TIA_Gain_Linearity", "cornername": "CMOS_VDD_Res_Cap_Temp_25"}
[2026-06-04 08:53:31.861 Z] [WARN] [cadence.virtuoso.ade.simulationMonitor] -     WARNING (SPECTRE-16462): SOAC_esdfdp5_vac:Error in specification of subcircuit master. Assert is ignored.
        Further occurrences of this warning will be suppressed. {"history": "Interactive.379", "point": 27, "testname": "TIA_Gain_Linearity", "cornername": "CMOS_VDD_Res_Cap_Temp_25"}
[2026-06-04 08:53:31.861 Z] [WARN] [cadence.virtuoso.ade.simulationMonitor] -     WARNING (SPECTRE-17607): Assert `SOAC_vert10_vsubpsub' is ignored because it contains an expression which is invalid or not supported by native evaluator.  {"history": "Interactive.379", "point": 27, "testname": "TIA_Gain_Linearity", "cornername": "CMOS_VDD_Res_Cap_Temp_25"}
[2026-06-04 08:53:31.861 Z] [WARN] [cadence.virtuoso.ade.simulationMonitor] -     WARNING (SPECTRE-17607): Assert `SOAC_vert10_vcsub' is ignored because it contains an expression which is invalid or not supported by native evaluator.  {"history": "Interactive.379", "point": 27, "testname": "TIA_Gain_Linearity", "cornername": "CMOS_VDD_Res_Cap_Temp_25"}
[2026-06-04 08:53:32.362 Z] [INFO] [cadence.virtuoso.ade.simulationMonitor] - Notice from spectre during topology check.
    Only one connection to the following 2308 nodes:
        I0.I46.RLIB_GC1.R1.psub!
        I0.I46.RLIB_GC1.R2.psub!
        I0.I46.MNLIB_DR1.M_esdnmos4.psub!
        I0.I46.DLIB2.psub!
        I0.I46.DLIB1.psub!
        Further occurrences of this notice will be suppressed. {"history": "Interactive.379", "point": 27, "testname": "TIA_Gain_Linearity", "cornername": "CMOS_VDD_Res_Cap_Temp_25"}
[2026-06-04 08:53:36.367 Z] [INFO] [cadence.virtuoso.ade.simulationMonitor] -               nodes 23214 {"history": "Interactive.379", "point": 27, "testname": "TIA_Gain_Linearity", "cornername": "CMOS_VDD_Res_Cap_Temp_25"}
[2026-06-04 08:53:36.368 Z] [INFO] [cadence.virtuoso.ade.simulationMonitor] - Notice from spectre during initial setup.
    7 resistors are shorted because their absolute value is less than or equal to 'rabsshort'.
    3 vsources are shorted because their absolute value is less than or equal to 'vabsshort'.
    4 resistors are changed to resistance form because their value are less than 'rthresh'.
    Spectre X preset=cx enabled.
    46 notices suppressed.
    255 warnings suppressed. {"history": "Interactive.379", "point": 27, "testname": "TIA_Gain_Linearity", "cornername": "CMOS_VDD_Res_Cap_Temp_25"}
[2026-06-04 08:53:36.368 Z] [INFO] [cadence.virtuoso.ade.simulationMonitor] - Notice from spectre.
    Multithreading enabled: 8 threads in the system with 48 available processors. {"history": "Interactive.379", "point": 27, "testname": "TIA_Gain_Linearity", "cornername": "CMOS_VDD_Res_Cap_Temp_25"}
[2026-06-04 08:53:36.369 Z] [INFO] [cadence.virtuoso.ade.simulationMonitor] - Peak resident memory used = 328 Mbytes. {"history": "Interactive.379", "point": 27, "testname": "TIA_Gain_Linearity", "cornername": "CMOS_VDD_Res_Cap_Temp_25"}
[2026-06-04 08:53:36.369 Z] [INFO] [cadence.virtuoso.ade.simulationMonitor] -    -   (Spectre X) Multi-threading. The recommended number of threads is [4, 8], consider adding +mt=4 or +mt=8 on command line. {"history": "Interactive.379", "point": 27, "testname": "TIA_Gain_Linearity", "cornername": "CMOS_VDD_Res_Cap_Temp_25"}
[2026-06-04 08:53:36.369 Z] [INFO] [cadence.virtuoso.ade.simulationMonitor] - Notice from spectre during DC analysis `dcOp'.
    No checklimit analysis defined for asserts. A default checklimit analysis 'SpectreChecklimitAnal' has been created with all asserts enabled. {"history": "Interactive.379", "point": 27, "testname": "TIA_Gain_Linearity", "cornername": "CMOS_VDD_Res_Cap_Temp_25"}
[2026-06-04 08:53:38.870 Z] [INFO] [cadence.virtuoso.ade.simulationMonitor] - Notice from spectre during DC analysis `dcOp'.
    Bad pivoting is found during DC analysis. Option dc_pivot_check=yes is recommended for possible improvement of convergence. {"history": "Interactive.379", "point": 27, "testname": "TIA_Gain_Linearity", "cornername": "CMOS_VDD_Res_Cap_Temp_25"}
[2026-06-04 08:53:38.871 Z] [WARN] [cadence.virtuoso.ade.simulationMonitor] -     WARNING (CMI-2943): Parameter checks have been ignored because the valid value for parameter 'trise' could not be found in 'C0'. {"history": "Interactive.379", "point": 27, "testname": "TIA_Gain_Linearity", "cornername": "CMOS_VDD_Res_Cap_Temp_25"}
[2026-06-04 08:53:38.871 Z] [WARN] [cadence.virtuoso.ade.simulationMonitor] -     WARNING (CMI-2943): Parameter checks have been ignored because the valid value for parameter 'trise' could not be found in 'C1'. {"history": "Interactive.379", "point": 27, "testname": "TIA_Gain_Linearity", "cornername": "CMOS_VDD_Res_Cap_Temp_25"}
[2026-06-04 08:53:38.871 Z] [WARN] [cadence.virtuoso.ade.simulationMonitor] -     WARNING (CMI-2943): Parameter checks have been ignored because the valid value for parameter 'trise' could not be found in 'C11'. {"history": "Interactive.379", "point": 27, "testname": "TIA_Gain_Linearity", "cornername": "CMOS_VDD_Res_Cap_Temp_25"}
[2026-06-04 08:53:38.871 Z] [WARN] [cadence.virtuoso.ade.simulationMonitor] -     WARNING (CMI-2943): Parameter checks have been ignored because the valid value for parameter 'trise' could not be found in 'C12'. {"history": "Interactive.379", "point": 27, "testname": "TIA_Gain_Linearity", "cornername": "CMOS_VDD_Res_Cap_Temp_25"}
[2026-06-04 08:53:38.871 Z] [WARN] [cadence.virtuoso.ade.simulationMonitor] -     WARNING (CMI-2943): Parameter checks have been ignored because the valid value for parameter 'trise' could not be found in 'C5'.
        Further occurrences of this warning will be suppressed. {"history": "Interactive.379", "point": 27, "testname": "TIA_Gain_Linearity", "cornername": "CMOS_VDD_Res_Cap_Temp_25"}
[2026-06-04 08:53:38.872 Z] [INFO] [cadence.virtuoso.ade.simulationMonitor] - Total time required for dc analysis `dcOp': CPU = 13.8 s, elapsed = 2.78928 s, util. = 495%. {"history": "Interactive.379", "point": 27, "testname": "TIA_Gain_Linearity", "cornername": "CMOS_VDD_Res_Cap_Temp_25"}
[2026-06-04 08:53:38.872 Z] [INFO] [cadence.virtuoso.ade.simulationMonitor] - Peak resident memory used = 368 Mbytes. {"history": "Interactive.379", "point": 27, "testname": "TIA_Gain_Linearity", "cornername": "CMOS_VDD_Res_Cap_Temp_25"}
[2026-06-04 08:53:38.872 Z] [INFO] [cadence.virtuoso.ade.simulationMonitor] - Notice from spectre.
    1293 warnings suppressed. {"history": "Interactive.379", "point": 27, "testname": "TIA_Gain_Linearity", "cornername": "CMOS_VDD_Res_Cap_Temp_25"}
[2026-06-04 08:53:39.372 Z] [INFO] [cadence.virtuoso.ade.simulationMonitor] - Notice from spectre during DC analysis `dc'.
    I26: `period' has the unusually large value of 6 s. {"history": "Interactive.379", "point": 27, "testname": "TIA_Gain_Linearity", "cornername": "CMOS_VDD_Res_Cap_Temp_25"}
[2026-06-04 08:53:41.875 Z] [INFO] [cadence.virtuoso.ade.simulationMonitor] - Notice from spectre at Idc = -5.5e-06 during DC analysis `dc'.
    GminDC = 1 pS is large enough to noticeably affect the DC solution.
        dV(I2.3\:I25|I36|P3) = 11.117 mV
        Use the `gmin_check' option to eliminate or expand this report.
    Bad pivoting is found during DC analysis. Option dc_pivot_check=yes is recommended for possible improvement of convergence. {"history": "Interactive.379", "point": 27, "testname": "TIA_Gain_Linearity", "cornername": "CMOS_VDD_Res_Cap_Temp_25"}
[2026-06-04 08:53:41.875 Z] [INFO] [cadence.virtuoso.ade.simulationMonitor] - Notice from spectre at Idc = -5.48e-06 during DC analysis `dc'.
    I26: `period' has the unusually large value of 6 s.
    Bad pivoting is found during DC analysis. Option dc_pivot_check=yes is recommended for possible improvement of convergence. {"history": "Interactive.379", "point": 27, "testname": "TIA_Gain_Linearity", "cornername": "CMOS_VDD_Res_Cap_Temp_25"}
[2026-06-04 08:53:41.876 Z] [INFO] [cadence.virtuoso.ade.simulationMonitor] - Notice from spectre at Idc = -5.46e-06 during DC analysis `dc'.
    I26: `period' has the unusually large value of 6 s. {"history": "Interactive.379", "point": 27, "testname": "TIA_Gain_Linearity", "cornername": "CMOS_VDD_Res_Cap_Temp_25"}
[2026-06-04 08:53:42.376 Z] [INFO] [cadence.virtuoso.ade.simulationMonitor] - Notice from spectre at Idc = -5.44e-06 during DC analysis `dc'.
    I26: `period' has the unusually large value of 6 s.
    Bad pivoting is found during DC analysis. Option dc_pivot_check=yes is recommended for possible improvement of convergence. {"history": "Interactive.379", "point": 27, "testname": "TIA_Gain_Linearity", "cornername": "CMOS_VDD_Res_Cap_Temp_25"}
[2026-06-04 08:53:42.377 Z] [INFO] [cadence.virtuoso.ade.simulationMonitor] - Notice from spectre at Idc = -5.42e-06 during DC analysis `dc'.
    I26: `period' has the unusually large value of 6 s.
        Further occurrences of this notice will be suppressed.
    Bad pivoting is found during DC analysis. Option dc_pivot_check=yes is recommended for possible improvement of convergence.
        Further occurrences of this notice will be suppressed. {"history": "Interactive.379", "point": 27, "testname": "TIA_Gain_Linearity", "cornername": "CMOS_VDD_Res_Cap_Temp_25"}
[2026-06-04 08:53:57.382 Z] [WARN] [cadence.virtuoso.ade.simulationMonitor] -     WARNING (CMI-2943): Parameter checks have been ignored because the valid value for parameter 'trise' could not be found in 'C0'. {"history": "Interactive.379", "point": 27, "testname": "TIA_Gain_Linearity", "cornername": "CMOS_VDD_Res_Cap_Temp_25"}
[2026-06-04 08:53:57.383 Z] [WARN] [cadence.virtuoso.ade.simulationMonitor] -     WARNING (CMI-2943): Parameter checks have been ignored because the valid value for parameter 'trise' could not be found in 'C1'. {"history": "Interactive.379", "point": 27, "testname": "TIA_Gain_Linearity", "cornername": "CMOS_VDD_Res_Cap_Temp_25"}
[2026-06-04 08:53:57.383 Z] [WARN] [cadence.virtuoso.ade.simulationMonitor] -     WARNING (CMI-2943): Parameter checks have been ignored because the valid value for parameter 'trise' could not be found in 'C11'. {"history": "Interactive.379", "point": 27, "testname": "TIA_Gain_Linearity", "cornername": "CMOS_VDD_Res_Cap_Temp_25"}
[2026-06-04 08:53:57.383 Z] [WARN] [cadence.virtuoso.ade.simulationMonitor] -     WARNING (CMI-2943): Parameter checks have been ignored because the valid value for parameter 'trise' could not be found in 'C12'. {"history": "Interactive.379", "point": 27, "testname": "TIA_Gain_Linearity", "cornername": "CMOS_VDD_Res_Cap_Temp_25"}
[2026-06-04 08:53:57.384 Z] [WARN] [cadence.virtuoso.ade.simulationMonitor] -     WARNING (CMI-2943): Parameter checks have been ignored because the valid value for parameter 'trise' could not be found in 'C5'.
        Further occurrences of this warning will be suppressed. {"history": "Interactive.379", "point": 27, "testname": "TIA_Gain_Linearity", "cornername": "CMOS_VDD_Res_Cap_Temp_25"}
[2026-06-04 08:53:57.384 Z] [INFO] [cadence.virtuoso.ade.simulationMonitor] - Notice from spectre at Idc = 5.5e-06 during DC analysis `dc'.
    The value of parameter 'Idc' has been reset to the original value 0. {"history": "Interactive.379", "point": 27, "testname": "TIA_Gain_Linearity", "cornername": "CMOS_VDD_Res_Cap_Temp_25"}
[2026-06-04 08:53:57.384 Z] [INFO] [cadence.virtuoso.ade.simulationMonitor] - Total time required for dc analysis `dc': CPU = 60.9356 s (1m  0.9s), elapsed = 18.1166 s, util. = 336%. {"history": "Interactive.379", "point": 27, "testname": "TIA_Gain_Linearity", "cornername": "CMOS_VDD_Res_Cap_Temp_25"}
[2026-06-04 08:53:57.384 Z] [INFO] [cadence.virtuoso.ade.simulationMonitor] - Peak resident memory used = 387 Mbytes. {"history": "Interactive.379", "point": 27, "testname": "TIA_Gain_Linearity", "cornername": "CMOS_VDD_Res_Cap_Temp_25"}
[2026-06-04 08:53:57.384 Z] [INFO] [cadence.virtuoso.ade.simulationMonitor] - Notice from spectre.
    1093 notices suppressed.
    1293 warnings suppressed. {"history": "Interactive.379", "point": 27, "testname": "TIA_Gain_Linearity", "cornername": "CMOS_VDD_Res_Cap_Temp_25"}
[2026-06-04 08:54:01.386 Z] [WARN] [cadence.virtuoso.ade.simulationMonitor] -     WARNING (CMI-2425): I7.I3|C1(0): `Acde' = 2.393 is unusually large. {"history": "Interactive.379", "point": 27, "testname": "TIA_Gain_Linearity", "cornername": "CMOS_VDD_Res_Cap_Temp_25"}
[2026-06-04 08:54:01.386 Z] [WARN] [cadence.virtuoso.ade.simulationMonitor] -     WARNING (CMI-2425): I7.I3|C1(0): `Noff' = 4.732 is unusually large. {"history": "Interactive.379", "point": 27, "testname": "TIA_Gain_Linearity", "cornername": "CMOS_VDD_Res_Cap_Temp_25"}
[2026-06-04 08:54:01.386 Z] [WARN] [cadence.virtuoso.ade.simulationMonitor] -     WARNING (CMI-2424): I7.I3|C1(0): `Voffcv' = -867.4e-03 is unusually small. {"history": "Interactive.379", "point": 27, "testname": "TIA_Gain_Linearity", "cornername": "CMOS_VDD_Res_Cap_Temp_25"}
[2026-06-04 08:54:01.387 Z] [WARN] [cadence.virtuoso.ade.simulationMonitor] -     WARNING (CMI-2425): I7.I3|C1(1): `Acde' = 2.393 is unusually large. {"history": "Interactive.379", "point": 27, "testname": "TIA_Gain_Linearity", "cornername": "CMOS_VDD_Res_Cap_Temp_25"}
[2026-06-04 08:54:01.387 Z] [WARN] [cadence.virtuoso.ade.simulationMonitor] -     WARNING (CMI-2425): I7.I3|C1(1): `Noff' = 4.732 is unusually large. {"history": "Interactive.379", "point": 27, "testname": "TIA_Gain_Linearity", "cornername": "CMOS_VDD_Res_Cap_Temp_25"}
[2026-06-04 08:54:01.387 Z] [WARN] [cadence.virtuoso.ade.simulationMonitor] -     WARNING (CMI-2424): I7.I3|C1(1): `Voffcv' = -867.4e-03 is unusually small. {"history": "Interactive.379", "point": 27, "testname": "TIA_Gain_Linearity", "cornername": "CMOS_VDD_Res_Cap_Temp_25"}
[2026-06-04 08:54:01.387 Z] [WARN] [cadence.virtuoso.ade.simulationMonitor] -     WARNING (CMI-2425): I7.I3|C1(2): `Acde' = 2.393 is unusually large.
        Further occurrences of this warning will be suppressed. {"history": "Interactive.379", "point": 27, "testname": "TIA_Gain_Linearity", "cornername": "CMOS_VDD_Res_Cap_Temp_25"}
[2026-06-04 08:54:01.388 Z] [WARN] [cadence.virtuoso.ade.simulationMonitor] -     WARNING (CMI-2424): I7.I3|C1(2): `Voffcv' = -867.4e-03 is unusually small. {"history": "Interactive.379", "point": 27, "testname": "TIA_Gain_Linearity", "cornername": "CMOS_VDD_Res_Cap_Temp_25"}
[2026-06-04 08:54:01.388 Z] [WARN] [cadence.virtuoso.ade.simulationMonitor] -     WARNING (CMI-2424): I7.I3|C1(3): `Voffcv' = -867.4e-03 is unusually small. {"history": "Interactive.379", "point": 27, "testname": "TIA_Gain_Linearity", "cornername": "CMOS_VDD_Res_Cap_Temp_25"}
[2026-06-04 08:54:01.388 Z] [WARN] [cadence.virtuoso.ade.simulationMonitor] -     WARNING (CMI-2424): I7.I3|C1(4): `Voffcv' = -867.4e-03 is unusually small.
        Further occurrences of this warning will be suppressed. {"history": "Interactive.379", "point": 27, "testname": "TIA_Gain_Linearity", "cornername": "CMOS_VDD_Res_Cap_Temp_25"}
[2026-06-04 08:54:06.890 Z] [INFO] [cadence.virtuoso.ade.simulationMonitor] - Notice from spectre during DC analysis, during AC analysis `ac'.
    Bad pivoting is found during DC analysis. Option dc_pivot_check=yes is recommended for possible improvement of convergence. {"history": "Interactive.379", "point": 27, "testname": "TIA_Gain_Linearity", "cornername": "CMOS_VDD_Res_Cap_Temp_25"}
[2026-06-04 08:54:06.891 Z] [WARN] [cadence.virtuoso.ade.simulationMonitor] -     WARNING (CMI-2943): Parameter checks have been ignored because the valid value for parameter 'trise' could not be found in 'C0'. {"history": "Interactive.379", "point": 27, "testname": "TIA_Gain_Linearity", "cornername": "CMOS_VDD_Res_Cap_Temp_25"}
[2026-06-04 08:54:06.891 Z] [WARN] [cadence.virtuoso.ade.simulationMonitor] -     WARNING (CMI-2943): Parameter checks have been ignored because the valid value for parameter 'trise' could not be found in 'C1'. {"history": "Interactive.379", "point": 27, "testname": "TIA_Gain_Linearity", "cornername": "CMOS_VDD_Res_Cap_Temp_25"}
[2026-06-04 08:54:06.891 Z] [WARN] [cadence.virtuoso.ade.simulationMonitor] -     WARNING (CMI-2943): Parameter checks have been ignored because the valid value for parameter 'trise' could not be found in 'C11'. {"history": "Interactive.379", "point": 27, "testname": "TIA_Gain_Linearity", "cornername": "CMOS_VDD_Res_Cap_Temp_25"}
[2026-06-04 08:54:06.892 Z] [WARN] [cadence.virtuoso.ade.simulationMonitor] -     WARNING (CMI-2943): Parameter checks have been ignored because the valid value for parameter 'trise' could not be found in 'C12'. {"history": "Interactive.379", "point": 27, "testname": "TIA_Gain_Linearity", "cornername": "CMOS_VDD_Res_Cap_Temp_25"}
[2026-06-04 08:54:06.892 Z] [WARN] [cadence.virtuoso.ade.simulationMonitor] -     WARNING (CMI-2943): Parameter checks have been ignored because the valid value for parameter 'trise' could not be found in 'C5'.
        Further occurrences of this warning will be suppressed. {"history": "Interactive.379", "point": 27, "testname": "TIA_Gain_Linearity", "cornername": "CMOS_VDD_Res_Cap_Temp_25"}
[2026-06-04 08:54:06.892 Z] [INFO] [cadence.virtuoso.ade.simulationMonitor] - Notice from spectre during check, during DC analysis, during AC analysis `ac'.
    I0.I5.RLIB_GC1 of rdiffp3: `ig' has the unusually large value of -15.4669 A.
    I0.I3.RLIB_GC2 of rdiffp3: `ig' has the unusually large value of -15.4669 A. {"history": "Interactive.379", "point": 27, "testname": "TIA_Gain_Linearity", "cornername": "CMOS_VDD_Res_Cap_Temp_25"}
[2026-06-04 08:54:23.901 Z] [INFO] [cadence.virtuoso.ade.simulationMonitor] - Total time required for ac analysis `ac': CPU = 89.8661 s (1m  29.9s), elapsed = 22.2767 s, util. = 403%. {"history": "Interactive.379", "point": 27, "testname": "TIA_Gain_Linearity", "cornername": "CMOS_VDD_Res_Cap_Temp_25"}
[2026-06-04 08:54:23.902 Z] [INFO] [cadence.virtuoso.ade.simulationMonitor] - Peak resident memory used = 483 Mbytes. {"history": "Interactive.379", "point": 27, "testname": "TIA_Gain_Linearity", "cornername": "CMOS_VDD_Res_Cap_Temp_25"}
[2026-06-04 08:54:23.902 Z] [INFO] [cadence.virtuoso.ade.simulationMonitor] - Notice from spectre.
    1370 warnings suppressed. {"history": "Interactive.379", "point": 27, "testname": "TIA_Gain_Linearity", "cornername": "CMOS_VDD_Res_Cap_Temp_25"}
[2026-06-04 08:54:23.902 Z] [WARN] [cadence.virtuoso.ade.simulationMonitor] -     WARNING (CMI-2425): I7.I3|C1(0): `Acde' = 2.393 is unusually large. {"history": "Interactive.379", "point": 27, "testname": "TIA_Gain_Linearity", "cornername": "CMOS_VDD_Res_Cap_Temp_25"}
[2026-06-04 08:54:23.902 Z] [WARN] [cadence.virtuoso.ade.simulationMonitor] -     WARNING (CMI-2425): I7.I3|C1(0): `Noff' = 4.732 is unusually large. {"history": "Interactive.379", "point": 27, "testname": "TIA_Gain_Linearity", "cornername": "CMOS_VDD_Res_Cap_Temp_25"}
[2026-06-04 08:54:23.903 Z] [WARN] [cadence.virtuoso.ade.simulationMonitor] -     WARNING (CMI-2424): I7.I3|C1(0): `Voffcv' = -867.4e-03 is unusually small. {"history": "Interactive.379", "point": 27, "testname": "TIA_Gain_Linearity", "cornername": "CMOS_VDD_Res_Cap_Temp_25"}
[2026-06-04 08:54:23.903 Z] [WARN] [cadence.virtuoso.ade.simulationMonitor] -     WARNING (CMI-2425): I7.I3|C1(1): `Acde' = 2.393 is unusually large. {"history": "Interactive.379", "point": 27, "testname": "TIA_Gain_Linearity", "cornername": "CMOS_VDD_Res_Cap_Temp_25"}
[2026-06-04 08:54:23.903 Z] [WARN] [cadence.virtuoso.ade.simulationMonitor] -     WARNING (CMI-2425): I7.I3|C1(1): `Noff' = 4.732 is unusually large. {"history": "Interactive.379", "point": 27, "testname": "TIA_Gain_Linearity", "cornername": "CMOS_VDD_Res_Cap_Temp_25"}
[2026-06-04 08:54:23.903 Z] [WARN] [cadence.virtuoso.ade.simulationMonitor] -     WARNING (CMI-2424): I7.I3|C1(1): `Voffcv' = -867.4e-03 is unusually small. {"history": "Interactive.379", "point": 27, "testname": "TIA_Gain_Linearity", "cornername": "CMOS_VDD_Res_Cap_Temp_25"}
[2026-06-04 08:54:23.903 Z] [WARN] [cadence.virtuoso.ade.simulationMonitor] -     WARNING (CMI-2425): I7.I3|C1(2): `Acde' = 2.393 is unusually large.
        Further occurrences of this warning will be suppressed. {"history": "Interactive.379", "point": 27, "testname": "TIA_Gain_Linearity", "cornername": "CMOS_VDD_Res_Cap_Temp_25"}
[2026-06-04 08:54:23.903 Z] [WARN] [cadence.virtuoso.ade.simulationMonitor] -     WARNING (CMI-2424): I7.I3|C1(2): `Voffcv' = -867.4e-03 is unusually small. {"history": "Interactive.379", "point": 27, "testname": "TIA_Gain_Linearity", "cornername": "CMOS_VDD_Res_Cap_Temp_25"}
[2026-06-04 08:54:23.904 Z] [WARN] [cadence.virtuoso.ade.simulationMonitor] -     WARNING (CMI-2424): I7.I3|C1(3): `Voffcv' = -867.4e-03 is unusually small. {"history": "Interactive.379", "point": 27, "testname": "TIA_Gain_Linearity", "cornername": "CMOS_VDD_Res_Cap_Temp_25"}
[2026-06-04 08:54:23.904 Z] [WARN] [cadence.virtuoso.ade.simulationMonitor] -     WARNING (CMI-2424): I7.I3|C1(4): `Voffcv' = -867.4e-03 is unusually small.
        Further occurrences of this warning will be suppressed. {"history": "Interactive.379", "point": 27, "testname": "TIA_Gain_Linearity", "cornername": "CMOS_VDD_Res_Cap_Temp_25"}
[2026-06-04 08:54:23.904 Z] [INFO] [cadence.virtuoso.ade.simulationMonitor] - Notice from spectre during Noise analysis `noise'.
    Operating points will not be recomputed: the circuit and conditions were not changed since previous analysis. {"history": "Interactive.379", "point": 27, "testname": "TIA_Gain_Linearity", "cornername": "CMOS_VDD_Res_Cap_Temp_25"}
[2026-06-04 08:54:29.406 Z] [INFO] [cadence.virtuoso.ade.simulationMonitor] - Total time required for noise analysis `noise': CPU = 11.7585 s, elapsed = 5.49303 s, util. = 214%. {"history": "Interactive.379", "point": 27, "testname": "TIA_Gain_Linearity", "cornername": "CMOS_VDD_Res_Cap_Temp_25"}
[2026-06-04 08:54:29.407 Z] [INFO] [cadence.virtuoso.ade.simulationMonitor] - Peak resident memory used = 484 Mbytes. {"history": "Interactive.379", "point": 27, "testname": "TIA_Gain_Linearity", "cornername": "CMOS_VDD_Res_Cap_Temp_25"}
[2026-06-04 08:54:29.407 Z] [INFO] [cadence.virtuoso.ade.simulationMonitor] - Notice from spectre.
    77 warnings suppressed. {"history": "Interactive.379", "point": 27, "testname": "TIA_Gain_Linearity", "cornername": "CMOS_VDD_Res_Cap_Temp_25"}
[2026-06-04 08:54:29.408 Z] [INFO] [cadence.virtuoso.ade.simulationMonitor] - Time used: CPU = 189 s (3m  9.2s), elapsed = 62.2 s (1m  2.2s), util. = 304%. {"history": "Interactive.379", "point": 27, "testname": "TIA_Gain_Linearity", "cornername": "CMOS_VDD_Res_Cap_Temp_25"}
[2026-06-04 08:54:29.408 Z] [INFO] [cadence.virtuoso.ade.simulationMonitor] - Time spent in licensing: elapsed = 95.8 ms. {"history": "Interactive.379", "point": 27, "testname": "TIA_Gain_Linearity", "cornername": "CMOS_VDD_Res_Cap_Temp_25"}
[2026-06-04 08:54:29.409 Z] [INFO] [cadence.virtuoso.ade.simulationMonitor] - Peak memory used = 484 Mbytes. {"history": "Interactive.379", "point": 27, "testname": "TIA_Gain_Linearity", "cornername": "CMOS_VDD_Res_Cap_Temp_25"}
[2026-06-04 08:54:29.411 Z] [PROCESS] [cadence.virtuoso.ade.simulationMonitor] - Simulation started at: 8:53:27 AM, Thur Jun 4, 2026, ended at: 8:54:29 AM, Thur Jun 4, 2026, with elapsed time (wall clock): 62.2 s (1m  2.2s). {"history": "Interactive.379", "point": 27, "testname": "TIA_Gain_Linearity", "cornername": "CMOS_VDD_Res_Cap_Temp_25"}
[2026-06-04 08:54:29.411 Z] [PROCESS] [cadence.virtuoso.ade.simulationMonitor] - spectre completes with 0 errors, 85 warnings, and 46 notices. {"history": "Interactive.379", "point": 27, "testname": "TIA_Gain_Linearity", "cornername": "CMOS_VDD_Res_Cap_Temp_25"}
[2026-06-04 08:54:29.912 Z] [PROCESS] [cadence.virtuoso.ade.simulationMonitor] - Finished simulating for one point {"hostname": "il2244vt26_hrahimi", "processid": 2886028, "history": "Interactive.379", "testname": "TIA_Gain_Linearity", "cornername": "CMOS_VDD_Res_Cap_Temp_25", "point": 27, "logfile": "/home/hrahimi/projects/POTENTIOSTAT_26/logs_hrahimi/logs0/Job77.log", "simid": "4"}
[2026-06-04 08:54:29.913 Z] [PROCESS] [cadence.virtuoso.ade.simulationMonitor] - Simulator exited {"hostname": "il2244vt26_hrahimi", "processid": 2886028, "history": "Interactive.379", "testname": "TIA_Gain_Linearity", "cornername": "CMOS_VDD_Res_Cap_Temp_25", "point": 27, "logfile": "/home/hrahimi/projects/POTENTIOSTAT_26/logs_hrahimi/logs0/Job77.log", "exitStatus": "0"}
[2026-06-04 08:54:29.913 Z] [PROCESS] [cadence.virtuoso.ade.simulationMonitor] - Finished Simulation {"hostname": "il2244vt26_hrahimi", "processid": 2886028, "history": "Interactive.379", "testname": "TIA_Gain_Linearity", "cornername": "CMOS_VDD_Res_Cap_Temp_25", "point": 27, "logfile": "/home/hrahimi/projects/POTENTIOSTAT_26/logs_hrahimi/logs0/Job77.log", "simid": "4"}
[2026-06-04 08:54:33.927 Z] [PROCESS] [cadence.virtuoso.ade.simulationMonitor] - Point Finished {"hostname": "il2244vt26_hrahimi", "processid": 2886028, "history": "Interactive.379", "testname": "TIA_Gain_Linearity", "cornername": "CMOS_VDD_Res_Cap_Temp_25", "point": 27, "logfile": "/home/hrahimi/projects/POTENTIOSTAT_26/logs_hrahimi/logs0/Job77.log"}
[2026-06-04 08:54:33.937 Z] [PROCESS] [cadence.virtuoso.ade.simulationMonitor] - HostInfo:
Host name (type):	il2244vt26_hrahimi (x86_64)
Operating system:	Linux 5.15.0-164-generic #174-Ubuntu SMP Fri Nov 14 20:25:16 UTC 2025 {"hostname": "il2244vt26_hrahimi", "processid": 2886028, "history": "Interactive.379", "testname": "TIA_Gain_Linearity", "cornername": "CMOS_VDD_Res_Cap_Temp_25", "point": 27, "logfile": "/home/hrahimi/projects/POTENTIOSTAT_26/logs_hrahimi/logs0/Job77.log", "nodename": "il2244vt26_hrahimi", "domainname": "(none)", "machine": "x86_64", "sysname": "Linux", "release": "5.15.0-164-generic", "version": "#174-Ubuntu SMP Fri Nov 14 20:25:16 UTC 2025"}
[2026-06-04 08:54:33.938 Z] [PROCESS] [cadence.virtuoso.ade.simulationMonitor] - UsageInfo:
pid=2886028
totalPhysicalMemory=3023.749672GB,Used=2756.278500GB,totalVirtualMemory=3031.749668GB,Used=2756.386410GB
Cpu: Cores=48, Load average:35.340000,23.420000,21.150000 {"hostname": "il2244vt26_hrahimi", "processid": 2886028, "history": "Interactive.379", "testname": "TIA_Gain_Linearity", "cornername": "CMOS_VDD_Res_Cap_Temp_25", "point": 27, "logfile": "/home/hrahimi/projects/POTENTIOSTAT_26/logs_hrahimi/logs0/Job77.log", "pid": "2886028", "totalPhysicalMemory": "3023.749672", "physicalMemoryUsed": "2756.278500", "totalVirtualMemory": "3031.749668", "virtualMemoryUsed": "2756.386410", "cpuCores": "48", "processes": "29759", "loadAverage1": "35.340000", "loadAverage5": "23.420000", "loadAverage15": "21.150000", "loadAverage1Percent": "0.736250"}
[2026-06-04 08:54:33.939 Z] [EVENT] [cadence.virtuoso.ade.simulationMonitor] - NewPoint {"history": "Interactive.379", "point": 35, "testname": "TIA_Gain_Linearity", "cornername": "CMOS_VDD_Res_Cap_Temp_33", "event": "NewPoint", "EventSource": "Simulation Monitor", "HistoryName": "Interactive.379", "logFile": "/home/hrahimi/projects/POTENTIOSTAT_26/logs_hrahimi/logs0/Job77.log", "logFileSize": "182853"}
[2026-06-04 08:54:34.041 Z] [EVENT] [cadence.virtuoso.ade.simulationMonitor] - NewPoint {"history": "Interactive.379", "point": 35, "testname": "TIA_Gain_Linearity", "cornername": "CMOS_VDD_Res_Cap_Temp_33", "event": "NewPoint", "EventSource": "spectre", "HistoryName": "Interactive.379", "logFile": "/home/hrahimi/projects/POTENTIOSTAT_26/Sim/Potentiostat_Top/top/maestro/results/maestro/Interactive.379/35/TIA_Gain_Linearity/psf/spectre.out", "logFileSize": "-1"}
[2026-06-04 08:54:34.056 Z] [PROCESS] [cadence.virtuoso.ade.simulationMonitor] - Simulator launched {"hostname": "il2244vt26_hrahimi", "processid": 2886028, "history": "Interactive.379", "testname": "TIA_Gain_Linearity", "cornername": "CMOS_VDD_Res_Cap_Temp_33", "point": 35, "logfile": "/home/hrahimi/projects/POTENTIOSTAT_26/logs_hrahimi/logs0/Job77.log", "simid": "5"}
[2026-06-04 08:54:34.126 Z] [PROCESS] [cadence.virtuoso.ade.simulationMonitor] - Started Simulation {"hostname": "il2244vt26_hrahimi", "processid": 2886028, "history": "Interactive.379", "testname": "TIA_Gain_Linearity", "cornername": "CMOS_VDD_Res_Cap_Temp_33", "point": 35, "logfile": "/home/hrahimi/projects/POTENTIOSTAT_26/logs_hrahimi/logs0/Job77.log", "event": "started", "task": "simulation"}
[2026-06-04 08:54:35.127 Z] [WARN] [cadence.virtuoso.ade.simulationMonitor] -     WARNING (SPECTRE-691): This CPU processor does not support x86 advanced vector extensions instructions. This may affect math operations and slow down the simulation. {"history": "Interactive.379", "point": 35, "testname": "TIA_Gain_Linearity", "cornername": "CMOS_VDD_Res_Cap_Temp_33"}
[2026-06-04 08:54:35.128 Z] [INFO] [cadence.virtuoso.ade.simulationMonitor] - Notice from spectre during circuit read-in.
    Pre_Configuration file used: /opt/tools/cadence/installs/SPECTRE241/tools.lnx86/spectre/etc/configs/preset.precfg
    Configuration file used: `/opt/tools/cadence/installs/SPECTRE241/tools.lnx86/spectre/etc/configs/preset.cfg'. {"history": "Interactive.379", "point": 35, "testname": "TIA_Gain_Linearity", "cornername": "CMOS_VDD_Res_Cap_Temp_33"}
[2026-06-04 08:54:35.128 Z] [WARN] [cadence.virtuoso.ade.simulationMonitor] -     WARNING (SPECTRE-8360): line 1511: `ac' is an undefined primitive device. {"history": "Interactive.379", "point": 35, "testname": "TIA_Gain_Linearity", "cornername": "CMOS_VDD_Res_Cap_Temp_33"}
[2026-06-04 08:54:35.128 Z] [WARN] [cadence.virtuoso.ade.simulationMonitor] -     WARNING (SPECTRE-8360): line 1512: `ac' is an undefined primitive device. {"history": "Interactive.379", "point": 35, "testname": "TIA_Gain_Linearity", "cornername": "CMOS_VDD_Res_Cap_Temp_33"}
[2026-06-04 08:54:35.128 Z] [WARN] [cadence.virtuoso.ade.simulationMonitor] -     WARNING (SPECTRE-8360): line 1513: `ac' is an undefined primitive device. {"history": "Interactive.379", "point": 35, "testname": "TIA_Gain_Linearity", "cornername": "CMOS_VDD_Res_Cap_Temp_33"}
[2026-06-04 08:54:35.128 Z] [WARN] [cadence.virtuoso.ade.simulationMonitor] -     WARNING (SPECTRE-8360): line 1514: `ac' is an undefined primitive device. {"history": "Interactive.379", "point": 35, "testname": "TIA_Gain_Linearity", "cornername": "CMOS_VDD_Res_Cap_Temp_33"}
[2026-06-04 08:54:35.129 Z] [WARN] [cadence.virtuoso.ade.simulationMonitor] -     WARNING (SPECTRE-8360): line 1515: `ac' is an undefined primitive device.
        Further occurrences of this warning will be suppressed. {"history": "Interactive.379", "point": 35, "testname": "TIA_Gain_Linearity", "cornername": "CMOS_VDD_Res_Cap_Temp_33"}
[2026-06-04 08:54:35.129 Z] [WARN] [cadence.virtuoso.ade.simulationMonitor] -     WARNING (VACOMP-2435): The environment variable CDS_AHDLCMI_ENABLE is no longer supported. Therefore, the simulator will use the default compiled C code flow. {"history": "Interactive.379", "point": 35, "testname": "TIA_Gain_Linearity", "cornername": "CMOS_VDD_Res_Cap_Temp_33"}
[2026-06-04 08:54:35.629 Z] [INFO] [cadence.virtuoso.ade.simulationMonitor] - Peak resident memory used = 201 Mbytes. {"history": "Interactive.379", "point": 35, "testname": "TIA_Gain_Linearity", "cornername": "CMOS_VDD_Res_Cap_Temp_33"}
[2026-06-04 08:54:36.630 Z] [WARN] [cadence.virtuoso.ade.simulationMonitor] -     WARNING (SFE-3027): The dangling resistor I7.rb286 is removed. {"history": "Interactive.379", "point": 35, "testname": "TIA_Gain_Linearity", "cornername": "CMOS_VDD_Res_Cap_Temp_33"}
[2026-06-04 08:54:36.631 Z] [WARN] [cadence.virtuoso.ade.simulationMonitor] -     WARNING (SFE-3027): The dangling resistor I7.rb20 is removed. {"history": "Interactive.379", "point": 35, "testname": "TIA_Gain_Linearity", "cornername": "CMOS_VDD_Res_Cap_Temp_33"}
[2026-06-04 08:54:36.631 Z] [WARN] [cadence.virtuoso.ade.simulationMonitor] -     WARNING (SFE-3027): The dangling resistor I7.rb282 is removed. {"history": "Interactive.379", "point": 35, "testname": "TIA_Gain_Linearity", "cornername": "CMOS_VDD_Res_Cap_Temp_33"}
[2026-06-04 08:54:36.631 Z] [WARN] [cadence.virtuoso.ade.simulationMonitor] -     WARNING (SFE-3027): The dangling resistor I7.rd2 is removed. {"history": "Interactive.379", "point": 35, "testname": "TIA_Gain_Linearity", "cornername": "CMOS_VDD_Res_Cap_Temp_33"}
[2026-06-04 08:54:36.631 Z] [WARN] [cadence.virtuoso.ade.simulationMonitor] -     WARNING (SFE-3027): The dangling resistor I7.rb285 is removed.
        Further occurrences of this warning will be suppressed. {"history": "Interactive.379", "point": 35, "testname": "TIA_Gain_Linearity", "cornername": "CMOS_VDD_Res_Cap_Temp_33"}
[2026-06-04 08:54:36.631 Z] [WARN] [cadence.virtuoso.ade.simulationMonitor] -     WARNING (SFE-3012): The dummy device I0.I16.DLIB12 is removed. {"history": "Interactive.379", "point": 35, "testname": "TIA_Gain_Linearity", "cornername": "CMOS_VDD_Res_Cap_Temp_33"}
[2026-06-04 08:54:36.632 Z] [WARN] [cadence.virtuoso.ade.simulationMonitor] -     WARNING (SFE-3012): The dummy device I0.I15.DLIB9 is removed. {"history": "Interactive.379", "point": 35, "testname": "TIA_Gain_Linearity", "cornername": "CMOS_VDD_Res_Cap_Temp_33"}
[2026-06-04 08:54:36.632 Z] [WARN] [cadence.virtuoso.ade.simulationMonitor] -     WARNING (SFE-3012): The dummy device I0.I0.DLIB6 is removed. {"history": "Interactive.379", "point": 35, "testname": "TIA_Gain_Linearity", "cornername": "CMOS_VDD_Res_Cap_Temp_33"}
[2026-06-04 08:54:36.632 Z] [WARN] [cadence.virtuoso.ade.simulationMonitor] -     WARNING (SFE-3012): The dummy device I0.I16.DLIB10 is removed. {"history": "Interactive.379", "point": 35, "testname": "TIA_Gain_Linearity", "cornername": "CMOS_VDD_Res_Cap_Temp_33"}
[2026-06-04 08:54:36.632 Z] [WARN] [cadence.virtuoso.ade.simulationMonitor] -     WARNING (SFE-3012): The dummy device I0.I17.DLIB5 is removed.
        Further occurrences of this warning will be suppressed. {"history": "Interactive.379", "point": 35, "testname": "TIA_Gain_Linearity", "cornername": "CMOS_VDD_Res_Cap_Temp_33"}
[2026-06-04 08:54:36.632 Z] [WARN] [cadence.virtuoso.ade.simulationMonitor] -     WARNING (SFE-3028): The floating resistor R8 is removed. {"history": "Interactive.379", "point": 35, "testname": "TIA_Gain_Linearity", "cornername": "CMOS_VDD_Res_Cap_Temp_33"}
[2026-06-04 08:54:36.633 Z] [WARN] [cadence.virtuoso.ade.simulationMonitor] -     WARNING (SFE-3029): The dummy capacitor I2.c27789 is removed. {"history": "Interactive.379", "point": 35, "testname": "TIA_Gain_Linearity", "cornername": "CMOS_VDD_Res_Cap_Temp_33"}
[2026-06-04 08:54:36.633 Z] [WARN] [cadence.virtuoso.ade.simulationMonitor] -     WARNING (SFE-3015): The dangling node I2.210\:GNDA is removed. {"history": "Interactive.379", "point": 35, "testname": "TIA_Gain_Linearity", "cornername": "CMOS_VDD_Res_Cap_Temp_33"}
[2026-06-04 08:54:36.633 Z] [WARN] [cadence.virtuoso.ade.simulationMonitor] -     WARNING (SFE-3015): The dangling node I2.192\:VPI is removed. {"history": "Interactive.379", "point": 35, "testname": "TIA_Gain_Linearity", "cornername": "CMOS_VDD_Res_Cap_Temp_33"}
[2026-06-04 08:54:36.633 Z] [WARN] [cadence.virtuoso.ade.simulationMonitor] -     WARNING (SFE-3015): The dangling node I2.693\:VPI is removed. {"history": "Interactive.379", "point": 35, "testname": "TIA_Gain_Linearity", "cornername": "CMOS_VDD_Res_Cap_Temp_33"}
[2026-06-04 08:54:36.633 Z] [WARN] [cadence.virtuoso.ade.simulationMonitor] -     WARNING (SFE-3015): The dangling node I2.13\:I25|I30|SN is removed. {"history": "Interactive.379", "point": 35, "testname": "TIA_Gain_Linearity", "cornername": "CMOS_VDD_Res_Cap_Temp_33"}
[2026-06-04 08:54:36.633 Z] [WARN] [cadence.virtuoso.ade.simulationMonitor] -     WARNING (SFE-3015): The dangling node I2.33\:S(3) is removed.
        Further occurrences of this warning will be suppressed. {"history": "Interactive.379", "point": 35, "testname": "TIA_Gain_Linearity", "cornername": "CMOS_VDD_Res_Cap_Temp_33"}
[2026-06-04 08:54:36.634 Z] [WARN] [cadence.virtuoso.ade.simulationMonitor] -     WARNING (SFE-3016): The floating node net73 is removed. {"history": "Interactive.379", "point": 35, "testname": "TIA_Gain_Linearity", "cornername": "CMOS_VDD_Res_Cap_Temp_33"}
[2026-06-04 08:54:36.634 Z] [WARN] [cadence.virtuoso.ade.simulationMonitor] -     WARNING (SFE-3016): The floating node net74 is removed. {"history": "Interactive.379", "point": 35, "testname": "TIA_Gain_Linearity", "cornername": "CMOS_VDD_Res_Cap_Temp_33"}
[2026-06-04 08:54:36.634 Z] [WARN] [cadence.virtuoso.ade.simulationMonitor] -     WARNING (SFE-3023): The dangling node net45 is removed. It should not be dangling since it is defined in top level. {"history": "Interactive.379", "point": 35, "testname": "TIA_Gain_Linearity", "cornername": "CMOS_VDD_Res_Cap_Temp_33"}
[2026-06-04 08:54:36.634 Z] [WARN] [cadence.virtuoso.ade.simulationMonitor] -     WARNING (SFE-3023): The dangling node net46 is removed. It should not be dangling since it is defined in top level. {"history": "Interactive.379", "point": 35, "testname": "TIA_Gain_Linearity", "cornername": "CMOS_VDD_Res_Cap_Temp_33"}
[2026-06-04 08:54:36.634 Z] [INFO] [cadence.virtuoso.ade.simulationMonitor] - Notice from spectre during hierarchy flattening.
    Spectre X Parasitic Optimization enabled.
    Parasitic optimization will filter out parasitic nodes, nodes only connected to RCs, by default. To view individual parasitic nodes use individual save statements (i.e. save out), or use the 'savefilter=none' option to save all parasitic nodes. Saving all parasitic nodes may slow down simulation and create large waveform files. {"history": "Interactive.379", "point": 35, "testname": "TIA_Gain_Linearity", "cornername": "CMOS_VDD_Res_Cap_Temp_33"}
[2026-06-04 08:54:36.634 Z] [INFO] [cadence.virtuoso.ade.simulationMonitor] - Peak resident memory used = 238 Mbytes. {"history": "Interactive.379", "point": 35, "testname": "TIA_Gain_Linearity", "cornername": "CMOS_VDD_Res_Cap_Temp_33"}
[2026-06-04 08:54:36.635 Z] [INFO] [cadence.virtuoso.ade.simulationMonitor] - Notice from spectre during hierarchy flattening.
    The value 'psf' specified for the 'checklimitdest' option will no longer be supported in future releases. Use 'spectre -h' to see other recommended values for the 'checklimitdest' option.
    I0.I46.RLIB_GC1.CS0 of rpoly1c: `c' has the unusually small value of 634.694e-21 F.
    I0.I46.RLIB_GC1.CS1 of rpoly1c: `c' has the unusually small value of 634.694e-21 F.
    I0.I45.RLIB_GC1.CS0 of rpoly1c: `c' has the unusually small value of 634.694e-21 F.
    I0... {"history": "Interactive.379", "point": 35, "testname": "TIA_Gain_Linearity", "cornername": "CMOS_VDD_Res_Cap_Temp_33"}
[2026-06-04 08:54:37.135 Z] [INFO] [cadence.virtuoso.ade.simulationMonitor] - Notice from spectre during hierarchy flattening.
    V8: `period' has the unusually large value of 100 s.
    V7: `period' has the unusually large value of 10 s.
    V3: `period' has the unusually large value of 6 s.
    I26: `period' has the unusually large value of 6 s. {"history": "Interactive.379", "point": 35, "testname": "TIA_Gain_Linearity", "cornername": "CMOS_VDD_Res_Cap_Temp_33"}
[2026-06-04 08:54:37.136 Z] [INFO] [cadence.virtuoso.ade.simulationMonitor] - Peak resident memory used = 252 Mbytes. {"history": "Interactive.379", "point": 35, "testname": "TIA_Gain_Linearity", "cornername": "CMOS_VDD_Res_Cap_Temp_33"}
[2026-06-04 08:54:37.136 Z] [WARN] [cadence.virtuoso.ade.simulationMonitor] -     WARNING (CMI-2425): I2.I56|C3: `Acde' = 2.393 is unusually large. {"history": "Interactive.379", "point": 35, "testname": "TIA_Gain_Linearity", "cornername": "CMOS_VDD_Res_Cap_Temp_33"}
[2026-06-04 08:54:37.136 Z] [WARN] [cadence.virtuoso.ade.simulationMonitor] -     WARNING (CMI-2425): I2.I56|C3: `Noff' = 4.732 is unusually large. {"history": "Interactive.379", "point": 35, "testname": "TIA_Gain_Linearity", "cornername": "CMOS_VDD_Res_Cap_Temp_33"}
[2026-06-04 08:54:37.136 Z] [WARN] [cadence.virtuoso.ade.simulationMonitor] -     WARNING (CMI-2424): I2.I56|C3: `Voffcv' = -867.4e-03 is unusually small. {"history": "Interactive.379", "point": 35, "testname": "TIA_Gain_Linearity", "cornername": "CMOS_VDD_Res_Cap_Temp_33"}
[2026-06-04 08:54:37.136 Z] [WARN] [cadence.virtuoso.ade.simulationMonitor] -     WARNING (CMI-2425): I2.I56|C4: `Acde' = 2.393 is unusually large. {"history": "Interactive.379", "point": 35, "testname": "TIA_Gain_Linearity", "cornername": "CMOS_VDD_Res_Cap_Temp_33"}
[2026-06-04 08:54:37.136 Z] [WARN] [cadence.virtuoso.ade.simulationMonitor] -     WARNING (CMI-2425): I2.I56|C4: `Noff' = 4.732 is unusually large. {"history": "Interactive.379", "point": 35, "testname": "TIA_Gain_Linearity", "cornername": "CMOS_VDD_Res_Cap_Temp_33"}
[2026-06-04 08:54:37.137 Z] [WARN] [cadence.virtuoso.ade.simulationMonitor] -     WARNING (CMI-2424): I2.I56|C4: `Voffcv' = -867.4e-03 is unusually small. {"history": "Interactive.379", "point": 35, "testname": "TIA_Gain_Linearity", "cornername": "CMOS_VDD_Res_Cap_Temp_33"}
[2026-06-04 08:54:37.137 Z] [WARN] [cadence.virtuoso.ade.simulationMonitor] -     WARNING (CMI-2425): I2.I56|C5: `Acde' = 2.393 is unusually large.
        Further occurrences of this warning will be suppressed. {"history": "Interactive.379", "point": 35, "testname": "TIA_Gain_Linearity", "cornername": "CMOS_VDD_Res_Cap_Temp_33"}
[2026-06-04 08:54:37.137 Z] [WARN] [cadence.virtuoso.ade.simulationMonitor] -     WARNING (CMI-2424): I2.I56|C5: `Voffcv' = -867.4e-03 is unusually small. {"history": "Interactive.379", "point": 35, "testname": "TIA_Gain_Linearity", "cornername": "CMOS_VDD_Res_Cap_Temp_33"}
[2026-06-04 08:54:37.163 Z] [WARN] [cadence.virtuoso.ade.simulationMonitor] -     WARNING (CMI-2424): I7.I4|C1(10): `Voffcv' = -867.4e-03 is unusually small. {"history": "Interactive.379", "point": 35, "testname": "TIA_Gain_Linearity", "cornername": "CMOS_VDD_Res_Cap_Temp_33"}
[2026-06-04 08:54:37.163 Z] [WARN] [cadence.virtuoso.ade.simulationMonitor] -     WARNING (CMI-2424): I7.I4|C1(9): `Voffcv' = -867.4e-03 is unusually small.
        Further occurrences of this warning will be suppressed. {"history": "Interactive.379", "point": 35, "testname": "TIA_Gain_Linearity", "cornername": "CMOS_VDD_Res_Cap_Temp_33"}
[2026-06-04 08:54:38.163 Z] [WARN] [cadence.virtuoso.ade.simulationMonitor] -     WARNING (SPECTRE-16460): SOAC_esdgcp5_vcpsub:Specified subcircuit master `esdgcp5' was not found. {"history": "Interactive.379", "point": 35, "testname": "TIA_Gain_Linearity", "cornername": "CMOS_VDD_Res_Cap_Temp_33"}
[2026-06-04 08:54:38.164 Z] [WARN] [cadence.virtuoso.ade.simulationMonitor] -     WARNING (SPECTRE-16462): SOAC_esdgcp5_vcpsub:Error in specification of subcircuit master. Assert is ignored. {"history": "Interactive.379", "point": 35, "testname": "TIA_Gain_Linearity", "cornername": "CMOS_VDD_Res_Cap_Temp_33"}
[2026-06-04 08:54:38.164 Z] [WARN] [cadence.virtuoso.ade.simulationMonitor] -     WARNING (SPECTRE-16460): SOAC_esdgcp5_vac:Specified subcircuit master `esdgcp5' was not found. {"history": "Interactive.379", "point": 35, "testname": "TIA_Gain_Linearity", "cornername": "CMOS_VDD_Res_Cap_Temp_33"}
[2026-06-04 08:54:38.164 Z] [WARN] [cadence.virtuoso.ade.simulationMonitor] -     WARNING (SPECTRE-16462): SOAC_esdgcp5_vac:Error in specification of subcircuit master. Assert is ignored. {"history": "Interactive.379", "point": 35, "testname": "TIA_Gain_Linearity", "cornername": "CMOS_VDD_Res_Cap_Temp_33"}
[2026-06-04 08:54:38.164 Z] [WARN] [cadence.virtuoso.ade.simulationMonitor] -     WARNING (SPECTRE-16460): SOAC_esdgcn5_vac:Specified subcircuit master `esdgcn5' was not found. {"history": "Interactive.379", "point": 35, "testname": "TIA_Gain_Linearity", "cornername": "CMOS_VDD_Res_Cap_Temp_33"}
[2026-06-04 08:54:38.164 Z] [WARN] [cadence.virtuoso.ade.simulationMonitor] -     WARNING (SPECTRE-16462): SOAC_esdgcn5_vac:Error in specification of subcircuit master. Assert is ignored. {"history": "Interactive.379", "point": 35, "testname": "TIA_Gain_Linearity", "cornername": "CMOS_VDD_Res_Cap_Temp_33"}
[2026-06-04 08:54:38.165 Z] [WARN] [cadence.virtuoso.ade.simulationMonitor] -     WARNING (SPECTRE-16460): SOAC_esdfdp5_vcpsub:Specified subcircuit master `esdfdp5' was not found. {"history": "Interactive.379", "point": 35, "testname": "TIA_Gain_Linearity", "cornername": "CMOS_VDD_Res_Cap_Temp_33"}
[2026-06-04 08:54:38.165 Z] [WARN] [cadence.virtuoso.ade.simulationMonitor] -     WARNING (SPECTRE-16462): SOAC_esdfdp5_vcpsub:Error in specification of subcircuit master. Assert is ignored. {"history": "Interactive.379", "point": 35, "testname": "TIA_Gain_Linearity", "cornername": "CMOS_VDD_Res_Cap_Temp_33"}
[2026-06-04 08:54:38.165 Z] [WARN] [cadence.virtuoso.ade.simulationMonitor] -     WARNING (SPECTRE-16460): SOAC_esdfdp5_vac:Specified subcircuit master `esdfdp5' was not found.
        Further occurrences of this warning will be suppressed. {"history": "Interactive.379", "point": 35, "testname": "TIA_Gain_Linearity", "cornername": "CMOS_VDD_Res_Cap_Temp_33"}
[2026-06-04 08:54:38.165 Z] [WARN] [cadence.virtuoso.ade.simulationMonitor] -     WARNING (SPECTRE-16462): SOAC_esdfdp5_vac:Error in specification of subcircuit master. Assert is ignored.
        Further occurrences of this warning will be suppressed. {"history": "Interactive.379", "point": 35, "testname": "TIA_Gain_Linearity", "cornername": "CMOS_VDD_Res_Cap_Temp_33"}
[2026-06-04 08:54:38.165 Z] [WARN] [cadence.virtuoso.ade.simulationMonitor] -     WARNING (SPECTRE-17607): Assert `SOAC_vert10_vsubpsub' is ignored because it contains an expression which is invalid or not supported by native evaluator.  {"history": "Interactive.379", "point": 35, "testname": "TIA_Gain_Linearity", "cornername": "CMOS_VDD_Res_Cap_Temp_33"}
[2026-06-04 08:54:38.165 Z] [WARN] [cadence.virtuoso.ade.simulationMonitor] -     WARNING (SPECTRE-17607): Assert `SOAC_vert10_vcsub' is ignored because it contains an expression which is invalid or not supported by native evaluator.  {"history": "Interactive.379", "point": 35, "testname": "TIA_Gain_Linearity", "cornername": "CMOS_VDD_Res_Cap_Temp_33"}
[2026-06-04 08:54:39.167 Z] [INFO] [cadence.virtuoso.ade.simulationMonitor] - Notice from spectre during topology check.
    Only one connection to the following 2308 nodes:
        I0.I46.RLIB_GC1.R1.psub!
        I0.I46.RLIB_GC1.R2.psub!
        I0.I46.MNLIB_DR1.M_esdnmos4.psub!
        I0.I46.DLIB2.psub!
        I0.I46.DLIB1.psub!
        Further occurrences of this notice will be suppressed. {"history": "Interactive.379", "point": 35, "testname": "TIA_Gain_Linearity", "cornername": "CMOS_VDD_Res_Cap_Temp_33"}
[2026-06-04 08:54:42.671 Z] [INFO] [cadence.virtuoso.ade.simulationMonitor] -               nodes 23214 {"history": "Interactive.379", "point": 35, "testname": "TIA_Gain_Linearity", "cornername": "CMOS_VDD_Res_Cap_Temp_33"}
[2026-06-04 08:54:42.671 Z] [INFO] [cadence.virtuoso.ade.simulationMonitor] - Notice from spectre during initial setup.
    7 resistors are shorted because their absolute value is less than or equal to 'rabsshort'.
    3 vsources are shorted because their absolute value is less than or equal to 'vabsshort'.
    4 resistors are changed to resistance form because their value are less than 'rthresh'.
    Spectre X preset=cx enabled.
    46 notices suppressed.
    255 warnings suppressed. {"history": "Interactive.379", "point": 35, "testname": "TIA_Gain_Linearity", "cornername": "CMOS_VDD_Res_Cap_Temp_33"}
[2026-06-04 08:54:42.672 Z] [INFO] [cadence.virtuoso.ade.simulationMonitor] - Notice from spectre.
    Multithreading enabled: 8 threads in the system with 48 available processors. {"history": "Interactive.379", "point": 35, "testname": "TIA_Gain_Linearity", "cornername": "CMOS_VDD_Res_Cap_Temp_33"}
[2026-06-04 08:54:42.672 Z] [INFO] [cadence.virtuoso.ade.simulationMonitor] - Peak resident memory used = 328 Mbytes. {"history": "Interactive.379", "point": 35, "testname": "TIA_Gain_Linearity", "cornername": "CMOS_VDD_Res_Cap_Temp_33"}
[2026-06-04 08:54:42.673 Z] [INFO] [cadence.virtuoso.ade.simulationMonitor] -    -   (Spectre X) Multi-threading. The recommended number of threads is [4, 8], consider adding +mt=4 or +mt=8 on command line. {"history": "Interactive.379", "point": 35, "testname": "TIA_Gain_Linearity", "cornername": "CMOS_VDD_Res_Cap_Temp_33"}
[2026-06-04 08:54:42.673 Z] [INFO] [cadence.virtuoso.ade.simulationMonitor] - Notice from spectre during DC analysis `dcOp'.
    No checklimit analysis defined for asserts. A default checklimit analysis 'SpectreChecklimitAnal' has been created with all asserts enabled. {"history": "Interactive.379", "point": 35, "testname": "TIA_Gain_Linearity", "cornername": "CMOS_VDD_Res_Cap_Temp_33"}
[2026-06-04 08:54:45.174 Z] [INFO] [cadence.virtuoso.ade.simulationMonitor] - Notice from spectre during DC analysis `dcOp'.
    Bad pivoting is found during DC analysis. Option dc_pivot_check=yes is recommended for possible improvement of convergence. {"history": "Interactive.379", "point": 35, "testname": "TIA_Gain_Linearity", "cornername": "CMOS_VDD_Res_Cap_Temp_33"}
[2026-06-04 08:54:45.175 Z] [WARN] [cadence.virtuoso.ade.simulationMonitor] -     WARNING (CMI-2943): Parameter checks have been ignored because the valid value for parameter 'trise' could not be found in 'C0'. {"history": "Interactive.379", "point": 35, "testname": "TIA_Gain_Linearity", "cornername": "CMOS_VDD_Res_Cap_Temp_33"}
[2026-06-04 08:54:45.175 Z] [WARN] [cadence.virtuoso.ade.simulationMonitor] -     WARNING (CMI-2943): Parameter checks have been ignored because the valid value for parameter 'trise' could not be found in 'C1'. {"history": "Interactive.379", "point": 35, "testname": "TIA_Gain_Linearity", "cornername": "CMOS_VDD_Res_Cap_Temp_33"}
[2026-06-04 08:54:45.175 Z] [WARN] [cadence.virtuoso.ade.simulationMonitor] -     WARNING (CMI-2943): Parameter checks have been ignored because the valid value for parameter 'trise' could not be found in 'C11'. {"history": "Interactive.379", "point": 35, "testname": "TIA_Gain_Linearity", "cornername": "CMOS_VDD_Res_Cap_Temp_33"}
[2026-06-04 08:54:45.175 Z] [WARN] [cadence.virtuoso.ade.simulationMonitor] -     WARNING (CMI-2943): Parameter checks have been ignored because the valid value for parameter 'trise' could not be found in 'C12'. {"history": "Interactive.379", "point": 35, "testname": "TIA_Gain_Linearity", "cornername": "CMOS_VDD_Res_Cap_Temp_33"}
[2026-06-04 08:54:45.176 Z] [WARN] [cadence.virtuoso.ade.simulationMonitor] -     WARNING (CMI-2943): Parameter checks have been ignored because the valid value for parameter 'trise' could not be found in 'C5'.
        Further occurrences of this warning will be suppressed. {"history": "Interactive.379", "point": 35, "testname": "TIA_Gain_Linearity", "cornername": "CMOS_VDD_Res_Cap_Temp_33"}
[2026-06-04 08:54:45.176 Z] [WARN] [cadence.virtuoso.ade.simulationMonitor] -     WARNING (SPECTRE-17191): 
        Tolerance relaxation is used to obtain final DC solution which may affect the accuracy of the result. This is mainly caused by the high impedance nodes in the circuit. Use the dyn_highz check to determine the high impedance nodes. Setting/assigning appropriate initial values to these nodes will usually help to improve both performance and accuracy of DC simulations. {"history": "Interactive.379", "point": 35, "testname": "TIA_Gain_Linearity", "cornername": "CMOS_VDD_Res_Cap_Temp_33"}
[2026-06-04 08:54:45.176 Z] [INFO] [cadence.virtuoso.ade.simulationMonitor] - Total time required for dc analysis `dcOp': CPU = 12.2229 s, elapsed = 2.51359 s, util. = 486%. {"history": "Interactive.379", "point": 35, "testname": "TIA_Gain_Linearity", "cornername": "CMOS_VDD_Res_Cap_Temp_33"}
[2026-06-04 08:54:45.176 Z] [INFO] [cadence.virtuoso.ade.simulationMonitor] - Peak resident memory used = 369 Mbytes. {"history": "Interactive.379", "point": 35, "testname": "TIA_Gain_Linearity", "cornername": "CMOS_VDD_Res_Cap_Temp_33"}
[2026-06-04 08:54:45.177 Z] [INFO] [cadence.virtuoso.ade.simulationMonitor] - Notice from spectre.
    1293 warnings suppressed. {"history": "Interactive.379", "point": 35, "testname": "TIA_Gain_Linearity", "cornername": "CMOS_VDD_Res_Cap_Temp_33"}
[2026-06-04 08:54:45.677 Z] [INFO] [cadence.virtuoso.ade.simulationMonitor] - Notice from spectre during DC analysis `dc'.
    I26: `period' has the unusually large value of 6 s. {"history": "Interactive.379", "point": 35, "testname": "TIA_Gain_Linearity", "cornername": "CMOS_VDD_Res_Cap_Temp_33"}
[2026-06-04 08:54:48.179 Z] [INFO] [cadence.virtuoso.ade.simulationMonitor] - Notice from spectre at Idc = -5.5e-06 during DC analysis `dc'.
    Bad pivoting is found during DC analysis. Option dc_pivot_check=yes is recommended for possible improvement of convergence. {"history": "Interactive.379", "point": 35, "testname": "TIA_Gain_Linearity", "cornername": "CMOS_VDD_Res_Cap_Temp_33"}
[2026-06-04 08:54:48.179 Z] [INFO] [cadence.virtuoso.ade.simulationMonitor] - Notice from spectre at Idc = -5.48e-06 during DC analysis `dc'.
    I26: `period' has the unusually large value of 6 s.
    Bad pivoting is found during DC analysis. Option dc_pivot_check=yes is recommended for possible improvement of convergence. {"history": "Interactive.379", "point": 35, "testname": "TIA_Gain_Linearity", "cornername": "CMOS_VDD_Res_Cap_Temp_33"}
[2026-06-04 08:54:48.180 Z] [INFO] [cadence.virtuoso.ade.simulationMonitor] - Notice from spectre at Idc = -5.46e-06 during DC analysis `dc'.
    I26: `period' has the unusually large value of 6 s.
    Bad pivoting is found during DC analysis. Option dc_pivot_check=yes is recommended for possible improvement of convergence. {"history": "Interactive.379", "point": 35, "testname": "TIA_Gain_Linearity", "cornername": "CMOS_VDD_Res_Cap_Temp_33"}
[2026-06-04 08:54:48.180 Z] [INFO] [cadence.virtuoso.ade.simulationMonitor] - Notice from spectre at Idc = -5.44e-06 during DC analysis `dc'.
    I26: `period' has the unusually large value of 6 s.
    Bad pivoting is found during DC analysis. Option dc_pivot_check=yes is recommended for possible improvement of convergence. {"history": "Interactive.379", "point": 35, "testname": "TIA_Gain_Linearity", "cornername": "CMOS_VDD_Res_Cap_Temp_33"}
[2026-06-04 08:54:48.180 Z] [INFO] [cadence.virtuoso.ade.simulationMonitor] - Notice from spectre at Idc = -5.42e-06 during DC analysis `dc'.
    I26: `period' has the unusually large value of 6 s.
        Further occurrences of this notice will be suppressed.
    Bad pivoting is found during DC analysis. Option dc_pivot_check=yes is recommended for possible improvement of convergence.
        Further occurrences of this notice will be suppressed. {"history": "Interactive.379", "point": 35, "testname": "TIA_Gain_Linearity", "cornername": "CMOS_VDD_Res_Cap_Temp_33"}
[2026-06-04 08:54:49.181 Z] [INFO] [cadence.virtuoso.ade.simulationMonitor] - Notice from spectre at Idc = -4.68e-06 during DC analysis `dc'.
    GminDC = 1 pS is large enough to noticeably affect the DC solution.
        dV(I2.3\:I25|I28|net1) = 2.34108 uV
        Use the `gmin_check' option to eliminate or expand this report. {"history": "Interactive.379", "point": 35, "testname": "TIA_Gain_Linearity", "cornername": "CMOS_VDD_Res_Cap_Temp_33"}
[2026-06-04 08:55:01.186 Z] [WARN] [cadence.virtuoso.ade.simulationMonitor] -     WARNING (CMI-2943): Parameter checks have been ignored because the valid value for parameter 'trise' could not be found in 'C0'. {"history": "Interactive.379", "point": 35, "testname": "TIA_Gain_Linearity", "cornername": "CMOS_VDD_Res_Cap_Temp_33"}
[2026-06-04 08:55:01.187 Z] [WARN] [cadence.virtuoso.ade.simulationMonitor] -     WARNING (CMI-2943): Parameter checks have been ignored because the valid value for parameter 'trise' could not be found in 'C1'. {"history": "Interactive.379", "point": 35, "testname": "TIA_Gain_Linearity", "cornername": "CMOS_VDD_Res_Cap_Temp_33"}
[2026-06-04 08:55:01.187 Z] [WARN] [cadence.virtuoso.ade.simulationMonitor] -     WARNING (CMI-2943): Parameter checks have been ignored because the valid value for parameter 'trise' could not be found in 'C11'. {"history": "Interactive.379", "point": 35, "testname": "TIA_Gain_Linearity", "cornername": "CMOS_VDD_Res_Cap_Temp_33"}
[2026-06-04 08:55:01.187 Z] [WARN] [cadence.virtuoso.ade.simulationMonitor] -     WARNING (CMI-2943): Parameter checks have been ignored because the valid value for parameter 'trise' could not be found in 'C12'. {"history": "Interactive.379", "point": 35, "testname": "TIA_Gain_Linearity", "cornername": "CMOS_VDD_Res_Cap_Temp_33"}
[2026-06-04 08:55:01.187 Z] [WARN] [cadence.virtuoso.ade.simulationMonitor] -     WARNING (CMI-2943): Parameter checks have been ignored because the valid value for parameter 'trise' could not be found in 'C5'.
        Further occurrences of this warning will be suppressed. {"history": "Interactive.379", "point": 35, "testname": "TIA_Gain_Linearity", "cornername": "CMOS_VDD_Res_Cap_Temp_33"}
[2026-06-04 08:55:01.187 Z] [INFO] [cadence.virtuoso.ade.simulationMonitor] - Notice from spectre at Idc = 5.5e-06 during DC analysis `dc'.
    The value of parameter 'Idc' has been reset to the original value 0. {"history": "Interactive.379", "point": 35, "testname": "TIA_Gain_Linearity", "cornername": "CMOS_VDD_Res_Cap_Temp_33"}
[2026-06-04 08:55:01.188 Z] [INFO] [cadence.virtuoso.ade.simulationMonitor] - Total time required for dc analysis `dc': CPU = 39.5363 s, elapsed = 15.8945 s, util. = 249%. {"history": "Interactive.379", "point": 35, "testname": "TIA_Gain_Linearity", "cornername": "CMOS_VDD_Res_Cap_Temp_33"}
[2026-06-04 08:55:01.188 Z] [INFO] [cadence.virtuoso.ade.simulationMonitor] - Peak resident memory used = 386 Mbytes. {"history": "Interactive.379", "point": 35, "testname": "TIA_Gain_Linearity", "cornername": "CMOS_VDD_Res_Cap_Temp_33"}
[2026-06-04 08:55:01.188 Z] [INFO] [cadence.virtuoso.ade.simulationMonitor] - Notice from spectre.
    1093 notices suppressed.
    1293 warnings suppressed. {"history": "Interactive.379", "point": 35, "testname": "TIA_Gain_Linearity", "cornername": "CMOS_VDD_Res_Cap_Temp_33"}
[2026-06-04 08:55:05.690 Z] [WARN] [cadence.virtuoso.ade.simulationMonitor] -     WARNING (CMI-2425): I7.I3|C1(0): `Acde' = 2.393 is unusually large. {"history": "Interactive.379", "point": 35, "testname": "TIA_Gain_Linearity", "cornername": "CMOS_VDD_Res_Cap_Temp_33"}
[2026-06-04 08:55:05.690 Z] [WARN] [cadence.virtuoso.ade.simulationMonitor] -     WARNING (CMI-2425): I7.I3|C1(0): `Noff' = 4.732 is unusually large. {"history": "Interactive.379", "point": 35, "testname": "TIA_Gain_Linearity", "cornername": "CMOS_VDD_Res_Cap_Temp_33"}
[2026-06-04 08:55:05.690 Z] [WARN] [cadence.virtuoso.ade.simulationMonitor] -     WARNING (CMI-2424): I7.I3|C1(0): `Voffcv' = -867.4e-03 is unusually small. {"history": "Interactive.379", "point": 35, "testname": "TIA_Gain_Linearity", "cornername": "CMOS_VDD_Res_Cap_Temp_33"}
[2026-06-04 08:55:05.691 Z] [WARN] [cadence.virtuoso.ade.simulationMonitor] -     WARNING (CMI-2425): I7.I3|C1(1): `Acde' = 2.393 is unusually large. {"history": "Interactive.379", "point": 35, "testname": "TIA_Gain_Linearity", "cornername": "CMOS_VDD_Res_Cap_Temp_33"}
[2026-06-04 08:55:05.692 Z] [WARN] [cadence.virtuoso.ade.simulationMonitor] -     WARNING (CMI-2425): I7.I3|C1(1): `Noff' = 4.732 is unusually large. {"history": "Interactive.379", "point": 35, "testname": "TIA_Gain_Linearity", "cornername": "CMOS_VDD_Res_Cap_Temp_33"}
[2026-06-04 08:55:05.692 Z] [WARN] [cadence.virtuoso.ade.simulationMonitor] -     WARNING (CMI-2424): I7.I3|C1(1): `Voffcv' = -867.4e-03 is unusually small. {"history": "Interactive.379", "point": 35, "testname": "TIA_Gain_Linearity", "cornername": "CMOS_VDD_Res_Cap_Temp_33"}
[2026-06-04 08:55:05.692 Z] [WARN] [cadence.virtuoso.ade.simulationMonitor] -     WARNING (CMI-2425): I7.I3|C1(2): `Acde' = 2.393 is unusually large.
        Further occurrences of this warning will be suppressed. {"history": "Interactive.379", "point": 35, "testname": "TIA_Gain_Linearity", "cornername": "CMOS_VDD_Res_Cap_Temp_33"}
[2026-06-04 08:55:05.692 Z] [WARN] [cadence.virtuoso.ade.simulationMonitor] -     WARNING (CMI-2424): I7.I3|C1(2): `Voffcv' = -867.4e-03 is unusually small. {"history": "Interactive.379", "point": 35, "testname": "TIA_Gain_Linearity", "cornername": "CMOS_VDD_Res_Cap_Temp_33"}
[2026-06-04 08:55:05.692 Z] [WARN] [cadence.virtuoso.ade.simulationMonitor] -     WARNING (CMI-2424): I7.I3|C1(3): `Voffcv' = -867.4e-03 is unusually small. {"history": "Interactive.379", "point": 35, "testname": "TIA_Gain_Linearity", "cornername": "CMOS_VDD_Res_Cap_Temp_33"}
[2026-06-04 08:55:05.693 Z] [WARN] [cadence.virtuoso.ade.simulationMonitor] -     WARNING (CMI-2424): I7.I3|C1(4): `Voffcv' = -867.4e-03 is unusually small.
        Further occurrences of this warning will be suppressed. {"history": "Interactive.379", "point": 35, "testname": "TIA_Gain_Linearity", "cornername": "CMOS_VDD_Res_Cap_Temp_33"}
[2026-06-04 08:55:11.195 Z] [INFO] [cadence.virtuoso.ade.simulationMonitor] - Notice from spectre during DC analysis, during AC analysis `ac'.
    Bad pivoting is found during DC analysis. Option dc_pivot_check=yes is recommended for possible improvement of convergence. {"history": "Interactive.379", "point": 35, "testname": "TIA_Gain_Linearity", "cornername": "CMOS_VDD_Res_Cap_Temp_33"}
[2026-06-04 08:55:11.196 Z] [WARN] [cadence.virtuoso.ade.simulationMonitor] -     WARNING (CMI-2943): Parameter checks have been ignored because the valid value for parameter 'trise' could not be found in 'C0'. {"history": "Interactive.379", "point": 35, "testname": "TIA_Gain_Linearity", "cornername": "CMOS_VDD_Res_Cap_Temp_33"}
[2026-06-04 08:55:11.196 Z] [WARN] [cadence.virtuoso.ade.simulationMonitor] -     WARNING (CMI-2943): Parameter checks have been ignored because the valid value for parameter 'trise' could not be found in 'C1'. {"history": "Interactive.379", "point": 35, "testname": "TIA_Gain_Linearity", "cornername": "CMOS_VDD_Res_Cap_Temp_33"}
[2026-06-04 08:55:11.196 Z] [WARN] [cadence.virtuoso.ade.simulationMonitor] -     WARNING (CMI-2943): Parameter checks have been ignored because the valid value for parameter 'trise' could not be found in 'C11'. {"history": "Interactive.379", "point": 35, "testname": "TIA_Gain_Linearity", "cornername": "CMOS_VDD_Res_Cap_Temp_33"}
[2026-06-04 08:55:11.196 Z] [WARN] [cadence.virtuoso.ade.simulationMonitor] -     WARNING (CMI-2943): Parameter checks have been ignored because the valid value for parameter 'trise' could not be found in 'C12'. {"history": "Interactive.379", "point": 35, "testname": "TIA_Gain_Linearity", "cornername": "CMOS_VDD_Res_Cap_Temp_33"}
[2026-06-04 08:55:11.196 Z] [WARN] [cadence.virtuoso.ade.simulationMonitor] -     WARNING (CMI-2943): Parameter checks have been ignored because the valid value for parameter 'trise' could not be found in 'C5'.
        Further occurrences of this warning will be suppressed. {"history": "Interactive.379", "point": 35, "testname": "TIA_Gain_Linearity", "cornername": "CMOS_VDD_Res_Cap_Temp_33"}
[2026-06-04 08:55:11.197 Z] [INFO] [cadence.virtuoso.ade.simulationMonitor] - Notice from spectre during check, during DC analysis, during AC analysis `ac'.
    I0.I5.RLIB_GC1 of rdiffp3: `ig' has the unusually large value of -15.4669 A.
    I0.I3.RLIB_GC2 of rdiffp3: `ig' has the unusually large value of -15.4669 A. {"history": "Interactive.379", "point": 35, "testname": "TIA_Gain_Linearity", "cornername": "CMOS_VDD_Res_Cap_Temp_33"}
[2026-06-04 08:55:28.202 Z] [INFO] [cadence.virtuoso.ade.simulationMonitor] - Total time required for ac analysis `ac': CPU = 89.2718 s (1m  29.3s), elapsed = 22.538 s, util. = 396%. {"history": "Interactive.379", "point": 35, "testname": "TIA_Gain_Linearity", "cornername": "CMOS_VDD_Res_Cap_Temp_33"}
[2026-06-04 08:55:28.203 Z] [INFO] [cadence.virtuoso.ade.simulationMonitor] - Peak resident memory used = 481 Mbytes. {"history": "Interactive.379", "point": 35, "testname": "TIA_Gain_Linearity", "cornername": "CMOS_VDD_Res_Cap_Temp_33"}
[2026-06-04 08:55:28.203 Z] [INFO] [cadence.virtuoso.ade.simulationMonitor] - Notice from spectre.
    1370 warnings suppressed. {"history": "Interactive.379", "point": 35, "testname": "TIA_Gain_Linearity", "cornername": "CMOS_VDD_Res_Cap_Temp_33"}
[2026-06-04 08:55:28.203 Z] [WARN] [cadence.virtuoso.ade.simulationMonitor] -     WARNING (CMI-2425): I7.I3|C1(0): `Acde' = 2.393 is unusually large. {"history": "Interactive.379", "point": 35, "testname": "TIA_Gain_Linearity", "cornername": "CMOS_VDD_Res_Cap_Temp_33"}
[2026-06-04 08:55:28.204 Z] [WARN] [cadence.virtuoso.ade.simulationMonitor] -     WARNING (CMI-2425): I7.I3|C1(0): `Noff' = 4.732 is unusually large. {"history": "Interactive.379", "point": 35, "testname": "TIA_Gain_Linearity", "cornername": "CMOS_VDD_Res_Cap_Temp_33"}
[2026-06-04 08:55:28.204 Z] [WARN] [cadence.virtuoso.ade.simulationMonitor] -     WARNING (CMI-2424): I7.I3|C1(0): `Voffcv' = -867.4e-03 is unusually small. {"history": "Interactive.379", "point": 35, "testname": "TIA_Gain_Linearity", "cornername": "CMOS_VDD_Res_Cap_Temp_33"}
[2026-06-04 08:55:28.204 Z] [WARN] [cadence.virtuoso.ade.simulationMonitor] -     WARNING (CMI-2425): I7.I3|C1(1): `Acde' = 2.393 is unusually large. {"history": "Interactive.379", "point": 35, "testname": "TIA_Gain_Linearity", "cornername": "CMOS_VDD_Res_Cap_Temp_33"}
[2026-06-04 08:55:28.204 Z] [WARN] [cadence.virtuoso.ade.simulationMonitor] -     WARNING (CMI-2425): I7.I3|C1(1): `Noff' = 4.732 is unusually large. {"history": "Interactive.379", "point": 35, "testname": "TIA_Gain_Linearity", "cornername": "CMOS_VDD_Res_Cap_Temp_33"}
[2026-06-04 08:55:28.204 Z] [WARN] [cadence.virtuoso.ade.simulationMonitor] -     WARNING (CMI-2424): I7.I3|C1(1): `Voffcv' = -867.4e-03 is unusually small. {"history": "Interactive.379", "point": 35, "testname": "TIA_Gain_Linearity", "cornername": "CMOS_VDD_Res_Cap_Temp_33"}
[2026-06-04 08:55:28.204 Z] [WARN] [cadence.virtuoso.ade.simulationMonitor] -     WARNING (CMI-2425): I7.I3|C1(2): `Acde' = 2.393 is unusually large.
        Further occurrences of this warning will be suppressed. {"history": "Interactive.379", "point": 35, "testname": "TIA_Gain_Linearity", "cornername": "CMOS_VDD_Res_Cap_Temp_33"}
[2026-06-04 08:55:28.205 Z] [WARN] [cadence.virtuoso.ade.simulationMonitor] -     WARNING (CMI-2424): I7.I3|C1(2): `Voffcv' = -867.4e-03 is unusually small. {"history": "Interactive.379", "point": 35, "testname": "TIA_Gain_Linearity", "cornername": "CMOS_VDD_Res_Cap_Temp_33"}
[2026-06-04 08:55:28.205 Z] [WARN] [cadence.virtuoso.ade.simulationMonitor] -     WARNING (CMI-2424): I7.I3|C1(3): `Voffcv' = -867.4e-03 is unusually small. {"history": "Interactive.379", "point": 35, "testname": "TIA_Gain_Linearity", "cornername": "CMOS_VDD_Res_Cap_Temp_33"}
[2026-06-04 08:55:28.205 Z] [WARN] [cadence.virtuoso.ade.simulationMonitor] -     WARNING (CMI-2424): I7.I3|C1(4): `Voffcv' = -867.4e-03 is unusually small.
        Further occurrences of this warning will be suppressed. {"history": "Interactive.379", "point": 35, "testname": "TIA_Gain_Linearity", "cornername": "CMOS_VDD_Res_Cap_Temp_33"}
[2026-06-04 08:55:28.205 Z] [INFO] [cadence.virtuoso.ade.simulationMonitor] - Notice from spectre during Noise analysis `noise'.
    Operating points will not be recomputed: the circuit and conditions were not changed since previous analysis. {"history": "Interactive.379", "point": 35, "testname": "TIA_Gain_Linearity", "cornername": "CMOS_VDD_Res_Cap_Temp_33"}
[2026-06-04 08:55:34.208 Z] [INFO] [cadence.virtuoso.ade.simulationMonitor] - Total time required for noise analysis `noise': CPU = 10.8962 s, elapsed = 5.88674 s, util. = 185%. {"history": "Interactive.379", "point": 35, "testname": "TIA_Gain_Linearity", "cornername": "CMOS_VDD_Res_Cap_Temp_33"}
[2026-06-04 08:55:34.208 Z] [INFO] [cadence.virtuoso.ade.simulationMonitor] - Peak resident memory used = 484 Mbytes. {"history": "Interactive.379", "point": 35, "testname": "TIA_Gain_Linearity", "cornername": "CMOS_VDD_Res_Cap_Temp_33"}
[2026-06-04 08:55:34.209 Z] [INFO] [cadence.virtuoso.ade.simulationMonitor] - Notice from spectre.
    77 warnings suppressed. {"history": "Interactive.379", "point": 35, "testname": "TIA_Gain_Linearity", "cornername": "CMOS_VDD_Res_Cap_Temp_33"}
[2026-06-04 08:55:34.709 Z] [INFO] [cadence.virtuoso.ade.simulationMonitor] - Time used: CPU = 164 s (2m  44.3s), elapsed = 60 s, util. = 274%. {"history": "Interactive.379", "point": 35, "testname": "TIA_Gain_Linearity", "cornername": "CMOS_VDD_Res_Cap_Temp_33"}
[2026-06-04 08:55:34.710 Z] [INFO] [cadence.virtuoso.ade.simulationMonitor] - Time spent in licensing: elapsed = 89.2 ms. {"history": "Interactive.379", "point": 35, "testname": "TIA_Gain_Linearity", "cornername": "CMOS_VDD_Res_Cap_Temp_33"}
[2026-06-04 08:55:34.711 Z] [INFO] [cadence.virtuoso.ade.simulationMonitor] - Peak memory used = 484 Mbytes. {"history": "Interactive.379", "point": 35, "testname": "TIA_Gain_Linearity", "cornername": "CMOS_VDD_Res_Cap_Temp_33"}
[2026-06-04 08:55:34.712 Z] [PROCESS] [cadence.virtuoso.ade.simulationMonitor] - Simulation started at: 8:54:34 AM, Thur Jun 4, 2026, ended at: 8:55:34 AM, Thur Jun 4, 2026, with elapsed time (wall clock): 60 s. {"history": "Interactive.379", "point": 35, "testname": "TIA_Gain_Linearity", "cornername": "CMOS_VDD_Res_Cap_Temp_33"}
[2026-06-04 08:55:34.712 Z] [PROCESS] [cadence.virtuoso.ade.simulationMonitor] - spectre completes with 0 errors, 86 warnings, and 46 notices. {"history": "Interactive.379", "point": 35, "testname": "TIA_Gain_Linearity", "cornername": "CMOS_VDD_Res_Cap_Temp_33"}
[2026-06-04 08:55:34.712 Z] [PROCESS] [cadence.virtuoso.ade.simulationMonitor] - Finished simulating for one point {"hostname": "il2244vt26_hrahimi", "processid": 2886028, "history": "Interactive.379", "testname": "TIA_Gain_Linearity", "cornername": "CMOS_VDD_Res_Cap_Temp_33", "point": 35, "logfile": "/home/hrahimi/projects/POTENTIOSTAT_26/logs_hrahimi/logs0/Job77.log", "simid": "5"}
[2026-06-04 08:55:34.713 Z] [PROCESS] [cadence.virtuoso.ade.simulationMonitor] - Simulator exited {"hostname": "il2244vt26_hrahimi", "processid": 2886028, "history": "Interactive.379", "testname": "TIA_Gain_Linearity", "cornername": "CMOS_VDD_Res_Cap_Temp_33", "point": 35, "logfile": "/home/hrahimi/projects/POTENTIOSTAT_26/logs_hrahimi/logs0/Job77.log", "exitStatus": "0"}
[2026-06-04 08:55:34.713 Z] [PROCESS] [cadence.virtuoso.ade.simulationMonitor] - Finished Simulation {"hostname": "il2244vt26_hrahimi", "processid": 2886028, "history": "Interactive.379", "testname": "TIA_Gain_Linearity", "cornername": "CMOS_VDD_Res_Cap_Temp_33", "point": 35, "logfile": "/home/hrahimi/projects/POTENTIOSTAT_26/logs_hrahimi/logs0/Job77.log", "simid": "5"}
[2026-06-04 08:55:38.226 Z] [PROCESS] [cadence.virtuoso.ade.simulationMonitor] - Point Finished {"hostname": "il2244vt26_hrahimi", "processid": 2886028, "history": "Interactive.379", "testname": "TIA_Gain_Linearity", "cornername": "CMOS_VDD_Res_Cap_Temp_33", "point": 35, "logfile": "/home/hrahimi/projects/POTENTIOSTAT_26/logs_hrahimi/logs0/Job77.log"}
[2026-06-04 08:55:38.235 Z] [PROCESS] [cadence.virtuoso.ade.simulationMonitor] - Padding test token found for runId '44', Linger time '300', currentRunSyn '85', currentTestSyn '143' {"hostname": "il2244vt26_hrahimi", "processid": 2886028, "history": "Interactive.379", "testname": "TIA_Gain_Linearity", "cornername": "CMOS_VDD_Res_Cap_Temp_33", "point": 35, "logfile": "/home/hrahimi/projects/POTENTIOSTAT_26/logs_hrahimi/logs0/Job77.log"}
[2026-06-04 08:55:38.242 Z] [PROCESS] [cadence.virtuoso.ade.simulationMonitor] - HostInfo:
Host name (type):	il2244vt26_hrahimi (x86_64)
Operating system:	Linux 5.15.0-164-generic #174-Ubuntu SMP Fri Nov 14 20:25:16 UTC 2025 {"hostname": "il2244vt26_hrahimi", "processid": 2886028, "history": "Interactive.379", "testname": "TIA_Gain_Linearity", "cornername": "CMOS_VDD_Res_Cap_Temp_33", "point": 35, "logfile": "/home/hrahimi/projects/POTENTIOSTAT_26/logs_hrahimi/logs0/Job77.log", "nodename": "il2244vt26_hrahimi", "domainname": "(none)", "machine": "x86_64", "sysname": "Linux", "release": "5.15.0-164-generic", "version": "#174-Ubuntu SMP Fri Nov 14 20:25:16 UTC 2025"}
[2026-06-04 08:55:38.243 Z] [PROCESS] [cadence.virtuoso.ade.simulationMonitor] - UsageInfo:
pid=2886028
totalPhysicalMemory=3023.749672GB,Used=2758.137043GB,totalVirtualMemory=3031.749668GB,Used=2758.244953GB
Cpu: Cores=48, Load average:33.950000,25.250000,21.940000 {"hostname": "il2244vt26_hrahimi", "processid": 2886028, "history": "Interactive.379", "testname": "TIA_Gain_Linearity", "cornername": "CMOS_VDD_Res_Cap_Temp_33", "point": 35, "logfile": "/home/hrahimi/projects/POTENTIOSTAT_26/logs_hrahimi/logs0/Job77.log", "pid": "2886028", "totalPhysicalMemory": "3023.749672", "physicalMemoryUsed": "2758.137043", "totalVirtualMemory": "3031.749668", "virtualMemoryUsed": "2758.244953", "cpuCores": "48", "processes": "29714", "loadAverage1": "33.950000", "loadAverage5": "25.250000", "loadAverage15": "21.940000", "loadAverage1Percent": "0.707292"}
[2026-06-04 08:55:38.244 Z] [EVENT] [cadence.virtuoso.ade.simulationMonitor] - NewPoint {"history": "Interactive.379", "point": 43, "testname": "TIA_Gain_Linearity", "cornername": "CMOS_VDD_Res_Cap_Temp_41", "event": "NewPoint", "EventSource": "Simulation Monitor", "HistoryName": "Interactive.379", "logFile": "/home/hrahimi/projects/POTENTIOSTAT_26/logs_hrahimi/logs0/Job77.log", "logFileSize": "229232"}
[2026-06-04 08:55:38.347 Z] [EVENT] [cadence.virtuoso.ade.simulationMonitor] - NewPoint {"history": "Interactive.379", "point": 43, "testname": "TIA_Gain_Linearity", "cornername": "CMOS_VDD_Res_Cap_Temp_41", "event": "NewPoint", "EventSource": "spectre", "HistoryName": "Interactive.379", "logFile": "/home/hrahimi/projects/POTENTIOSTAT_26/Sim/Potentiostat_Top/top/maestro/results/maestro/Interactive.379/43/TIA_Gain_Linearity/psf/spectre.out", "logFileSize": "-1"}
[2026-06-04 08:55:38.361 Z] [PROCESS] [cadence.virtuoso.ade.simulationMonitor] - Simulator launched {"hostname": "il2244vt26_hrahimi", "processid": 2886028, "history": "Interactive.379", "testname": "TIA_Gain_Linearity", "cornername": "CMOS_VDD_Res_Cap_Temp_41", "point": 43, "logfile": "/home/hrahimi/projects/POTENTIOSTAT_26/logs_hrahimi/logs0/Job77.log", "simid": "6"}
[2026-06-04 08:55:38.424 Z] [PROCESS] [cadence.virtuoso.ade.simulationMonitor] - Started Simulation {"hostname": "il2244vt26_hrahimi", "processid": 2886028, "history": "Interactive.379", "testname": "TIA_Gain_Linearity", "cornername": "CMOS_VDD_Res_Cap_Temp_41", "point": 43, "logfile": "/home/hrahimi/projects/POTENTIOSTAT_26/logs_hrahimi/logs0/Job77.log", "event": "started", "task": "simulation"}
[2026-06-04 08:55:39.425 Z] [WARN] [cadence.virtuoso.ade.simulationMonitor] -     WARNING (SPECTRE-691): This CPU processor does not support x86 advanced vector extensions instructions. This may affect math operations and slow down the simulation. {"history": "Interactive.379", "point": 43, "testname": "TIA_Gain_Linearity", "cornername": "CMOS_VDD_Res_Cap_Temp_41"}
[2026-06-04 08:55:39.426 Z] [INFO] [cadence.virtuoso.ade.simulationMonitor] - Notice from spectre during circuit read-in.
    Pre_Configuration file used: /opt/tools/cadence/installs/SPECTRE241/tools.lnx86/spectre/etc/configs/preset.precfg
    Configuration file used: `/opt/tools/cadence/installs/SPECTRE241/tools.lnx86/spectre/etc/configs/preset.cfg'. {"history": "Interactive.379", "point": 43, "testname": "TIA_Gain_Linearity", "cornername": "CMOS_VDD_Res_Cap_Temp_41"}
[2026-06-04 08:55:39.426 Z] [WARN] [cadence.virtuoso.ade.simulationMonitor] -     WARNING (SPECTRE-8360): line 1511: `ac' is an undefined primitive device. {"history": "Interactive.379", "point": 43, "testname": "TIA_Gain_Linearity", "cornername": "CMOS_VDD_Res_Cap_Temp_41"}
[2026-06-04 08:55:39.426 Z] [WARN] [cadence.virtuoso.ade.simulationMonitor] -     WARNING (SPECTRE-8360): line 1512: `ac' is an undefined primitive device. {"history": "Interactive.379", "point": 43, "testname": "TIA_Gain_Linearity", "cornername": "CMOS_VDD_Res_Cap_Temp_41"}
[2026-06-04 08:55:39.426 Z] [WARN] [cadence.virtuoso.ade.simulationMonitor] -     WARNING (SPECTRE-8360): line 1513: `ac' is an undefined primitive device. {"history": "Interactive.379", "point": 43, "testname": "TIA_Gain_Linearity", "cornername": "CMOS_VDD_Res_Cap_Temp_41"}
[2026-06-04 08:55:39.427 Z] [WARN] [cadence.virtuoso.ade.simulationMonitor] -     WARNING (SPECTRE-8360): line 1514: `ac' is an undefined primitive device. {"history": "Interactive.379", "point": 43, "testname": "TIA_Gain_Linearity", "cornername": "CMOS_VDD_Res_Cap_Temp_41"}
[2026-06-04 08:55:39.427 Z] [WARN] [cadence.virtuoso.ade.simulationMonitor] -     WARNING (SPECTRE-8360): line 1515: `ac' is an undefined primitive device.
        Further occurrences of this warning will be suppressed. {"history": "Interactive.379", "point": 43, "testname": "TIA_Gain_Linearity", "cornername": "CMOS_VDD_Res_Cap_Temp_41"}
[2026-06-04 08:55:39.427 Z] [WARN] [cadence.virtuoso.ade.simulationMonitor] -     WARNING (VACOMP-2435): The environment variable CDS_AHDLCMI_ENABLE is no longer supported. Therefore, the simulator will use the default compiled C code flow. {"history": "Interactive.379", "point": 43, "testname": "TIA_Gain_Linearity", "cornername": "CMOS_VDD_Res_Cap_Temp_41"}
[2026-06-04 08:55:39.928 Z] [INFO] [cadence.virtuoso.ade.simulationMonitor] - Peak resident memory used = 201 Mbytes. {"history": "Interactive.379", "point": 43, "testname": "TIA_Gain_Linearity", "cornername": "CMOS_VDD_Res_Cap_Temp_41"}
[2026-06-04 08:55:40.929 Z] [WARN] [cadence.virtuoso.ade.simulationMonitor] -     WARNING (SFE-3027): The dangling resistor I7.rb286 is removed. {"history": "Interactive.379", "point": 43, "testname": "TIA_Gain_Linearity", "cornername": "CMOS_VDD_Res_Cap_Temp_41"}
[2026-06-04 08:55:40.929 Z] [WARN] [cadence.virtuoso.ade.simulationMonitor] -     WARNING (SFE-3027): The dangling resistor I7.rb20 is removed. {"history": "Interactive.379", "point": 43, "testname": "TIA_Gain_Linearity", "cornername": "CMOS_VDD_Res_Cap_Temp_41"}
[2026-06-04 08:55:40.929 Z] [WARN] [cadence.virtuoso.ade.simulationMonitor] -     WARNING (SFE-3027): The dangling resistor I7.rb282 is removed. {"history": "Interactive.379", "point": 43, "testname": "TIA_Gain_Linearity", "cornername": "CMOS_VDD_Res_Cap_Temp_41"}
[2026-06-04 08:55:40.929 Z] [WARN] [cadence.virtuoso.ade.simulationMonitor] -     WARNING (SFE-3027): The dangling resistor I7.rd2 is removed. {"history": "Interactive.379", "point": 43, "testname": "TIA_Gain_Linearity", "cornername": "CMOS_VDD_Res_Cap_Temp_41"}
[2026-06-04 08:55:40.930 Z] [WARN] [cadence.virtuoso.ade.simulationMonitor] -     WARNING (SFE-3027): The dangling resistor I7.rb285 is removed.
        Further occurrences of this warning will be suppressed. {"history": "Interactive.379", "point": 43, "testname": "TIA_Gain_Linearity", "cornername": "CMOS_VDD_Res_Cap_Temp_41"}
[2026-06-04 08:55:40.930 Z] [WARN] [cadence.virtuoso.ade.simulationMonitor] -     WARNING (SFE-3012): The dummy device I0.I16.DLIB12 is removed. {"history": "Interactive.379", "point": 43, "testname": "TIA_Gain_Linearity", "cornername": "CMOS_VDD_Res_Cap_Temp_41"}
[2026-06-04 08:55:40.930 Z] [WARN] [cadence.virtuoso.ade.simulationMonitor] -     WARNING (SFE-3012): The dummy device I0.I15.DLIB9 is removed. {"history": "Interactive.379", "point": 43, "testname": "TIA_Gain_Linearity", "cornername": "CMOS_VDD_Res_Cap_Temp_41"}
[2026-06-04 08:55:40.930 Z] [WARN] [cadence.virtuoso.ade.simulationMonitor] -     WARNING (SFE-3012): The dummy device I0.I0.DLIB6 is removed. {"history": "Interactive.379", "point": 43, "testname": "TIA_Gain_Linearity", "cornername": "CMOS_VDD_Res_Cap_Temp_41"}
[2026-06-04 08:55:40.930 Z] [WARN] [cadence.virtuoso.ade.simulationMonitor] -     WARNING (SFE-3012): The dummy device I0.I16.DLIB10 is removed. {"history": "Interactive.379", "point": 43, "testname": "TIA_Gain_Linearity", "cornername": "CMOS_VDD_Res_Cap_Temp_41"}
[2026-06-04 08:55:40.930 Z] [WARN] [cadence.virtuoso.ade.simulationMonitor] -     WARNING (SFE-3012): The dummy device I0.I17.DLIB5 is removed.
        Further occurrences of this warning will be suppressed. {"history": "Interactive.379", "point": 43, "testname": "TIA_Gain_Linearity", "cornername": "CMOS_VDD_Res_Cap_Temp_41"}
[2026-06-04 08:55:40.931 Z] [WARN] [cadence.virtuoso.ade.simulationMonitor] -     WARNING (SFE-3028): The floating resistor R8 is removed. {"history": "Interactive.379", "point": 43, "testname": "TIA_Gain_Linearity", "cornername": "CMOS_VDD_Res_Cap_Temp_41"}
[2026-06-04 08:55:40.931 Z] [WARN] [cadence.virtuoso.ade.simulationMonitor] -     WARNING (SFE-3029): The dummy capacitor I2.c27789 is removed. {"history": "Interactive.379", "point": 43, "testname": "TIA_Gain_Linearity", "cornername": "CMOS_VDD_Res_Cap_Temp_41"}
[2026-06-04 08:55:40.931 Z] [WARN] [cadence.virtuoso.ade.simulationMonitor] -     WARNING (SFE-3015): The dangling node I2.210\:GNDA is removed. {"history": "Interactive.379", "point": 43, "testname": "TIA_Gain_Linearity", "cornername": "CMOS_VDD_Res_Cap_Temp_41"}
[2026-06-04 08:55:40.931 Z] [WARN] [cadence.virtuoso.ade.simulationMonitor] -     WARNING (SFE-3015): The dangling node I2.192\:VPI is removed. {"history": "Interactive.379", "point": 43, "testname": "TIA_Gain_Linearity", "cornername": "CMOS_VDD_Res_Cap_Temp_41"}
[2026-06-04 08:55:40.931 Z] [WARN] [cadence.virtuoso.ade.simulationMonitor] -     WARNING (SFE-3015): The dangling node I2.693\:VPI is removed. {"history": "Interactive.379", "point": 43, "testname": "TIA_Gain_Linearity", "cornername": "CMOS_VDD_Res_Cap_Temp_41"}
[2026-06-04 08:55:40.931 Z] [WARN] [cadence.virtuoso.ade.simulationMonitor] -     WARNING (SFE-3015): The dangling node I2.13\:I25|I30|SN is removed. {"history": "Interactive.379", "point": 43, "testname": "TIA_Gain_Linearity", "cornername": "CMOS_VDD_Res_Cap_Temp_41"}
[2026-06-04 08:55:40.931 Z] [WARN] [cadence.virtuoso.ade.simulationMonitor] -     WARNING (SFE-3015): The dangling node I2.33\:S(3) is removed.
        Further occurrences of this warning will be suppressed. {"history": "Interactive.379", "point": 43, "testname": "TIA_Gain_Linearity", "cornername": "CMOS_VDD_Res_Cap_Temp_41"}
[2026-06-04 08:55:40.932 Z] [WARN] [cadence.virtuoso.ade.simulationMonitor] -     WARNING (SFE-3016): The floating node net73 is removed. {"history": "Interactive.379", "point": 43, "testname": "TIA_Gain_Linearity", "cornername": "CMOS_VDD_Res_Cap_Temp_41"}
[2026-06-04 08:55:40.932 Z] [WARN] [cadence.virtuoso.ade.simulationMonitor] -     WARNING (SFE-3016): The floating node net74 is removed. {"history": "Interactive.379", "point": 43, "testname": "TIA_Gain_Linearity", "cornername": "CMOS_VDD_Res_Cap_Temp_41"}
[2026-06-04 08:55:40.932 Z] [WARN] [cadence.virtuoso.ade.simulationMonitor] -     WARNING (SFE-3023): The dangling node net45 is removed. It should not be dangling since it is defined in top level. {"history": "Interactive.379", "point": 43, "testname": "TIA_Gain_Linearity", "cornername": "CMOS_VDD_Res_Cap_Temp_41"}
[2026-06-04 08:55:40.932 Z] [WARN] [cadence.virtuoso.ade.simulationMonitor] -     WARNING (SFE-3023): The dangling node net46 is removed. It should not be dangling since it is defined in top level. {"history": "Interactive.379", "point": 43, "testname": "TIA_Gain_Linearity", "cornername": "CMOS_VDD_Res_Cap_Temp_41"}
[2026-06-04 08:55:40.932 Z] [INFO] [cadence.virtuoso.ade.simulationMonitor] - Notice from spectre during hierarchy flattening.
    Spectre X Parasitic Optimization enabled.
    Parasitic optimization will filter out parasitic nodes, nodes only connected to RCs, by default. To view individual parasitic nodes use individual save statements (i.e. save out), or use the 'savefilter=none' option to save all parasitic nodes. Saving all parasitic nodes may slow down simulation and create large waveform files. {"history": "Interactive.379", "point": 43, "testname": "TIA_Gain_Linearity", "cornername": "CMOS_VDD_Res_Cap_Temp_41"}
[2026-06-04 08:55:40.932 Z] [INFO] [cadence.virtuoso.ade.simulationMonitor] - Peak resident memory used = 237 Mbytes. {"history": "Interactive.379", "point": 43, "testname": "TIA_Gain_Linearity", "cornername": "CMOS_VDD_Res_Cap_Temp_41"}
[2026-06-04 08:55:40.933 Z] [INFO] [cadence.virtuoso.ade.simulationMonitor] - Notice from spectre during hierarchy flattening.
    The value 'psf' specified for the 'checklimitdest' option will no longer be supported in future releases. Use 'spectre -h' to see other recommended values for the 'checklimitdest' option.
    I0.I46.RLIB_GC1.CS0 of rpoly1c: `c' has the unusually small value of 634.694e-21 F.
    I0.I46.RLIB_GC1.CS1 of rpoly1c: `c' has the unusually small value of 634.694e-21 F.
    I0.I45.RLIB_GC1.CS0 of rpoly1c: `c' has the unusually small value of 634.694e-21 F.
    I0... {"history": "Interactive.379", "point": 43, "testname": "TIA_Gain_Linearity", "cornername": "CMOS_VDD_Res_Cap_Temp_41"}
[2026-06-04 08:55:41.433 Z] [INFO] [cadence.virtuoso.ade.simulationMonitor] - Notice from spectre during hierarchy flattening.
    V8: `period' has the unusually large value of 100 s.
    V7: `period' has the unusually large value of 10 s.
    V3: `period' has the unusually large value of 6 s.
    I26: `period' has the unusually large value of 6 s. {"history": "Interactive.379", "point": 43, "testname": "TIA_Gain_Linearity", "cornername": "CMOS_VDD_Res_Cap_Temp_41"}
[2026-06-04 08:55:41.433 Z] [INFO] [cadence.virtuoso.ade.simulationMonitor] - Peak resident memory used = 251 Mbytes. {"history": "Interactive.379", "point": 43, "testname": "TIA_Gain_Linearity", "cornername": "CMOS_VDD_Res_Cap_Temp_41"}
[2026-06-04 08:55:41.434 Z] [WARN] [cadence.virtuoso.ade.simulationMonitor] -     WARNING (CMI-2425): I2.I56|C3: `Acde' = 2.393 is unusually large. {"history": "Interactive.379", "point": 43, "testname": "TIA_Gain_Linearity", "cornername": "CMOS_VDD_Res_Cap_Temp_41"}
[2026-06-04 08:55:41.434 Z] [WARN] [cadence.virtuoso.ade.simulationMonitor] -     WARNING (CMI-2425): I2.I56|C3: `Noff' = 4.732 is unusually large. {"history": "Interactive.379", "point": 43, "testname": "TIA_Gain_Linearity", "cornername": "CMOS_VDD_Res_Cap_Temp_41"}
[2026-06-04 08:55:41.434 Z] [WARN] [cadence.virtuoso.ade.simulationMonitor] -     WARNING (CMI-2424): I2.I56|C3: `Voffcv' = -867.4e-03 is unusually small. {"history": "Interactive.379", "point": 43, "testname": "TIA_Gain_Linearity", "cornername": "CMOS_VDD_Res_Cap_Temp_41"}
[2026-06-04 08:55:41.434 Z] [WARN] [cadence.virtuoso.ade.simulationMonitor] -     WARNING (CMI-2425): I2.I56|C4: `Acde' = 2.393 is unusually large. {"history": "Interactive.379", "point": 43, "testname": "TIA_Gain_Linearity", "cornername": "CMOS_VDD_Res_Cap_Temp_41"}
[2026-06-04 08:55:41.434 Z] [WARN] [cadence.virtuoso.ade.simulationMonitor] -     WARNING (CMI-2425): I2.I56|C4: `Noff' = 4.732 is unusually large. {"history": "Interactive.379", "point": 43, "testname": "TIA_Gain_Linearity", "cornername": "CMOS_VDD_Res_Cap_Temp_41"}
[2026-06-04 08:55:41.434 Z] [WARN] [cadence.virtuoso.ade.simulationMonitor] -     WARNING (CMI-2424): I2.I56|C4: `Voffcv' = -867.4e-03 is unusually small. {"history": "Interactive.379", "point": 43, "testname": "TIA_Gain_Linearity", "cornername": "CMOS_VDD_Res_Cap_Temp_41"}
[2026-06-04 08:55:41.435 Z] [WARN] [cadence.virtuoso.ade.simulationMonitor] -     WARNING (CMI-2425): I2.I56|C5: `Acde' = 2.393 is unusually large.
        Further occurrences of this warning will be suppressed. {"history": "Interactive.379", "point": 43, "testname": "TIA_Gain_Linearity", "cornername": "CMOS_VDD_Res_Cap_Temp_41"}
[2026-06-04 08:55:41.435 Z] [WARN] [cadence.virtuoso.ade.simulationMonitor] -     WARNING (CMI-2424): I2.I56|C5: `Voffcv' = -867.4e-03 is unusually small. {"history": "Interactive.379", "point": 43, "testname": "TIA_Gain_Linearity", "cornername": "CMOS_VDD_Res_Cap_Temp_41"}
[2026-06-04 08:55:41.435 Z] [WARN] [cadence.virtuoso.ade.simulationMonitor] -     WARNING (CMI-2424): I7.I4|C1(10): `Voffcv' = -867.4e-03 is unusually small. {"history": "Interactive.379", "point": 43, "testname": "TIA_Gain_Linearity", "cornername": "CMOS_VDD_Res_Cap_Temp_41"}
[2026-06-04 08:55:41.435 Z] [WARN] [cadence.virtuoso.ade.simulationMonitor] -     WARNING (CMI-2424): I7.I4|C1(9): `Voffcv' = -867.4e-03 is unusually small.
        Further occurrences of this warning will be suppressed. {"history": "Interactive.379", "point": 43, "testname": "TIA_Gain_Linearity", "cornername": "CMOS_VDD_Res_Cap_Temp_41"}
[2026-06-04 08:55:42.937 Z] [WARN] [cadence.virtuoso.ade.simulationMonitor] -     WARNING (SPECTRE-16460): SOAC_esdgcp5_vcpsub:Specified subcircuit master `esdgcp5' was not found. {"history": "Interactive.379", "point": 43, "testname": "TIA_Gain_Linearity", "cornername": "CMOS_VDD_Res_Cap_Temp_41"}
[2026-06-04 08:55:42.937 Z] [WARN] [cadence.virtuoso.ade.simulationMonitor] -     WARNING (SPECTRE-16462): SOAC_esdgcp5_vcpsub:Error in specification of subcircuit master. Assert is ignored. {"history": "Interactive.379", "point": 43, "testname": "TIA_Gain_Linearity", "cornername": "CMOS_VDD_Res_Cap_Temp_41"}
[2026-06-04 08:55:42.937 Z] [WARN] [cadence.virtuoso.ade.simulationMonitor] -     WARNING (SPECTRE-16460): SOAC_esdgcp5_vac:Specified subcircuit master `esdgcp5' was not found. {"history": "Interactive.379", "point": 43, "testname": "TIA_Gain_Linearity", "cornername": "CMOS_VDD_Res_Cap_Temp_41"}
[2026-06-04 08:55:42.937 Z] [WARN] [cadence.virtuoso.ade.simulationMonitor] -     WARNING (SPECTRE-16462): SOAC_esdgcp5_vac:Error in specification of subcircuit master. Assert is ignored. {"history": "Interactive.379", "point": 43, "testname": "TIA_Gain_Linearity", "cornername": "CMOS_VDD_Res_Cap_Temp_41"}
[2026-06-04 08:55:42.938 Z] [WARN] [cadence.virtuoso.ade.simulationMonitor] -     WARNING (SPECTRE-16460): SOAC_esdgcn5_vac:Specified subcircuit master `esdgcn5' was not found. {"history": "Interactive.379", "point": 43, "testname": "TIA_Gain_Linearity", "cornername": "CMOS_VDD_Res_Cap_Temp_41"}
[2026-06-04 08:55:42.938 Z] [WARN] [cadence.virtuoso.ade.simulationMonitor] -     WARNING (SPECTRE-16462): SOAC_esdgcn5_vac:Error in specification of subcircuit master. Assert is ignored. {"history": "Interactive.379", "point": 43, "testname": "TIA_Gain_Linearity", "cornername": "CMOS_VDD_Res_Cap_Temp_41"}
[2026-06-04 08:55:42.938 Z] [WARN] [cadence.virtuoso.ade.simulationMonitor] -     WARNING (SPECTRE-16460): SOAC_esdfdp5_vcpsub:Specified subcircuit master `esdfdp5' was not found. {"history": "Interactive.379", "point": 43, "testname": "TIA_Gain_Linearity", "cornername": "CMOS_VDD_Res_Cap_Temp_41"}
[2026-06-04 08:55:42.938 Z] [WARN] [cadence.virtuoso.ade.simulationMonitor] -     WARNING (SPECTRE-16462): SOAC_esdfdp5_vcpsub:Error in specification of subcircuit master. Assert is ignored. {"history": "Interactive.379", "point": 43, "testname": "TIA_Gain_Linearity", "cornername": "CMOS_VDD_Res_Cap_Temp_41"}
[2026-06-04 08:55:42.938 Z] [WARN] [cadence.virtuoso.ade.simulationMonitor] -     WARNING (SPECTRE-16460): SOAC_esdfdp5_vac:Specified subcircuit master `esdfdp5' was not found.
        Further occurrences of this warning will be suppressed. {"history": "Interactive.379", "point": 43, "testname": "TIA_Gain_Linearity", "cornername": "CMOS_VDD_Res_Cap_Temp_41"}
[2026-06-04 08:55:42.938 Z] [WARN] [cadence.virtuoso.ade.simulationMonitor] -     WARNING (SPECTRE-16462): SOAC_esdfdp5_vac:Error in specification of subcircuit master. Assert is ignored.
        Further occurrences of this warning will be suppressed. {"history": "Interactive.379", "point": 43, "testname": "TIA_Gain_Linearity", "cornername": "CMOS_VDD_Res_Cap_Temp_41"}
[2026-06-04 08:55:42.938 Z] [WARN] [cadence.virtuoso.ade.simulationMonitor] -     WARNING (SPECTRE-17607): Assert `SOAC_vert10_vsubpsub' is ignored because it contains an expression which is invalid or not supported by native evaluator.  {"history": "Interactive.379", "point": 43, "testname": "TIA_Gain_Linearity", "cornername": "CMOS_VDD_Res_Cap_Temp_41"}
[2026-06-04 08:55:42.939 Z] [WARN] [cadence.virtuoso.ade.simulationMonitor] -     WARNING (SPECTRE-17607): Assert `SOAC_vert10_vcsub' is ignored because it contains an expression which is invalid or not supported by native evaluator.  {"history": "Interactive.379", "point": 43, "testname": "TIA_Gain_Linearity", "cornername": "CMOS_VDD_Res_Cap_Temp_41"}
[2026-06-04 08:55:43.939 Z] [INFO] [cadence.virtuoso.ade.simulationMonitor] - Notice from spectre during topology check.
    Only one connection to the following 2308 nodes:
        I0.I46.RLIB_GC1.R1.psub!
        I0.I46.RLIB_GC1.R2.psub!
        I0.I46.MNLIB_DR1.M_esdnmos4.psub!
        I0.I46.DLIB2.psub!
        I0.I46.DLIB1.psub!
        Further occurrences of this notice will be suppressed. {"history": "Interactive.379", "point": 43, "testname": "TIA_Gain_Linearity", "cornername": "CMOS_VDD_Res_Cap_Temp_41"}
[2026-06-04 08:55:47.443 Z] [INFO] [cadence.virtuoso.ade.simulationMonitor] -               nodes 23214 {"history": "Interactive.379", "point": 43, "testname": "TIA_Gain_Linearity", "cornername": "CMOS_VDD_Res_Cap_Temp_41"}
[2026-06-04 08:55:47.444 Z] [INFO] [cadence.virtuoso.ade.simulationMonitor] - Notice from spectre during initial setup.
    7 resistors are shorted because their absolute value is less than or equal to 'rabsshort'.
    3 vsources are shorted because their absolute value is less than or equal to 'vabsshort'.
    4 resistors are changed to resistance form because their value are less than 'rthresh'.
    Spectre X preset=cx enabled.
    46 notices suppressed.
    255 warnings suppressed. {"history": "Interactive.379", "point": 43, "testname": "TIA_Gain_Linearity", "cornername": "CMOS_VDD_Res_Cap_Temp_41"}
[2026-06-04 08:55:47.444 Z] [INFO] [cadence.virtuoso.ade.simulationMonitor] - Notice from spectre.
    Multithreading enabled: 8 threads in the system with 48 available processors. {"history": "Interactive.379", "point": 43, "testname": "TIA_Gain_Linearity", "cornername": "CMOS_VDD_Res_Cap_Temp_41"}
[2026-06-04 08:55:47.445 Z] [INFO] [cadence.virtuoso.ade.simulationMonitor] - Peak resident memory used = 328 Mbytes. {"history": "Interactive.379", "point": 43, "testname": "TIA_Gain_Linearity", "cornername": "CMOS_VDD_Res_Cap_Temp_41"}
[2026-06-04 08:55:47.445 Z] [INFO] [cadence.virtuoso.ade.simulationMonitor] -    -   (Spectre X) Multi-threading. The recommended number of threads is [4, 8], consider adding +mt=4 or +mt=8 on command line. {"history": "Interactive.379", "point": 43, "testname": "TIA_Gain_Linearity", "cornername": "CMOS_VDD_Res_Cap_Temp_41"}
[2026-06-04 08:55:47.946 Z] [INFO] [cadence.virtuoso.ade.simulationMonitor] - Notice from spectre during DC analysis `dcOp'.
    No checklimit analysis defined for asserts. A default checklimit analysis 'SpectreChecklimitAnal' has been created with all asserts enabled. {"history": "Interactive.379", "point": 43, "testname": "TIA_Gain_Linearity", "cornername": "CMOS_VDD_Res_Cap_Temp_41"}
[2026-06-04 08:55:50.447 Z] [INFO] [cadence.virtuoso.ade.simulationMonitor] - Notice from spectre during DC analysis `dcOp'.
    Bad pivoting is found during DC analysis. Option dc_pivot_check=yes is recommended for possible improvement of convergence. {"history": "Interactive.379", "point": 43, "testname": "TIA_Gain_Linearity", "cornername": "CMOS_VDD_Res_Cap_Temp_41"}
[2026-06-04 08:55:50.448 Z] [WARN] [cadence.virtuoso.ade.simulationMonitor] -     WARNING (CMI-2943): Parameter checks have been ignored because the valid value for parameter 'trise' could not be found in 'C0'. {"history": "Interactive.379", "point": 43, "testname": "TIA_Gain_Linearity", "cornername": "CMOS_VDD_Res_Cap_Temp_41"}
[2026-06-04 08:55:50.448 Z] [WARN] [cadence.virtuoso.ade.simulationMonitor] -     WARNING (CMI-2943): Parameter checks have been ignored because the valid value for parameter 'trise' could not be found in 'C1'. {"history": "Interactive.379", "point": 43, "testname": "TIA_Gain_Linearity", "cornername": "CMOS_VDD_Res_Cap_Temp_41"}
[2026-06-04 08:55:50.448 Z] [WARN] [cadence.virtuoso.ade.simulationMonitor] -     WARNING (CMI-2943): Parameter checks have been ignored because the valid value for parameter 'trise' could not be found in 'C11'. {"history": "Interactive.379", "point": 43, "testname": "TIA_Gain_Linearity", "cornername": "CMOS_VDD_Res_Cap_Temp_41"}
[2026-06-04 08:55:50.448 Z] [WARN] [cadence.virtuoso.ade.simulationMonitor] -     WARNING (CMI-2943): Parameter checks have been ignored because the valid value for parameter 'trise' could not be found in 'C12'. {"history": "Interactive.379", "point": 43, "testname": "TIA_Gain_Linearity", "cornername": "CMOS_VDD_Res_Cap_Temp_41"}
[2026-06-04 08:55:50.448 Z] [WARN] [cadence.virtuoso.ade.simulationMonitor] -     WARNING (CMI-2943): Parameter checks have been ignored because the valid value for parameter 'trise' could not be found in 'C5'.
        Further occurrences of this warning will be suppressed. {"history": "Interactive.379", "point": 43, "testname": "TIA_Gain_Linearity", "cornername": "CMOS_VDD_Res_Cap_Temp_41"}
[2026-06-04 08:55:50.448 Z] [INFO] [cadence.virtuoso.ade.simulationMonitor] - Total time required for dc analysis `dcOp': CPU = 15.5954 s, elapsed = 2.96094 s, util. = 527%. {"history": "Interactive.379", "point": 43, "testname": "TIA_Gain_Linearity", "cornername": "CMOS_VDD_Res_Cap_Temp_41"}
[2026-06-04 08:55:50.449 Z] [INFO] [cadence.virtuoso.ade.simulationMonitor] - Peak resident memory used = 368 Mbytes. {"history": "Interactive.379", "point": 43, "testname": "TIA_Gain_Linearity", "cornername": "CMOS_VDD_Res_Cap_Temp_41"}
[2026-06-04 08:55:50.449 Z] [INFO] [cadence.virtuoso.ade.simulationMonitor] - Notice from spectre.
    1293 warnings suppressed. {"history": "Interactive.379", "point": 43, "testname": "TIA_Gain_Linearity", "cornername": "CMOS_VDD_Res_Cap_Temp_41"}
[2026-06-04 08:55:50.949 Z] [INFO] [cadence.virtuoso.ade.simulationMonitor] - Notice from spectre during DC analysis `dc'.
    I26: `period' has the unusually large value of 6 s. {"history": "Interactive.379", "point": 43, "testname": "TIA_Gain_Linearity", "cornername": "CMOS_VDD_Res_Cap_Temp_41"}
[2026-06-04 08:55:52.450 Z] [INFO] [cadence.virtuoso.ade.simulationMonitor] - Notice from spectre at Idc = -5.5e-06 during DC analysis `dc'.
    Bad pivoting is found during DC analysis. Option dc_pivot_check=yes is recommended for possible improvement of convergence. {"history": "Interactive.379", "point": 43, "testname": "TIA_Gain_Linearity", "cornername": "CMOS_VDD_Res_Cap_Temp_41"}
[2026-06-04 08:55:52.451 Z] [INFO] [cadence.virtuoso.ade.simulationMonitor] - Notice from spectre at Idc = -5.48e-06 during DC analysis `dc'.
    I26: `period' has the unusually large value of 6 s. {"history": "Interactive.379", "point": 43, "testname": "TIA_Gain_Linearity", "cornername": "CMOS_VDD_Res_Cap_Temp_41"}
[2026-06-04 08:55:52.952 Z] [INFO] [cadence.virtuoso.ade.simulationMonitor] - Notice from spectre at Idc = -5.46e-06 during DC analysis `dc'.
    I26: `period' has the unusually large value of 6 s.
    Bad pivoting is found during DC analysis. Option dc_pivot_check=yes is recommended for possible improvement of convergence. {"history": "Interactive.379", "point": 43, "testname": "TIA_Gain_Linearity", "cornername": "CMOS_VDD_Res_Cap_Temp_41"}
[2026-06-04 08:55:52.952 Z] [INFO] [cadence.virtuoso.ade.simulationMonitor] - Notice from spectre at Idc = -5.44e-06 during DC analysis `dc'.
    I26: `period' has the unusually large value of 6 s.
    Bad pivoting is found during DC analysis. Option dc_pivot_check=yes is recommended for possible improvement of convergence. {"history": "Interactive.379", "point": 43, "testname": "TIA_Gain_Linearity", "cornername": "CMOS_VDD_Res_Cap_Temp_41"}
[2026-06-04 08:55:52.952 Z] [INFO] [cadence.virtuoso.ade.simulationMonitor] - Notice from spectre at Idc = -5.42e-06 during DC analysis `dc'.
    I26: `period' has the unusually large value of 6 s.
        Further occurrences of this notice will be suppressed.
    Bad pivoting is found during DC analysis. Option dc_pivot_check=yes is recommended for possible improvement of convergence.
        Further occurrences of this notice will be suppressed. {"history": "Interactive.379", "point": 43, "testname": "TIA_Gain_Linearity", "cornername": "CMOS_VDD_Res_Cap_Temp_41"}
[2026-06-04 08:55:53.453 Z] [INFO] [cadence.virtuoso.ade.simulationMonitor] - Notice from spectre at Idc = -4.68e-06 during DC analysis `dc'.
    GminDC = 1 pS is large enough to noticeably affect the DC solution.
        dV(I2.3\:I25|I28|net1) = 2.71377 uV
        Use the `gmin_check' option to eliminate or expand this report. {"history": "Interactive.379", "point": 43, "testname": "TIA_Gain_Linearity", "cornername": "CMOS_VDD_Res_Cap_Temp_41"}
[2026-06-04 08:56:03.457 Z] [WARN] [cadence.virtuoso.ade.simulationMonitor] -     WARNING (CMI-2943): Parameter checks have been ignored because the valid value for parameter 'trise' could not be found in 'C0'. {"history": "Interactive.379", "point": 43, "testname": "TIA_Gain_Linearity", "cornername": "CMOS_VDD_Res_Cap_Temp_41"}
[2026-06-04 08:56:03.458 Z] [WARN] [cadence.virtuoso.ade.simulationMonitor] -     WARNING (CMI-2943): Parameter checks have been ignored because the valid value for parameter 'trise' could not be found in 'C1'. {"history": "Interactive.379", "point": 43, "testname": "TIA_Gain_Linearity", "cornername": "CMOS_VDD_Res_Cap_Temp_41"}
[2026-06-04 08:56:03.458 Z] [WARN] [cadence.virtuoso.ade.simulationMonitor] -     WARNING (CMI-2943): Parameter checks have been ignored because the valid value for parameter 'trise' could not be found in 'C11'. {"history": "Interactive.379", "point": 43, "testname": "TIA_Gain_Linearity", "cornername": "CMOS_VDD_Res_Cap_Temp_41"}
[2026-06-04 08:56:03.458 Z] [WARN] [cadence.virtuoso.ade.simulationMonitor] -     WARNING (CMI-2943): Parameter checks have been ignored because the valid value for parameter 'trise' could not be found in 'C12'. {"history": "Interactive.379", "point": 43, "testname": "TIA_Gain_Linearity", "cornername": "CMOS_VDD_Res_Cap_Temp_41"}
[2026-06-04 08:56:03.458 Z] [WARN] [cadence.virtuoso.ade.simulationMonitor] -     WARNING (CMI-2943): Parameter checks have been ignored because the valid value for parameter 'trise' could not be found in 'C5'.
        Further occurrences of this warning will be suppressed. {"history": "Interactive.379", "point": 43, "testname": "TIA_Gain_Linearity", "cornername": "CMOS_VDD_Res_Cap_Temp_41"}
[2026-06-04 08:56:03.458 Z] [INFO] [cadence.virtuoso.ade.simulationMonitor] - Notice from spectre at Idc = 5.5e-06 during DC analysis `dc'.
    The value of parameter 'Idc' has been reset to the original value 0. {"history": "Interactive.379", "point": 43, "testname": "TIA_Gain_Linearity", "cornername": "CMOS_VDD_Res_Cap_Temp_41"}
[2026-06-04 08:56:03.459 Z] [INFO] [cadence.virtuoso.ade.simulationMonitor] - Total time required for dc analysis `dc': CPU = 38.3325 s, elapsed = 12.4514 s, util. = 308%. {"history": "Interactive.379", "point": 43, "testname": "TIA_Gain_Linearity", "cornername": "CMOS_VDD_Res_Cap_Temp_41"}
[2026-06-04 08:56:03.459 Z] [INFO] [cadence.virtuoso.ade.simulationMonitor] - Peak resident memory used = 387 Mbytes. {"history": "Interactive.379", "point": 43, "testname": "TIA_Gain_Linearity", "cornername": "CMOS_VDD_Res_Cap_Temp_41"}
[2026-06-04 08:56:03.459 Z] [INFO] [cadence.virtuoso.ade.simulationMonitor] - Notice from spectre.
    1093 notices suppressed.
    1293 warnings suppressed. {"history": "Interactive.379", "point": 43, "testname": "TIA_Gain_Linearity", "cornername": "CMOS_VDD_Res_Cap_Temp_41"}
[2026-06-04 08:56:07.460 Z] [WARN] [cadence.virtuoso.ade.simulationMonitor] -     WARNING (CMI-2425): I7.I3|C1(0): `Acde' = 2.393 is unusually large. {"history": "Interactive.379", "point": 43, "testname": "TIA_Gain_Linearity", "cornername": "CMOS_VDD_Res_Cap_Temp_41"}
[2026-06-04 08:56:07.461 Z] [WARN] [cadence.virtuoso.ade.simulationMonitor] -     WARNING (CMI-2425): I7.I3|C1(0): `Noff' = 4.732 is unusually large. {"history": "Interactive.379", "point": 43, "testname": "TIA_Gain_Linearity", "cornername": "CMOS_VDD_Res_Cap_Temp_41"}
[2026-06-04 08:56:07.461 Z] [WARN] [cadence.virtuoso.ade.simulationMonitor] -     WARNING (CMI-2424): I7.I3|C1(0): `Voffcv' = -867.4e-03 is unusually small. {"history": "Interactive.379", "point": 43, "testname": "TIA_Gain_Linearity", "cornername": "CMOS_VDD_Res_Cap_Temp_41"}
[2026-06-04 08:56:07.462 Z] [WARN] [cadence.virtuoso.ade.simulationMonitor] -     WARNING (CMI-2425): I7.I3|C1(1): `Acde' = 2.393 is unusually large. {"history": "Interactive.379", "point": 43, "testname": "TIA_Gain_Linearity", "cornername": "CMOS_VDD_Res_Cap_Temp_41"}
[2026-06-04 08:56:07.462 Z] [WARN] [cadence.virtuoso.ade.simulationMonitor] -     WARNING (CMI-2425): I7.I3|C1(1): `Noff' = 4.732 is unusually large. {"history": "Interactive.379", "point": 43, "testname": "TIA_Gain_Linearity", "cornername": "CMOS_VDD_Res_Cap_Temp_41"}
[2026-06-04 08:56:07.462 Z] [WARN] [cadence.virtuoso.ade.simulationMonitor] -     WARNING (CMI-2424): I7.I3|C1(1): `Voffcv' = -867.4e-03 is unusually small. {"history": "Interactive.379", "point": 43, "testname": "TIA_Gain_Linearity", "cornername": "CMOS_VDD_Res_Cap_Temp_41"}
[2026-06-04 08:56:07.462 Z] [WARN] [cadence.virtuoso.ade.simulationMonitor] -     WARNING (CMI-2425): I7.I3|C1(2): `Acde' = 2.393 is unusually large.
        Further occurrences of this warning will be suppressed. {"history": "Interactive.379", "point": 43, "testname": "TIA_Gain_Linearity", "cornername": "CMOS_VDD_Res_Cap_Temp_41"}
[2026-06-04 08:56:07.462 Z] [WARN] [cadence.virtuoso.ade.simulationMonitor] -     WARNING (CMI-2424): I7.I3|C1(2): `Voffcv' = -867.4e-03 is unusually small. {"history": "Interactive.379", "point": 43, "testname": "TIA_Gain_Linearity", "cornername": "CMOS_VDD_Res_Cap_Temp_41"}
[2026-06-04 08:56:07.463 Z] [WARN] [cadence.virtuoso.ade.simulationMonitor] -     WARNING (CMI-2424): I7.I3|C1(3): `Voffcv' = -867.4e-03 is unusually small. {"history": "Interactive.379", "point": 43, "testname": "TIA_Gain_Linearity", "cornername": "CMOS_VDD_Res_Cap_Temp_41"}
[2026-06-04 08:56:07.463 Z] [WARN] [cadence.virtuoso.ade.simulationMonitor] -     WARNING (CMI-2424): I7.I3|C1(4): `Voffcv' = -867.4e-03 is unusually small.
        Further occurrences of this warning will be suppressed. {"history": "Interactive.379", "point": 43, "testname": "TIA_Gain_Linearity", "cornername": "CMOS_VDD_Res_Cap_Temp_41"}
[2026-06-04 08:56:13.466 Z] [INFO] [cadence.virtuoso.ade.simulationMonitor] - Notice from spectre during DC analysis, during AC analysis `ac'.
    Bad pivoting is found during DC analysis. Option dc_pivot_check=yes is recommended for possible improvement of convergence. {"history": "Interactive.379", "point": 43, "testname": "TIA_Gain_Linearity", "cornername": "CMOS_VDD_Res_Cap_Temp_41"}
[2026-06-04 08:56:13.466 Z] [WARN] [cadence.virtuoso.ade.simulationMonitor] -     WARNING (CMI-2943): Parameter checks have been ignored because the valid value for parameter 'trise' could not be found in 'C0'. {"history": "Interactive.379", "point": 43, "testname": "TIA_Gain_Linearity", "cornername": "CMOS_VDD_Res_Cap_Temp_41"}
[2026-06-04 08:56:13.466 Z] [WARN] [cadence.virtuoso.ade.simulationMonitor] -     WARNING (CMI-2943): Parameter checks have been ignored because the valid value for parameter 'trise' could not be found in 'C1'. {"history": "Interactive.379", "point": 43, "testname": "TIA_Gain_Linearity", "cornername": "CMOS_VDD_Res_Cap_Temp_41"}
[2026-06-04 08:56:13.466 Z] [WARN] [cadence.virtuoso.ade.simulationMonitor] -     WARNING (CMI-2943): Parameter checks have been ignored because the valid value for parameter 'trise' could not be found in 'C11'. {"history": "Interactive.379", "point": 43, "testname": "TIA_Gain_Linearity", "cornername": "CMOS_VDD_Res_Cap_Temp_41"}
[2026-06-04 08:56:13.467 Z] [WARN] [cadence.virtuoso.ade.simulationMonitor] -     WARNING (CMI-2943): Parameter checks have been ignored because the valid value for parameter 'trise' could not be found in 'C12'. {"history": "Interactive.379", "point": 43, "testname": "TIA_Gain_Linearity", "cornername": "CMOS_VDD_Res_Cap_Temp_41"}
[2026-06-04 08:56:13.467 Z] [WARN] [cadence.virtuoso.ade.simulationMonitor] -     WARNING (CMI-2943): Parameter checks have been ignored because the valid value for parameter 'trise' could not be found in 'C5'.
        Further occurrences of this warning will be suppressed. {"history": "Interactive.379", "point": 43, "testname": "TIA_Gain_Linearity", "cornername": "CMOS_VDD_Res_Cap_Temp_41"}
[2026-06-04 08:56:13.467 Z] [INFO] [cadence.virtuoso.ade.simulationMonitor] - Notice from spectre during check, during DC analysis, during AC analysis `ac'.
    I0.I5.RLIB_GC1 of rdiffp3: `ig' has the unusually large value of -15.4669 A.
    I0.I3.RLIB_GC2 of rdiffp3: `ig' has the unusually large value of -15.4669 A. {"history": "Interactive.379", "point": 43, "testname": "TIA_Gain_Linearity", "cornername": "CMOS_VDD_Res_Cap_Temp_41"}
[2026-06-04 08:56:13.467 Z] [WARN] [cadence.virtuoso.ade.simulationMonitor] -     WARNING (SPECTRE-17192): 
        Tolerance relaxation is used during DC simulation which may affect the accuracy of the result. This is mainly caused by the high impedance nodes in the circuit. Use the dyn_highz check to determine the high impedance nodes. Setting/assigning appropriate initial values to these nodes will usually help to improve both performance and accuracy of DC simulations. {"history": "Interactive.379", "point": 43, "testname": "TIA_Gain_Linearity", "cornername": "CMOS_VDD_Res_Cap_Temp_41"}
[2026-06-04 08:56:27.972 Z] [INFO] [cadence.virtuoso.ade.simulationMonitor] - Total time required for ac analysis `ac': CPU = 87.9946 s (1m  28.0s), elapsed = 20.0515 s, util. = 439%. {"history": "Interactive.379", "point": 43, "testname": "TIA_Gain_Linearity", "cornername": "CMOS_VDD_Res_Cap_Temp_41"}
[2026-06-04 08:56:27.973 Z] [INFO] [cadence.virtuoso.ade.simulationMonitor] - Peak resident memory used = 486 Mbytes. {"history": "Interactive.379", "point": 43, "testname": "TIA_Gain_Linearity", "cornername": "CMOS_VDD_Res_Cap_Temp_41"}
[2026-06-04 08:56:27.973 Z] [INFO] [cadence.virtuoso.ade.simulationMonitor] - Notice from spectre.
    1370 warnings suppressed. {"history": "Interactive.379", "point": 43, "testname": "TIA_Gain_Linearity", "cornername": "CMOS_VDD_Res_Cap_Temp_41"}
[2026-06-04 08:56:27.973 Z] [WARN] [cadence.virtuoso.ade.simulationMonitor] -     WARNING (CMI-2425): I7.I3|C1(0): `Acde' = 2.393 is unusually large. {"history": "Interactive.379", "point": 43, "testname": "TIA_Gain_Linearity", "cornername": "CMOS_VDD_Res_Cap_Temp_41"}
[2026-06-04 08:56:27.973 Z] [WARN] [cadence.virtuoso.ade.simulationMonitor] -     WARNING (CMI-2425): I7.I3|C1(0): `Noff' = 4.732 is unusually large. {"history": "Interactive.379", "point": 43, "testname": "TIA_Gain_Linearity", "cornername": "CMOS_VDD_Res_Cap_Temp_41"}
[2026-06-04 08:56:27.973 Z] [WARN] [cadence.virtuoso.ade.simulationMonitor] -     WARNING (CMI-2424): I7.I3|C1(0): `Voffcv' = -867.4e-03 is unusually small. {"history": "Interactive.379", "point": 43, "testname": "TIA_Gain_Linearity", "cornername": "CMOS_VDD_Res_Cap_Temp_41"}
[2026-06-04 08:56:27.974 Z] [WARN] [cadence.virtuoso.ade.simulationMonitor] -     WARNING (CMI-2425): I7.I3|C1(1): `Acde' = 2.393 is unusually large. {"history": "Interactive.379", "point": 43, "testname": "TIA_Gain_Linearity", "cornername": "CMOS_VDD_Res_Cap_Temp_41"}
[2026-06-04 08:56:27.974 Z] [WARN] [cadence.virtuoso.ade.simulationMonitor] -     WARNING (CMI-2425): I7.I3|C1(1): `Noff' = 4.732 is unusually large. {"history": "Interactive.379", "point": 43, "testname": "TIA_Gain_Linearity", "cornername": "CMOS_VDD_Res_Cap_Temp_41"}
[2026-06-04 08:56:27.974 Z] [WARN] [cadence.virtuoso.ade.simulationMonitor] -     WARNING (CMI-2424): I7.I3|C1(1): `Voffcv' = -867.4e-03 is unusually small. {"history": "Interactive.379", "point": 43, "testname": "TIA_Gain_Linearity", "cornername": "CMOS_VDD_Res_Cap_Temp_41"}
[2026-06-04 08:56:27.974 Z] [WARN] [cadence.virtuoso.ade.simulationMonitor] -     WARNING (CMI-2425): I7.I3|C1(2): `Acde' = 2.393 is unusually large.
        Further occurrences of this warning will be suppressed. {"history": "Interactive.379", "point": 43, "testname": "TIA_Gain_Linearity", "cornername": "CMOS_VDD_Res_Cap_Temp_41"}
[2026-06-04 08:56:27.974 Z] [WARN] [cadence.virtuoso.ade.simulationMonitor] -     WARNING (CMI-2424): I7.I3|C1(2): `Voffcv' = -867.4e-03 is unusually small. {"history": "Interactive.379", "point": 43, "testname": "TIA_Gain_Linearity", "cornername": "CMOS_VDD_Res_Cap_Temp_41"}
[2026-06-04 08:56:27.974 Z] [WARN] [cadence.virtuoso.ade.simulationMonitor] -     WARNING (CMI-2424): I7.I3|C1(3): `Voffcv' = -867.4e-03 is unusually small. {"history": "Interactive.379", "point": 43, "testname": "TIA_Gain_Linearity", "cornername": "CMOS_VDD_Res_Cap_Temp_41"}
[2026-06-04 08:56:27.975 Z] [WARN] [cadence.virtuoso.ade.simulationMonitor] -     WARNING (CMI-2424): I7.I3|C1(4): `Voffcv' = -867.4e-03 is unusually small.
        Further occurrences of this warning will be suppressed. {"history": "Interactive.379", "point": 43, "testname": "TIA_Gain_Linearity", "cornername": "CMOS_VDD_Res_Cap_Temp_41"}
[2026-06-04 08:56:27.975 Z] [INFO] [cadence.virtuoso.ade.simulationMonitor] - Notice from spectre during Noise analysis `noise'.
    Operating points will not be recomputed: the circuit and conditions were not changed since previous analysis. {"history": "Interactive.379", "point": 43, "testname": "TIA_Gain_Linearity", "cornername": "CMOS_VDD_Res_Cap_Temp_41"}
[2026-06-04 08:56:33.477 Z] [INFO] [cadence.virtuoso.ade.simulationMonitor] - Total time required for noise analysis `noise': CPU = 11.3472 s, elapsed = 5.88327 s, util. = 193%. {"history": "Interactive.379", "point": 43, "testname": "TIA_Gain_Linearity", "cornername": "CMOS_VDD_Res_Cap_Temp_41"}
[2026-06-04 08:56:33.477 Z] [INFO] [cadence.virtuoso.ade.simulationMonitor] - Peak resident memory used = 486 Mbytes. {"history": "Interactive.379", "point": 43, "testname": "TIA_Gain_Linearity", "cornername": "CMOS_VDD_Res_Cap_Temp_41"}
[2026-06-04 08:56:33.477 Z] [INFO] [cadence.virtuoso.ade.simulationMonitor] - Notice from spectre.
    77 warnings suppressed. {"history": "Interactive.379", "point": 43, "testname": "TIA_Gain_Linearity", "cornername": "CMOS_VDD_Res_Cap_Temp_41"}
[2026-06-04 08:56:33.978 Z] [INFO] [cadence.virtuoso.ade.simulationMonitor] - Time used: CPU = 166 s (2m  46.1s), elapsed = 54.8 s, util. = 303%. {"history": "Interactive.379", "point": 43, "testname": "TIA_Gain_Linearity", "cornername": "CMOS_VDD_Res_Cap_Temp_41"}
[2026-06-04 08:56:33.979 Z] [INFO] [cadence.virtuoso.ade.simulationMonitor] - Time spent in licensing: elapsed = 92.8 ms. {"history": "Interactive.379", "point": 43, "testname": "TIA_Gain_Linearity", "cornername": "CMOS_VDD_Res_Cap_Temp_41"}
[2026-06-04 08:56:33.980 Z] [INFO] [cadence.virtuoso.ade.simulationMonitor] - Peak memory used = 486 Mbytes. {"history": "Interactive.379", "point": 43, "testname": "TIA_Gain_Linearity", "cornername": "CMOS_VDD_Res_Cap_Temp_41"}
[2026-06-04 08:56:33.981 Z] [PROCESS] [cadence.virtuoso.ade.simulationMonitor] - Simulation started at: 8:55:38 AM, Thur Jun 4, 2026, ended at: 8:56:33 AM, Thur Jun 4, 2026, with elapsed time (wall clock): 54.8 s. {"history": "Interactive.379", "point": 43, "testname": "TIA_Gain_Linearity", "cornername": "CMOS_VDD_Res_Cap_Temp_41"}
[2026-06-04 08:56:33.981 Z] [PROCESS] [cadence.virtuoso.ade.simulationMonitor] - spectre completes with 0 errors, 86 warnings, and 46 notices. {"history": "Interactive.379", "point": 43, "testname": "TIA_Gain_Linearity", "cornername": "CMOS_VDD_Res_Cap_Temp_41"}
[2026-06-04 08:56:33.981 Z] [PROCESS] [cadence.virtuoso.ade.simulationMonitor] - Finished simulating for one point {"hostname": "il2244vt26_hrahimi", "processid": 2886028, "history": "Interactive.379", "testname": "TIA_Gain_Linearity", "cornername": "CMOS_VDD_Res_Cap_Temp_41", "point": 43, "logfile": "/home/hrahimi/projects/POTENTIOSTAT_26/logs_hrahimi/logs0/Job77.log", "simid": "6"}
[2026-06-04 08:56:33.981 Z] [PROCESS] [cadence.virtuoso.ade.simulationMonitor] - Simulator exited {"hostname": "il2244vt26_hrahimi", "processid": 2886028, "history": "Interactive.379", "testname": "TIA_Gain_Linearity", "cornername": "CMOS_VDD_Res_Cap_Temp_41", "point": 43, "logfile": "/home/hrahimi/projects/POTENTIOSTAT_26/logs_hrahimi/logs0/Job77.log", "exitStatus": "0"}
[2026-06-04 08:56:33.982 Z] [PROCESS] [cadence.virtuoso.ade.simulationMonitor] - Finished Simulation {"hostname": "il2244vt26_hrahimi", "processid": 2886028, "history": "Interactive.379", "testname": "TIA_Gain_Linearity", "cornername": "CMOS_VDD_Res_Cap_Temp_41", "point": 43, "logfile": "/home/hrahimi/projects/POTENTIOSTAT_26/logs_hrahimi/logs0/Job77.log", "simid": "6"}
[2026-06-04 08:56:37.494 Z] [PROCESS] [cadence.virtuoso.ade.simulationMonitor] - Point Finished {"hostname": "il2244vt26_hrahimi", "processid": 2886028, "history": "Interactive.379", "testname": "TIA_Gain_Linearity", "cornername": "CMOS_VDD_Res_Cap_Temp_41", "point": 43, "logfile": "/home/hrahimi/projects/POTENTIOSTAT_26/logs_hrahimi/logs0/Job77.log"}
[2026-06-04 08:56:37.507 Z] [PROCESS] [cadence.virtuoso.ade.simulationMonitor] - HostInfo:
Host name (type):	il2244vt26_hrahimi (x86_64)
Operating system:	Linux 5.15.0-164-generic #174-Ubuntu SMP Fri Nov 14 20:25:16 UTC 2025 {"hostname": "il2244vt26_hrahimi", "processid": 2886028, "history": "Interactive.379", "testname": "TIA_Gain_Linearity", "cornername": "CMOS_VDD_Res_Cap_Temp_41", "point": 43, "logfile": "/home/hrahimi/projects/POTENTIOSTAT_26/logs_hrahimi/logs0/Job77.log", "nodename": "il2244vt26_hrahimi", "domainname": "(none)", "machine": "x86_64", "sysname": "Linux", "release": "5.15.0-164-generic", "version": "#174-Ubuntu SMP Fri Nov 14 20:25:16 UTC 2025"}
[2026-06-04 08:56:37.508 Z] [PROCESS] [cadence.virtuoso.ade.simulationMonitor] - UsageInfo:
pid=2886028
totalPhysicalMemory=3023.749672GB,Used=2758.923920GB,totalVirtualMemory=3031.749668GB,Used=2759.031830GB
Cpu: Cores=48, Load average:35.220000,27.190000,22.810000 {"hostname": "il2244vt26_hrahimi", "processid": 2886028, "history": "Interactive.379", "testname": "TIA_Gain_Linearity", "cornername": "CMOS_VDD_Res_Cap_Temp_41", "point": 43, "logfile": "/home/hrahimi/projects/POTENTIOSTAT_26/logs_hrahimi/logs0/Job77.log", "pid": "2886028", "totalPhysicalMemory": "3023.749672", "physicalMemoryUsed": "2758.923920", "totalVirtualMemory": "3031.749668", "virtualMemoryUsed": "2759.031830", "cpuCores": "48", "processes": "29752", "loadAverage1": "35.220000", "loadAverage5": "27.190000", "loadAverage15": "22.810000", "loadAverage1Percent": "0.733750"}
[2026-06-04 08:56:37.509 Z] [EVENT] [cadence.virtuoso.ade.simulationMonitor] - NewPoint {"history": "Interactive.379", "point": 51, "testname": "TIA_Gain_Linearity", "cornername": "CMOS_VDD_Res_Cap_Temp_49", "event": "NewPoint", "EventSource": "Simulation Monitor", "HistoryName": "Interactive.379", "logFile": "/home/hrahimi/projects/POTENTIOSTAT_26/logs_hrahimi/logs0/Job77.log", "logFileSize": "275041"}
[2026-06-04 08:56:37.611 Z] [EVENT] [cadence.virtuoso.ade.simulationMonitor] - NewPoint {"history": "Interactive.379", "point": 51, "testname": "TIA_Gain_Linearity", "cornername": "CMOS_VDD_Res_Cap_Temp_49", "event": "NewPoint", "EventSource": "spectre", "HistoryName": "Interactive.379", "logFile": "/home/hrahimi/projects/POTENTIOSTAT_26/Sim/Potentiostat_Top/top/maestro/results/maestro/Interactive.379/51/TIA_Gain_Linearity/psf/spectre.out", "logFileSize": "-1"}
[2026-06-04 08:56:37.624 Z] [PROCESS] [cadence.virtuoso.ade.simulationMonitor] - Simulator launched {"hostname": "il2244vt26_hrahimi", "processid": 2886028, "history": "Interactive.379", "testname": "TIA_Gain_Linearity", "cornername": "CMOS_VDD_Res_Cap_Temp_49", "point": 51, "logfile": "/home/hrahimi/projects/POTENTIOSTAT_26/logs_hrahimi/logs0/Job77.log", "simid": "7"}
[2026-06-04 08:56:37.687 Z] [PROCESS] [cadence.virtuoso.ade.simulationMonitor] - Started Simulation {"hostname": "il2244vt26_hrahimi", "processid": 2886028, "history": "Interactive.379", "testname": "TIA_Gain_Linearity", "cornername": "CMOS_VDD_Res_Cap_Temp_49", "point": 51, "logfile": "/home/hrahimi/projects/POTENTIOSTAT_26/logs_hrahimi/logs0/Job77.log", "event": "started", "task": "simulation"}
[2026-06-04 08:56:38.688 Z] [WARN] [cadence.virtuoso.ade.simulationMonitor] -     WARNING (SPECTRE-691): This CPU processor does not support x86 advanced vector extensions instructions. This may affect math operations and slow down the simulation. {"history": "Interactive.379", "point": 51, "testname": "TIA_Gain_Linearity", "cornername": "CMOS_VDD_Res_Cap_Temp_49"}
[2026-06-04 08:56:38.689 Z] [INFO] [cadence.virtuoso.ade.simulationMonitor] - Notice from spectre during circuit read-in.
    Pre_Configuration file used: /opt/tools/cadence/installs/SPECTRE241/tools.lnx86/spectre/etc/configs/preset.precfg
    Configuration file used: `/opt/tools/cadence/installs/SPECTRE241/tools.lnx86/spectre/etc/configs/preset.cfg'. {"history": "Interactive.379", "point": 51, "testname": "TIA_Gain_Linearity", "cornername": "CMOS_VDD_Res_Cap_Temp_49"}
[2026-06-04 08:56:38.689 Z] [WARN] [cadence.virtuoso.ade.simulationMonitor] -     WARNING (SPECTRE-8360): line 1511: `ac' is an undefined primitive device. {"history": "Interactive.379", "point": 51, "testname": "TIA_Gain_Linearity", "cornername": "CMOS_VDD_Res_Cap_Temp_49"}
[2026-06-04 08:56:38.689 Z] [WARN] [cadence.virtuoso.ade.simulationMonitor] -     WARNING (SPECTRE-8360): line 1512: `ac' is an undefined primitive device. {"history": "Interactive.379", "point": 51, "testname": "TIA_Gain_Linearity", "cornername": "CMOS_VDD_Res_Cap_Temp_49"}
[2026-06-04 08:56:38.690 Z] [WARN] [cadence.virtuoso.ade.simulationMonitor] -     WARNING (SPECTRE-8360): line 1513: `ac' is an undefined primitive device. {"history": "Interactive.379", "point": 51, "testname": "TIA_Gain_Linearity", "cornername": "CMOS_VDD_Res_Cap_Temp_49"}
[2026-06-04 08:56:38.690 Z] [WARN] [cadence.virtuoso.ade.simulationMonitor] -     WARNING (SPECTRE-8360): line 1514: `ac' is an undefined primitive device. {"history": "Interactive.379", "point": 51, "testname": "TIA_Gain_Linearity", "cornername": "CMOS_VDD_Res_Cap_Temp_49"}
[2026-06-04 08:56:38.690 Z] [WARN] [cadence.virtuoso.ade.simulationMonitor] -     WARNING (SPECTRE-8360): line 1515: `ac' is an undefined primitive device.
        Further occurrences of this warning will be suppressed. {"history": "Interactive.379", "point": 51, "testname": "TIA_Gain_Linearity", "cornername": "CMOS_VDD_Res_Cap_Temp_49"}
[2026-06-04 08:56:38.690 Z] [WARN] [cadence.virtuoso.ade.simulationMonitor] -     WARNING (VACOMP-2435): The environment variable CDS_AHDLCMI_ENABLE is no longer supported. Therefore, the simulator will use the default compiled C code flow. {"history": "Interactive.379", "point": 51, "testname": "TIA_Gain_Linearity", "cornername": "CMOS_VDD_Res_Cap_Temp_49"}
[2026-06-04 08:56:39.191 Z] [INFO] [cadence.virtuoso.ade.simulationMonitor] - Peak resident memory used = 201 Mbytes. {"history": "Interactive.379", "point": 51, "testname": "TIA_Gain_Linearity", "cornername": "CMOS_VDD_Res_Cap_Temp_49"}
[2026-06-04 08:56:40.191 Z] [WARN] [cadence.virtuoso.ade.simulationMonitor] -     WARNING (SFE-3027): The dangling resistor I7.rb286 is removed. {"history": "Interactive.379", "point": 51, "testname": "TIA_Gain_Linearity", "cornername": "CMOS_VDD_Res_Cap_Temp_49"}
[2026-06-04 08:56:40.192 Z] [WARN] [cadence.virtuoso.ade.simulationMonitor] -     WARNING (SFE-3027): The dangling resistor I7.rb20 is removed. {"history": "Interactive.379", "point": 51, "testname": "TIA_Gain_Linearity", "cornername": "CMOS_VDD_Res_Cap_Temp_49"}
[2026-06-04 08:56:40.192 Z] [WARN] [cadence.virtuoso.ade.simulationMonitor] -     WARNING (SFE-3027): The dangling resistor I7.rb282 is removed. {"history": "Interactive.379", "point": 51, "testname": "TIA_Gain_Linearity", "cornername": "CMOS_VDD_Res_Cap_Temp_49"}
[2026-06-04 08:56:40.192 Z] [WARN] [cadence.virtuoso.ade.simulationMonitor] -     WARNING (SFE-3027): The dangling resistor I7.rd2 is removed. {"history": "Interactive.379", "point": 51, "testname": "TIA_Gain_Linearity", "cornername": "CMOS_VDD_Res_Cap_Temp_49"}
[2026-06-04 08:56:40.192 Z] [WARN] [cadence.virtuoso.ade.simulationMonitor] -     WARNING (SFE-3027): The dangling resistor I7.rb285 is removed.
        Further occurrences of this warning will be suppressed. {"history": "Interactive.379", "point": 51, "testname": "TIA_Gain_Linearity", "cornername": "CMOS_VDD_Res_Cap_Temp_49"}
[2026-06-04 08:56:40.193 Z] [WARN] [cadence.virtuoso.ade.simulationMonitor] -     WARNING (SFE-3012): The dummy device I0.I16.DLIB12 is removed. {"history": "Interactive.379", "point": 51, "testname": "TIA_Gain_Linearity", "cornername": "CMOS_VDD_Res_Cap_Temp_49"}
[2026-06-04 08:56:40.193 Z] [WARN] [cadence.virtuoso.ade.simulationMonitor] -     WARNING (SFE-3012): The dummy device I0.I15.DLIB9 is removed. {"history": "Interactive.379", "point": 51, "testname": "TIA_Gain_Linearity", "cornername": "CMOS_VDD_Res_Cap_Temp_49"}
[2026-06-04 08:56:40.193 Z] [WARN] [cadence.virtuoso.ade.simulationMonitor] -     WARNING (SFE-3012): The dummy device I0.I0.DLIB6 is removed. {"history": "Interactive.379", "point": 51, "testname": "TIA_Gain_Linearity", "cornername": "CMOS_VDD_Res_Cap_Temp_49"}
[2026-06-04 08:56:40.193 Z] [WARN] [cadence.virtuoso.ade.simulationMonitor] -     WARNING (SFE-3012): The dummy device I0.I16.DLIB10 is removed. {"history": "Interactive.379", "point": 51, "testname": "TIA_Gain_Linearity", "cornername": "CMOS_VDD_Res_Cap_Temp_49"}
[2026-06-04 08:56:40.193 Z] [WARN] [cadence.virtuoso.ade.simulationMonitor] -     WARNING (SFE-3012): The dummy device I0.I17.DLIB5 is removed.
        Further occurrences of this warning will be suppressed. {"history": "Interactive.379", "point": 51, "testname": "TIA_Gain_Linearity", "cornername": "CMOS_VDD_Res_Cap_Temp_49"}
[2026-06-04 08:56:40.193 Z] [WARN] [cadence.virtuoso.ade.simulationMonitor] -     WARNING (SFE-3028): The floating resistor R8 is removed. {"history": "Interactive.379", "point": 51, "testname": "TIA_Gain_Linearity", "cornername": "CMOS_VDD_Res_Cap_Temp_49"}
[2026-06-04 08:56:40.194 Z] [WARN] [cadence.virtuoso.ade.simulationMonitor] -     WARNING (SFE-3029): The dummy capacitor I2.c27789 is removed. {"history": "Interactive.379", "point": 51, "testname": "TIA_Gain_Linearity", "cornername": "CMOS_VDD_Res_Cap_Temp_49"}
[2026-06-04 08:56:40.194 Z] [WARN] [cadence.virtuoso.ade.simulationMonitor] -     WARNING (SFE-3015): The dangling node I2.210\:GNDA is removed. {"history": "Interactive.379", "point": 51, "testname": "TIA_Gain_Linearity", "cornername": "CMOS_VDD_Res_Cap_Temp_49"}
[2026-06-04 08:56:40.194 Z] [WARN] [cadence.virtuoso.ade.simulationMonitor] -     WARNING (SFE-3015): The dangling node I2.192\:VPI is removed. {"history": "Interactive.379", "point": 51, "testname": "TIA_Gain_Linearity", "cornername": "CMOS_VDD_Res_Cap_Temp_49"}
[2026-06-04 08:56:40.194 Z] [WARN] [cadence.virtuoso.ade.simulationMonitor] -     WARNING (SFE-3015): The dangling node I2.693\:VPI is removed. {"history": "Interactive.379", "point": 51, "testname": "TIA_Gain_Linearity", "cornername": "CMOS_VDD_Res_Cap_Temp_49"}
[2026-06-04 08:56:40.194 Z] [WARN] [cadence.virtuoso.ade.simulationMonitor] -     WARNING (SFE-3015): The dangling node I2.13\:I25|I30|SN is removed. {"history": "Interactive.379", "point": 51, "testname": "TIA_Gain_Linearity", "cornername": "CMOS_VDD_Res_Cap_Temp_49"}
[2026-06-04 08:56:40.194 Z] [WARN] [cadence.virtuoso.ade.simulationMonitor] -     WARNING (SFE-3015): The dangling node I2.33\:S(3) is removed.
        Further occurrences of this warning will be suppressed. {"history": "Interactive.379", "point": 51, "testname": "TIA_Gain_Linearity", "cornername": "CMOS_VDD_Res_Cap_Temp_49"}
[2026-06-04 08:56:40.195 Z] [WARN] [cadence.virtuoso.ade.simulationMonitor] -     WARNING (SFE-3016): The floating node net73 is removed. {"history": "Interactive.379", "point": 51, "testname": "TIA_Gain_Linearity", "cornername": "CMOS_VDD_Res_Cap_Temp_49"}
[2026-06-04 08:56:40.195 Z] [WARN] [cadence.virtuoso.ade.simulationMonitor] -     WARNING (SFE-3016): The floating node net74 is removed. {"history": "Interactive.379", "point": 51, "testname": "TIA_Gain_Linearity", "cornername": "CMOS_VDD_Res_Cap_Temp_49"}
[2026-06-04 08:56:40.195 Z] [WARN] [cadence.virtuoso.ade.simulationMonitor] -     WARNING (SFE-3023): The dangling node net45 is removed. It should not be dangling since it is defined in top level. {"history": "Interactive.379", "point": 51, "testname": "TIA_Gain_Linearity", "cornername": "CMOS_VDD_Res_Cap_Temp_49"}
[2026-06-04 08:56:40.195 Z] [WARN] [cadence.virtuoso.ade.simulationMonitor] -     WARNING (SFE-3023): The dangling node net46 is removed. It should not be dangling since it is defined in top level. {"history": "Interactive.379", "point": 51, "testname": "TIA_Gain_Linearity", "cornername": "CMOS_VDD_Res_Cap_Temp_49"}
[2026-06-04 08:56:40.195 Z] [INFO] [cadence.virtuoso.ade.simulationMonitor] - Notice from spectre during hierarchy flattening.
    Spectre X Parasitic Optimization enabled.
    Parasitic optimization will filter out parasitic nodes, nodes only connected to RCs, by default. To view individual parasitic nodes use individual save statements (i.e. save out), or use the 'savefilter=none' option to save all parasitic nodes. Saving all parasitic nodes may slow down simulation and create large waveform files. {"history": "Interactive.379", "point": 51, "testname": "TIA_Gain_Linearity", "cornername": "CMOS_VDD_Res_Cap_Temp_49"}
[2026-06-04 08:56:40.196 Z] [INFO] [cadence.virtuoso.ade.simulationMonitor] - Peak resident memory used = 237 Mbytes. {"history": "Interactive.379", "point": 51, "testname": "TIA_Gain_Linearity", "cornername": "CMOS_VDD_Res_Cap_Temp_49"}
[2026-06-04 08:56:40.196 Z] [INFO] [cadence.virtuoso.ade.simulationMonitor] - Notice from spectre during hierarchy flattening.
    The value 'psf' specified for the 'checklimitdest' option will no longer be supported in future releases. Use 'spectre -h' to see other recommended values for the 'checklimitdest' option.
    I0.I46.RLIB_GC1.CS0 of rpoly1c: `c' has the unusually small value of 634.694e-21 F.
    I0.I46.RLIB_GC1.CS1 of rpoly1c: `c' has the unusually small value of 634.694e-21 F.
    I0.I45.RLIB_GC1.CS0 of rpoly1c: `c' has the unusually small value of 634.694e-21 F.
    I0... {"history": "Interactive.379", "point": 51, "testname": "TIA_Gain_Linearity", "cornername": "CMOS_VDD_Res_Cap_Temp_49"}
[2026-06-04 08:56:40.696 Z] [INFO] [cadence.virtuoso.ade.simulationMonitor] - Notice from spectre during hierarchy flattening.
    V8: `period' has the unusually large value of 100 s.
    V7: `period' has the unusually large value of 10 s.
    V3: `period' has the unusually large value of 6 s.
    I26: `period' has the unusually large value of 6 s. {"history": "Interactive.379", "point": 51, "testname": "TIA_Gain_Linearity", "cornername": "CMOS_VDD_Res_Cap_Temp_49"}
[2026-06-04 08:56:40.697 Z] [INFO] [cadence.virtuoso.ade.simulationMonitor] - Peak resident memory used = 251 Mbytes. {"history": "Interactive.379", "point": 51, "testname": "TIA_Gain_Linearity", "cornername": "CMOS_VDD_Res_Cap_Temp_49"}
[2026-06-04 08:56:40.697 Z] [WARN] [cadence.virtuoso.ade.simulationMonitor] -     WARNING (CMI-2425): I2.I56|C3: `Acde' = 2.393 is unusually large. {"history": "Interactive.379", "point": 51, "testname": "TIA_Gain_Linearity", "cornername": "CMOS_VDD_Res_Cap_Temp_49"}
[2026-06-04 08:56:40.697 Z] [WARN] [cadence.virtuoso.ade.simulationMonitor] -     WARNING (CMI-2425): I2.I56|C3: `Noff' = 4.732 is unusually large. {"history": "Interactive.379", "point": 51, "testname": "TIA_Gain_Linearity", "cornername": "CMOS_VDD_Res_Cap_Temp_49"}
[2026-06-04 08:56:40.698 Z] [WARN] [cadence.virtuoso.ade.simulationMonitor] -     WARNING (CMI-2424): I2.I56|C3: `Voffcv' = -867.4e-03 is unusually small. {"history": "Interactive.379", "point": 51, "testname": "TIA_Gain_Linearity", "cornername": "CMOS_VDD_Res_Cap_Temp_49"}
[2026-06-04 08:56:40.698 Z] [WARN] [cadence.virtuoso.ade.simulationMonitor] -     WARNING (CMI-2425): I2.I56|C4: `Acde' = 2.393 is unusually large. {"history": "Interactive.379", "point": 51, "testname": "TIA_Gain_Linearity", "cornername": "CMOS_VDD_Res_Cap_Temp_49"}
[2026-06-04 08:56:40.698 Z] [WARN] [cadence.virtuoso.ade.simulationMonitor] -     WARNING (CMI-2425): I2.I56|C4: `Noff' = 4.732 is unusually large. {"history": "Interactive.379", "point": 51, "testname": "TIA_Gain_Linearity", "cornername": "CMOS_VDD_Res_Cap_Temp_49"}
[2026-06-04 08:56:40.698 Z] [WARN] [cadence.virtuoso.ade.simulationMonitor] -     WARNING (CMI-2424): I2.I56|C4: `Voffcv' = -867.4e-03 is unusually small. {"history": "Interactive.379", "point": 51, "testname": "TIA_Gain_Linearity", "cornername": "CMOS_VDD_Res_Cap_Temp_49"}
[2026-06-04 08:56:40.698 Z] [WARN] [cadence.virtuoso.ade.simulationMonitor] -     WARNING (CMI-2425): I2.I56|C5: `Acde' = 2.393 is unusually large.
        Further occurrences of this warning will be suppressed. {"history": "Interactive.379", "point": 51, "testname": "TIA_Gain_Linearity", "cornername": "CMOS_VDD_Res_Cap_Temp_49"}
[2026-06-04 08:56:40.698 Z] [WARN] [cadence.virtuoso.ade.simulationMonitor] -     WARNING (CMI-2424): I2.I56|C5: `Voffcv' = -867.4e-03 is unusually small. {"history": "Interactive.379", "point": 51, "testname": "TIA_Gain_Linearity", "cornername": "CMOS_VDD_Res_Cap_Temp_49"}
[2026-06-04 08:56:40.699 Z] [WARN] [cadence.virtuoso.ade.simulationMonitor] -     WARNING (CMI-2424): I7.I4|C1(10): `Voffcv' = -867.4e-03 is unusually small. {"history": "Interactive.379", "point": 51, "testname": "TIA_Gain_Linearity", "cornername": "CMOS_VDD_Res_Cap_Temp_49"}
[2026-06-04 08:56:40.699 Z] [WARN] [cadence.virtuoso.ade.simulationMonitor] -     WARNING (CMI-2424): I7.I4|C1(9): `Voffcv' = -867.4e-03 is unusually small.
        Further occurrences of this warning will be suppressed. {"history": "Interactive.379", "point": 51, "testname": "TIA_Gain_Linearity", "cornername": "CMOS_VDD_Res_Cap_Temp_49"}
[2026-06-04 08:56:41.699 Z] [WARN] [cadence.virtuoso.ade.simulationMonitor] -     WARNING (SPECTRE-16460): SOAC_esdgcp5_vcpsub:Specified subcircuit master `esdgcp5' was not found. {"history": "Interactive.379", "point": 51, "testname": "TIA_Gain_Linearity", "cornername": "CMOS_VDD_Res_Cap_Temp_49"}
[2026-06-04 08:56:41.700 Z] [WARN] [cadence.virtuoso.ade.simulationMonitor] -     WARNING (SPECTRE-16462): SOAC_esdgcp5_vcpsub:Error in specification of subcircuit master. Assert is ignored. {"history": "Interactive.379", "point": 51, "testname": "TIA_Gain_Linearity", "cornername": "CMOS_VDD_Res_Cap_Temp_49"}
[2026-06-04 08:56:41.700 Z] [WARN] [cadence.virtuoso.ade.simulationMonitor] -     WARNING (SPECTRE-16460): SOAC_esdgcp5_vac:Specified subcircuit master `esdgcp5' was not found. {"history": "Interactive.379", "point": 51, "testname": "TIA_Gain_Linearity", "cornername": "CMOS_VDD_Res_Cap_Temp_49"}
[2026-06-04 08:56:41.700 Z] [WARN] [cadence.virtuoso.ade.simulationMonitor] -     WARNING (SPECTRE-16462): SOAC_esdgcp5_vac:Error in specification of subcircuit master. Assert is ignored. {"history": "Interactive.379", "point": 51, "testname": "TIA_Gain_Linearity", "cornername": "CMOS_VDD_Res_Cap_Temp_49"}
[2026-06-04 08:56:41.700 Z] [WARN] [cadence.virtuoso.ade.simulationMonitor] -     WARNING (SPECTRE-16460): SOAC_esdgcn5_vac:Specified subcircuit master `esdgcn5' was not found. {"history": "Interactive.379", "point": 51, "testname": "TIA_Gain_Linearity", "cornername": "CMOS_VDD_Res_Cap_Temp_49"}
[2026-06-04 08:56:41.701 Z] [WARN] [cadence.virtuoso.ade.simulationMonitor] -     WARNING (SPECTRE-16462): SOAC_esdgcn5_vac:Error in specification of subcircuit master. Assert is ignored. {"history": "Interactive.379", "point": 51, "testname": "TIA_Gain_Linearity", "cornername": "CMOS_VDD_Res_Cap_Temp_49"}
[2026-06-04 08:56:41.701 Z] [WARN] [cadence.virtuoso.ade.simulationMonitor] -     WARNING (SPECTRE-16460): SOAC_esdfdp5_vcpsub:Specified subcircuit master `esdfdp5' was not found. {"history": "Interactive.379", "point": 51, "testname": "TIA_Gain_Linearity", "cornername": "CMOS_VDD_Res_Cap_Temp_49"}
[2026-06-04 08:56:41.701 Z] [WARN] [cadence.virtuoso.ade.simulationMonitor] -     WARNING (SPECTRE-16462): SOAC_esdfdp5_vcpsub:Error in specification of subcircuit master. Assert is ignored. {"history": "Interactive.379", "point": 51, "testname": "TIA_Gain_Linearity", "cornername": "CMOS_VDD_Res_Cap_Temp_49"}
[2026-06-04 08:56:41.701 Z] [WARN] [cadence.virtuoso.ade.simulationMonitor] -     WARNING (SPECTRE-16460): SOAC_esdfdp5_vac:Specified subcircuit master `esdfdp5' was not found.
        Further occurrences of this warning will be suppressed. {"history": "Interactive.379", "point": 51, "testname": "TIA_Gain_Linearity", "cornername": "CMOS_VDD_Res_Cap_Temp_49"}
[2026-06-04 08:56:41.701 Z] [WARN] [cadence.virtuoso.ade.simulationMonitor] -     WARNING (SPECTRE-16462): SOAC_esdfdp5_vac:Error in specification of subcircuit master. Assert is ignored.
        Further occurrences of this warning will be suppressed. {"history": "Interactive.379", "point": 51, "testname": "TIA_Gain_Linearity", "cornername": "CMOS_VDD_Res_Cap_Temp_49"}
[2026-06-04 08:56:41.702 Z] [WARN] [cadence.virtuoso.ade.simulationMonitor] -     WARNING (SPECTRE-17607): Assert `SOAC_vert10_vsubpsub' is ignored because it contains an expression which is invalid or not supported by native evaluator.  {"history": "Interactive.379", "point": 51, "testname": "TIA_Gain_Linearity", "cornername": "CMOS_VDD_Res_Cap_Temp_49"}
[2026-06-04 08:56:41.702 Z] [WARN] [cadence.virtuoso.ade.simulationMonitor] -     WARNING (SPECTRE-17607): Assert `SOAC_vert10_vcsub' is ignored because it contains an expression which is invalid or not supported by native evaluator.  {"history": "Interactive.379", "point": 51, "testname": "TIA_Gain_Linearity", "cornername": "CMOS_VDD_Res_Cap_Temp_49"}
[2026-06-04 08:56:42.203 Z] [INFO] [cadence.virtuoso.ade.simulationMonitor] - Notice from spectre during topology check.
    Only one connection to the following 2308 nodes:
        I0.I46.RLIB_GC1.R1.psub!
        I0.I46.RLIB_GC1.R2.psub!
        I0.I46.MNLIB_DR1.M_esdnmos4.psub!
        I0.I46.DLIB2.psub!
        I0.I46.DLIB1.psub!
        Further occurrences of this notice will be suppressed. {"history": "Interactive.379", "point": 51, "testname": "TIA_Gain_Linearity", "cornername": "CMOS_VDD_Res_Cap_Temp_49"}
[2026-06-04 08:56:46.207 Z] [INFO] [cadence.virtuoso.ade.simulationMonitor] -               nodes 23214 {"history": "Interactive.379", "point": 51, "testname": "TIA_Gain_Linearity", "cornername": "CMOS_VDD_Res_Cap_Temp_49"}
[2026-06-04 08:56:46.208 Z] [INFO] [cadence.virtuoso.ade.simulationMonitor] - Notice from spectre during initial setup.
    7 resistors are shorted because their absolute value is less than or equal to 'rabsshort'.
    3 vsources are shorted because their absolute value is less than or equal to 'vabsshort'.
    4 resistors are changed to resistance form because their value are less than 'rthresh'.
    Spectre X preset=cx enabled.
    46 notices suppressed.
    255 warnings suppressed. {"history": "Interactive.379", "point": 51, "testname": "TIA_Gain_Linearity", "cornername": "CMOS_VDD_Res_Cap_Temp_49"}
[2026-06-04 08:56:46.208 Z] [INFO] [cadence.virtuoso.ade.simulationMonitor] - Notice from spectre.
    Multithreading enabled: 8 threads in the system with 48 available processors. {"history": "Interactive.379", "point": 51, "testname": "TIA_Gain_Linearity", "cornername": "CMOS_VDD_Res_Cap_Temp_49"}
[2026-06-04 08:56:46.209 Z] [INFO] [cadence.virtuoso.ade.simulationMonitor] - Peak resident memory used = 328 Mbytes. {"history": "Interactive.379", "point": 51, "testname": "TIA_Gain_Linearity", "cornername": "CMOS_VDD_Res_Cap_Temp_49"}
[2026-06-04 08:56:46.209 Z] [INFO] [cadence.virtuoso.ade.simulationMonitor] -    -   (Spectre X) Multi-threading. The recommended number of threads is [4, 8], consider adding +mt=4 or +mt=8 on command line. {"history": "Interactive.379", "point": 51, "testname": "TIA_Gain_Linearity", "cornername": "CMOS_VDD_Res_Cap_Temp_49"}
[2026-06-04 08:56:46.209 Z] [INFO] [cadence.virtuoso.ade.simulationMonitor] - Notice from spectre during DC analysis `dcOp'.
    No checklimit analysis defined for asserts. A default checklimit analysis 'SpectreChecklimitAnal' has been created with all asserts enabled. {"history": "Interactive.379", "point": 51, "testname": "TIA_Gain_Linearity", "cornername": "CMOS_VDD_Res_Cap_Temp_49"}
[2026-06-04 08:56:52.713 Z] [INFO] [cadence.virtuoso.ade.simulationMonitor] - Notice from spectre during DC analysis `dcOp'.
    Bad pivoting is found during DC analysis. Option dc_pivot_check=yes is recommended for possible improvement of convergence. {"history": "Interactive.379", "point": 51, "testname": "TIA_Gain_Linearity", "cornername": "CMOS_VDD_Res_Cap_Temp_49"}
[2026-06-04 08:56:52.713 Z] [WARN] [cadence.virtuoso.ade.simulationMonitor] -     WARNING (CMI-2943): Parameter checks have been ignored because the valid value for parameter 'trise' could not be found in 'C0'. {"history": "Interactive.379", "point": 51, "testname": "TIA_Gain_Linearity", "cornername": "CMOS_VDD_Res_Cap_Temp_49"}
[2026-06-04 08:56:52.713 Z] [WARN] [cadence.virtuoso.ade.simulationMonitor] -     WARNING (CMI-2943): Parameter checks have been ignored because the valid value for parameter 'trise' could not be found in 'C1'. {"history": "Interactive.379", "point": 51, "testname": "TIA_Gain_Linearity", "cornername": "CMOS_VDD_Res_Cap_Temp_49"}
[2026-06-04 08:56:52.713 Z] [WARN] [cadence.virtuoso.ade.simulationMonitor] -     WARNING (CMI-2943): Parameter checks have been ignored because the valid value for parameter 'trise' could not be found in 'C11'. {"history": "Interactive.379", "point": 51, "testname": "TIA_Gain_Linearity", "cornername": "CMOS_VDD_Res_Cap_Temp_49"}
[2026-06-04 08:56:52.714 Z] [WARN] [cadence.virtuoso.ade.simulationMonitor] -     WARNING (CMI-2943): Parameter checks have been ignored because the valid value for parameter 'trise' could not be found in 'C12'. {"history": "Interactive.379", "point": 51, "testname": "TIA_Gain_Linearity", "cornername": "CMOS_VDD_Res_Cap_Temp_49"}
[2026-06-04 08:56:52.714 Z] [WARN] [cadence.virtuoso.ade.simulationMonitor] -     WARNING (CMI-2943): Parameter checks have been ignored because the valid value for parameter 'trise' could not be found in 'C5'.
        Further occurrences of this warning will be suppressed. {"history": "Interactive.379", "point": 51, "testname": "TIA_Gain_Linearity", "cornername": "CMOS_VDD_Res_Cap_Temp_49"}
[2026-06-04 08:56:52.714 Z] [INFO] [cadence.virtuoso.ade.simulationMonitor] - Total time required for dc analysis `dcOp': CPU = 16.9616 s, elapsed = 6.72652 s, util. = 252%. {"history": "Interactive.379", "point": 51, "testname": "TIA_Gain_Linearity", "cornername": "CMOS_VDD_Res_Cap_Temp_49"}
[2026-06-04 08:56:52.714 Z] [INFO] [cadence.virtuoso.ade.simulationMonitor] - Peak resident memory used = 368 Mbytes. {"history": "Interactive.379", "point": 51, "testname": "TIA_Gain_Linearity", "cornername": "CMOS_VDD_Res_Cap_Temp_49"}
[2026-06-04 08:56:52.714 Z] [INFO] [cadence.virtuoso.ade.simulationMonitor] - Notice from spectre.
    1293 warnings suppressed. {"history": "Interactive.379", "point": 51, "testname": "TIA_Gain_Linearity", "cornername": "CMOS_VDD_Res_Cap_Temp_49"}
[2026-06-04 08:56:53.215 Z] [INFO] [cadence.virtuoso.ade.simulationMonitor] - Notice from spectre during DC analysis `dc'.
    I26: `period' has the unusually large value of 6 s. {"history": "Interactive.379", "point": 51, "testname": "TIA_Gain_Linearity", "cornername": "CMOS_VDD_Res_Cap_Temp_49"}
[2026-06-04 08:56:56.716 Z] [INFO] [cadence.virtuoso.ade.simulationMonitor] - Notice from spectre at Idc = -5.5e-06 during DC analysis `dc'.
    Bad pivoting is found during DC analysis. Option dc_pivot_check=yes is recommended for possible improvement of convergence. {"history": "Interactive.379", "point": 51, "testname": "TIA_Gain_Linearity", "cornername": "CMOS_VDD_Res_Cap_Temp_49"}
[2026-06-04 08:56:56.717 Z] [INFO] [cadence.virtuoso.ade.simulationMonitor] - Notice from spectre at Idc = -5.48e-06 during DC analysis `dc'.
    I26: `period' has the unusually large value of 6 s.
    Bad pivoting is found during DC analysis. Option dc_pivot_check=yes is recommended for possible improvement of convergence. {"history": "Interactive.379", "point": 51, "testname": "TIA_Gain_Linearity", "cornername": "CMOS_VDD_Res_Cap_Temp_49"}
[2026-06-04 08:56:56.717 Z] [INFO] [cadence.virtuoso.ade.simulationMonitor] - Notice from spectre at Idc = -5.46e-06 during DC analysis `dc'.
    I26: `period' has the unusually large value of 6 s.
    Bad pivoting is found during DC analysis. Option dc_pivot_check=yes is recommended for possible improvement of convergence. {"history": "Interactive.379", "point": 51, "testname": "TIA_Gain_Linearity", "cornername": "CMOS_VDD_Res_Cap_Temp_49"}
[2026-06-04 08:56:56.717 Z] [INFO] [cadence.virtuoso.ade.simulationMonitor] - Notice from spectre at Idc = -5.44e-06 during DC analysis `dc'.
    I26: `period' has the unusually large value of 6 s. {"history": "Interactive.379", "point": 51, "testname": "TIA_Gain_Linearity", "cornername": "CMOS_VDD_Res_Cap_Temp_49"}
[2026-06-04 08:56:57.218 Z] [INFO] [cadence.virtuoso.ade.simulationMonitor] - Notice from spectre at Idc = -5.42e-06 during DC analysis `dc'.
    I26: `period' has the unusually large value of 6 s.
        Further occurrences of this notice will be suppressed.
    Bad pivoting is found during DC analysis. Option dc_pivot_check=yes is recommended for possible improvement of convergence.
        Further occurrences of this notice will be suppressed. {"history": "Interactive.379", "point": 51, "testname": "TIA_Gain_Linearity", "cornername": "CMOS_VDD_Res_Cap_Temp_49"}
[2026-06-04 08:56:57.719 Z] [INFO] [cadence.virtuoso.ade.simulationMonitor] - Notice from spectre at Idc = -5.04e-06 during DC analysis `dc'.
    GminDC = 1 pS is large enough to noticeably affect the DC solution.
        dV(I2.2\:I25|I36|P3) = 23.0633 uV
        Use the `gmin_check' option to eliminate or expand this report. {"history": "Interactive.379", "point": 51, "testname": "TIA_Gain_Linearity", "cornername": "CMOS_VDD_Res_Cap_Temp_49"}
[2026-06-04 08:57:11.726 Z] [WARN] [cadence.virtuoso.ade.simulationMonitor] -     WARNING (CMI-2943): Parameter checks have been ignored because the valid value for parameter 'trise' could not be found in 'C0'. {"history": "Interactive.379", "point": 51, "testname": "TIA_Gain_Linearity", "cornername": "CMOS_VDD_Res_Cap_Temp_49"}
[2026-06-04 08:57:11.727 Z] [WARN] [cadence.virtuoso.ade.simulationMonitor] -     WARNING (CMI-2943): Parameter checks have been ignored because the valid value for parameter 'trise' could not be found in 'C1'. {"history": "Interactive.379", "point": 51, "testname": "TIA_Gain_Linearity", "cornername": "CMOS_VDD_Res_Cap_Temp_49"}
[2026-06-04 08:57:11.727 Z] [WARN] [cadence.virtuoso.ade.simulationMonitor] -     WARNING (CMI-2943): Parameter checks have been ignored because the valid value for parameter 'trise' could not be found in 'C11'. {"history": "Interactive.379", "point": 51, "testname": "TIA_Gain_Linearity", "cornername": "CMOS_VDD_Res_Cap_Temp_49"}
[2026-06-04 08:57:11.727 Z] [WARN] [cadence.virtuoso.ade.simulationMonitor] -     WARNING (CMI-2943): Parameter checks have been ignored because the valid value for parameter 'trise' could not be found in 'C12'. {"history": "Interactive.379", "point": 51, "testname": "TIA_Gain_Linearity", "cornername": "CMOS_VDD_Res_Cap_Temp_49"}
[2026-06-04 08:57:11.728 Z] [WARN] [cadence.virtuoso.ade.simulationMonitor] -     WARNING (CMI-2943): Parameter checks have been ignored because the valid value for parameter 'trise' could not be found in 'C5'.
        Further occurrences of this warning will be suppressed. {"history": "Interactive.379", "point": 51, "testname": "TIA_Gain_Linearity", "cornername": "CMOS_VDD_Res_Cap_Temp_49"}
[2026-06-04 08:57:11.728 Z] [INFO] [cadence.virtuoso.ade.simulationMonitor] - Notice from spectre at Idc = 5.5e-06 during DC analysis `dc'.
    The value of parameter 'Idc' has been reset to the original value 0. {"history": "Interactive.379", "point": 51, "testname": "TIA_Gain_Linearity", "cornername": "CMOS_VDD_Res_Cap_Temp_49"}
[2026-06-04 08:57:11.728 Z] [INFO] [cadence.virtuoso.ade.simulationMonitor] - Total time required for dc analysis `dc': CPU = 37.2182 s, elapsed = 18.4892 s, util. = 201%. {"history": "Interactive.379", "point": 51, "testname": "TIA_Gain_Linearity", "cornername": "CMOS_VDD_Res_Cap_Temp_49"}
[2026-06-04 08:57:11.728 Z] [INFO] [cadence.virtuoso.ade.simulationMonitor] - Peak resident memory used = 386 Mbytes. {"history": "Interactive.379", "point": 51, "testname": "TIA_Gain_Linearity", "cornername": "CMOS_VDD_Res_Cap_Temp_49"}
[2026-06-04 08:57:11.729 Z] [INFO] [cadence.virtuoso.ade.simulationMonitor] - Notice from spectre.
    1093 notices suppressed.
    1293 warnings suppressed. {"history": "Interactive.379", "point": 51, "testname": "TIA_Gain_Linearity", "cornername": "CMOS_VDD_Res_Cap_Temp_49"}
[2026-06-04 08:57:15.731 Z] [WARN] [cadence.virtuoso.ade.simulationMonitor] -     WARNING (CMI-2425): I7.I3|C1(0): `Acde' = 2.393 is unusually large. {"history": "Interactive.379", "point": 51, "testname": "TIA_Gain_Linearity", "cornername": "CMOS_VDD_Res_Cap_Temp_49"}
[2026-06-04 08:57:15.731 Z] [WARN] [cadence.virtuoso.ade.simulationMonitor] -     WARNING (CMI-2425): I7.I3|C1(0): `Noff' = 4.732 is unusually large. {"history": "Interactive.379", "point": 51, "testname": "TIA_Gain_Linearity", "cornername": "CMOS_VDD_Res_Cap_Temp_49"}
[2026-06-04 08:57:15.731 Z] [WARN] [cadence.virtuoso.ade.simulationMonitor] -     WARNING (CMI-2424): I7.I3|C1(0): `Voffcv' = -867.4e-03 is unusually small. {"history": "Interactive.379", "point": 51, "testname": "TIA_Gain_Linearity", "cornername": "CMOS_VDD_Res_Cap_Temp_49"}
[2026-06-04 08:57:15.731 Z] [WARN] [cadence.virtuoso.ade.simulationMonitor] -     WARNING (CMI-2425): I7.I3|C1(1): `Acde' = 2.393 is unusually large. {"history": "Interactive.379", "point": 51, "testname": "TIA_Gain_Linearity", "cornername": "CMOS_VDD_Res_Cap_Temp_49"}
[2026-06-04 08:57:15.732 Z] [WARN] [cadence.virtuoso.ade.simulationMonitor] -     WARNING (CMI-2425): I7.I3|C1(1): `Noff' = 4.732 is unusually large. {"history": "Interactive.379", "point": 51, "testname": "TIA_Gain_Linearity", "cornername": "CMOS_VDD_Res_Cap_Temp_49"}
[2026-06-04 08:57:15.732 Z] [WARN] [cadence.virtuoso.ade.simulationMonitor] -     WARNING (CMI-2424): I7.I3|C1(1): `Voffcv' = -867.4e-03 is unusually small. {"history": "Interactive.379", "point": 51, "testname": "TIA_Gain_Linearity", "cornername": "CMOS_VDD_Res_Cap_Temp_49"}
[2026-06-04 08:57:15.732 Z] [WARN] [cadence.virtuoso.ade.simulationMonitor] -     WARNING (CMI-2425): I7.I3|C1(2): `Acde' = 2.393 is unusually large.
        Further occurrences of this warning will be suppressed. {"history": "Interactive.379", "point": 51, "testname": "TIA_Gain_Linearity", "cornername": "CMOS_VDD_Res_Cap_Temp_49"}
[2026-06-04 08:57:15.732 Z] [WARN] [cadence.virtuoso.ade.simulationMonitor] -     WARNING (CMI-2424): I7.I3|C1(2): `Voffcv' = -867.4e-03 is unusually small. {"history": "Interactive.379", "point": 51, "testname": "TIA_Gain_Linearity", "cornername": "CMOS_VDD_Res_Cap_Temp_49"}
[2026-06-04 08:57:15.732 Z] [WARN] [cadence.virtuoso.ade.simulationMonitor] -     WARNING (CMI-2424): I7.I3|C1(3): `Voffcv' = -867.4e-03 is unusually small. {"history": "Interactive.379", "point": 51, "testname": "TIA_Gain_Linearity", "cornername": "CMOS_VDD_Res_Cap_Temp_49"}
[2026-06-04 08:57:15.732 Z] [WARN] [cadence.virtuoso.ade.simulationMonitor] -     WARNING (CMI-2424): I7.I3|C1(4): `Voffcv' = -867.4e-03 is unusually small.
        Further occurrences of this warning will be suppressed. {"history": "Interactive.379", "point": 51, "testname": "TIA_Gain_Linearity", "cornername": "CMOS_VDD_Res_Cap_Temp_49"}
[2026-06-04 08:57:20.735 Z] [INFO] [cadence.virtuoso.ade.simulationMonitor] - Notice from spectre during DC analysis, during AC analysis `ac'.
    Bad pivoting is found during DC analysis. Option dc_pivot_check=yes is recommended for possible improvement of convergence. {"history": "Interactive.379", "point": 51, "testname": "TIA_Gain_Linearity", "cornername": "CMOS_VDD_Res_Cap_Temp_49"}
[2026-06-04 08:57:20.735 Z] [WARN] [cadence.virtuoso.ade.simulationMonitor] -     WARNING (CMI-2943): Parameter checks have been ignored because the valid value for parameter 'trise' could not be found in 'C0'. {"history": "Interactive.379", "point": 51, "testname": "TIA_Gain_Linearity", "cornername": "CMOS_VDD_Res_Cap_Temp_49"}
[2026-06-04 08:57:20.735 Z] [WARN] [cadence.virtuoso.ade.simulationMonitor] -     WARNING (CMI-2943): Parameter checks have been ignored because the valid value for parameter 'trise' could not be found in 'C1'. {"history": "Interactive.379", "point": 51, "testname": "TIA_Gain_Linearity", "cornername": "CMOS_VDD_Res_Cap_Temp_49"}
[2026-06-04 08:57:20.736 Z] [WARN] [cadence.virtuoso.ade.simulationMonitor] -     WARNING (CMI-2943): Parameter checks have been ignored because the valid value for parameter 'trise' could not be found in 'C11'. {"history": "Interactive.379", "point": 51, "testname": "TIA_Gain_Linearity", "cornername": "CMOS_VDD_Res_Cap_Temp_49"}
[2026-06-04 08:57:20.736 Z] [WARN] [cadence.virtuoso.ade.simulationMonitor] -     WARNING (CMI-2943): Parameter checks have been ignored because the valid value for parameter 'trise' could not be found in 'C12'. {"history": "Interactive.379", "point": 51, "testname": "TIA_Gain_Linearity", "cornername": "CMOS_VDD_Res_Cap_Temp_49"}
[2026-06-04 08:57:20.736 Z] [WARN] [cadence.virtuoso.ade.simulationMonitor] -     WARNING (CMI-2943): Parameter checks have been ignored because the valid value for parameter 'trise' could not be found in 'C5'.
        Further occurrences of this warning will be suppressed. {"history": "Interactive.379", "point": 51, "testname": "TIA_Gain_Linearity", "cornername": "CMOS_VDD_Res_Cap_Temp_49"}
[2026-06-04 08:57:20.736 Z] [INFO] [cadence.virtuoso.ade.simulationMonitor] - Notice from spectre during check, during DC analysis, during AC analysis `ac'.
    I0.I5.RLIB_GC1 of rdiffp3: `ig' has the unusually large value of -15.4669 A.
    I0.I3.RLIB_GC2 of rdiffp3: `ig' has the unusually large value of -15.4669 A. {"history": "Interactive.379", "point": 51, "testname": "TIA_Gain_Linearity", "cornername": "CMOS_VDD_Res_Cap_Temp_49"}
[2026-06-04 08:57:34.743 Z] [INFO] [cadence.virtuoso.ade.simulationMonitor] - Total time required for ac analysis `ac': CPU = 86.3325 s (1m  26.3s), elapsed = 18.6647 s, util. = 463%. {"history": "Interactive.379", "point": 51, "testname": "TIA_Gain_Linearity", "cornername": "CMOS_VDD_Res_Cap_Temp_49"}
[2026-06-04 08:57:34.743 Z] [INFO] [cadence.virtuoso.ade.simulationMonitor] - Peak resident memory used = 480 Mbytes. {"history": "Interactive.379", "point": 51, "testname": "TIA_Gain_Linearity", "cornername": "CMOS_VDD_Res_Cap_Temp_49"}
[2026-06-04 08:57:34.743 Z] [INFO] [cadence.virtuoso.ade.simulationMonitor] - Notice from spectre.
    1370 warnings suppressed. {"history": "Interactive.379", "point": 51, "testname": "TIA_Gain_Linearity", "cornername": "CMOS_VDD_Res_Cap_Temp_49"}
[2026-06-04 08:57:34.743 Z] [WARN] [cadence.virtuoso.ade.simulationMonitor] -     WARNING (CMI-2425): I7.I3|C1(0): `Acde' = 2.393 is unusually large. {"history": "Interactive.379", "point": 51, "testname": "TIA_Gain_Linearity", "cornername": "CMOS_VDD_Res_Cap_Temp_49"}
[2026-06-04 08:57:34.744 Z] [WARN] [cadence.virtuoso.ade.simulationMonitor] -     WARNING (CMI-2425): I7.I3|C1(0): `Noff' = 4.732 is unusually large. {"history": "Interactive.379", "point": 51, "testname": "TIA_Gain_Linearity", "cornername": "CMOS_VDD_Res_Cap_Temp_49"}
[2026-06-04 08:57:34.744 Z] [WARN] [cadence.virtuoso.ade.simulationMonitor] -     WARNING (CMI-2424): I7.I3|C1(0): `Voffcv' = -867.4e-03 is unusually small. {"history": "Interactive.379", "point": 51, "testname": "TIA_Gain_Linearity", "cornername": "CMOS_VDD_Res_Cap_Temp_49"}
[2026-06-04 08:57:34.744 Z] [WARN] [cadence.virtuoso.ade.simulationMonitor] -     WARNING (CMI-2425): I7.I3|C1(1): `Acde' = 2.393 is unusually large. {"history": "Interactive.379", "point": 51, "testname": "TIA_Gain_Linearity", "cornername": "CMOS_VDD_Res_Cap_Temp_49"}
[2026-06-04 08:57:34.744 Z] [WARN] [cadence.virtuoso.ade.simulationMonitor] -     WARNING (CMI-2425): I7.I3|C1(1): `Noff' = 4.732 is unusually large. {"history": "Interactive.379", "point": 51, "testname": "TIA_Gain_Linearity", "cornername": "CMOS_VDD_Res_Cap_Temp_49"}
[2026-06-04 08:57:34.744 Z] [WARN] [cadence.virtuoso.ade.simulationMonitor] -     WARNING (CMI-2424): I7.I3|C1(1): `Voffcv' = -867.4e-03 is unusually small. {"history": "Interactive.379", "point": 51, "testname": "TIA_Gain_Linearity", "cornername": "CMOS_VDD_Res_Cap_Temp_49"}
[2026-06-04 08:57:34.744 Z] [WARN] [cadence.virtuoso.ade.simulationMonitor] -     WARNING (CMI-2425): I7.I3|C1(2): `Acde' = 2.393 is unusually large.
        Further occurrences of this warning will be suppressed. {"history": "Interactive.379", "point": 51, "testname": "TIA_Gain_Linearity", "cornername": "CMOS_VDD_Res_Cap_Temp_49"}
[2026-06-04 08:57:34.745 Z] [WARN] [cadence.virtuoso.ade.simulationMonitor] -     WARNING (CMI-2424): I7.I3|C1(2): `Voffcv' = -867.4e-03 is unusually small. {"history": "Interactive.379", "point": 51, "testname": "TIA_Gain_Linearity", "cornername": "CMOS_VDD_Res_Cap_Temp_49"}
[2026-06-04 08:57:34.745 Z] [WARN] [cadence.virtuoso.ade.simulationMonitor] -     WARNING (CMI-2424): I7.I3|C1(3): `Voffcv' = -867.4e-03 is unusually small. {"history": "Interactive.379", "point": 51, "testname": "TIA_Gain_Linearity", "cornername": "CMOS_VDD_Res_Cap_Temp_49"}
[2026-06-04 08:57:34.745 Z] [WARN] [cadence.virtuoso.ade.simulationMonitor] -     WARNING (CMI-2424): I7.I3|C1(4): `Voffcv' = -867.4e-03 is unusually small.
        Further occurrences of this warning will be suppressed. {"history": "Interactive.379", "point": 51, "testname": "TIA_Gain_Linearity", "cornername": "CMOS_VDD_Res_Cap_Temp_49"}
[2026-06-04 08:57:34.745 Z] [INFO] [cadence.virtuoso.ade.simulationMonitor] - Notice from spectre during Noise analysis `noise'.
    Operating points will not be recomputed: the circuit and conditions were not changed since previous analysis. {"history": "Interactive.379", "point": 51, "testname": "TIA_Gain_Linearity", "cornername": "CMOS_VDD_Res_Cap_Temp_49"}
[2026-06-04 08:57:39.748 Z] [INFO] [cadence.virtuoso.ade.simulationMonitor] - Total time required for noise analysis `noise': CPU = 10.7215 s, elapsed = 4.90997 s, util. = 218%. {"history": "Interactive.379", "point": 51, "testname": "TIA_Gain_Linearity", "cornername": "CMOS_VDD_Res_Cap_Temp_49"}
[2026-06-04 08:57:39.748 Z] [INFO] [cadence.virtuoso.ade.simulationMonitor] - Peak resident memory used = 482 Mbytes. {"history": "Interactive.379", "point": 51, "testname": "TIA_Gain_Linearity", "cornername": "CMOS_VDD_Res_Cap_Temp_49"}
[2026-06-04 08:57:39.749 Z] [INFO] [cadence.virtuoso.ade.simulationMonitor] - Notice from spectre.
    77 warnings suppressed. {"history": "Interactive.379", "point": 51, "testname": "TIA_Gain_Linearity", "cornername": "CMOS_VDD_Res_Cap_Temp_49"}
[2026-06-04 08:57:39.749 Z] [INFO] [cadence.virtuoso.ade.simulationMonitor] - Time used: CPU = 163 s (2m  43.2s), elapsed = 61.5 s (1m  1.5s), util. = 265%. {"history": "Interactive.379", "point": 51, "testname": "TIA_Gain_Linearity", "cornername": "CMOS_VDD_Res_Cap_Temp_49"}
[2026-06-04 08:57:39.749 Z] [INFO] [cadence.virtuoso.ade.simulationMonitor] - Time spent in licensing: elapsed = 285 ms. {"history": "Interactive.379", "point": 51, "testname": "TIA_Gain_Linearity", "cornername": "CMOS_VDD_Res_Cap_Temp_49"}
[2026-06-04 08:57:39.750 Z] [INFO] [cadence.virtuoso.ade.simulationMonitor] - Peak memory used = 482 Mbytes. {"history": "Interactive.379", "point": 51, "testname": "TIA_Gain_Linearity", "cornername": "CMOS_VDD_Res_Cap_Temp_49"}
[2026-06-04 08:57:39.751 Z] [PROCESS] [cadence.virtuoso.ade.simulationMonitor] - Simulation started at: 8:56:37 AM, Thur Jun 4, 2026, ended at: 8:57:39 AM, Thur Jun 4, 2026, with elapsed time (wall clock): 61.5 s (1m  1.5s). {"history": "Interactive.379", "point": 51, "testname": "TIA_Gain_Linearity", "cornername": "CMOS_VDD_Res_Cap_Temp_49"}
[2026-06-04 08:57:39.751 Z] [PROCESS] [cadence.virtuoso.ade.simulationMonitor] - spectre completes with 0 errors, 85 warnings, and 46 notices. {"history": "Interactive.379", "point": 51, "testname": "TIA_Gain_Linearity", "cornername": "CMOS_VDD_Res_Cap_Temp_49"}
[2026-06-04 08:57:39.752 Z] [PROCESS] [cadence.virtuoso.ade.simulationMonitor] - Finished simulating for one point {"hostname": "il2244vt26_hrahimi", "processid": 2886028, "history": "Interactive.379", "testname": "TIA_Gain_Linearity", "cornername": "CMOS_VDD_Res_Cap_Temp_49", "point": 51, "logfile": "/home/hrahimi/projects/POTENTIOSTAT_26/logs_hrahimi/logs0/Job77.log", "simid": "7"}
[2026-06-04 08:57:39.752 Z] [PROCESS] [cadence.virtuoso.ade.simulationMonitor] - Simulator exited {"hostname": "il2244vt26_hrahimi", "processid": 2886028, "history": "Interactive.379", "testname": "TIA_Gain_Linearity", "cornername": "CMOS_VDD_Res_Cap_Temp_49", "point": 51, "logfile": "/home/hrahimi/projects/POTENTIOSTAT_26/logs_hrahimi/logs0/Job77.log", "exitStatus": "0"}
[2026-06-04 08:57:39.752 Z] [PROCESS] [cadence.virtuoso.ade.simulationMonitor] - Finished Simulation {"hostname": "il2244vt26_hrahimi", "processid": 2886028, "history": "Interactive.379", "testname": "TIA_Gain_Linearity", "cornername": "CMOS_VDD_Res_Cap_Temp_49", "point": 51, "logfile": "/home/hrahimi/projects/POTENTIOSTAT_26/logs_hrahimi/logs0/Job77.log", "simid": "7"}
[2026-06-04 08:57:43.266 Z] [PROCESS] [cadence.virtuoso.ade.simulationMonitor] - Point Finished {"hostname": "il2244vt26_hrahimi", "processid": 2886028, "history": "Interactive.379", "testname": "TIA_Gain_Linearity", "cornername": "CMOS_VDD_Res_Cap_Temp_49", "point": 51, "logfile": "/home/hrahimi/projects/POTENTIOSTAT_26/logs_hrahimi/logs0/Job77.log"}
[2026-06-04 08:57:43.278 Z] [PROCESS] [cadence.virtuoso.ade.simulationMonitor] - Padding test token found for runId '44', Linger time '300', currentRunSyn '85', currentTestSyn '143' {"hostname": "il2244vt26_hrahimi", "processid": 2886028, "history": "Interactive.379", "testname": "TIA_Gain_Linearity", "cornername": "CMOS_VDD_Res_Cap_Temp_49", "point": 51, "logfile": "/home/hrahimi/projects/POTENTIOSTAT_26/logs_hrahimi/logs0/Job77.log"}
[2026-06-04 08:57:43.285 Z] [PROCESS] [cadence.virtuoso.ade.simulationMonitor] - HostInfo:
Host name (type):	il2244vt26_hrahimi (x86_64)
Operating system:	Linux 5.15.0-164-generic #174-Ubuntu SMP Fri Nov 14 20:25:16 UTC 2025 {"hostname": "il2244vt26_hrahimi", "processid": 2886028, "history": "Interactive.379", "testname": "TIA_Gain_Linearity", "cornername": "CMOS_VDD_Res_Cap_Temp_49", "point": 51, "logfile": "/home/hrahimi/projects/POTENTIOSTAT_26/logs_hrahimi/logs0/Job77.log", "nodename": "il2244vt26_hrahimi", "domainname": "(none)", "machine": "x86_64", "sysname": "Linux", "release": "5.15.0-164-generic", "version": "#174-Ubuntu SMP Fri Nov 14 20:25:16 UTC 2025"}
[2026-06-04 08:57:43.286 Z] [PROCESS] [cadence.virtuoso.ade.simulationMonitor] - UsageInfo:
pid=2886028
totalPhysicalMemory=3023.749672GB,Used=2759.770916GB,totalVirtualMemory=3031.749668GB,Used=2759.878826GB
Cpu: Cores=48, Load average:33.350000,28.190000,23.460000 {"hostname": "il2244vt26_hrahimi", "processid": 2886028, "history": "Interactive.379", "testname": "TIA_Gain_Linearity", "cornername": "CMOS_VDD_Res_Cap_Temp_49", "point": 51, "logfile": "/home/hrahimi/projects/POTENTIOSTAT_26/logs_hrahimi/logs0/Job77.log", "pid": "2886028", "totalPhysicalMemory": "3023.749672", "physicalMemoryUsed": "2759.770916", "totalVirtualMemory": "3031.749668", "virtualMemoryUsed": "2759.878826", "cpuCores": "48", "processes": "29734", "loadAverage1": "33.350000", "loadAverage5": "28.190000", "loadAverage15": "23.460000", "loadAverage1Percent": "0.694792"}
[2026-06-04 08:57:43.287 Z] [EVENT] [cadence.virtuoso.ade.simulationMonitor] - NewPoint {"history": "Interactive.379", "point": 59, "testname": "TIA_Gain_Linearity", "cornername": "CMOS_VDD_Res_Cap_Temp_57", "event": "NewPoint", "EventSource": "Simulation Monitor", "HistoryName": "Interactive.379", "logFile": "/home/hrahimi/projects/POTENTIOSTAT_26/logs_hrahimi/logs0/Job77.log", "logFileSize": "320711"}
[2026-06-04 08:57:43.389 Z] [EVENT] [cadence.virtuoso.ade.simulationMonitor] - NewPoint {"history": "Interactive.379", "point": 59, "testname": "TIA_Gain_Linearity", "cornername": "CMOS_VDD_Res_Cap_Temp_57", "event": "NewPoint", "EventSource": "spectre", "HistoryName": "Interactive.379", "logFile": "/home/hrahimi/projects/POTENTIOSTAT_26/Sim/Potentiostat_Top/top/maestro/results/maestro/Interactive.379/59/TIA_Gain_Linearity/psf/spectre.out", "logFileSize": "-1"}
[2026-06-04 08:57:43.404 Z] [PROCESS] [cadence.virtuoso.ade.simulationMonitor] - Simulator launched {"hostname": "il2244vt26_hrahimi", "processid": 2886028, "history": "Interactive.379", "testname": "TIA_Gain_Linearity", "cornername": "CMOS_VDD_Res_Cap_Temp_57", "point": 59, "logfile": "/home/hrahimi/projects/POTENTIOSTAT_26/logs_hrahimi/logs0/Job77.log", "simid": "8"}
[2026-06-04 08:57:43.470 Z] [PROCESS] [cadence.virtuoso.ade.simulationMonitor] - Started Simulation {"hostname": "il2244vt26_hrahimi", "processid": 2886028, "history": "Interactive.379", "testname": "TIA_Gain_Linearity", "cornername": "CMOS_VDD_Res_Cap_Temp_57", "point": 59, "logfile": "/home/hrahimi/projects/POTENTIOSTAT_26/logs_hrahimi/logs0/Job77.log", "event": "started", "task": "simulation"}
[2026-06-04 08:57:44.471 Z] [WARN] [cadence.virtuoso.ade.simulationMonitor] -     WARNING (SPECTRE-691): This CPU processor does not support x86 advanced vector extensions instructions. This may affect math operations and slow down the simulation. {"history": "Interactive.379", "point": 59, "testname": "TIA_Gain_Linearity", "cornername": "CMOS_VDD_Res_Cap_Temp_57"}
[2026-06-04 08:57:44.472 Z] [INFO] [cadence.virtuoso.ade.simulationMonitor] - Notice from spectre during circuit read-in.
    Pre_Configuration file used: /opt/tools/cadence/installs/SPECTRE241/tools.lnx86/spectre/etc/configs/preset.precfg
    Configuration file used: `/opt/tools/cadence/installs/SPECTRE241/tools.lnx86/spectre/etc/configs/preset.cfg'. {"history": "Interactive.379", "point": 59, "testname": "TIA_Gain_Linearity", "cornername": "CMOS_VDD_Res_Cap_Temp_57"}
[2026-06-04 08:57:44.472 Z] [WARN] [cadence.virtuoso.ade.simulationMonitor] -     WARNING (SPECTRE-8360): line 1511: `ac' is an undefined primitive device. {"history": "Interactive.379", "point": 59, "testname": "TIA_Gain_Linearity", "cornername": "CMOS_VDD_Res_Cap_Temp_57"}
[2026-06-04 08:57:44.472 Z] [WARN] [cadence.virtuoso.ade.simulationMonitor] -     WARNING (SPECTRE-8360): line 1512: `ac' is an undefined primitive device. {"history": "Interactive.379", "point": 59, "testname": "TIA_Gain_Linearity", "cornername": "CMOS_VDD_Res_Cap_Temp_57"}
[2026-06-04 08:57:44.473 Z] [WARN] [cadence.virtuoso.ade.simulationMonitor] -     WARNING (SPECTRE-8360): line 1513: `ac' is an undefined primitive device. {"history": "Interactive.379", "point": 59, "testname": "TIA_Gain_Linearity", "cornername": "CMOS_VDD_Res_Cap_Temp_57"}
[2026-06-04 08:57:44.473 Z] [WARN] [cadence.virtuoso.ade.simulationMonitor] -     WARNING (SPECTRE-8360): line 1514: `ac' is an undefined primitive device. {"history": "Interactive.379", "point": 59, "testname": "TIA_Gain_Linearity", "cornername": "CMOS_VDD_Res_Cap_Temp_57"}
[2026-06-04 08:57:44.473 Z] [WARN] [cadence.virtuoso.ade.simulationMonitor] -     WARNING (SPECTRE-8360): line 1515: `ac' is an undefined primitive device.
        Further occurrences of this warning will be suppressed. {"history": "Interactive.379", "point": 59, "testname": "TIA_Gain_Linearity", "cornername": "CMOS_VDD_Res_Cap_Temp_57"}
[2026-06-04 08:57:44.474 Z] [WARN] [cadence.virtuoso.ade.simulationMonitor] -     WARNING (VACOMP-2435): The environment variable CDS_AHDLCMI_ENABLE is no longer supported. Therefore, the simulator will use the default compiled C code flow. {"history": "Interactive.379", "point": 59, "testname": "TIA_Gain_Linearity", "cornername": "CMOS_VDD_Res_Cap_Temp_57"}
[2026-06-04 08:57:44.974 Z] [INFO] [cadence.virtuoso.ade.simulationMonitor] - Peak resident memory used = 200 Mbytes. {"history": "Interactive.379", "point": 59, "testname": "TIA_Gain_Linearity", "cornername": "CMOS_VDD_Res_Cap_Temp_57"}
[2026-06-04 08:57:45.975 Z] [WARN] [cadence.virtuoso.ade.simulationMonitor] -     WARNING (SFE-3027): The dangling resistor I7.rb286 is removed. {"history": "Interactive.379", "point": 59, "testname": "TIA_Gain_Linearity", "cornername": "CMOS_VDD_Res_Cap_Temp_57"}
[2026-06-04 08:57:45.976 Z] [WARN] [cadence.virtuoso.ade.simulationMonitor] -     WARNING (SFE-3027): The dangling resistor I7.rb20 is removed. {"history": "Interactive.379", "point": 59, "testname": "TIA_Gain_Linearity", "cornername": "CMOS_VDD_Res_Cap_Temp_57"}
[2026-06-04 08:57:45.976 Z] [WARN] [cadence.virtuoso.ade.simulationMonitor] -     WARNING (SFE-3027): The dangling resistor I7.rb282 is removed. {"history": "Interactive.379", "point": 59, "testname": "TIA_Gain_Linearity", "cornername": "CMOS_VDD_Res_Cap_Temp_57"}
[2026-06-04 08:57:45.976 Z] [WARN] [cadence.virtuoso.ade.simulationMonitor] -     WARNING (SFE-3027): The dangling resistor I7.rd2 is removed. {"history": "Interactive.379", "point": 59, "testname": "TIA_Gain_Linearity", "cornername": "CMOS_VDD_Res_Cap_Temp_57"}
[2026-06-04 08:57:45.976 Z] [WARN] [cadence.virtuoso.ade.simulationMonitor] -     WARNING (SFE-3027): The dangling resistor I7.rb285 is removed.
        Further occurrences of this warning will be suppressed. {"history": "Interactive.379", "point": 59, "testname": "TIA_Gain_Linearity", "cornername": "CMOS_VDD_Res_Cap_Temp_57"}
[2026-06-04 08:57:45.977 Z] [WARN] [cadence.virtuoso.ade.simulationMonitor] -     WARNING (SFE-3012): The dummy device I0.I16.DLIB12 is removed. {"history": "Interactive.379", "point": 59, "testname": "TIA_Gain_Linearity", "cornername": "CMOS_VDD_Res_Cap_Temp_57"}
[2026-06-04 08:57:45.977 Z] [WARN] [cadence.virtuoso.ade.simulationMonitor] -     WARNING (SFE-3012): The dummy device I0.I15.DLIB9 is removed. {"history": "Interactive.379", "point": 59, "testname": "TIA_Gain_Linearity", "cornername": "CMOS_VDD_Res_Cap_Temp_57"}
[2026-06-04 08:57:45.977 Z] [WARN] [cadence.virtuoso.ade.simulationMonitor] -     WARNING (SFE-3012): The dummy device I0.I0.DLIB6 is removed. {"history": "Interactive.379", "point": 59, "testname": "TIA_Gain_Linearity", "cornername": "CMOS_VDD_Res_Cap_Temp_57"}
[2026-06-04 08:57:45.977 Z] [WARN] [cadence.virtuoso.ade.simulationMonitor] -     WARNING (SFE-3012): The dummy device I0.I16.DLIB10 is removed. {"history": "Interactive.379", "point": 59, "testname": "TIA_Gain_Linearity", "cornername": "CMOS_VDD_Res_Cap_Temp_57"}
[2026-06-04 08:57:45.977 Z] [WARN] [cadence.virtuoso.ade.simulationMonitor] -     WARNING (SFE-3012): The dummy device I0.I17.DLIB5 is removed.
        Further occurrences of this warning will be suppressed. {"history": "Interactive.379", "point": 59, "testname": "TIA_Gain_Linearity", "cornername": "CMOS_VDD_Res_Cap_Temp_57"}
[2026-06-04 08:57:45.977 Z] [WARN] [cadence.virtuoso.ade.simulationMonitor] -     WARNING (SFE-3028): The floating resistor R8 is removed. {"history": "Interactive.379", "point": 59, "testname": "TIA_Gain_Linearity", "cornername": "CMOS_VDD_Res_Cap_Temp_57"}
[2026-06-04 08:57:45.977 Z] [WARN] [cadence.virtuoso.ade.simulationMonitor] -     WARNING (SFE-3029): The dummy capacitor I2.c27789 is removed. {"history": "Interactive.379", "point": 59, "testname": "TIA_Gain_Linearity", "cornername": "CMOS_VDD_Res_Cap_Temp_57"}
[2026-06-04 08:57:45.978 Z] [WARN] [cadence.virtuoso.ade.simulationMonitor] -     WARNING (SFE-3015): The dangling node I2.210\:GNDA is removed. {"history": "Interactive.379", "point": 59, "testname": "TIA_Gain_Linearity", "cornername": "CMOS_VDD_Res_Cap_Temp_57"}
[2026-06-04 08:57:45.978 Z] [WARN] [cadence.virtuoso.ade.simulationMonitor] -     WARNING (SFE-3015): The dangling node I2.192\:VPI is removed. {"history": "Interactive.379", "point": 59, "testname": "TIA_Gain_Linearity", "cornername": "CMOS_VDD_Res_Cap_Temp_57"}
[2026-06-04 08:57:45.978 Z] [WARN] [cadence.virtuoso.ade.simulationMonitor] -     WARNING (SFE-3015): The dangling node I2.693\:VPI is removed. {"history": "Interactive.379", "point": 59, "testname": "TIA_Gain_Linearity", "cornername": "CMOS_VDD_Res_Cap_Temp_57"}
[2026-06-04 08:57:45.978 Z] [WARN] [cadence.virtuoso.ade.simulationMonitor] -     WARNING (SFE-3015): The dangling node I2.13\:I25|I30|SN is removed. {"history": "Interactive.379", "point": 59, "testname": "TIA_Gain_Linearity", "cornername": "CMOS_VDD_Res_Cap_Temp_57"}
[2026-06-04 08:57:45.978 Z] [WARN] [cadence.virtuoso.ade.simulationMonitor] -     WARNING (SFE-3015): The dangling node I2.33\:S(3) is removed.
        Further occurrences of this warning will be suppressed. {"history": "Interactive.379", "point": 59, "testname": "TIA_Gain_Linearity", "cornername": "CMOS_VDD_Res_Cap_Temp_57"}
[2026-06-04 08:57:45.978 Z] [WARN] [cadence.virtuoso.ade.simulationMonitor] -     WARNING (SFE-3016): The floating node net73 is removed. {"history": "Interactive.379", "point": 59, "testname": "TIA_Gain_Linearity", "cornername": "CMOS_VDD_Res_Cap_Temp_57"}
[2026-06-04 08:57:45.979 Z] [WARN] [cadence.virtuoso.ade.simulationMonitor] -     WARNING (SFE-3016): The floating node net74 is removed. {"history": "Interactive.379", "point": 59, "testname": "TIA_Gain_Linearity", "cornername": "CMOS_VDD_Res_Cap_Temp_57"}
[2026-06-04 08:57:45.979 Z] [WARN] [cadence.virtuoso.ade.simulationMonitor] -     WARNING (SFE-3023): The dangling node net45 is removed. It should not be dangling since it is defined in top level. {"history": "Interactive.379", "point": 59, "testname": "TIA_Gain_Linearity", "cornername": "CMOS_VDD_Res_Cap_Temp_57"}
[2026-06-04 08:57:45.979 Z] [WARN] [cadence.virtuoso.ade.simulationMonitor] -     WARNING (SFE-3023): The dangling node net46 is removed. It should not be dangling since it is defined in top level. {"history": "Interactive.379", "point": 59, "testname": "TIA_Gain_Linearity", "cornername": "CMOS_VDD_Res_Cap_Temp_57"}
[2026-06-04 08:57:45.979 Z] [INFO] [cadence.virtuoso.ade.simulationMonitor] - Notice from spectre during hierarchy flattening.
    Spectre X Parasitic Optimization enabled.
    Parasitic optimization will filter out parasitic nodes, nodes only connected to RCs, by default. To view individual parasitic nodes use individual save statements (i.e. save out), or use the 'savefilter=none' option to save all parasitic nodes. Saving all parasitic nodes may slow down simulation and create large waveform files. {"history": "Interactive.379", "point": 59, "testname": "TIA_Gain_Linearity", "cornername": "CMOS_VDD_Res_Cap_Temp_57"}
[2026-06-04 08:57:45.979 Z] [INFO] [cadence.virtuoso.ade.simulationMonitor] - Peak resident memory used = 237 Mbytes. {"history": "Interactive.379", "point": 59, "testname": "TIA_Gain_Linearity", "cornername": "CMOS_VDD_Res_Cap_Temp_57"}
[2026-06-04 08:57:45.979 Z] [INFO] [cadence.virtuoso.ade.simulationMonitor] - Notice from spectre during hierarchy flattening.
    The value 'psf' specified for the 'checklimitdest' option will no longer be supported in future releases. Use 'spectre -h' to see other recommended values for the 'checklimitdest' option.
    I0.I46.RLIB_GC1.CS0 of rpoly1c: `c' has the unusually small value of 634.694e-21 F.
    I0.I46.RLIB_GC1.CS1 of rpoly1c: `c' has the unusually small value of 634.694e-21 F.
    I0.I45.RLIB_GC1.CS0 of rpoly1c: `c' has the unusually small value of 634.694e-21 F.
    I0... {"history": "Interactive.379", "point": 59, "testname": "TIA_Gain_Linearity", "cornername": "CMOS_VDD_Res_Cap_Temp_57"}
[2026-06-04 08:57:46.480 Z] [INFO] [cadence.virtuoso.ade.simulationMonitor] - Notice from spectre during hierarchy flattening.
    V8: `period' has the unusually large value of 100 s.
    V7: `period' has the unusually large value of 10 s.
    V3: `period' has the unusually large value of 6 s.
    I26: `period' has the unusually large value of 6 s. {"history": "Interactive.379", "point": 59, "testname": "TIA_Gain_Linearity", "cornername": "CMOS_VDD_Res_Cap_Temp_57"}
[2026-06-04 08:57:46.480 Z] [INFO] [cadence.virtuoso.ade.simulationMonitor] - Peak resident memory used = 251 Mbytes. {"history": "Interactive.379", "point": 59, "testname": "TIA_Gain_Linearity", "cornername": "CMOS_VDD_Res_Cap_Temp_57"}
[2026-06-04 08:57:46.481 Z] [WARN] [cadence.virtuoso.ade.simulationMonitor] -     WARNING (CMI-2425): I2.I56|C3: `Acde' = 2.393 is unusually large. {"history": "Interactive.379", "point": 59, "testname": "TIA_Gain_Linearity", "cornername": "CMOS_VDD_Res_Cap_Temp_57"}
[2026-06-04 08:57:46.481 Z] [WARN] [cadence.virtuoso.ade.simulationMonitor] -     WARNING (CMI-2425): I2.I56|C3: `Noff' = 4.732 is unusually large. {"history": "Interactive.379", "point": 59, "testname": "TIA_Gain_Linearity", "cornername": "CMOS_VDD_Res_Cap_Temp_57"}
[2026-06-04 08:57:46.481 Z] [WARN] [cadence.virtuoso.ade.simulationMonitor] -     WARNING (CMI-2424): I2.I56|C3: `Voffcv' = -867.4e-03 is unusually small. {"history": "Interactive.379", "point": 59, "testname": "TIA_Gain_Linearity", "cornername": "CMOS_VDD_Res_Cap_Temp_57"}
[2026-06-04 08:57:46.481 Z] [WARN] [cadence.virtuoso.ade.simulationMonitor] -     WARNING (CMI-2425): I2.I56|C4: `Acde' = 2.393 is unusually large. {"history": "Interactive.379", "point": 59, "testname": "TIA_Gain_Linearity", "cornername": "CMOS_VDD_Res_Cap_Temp_57"}
[2026-06-04 08:57:46.481 Z] [WARN] [cadence.virtuoso.ade.simulationMonitor] -     WARNING (CMI-2425): I2.I56|C4: `Noff' = 4.732 is unusually large. {"history": "Interactive.379", "point": 59, "testname": "TIA_Gain_Linearity", "cornername": "CMOS_VDD_Res_Cap_Temp_57"}
[2026-06-04 08:57:46.482 Z] [WARN] [cadence.virtuoso.ade.simulationMonitor] -     WARNING (CMI-2424): I2.I56|C4: `Voffcv' = -867.4e-03 is unusually small. {"history": "Interactive.379", "point": 59, "testname": "TIA_Gain_Linearity", "cornername": "CMOS_VDD_Res_Cap_Temp_57"}
[2026-06-04 08:57:46.482 Z] [WARN] [cadence.virtuoso.ade.simulationMonitor] -     WARNING (CMI-2425): I2.I56|C5: `Acde' = 2.393 is unusually large.
        Further occurrences of this warning will be suppressed. {"history": "Interactive.379", "point": 59, "testname": "TIA_Gain_Linearity", "cornername": "CMOS_VDD_Res_Cap_Temp_57"}
[2026-06-04 08:57:46.482 Z] [WARN] [cadence.virtuoso.ade.simulationMonitor] -     WARNING (CMI-2424): I2.I56|C5: `Voffcv' = -867.4e-03 is unusually small. {"history": "Interactive.379", "point": 59, "testname": "TIA_Gain_Linearity", "cornername": "CMOS_VDD_Res_Cap_Temp_57"}
[2026-06-04 08:57:46.482 Z] [WARN] [cadence.virtuoso.ade.simulationMonitor] -     WARNING (CMI-2424): I7.I4|C1(10): `Voffcv' = -867.4e-03 is unusually small. {"history": "Interactive.379", "point": 59, "testname": "TIA_Gain_Linearity", "cornername": "CMOS_VDD_Res_Cap_Temp_57"}
[2026-06-04 08:57:46.482 Z] [WARN] [cadence.virtuoso.ade.simulationMonitor] -     WARNING (CMI-2424): I7.I4|C1(9): `Voffcv' = -867.4e-03 is unusually small.
        Further occurrences of this warning will be suppressed. {"history": "Interactive.379", "point": 59, "testname": "TIA_Gain_Linearity", "cornername": "CMOS_VDD_Res_Cap_Temp_57"}
[2026-06-04 08:57:47.483 Z] [WARN] [cadence.virtuoso.ade.simulationMonitor] -     WARNING (SPECTRE-16460): SOAC_esdgcp5_vcpsub:Specified subcircuit master `esdgcp5' was not found. {"history": "Interactive.379", "point": 59, "testname": "TIA_Gain_Linearity", "cornername": "CMOS_VDD_Res_Cap_Temp_57"}
[2026-06-04 08:57:47.483 Z] [WARN] [cadence.virtuoso.ade.simulationMonitor] -     WARNING (SPECTRE-16462): SOAC_esdgcp5_vcpsub:Error in specification of subcircuit master. Assert is ignored. {"history": "Interactive.379", "point": 59, "testname": "TIA_Gain_Linearity", "cornername": "CMOS_VDD_Res_Cap_Temp_57"}
[2026-06-04 08:57:47.484 Z] [WARN] [cadence.virtuoso.ade.simulationMonitor] -     WARNING (SPECTRE-16460): SOAC_esdgcp5_vac:Specified subcircuit master `esdgcp5' was not found. {"history": "Interactive.379", "point": 59, "testname": "TIA_Gain_Linearity", "cornername": "CMOS_VDD_Res_Cap_Temp_57"}
[2026-06-04 08:57:47.484 Z] [WARN] [cadence.virtuoso.ade.simulationMonitor] -     WARNING (SPECTRE-16462): SOAC_esdgcp5_vac:Error in specification of subcircuit master. Assert is ignored. {"history": "Interactive.379", "point": 59, "testname": "TIA_Gain_Linearity", "cornername": "CMOS_VDD_Res_Cap_Temp_57"}
[2026-06-04 08:57:47.484 Z] [WARN] [cadence.virtuoso.ade.simulationMonitor] -     WARNING (SPECTRE-16460): SOAC_esdgcn5_vac:Specified subcircuit master `esdgcn5' was not found. {"history": "Interactive.379", "point": 59, "testname": "TIA_Gain_Linearity", "cornername": "CMOS_VDD_Res_Cap_Temp_57"}
[2026-06-04 08:57:47.484 Z] [WARN] [cadence.virtuoso.ade.simulationMonitor] -     WARNING (SPECTRE-16462): SOAC_esdgcn5_vac:Error in specification of subcircuit master. Assert is ignored. {"history": "Interactive.379", "point": 59, "testname": "TIA_Gain_Linearity", "cornername": "CMOS_VDD_Res_Cap_Temp_57"}
[2026-06-04 08:57:47.484 Z] [WARN] [cadence.virtuoso.ade.simulationMonitor] -     WARNING (SPECTRE-16460): SOAC_esdfdp5_vcpsub:Specified subcircuit master `esdfdp5' was not found. {"history": "Interactive.379", "point": 59, "testname": "TIA_Gain_Linearity", "cornername": "CMOS_VDD_Res_Cap_Temp_57"}
[2026-06-04 08:57:47.485 Z] [WARN] [cadence.virtuoso.ade.simulationMonitor] -     WARNING (SPECTRE-16462): SOAC_esdfdp5_vcpsub:Error in specification of subcircuit master. Assert is ignored. {"history": "Interactive.379", "point": 59, "testname": "TIA_Gain_Linearity", "cornername": "CMOS_VDD_Res_Cap_Temp_57"}
[2026-06-04 08:57:47.485 Z] [WARN] [cadence.virtuoso.ade.simulationMonitor] -     WARNING (SPECTRE-16460): SOAC_esdfdp5_vac:Specified subcircuit master `esdfdp5' was not found.
        Further occurrences of this warning will be suppressed. {"history": "Interactive.379", "point": 59, "testname": "TIA_Gain_Linearity", "cornername": "CMOS_VDD_Res_Cap_Temp_57"}
[2026-06-04 08:57:47.485 Z] [WARN] [cadence.virtuoso.ade.simulationMonitor] -     WARNING (SPECTRE-16462): SOAC_esdfdp5_vac:Error in specification of subcircuit master. Assert is ignored.
        Further occurrences of this warning will be suppressed. {"history": "Interactive.379", "point": 59, "testname": "TIA_Gain_Linearity", "cornername": "CMOS_VDD_Res_Cap_Temp_57"}
[2026-06-04 08:57:47.486 Z] [WARN] [cadence.virtuoso.ade.simulationMonitor] -     WARNING (SPECTRE-17607): Assert `SOAC_vert10_vsubpsub' is ignored because it contains an expression which is invalid or not supported by native evaluator.  {"history": "Interactive.379", "point": 59, "testname": "TIA_Gain_Linearity", "cornername": "CMOS_VDD_Res_Cap_Temp_57"}
[2026-06-04 08:57:47.486 Z] [WARN] [cadence.virtuoso.ade.simulationMonitor] -     WARNING (SPECTRE-17607): Assert `SOAC_vert10_vcsub' is ignored because it contains an expression which is invalid or not supported by native evaluator.  {"history": "Interactive.379", "point": 59, "testname": "TIA_Gain_Linearity", "cornername": "CMOS_VDD_Res_Cap_Temp_57"}
[2026-06-04 08:57:47.987 Z] [INFO] [cadence.virtuoso.ade.simulationMonitor] - Notice from spectre during topology check.
    Only one connection to the following 2308 nodes:
        I0.I46.RLIB_GC1.R1.psub!
        I0.I46.RLIB_GC1.R2.psub!
        I0.I46.MNLIB_DR1.M_esdnmos4.psub!
        I0.I46.DLIB2.psub!
        I0.I46.DLIB1.psub!
        Further occurrences of this notice will be suppressed. {"history": "Interactive.379", "point": 59, "testname": "TIA_Gain_Linearity", "cornername": "CMOS_VDD_Res_Cap_Temp_57"}
[2026-06-04 08:57:51.990 Z] [INFO] [cadence.virtuoso.ade.simulationMonitor] -               nodes 23214 {"history": "Interactive.379", "point": 59, "testname": "TIA_Gain_Linearity", "cornername": "CMOS_VDD_Res_Cap_Temp_57"}
[2026-06-04 08:57:51.993 Z] [INFO] [cadence.virtuoso.ade.simulationMonitor] - Notice from spectre during initial setup.
    7 resistors are shorted because their absolute value is less than or equal to 'rabsshort'.
    3 vsources are shorted because their absolute value is less than or equal to 'vabsshort'.
    4 resistors are changed to resistance form because their value are less than 'rthresh'.
    Spectre X preset=cx enabled.
    46 notices suppressed.
    255 warnings suppressed. {"history": "Interactive.379", "point": 59, "testname": "TIA_Gain_Linearity", "cornername": "CMOS_VDD_Res_Cap_Temp_57"}
[2026-06-04 08:57:51.995 Z] [INFO] [cadence.virtuoso.ade.simulationMonitor] - Notice from spectre.
    Multithreading enabled: 8 threads in the system with 48 available processors. {"history": "Interactive.379", "point": 59, "testname": "TIA_Gain_Linearity", "cornername": "CMOS_VDD_Res_Cap_Temp_57"}
[2026-06-04 08:57:51.995 Z] [INFO] [cadence.virtuoso.ade.simulationMonitor] - Peak resident memory used = 327 Mbytes. {"history": "Interactive.379", "point": 59, "testname": "TIA_Gain_Linearity", "cornername": "CMOS_VDD_Res_Cap_Temp_57"}
[2026-06-04 08:57:51.996 Z] [INFO] [cadence.virtuoso.ade.simulationMonitor] -    -   (Spectre X) Multi-threading. The recommended number of threads is [4, 8], consider adding +mt=4 or +mt=8 on command line. {"history": "Interactive.379", "point": 59, "testname": "TIA_Gain_Linearity", "cornername": "CMOS_VDD_Res_Cap_Temp_57"}
[2026-06-04 08:57:51.996 Z] [INFO] [cadence.virtuoso.ade.simulationMonitor] - Notice from spectre during DC analysis `dcOp'.
    No checklimit analysis defined for asserts. A default checklimit analysis 'SpectreChecklimitAnal' has been created with all asserts enabled. {"history": "Interactive.379", "point": 59, "testname": "TIA_Gain_Linearity", "cornername": "CMOS_VDD_Res_Cap_Temp_57"}
[2026-06-04 08:57:54.497 Z] [INFO] [cadence.virtuoso.ade.simulationMonitor] - Notice from spectre during DC analysis `dcOp'.
    Bad pivoting is found during DC analysis. Option dc_pivot_check=yes is recommended for possible improvement of convergence. {"history": "Interactive.379", "point": 59, "testname": "TIA_Gain_Linearity", "cornername": "CMOS_VDD_Res_Cap_Temp_57"}
[2026-06-04 08:57:54.497 Z] [WARN] [cadence.virtuoso.ade.simulationMonitor] -     WARNING (CMI-2943): Parameter checks have been ignored because the valid value for parameter 'trise' could not be found in 'C0'. {"history": "Interactive.379", "point": 59, "testname": "TIA_Gain_Linearity", "cornername": "CMOS_VDD_Res_Cap_Temp_57"}
[2026-06-04 08:57:54.498 Z] [WARN] [cadence.virtuoso.ade.simulationMonitor] -     WARNING (CMI-2943): Parameter checks have been ignored because the valid value for parameter 'trise' could not be found in 'C1'. {"history": "Interactive.379", "point": 59, "testname": "TIA_Gain_Linearity", "cornername": "CMOS_VDD_Res_Cap_Temp_57"}
[2026-06-04 08:57:54.498 Z] [WARN] [cadence.virtuoso.ade.simulationMonitor] -     WARNING (CMI-2943): Parameter checks have been ignored because the valid value for parameter 'trise' could not be found in 'C11'. {"history": "Interactive.379", "point": 59, "testname": "TIA_Gain_Linearity", "cornername": "CMOS_VDD_Res_Cap_Temp_57"}
[2026-06-04 08:57:54.498 Z] [WARN] [cadence.virtuoso.ade.simulationMonitor] -     WARNING (CMI-2943): Parameter checks have been ignored because the valid value for parameter 'trise' could not be found in 'C12'. {"history": "Interactive.379", "point": 59, "testname": "TIA_Gain_Linearity", "cornername": "CMOS_VDD_Res_Cap_Temp_57"}
[2026-06-04 08:57:54.498 Z] [WARN] [cadence.virtuoso.ade.simulationMonitor] -     WARNING (CMI-2943): Parameter checks have been ignored because the valid value for parameter 'trise' could not be found in 'C5'.
        Further occurrences of this warning will be suppressed. {"history": "Interactive.379", "point": 59, "testname": "TIA_Gain_Linearity", "cornername": "CMOS_VDD_Res_Cap_Temp_57"}
[2026-06-04 08:57:54.999 Z] [INFO] [cadence.virtuoso.ade.simulationMonitor] - Total time required for dc analysis `dcOp': CPU = 13.7032 s, elapsed = 2.85184 s, util. = 481%. {"history": "Interactive.379", "point": 59, "testname": "TIA_Gain_Linearity", "cornername": "CMOS_VDD_Res_Cap_Temp_57"}
[2026-06-04 08:57:54.999 Z] [INFO] [cadence.virtuoso.ade.simulationMonitor] - Peak resident memory used = 367 Mbytes. {"history": "Interactive.379", "point": 59, "testname": "TIA_Gain_Linearity", "cornername": "CMOS_VDD_Res_Cap_Temp_57"}
[2026-06-04 08:57:55.000 Z] [INFO] [cadence.virtuoso.ade.simulationMonitor] - Notice from spectre.
    1293 warnings suppressed. {"history": "Interactive.379", "point": 59, "testname": "TIA_Gain_Linearity", "cornername": "CMOS_VDD_Res_Cap_Temp_57"}
[2026-06-04 08:57:55.000 Z] [INFO] [cadence.virtuoso.ade.simulationMonitor] - Notice from spectre during DC analysis `dc'.
    I26: `period' has the unusually large value of 6 s. {"history": "Interactive.379", "point": 59, "testname": "TIA_Gain_Linearity", "cornername": "CMOS_VDD_Res_Cap_Temp_57"}
[2026-06-04 08:57:57.501 Z] [INFO] [cadence.virtuoso.ade.simulationMonitor] - Notice from spectre at Idc = -5.5e-06 during DC analysis `dc'.
    GminDC = 1 pS is large enough to noticeably affect the DC solution.
        dV(I2.3\:I25|I36|P3) = 31.6041 mV
        Use the `gmin_check' option to eliminate or expand this report.
    Bad pivoting is found during DC analysis. Option dc_pivot_check=yes is recommended for possible improvement of convergence. {"history": "Interactive.379", "point": 59, "testname": "TIA_Gain_Linearity", "cornername": "CMOS_VDD_Res_Cap_Temp_57"}
[2026-06-04 08:57:57.501 Z] [INFO] [cadence.virtuoso.ade.simulationMonitor] - Notice from spectre at Idc = -5.48e-06 during DC analysis `dc'.
    I26: `period' has the unusually large value of 6 s.
    Bad pivoting is found during DC analysis. Option dc_pivot_check=yes is recommended for possible improvement of convergence. {"history": "Interactive.379", "point": 59, "testname": "TIA_Gain_Linearity", "cornername": "CMOS_VDD_Res_Cap_Temp_57"}
[2026-06-04 08:57:57.501 Z] [INFO] [cadence.virtuoso.ade.simulationMonitor] - Notice from spectre at Idc = -5.46e-06 during DC analysis `dc'.
    I26: `period' has the unusually large value of 6 s.
    Bad pivoting is found during DC analysis. Option dc_pivot_check=yes is recommended for possible improvement of convergence. {"history": "Interactive.379", "point": 59, "testname": "TIA_Gain_Linearity", "cornername": "CMOS_VDD_Res_Cap_Temp_57"}
[2026-06-04 08:57:57.502 Z] [INFO] [cadence.virtuoso.ade.simulationMonitor] - Notice from spectre at Idc = -5.44e-06 during DC analysis `dc'.
    I26: `period' has the unusually large value of 6 s.
    Bad pivoting is found during DC analysis. Option dc_pivot_check=yes is recommended for possible improvement of convergence. {"history": "Interactive.379", "point": 59, "testname": "TIA_Gain_Linearity", "cornername": "CMOS_VDD_Res_Cap_Temp_57"}
[2026-06-04 08:57:57.502 Z] [INFO] [cadence.virtuoso.ade.simulationMonitor] - Notice from spectre at Idc = -5.42e-06 during DC analysis `dc'.
    I26: `period' has the unusually large value of 6 s.
        Further occurrences of this notice will be suppressed.
    Bad pivoting is found during DC analysis. Option dc_pivot_check=yes is recommended for possible improvement of convergence.
        Further occurrences of this notice will be suppressed. {"history": "Interactive.379", "point": 59, "testname": "TIA_Gain_Linearity", "cornername": "CMOS_VDD_Res_Cap_Temp_57"}
[2026-06-04 08:58:09.507 Z] [WARN] [cadence.virtuoso.ade.simulationMonitor] -     WARNING (CMI-2943): Parameter checks have been ignored because the valid value for parameter 'trise' could not be found in 'C0'. {"history": "Interactive.379", "point": 59, "testname": "TIA_Gain_Linearity", "cornername": "CMOS_VDD_Res_Cap_Temp_57"}
[2026-06-04 08:58:09.507 Z] [WARN] [cadence.virtuoso.ade.simulationMonitor] -     WARNING (CMI-2943): Parameter checks have been ignored because the valid value for parameter 'trise' could not be found in 'C1'. {"history": "Interactive.379", "point": 59, "testname": "TIA_Gain_Linearity", "cornername": "CMOS_VDD_Res_Cap_Temp_57"}
[2026-06-04 08:58:09.507 Z] [WARN] [cadence.virtuoso.ade.simulationMonitor] -     WARNING (CMI-2943): Parameter checks have been ignored because the valid value for parameter 'trise' could not be found in 'C11'. {"history": "Interactive.379", "point": 59, "testname": "TIA_Gain_Linearity", "cornername": "CMOS_VDD_Res_Cap_Temp_57"}
[2026-06-04 08:58:09.507 Z] [WARN] [cadence.virtuoso.ade.simulationMonitor] -     WARNING (CMI-2943): Parameter checks have been ignored because the valid value for parameter 'trise' could not be found in 'C12'. {"history": "Interactive.379", "point": 59, "testname": "TIA_Gain_Linearity", "cornername": "CMOS_VDD_Res_Cap_Temp_57"}
[2026-06-04 08:58:09.507 Z] [WARN] [cadence.virtuoso.ade.simulationMonitor] -     WARNING (CMI-2943): Parameter checks have been ignored because the valid value for parameter 'trise' could not be found in 'C5'.
        Further occurrences of this warning will be suppressed. {"history": "Interactive.379", "point": 59, "testname": "TIA_Gain_Linearity", "cornername": "CMOS_VDD_Res_Cap_Temp_57"}
[2026-06-04 08:58:09.508 Z] [INFO] [cadence.virtuoso.ade.simulationMonitor] - Notice from spectre at Idc = 5.5e-06 during DC analysis `dc'.
    The value of parameter 'Idc' has been reset to the original value 0. {"history": "Interactive.379", "point": 59, "testname": "TIA_Gain_Linearity", "cornername": "CMOS_VDD_Res_Cap_Temp_57"}
[2026-06-04 08:58:09.508 Z] [INFO] [cadence.virtuoso.ade.simulationMonitor] - Total time required for dc analysis `dc': CPU = 47.0716 s, elapsed = 14.4306 s, util. = 326%. {"history": "Interactive.379", "point": 59, "testname": "TIA_Gain_Linearity", "cornername": "CMOS_VDD_Res_Cap_Temp_57"}
[2026-06-04 08:58:09.508 Z] [INFO] [cadence.virtuoso.ade.simulationMonitor] - Peak resident memory used = 387 Mbytes. {"history": "Interactive.379", "point": 59, "testname": "TIA_Gain_Linearity", "cornername": "CMOS_VDD_Res_Cap_Temp_57"}
[2026-06-04 08:58:09.508 Z] [INFO] [cadence.virtuoso.ade.simulationMonitor] - Notice from spectre.
    1093 notices suppressed.
    1293 warnings suppressed. {"history": "Interactive.379", "point": 59, "testname": "TIA_Gain_Linearity", "cornername": "CMOS_VDD_Res_Cap_Temp_57"}
[2026-06-04 08:58:13.510 Z] [WARN] [cadence.virtuoso.ade.simulationMonitor] -     WARNING (CMI-2425): I7.I3|C1(0): `Acde' = 2.393 is unusually large. {"history": "Interactive.379", "point": 59, "testname": "TIA_Gain_Linearity", "cornername": "CMOS_VDD_Res_Cap_Temp_57"}
[2026-06-04 08:58:13.510 Z] [WARN] [cadence.virtuoso.ade.simulationMonitor] -     WARNING (CMI-2425): I7.I3|C1(0): `Noff' = 4.732 is unusually large. {"history": "Interactive.379", "point": 59, "testname": "TIA_Gain_Linearity", "cornername": "CMOS_VDD_Res_Cap_Temp_57"}
[2026-06-04 08:58:13.510 Z] [WARN] [cadence.virtuoso.ade.simulationMonitor] -     WARNING (CMI-2424): I7.I3|C1(0): `Voffcv' = -867.4e-03 is unusually small. {"history": "Interactive.379", "point": 59, "testname": "TIA_Gain_Linearity", "cornername": "CMOS_VDD_Res_Cap_Temp_57"}
[2026-06-04 08:58:13.510 Z] [WARN] [cadence.virtuoso.ade.simulationMonitor] -     WARNING (CMI-2425): I7.I3|C1(1): `Acde' = 2.393 is unusually large. {"history": "Interactive.379", "point": 59, "testname": "TIA_Gain_Linearity", "cornername": "CMOS_VDD_Res_Cap_Temp_57"}
[2026-06-04 08:58:13.510 Z] [WARN] [cadence.virtuoso.ade.simulationMonitor] -     WARNING (CMI-2425): I7.I3|C1(1): `Noff' = 4.732 is unusually large. {"history": "Interactive.379", "point": 59, "testname": "TIA_Gain_Linearity", "cornername": "CMOS_VDD_Res_Cap_Temp_57"}
[2026-06-04 08:58:13.511 Z] [WARN] [cadence.virtuoso.ade.simulationMonitor] -     WARNING (CMI-2424): I7.I3|C1(1): `Voffcv' = -867.4e-03 is unusually small. {"history": "Interactive.379", "point": 59, "testname": "TIA_Gain_Linearity", "cornername": "CMOS_VDD_Res_Cap_Temp_57"}
[2026-06-04 08:58:13.511 Z] [WARN] [cadence.virtuoso.ade.simulationMonitor] -     WARNING (CMI-2425): I7.I3|C1(2): `Acde' = 2.393 is unusually large.
        Further occurrences of this warning will be suppressed. {"history": "Interactive.379", "point": 59, "testname": "TIA_Gain_Linearity", "cornername": "CMOS_VDD_Res_Cap_Temp_57"}
[2026-06-04 08:58:13.511 Z] [WARN] [cadence.virtuoso.ade.simulationMonitor] -     WARNING (CMI-2424): I7.I3|C1(2): `Voffcv' = -867.4e-03 is unusually small. {"history": "Interactive.379", "point": 59, "testname": "TIA_Gain_Linearity", "cornername": "CMOS_VDD_Res_Cap_Temp_57"}
[2026-06-04 08:58:13.511 Z] [WARN] [cadence.virtuoso.ade.simulationMonitor] -     WARNING (CMI-2424): I7.I3|C1(3): `Voffcv' = -867.4e-03 is unusually small. {"history": "Interactive.379", "point": 59, "testname": "TIA_Gain_Linearity", "cornername": "CMOS_VDD_Res_Cap_Temp_57"}
[2026-06-04 08:58:13.511 Z] [WARN] [cadence.virtuoso.ade.simulationMonitor] -     WARNING (CMI-2424): I7.I3|C1(4): `Voffcv' = -867.4e-03 is unusually small.
        Further occurrences of this warning will be suppressed. {"history": "Interactive.379", "point": 59, "testname": "TIA_Gain_Linearity", "cornername": "CMOS_VDD_Res_Cap_Temp_57"}
[2026-06-04 08:58:19.513 Z] [INFO] [cadence.virtuoso.ade.simulationMonitor] - Notice from spectre during DC analysis, during AC analysis `ac'.
    Bad pivoting is found during DC analysis. Option dc_pivot_check=yes is recommended for possible improvement of convergence. {"history": "Interactive.379", "point": 59, "testname": "TIA_Gain_Linearity", "cornername": "CMOS_VDD_Res_Cap_Temp_57"}
[2026-06-04 08:58:19.514 Z] [WARN] [cadence.virtuoso.ade.simulationMonitor] -     WARNING (CMI-2943): Parameter checks have been ignored because the valid value for parameter 'trise' could not be found in 'C0'. {"history": "Interactive.379", "point": 59, "testname": "TIA_Gain_Linearity", "cornername": "CMOS_VDD_Res_Cap_Temp_57"}
[2026-06-04 08:58:19.514 Z] [WARN] [cadence.virtuoso.ade.simulationMonitor] -     WARNING (CMI-2943): Parameter checks have been ignored because the valid value for parameter 'trise' could not be found in 'C1'. {"history": "Interactive.379", "point": 59, "testname": "TIA_Gain_Linearity", "cornername": "CMOS_VDD_Res_Cap_Temp_57"}
[2026-06-04 08:58:19.514 Z] [WARN] [cadence.virtuoso.ade.simulationMonitor] -     WARNING (CMI-2943): Parameter checks have been ignored because the valid value for parameter 'trise' could not be found in 'C11'. {"history": "Interactive.379", "point": 59, "testname": "TIA_Gain_Linearity", "cornername": "CMOS_VDD_Res_Cap_Temp_57"}
[2026-06-04 08:58:19.515 Z] [WARN] [cadence.virtuoso.ade.simulationMonitor] -     WARNING (CMI-2943): Parameter checks have been ignored because the valid value for parameter 'trise' could not be found in 'C12'. {"history": "Interactive.379", "point": 59, "testname": "TIA_Gain_Linearity", "cornername": "CMOS_VDD_Res_Cap_Temp_57"}
[2026-06-04 08:58:19.515 Z] [WARN] [cadence.virtuoso.ade.simulationMonitor] -     WARNING (CMI-2943): Parameter checks have been ignored because the valid value for parameter 'trise' could not be found in 'C5'.
        Further occurrences of this warning will be suppressed. {"history": "Interactive.379", "point": 59, "testname": "TIA_Gain_Linearity", "cornername": "CMOS_VDD_Res_Cap_Temp_57"}
[2026-06-04 08:58:19.515 Z] [INFO] [cadence.virtuoso.ade.simulationMonitor] - Notice from spectre during check, during DC analysis, during AC analysis `ac'.
    I0.I5.RLIB_GC1 of rdiffp3: `ig' has the unusually large value of -15.4669 A.
    I0.I3.RLIB_GC2 of rdiffp3: `ig' has the unusually large value of -15.4669 A. {"history": "Interactive.379", "point": 59, "testname": "TIA_Gain_Linearity", "cornername": "CMOS_VDD_Res_Cap_Temp_57"}
[2026-06-04 08:58:37.521 Z] [INFO] [cadence.virtuoso.ade.simulationMonitor] - Total time required for ac analysis `ac': CPU = 91.5654 s (1m  31.6s), elapsed = 24.0176 s, util. = 381%. {"history": "Interactive.379", "point": 59, "testname": "TIA_Gain_Linearity", "cornername": "CMOS_VDD_Res_Cap_Temp_57"}
[2026-06-04 08:58:37.521 Z] [INFO] [cadence.virtuoso.ade.simulationMonitor] - Peak resident memory used = 482 Mbytes. {"history": "Interactive.379", "point": 59, "testname": "TIA_Gain_Linearity", "cornername": "CMOS_VDD_Res_Cap_Temp_57"}
[2026-06-04 08:58:37.522 Z] [INFO] [cadence.virtuoso.ade.simulationMonitor] - Notice from spectre.
    1370 warnings suppressed. {"history": "Interactive.379", "point": 59, "testname": "TIA_Gain_Linearity", "cornername": "CMOS_VDD_Res_Cap_Temp_57"}
[2026-06-04 08:58:37.522 Z] [WARN] [cadence.virtuoso.ade.simulationMonitor] -     WARNING (CMI-2425): I7.I3|C1(0): `Acde' = 2.393 is unusually large. {"history": "Interactive.379", "point": 59, "testname": "TIA_Gain_Linearity", "cornername": "CMOS_VDD_Res_Cap_Temp_57"}
[2026-06-04 08:58:37.522 Z] [WARN] [cadence.virtuoso.ade.simulationMonitor] -     WARNING (CMI-2425): I7.I3|C1(0): `Noff' = 4.732 is unusually large. {"history": "Interactive.379", "point": 59, "testname": "TIA_Gain_Linearity", "cornername": "CMOS_VDD_Res_Cap_Temp_57"}
[2026-06-04 08:58:37.522 Z] [WARN] [cadence.virtuoso.ade.simulationMonitor] -     WARNING (CMI-2424): I7.I3|C1(0): `Voffcv' = -867.4e-03 is unusually small. {"history": "Interactive.379", "point": 59, "testname": "TIA_Gain_Linearity", "cornername": "CMOS_VDD_Res_Cap_Temp_57"}
[2026-06-04 08:58:37.522 Z] [WARN] [cadence.virtuoso.ade.simulationMonitor] -     WARNING (CMI-2425): I7.I3|C1(1): `Acde' = 2.393 is unusually large. {"history": "Interactive.379", "point": 59, "testname": "TIA_Gain_Linearity", "cornername": "CMOS_VDD_Res_Cap_Temp_57"}
[2026-06-04 08:58:37.523 Z] [WARN] [cadence.virtuoso.ade.simulationMonitor] -     WARNING (CMI-2425): I7.I3|C1(1): `Noff' = 4.732 is unusually large. {"history": "Interactive.379", "point": 59, "testname": "TIA_Gain_Linearity", "cornername": "CMOS_VDD_Res_Cap_Temp_57"}
[2026-06-04 08:58:37.523 Z] [WARN] [cadence.virtuoso.ade.simulationMonitor] -     WARNING (CMI-2424): I7.I3|C1(1): `Voffcv' = -867.4e-03 is unusually small. {"history": "Interactive.379", "point": 59, "testname": "TIA_Gain_Linearity", "cornername": "CMOS_VDD_Res_Cap_Temp_57"}
[2026-06-04 08:58:37.523 Z] [WARN] [cadence.virtuoso.ade.simulationMonitor] -     WARNING (CMI-2425): I7.I3|C1(2): `Acde' = 2.393 is unusually large.
        Further occurrences of this warning will be suppressed. {"history": "Interactive.379", "point": 59, "testname": "TIA_Gain_Linearity", "cornername": "CMOS_VDD_Res_Cap_Temp_57"}
[2026-06-04 08:58:37.523 Z] [WARN] [cadence.virtuoso.ade.simulationMonitor] -     WARNING (CMI-2424): I7.I3|C1(2): `Voffcv' = -867.4e-03 is unusually small. {"history": "Interactive.379", "point": 59, "testname": "TIA_Gain_Linearity", "cornername": "CMOS_VDD_Res_Cap_Temp_57"}
[2026-06-04 08:58:37.523 Z] [WARN] [cadence.virtuoso.ade.simulationMonitor] -     WARNING (CMI-2424): I7.I3|C1(3): `Voffcv' = -867.4e-03 is unusually small. {"history": "Interactive.379", "point": 59, "testname": "TIA_Gain_Linearity", "cornername": "CMOS_VDD_Res_Cap_Temp_57"}
[2026-06-04 08:58:37.523 Z] [WARN] [cadence.virtuoso.ade.simulationMonitor] -     WARNING (CMI-2424): I7.I3|C1(4): `Voffcv' = -867.4e-03 is unusually small.
        Further occurrences of this warning will be suppressed. {"history": "Interactive.379", "point": 59, "testname": "TIA_Gain_Linearity", "cornername": "CMOS_VDD_Res_Cap_Temp_57"}
[2026-06-04 08:58:37.524 Z] [INFO] [cadence.virtuoso.ade.simulationMonitor] - Notice from spectre during Noise analysis `noise'.
    Operating points will not be recomputed: the circuit and conditions were not changed since previous analysis. {"history": "Interactive.379", "point": 59, "testname": "TIA_Gain_Linearity", "cornername": "CMOS_VDD_Res_Cap_Temp_57"}
[2026-06-04 08:58:43.026 Z] [INFO] [cadence.virtuoso.ade.simulationMonitor] - Total time required for noise analysis `noise': CPU = 11.3606 s, elapsed = 5.58089 s, util. = 204%. {"history": "Interactive.379", "point": 59, "testname": "TIA_Gain_Linearity", "cornername": "CMOS_VDD_Res_Cap_Temp_57"}
[2026-06-04 08:58:43.026 Z] [INFO] [cadence.virtuoso.ade.simulationMonitor] - Peak resident memory used = 484 Mbytes. {"history": "Interactive.379", "point": 59, "testname": "TIA_Gain_Linearity", "cornername": "CMOS_VDD_Res_Cap_Temp_57"}
[2026-06-04 08:58:43.027 Z] [INFO] [cadence.virtuoso.ade.simulationMonitor] - Notice from spectre.
    77 warnings suppressed. {"history": "Interactive.379", "point": 59, "testname": "TIA_Gain_Linearity", "cornername": "CMOS_VDD_Res_Cap_Temp_57"}
[2026-06-04 08:58:43.528 Z] [INFO] [cadence.virtuoso.ade.simulationMonitor] - Time used: CPU = 176 s (2m  55.7s), elapsed = 59.4 s, util. = 296%. {"history": "Interactive.379", "point": 59, "testname": "TIA_Gain_Linearity", "cornername": "CMOS_VDD_Res_Cap_Temp_57"}
[2026-06-04 08:58:43.528 Z] [INFO] [cadence.virtuoso.ade.simulationMonitor] - Time spent in licensing: elapsed = 84 ms. {"history": "Interactive.379", "point": 59, "testname": "TIA_Gain_Linearity", "cornername": "CMOS_VDD_Res_Cap_Temp_57"}
[2026-06-04 08:58:43.529 Z] [INFO] [cadence.virtuoso.ade.simulationMonitor] - Peak memory used = 484 Mbytes. {"history": "Interactive.379", "point": 59, "testname": "TIA_Gain_Linearity", "cornername": "CMOS_VDD_Res_Cap_Temp_57"}
[2026-06-04 08:58:43.531 Z] [PROCESS] [cadence.virtuoso.ade.simulationMonitor] - Simulation started at: 8:57:43 AM, Thur Jun 4, 2026, ended at: 8:58:43 AM, Thur Jun 4, 2026, with elapsed time (wall clock): 59.4 s. {"history": "Interactive.379", "point": 59, "testname": "TIA_Gain_Linearity", "cornername": "CMOS_VDD_Res_Cap_Temp_57"}
[2026-06-04 08:58:43.531 Z] [PROCESS] [cadence.virtuoso.ade.simulationMonitor] - spectre completes with 0 errors, 85 warnings, and 46 notices. {"history": "Interactive.379", "point": 59, "testname": "TIA_Gain_Linearity", "cornername": "CMOS_VDD_Res_Cap_Temp_57"}
[2026-06-04 08:58:43.531 Z] [PROCESS] [cadence.virtuoso.ade.simulationMonitor] - Finished simulating for one point {"hostname": "il2244vt26_hrahimi", "processid": 2886028, "history": "Interactive.379", "testname": "TIA_Gain_Linearity", "cornername": "CMOS_VDD_Res_Cap_Temp_57", "point": 59, "logfile": "/home/hrahimi/projects/POTENTIOSTAT_26/logs_hrahimi/logs0/Job77.log", "simid": "8"}
[2026-06-04 08:58:43.531 Z] [PROCESS] [cadence.virtuoso.ade.simulationMonitor] - Simulator exited {"hostname": "il2244vt26_hrahimi", "processid": 2886028, "history": "Interactive.379", "testname": "TIA_Gain_Linearity", "cornername": "CMOS_VDD_Res_Cap_Temp_57", "point": 59, "logfile": "/home/hrahimi/projects/POTENTIOSTAT_26/logs_hrahimi/logs0/Job77.log", "exitStatus": "0"}
[2026-06-04 08:58:43.532 Z] [PROCESS] [cadence.virtuoso.ade.simulationMonitor] - Finished Simulation {"hostname": "il2244vt26_hrahimi", "processid": 2886028, "history": "Interactive.379", "testname": "TIA_Gain_Linearity", "cornername": "CMOS_VDD_Res_Cap_Temp_57", "point": 59, "logfile": "/home/hrahimi/projects/POTENTIOSTAT_26/logs_hrahimi/logs0/Job77.log", "simid": "8"}
[2026-06-04 08:58:47.044 Z] [PROCESS] [cadence.virtuoso.ade.simulationMonitor] - Point Finished {"hostname": "il2244vt26_hrahimi", "processid": 2886028, "history": "Interactive.379", "testname": "TIA_Gain_Linearity", "cornername": "CMOS_VDD_Res_Cap_Temp_57", "point": 59, "logfile": "/home/hrahimi/projects/POTENTIOSTAT_26/logs_hrahimi/logs0/Job77.log"}
[2026-06-04 08:58:47.053 Z] [PROCESS] [cadence.virtuoso.ade.simulationMonitor] - Padding test token found for runId '44', Linger time '300', currentRunSyn '85', currentTestSyn '143' {"hostname": "il2244vt26_hrahimi", "processid": 2886028, "history": "Interactive.379", "testname": "TIA_Gain_Linearity", "cornername": "CMOS_VDD_Res_Cap_Temp_57", "point": 59, "logfile": "/home/hrahimi/projects/POTENTIOSTAT_26/logs_hrahimi/logs0/Job77.log"}
[2026-06-04 08:58:48.066 Z] [PROCESS] [cadence.virtuoso.ade.simulationMonitor] - Padding test token found for runId '44', Linger time '300', currentRunSyn '85', currentTestSyn '143' {"hostname": "il2244vt26_hrahimi", "processid": 2886028, "history": "Interactive.379", "testname": "TIA_Gain_Linearity", "cornername": "CMOS_VDD_Res_Cap_Temp_57", "point": 59, "logfile": "/home/hrahimi/projects/POTENTIOSTAT_26/logs_hrahimi/logs0/Job77.log"}
[2026-06-04 08:58:48.072 Z] [PROCESS] [cadence.virtuoso.ade.simulationMonitor] - Stay with the runId '44', Linger time '300', currentRunSyn '85', currentTestSyn '143' {"hostname": "il2244vt26_hrahimi", "processid": 2886028, "history": "Interactive.379", "testname": "TIA_Gain_Linearity", "cornername": "CMOS_VDD_Res_Cap_Temp_57", "point": 59, "logfile": "/home/hrahimi/projects/POTENTIOSTAT_26/logs_hrahimi/logs0/Job77.log"}
[2026-06-04 08:58:49.080 Z] [PROCESS] [cadence.virtuoso.ade.simulationMonitor] - Stay with the runId '44', Linger time '300', currentRunSyn '85', currentTestSyn '143' {"hostname": "il2244vt26_hrahimi", "processid": 2886028, "history": "Interactive.379", "testname": "TIA_Gain_Linearity", "cornername": "CMOS_VDD_Res_Cap_Temp_57", "point": 59, "logfile": "/home/hrahimi/projects/POTENTIOSTAT_26/logs_hrahimi/logs0/Job77.log"}
[2026-06-04 08:58:50.086 Z] [PROCESS] [cadence.virtuoso.ade.simulationMonitor] - Padding test token found for runId '44', Linger time '300', currentRunSyn '85', currentTestSyn '143' {"hostname": "il2244vt26_hrahimi", "processid": 2886028, "history": "Interactive.379", "testname": "TIA_Gain_Linearity", "cornername": "CMOS_VDD_Res_Cap_Temp_57", "point": 59, "logfile": "/home/hrahimi/projects/POTENTIOSTAT_26/logs_hrahimi/logs0/Job77.log"}
[2026-06-04 08:58:50.090 Z] [PROCESS] [cadence.virtuoso.ade.simulationMonitor] - Stay with the runId '44', Linger time '300', currentRunSyn '85', currentTestSyn '143' {"hostname": "il2244vt26_hrahimi", "processid": 2886028, "history": "Interactive.379", "testname": "TIA_Gain_Linearity", "cornername": "CMOS_VDD_Res_Cap_Temp_57", "point": 59, "logfile": "/home/hrahimi/projects/POTENTIOSTAT_26/logs_hrahimi/logs0/Job77.log"}
[2026-06-04 08:58:51.101 Z] [PROCESS] [cadence.virtuoso.ade.simulationMonitor] - Padding test token found for runId '44', Linger time '300', currentRunSyn '85', currentTestSyn '143' {"hostname": "il2244vt26_hrahimi", "processid": 2886028, "history": "Interactive.379", "testname": "TIA_Gain_Linearity", "cornername": "CMOS_VDD_Res_Cap_Temp_57", "point": 59, "logfile": "/home/hrahimi/projects/POTENTIOSTAT_26/logs_hrahimi/logs0/Job77.log"}
[2026-06-04 08:58:51.107 Z] [PROCESS] [cadence.virtuoso.ade.simulationMonitor] - Stay with the runId '44', Linger time '300', currentRunSyn '85', currentTestSyn '143' {"hostname": "il2244vt26_hrahimi", "processid": 2886028, "history": "Interactive.379", "testname": "TIA_Gain_Linearity", "cornername": "CMOS_VDD_Res_Cap_Temp_57", "point": 59, "logfile": "/home/hrahimi/projects/POTENTIOSTAT_26/logs_hrahimi/logs0/Job77.log"}
[2026-06-04 08:58:52.110 Z] [PROCESS] [cadence.virtuoso.ade.simulationMonitor] - Stay with the runId '44', Linger time '300', currentRunSyn '85', currentTestSyn '143' {"hostname": "il2244vt26_hrahimi", "processid": 2886028, "history": "Interactive.379", "testname": "TIA_Gain_Linearity", "cornername": "CMOS_VDD_Res_Cap_Temp_57", "point": 59, "logfile": "/home/hrahimi/projects/POTENTIOSTAT_26/logs_hrahimi/logs0/Job77.log"}
[2026-06-04 08:58:53.117 Z] [PROCESS] [cadence.virtuoso.ade.simulationMonitor] - Stay with the runId '44', Linger time '300', currentRunSyn '85', currentTestSyn '143' {"hostname": "il2244vt26_hrahimi", "processid": 2886028, "history": "Interactive.379", "testname": "TIA_Gain_Linearity", "cornername": "CMOS_VDD_Res_Cap_Temp_57", "point": 59, "logfile": "/home/hrahimi/projects/POTENTIOSTAT_26/logs_hrahimi/logs0/Job77.log"}
[2026-06-04 08:58:54.120 Z] [PROCESS] [cadence.virtuoso.ade.simulationMonitor] - Stay with the runId '44', Linger time '300', currentRunSyn '85', currentTestSyn '143' {"hostname": "il2244vt26_hrahimi", "processid": 2886028, "history": "Interactive.379", "testname": "TIA_Gain_Linearity", "cornername": "CMOS_VDD_Res_Cap_Temp_57", "point": 59, "logfile": "/home/hrahimi/projects/POTENTIOSTAT_26/logs_hrahimi/logs0/Job77.log"}
[2026-06-04 08:58:55.128 Z] [PROCESS] [cadence.virtuoso.ade.simulationMonitor] - Padding test token found for runId '44', Linger time '300', currentRunSyn '85', currentTestSyn '143' {"hostname": "il2244vt26_hrahimi", "processid": 2886028, "history": "Interactive.379", "testname": "TIA_Gain_Linearity", "cornername": "CMOS_VDD_Res_Cap_Temp_57", "point": 59, "logfile": "/home/hrahimi/projects/POTENTIOSTAT_26/logs_hrahimi/logs0/Job77.log"}
[2026-06-04 08:58:55.134 Z] [PROCESS] [cadence.virtuoso.ade.simulationMonitor] - Stay with the runId '44', Linger time '300', currentRunSyn '85', currentTestSyn '143' {"hostname": "il2244vt26_hrahimi", "processid": 2886028, "history": "Interactive.379", "testname": "TIA_Gain_Linearity", "cornername": "CMOS_VDD_Res_Cap_Temp_57", "point": 59, "logfile": "/home/hrahimi/projects/POTENTIOSTAT_26/logs_hrahimi/logs0/Job77.log"}
[2026-06-04 08:58:56.140 Z] [PROCESS] [cadence.virtuoso.ade.simulationMonitor] - Padding test token found for runId '44', Linger time '300', currentRunSyn '85', currentTestSyn '143' {"hostname": "il2244vt26_hrahimi", "processid": 2886028, "history": "Interactive.379", "testname": "TIA_Gain_Linearity", "cornername": "CMOS_VDD_Res_Cap_Temp_57", "point": 59, "logfile": "/home/hrahimi/projects/POTENTIOSTAT_26/logs_hrahimi/logs0/Job77.log"}
[2026-06-04 08:58:56.145 Z] [PROCESS] [cadence.virtuoso.ade.simulationMonitor] - Stay with the runId '44', Linger time '300', currentRunSyn '85', currentTestSyn '143' {"hostname": "il2244vt26_hrahimi", "processid": 2886028, "history": "Interactive.379", "testname": "TIA_Gain_Linearity", "cornername": "CMOS_VDD_Res_Cap_Temp_57", "point": 59, "logfile": "/home/hrahimi/projects/POTENTIOSTAT_26/logs_hrahimi/logs0/Job77.log"}
[2026-06-04 08:58:57.149 Z] [PROCESS] [cadence.virtuoso.ade.simulationMonitor] - Stay with the runId '44', Linger time '300', currentRunSyn '85', currentTestSyn '143' {"hostname": "il2244vt26_hrahimi", "processid": 2886028, "history": "Interactive.379", "testname": "TIA_Gain_Linearity", "cornername": "CMOS_VDD_Res_Cap_Temp_57", "point": 59, "logfile": "/home/hrahimi/projects/POTENTIOSTAT_26/logs_hrahimi/logs0/Job77.log"}
[2026-06-04 08:58:58.157 Z] [PROCESS] [cadence.virtuoso.ade.simulationMonitor] - Padding test token found for runId '44', Linger time '300', currentRunSyn '85', currentTestSyn '143' {"hostname": "il2244vt26_hrahimi", "processid": 2886028, "history": "Interactive.379", "testname": "TIA_Gain_Linearity", "cornername": "CMOS_VDD_Res_Cap_Temp_57", "point": 59, "logfile": "/home/hrahimi/projects/POTENTIOSTAT_26/logs_hrahimi/logs0/Job77.log"}
[2026-06-04 08:58:58.162 Z] [PROCESS] [cadence.virtuoso.ade.simulationMonitor] - Stay with the runId '44', Linger time '300', currentRunSyn '85', currentTestSyn '143' {"hostname": "il2244vt26_hrahimi", "processid": 2886028, "history": "Interactive.379", "testname": "TIA_Gain_Linearity", "cornername": "CMOS_VDD_Res_Cap_Temp_57", "point": 59, "logfile": "/home/hrahimi/projects/POTENTIOSTAT_26/logs_hrahimi/logs0/Job77.log"}
[2026-06-04 08:58:59.166 Z] [PROCESS] [cadence.virtuoso.ade.simulationMonitor] - Stay with the runId '44', Linger time '300', currentRunSyn '85', currentTestSyn '143' {"hostname": "il2244vt26_hrahimi", "processid": 2886028, "history": "Interactive.379", "testname": "TIA_Gain_Linearity", "cornername": "CMOS_VDD_Res_Cap_Temp_57", "point": 59, "logfile": "/home/hrahimi/projects/POTENTIOSTAT_26/logs_hrahimi/logs0/Job77.log"}
[2026-06-04 08:59:00.175 Z] [PROCESS] [cadence.virtuoso.ade.simulationMonitor] - Padding test token found for runId '44', Linger time '300', currentRunSyn '85', currentTestSyn '143' {"hostname": "il2244vt26_hrahimi", "processid": 2886028, "history": "Interactive.379", "testname": "TIA_Gain_Linearity", "cornername": "CMOS_VDD_Res_Cap_Temp_57", "point": 59, "logfile": "/home/hrahimi/projects/POTENTIOSTAT_26/logs_hrahimi/logs0/Job77.log"}
[2026-06-04 08:59:00.181 Z] [PROCESS] [cadence.virtuoso.ade.simulationMonitor] - Stay with the runId '44', Linger time '300', currentRunSyn '85', currentTestSyn '143' {"hostname": "il2244vt26_hrahimi", "processid": 2886028, "history": "Interactive.379", "testname": "TIA_Gain_Linearity", "cornername": "CMOS_VDD_Res_Cap_Temp_57", "point": 59, "logfile": "/home/hrahimi/projects/POTENTIOSTAT_26/logs_hrahimi/logs0/Job77.log"}
[2026-06-04 08:59:01.191 Z] [PROCESS] [cadence.virtuoso.ade.simulationMonitor] - Padding test token found for runId '44', Linger time '300', currentRunSyn '85', currentTestSyn '143' {"hostname": "il2244vt26_hrahimi", "processid": 2886028, "history": "Interactive.379", "testname": "TIA_Gain_Linearity", "cornername": "CMOS_VDD_Res_Cap_Temp_57", "point": 59, "logfile": "/home/hrahimi/projects/POTENTIOSTAT_26/logs_hrahimi/logs0/Job77.log"}
[2026-06-04 08:59:01.197 Z] [PROCESS] [cadence.virtuoso.ade.simulationMonitor] - Stay with the runId '44', Linger time '300', currentRunSyn '85', currentTestSyn '143' {"hostname": "il2244vt26_hrahimi", "processid": 2886028, "history": "Interactive.379", "testname": "TIA_Gain_Linearity", "cornername": "CMOS_VDD_Res_Cap_Temp_57", "point": 59, "logfile": "/home/hrahimi/projects/POTENTIOSTAT_26/logs_hrahimi/logs0/Job77.log"}
[2026-06-04 08:59:02.207 Z] [PROCESS] [cadence.virtuoso.ade.simulationMonitor] - Padding test token found for runId '44', Linger time '300', currentRunSyn '85', currentTestSyn '143' {"hostname": "il2244vt26_hrahimi", "processid": 2886028, "history": "Interactive.379", "testname": "TIA_Gain_Linearity", "cornername": "CMOS_VDD_Res_Cap_Temp_57", "point": 59, "logfile": "/home/hrahimi/projects/POTENTIOSTAT_26/logs_hrahimi/logs0/Job77.log"}
[2026-06-04 08:59:02.215 Z] [PROCESS] [cadence.virtuoso.ade.simulationMonitor] - Stay with the runId '44', Linger time '300', currentRunSyn '85', currentTestSyn '143' {"hostname": "il2244vt26_hrahimi", "processid": 2886028, "history": "Interactive.379", "testname": "TIA_Gain_Linearity", "cornername": "CMOS_VDD_Res_Cap_Temp_57", "point": 59, "logfile": "/home/hrahimi/projects/POTENTIOSTAT_26/logs_hrahimi/logs0/Job77.log"}
[2026-06-04 08:59:03.220 Z] [PROCESS] [cadence.virtuoso.ade.simulationMonitor] - Padding test token found for runId '44', Linger time '300', currentRunSyn '85', currentTestSyn '143' {"hostname": "il2244vt26_hrahimi", "processid": 2886028, "history": "Interactive.379", "testname": "TIA_Gain_Linearity", "cornername": "CMOS_VDD_Res_Cap_Temp_57", "point": 59, "logfile": "/home/hrahimi/projects/POTENTIOSTAT_26/logs_hrahimi/logs0/Job77.log"}
[2026-06-04 08:59:03.225 Z] [PROCESS] [cadence.virtuoso.ade.simulationMonitor] - Stay with the runId '44', Linger time '300', currentRunSyn '85', currentTestSyn '143' {"hostname": "il2244vt26_hrahimi", "processid": 2886028, "history": "Interactive.379", "testname": "TIA_Gain_Linearity", "cornername": "CMOS_VDD_Res_Cap_Temp_57", "point": 59, "logfile": "/home/hrahimi/projects/POTENTIOSTAT_26/logs_hrahimi/logs0/Job77.log"}
[2026-06-04 08:59:04.232 Z] [PROCESS] [cadence.virtuoso.ade.simulationMonitor] - Padding test token found for runId '44', Linger time '300', currentRunSyn '85', currentTestSyn '143' {"hostname": "il2244vt26_hrahimi", "processid": 2886028, "history": "Interactive.379", "testname": "TIA_Gain_Linearity", "cornername": "CMOS_VDD_Res_Cap_Temp_57", "point": 59, "logfile": "/home/hrahimi/projects/POTENTIOSTAT_26/logs_hrahimi/logs0/Job77.log"}
[2026-06-04 08:59:04.237 Z] [PROCESS] [cadence.virtuoso.ade.simulationMonitor] - Stay with the runId '44', Linger time '300', currentRunSyn '85', currentTestSyn '143' {"hostname": "il2244vt26_hrahimi", "processid": 2886028, "history": "Interactive.379", "testname": "TIA_Gain_Linearity", "cornername": "CMOS_VDD_Res_Cap_Temp_57", "point": 59, "logfile": "/home/hrahimi/projects/POTENTIOSTAT_26/logs_hrahimi/logs0/Job77.log"}
[2026-06-04 08:59:05.246 Z] [PROCESS] [cadence.virtuoso.ade.simulationMonitor] - Stay with the runId '44', Linger time '300', currentRunSyn '85', currentTestSyn '143' {"hostname": "il2244vt26_hrahimi", "processid": 2886028, "history": "Interactive.379", "testname": "TIA_Gain_Linearity", "cornername": "CMOS_VDD_Res_Cap_Temp_57", "point": 59, "logfile": "/home/hrahimi/projects/POTENTIOSTAT_26/logs_hrahimi/logs0/Job77.log"}
[2026-06-04 08:59:06.254 Z] [PROCESS] [cadence.virtuoso.ade.simulationMonitor] - Padding test token found for runId '44', Linger time '300', currentRunSyn '85', currentTestSyn '143' {"hostname": "il2244vt26_hrahimi", "processid": 2886028, "history": "Interactive.379", "testname": "TIA_Gain_Linearity", "cornername": "CMOS_VDD_Res_Cap_Temp_57", "point": 59, "logfile": "/home/hrahimi/projects/POTENTIOSTAT_26/logs_hrahimi/logs0/Job77.log"}
[2026-06-04 08:59:06.261 Z] [PROCESS] [cadence.virtuoso.ade.simulationMonitor] - Stay with the runId '44', Linger time '300', currentRunSyn '85', currentTestSyn '143' {"hostname": "il2244vt26_hrahimi", "processid": 2886028, "history": "Interactive.379", "testname": "TIA_Gain_Linearity", "cornername": "CMOS_VDD_Res_Cap_Temp_57", "point": 59, "logfile": "/home/hrahimi/projects/POTENTIOSTAT_26/logs_hrahimi/logs0/Job77.log"}
[2026-06-04 08:59:07.270 Z] [PROCESS] [cadence.virtuoso.ade.simulationMonitor] - Padding test token found for runId '44', Linger time '300', currentRunSyn '85', currentTestSyn '143' {"hostname": "il2244vt26_hrahimi", "processid": 2886028, "history": "Interactive.379", "testname": "TIA_Gain_Linearity", "cornername": "CMOS_VDD_Res_Cap_Temp_57", "point": 59, "logfile": "/home/hrahimi/projects/POTENTIOSTAT_26/logs_hrahimi/logs0/Job77.log"}
[2026-06-04 08:59:07.278 Z] [PROCESS] [cadence.virtuoso.ade.simulationMonitor] - Stay with the runId '44', Linger time '300', currentRunSyn '85', currentTestSyn '143' {"hostname": "il2244vt26_hrahimi", "processid": 2886028, "history": "Interactive.379", "testname": "TIA_Gain_Linearity", "cornername": "CMOS_VDD_Res_Cap_Temp_57", "point": 59, "logfile": "/home/hrahimi/projects/POTENTIOSTAT_26/logs_hrahimi/logs0/Job77.log"}
[2026-06-04 08:59:08.284 Z] [PROCESS] [cadence.virtuoso.ade.simulationMonitor] - Stay with the runId '44', Linger time '300', currentRunSyn '85', currentTestSyn '143' {"hostname": "il2244vt26_hrahimi", "processid": 2886028, "history": "Interactive.379", "testname": "TIA_Gain_Linearity", "cornername": "CMOS_VDD_Res_Cap_Temp_57", "point": 59, "logfile": "/home/hrahimi/projects/POTENTIOSTAT_26/logs_hrahimi/logs0/Job77.log"}
[2026-06-04 08:59:09.292 Z] [PROCESS] [cadence.virtuoso.ade.simulationMonitor] - Padding test token found for runId '44', Linger time '300', currentRunSyn '85', currentTestSyn '143' {"hostname": "il2244vt26_hrahimi", "processid": 2886028, "history": "Interactive.379", "testname": "TIA_Gain_Linearity", "cornername": "CMOS_VDD_Res_Cap_Temp_57", "point": 59, "logfile": "/home/hrahimi/projects/POTENTIOSTAT_26/logs_hrahimi/logs0/Job77.log"}
[2026-06-04 08:59:09.298 Z] [PROCESS] [cadence.virtuoso.ade.simulationMonitor] - Stay with the runId '44', Linger time '300', currentRunSyn '85', currentTestSyn '143' {"hostname": "il2244vt26_hrahimi", "processid": 2886028, "history": "Interactive.379", "testname": "TIA_Gain_Linearity", "cornername": "CMOS_VDD_Res_Cap_Temp_57", "point": 59, "logfile": "/home/hrahimi/projects/POTENTIOSTAT_26/logs_hrahimi/logs0/Job77.log"}
[2026-06-04 08:59:10.305 Z] [PROCESS] [cadence.virtuoso.ade.simulationMonitor] - Stay with the runId '44', Linger time '300', currentRunSyn '85', currentTestSyn '143' {"hostname": "il2244vt26_hrahimi", "processid": 2886028, "history": "Interactive.379", "testname": "TIA_Gain_Linearity", "cornername": "CMOS_VDD_Res_Cap_Temp_57", "point": 59, "logfile": "/home/hrahimi/projects/POTENTIOSTAT_26/logs_hrahimi/logs0/Job77.log"}
[2026-06-04 08:59:11.314 Z] [PROCESS] [cadence.virtuoso.ade.simulationMonitor] - Padding test token found for runId '44', Linger time '300', currentRunSyn '85', currentTestSyn '143' {"hostname": "il2244vt26_hrahimi", "processid": 2886028, "history": "Interactive.379", "testname": "TIA_Gain_Linearity", "cornername": "CMOS_VDD_Res_Cap_Temp_57", "point": 59, "logfile": "/home/hrahimi/projects/POTENTIOSTAT_26/logs_hrahimi/logs0/Job77.log"}
[2026-06-04 08:59:11.320 Z] [PROCESS] [cadence.virtuoso.ade.simulationMonitor] - Stay with the runId '44', Linger time '300', currentRunSyn '85', currentTestSyn '143' {"hostname": "il2244vt26_hrahimi", "processid": 2886028, "history": "Interactive.379", "testname": "TIA_Gain_Linearity", "cornername": "CMOS_VDD_Res_Cap_Temp_57", "point": 59, "logfile": "/home/hrahimi/projects/POTENTIOSTAT_26/logs_hrahimi/logs0/Job77.log"}
[2026-06-04 08:59:12.327 Z] [PROCESS] [cadence.virtuoso.ade.simulationMonitor] - Padding test token found for runId '44', Linger time '300', currentRunSyn '85', currentTestSyn '143' {"hostname": "il2244vt26_hrahimi", "processid": 2886028, "history": "Interactive.379", "testname": "TIA_Gain_Linearity", "cornername": "CMOS_VDD_Res_Cap_Temp_57", "point": 59, "logfile": "/home/hrahimi/projects/POTENTIOSTAT_26/logs_hrahimi/logs0/Job77.log"}
[2026-06-04 08:59:12.332 Z] [PROCESS] [cadence.virtuoso.ade.simulationMonitor] - Stay with the runId '44', Linger time '300', currentRunSyn '85', currentTestSyn '143' {"hostname": "il2244vt26_hrahimi", "processid": 2886028, "history": "Interactive.379", "testname": "TIA_Gain_Linearity", "cornername": "CMOS_VDD_Res_Cap_Temp_57", "point": 59, "logfile": "/home/hrahimi/projects/POTENTIOSTAT_26/logs_hrahimi/logs0/Job77.log"}
[2026-06-04 08:59:13.343 Z] [PROCESS] [cadence.virtuoso.ade.simulationMonitor] - Padding test token found for runId '44', Linger time '300', currentRunSyn '85', currentTestSyn '143' {"hostname": "il2244vt26_hrahimi", "processid": 2886028, "history": "Interactive.379", "testname": "TIA_Gain_Linearity", "cornername": "CMOS_VDD_Res_Cap_Temp_57", "point": 59, "logfile": "/home/hrahimi/projects/POTENTIOSTAT_26/logs_hrahimi/logs0/Job77.log"}
[2026-06-04 08:59:13.349 Z] [PROCESS] [cadence.virtuoso.ade.simulationMonitor] - Stay with the runId '44', Linger time '300', currentRunSyn '85', currentTestSyn '143' {"hostname": "il2244vt26_hrahimi", "processid": 2886028, "history": "Interactive.379", "testname": "TIA_Gain_Linearity", "cornername": "CMOS_VDD_Res_Cap_Temp_57", "point": 59, "logfile": "/home/hrahimi/projects/POTENTIOSTAT_26/logs_hrahimi/logs0/Job77.log"}
[2026-06-04 08:59:14.352 Z] [PROCESS] [cadence.virtuoso.ade.simulationMonitor] - Stay with the runId '44', Linger time '300', currentRunSyn '85', currentTestSyn '143' {"hostname": "il2244vt26_hrahimi", "processid": 2886028, "history": "Interactive.379", "testname": "TIA_Gain_Linearity", "cornername": "CMOS_VDD_Res_Cap_Temp_57", "point": 59, "logfile": "/home/hrahimi/projects/POTENTIOSTAT_26/logs_hrahimi/logs0/Job77.log"}
[2026-06-04 08:59:15.360 Z] [PROCESS] [cadence.virtuoso.ade.simulationMonitor] - Padding test token found for runId '44', Linger time '300', currentRunSyn '85', currentTestSyn '143' {"hostname": "il2244vt26_hrahimi", "processid": 2886028, "history": "Interactive.379", "testname": "TIA_Gain_Linearity", "cornername": "CMOS_VDD_Res_Cap_Temp_57", "point": 59, "logfile": "/home/hrahimi/projects/POTENTIOSTAT_26/logs_hrahimi/logs0/Job77.log"}
[2026-06-04 08:59:15.366 Z] [PROCESS] [cadence.virtuoso.ade.simulationMonitor] - Stay with the runId '44', Linger time '300', currentRunSyn '85', currentTestSyn '143' {"hostname": "il2244vt26_hrahimi", "processid": 2886028, "history": "Interactive.379", "testname": "TIA_Gain_Linearity", "cornername": "CMOS_VDD_Res_Cap_Temp_57", "point": 59, "logfile": "/home/hrahimi/projects/POTENTIOSTAT_26/logs_hrahimi/logs0/Job77.log"}
[2026-06-04 08:59:16.375 Z] [PROCESS] [cadence.virtuoso.ade.simulationMonitor] - Stay with the runId '44', Linger time '300', currentRunSyn '85', currentTestSyn '143' {"hostname": "il2244vt26_hrahimi", "processid": 2886028, "history": "Interactive.379", "testname": "TIA_Gain_Linearity", "cornername": "CMOS_VDD_Res_Cap_Temp_57", "point": 59, "logfile": "/home/hrahimi/projects/POTENTIOSTAT_26/logs_hrahimi/logs0/Job77.log"}
[2026-06-04 08:59:17.377 Z] [PROCESS] [cadence.virtuoso.ade.simulationMonitor] - Stay with the runId '44', Linger time '300', currentRunSyn '85', currentTestSyn '143' {"hostname": "il2244vt26_hrahimi", "processid": 2886028, "history": "Interactive.379", "testname": "TIA_Gain_Linearity", "cornername": "CMOS_VDD_Res_Cap_Temp_57", "point": 59, "logfile": "/home/hrahimi/projects/POTENTIOSTAT_26/logs_hrahimi/logs0/Job77.log"}
[2026-06-04 08:59:18.386 Z] [PROCESS] [cadence.virtuoso.ade.simulationMonitor] - Padding test token found for runId '44', Linger time '300', currentRunSyn '85', currentTestSyn '143' {"hostname": "il2244vt26_hrahimi", "processid": 2886028, "history": "Interactive.379", "testname": "TIA_Gain_Linearity", "cornername": "CMOS_VDD_Res_Cap_Temp_57", "point": 59, "logfile": "/home/hrahimi/projects/POTENTIOSTAT_26/logs_hrahimi/logs0/Job77.log"}
[2026-06-04 08:59:18.393 Z] [PROCESS] [cadence.virtuoso.ade.simulationMonitor] - Stay with the runId '44', Linger time '300', currentRunSyn '85', currentTestSyn '143' {"hostname": "il2244vt26_hrahimi", "processid": 2886028, "history": "Interactive.379", "testname": "TIA_Gain_Linearity", "cornername": "CMOS_VDD_Res_Cap_Temp_57", "point": 59, "logfile": "/home/hrahimi/projects/POTENTIOSTAT_26/logs_hrahimi/logs0/Job77.log"}
[2026-06-04 08:59:19.400 Z] [PROCESS] [cadence.virtuoso.ade.simulationMonitor] - Padding test token found for runId '44', Linger time '300', currentRunSyn '85', currentTestSyn '143' {"hostname": "il2244vt26_hrahimi", "processid": 2886028, "history": "Interactive.379", "testname": "TIA_Gain_Linearity", "cornername": "CMOS_VDD_Res_Cap_Temp_57", "point": 59, "logfile": "/home/hrahimi/projects/POTENTIOSTAT_26/logs_hrahimi/logs0/Job77.log"}
[2026-06-04 08:59:19.405 Z] [PROCESS] [cadence.virtuoso.ade.simulationMonitor] - Stay with the runId '44', Linger time '300', currentRunSyn '85', currentTestSyn '143' {"hostname": "il2244vt26_hrahimi", "processid": 2886028, "history": "Interactive.379", "testname": "TIA_Gain_Linearity", "cornername": "CMOS_VDD_Res_Cap_Temp_57", "point": 59, "logfile": "/home/hrahimi/projects/POTENTIOSTAT_26/logs_hrahimi/logs0/Job77.log"}
[2026-06-04 08:59:20.413 Z] [PROCESS] [cadence.virtuoso.ade.simulationMonitor] - Stay with the runId '44', Linger time '300', currentRunSyn '85', currentTestSyn '143' {"hostname": "il2244vt26_hrahimi", "processid": 2886028, "history": "Interactive.379", "testname": "TIA_Gain_Linearity", "cornername": "CMOS_VDD_Res_Cap_Temp_57", "point": 59, "logfile": "/home/hrahimi/projects/POTENTIOSTAT_26/logs_hrahimi/logs0/Job77.log"}
[2026-06-04 08:59:21.421 Z] [PROCESS] [cadence.virtuoso.ade.simulationMonitor] - Stay with the runId '44', Linger time '300', currentRunSyn '85', currentTestSyn '143' {"hostname": "il2244vt26_hrahimi", "processid": 2886028, "history": "Interactive.379", "testname": "TIA_Gain_Linearity", "cornername": "CMOS_VDD_Res_Cap_Temp_57", "point": 59, "logfile": "/home/hrahimi/projects/POTENTIOSTAT_26/logs_hrahimi/logs0/Job77.log"}
[2026-06-04 08:59:22.429 Z] [PROCESS] [cadence.virtuoso.ade.simulationMonitor] - Padding test token found for runId '44', Linger time '300', currentRunSyn '85', currentTestSyn '143' {"hostname": "il2244vt26_hrahimi", "processid": 2886028, "history": "Interactive.379", "testname": "TIA_Gain_Linearity", "cornername": "CMOS_VDD_Res_Cap_Temp_57", "point": 59, "logfile": "/home/hrahimi/projects/POTENTIOSTAT_26/logs_hrahimi/logs0/Job77.log"}
[2026-06-04 08:59:22.435 Z] [PROCESS] [cadence.virtuoso.ade.simulationMonitor] - Stay with the runId '44', Linger time '300', currentRunSyn '85', currentTestSyn '143' {"hostname": "il2244vt26_hrahimi", "processid": 2886028, "history": "Interactive.379", "testname": "TIA_Gain_Linearity", "cornername": "CMOS_VDD_Res_Cap_Temp_57", "point": 59, "logfile": "/home/hrahimi/projects/POTENTIOSTAT_26/logs_hrahimi/logs0/Job77.log"}
[2026-06-04 08:59:23.444 Z] [PROCESS] [cadence.virtuoso.ade.simulationMonitor] - Padding test token found for runId '44', Linger time '300', currentRunSyn '85', currentTestSyn '143' {"hostname": "il2244vt26_hrahimi", "processid": 2886028, "history": "Interactive.379", "testname": "TIA_Gain_Linearity", "cornername": "CMOS_VDD_Res_Cap_Temp_57", "point": 59, "logfile": "/home/hrahimi/projects/POTENTIOSTAT_26/logs_hrahimi/logs0/Job77.log"}
[2026-06-04 08:59:23.450 Z] [PROCESS] [cadence.virtuoso.ade.simulationMonitor] - Stay with the runId '44', Linger time '300', currentRunSyn '85', currentTestSyn '143' {"hostname": "il2244vt26_hrahimi", "processid": 2886028, "history": "Interactive.379", "testname": "TIA_Gain_Linearity", "cornername": "CMOS_VDD_Res_Cap_Temp_57", "point": 59, "logfile": "/home/hrahimi/projects/POTENTIOSTAT_26/logs_hrahimi/logs0/Job77.log"}
[2026-06-04 08:59:24.456 Z] [PROCESS] [cadence.virtuoso.ade.simulationMonitor] - Padding test token found for runId '44', Linger time '300', currentRunSyn '85', currentTestSyn '143' {"hostname": "il2244vt26_hrahimi", "processid": 2886028, "history": "Interactive.379", "testname": "TIA_Gain_Linearity", "cornername": "CMOS_VDD_Res_Cap_Temp_57", "point": 59, "logfile": "/home/hrahimi/projects/POTENTIOSTAT_26/logs_hrahimi/logs0/Job77.log"}
[2026-06-04 08:59:24.461 Z] [PROCESS] [cadence.virtuoso.ade.simulationMonitor] - Stay with the runId '44', Linger time '300', currentRunSyn '85', currentTestSyn '143' {"hostname": "il2244vt26_hrahimi", "processid": 2886028, "history": "Interactive.379", "testname": "TIA_Gain_Linearity", "cornername": "CMOS_VDD_Res_Cap_Temp_57", "point": 59, "logfile": "/home/hrahimi/projects/POTENTIOSTAT_26/logs_hrahimi/logs0/Job77.log"}
[2026-06-04 08:59:25.470 Z] [PROCESS] [cadence.virtuoso.ade.simulationMonitor] - Padding test token found for runId '44', Linger time '300', currentRunSyn '85', currentTestSyn '143' {"hostname": "il2244vt26_hrahimi", "processid": 2886028, "history": "Interactive.379", "testname": "TIA_Gain_Linearity", "cornername": "CMOS_VDD_Res_Cap_Temp_57", "point": 59, "logfile": "/home/hrahimi/projects/POTENTIOSTAT_26/logs_hrahimi/logs0/Job77.log"}
[2026-06-04 08:59:25.476 Z] [PROCESS] [cadence.virtuoso.ade.simulationMonitor] - Stay with the runId '44', Linger time '300', currentRunSyn '85', currentTestSyn '143' {"hostname": "il2244vt26_hrahimi", "processid": 2886028, "history": "Interactive.379", "testname": "TIA_Gain_Linearity", "cornername": "CMOS_VDD_Res_Cap_Temp_57", "point": 59, "logfile": "/home/hrahimi/projects/POTENTIOSTAT_26/logs_hrahimi/logs0/Job77.log"}
[2026-06-04 08:59:26.484 Z] [PROCESS] [cadence.virtuoso.ade.simulationMonitor] - Padding test token found for runId '44', Linger time '300', currentRunSyn '85', currentTestSyn '143' {"hostname": "il2244vt26_hrahimi", "processid": 2886028, "history": "Interactive.379", "testname": "TIA_Gain_Linearity", "cornername": "CMOS_VDD_Res_Cap_Temp_57", "point": 59, "logfile": "/home/hrahimi/projects/POTENTIOSTAT_26/logs_hrahimi/logs0/Job77.log"}
[2026-06-04 08:59:26.491 Z] [PROCESS] [cadence.virtuoso.ade.simulationMonitor] - Stay with the runId '44', Linger time '300', currentRunSyn '85', currentTestSyn '143' {"hostname": "il2244vt26_hrahimi", "processid": 2886028, "history": "Interactive.379", "testname": "TIA_Gain_Linearity", "cornername": "CMOS_VDD_Res_Cap_Temp_57", "point": 59, "logfile": "/home/hrahimi/projects/POTENTIOSTAT_26/logs_hrahimi/logs0/Job77.log"}
[2026-06-04 08:59:27.499 Z] [PROCESS] [cadence.virtuoso.ade.simulationMonitor] - Stay with the runId '44', Linger time '300', currentRunSyn '85', currentTestSyn '143' {"hostname": "il2244vt26_hrahimi", "processid": 2886028, "history": "Interactive.379", "testname": "TIA_Gain_Linearity", "cornername": "CMOS_VDD_Res_Cap_Temp_57", "point": 59, "logfile": "/home/hrahimi/projects/POTENTIOSTAT_26/logs_hrahimi/logs0/Job77.log"}
[2026-06-04 08:59:28.501 Z] [PROCESS] [cadence.virtuoso.ade.simulationMonitor] - Stay with the runId '44', Linger time '300', currentRunSyn '85', currentTestSyn '143' {"hostname": "il2244vt26_hrahimi", "processid": 2886028, "history": "Interactive.379", "testname": "TIA_Gain_Linearity", "cornername": "CMOS_VDD_Res_Cap_Temp_57", "point": 59, "logfile": "/home/hrahimi/projects/POTENTIOSTAT_26/logs_hrahimi/logs0/Job77.log"}
[2026-06-04 08:59:29.508 Z] [PROCESS] [cadence.virtuoso.ade.simulationMonitor] - Stay with the runId '44', Linger time '300', currentRunSyn '85', currentTestSyn '143' {"hostname": "il2244vt26_hrahimi", "processid": 2886028, "history": "Interactive.379", "testname": "TIA_Gain_Linearity", "cornername": "CMOS_VDD_Res_Cap_Temp_57", "point": 59, "logfile": "/home/hrahimi/projects/POTENTIOSTAT_26/logs_hrahimi/logs0/Job77.log"}
[2026-06-04 08:59:30.518 Z] [PROCESS] [cadence.virtuoso.ade.simulationMonitor] - Padding test token found for runId '44', Linger time '300', currentRunSyn '85', currentTestSyn '143' {"hostname": "il2244vt26_hrahimi", "processid": 2886028, "history": "Interactive.379", "testname": "TIA_Gain_Linearity", "cornername": "CMOS_VDD_Res_Cap_Temp_57", "point": 59, "logfile": "/home/hrahimi/projects/POTENTIOSTAT_26/logs_hrahimi/logs0/Job77.log"}
[2026-06-04 08:59:30.526 Z] [PROCESS] [cadence.virtuoso.ade.simulationMonitor] - Stay with the runId '44', Linger time '300', currentRunSyn '85', currentTestSyn '143' {"hostname": "il2244vt26_hrahimi", "processid": 2886028, "history": "Interactive.379", "testname": "TIA_Gain_Linearity", "cornername": "CMOS_VDD_Res_Cap_Temp_57", "point": 59, "logfile": "/home/hrahimi/projects/POTENTIOSTAT_26/logs_hrahimi/logs0/Job77.log"}
[2026-06-04 08:59:31.532 Z] [PROCESS] [cadence.virtuoso.ade.simulationMonitor] - Padding test token found for runId '44', Linger time '300', currentRunSyn '85', currentTestSyn '143' {"hostname": "il2244vt26_hrahimi", "processid": 2886028, "history": "Interactive.379", "testname": "TIA_Gain_Linearity", "cornername": "CMOS_VDD_Res_Cap_Temp_57", "point": 59, "logfile": "/home/hrahimi/projects/POTENTIOSTAT_26/logs_hrahimi/logs0/Job77.log"}
[2026-06-04 08:59:31.537 Z] [PROCESS] [cadence.virtuoso.ade.simulationMonitor] - Stay with the runId '44', Linger time '300', currentRunSyn '85', currentTestSyn '143' {"hostname": "il2244vt26_hrahimi", "processid": 2886028, "history": "Interactive.379", "testname": "TIA_Gain_Linearity", "cornername": "CMOS_VDD_Res_Cap_Temp_57", "point": 59, "logfile": "/home/hrahimi/projects/POTENTIOSTAT_26/logs_hrahimi/logs0/Job77.log"}
[2026-06-04 08:59:32.546 Z] [PROCESS] [cadence.virtuoso.ade.simulationMonitor] - Padding test token found for runId '44', Linger time '300', currentRunSyn '85', currentTestSyn '143' {"hostname": "il2244vt26_hrahimi", "processid": 2886028, "history": "Interactive.379", "testname": "TIA_Gain_Linearity", "cornername": "CMOS_VDD_Res_Cap_Temp_57", "point": 59, "logfile": "/home/hrahimi/projects/POTENTIOSTAT_26/logs_hrahimi/logs0/Job77.log"}
[2026-06-04 08:59:32.553 Z] [PROCESS] [cadence.virtuoso.ade.simulationMonitor] - Stay with the runId '44', Linger time '300', currentRunSyn '85', currentTestSyn '143' {"hostname": "il2244vt26_hrahimi", "processid": 2886028, "history": "Interactive.379", "testname": "TIA_Gain_Linearity", "cornername": "CMOS_VDD_Res_Cap_Temp_57", "point": 59, "logfile": "/home/hrahimi/projects/POTENTIOSTAT_26/logs_hrahimi/logs0/Job77.log"}
[2026-06-04 08:59:33.563 Z] [PROCESS] [cadence.virtuoso.ade.simulationMonitor] - Padding test token found for runId '44', Linger time '300', currentRunSyn '85', currentTestSyn '143' {"hostname": "il2244vt26_hrahimi", "processid": 2886028, "history": "Interactive.379", "testname": "TIA_Gain_Linearity", "cornername": "CMOS_VDD_Res_Cap_Temp_57", "point": 59, "logfile": "/home/hrahimi/projects/POTENTIOSTAT_26/logs_hrahimi/logs0/Job77.log"}
[2026-06-04 08:59:33.571 Z] [PROCESS] [cadence.virtuoso.ade.simulationMonitor] - Stay with the runId '44', Linger time '300', currentRunSyn '85', currentTestSyn '143' {"hostname": "il2244vt26_hrahimi", "processid": 2886028, "history": "Interactive.379", "testname": "TIA_Gain_Linearity", "cornername": "CMOS_VDD_Res_Cap_Temp_57", "point": 59, "logfile": "/home/hrahimi/projects/POTENTIOSTAT_26/logs_hrahimi/logs0/Job77.log"}
[2026-06-04 08:59:34.581 Z] [PROCESS] [cadence.virtuoso.ade.simulationMonitor] - Padding test token found for runId '44', Linger time '300', currentRunSyn '85', currentTestSyn '143' {"hostname": "il2244vt26_hrahimi", "processid": 2886028, "history": "Interactive.379", "testname": "TIA_Gain_Linearity", "cornername": "CMOS_VDD_Res_Cap_Temp_57", "point": 59, "logfile": "/home/hrahimi/projects/POTENTIOSTAT_26/logs_hrahimi/logs0/Job77.log"}
[2026-06-04 08:59:34.588 Z] [PROCESS] [cadence.virtuoso.ade.simulationMonitor] - Stay with the runId '44', Linger time '300', currentRunSyn '85', currentTestSyn '143' {"hostname": "il2244vt26_hrahimi", "processid": 2886028, "history": "Interactive.379", "testname": "TIA_Gain_Linearity", "cornername": "CMOS_VDD_Res_Cap_Temp_57", "point": 59, "logfile": "/home/hrahimi/projects/POTENTIOSTAT_26/logs_hrahimi/logs0/Job77.log"}
[2026-06-04 08:59:35.594 Z] [PROCESS] [cadence.virtuoso.ade.simulationMonitor] - Padding test token found for runId '44', Linger time '300', currentRunSyn '85', currentTestSyn '143' {"hostname": "il2244vt26_hrahimi", "processid": 2886028, "history": "Interactive.379", "testname": "TIA_Gain_Linearity", "cornername": "CMOS_VDD_Res_Cap_Temp_57", "point": 59, "logfile": "/home/hrahimi/projects/POTENTIOSTAT_26/logs_hrahimi/logs0/Job77.log"}
[2026-06-04 08:59:35.599 Z] [PROCESS] [cadence.virtuoso.ade.simulationMonitor] - Stay with the runId '44', Linger time '300', currentRunSyn '85', currentTestSyn '143' {"hostname": "il2244vt26_hrahimi", "processid": 2886028, "history": "Interactive.379", "testname": "TIA_Gain_Linearity", "cornername": "CMOS_VDD_Res_Cap_Temp_57", "point": 59, "logfile": "/home/hrahimi/projects/POTENTIOSTAT_26/logs_hrahimi/logs0/Job77.log"}
[2026-06-04 08:59:36.609 Z] [PROCESS] [cadence.virtuoso.ade.simulationMonitor] - Padding test token found for runId '44', Linger time '300', currentRunSyn '85', currentTestSyn '143' {"hostname": "il2244vt26_hrahimi", "processid": 2886028, "history": "Interactive.379", "testname": "TIA_Gain_Linearity", "cornername": "CMOS_VDD_Res_Cap_Temp_57", "point": 59, "logfile": "/home/hrahimi/projects/POTENTIOSTAT_26/logs_hrahimi/logs0/Job77.log"}
[2026-06-04 08:59:36.616 Z] [PROCESS] [cadence.virtuoso.ade.simulationMonitor] - Stay with the runId '44', Linger time '300', currentRunSyn '85', currentTestSyn '143' {"hostname": "il2244vt26_hrahimi", "processid": 2886028, "history": "Interactive.379", "testname": "TIA_Gain_Linearity", "cornername": "CMOS_VDD_Res_Cap_Temp_57", "point": 59, "logfile": "/home/hrahimi/projects/POTENTIOSTAT_26/logs_hrahimi/logs0/Job77.log"}
[2026-06-04 08:59:37.618 Z] [PROCESS] [cadence.virtuoso.ade.simulationMonitor] - Stay with the runId '44', Linger time '300', currentRunSyn '85', currentTestSyn '143' {"hostname": "il2244vt26_hrahimi", "processid": 2886028, "history": "Interactive.379", "testname": "TIA_Gain_Linearity", "cornername": "CMOS_VDD_Res_Cap_Temp_57", "point": 59, "logfile": "/home/hrahimi/projects/POTENTIOSTAT_26/logs_hrahimi/logs0/Job77.log"}
[2026-06-04 08:59:38.621 Z] [PROCESS] [cadence.virtuoso.ade.simulationMonitor] - Stay with the runId '44', Linger time '300', currentRunSyn '85', currentTestSyn '143' {"hostname": "il2244vt26_hrahimi", "processid": 2886028, "history": "Interactive.379", "testname": "TIA_Gain_Linearity", "cornername": "CMOS_VDD_Res_Cap_Temp_57", "point": 59, "logfile": "/home/hrahimi/projects/POTENTIOSTAT_26/logs_hrahimi/logs0/Job77.log"}
[2026-06-04 08:59:39.629 Z] [PROCESS] [cadence.virtuoso.ade.simulationMonitor] - Padding test token found for runId '44', Linger time '300', currentRunSyn '85', currentTestSyn '143' {"hostname": "il2244vt26_hrahimi", "processid": 2886028, "history": "Interactive.379", "testname": "TIA_Gain_Linearity", "cornername": "CMOS_VDD_Res_Cap_Temp_57", "point": 59, "logfile": "/home/hrahimi/projects/POTENTIOSTAT_26/logs_hrahimi/logs0/Job77.log"}
[2026-06-04 08:59:39.635 Z] [PROCESS] [cadence.virtuoso.ade.simulationMonitor] - Stay with the runId '44', Linger time '300', currentRunSyn '85', currentTestSyn '143' {"hostname": "il2244vt26_hrahimi", "processid": 2886028, "history": "Interactive.379", "testname": "TIA_Gain_Linearity", "cornername": "CMOS_VDD_Res_Cap_Temp_57", "point": 59, "logfile": "/home/hrahimi/projects/POTENTIOSTAT_26/logs_hrahimi/logs0/Job77.log"}
[2026-06-04 08:59:40.642 Z] [PROCESS] [cadence.virtuoso.ade.simulationMonitor] - Padding test token found for runId '44', Linger time '300', currentRunSyn '85', currentTestSyn '143' {"hostname": "il2244vt26_hrahimi", "processid": 2886028, "history": "Interactive.379", "testname": "TIA_Gain_Linearity", "cornername": "CMOS_VDD_Res_Cap_Temp_57", "point": 59, "logfile": "/home/hrahimi/projects/POTENTIOSTAT_26/logs_hrahimi/logs0/Job77.log"}
[2026-06-04 08:59:40.647 Z] [PROCESS] [cadence.virtuoso.ade.simulationMonitor] - Stay with the runId '44', Linger time '300', currentRunSyn '85', currentTestSyn '143' {"hostname": "il2244vt26_hrahimi", "processid": 2886028, "history": "Interactive.379", "testname": "TIA_Gain_Linearity", "cornername": "CMOS_VDD_Res_Cap_Temp_57", "point": 59, "logfile": "/home/hrahimi/projects/POTENTIOSTAT_26/logs_hrahimi/logs0/Job77.log"}
[2026-06-04 08:59:41.657 Z] [PROCESS] [cadence.virtuoso.ade.simulationMonitor] - Padding test token found for runId '44', Linger time '300', currentRunSyn '85', currentTestSyn '143' {"hostname": "il2244vt26_hrahimi", "processid": 2886028, "history": "Interactive.379", "testname": "TIA_Gain_Linearity", "cornername": "CMOS_VDD_Res_Cap_Temp_57", "point": 59, "logfile": "/home/hrahimi/projects/POTENTIOSTAT_26/logs_hrahimi/logs0/Job77.log"}
[2026-06-04 08:59:41.665 Z] [PROCESS] [cadence.virtuoso.ade.simulationMonitor] - Stay with the runId '44', Linger time '300', currentRunSyn '85', currentTestSyn '143' {"hostname": "il2244vt26_hrahimi", "processid": 2886028, "history": "Interactive.379", "testname": "TIA_Gain_Linearity", "cornername": "CMOS_VDD_Res_Cap_Temp_57", "point": 59, "logfile": "/home/hrahimi/projects/POTENTIOSTAT_26/logs_hrahimi/logs0/Job77.log"}
[2026-06-04 08:59:42.667 Z] [PROCESS] [cadence.virtuoso.ade.simulationMonitor] - Stay with the runId '44', Linger time '300', currentRunSyn '85', currentTestSyn '143' {"hostname": "il2244vt26_hrahimi", "processid": 2886028, "history": "Interactive.379", "testname": "TIA_Gain_Linearity", "cornername": "CMOS_VDD_Res_Cap_Temp_57", "point": 59, "logfile": "/home/hrahimi/projects/POTENTIOSTAT_26/logs_hrahimi/logs0/Job77.log"}
[2026-06-04 08:59:43.670 Z] [PROCESS] [cadence.virtuoso.ade.simulationMonitor] - Stay with the runId '44', Linger time '300', currentRunSyn '85', currentTestSyn '143' {"hostname": "il2244vt26_hrahimi", "processid": 2886028, "history": "Interactive.379", "testname": "TIA_Gain_Linearity", "cornername": "CMOS_VDD_Res_Cap_Temp_57", "point": 59, "logfile": "/home/hrahimi/projects/POTENTIOSTAT_26/logs_hrahimi/logs0/Job77.log"}
[2026-06-04 08:59:44.679 Z] [PROCESS] [cadence.virtuoso.ade.simulationMonitor] - Padding test token found for runId '44', Linger time '300', currentRunSyn '85', currentTestSyn '143' {"hostname": "il2244vt26_hrahimi", "processid": 2886028, "history": "Interactive.379", "testname": "TIA_Gain_Linearity", "cornername": "CMOS_VDD_Res_Cap_Temp_57", "point": 59, "logfile": "/home/hrahimi/projects/POTENTIOSTAT_26/logs_hrahimi/logs0/Job77.log"}
[2026-06-04 08:59:44.685 Z] [PROCESS] [cadence.virtuoso.ade.simulationMonitor] - Stay with the runId '44', Linger time '300', currentRunSyn '85', currentTestSyn '143' {"hostname": "il2244vt26_hrahimi", "processid": 2886028, "history": "Interactive.379", "testname": "TIA_Gain_Linearity", "cornername": "CMOS_VDD_Res_Cap_Temp_57", "point": 59, "logfile": "/home/hrahimi/projects/POTENTIOSTAT_26/logs_hrahimi/logs0/Job77.log"}
[2026-06-04 08:59:45.694 Z] [PROCESS] [cadence.virtuoso.ade.simulationMonitor] - Padding test token found for runId '44', Linger time '300', currentRunSyn '85', currentTestSyn '143' {"hostname": "il2244vt26_hrahimi", "processid": 2886028, "history": "Interactive.379", "testname": "TIA_Gain_Linearity", "cornername": "CMOS_VDD_Res_Cap_Temp_57", "point": 59, "logfile": "/home/hrahimi/projects/POTENTIOSTAT_26/logs_hrahimi/logs0/Job77.log"}
[2026-06-04 08:59:45.699 Z] [PROCESS] [cadence.virtuoso.ade.simulationMonitor] - Stay with the runId '44', Linger time '300', currentRunSyn '85', currentTestSyn '143' {"hostname": "il2244vt26_hrahimi", "processid": 2886028, "history": "Interactive.379", "testname": "TIA_Gain_Linearity", "cornername": "CMOS_VDD_Res_Cap_Temp_57", "point": 59, "logfile": "/home/hrahimi/projects/POTENTIOSTAT_26/logs_hrahimi/logs0/Job77.log"}
[2026-06-04 08:59:46.706 Z] [PROCESS] [cadence.virtuoso.ade.simulationMonitor] - Padding test token found for runId '44', Linger time '300', currentRunSyn '85', currentTestSyn '143' {"hostname": "il2244vt26_hrahimi", "processid": 2886028, "history": "Interactive.379", "testname": "TIA_Gain_Linearity", "cornername": "CMOS_VDD_Res_Cap_Temp_57", "point": 59, "logfile": "/home/hrahimi/projects/POTENTIOSTAT_26/logs_hrahimi/logs0/Job77.log"}
[2026-06-04 08:59:46.711 Z] [PROCESS] [cadence.virtuoso.ade.simulationMonitor] - Stay with the runId '44', Linger time '300', currentRunSyn '85', currentTestSyn '143' {"hostname": "il2244vt26_hrahimi", "processid": 2886028, "history": "Interactive.379", "testname": "TIA_Gain_Linearity", "cornername": "CMOS_VDD_Res_Cap_Temp_57", "point": 59, "logfile": "/home/hrahimi/projects/POTENTIOSTAT_26/logs_hrahimi/logs0/Job77.log"}
[2026-06-04 08:59:47.718 Z] [PROCESS] [cadence.virtuoso.ade.simulationMonitor] - Stay with the runId '44', Linger time '300', currentRunSyn '85', currentTestSyn '143' {"hostname": "il2244vt26_hrahimi", "processid": 2886028, "history": "Interactive.379", "testname": "TIA_Gain_Linearity", "cornername": "CMOS_VDD_Res_Cap_Temp_57", "point": 59, "logfile": "/home/hrahimi/projects/POTENTIOSTAT_26/logs_hrahimi/logs0/Job77.log"}
[2026-06-04 08:59:48.724 Z] [PROCESS] [cadence.virtuoso.ade.simulationMonitor] - Padding test token found for runId '44', Linger time '300', currentRunSyn '85', currentTestSyn '143' {"hostname": "il2244vt26_hrahimi", "processid": 2886028, "history": "Interactive.379", "testname": "TIA_Gain_Linearity", "cornername": "CMOS_VDD_Res_Cap_Temp_57", "point": 59, "logfile": "/home/hrahimi/projects/POTENTIOSTAT_26/logs_hrahimi/logs0/Job77.log"}
[2026-06-04 08:59:48.728 Z] [PROCESS] [cadence.virtuoso.ade.simulationMonitor] - Stay with the runId '44', Linger time '300', currentRunSyn '85', currentTestSyn '143' {"hostname": "il2244vt26_hrahimi", "processid": 2886028, "history": "Interactive.379", "testname": "TIA_Gain_Linearity", "cornername": "CMOS_VDD_Res_Cap_Temp_57", "point": 59, "logfile": "/home/hrahimi/projects/POTENTIOSTAT_26/logs_hrahimi/logs0/Job77.log"}
[2026-06-04 08:59:49.737 Z] [PROCESS] [cadence.virtuoso.ade.simulationMonitor] - Padding test token found for runId '44', Linger time '300', currentRunSyn '85', currentTestSyn '143' {"hostname": "il2244vt26_hrahimi", "processid": 2886028, "history": "Interactive.379", "testname": "TIA_Gain_Linearity", "cornername": "CMOS_VDD_Res_Cap_Temp_57", "point": 59, "logfile": "/home/hrahimi/projects/POTENTIOSTAT_26/logs_hrahimi/logs0/Job77.log"}
[2026-06-04 08:59:49.743 Z] [PROCESS] [cadence.virtuoso.ade.simulationMonitor] - Stay with the runId '44', Linger time '300', currentRunSyn '85', currentTestSyn '143' {"hostname": "il2244vt26_hrahimi", "processid": 2886028, "history": "Interactive.379", "testname": "TIA_Gain_Linearity", "cornername": "CMOS_VDD_Res_Cap_Temp_57", "point": 59, "logfile": "/home/hrahimi/projects/POTENTIOSTAT_26/logs_hrahimi/logs0/Job77.log"}
[2026-06-04 08:59:50.751 Z] [PROCESS] [cadence.virtuoso.ade.simulationMonitor] - Padding test token found for runId '44', Linger time '300', currentRunSyn '85', currentTestSyn '143' {"hostname": "il2244vt26_hrahimi", "processid": 2886028, "history": "Interactive.379", "testname": "TIA_Gain_Linearity", "cornername": "CMOS_VDD_Res_Cap_Temp_57", "point": 59, "logfile": "/home/hrahimi/projects/POTENTIOSTAT_26/logs_hrahimi/logs0/Job77.log"}
[2026-06-04 08:59:50.758 Z] [PROCESS] [cadence.virtuoso.ade.simulationMonitor] - Stay with the runId '44', Linger time '300', currentRunSyn '85', currentTestSyn '143' {"hostname": "il2244vt26_hrahimi", "processid": 2886028, "history": "Interactive.379", "testname": "TIA_Gain_Linearity", "cornername": "CMOS_VDD_Res_Cap_Temp_57", "point": 59, "logfile": "/home/hrahimi/projects/POTENTIOSTAT_26/logs_hrahimi/logs0/Job77.log"}
[2026-06-04 08:59:51.766 Z] [PROCESS] [cadence.virtuoso.ade.simulationMonitor] - Padding test token found for runId '44', Linger time '300', currentRunSyn '85', currentTestSyn '143' {"hostname": "il2244vt26_hrahimi", "processid": 2886028, "history": "Interactive.379", "testname": "TIA_Gain_Linearity", "cornername": "CMOS_VDD_Res_Cap_Temp_57", "point": 59, "logfile": "/home/hrahimi/projects/POTENTIOSTAT_26/logs_hrahimi/logs0/Job77.log"}
[2026-06-04 08:59:51.772 Z] [PROCESS] [cadence.virtuoso.ade.simulationMonitor] - Stay with the runId '44', Linger time '300', currentRunSyn '85', currentTestSyn '143' {"hostname": "il2244vt26_hrahimi", "processid": 2886028, "history": "Interactive.379", "testname": "TIA_Gain_Linearity", "cornername": "CMOS_VDD_Res_Cap_Temp_57", "point": 59, "logfile": "/home/hrahimi/projects/POTENTIOSTAT_26/logs_hrahimi/logs0/Job77.log"}
[2026-06-04 08:59:52.779 Z] [PROCESS] [cadence.virtuoso.ade.simulationMonitor] - Stay with the runId '44', Linger time '300', currentRunSyn '85', currentTestSyn '143' {"hostname": "il2244vt26_hrahimi", "processid": 2886028, "history": "Interactive.379", "testname": "TIA_Gain_Linearity", "cornername": "CMOS_VDD_Res_Cap_Temp_57", "point": 59, "logfile": "/home/hrahimi/projects/POTENTIOSTAT_26/logs_hrahimi/logs0/Job77.log"}
[2026-06-04 08:59:53.786 Z] [PROCESS] [cadence.virtuoso.ade.simulationMonitor] - Stay with the runId '44', Linger time '300', currentRunSyn '85', currentTestSyn '143' {"hostname": "il2244vt26_hrahimi", "processid": 2886028, "history": "Interactive.379", "testname": "TIA_Gain_Linearity", "cornername": "CMOS_VDD_Res_Cap_Temp_57", "point": 59, "logfile": "/home/hrahimi/projects/POTENTIOSTAT_26/logs_hrahimi/logs0/Job77.log"}
[2026-06-04 09:03:49.107 Z] [PROCESS] [cadence.virtuoso.ade.simulationMonitor] - Current memory used: 53.0938 MBytes, peak memory used: 53.0938 MBytes {"hostname": "il2244vt26_hrahimi", "processid": 2886028, "history": "Interactive.379", "testname": "TIA_Gain_Linearity", "cornername": "CMOS_VDD_Res_Cap_Temp_57", "point": 59, "logfile": "/home/hrahimi/projects/POTENTIOSTAT_26/logs_hrahimi/logs0/Job77.log"}
[2026-06-04 09:03:49.108 Z] [PROCESS] [cadence.virtuoso.ade.simulationMonitor] - Simulation Monitor process exit. {"hostname": "il2244vt26_hrahimi", "processid": 2886028, "history": "Interactive.379", "testname": "TIA_Gain_Linearity", "cornername": "CMOS_VDD_Res_Cap_Temp_57", "point": 59, "logfile": "/home/hrahimi/projects/POTENTIOSTAT_26/logs_hrahimi/logs0/Job77.log"}
