[Simulation Monitor: 87]
[2026-05-27 13:15:19.428 Z] [PROCESS] [cadence.virtuoso.ade.simulationMonitor] - Simulation Monitor has successfully started up. Trying to set up communication channels to other components ... {"hostname": "il2244vt26_hrahimi", "processid": 357956, "logfile": "/home/hrahimi/projects/POTENTIOSTAT_26/logs_hrahimi/logs0/Job87.log"}
[2026-05-27 13:15:19.429 Z] [PROCESS] [cadence.virtuoso.ade.simulationMonitor] - Communication channels have been successfully set up. Start processing events ... {"hostname": "il2244vt26_hrahimi", "processid": 357956, "logfile": "/home/hrahimi/projects/POTENTIOSTAT_26/logs_hrahimi/logs0/Job87.log"}
[2026-05-27 13:15:19.430 Z] [PROCESS] [cadence.virtuoso.ade.simulationMonitor] - Considering to start history {"hostname": "il2244vt26_hrahimi", "processid": 357956, "history": "Interactive.44", "logfile": "/home/hrahimi/projects/POTENTIOSTAT_26/logs_hrahimi/logs0/Job87.log"}
[2026-05-27 13:15:19.436 Z] [PROCESS] [cadence.virtuoso.ade.simulationMonitor] - HostInfo:
Host name (type):	il2244vt26_hrahimi (x86_64)
Operating system:	Linux 5.15.0-164-generic #174-Ubuntu SMP Fri Nov 14 20:25:16 UTC 2025 {"hostname": "il2244vt26_hrahimi", "processid": 357956, "history": "Interactive.44", "logfile": "/home/hrahimi/projects/POTENTIOSTAT_26/logs_hrahimi/logs0/Job87.log", "nodename": "il2244vt26_hrahimi", "domainname": "(none)", "machine": "x86_64", "sysname": "Linux", "release": "5.15.0-164-generic", "version": "#174-Ubuntu SMP Fri Nov 14 20:25:16 UTC 2025"}
[2026-05-27 13:15:19.437 Z] [PROCESS] [cadence.virtuoso.ade.simulationMonitor] - UsageInfo:
pid=357956
totalPhysicalMemory=3023.749672GB,Used=1953.633259GB,totalVirtualMemory=3031.749668GB,Used=1953.660603GB
Cpu: Cores=48, Load average:53.890000,45.040000,39.540000 {"hostname": "il2244vt26_hrahimi", "processid": 357956, "history": "Interactive.44", "logfile": "/home/hrahimi/projects/POTENTIOSTAT_26/logs_hrahimi/logs0/Job87.log", "pid": "357956", "totalPhysicalMemory": "3023.749672", "physicalMemoryUsed": "1953.633259", "totalVirtualMemory": "3031.749668", "virtualMemoryUsed": "1953.660603", "cpuCores": "48", "processes": "29855", "loadAverage1": "53.890000", "loadAverage5": "45.040000", "loadAverage15": "39.540000", "loadAverage1Percent": "1.122708"}
[2026-05-27 13:15:19.440 Z] [EVENT] [cadence.virtuoso.ade.simulationMonitor] - NewPoint {"history": "Interactive.44", "point": 5, "testname": "DC_TEMP", "cornername": "CMOS_RES_CAP_BIP_TEMP_3", "event": "NewPoint", "EventSource": "Simulation Monitor", "HistoryName": "Interactive.44", "logFile": "/home/hrahimi/projects/POTENTIOSTAT_26/logs_hrahimi/logs0/Job87.log", "logFileSize": "2278"}
[2026-05-27 13:15:19.542 Z] [EVENT] [cadence.virtuoso.ade.simulationMonitor] - NewPoint {"history": "Interactive.44", "point": 5, "testname": "DC_TEMP", "cornername": "CMOS_RES_CAP_BIP_TEMP_3", "event": "NewPoint", "EventSource": "spectre", "HistoryName": "Interactive.44", "logFile": "/home/hrahimi/projects/POTENTIOSTAT_26/Sim/FBIAS/fecg_bandgap_tb/maestro/results/maestro/Interactive.44/5/DC_TEMP/psf/spectre.out", "logFileSize": "-1"}
[2026-05-27 13:15:19.612 Z] [PROCESS] [cadence.virtuoso.ade.simulationMonitor] - Simulator launched {"hostname": "il2244vt26_hrahimi", "processid": 357956, "history": "Interactive.44", "testname": "DC_TEMP", "cornername": "CMOS_RES_CAP_BIP_TEMP_3", "point": 5, "logfile": "/home/hrahimi/projects/POTENTIOSTAT_26/logs_hrahimi/logs0/Job87.log", "simid": "1"}
[2026-05-27 13:15:19.616 Z] [PROCESS] [cadence.virtuoso.ade.simulationMonitor] - Expression evaluator launched {"hostname": "il2244vt26_hrahimi", "processid": 357956, "history": "Interactive.44", "testname": "DC_TEMP", "cornername": "CMOS_RES_CAP_BIP_TEMP_3", "point": 5, "logfile": "/home/hrahimi/projects/POTENTIOSTAT_26/logs_hrahimi/logs0/Job87.log"}
[2026-05-27 13:15:19.713 Z] [PROCESS] [cadence.virtuoso.ade.simulationMonitor] - Started Simulation {"hostname": "il2244vt26_hrahimi", "processid": 357956, "history": "Interactive.44", "testname": "DC_TEMP", "cornername": "CMOS_RES_CAP_BIP_TEMP_3", "point": 5, "logfile": "/home/hrahimi/projects/POTENTIOSTAT_26/logs_hrahimi/logs0/Job87.log", "event": "started", "task": "simulation"}
[2026-05-27 13:15:20.715 Z] [WARN] [cadence.virtuoso.ade.simulationMonitor] -     WARNING (SPECTRE-691): This CPU processor does not support x86 advanced vector extensions instructions. This may affect math operations and slow down the simulation. {"history": "Interactive.44", "point": 5, "testname": "DC_TEMP", "cornername": "CMOS_RES_CAP_BIP_TEMP_3"}
[2026-05-27 13:15:20.715 Z] [INFO] [cadence.virtuoso.ade.simulationMonitor] - Notice from spectre during circuit read-in.
    Pre_Configuration file used: /opt/tools/cadence/installs/SPECTRE241/tools.lnx86/spectre/etc/configs/preset.precfg
    Configuration file used: `/opt/tools/cadence/installs/SPECTRE241/tools.lnx86/spectre/etc/configs/preset.cfg'. {"history": "Interactive.44", "point": 5, "testname": "DC_TEMP", "cornername": "CMOS_RES_CAP_BIP_TEMP_3"}
[2026-05-27 13:15:20.715 Z] [WARN] [cadence.virtuoso.ade.simulationMonitor] -     WARNING (SPECTRE-8360): line 1511: `ac' is an undefined primitive device. {"history": "Interactive.44", "point": 5, "testname": "DC_TEMP", "cornername": "CMOS_RES_CAP_BIP_TEMP_3"}
[2026-05-27 13:15:20.716 Z] [WARN] [cadence.virtuoso.ade.simulationMonitor] -     WARNING (SPECTRE-8360): line 1512: `ac' is an undefined primitive device. {"history": "Interactive.44", "point": 5, "testname": "DC_TEMP", "cornername": "CMOS_RES_CAP_BIP_TEMP_3"}
[2026-05-27 13:15:20.716 Z] [WARN] [cadence.virtuoso.ade.simulationMonitor] -     WARNING (SPECTRE-8360): line 1513: `ac' is an undefined primitive device. {"history": "Interactive.44", "point": 5, "testname": "DC_TEMP", "cornername": "CMOS_RES_CAP_BIP_TEMP_3"}
[2026-05-27 13:15:20.716 Z] [WARN] [cadence.virtuoso.ade.simulationMonitor] -     WARNING (SPECTRE-8360): line 1514: `ac' is an undefined primitive device. {"history": "Interactive.44", "point": 5, "testname": "DC_TEMP", "cornername": "CMOS_RES_CAP_BIP_TEMP_3"}
[2026-05-27 13:15:20.716 Z] [WARN] [cadence.virtuoso.ade.simulationMonitor] -     WARNING (SPECTRE-8360): line 1515: `ac' is an undefined primitive device.
        Further occurrences of this warning will be suppressed. {"history": "Interactive.44", "point": 5, "testname": "DC_TEMP", "cornername": "CMOS_RES_CAP_BIP_TEMP_3"}
[2026-05-27 13:15:20.716 Z] [INFO] [cadence.virtuoso.ade.simulationMonitor] - Peak resident memory used = 179 Mbytes. {"history": "Interactive.44", "point": 5, "testname": "DC_TEMP", "cornername": "CMOS_RES_CAP_BIP_TEMP_3"}
[2026-05-27 13:15:20.717 Z] [WARN] [cadence.virtuoso.ade.simulationMonitor] -     WARNING (SFE-2649): Terminals of top-level instance `R50', in file`netlist', at line 327, are connected. Remove the instance and rerun the simulation. {"history": "Interactive.44", "point": 5, "testname": "DC_TEMP", "cornername": "CMOS_RES_CAP_BIP_TEMP_3"}
[2026-05-27 13:15:20.717 Z] [WARN] [cadence.virtuoso.ade.simulationMonitor] -     WARNING (SFE-2649): Terminals of top-level instance `R48', in file`netlist', at line 369, are connected. Remove the instance and rerun the simulation. {"history": "Interactive.44", "point": 5, "testname": "DC_TEMP", "cornername": "CMOS_RES_CAP_BIP_TEMP_3"}
[2026-05-27 13:15:20.717 Z] [WARN] [cadence.virtuoso.ade.simulationMonitor] -     WARNING (VACOMP-2435): The environment variable CDS_AHDLCMI_ENABLE is no longer supported. Therefore, the simulator will use the default compiled C code flow. {"history": "Interactive.44", "point": 5, "testname": "DC_TEMP", "cornername": "CMOS_RES_CAP_BIP_TEMP_3"}
[2026-05-27 13:15:20.718 Z] [WARN] [cadence.virtuoso.ade.simulationMonitor] -     WARNING (SFE-3014): The floating device I0.Q3<0>_turbo_m31 is removed. {"history": "Interactive.44", "point": 5, "testname": "DC_TEMP", "cornername": "CMOS_RES_CAP_BIP_TEMP_3"}
[2026-05-27 13:15:20.718 Z] [WARN] [cadence.virtuoso.ade.simulationMonitor] -     WARNING (SFE-3012): The dummy device I0.MP9<0>_turbo_m4 is removed. {"history": "Interactive.44", "point": 5, "testname": "DC_TEMP", "cornername": "CMOS_RES_CAP_BIP_TEMP_3"}
[2026-05-27 13:15:20.718 Z] [WARN] [cadence.virtuoso.ade.simulationMonitor] -     WARNING (SFE-3012): The dummy device I0.MP12<0>_turbo_m34 is removed. {"history": "Interactive.44", "point": 5, "testname": "DC_TEMP", "cornername": "CMOS_RES_CAP_BIP_TEMP_3"}
[2026-05-27 13:15:20.719 Z] [WARN] [cadence.virtuoso.ade.simulationMonitor] -     WARNING (SFE-3012): The dummy device I0.MP10<0>_turbo_m4 is removed. {"history": "Interactive.44", "point": 5, "testname": "DC_TEMP", "cornername": "CMOS_RES_CAP_BIP_TEMP_3"}
[2026-05-27 13:15:20.719 Z] [INFO] [cadence.virtuoso.ade.simulationMonitor] - Peak resident memory used = 196 Mbytes. {"history": "Interactive.44", "point": 5, "testname": "DC_TEMP", "cornername": "CMOS_RES_CAP_BIP_TEMP_3"}
[2026-05-27 13:15:20.719 Z] [INFO] [cadence.virtuoso.ade.simulationMonitor] - Notice from spectre during hierarchy flattening.
    The value 'psf' specified for the 'checklimitdest' option will no longer be supported in future releases. Use 'spectre -h' to see other recommended values for the 'checklimitdest' option.
    I0.Q0.bjtinsub: `minr' has the unusually small value of 10 fOhm. {"history": "Interactive.44", "point": 5, "testname": "DC_TEMP", "cornername": "CMOS_RES_CAP_BIP_TEMP_3"}
[2026-05-27 13:15:20.720 Z] [INFO] [cadence.virtuoso.ade.simulationMonitor] - Peak resident memory used = 198 Mbytes. {"history": "Interactive.44", "point": 5, "testname": "DC_TEMP", "cornername": "CMOS_RES_CAP_BIP_TEMP_3"}
[2026-05-27 13:15:20.720 Z] [WARN] [cadence.virtuoso.ade.simulationMonitor] -     WARNING (SPECTRE-17607): Assert `SOAC_vert10_vsubpsub' is ignored because it contains an expression which is invalid or not supported by native evaluator.  {"history": "Interactive.44", "point": 5, "testname": "DC_TEMP", "cornername": "CMOS_RES_CAP_BIP_TEMP_3"}
[2026-05-27 13:15:20.720 Z] [WARN] [cadence.virtuoso.ade.simulationMonitor] -     WARNING (SPECTRE-17607): Assert `SOAC_vert10_vcsub' is ignored because it contains an expression which is invalid or not supported by native evaluator.  {"history": "Interactive.44", "point": 5, "testname": "DC_TEMP", "cornername": "CMOS_RES_CAP_BIP_TEMP_3"}
[2026-05-27 13:15:20.720 Z] [WARN] [cadence.virtuoso.ade.simulationMonitor] -     WARNING (SPECTRE-17607): Assert `SOAC_rpolyh_vminuspsub' is ignored because it contains an expression which is invalid or not supported by native evaluator.  {"history": "Interactive.44", "point": 5, "testname": "DC_TEMP", "cornername": "CMOS_RES_CAP_BIP_TEMP_3"}
[2026-05-27 13:15:20.721 Z] [WARN] [cadence.virtuoso.ade.simulationMonitor] -     WARNING (SPECTRE-17607): Assert `SOAC_rpolyh_vpluspsub' is ignored because it contains an expression which is invalid or not supported by native evaluator.  {"history": "Interactive.44", "point": 5, "testname": "DC_TEMP", "cornername": "CMOS_RES_CAP_BIP_TEMP_3"}
[2026-05-27 13:15:20.721 Z] [WARN] [cadence.virtuoso.ade.simulationMonitor] -     WARNING (SPECTRE-16460): SOAC_cvarm_vspsub:Specified subcircuit master `cvarm' was not found. {"history": "Interactive.44", "point": 5, "testname": "DC_TEMP", "cornername": "CMOS_RES_CAP_BIP_TEMP_3"}
[2026-05-27 13:15:20.721 Z] [WARN] [cadence.virtuoso.ade.simulationMonitor] -     WARNING (SPECTRE-16462): SOAC_cvarm_vspsub:Error in specification of subcircuit master. Assert is ignored. {"history": "Interactive.44", "point": 5, "testname": "DC_TEMP", "cornername": "CMOS_RES_CAP_BIP_TEMP_3"}
[2026-05-27 13:15:20.721 Z] [WARN] [cadence.virtuoso.ade.simulationMonitor] -     WARNING (SPECTRE-16460): SOAC_cvarm_vbs:Specified subcircuit master `cvarm' was not found. {"history": "Interactive.44", "point": 5, "testname": "DC_TEMP", "cornername": "CMOS_RES_CAP_BIP_TEMP_3"}
[2026-05-27 13:15:20.721 Z] [WARN] [cadence.virtuoso.ade.simulationMonitor] -     WARNING (SPECTRE-16462): SOAC_cvarm_vbs:Error in specification of subcircuit master. Assert is ignored. {"history": "Interactive.44", "point": 5, "testname": "DC_TEMP", "cornername": "CMOS_RES_CAP_BIP_TEMP_3"}
[2026-05-27 13:15:20.722 Z] [WARN] [cadence.virtuoso.ade.simulationMonitor] -     WARNING (SPECTRE-16460): SOAC_cvarm_vgb:Specified subcircuit master `cvarm' was not found. {"history": "Interactive.44", "point": 5, "testname": "DC_TEMP", "cornername": "CMOS_RES_CAP_BIP_TEMP_3"}
[2026-05-27 13:15:20.722 Z] [WARN] [cadence.virtuoso.ade.simulationMonitor] -     WARNING (SPECTRE-16462): SOAC_cvarm_vgb:Error in specification of subcircuit master. Assert is ignored. {"history": "Interactive.44", "point": 5, "testname": "DC_TEMP", "cornername": "CMOS_RES_CAP_BIP_TEMP_3"}
[2026-05-27 13:15:20.722 Z] [WARN] [cadence.virtuoso.ade.simulationMonitor] -     WARNING (SPECTRE-16460): SOAC_cvart_vspsub:Specified subcircuit master `cvart' was not found. {"history": "Interactive.44", "point": 5, "testname": "DC_TEMP", "cornername": "CMOS_RES_CAP_BIP_TEMP_3"}
[2026-05-27 13:15:20.722 Z] [WARN] [cadence.virtuoso.ade.simulationMonitor] -     WARNING (SPECTRE-16462): SOAC_cvart_vspsub:Error in specification of subcircuit master. Assert is ignored. {"history": "Interactive.44", "point": 5, "testname": "DC_TEMP", "cornername": "CMOS_RES_CAP_BIP_TEMP_3"}
[2026-05-27 13:15:20.722 Z] [WARN] [cadence.virtuoso.ade.simulationMonitor] -     WARNING (SPECTRE-16460): SOAC_cvart_vbs:Specified subcircuit master `cvart' was not found.
        Further occurrences of this warning will be suppressed. {"history": "Interactive.44", "point": 5, "testname": "DC_TEMP", "cornername": "CMOS_RES_CAP_BIP_TEMP_3"}
[2026-05-27 13:15:20.723 Z] [WARN] [cadence.virtuoso.ade.simulationMonitor] -     WARNING (SPECTRE-16462): SOAC_cvart_vbs:Error in specification of subcircuit master. Assert is ignored.
        Further occurrences of this warning will be suppressed. {"history": "Interactive.44", "point": 5, "testname": "DC_TEMP", "cornername": "CMOS_RES_CAP_BIP_TEMP_3"}
[2026-05-27 13:15:20.723 Z] [WARN] [cadence.virtuoso.ade.simulationMonitor] -     WARNING (SPECTRE-17607): Assert `SOAC_cpoly_vminuspsub' is ignored because it contains an expression which is invalid or not supported by native evaluator. 
        Further occurrences of this warning will be suppressed. {"history": "Interactive.44", "point": 5, "testname": "DC_TEMP", "cornername": "CMOS_RES_CAP_BIP_TEMP_3"}
[2026-05-27 13:15:21.723 Z] [INFO] [cadence.virtuoso.ade.simulationMonitor] - Notice from spectre during initial setup.
    Multithreading is disabled due to the size of the design being too small. {"history": "Interactive.44", "point": 5, "testname": "DC_TEMP", "cornername": "CMOS_RES_CAP_BIP_TEMP_3"}
[2026-05-27 13:15:21.726 Z] [INFO] [cadence.virtuoso.ade.simulationMonitor] -               nodes 101 {"history": "Interactive.44", "point": 5, "testname": "DC_TEMP", "cornername": "CMOS_RES_CAP_BIP_TEMP_3"}
[2026-05-27 13:15:21.726 Z] [INFO] [cadence.virtuoso.ade.simulationMonitor] - Notice from spectre during initial setup.
    Spectre X preset=mx enabled.
    75 warnings suppressed. {"history": "Interactive.44", "point": 5, "testname": "DC_TEMP", "cornername": "CMOS_RES_CAP_BIP_TEMP_3"}
[2026-05-27 13:15:21.727 Z] [INFO] [cadence.virtuoso.ade.simulationMonitor] - Peak resident memory used = 204 Mbytes. {"history": "Interactive.44", "point": 5, "testname": "DC_TEMP", "cornername": "CMOS_RES_CAP_BIP_TEMP_3"}
[2026-05-27 13:15:21.727 Z] [INFO] [cadence.virtuoso.ade.simulationMonitor] -    -   (Spectre X) Multi-threading. The recommended number of threads is 1, consider adding +mt=1 on command line. {"history": "Interactive.44", "point": 5, "testname": "DC_TEMP", "cornername": "CMOS_RES_CAP_BIP_TEMP_3"}
[2026-05-27 13:15:21.728 Z] [INFO] [cadence.virtuoso.ade.simulationMonitor] - Notice from spectre during DC analysis `dcOp'.
    No checklimit analysis defined for asserts. A default checklimit analysis 'SpectreChecklimitAnal' has been created with all asserts enabled. {"history": "Interactive.44", "point": 5, "testname": "DC_TEMP", "cornername": "CMOS_RES_CAP_BIP_TEMP_3"}
[2026-05-27 13:15:21.728 Z] [WARN] [cadence.virtuoso.ade.simulationMonitor] -     WARNING (CMI-2943): Parameter checks have been ignored because the valid value for parameter 'trise' could not be found in 'C0'. {"history": "Interactive.44", "point": 5, "testname": "DC_TEMP", "cornername": "CMOS_RES_CAP_BIP_TEMP_3"}
[2026-05-27 13:15:21.728 Z] [WARN] [cadence.virtuoso.ade.simulationMonitor] -     WARNING (CMI-2943): Parameter checks have been ignored because the valid value for parameter 'trise' could not be found in 'I0.R28.CM'. {"history": "Interactive.44", "point": 5, "testname": "DC_TEMP", "cornername": "CMOS_RES_CAP_BIP_TEMP_3"}
[2026-05-27 13:15:21.728 Z] [WARN] [cadence.virtuoso.ade.simulationMonitor] -     WARNING (CMI-2943): Parameter checks have been ignored because the valid value for parameter 'trise' could not be found in 'I0.R28.CS1'. {"history": "Interactive.44", "point": 5, "testname": "DC_TEMP", "cornername": "CMOS_RES_CAP_BIP_TEMP_3"}
[2026-05-27 13:15:21.728 Z] [WARN] [cadence.virtuoso.ade.simulationMonitor] -     WARNING (CMI-2943): Parameter checks have been ignored because the valid value for parameter 'trise' could not be found in 'I0.R28.CS0'. {"history": "Interactive.44", "point": 5, "testname": "DC_TEMP", "cornername": "CMOS_RES_CAP_BIP_TEMP_3"}
[2026-05-27 13:15:21.729 Z] [WARN] [cadence.virtuoso.ade.simulationMonitor] -     WARNING (CMI-2943): Parameter checks have been ignored because the valid value for parameter 'trise' could not be found in 'I0.R7.CM'.
        Further occurrences of this warning will be suppressed. {"history": "Interactive.44", "point": 5, "testname": "DC_TEMP", "cornername": "CMOS_RES_CAP_BIP_TEMP_3"}
[2026-05-27 13:15:21.729 Z] [INFO] [cadence.virtuoso.ade.simulationMonitor] - Total time required for dc analysis `dcOp': CPU = 85.913 ms, elapsed = 90.6551 ms, util. = 94.8%. {"history": "Interactive.44", "point": 5, "testname": "DC_TEMP", "cornername": "CMOS_RES_CAP_BIP_TEMP_3"}
[2026-05-27 13:15:21.729 Z] [INFO] [cadence.virtuoso.ade.simulationMonitor] - Peak resident memory used = 213 Mbytes. {"history": "Interactive.44", "point": 5, "testname": "DC_TEMP", "cornername": "CMOS_RES_CAP_BIP_TEMP_3"}
[2026-05-27 13:15:21.729 Z] [INFO] [cadence.virtuoso.ade.simulationMonitor] - Notice from spectre.
    127 warnings suppressed. {"history": "Interactive.44", "point": 5, "testname": "DC_TEMP", "cornername": "CMOS_RES_CAP_BIP_TEMP_3"}
[2026-05-27 13:15:22.731 Z] [WARN] [cadence.virtuoso.ade.simulationMonitor] -     WARNING (CMI-2943): Parameter checks have been ignored because the valid value for parameter 'trise' could not be found in 'C0'. {"history": "Interactive.44", "point": 5, "testname": "DC_TEMP", "cornername": "CMOS_RES_CAP_BIP_TEMP_3"}
[2026-05-27 13:15:22.731 Z] [WARN] [cadence.virtuoso.ade.simulationMonitor] -     WARNING (CMI-2943): Parameter checks have been ignored because the valid value for parameter 'trise' could not be found in 'I0.R28.CM'. {"history": "Interactive.44", "point": 5, "testname": "DC_TEMP", "cornername": "CMOS_RES_CAP_BIP_TEMP_3"}
[2026-05-27 13:15:22.731 Z] [WARN] [cadence.virtuoso.ade.simulationMonitor] -     WARNING (CMI-2943): Parameter checks have been ignored because the valid value for parameter 'trise' could not be found in 'I0.R28.CS1'. {"history": "Interactive.44", "point": 5, "testname": "DC_TEMP", "cornername": "CMOS_RES_CAP_BIP_TEMP_3"}
[2026-05-27 13:15:22.732 Z] [WARN] [cadence.virtuoso.ade.simulationMonitor] -     WARNING (CMI-2943): Parameter checks have been ignored because the valid value for parameter 'trise' could not be found in 'I0.R28.CS0'. {"history": "Interactive.44", "point": 5, "testname": "DC_TEMP", "cornername": "CMOS_RES_CAP_BIP_TEMP_3"}
[2026-05-27 13:15:22.732 Z] [WARN] [cadence.virtuoso.ade.simulationMonitor] -     WARNING (CMI-2943): Parameter checks have been ignored because the valid value for parameter 'trise' could not be found in 'I0.R7.CM'.
        Further occurrences of this warning will be suppressed. {"history": "Interactive.44", "point": 5, "testname": "DC_TEMP", "cornername": "CMOS_RES_CAP_BIP_TEMP_3"}
[2026-05-27 13:15:22.733 Z] [INFO] [cadence.virtuoso.ade.simulationMonitor] - Notice from spectre at temp = 85 C during DC analysis `dc'.
    The value of parameter 'temp' has been reset to the original value 85. {"history": "Interactive.44", "point": 5, "testname": "DC_TEMP", "cornername": "CMOS_RES_CAP_BIP_TEMP_3"}
[2026-05-27 13:15:22.733 Z] [INFO] [cadence.virtuoso.ade.simulationMonitor] - Total time required for dc analysis `dc': CPU = 904.418 ms, elapsed = 917.68 ms, util. = 98.6%. {"history": "Interactive.44", "point": 5, "testname": "DC_TEMP", "cornername": "CMOS_RES_CAP_BIP_TEMP_3"}
[2026-05-27 13:15:22.733 Z] [INFO] [cadence.virtuoso.ade.simulationMonitor] - Peak resident memory used = 215 Mbytes. {"history": "Interactive.44", "point": 5, "testname": "DC_TEMP", "cornername": "CMOS_RES_CAP_BIP_TEMP_3"}
[2026-05-27 13:15:22.733 Z] [INFO] [cadence.virtuoso.ade.simulationMonitor] - Notice from spectre.
    127 warnings suppressed. {"history": "Interactive.44", "point": 5, "testname": "DC_TEMP", "cornername": "CMOS_RES_CAP_BIP_TEMP_3"}
[2026-05-27 13:15:22.734 Z] [INFO] [cadence.virtuoso.ade.simulationMonitor] - Time used: CPU = 1.63 s, elapsed = 2.32 s, util. = 70.1%. {"history": "Interactive.44", "point": 5, "testname": "DC_TEMP", "cornername": "CMOS_RES_CAP_BIP_TEMP_3"}
[2026-05-27 13:15:22.734 Z] [INFO] [cadence.virtuoso.ade.simulationMonitor] - Time spent in licensing: elapsed = 193 ms, percentage of total = 8.33%. {"history": "Interactive.44", "point": 5, "testname": "DC_TEMP", "cornername": "CMOS_RES_CAP_BIP_TEMP_3"}
[2026-05-27 13:15:22.736 Z] [INFO] [cadence.virtuoso.ade.simulationMonitor] - Peak memory used = 216 Mbytes. {"history": "Interactive.44", "point": 5, "testname": "DC_TEMP", "cornername": "CMOS_RES_CAP_BIP_TEMP_3"}
[2026-05-27 13:15:22.738 Z] [PROCESS] [cadence.virtuoso.ade.simulationMonitor] - Simulation started at: 1:15:19 PM, Wed May 27, 2026, ended at: 1:15:22 PM, Wed May 27, 2026, with elapsed time (wall clock): 2.32 s. {"history": "Interactive.44", "point": 5, "testname": "DC_TEMP", "cornername": "CMOS_RES_CAP_BIP_TEMP_3"}
[2026-05-27 13:15:22.739 Z] [PROCESS] [cadence.virtuoso.ade.simulationMonitor] - spectre completes with 0 errors, 38 warnings, and 13 notices. {"history": "Interactive.44", "point": 5, "testname": "DC_TEMP", "cornername": "CMOS_RES_CAP_BIP_TEMP_3"}
[2026-05-27 13:15:22.739 Z] [PROCESS] [cadence.virtuoso.ade.simulationMonitor] - Finished simulating for one point {"hostname": "il2244vt26_hrahimi", "processid": 357956, "history": "Interactive.44", "testname": "DC_TEMP", "cornername": "CMOS_RES_CAP_BIP_TEMP_3", "point": 5, "logfile": "/home/hrahimi/projects/POTENTIOSTAT_26/logs_hrahimi/logs0/Job87.log", "simid": "1"}
[2026-05-27 13:15:22.740 Z] [PROCESS] [cadence.virtuoso.ade.simulationMonitor] - Simulator exited {"hostname": "il2244vt26_hrahimi", "processid": 357956, "history": "Interactive.44", "testname": "DC_TEMP", "cornername": "CMOS_RES_CAP_BIP_TEMP_3", "point": 5, "logfile": "/home/hrahimi/projects/POTENTIOSTAT_26/logs_hrahimi/logs0/Job87.log", "exitStatus": "0"}
[2026-05-27 13:15:22.740 Z] [PROCESS] [cadence.virtuoso.ade.simulationMonitor] - Finished Simulation {"hostname": "il2244vt26_hrahimi", "processid": 357956, "history": "Interactive.44", "testname": "DC_TEMP", "cornername": "CMOS_RES_CAP_BIP_TEMP_3", "point": 5, "logfile": "/home/hrahimi/projects/POTENTIOSTAT_26/logs_hrahimi/logs0/Job87.log", "simid": "1"}
[2026-05-27 13:15:27.758 Z] [PROCESS] [cadence.virtuoso.ade.simulationMonitor] - Point Finished {"hostname": "il2244vt26_hrahimi", "processid": 357956, "history": "Interactive.44", "testname": "DC_TEMP", "cornername": "CMOS_RES_CAP_BIP_TEMP_3", "point": 5, "logfile": "/home/hrahimi/projects/POTENTIOSTAT_26/logs_hrahimi/logs0/Job87.log"}
[2026-05-27 13:15:28.763 Z] [PROCESS] [cadence.virtuoso.ade.simulationMonitor] - Stay with the runId '0', Linger time '300', currentRunSyn '1', currentTestSyn '2' {"hostname": "il2244vt26_hrahimi", "processid": 357956, "history": "Interactive.44", "testname": "DC_TEMP", "cornername": "CMOS_RES_CAP_BIP_TEMP_3", "point": 5, "logfile": "/home/hrahimi/projects/POTENTIOSTAT_26/logs_hrahimi/logs0/Job87.log"}
[2026-05-27 13:15:29.765 Z] [PROCESS] [cadence.virtuoso.ade.simulationMonitor] - HostInfo:
Host name (type):	il2244vt26_hrahimi (x86_64)
Operating system:	Linux 5.15.0-164-generic #174-Ubuntu SMP Fri Nov 14 20:25:16 UTC 2025 {"hostname": "il2244vt26_hrahimi", "processid": 357956, "history": "Interactive.44", "testname": "DC_TEMP", "cornername": "CMOS_RES_CAP_BIP_TEMP_3", "point": 5, "logfile": "/home/hrahimi/projects/POTENTIOSTAT_26/logs_hrahimi/logs0/Job87.log", "nodename": "il2244vt26_hrahimi", "domainname": "(none)", "machine": "x86_64", "sysname": "Linux", "release": "5.15.0-164-generic", "version": "#174-Ubuntu SMP Fri Nov 14 20:25:16 UTC 2025"}
[2026-05-27 13:15:29.765 Z] [PROCESS] [cadence.virtuoso.ade.simulationMonitor] - UsageInfo:
pid=357956
totalPhysicalMemory=3023.749672GB,Used=1956.404251GB,totalVirtualMemory=3031.749668GB,Used=1956.431595GB
Cpu: Cores=48, Load average:52.230000,44.980000,39.580000 {"hostname": "il2244vt26_hrahimi", "processid": 357956, "history": "Interactive.44", "testname": "DC_TEMP", "cornername": "CMOS_RES_CAP_BIP_TEMP_3", "point": 5, "logfile": "/home/hrahimi/projects/POTENTIOSTAT_26/logs_hrahimi/logs0/Job87.log", "pid": "357956", "totalPhysicalMemory": "3023.749672", "physicalMemoryUsed": "1956.404251", "totalVirtualMemory": "3031.749668", "virtualMemoryUsed": "1956.431595", "cpuCores": "48", "processes": "29913", "loadAverage1": "52.230000", "loadAverage5": "44.980000", "loadAverage15": "39.580000", "loadAverage1Percent": "1.088125"}
[2026-05-27 13:15:29.767 Z] [EVENT] [cadence.virtuoso.ade.simulationMonitor] - NewPoint {"history": "Interactive.44", "point": 16, "testname": "DC_TEMP", "cornername": "CMOS_RES_CAP_BIP_TEMP_14", "event": "NewPoint", "EventSource": "Simulation Monitor", "HistoryName": "Interactive.44", "logFile": "/home/hrahimi/projects/POTENTIOSTAT_26/logs_hrahimi/logs0/Job87.log", "logFileSize": "25856"}
[2026-05-27 13:15:29.870 Z] [EVENT] [cadence.virtuoso.ade.simulationMonitor] - NewPoint {"history": "Interactive.44", "point": 16, "testname": "DC_TEMP", "cornername": "CMOS_RES_CAP_BIP_TEMP_14", "event": "NewPoint", "EventSource": "spectre", "HistoryName": "Interactive.44", "logFile": "/home/hrahimi/projects/POTENTIOSTAT_26/Sim/FBIAS/fecg_bandgap_tb/maestro/results/maestro/Interactive.44/16/DC_TEMP/psf/spectre.out", "logFileSize": "-1"}
[2026-05-27 13:15:29.884 Z] [PROCESS] [cadence.virtuoso.ade.simulationMonitor] - Simulator launched {"hostname": "il2244vt26_hrahimi", "processid": 357956, "history": "Interactive.44", "testname": "DC_TEMP", "cornername": "CMOS_RES_CAP_BIP_TEMP_14", "point": 16, "logfile": "/home/hrahimi/projects/POTENTIOSTAT_26/logs_hrahimi/logs0/Job87.log", "simid": "2"}
[2026-05-27 13:15:29.972 Z] [PROCESS] [cadence.virtuoso.ade.simulationMonitor] - Started Simulation {"hostname": "il2244vt26_hrahimi", "processid": 357956, "history": "Interactive.44", "testname": "DC_TEMP", "cornername": "CMOS_RES_CAP_BIP_TEMP_14", "point": 16, "logfile": "/home/hrahimi/projects/POTENTIOSTAT_26/logs_hrahimi/logs0/Job87.log", "event": "started", "task": "simulation"}
[2026-05-27 13:15:31.476 Z] [WARN] [cadence.virtuoso.ade.simulationMonitor] -     WARNING (SPECTRE-691): This CPU processor does not support x86 advanced vector extensions instructions. This may affect math operations and slow down the simulation. {"history": "Interactive.44", "point": 16, "testname": "DC_TEMP", "cornername": "CMOS_RES_CAP_BIP_TEMP_14"}
[2026-05-27 13:15:31.476 Z] [INFO] [cadence.virtuoso.ade.simulationMonitor] - Notice from spectre during circuit read-in.
    Pre_Configuration file used: /opt/tools/cadence/installs/SPECTRE241/tools.lnx86/spectre/etc/configs/preset.precfg
    Configuration file used: `/opt/tools/cadence/installs/SPECTRE241/tools.lnx86/spectre/etc/configs/preset.cfg'. {"history": "Interactive.44", "point": 16, "testname": "DC_TEMP", "cornername": "CMOS_RES_CAP_BIP_TEMP_14"}
[2026-05-27 13:15:31.477 Z] [WARN] [cadence.virtuoso.ade.simulationMonitor] -     WARNING (SPECTRE-8360): line 1511: `ac' is an undefined primitive device. {"history": "Interactive.44", "point": 16, "testname": "DC_TEMP", "cornername": "CMOS_RES_CAP_BIP_TEMP_14"}
[2026-05-27 13:15:31.477 Z] [WARN] [cadence.virtuoso.ade.simulationMonitor] -     WARNING (SPECTRE-8360): line 1512: `ac' is an undefined primitive device. {"history": "Interactive.44", "point": 16, "testname": "DC_TEMP", "cornername": "CMOS_RES_CAP_BIP_TEMP_14"}
[2026-05-27 13:15:31.477 Z] [WARN] [cadence.virtuoso.ade.simulationMonitor] -     WARNING (SPECTRE-8360): line 1513: `ac' is an undefined primitive device. {"history": "Interactive.44", "point": 16, "testname": "DC_TEMP", "cornername": "CMOS_RES_CAP_BIP_TEMP_14"}
[2026-05-27 13:15:31.477 Z] [WARN] [cadence.virtuoso.ade.simulationMonitor] -     WARNING (SPECTRE-8360): line 1514: `ac' is an undefined primitive device. {"history": "Interactive.44", "point": 16, "testname": "DC_TEMP", "cornername": "CMOS_RES_CAP_BIP_TEMP_14"}
[2026-05-27 13:15:31.477 Z] [WARN] [cadence.virtuoso.ade.simulationMonitor] -     WARNING (SPECTRE-8360): line 1515: `ac' is an undefined primitive device.
        Further occurrences of this warning will be suppressed. {"history": "Interactive.44", "point": 16, "testname": "DC_TEMP", "cornername": "CMOS_RES_CAP_BIP_TEMP_14"}
[2026-05-27 13:15:31.478 Z] [INFO] [cadence.virtuoso.ade.simulationMonitor] - Peak resident memory used = 180 Mbytes. {"history": "Interactive.44", "point": 16, "testname": "DC_TEMP", "cornername": "CMOS_RES_CAP_BIP_TEMP_14"}
[2026-05-27 13:15:31.478 Z] [WARN] [cadence.virtuoso.ade.simulationMonitor] -     WARNING (SFE-2649): Terminals of top-level instance `R50', in file`netlist', at line 327, are connected. Remove the instance and rerun the simulation. {"history": "Interactive.44", "point": 16, "testname": "DC_TEMP", "cornername": "CMOS_RES_CAP_BIP_TEMP_14"}
[2026-05-27 13:15:31.478 Z] [WARN] [cadence.virtuoso.ade.simulationMonitor] -     WARNING (SFE-2649): Terminals of top-level instance `R48', in file`netlist', at line 369, are connected. Remove the instance and rerun the simulation. {"history": "Interactive.44", "point": 16, "testname": "DC_TEMP", "cornername": "CMOS_RES_CAP_BIP_TEMP_14"}
[2026-05-27 13:15:31.479 Z] [WARN] [cadence.virtuoso.ade.simulationMonitor] -     WARNING (VACOMP-2435): The environment variable CDS_AHDLCMI_ENABLE is no longer supported. Therefore, the simulator will use the default compiled C code flow. {"history": "Interactive.44", "point": 16, "testname": "DC_TEMP", "cornername": "CMOS_RES_CAP_BIP_TEMP_14"}
[2026-05-27 13:15:31.479 Z] [WARN] [cadence.virtuoso.ade.simulationMonitor] -     WARNING (SFE-3014): The floating device I0.Q3<0>_turbo_m31 is removed. {"history": "Interactive.44", "point": 16, "testname": "DC_TEMP", "cornername": "CMOS_RES_CAP_BIP_TEMP_14"}
[2026-05-27 13:15:31.479 Z] [WARN] [cadence.virtuoso.ade.simulationMonitor] -     WARNING (SFE-3012): The dummy device I0.MP9<0>_turbo_m4 is removed. {"history": "Interactive.44", "point": 16, "testname": "DC_TEMP", "cornername": "CMOS_RES_CAP_BIP_TEMP_14"}
[2026-05-27 13:15:31.479 Z] [WARN] [cadence.virtuoso.ade.simulationMonitor] -     WARNING (SFE-3012): The dummy device I0.MP12<0>_turbo_m34 is removed. {"history": "Interactive.44", "point": 16, "testname": "DC_TEMP", "cornername": "CMOS_RES_CAP_BIP_TEMP_14"}
[2026-05-27 13:15:31.479 Z] [WARN] [cadence.virtuoso.ade.simulationMonitor] -     WARNING (SFE-3012): The dummy device I0.MP10<0>_turbo_m4 is removed. {"history": "Interactive.44", "point": 16, "testname": "DC_TEMP", "cornername": "CMOS_RES_CAP_BIP_TEMP_14"}
[2026-05-27 13:15:31.480 Z] [INFO] [cadence.virtuoso.ade.simulationMonitor] - Peak resident memory used = 195 Mbytes. {"history": "Interactive.44", "point": 16, "testname": "DC_TEMP", "cornername": "CMOS_RES_CAP_BIP_TEMP_14"}
[2026-05-27 13:15:31.480 Z] [INFO] [cadence.virtuoso.ade.simulationMonitor] - Notice from spectre during hierarchy flattening.
    The value 'psf' specified for the 'checklimitdest' option will no longer be supported in future releases. Use 'spectre -h' to see other recommended values for the 'checklimitdest' option.
    I0.Q0.bjtinsub: `minr' has the unusually small value of 10 fOhm. {"history": "Interactive.44", "point": 16, "testname": "DC_TEMP", "cornername": "CMOS_RES_CAP_BIP_TEMP_14"}
[2026-05-27 13:15:31.480 Z] [INFO] [cadence.virtuoso.ade.simulationMonitor] - Peak resident memory used = 198 Mbytes. {"history": "Interactive.44", "point": 16, "testname": "DC_TEMP", "cornername": "CMOS_RES_CAP_BIP_TEMP_14"}
[2026-05-27 13:15:31.480 Z] [WARN] [cadence.virtuoso.ade.simulationMonitor] -     WARNING (SPECTRE-17607): Assert `SOAC_vert10_vsubpsub' is ignored because it contains an expression which is invalid or not supported by native evaluator.  {"history": "Interactive.44", "point": 16, "testname": "DC_TEMP", "cornername": "CMOS_RES_CAP_BIP_TEMP_14"}
[2026-05-27 13:15:31.480 Z] [WARN] [cadence.virtuoso.ade.simulationMonitor] -     WARNING (SPECTRE-17607): Assert `SOAC_vert10_vcsub' is ignored because it contains an expression which is invalid or not supported by native evaluator.  {"history": "Interactive.44", "point": 16, "testname": "DC_TEMP", "cornername": "CMOS_RES_CAP_BIP_TEMP_14"}
[2026-05-27 13:15:31.480 Z] [WARN] [cadence.virtuoso.ade.simulationMonitor] -     WARNING (SPECTRE-17607): Assert `SOAC_rpolyh_vminuspsub' is ignored because it contains an expression which is invalid or not supported by native evaluator.  {"history": "Interactive.44", "point": 16, "testname": "DC_TEMP", "cornername": "CMOS_RES_CAP_BIP_TEMP_14"}
[2026-05-27 13:15:31.481 Z] [WARN] [cadence.virtuoso.ade.simulationMonitor] -     WARNING (SPECTRE-17607): Assert `SOAC_rpolyh_vpluspsub' is ignored because it contains an expression which is invalid or not supported by native evaluator.  {"history": "Interactive.44", "point": 16, "testname": "DC_TEMP", "cornername": "CMOS_RES_CAP_BIP_TEMP_14"}
[2026-05-27 13:15:31.481 Z] [WARN] [cadence.virtuoso.ade.simulationMonitor] -     WARNING (SPECTRE-16460): SOAC_cvarm_vspsub:Specified subcircuit master `cvarm' was not found. {"history": "Interactive.44", "point": 16, "testname": "DC_TEMP", "cornername": "CMOS_RES_CAP_BIP_TEMP_14"}
[2026-05-27 13:15:31.481 Z] [WARN] [cadence.virtuoso.ade.simulationMonitor] -     WARNING (SPECTRE-16462): SOAC_cvarm_vspsub:Error in specification of subcircuit master. Assert is ignored. {"history": "Interactive.44", "point": 16, "testname": "DC_TEMP", "cornername": "CMOS_RES_CAP_BIP_TEMP_14"}
[2026-05-27 13:15:31.481 Z] [WARN] [cadence.virtuoso.ade.simulationMonitor] -     WARNING (SPECTRE-16460): SOAC_cvarm_vbs:Specified subcircuit master `cvarm' was not found. {"history": "Interactive.44", "point": 16, "testname": "DC_TEMP", "cornername": "CMOS_RES_CAP_BIP_TEMP_14"}
[2026-05-27 13:15:31.481 Z] [WARN] [cadence.virtuoso.ade.simulationMonitor] -     WARNING (SPECTRE-16462): SOAC_cvarm_vbs:Error in specification of subcircuit master. Assert is ignored. {"history": "Interactive.44", "point": 16, "testname": "DC_TEMP", "cornername": "CMOS_RES_CAP_BIP_TEMP_14"}
[2026-05-27 13:15:31.482 Z] [WARN] [cadence.virtuoso.ade.simulationMonitor] -     WARNING (SPECTRE-16460): SOAC_cvarm_vgb:Specified subcircuit master `cvarm' was not found. {"history": "Interactive.44", "point": 16, "testname": "DC_TEMP", "cornername": "CMOS_RES_CAP_BIP_TEMP_14"}
[2026-05-27 13:15:31.482 Z] [WARN] [cadence.virtuoso.ade.simulationMonitor] -     WARNING (SPECTRE-16462): SOAC_cvarm_vgb:Error in specification of subcircuit master. Assert is ignored. {"history": "Interactive.44", "point": 16, "testname": "DC_TEMP", "cornername": "CMOS_RES_CAP_BIP_TEMP_14"}
[2026-05-27 13:15:31.482 Z] [WARN] [cadence.virtuoso.ade.simulationMonitor] -     WARNING (SPECTRE-16460): SOAC_cvart_vspsub:Specified subcircuit master `cvart' was not found. {"history": "Interactive.44", "point": 16, "testname": "DC_TEMP", "cornername": "CMOS_RES_CAP_BIP_TEMP_14"}
[2026-05-27 13:15:31.482 Z] [WARN] [cadence.virtuoso.ade.simulationMonitor] -     WARNING (SPECTRE-16462): SOAC_cvart_vspsub:Error in specification of subcircuit master. Assert is ignored. {"history": "Interactive.44", "point": 16, "testname": "DC_TEMP", "cornername": "CMOS_RES_CAP_BIP_TEMP_14"}
[2026-05-27 13:15:31.483 Z] [WARN] [cadence.virtuoso.ade.simulationMonitor] -     WARNING (SPECTRE-16460): SOAC_cvart_vbs:Specified subcircuit master `cvart' was not found.
        Further occurrences of this warning will be suppressed. {"history": "Interactive.44", "point": 16, "testname": "DC_TEMP", "cornername": "CMOS_RES_CAP_BIP_TEMP_14"}
[2026-05-27 13:15:31.483 Z] [WARN] [cadence.virtuoso.ade.simulationMonitor] -     WARNING (SPECTRE-16462): SOAC_cvart_vbs:Error in specification of subcircuit master. Assert is ignored.
        Further occurrences of this warning will be suppressed. {"history": "Interactive.44", "point": 16, "testname": "DC_TEMP", "cornername": "CMOS_RES_CAP_BIP_TEMP_14"}
[2026-05-27 13:15:31.483 Z] [WARN] [cadence.virtuoso.ade.simulationMonitor] -     WARNING (SPECTRE-17607): Assert `SOAC_cpoly_vminuspsub' is ignored because it contains an expression which is invalid or not supported by native evaluator. 
        Further occurrences of this warning will be suppressed. {"history": "Interactive.44", "point": 16, "testname": "DC_TEMP", "cornername": "CMOS_RES_CAP_BIP_TEMP_14"}
[2026-05-27 13:15:32.483 Z] [INFO] [cadence.virtuoso.ade.simulationMonitor] - Notice from spectre during initial setup.
    Multithreading is disabled due to the size of the design being too small. {"history": "Interactive.44", "point": 16, "testname": "DC_TEMP", "cornername": "CMOS_RES_CAP_BIP_TEMP_14"}
[2026-05-27 13:15:32.486 Z] [INFO] [cadence.virtuoso.ade.simulationMonitor] -               nodes 101 {"history": "Interactive.44", "point": 16, "testname": "DC_TEMP", "cornername": "CMOS_RES_CAP_BIP_TEMP_14"}
[2026-05-27 13:15:32.486 Z] [INFO] [cadence.virtuoso.ade.simulationMonitor] - Notice from spectre during initial setup.
    Spectre X preset=mx enabled.
    75 warnings suppressed. {"history": "Interactive.44", "point": 16, "testname": "DC_TEMP", "cornername": "CMOS_RES_CAP_BIP_TEMP_14"}
[2026-05-27 13:15:32.487 Z] [INFO] [cadence.virtuoso.ade.simulationMonitor] - Peak resident memory used = 204 Mbytes. {"history": "Interactive.44", "point": 16, "testname": "DC_TEMP", "cornername": "CMOS_RES_CAP_BIP_TEMP_14"}
[2026-05-27 13:15:32.487 Z] [INFO] [cadence.virtuoso.ade.simulationMonitor] -    -   (Spectre X) Multi-threading. The recommended number of threads is 1, consider adding +mt=1 on command line. {"history": "Interactive.44", "point": 16, "testname": "DC_TEMP", "cornername": "CMOS_RES_CAP_BIP_TEMP_14"}
[2026-05-27 13:15:32.487 Z] [INFO] [cadence.virtuoso.ade.simulationMonitor] - Notice from spectre during DC analysis `dcOp'.
    No checklimit analysis defined for asserts. A default checklimit analysis 'SpectreChecklimitAnal' has been created with all asserts enabled. {"history": "Interactive.44", "point": 16, "testname": "DC_TEMP", "cornername": "CMOS_RES_CAP_BIP_TEMP_14"}
[2026-05-27 13:15:32.488 Z] [WARN] [cadence.virtuoso.ade.simulationMonitor] -     WARNING (CMI-2943): Parameter checks have been ignored because the valid value for parameter 'trise' could not be found in 'C0'. {"history": "Interactive.44", "point": 16, "testname": "DC_TEMP", "cornername": "CMOS_RES_CAP_BIP_TEMP_14"}
[2026-05-27 13:15:32.488 Z] [WARN] [cadence.virtuoso.ade.simulationMonitor] -     WARNING (CMI-2943): Parameter checks have been ignored because the valid value for parameter 'trise' could not be found in 'I0.R28.CM'. {"history": "Interactive.44", "point": 16, "testname": "DC_TEMP", "cornername": "CMOS_RES_CAP_BIP_TEMP_14"}
[2026-05-27 13:15:32.489 Z] [WARN] [cadence.virtuoso.ade.simulationMonitor] -     WARNING (CMI-2943): Parameter checks have been ignored because the valid value for parameter 'trise' could not be found in 'I0.R28.CS1'. {"history": "Interactive.44", "point": 16, "testname": "DC_TEMP", "cornername": "CMOS_RES_CAP_BIP_TEMP_14"}
[2026-05-27 13:15:32.489 Z] [WARN] [cadence.virtuoso.ade.simulationMonitor] -     WARNING (CMI-2943): Parameter checks have been ignored because the valid value for parameter 'trise' could not be found in 'I0.R28.CS0'. {"history": "Interactive.44", "point": 16, "testname": "DC_TEMP", "cornername": "CMOS_RES_CAP_BIP_TEMP_14"}
[2026-05-27 13:15:32.490 Z] [WARN] [cadence.virtuoso.ade.simulationMonitor] -     WARNING (CMI-2943): Parameter checks have been ignored because the valid value for parameter 'trise' could not be found in 'I0.R7.CM'.
        Further occurrences of this warning will be suppressed. {"history": "Interactive.44", "point": 16, "testname": "DC_TEMP", "cornername": "CMOS_RES_CAP_BIP_TEMP_14"}
[2026-05-27 13:15:32.490 Z] [INFO] [cadence.virtuoso.ade.simulationMonitor] - Total time required for dc analysis `dcOp': CPU = 85.739 ms, elapsed = 111.401 ms, util. = 77%. {"history": "Interactive.44", "point": 16, "testname": "DC_TEMP", "cornername": "CMOS_RES_CAP_BIP_TEMP_14"}
[2026-05-27 13:15:32.493 Z] [INFO] [cadence.virtuoso.ade.simulationMonitor] - Peak resident memory used = 213 Mbytes. {"history": "Interactive.44", "point": 16, "testname": "DC_TEMP", "cornername": "CMOS_RES_CAP_BIP_TEMP_14"}
[2026-05-27 13:15:32.493 Z] [INFO] [cadence.virtuoso.ade.simulationMonitor] - Notice from spectre.
    127 warnings suppressed. {"history": "Interactive.44", "point": 16, "testname": "DC_TEMP", "cornername": "CMOS_RES_CAP_BIP_TEMP_14"}
[2026-05-27 13:15:33.494 Z] [WARN] [cadence.virtuoso.ade.simulationMonitor] -     WARNING (CMI-2943): Parameter checks have been ignored because the valid value for parameter 'trise' could not be found in 'C0'. {"history": "Interactive.44", "point": 16, "testname": "DC_TEMP", "cornername": "CMOS_RES_CAP_BIP_TEMP_14"}
[2026-05-27 13:15:33.495 Z] [WARN] [cadence.virtuoso.ade.simulationMonitor] -     WARNING (CMI-2943): Parameter checks have been ignored because the valid value for parameter 'trise' could not be found in 'I0.R28.CM'. {"history": "Interactive.44", "point": 16, "testname": "DC_TEMP", "cornername": "CMOS_RES_CAP_BIP_TEMP_14"}
[2026-05-27 13:15:33.495 Z] [WARN] [cadence.virtuoso.ade.simulationMonitor] -     WARNING (CMI-2943): Parameter checks have been ignored because the valid value for parameter 'trise' could not be found in 'I0.R28.CS1'. {"history": "Interactive.44", "point": 16, "testname": "DC_TEMP", "cornername": "CMOS_RES_CAP_BIP_TEMP_14"}
[2026-05-27 13:15:33.496 Z] [WARN] [cadence.virtuoso.ade.simulationMonitor] -     WARNING (CMI-2943): Parameter checks have been ignored because the valid value for parameter 'trise' could not be found in 'I0.R28.CS0'. {"history": "Interactive.44", "point": 16, "testname": "DC_TEMP", "cornername": "CMOS_RES_CAP_BIP_TEMP_14"}
[2026-05-27 13:15:33.496 Z] [WARN] [cadence.virtuoso.ade.simulationMonitor] -     WARNING (CMI-2943): Parameter checks have been ignored because the valid value for parameter 'trise' could not be found in 'I0.R7.CM'.
        Further occurrences of this warning will be suppressed. {"history": "Interactive.44", "point": 16, "testname": "DC_TEMP", "cornername": "CMOS_RES_CAP_BIP_TEMP_14"}
[2026-05-27 13:15:33.497 Z] [INFO] [cadence.virtuoso.ade.simulationMonitor] - Notice from spectre at temp = 85 C during DC analysis `dc'.
    The value of parameter 'temp' has been reset to the original value -40. {"history": "Interactive.44", "point": 16, "testname": "DC_TEMP", "cornername": "CMOS_RES_CAP_BIP_TEMP_14"}
[2026-05-27 13:15:33.497 Z] [INFO] [cadence.virtuoso.ade.simulationMonitor] - Total time required for dc analysis `dc': CPU = 935.334 ms, elapsed = 1.08596 s, util. = 86.1%. {"history": "Interactive.44", "point": 16, "testname": "DC_TEMP", "cornername": "CMOS_RES_CAP_BIP_TEMP_14"}
[2026-05-27 13:15:33.497 Z] [INFO] [cadence.virtuoso.ade.simulationMonitor] - Peak resident memory used = 215 Mbytes. {"history": "Interactive.44", "point": 16, "testname": "DC_TEMP", "cornername": "CMOS_RES_CAP_BIP_TEMP_14"}
[2026-05-27 13:15:33.498 Z] [INFO] [cadence.virtuoso.ade.simulationMonitor] - Notice from spectre.
    127 warnings suppressed. {"history": "Interactive.44", "point": 16, "testname": "DC_TEMP", "cornername": "CMOS_RES_CAP_BIP_TEMP_14"}
[2026-05-27 13:15:33.999 Z] [INFO] [cadence.virtuoso.ade.simulationMonitor] - Time used: CPU = 1.66 s, elapsed = 3.04 s, util. = 54.6%. {"history": "Interactive.44", "point": 16, "testname": "DC_TEMP", "cornername": "CMOS_RES_CAP_BIP_TEMP_14"}
[2026-05-27 13:15:34.000 Z] [INFO] [cadence.virtuoso.ade.simulationMonitor] - Time spent in licensing: elapsed = 253 ms, percentage of total = 8.32%. {"history": "Interactive.44", "point": 16, "testname": "DC_TEMP", "cornername": "CMOS_RES_CAP_BIP_TEMP_14"}
[2026-05-27 13:15:34.002 Z] [INFO] [cadence.virtuoso.ade.simulationMonitor] - Peak memory used = 216 Mbytes. {"history": "Interactive.44", "point": 16, "testname": "DC_TEMP", "cornername": "CMOS_RES_CAP_BIP_TEMP_14"}
[2026-05-27 13:15:34.003 Z] [PROCESS] [cadence.virtuoso.ade.simulationMonitor] - Simulation started at: 1:15:30 PM, Wed May 27, 2026, ended at: 1:15:33 PM, Wed May 27, 2026, with elapsed time (wall clock): 3.04 s. {"history": "Interactive.44", "point": 16, "testname": "DC_TEMP", "cornername": "CMOS_RES_CAP_BIP_TEMP_14"}
[2026-05-27 13:15:34.005 Z] [PROCESS] [cadence.virtuoso.ade.simulationMonitor] - spectre completes with 0 errors, 38 warnings, and 13 notices. {"history": "Interactive.44", "point": 16, "testname": "DC_TEMP", "cornername": "CMOS_RES_CAP_BIP_TEMP_14"}
[2026-05-27 13:15:34.005 Z] [PROCESS] [cadence.virtuoso.ade.simulationMonitor] - Finished simulating for one point {"hostname": "il2244vt26_hrahimi", "processid": 357956, "history": "Interactive.44", "testname": "DC_TEMP", "cornername": "CMOS_RES_CAP_BIP_TEMP_14", "point": 16, "logfile": "/home/hrahimi/projects/POTENTIOSTAT_26/logs_hrahimi/logs0/Job87.log", "simid": "2"}
[2026-05-27 13:15:34.006 Z] [PROCESS] [cadence.virtuoso.ade.simulationMonitor] - Simulator exited {"hostname": "il2244vt26_hrahimi", "processid": 357956, "history": "Interactive.44", "testname": "DC_TEMP", "cornername": "CMOS_RES_CAP_BIP_TEMP_14", "point": 16, "logfile": "/home/hrahimi/projects/POTENTIOSTAT_26/logs_hrahimi/logs0/Job87.log", "exitStatus": "0"}
[2026-05-27 13:15:34.006 Z] [PROCESS] [cadence.virtuoso.ade.simulationMonitor] - Finished Simulation {"hostname": "il2244vt26_hrahimi", "processid": 357956, "history": "Interactive.44", "testname": "DC_TEMP", "cornername": "CMOS_RES_CAP_BIP_TEMP_14", "point": 16, "logfile": "/home/hrahimi/projects/POTENTIOSTAT_26/logs_hrahimi/logs0/Job87.log", "simid": "2"}
[2026-05-27 13:15:37.028 Z] [PROCESS] [cadence.virtuoso.ade.simulationMonitor] - Point Finished {"hostname": "il2244vt26_hrahimi", "processid": 357956, "history": "Interactive.44", "testname": "DC_TEMP", "cornername": "CMOS_RES_CAP_BIP_TEMP_14", "point": 16, "logfile": "/home/hrahimi/projects/POTENTIOSTAT_26/logs_hrahimi/logs0/Job87.log"}
[2026-05-27 13:15:37.033 Z] [PROCESS] [cadence.virtuoso.ade.simulationMonitor] - Stay with the runId '0', Linger time '300', currentRunSyn '1', currentTestSyn '2' {"hostname": "il2244vt26_hrahimi", "processid": 357956, "history": "Interactive.44", "testname": "DC_TEMP", "cornername": "CMOS_RES_CAP_BIP_TEMP_14", "point": 16, "logfile": "/home/hrahimi/projects/POTENTIOSTAT_26/logs_hrahimi/logs0/Job87.log"}
[2026-05-27 13:15:38.034 Z] [PROCESS] [cadence.virtuoso.ade.simulationMonitor] - Stay with the runId '0', Linger time '300', currentRunSyn '1', currentTestSyn '2' {"hostname": "il2244vt26_hrahimi", "processid": 357956, "history": "Interactive.44", "testname": "DC_TEMP", "cornername": "CMOS_RES_CAP_BIP_TEMP_14", "point": 16, "logfile": "/home/hrahimi/projects/POTENTIOSTAT_26/logs_hrahimi/logs0/Job87.log"}
[2026-05-27 13:15:39.034 Z] [PROCESS] [cadence.virtuoso.ade.simulationMonitor] - Stay with the runId '0', Linger time '300', currentRunSyn '1', currentTestSyn '2' {"hostname": "il2244vt26_hrahimi", "processid": 357956, "history": "Interactive.44", "testname": "DC_TEMP", "cornername": "CMOS_RES_CAP_BIP_TEMP_14", "point": 16, "logfile": "/home/hrahimi/projects/POTENTIOSTAT_26/logs_hrahimi/logs0/Job87.log"}
[2026-05-27 13:15:40.033 Z] [PROCESS] [cadence.virtuoso.ade.simulationMonitor] - Stay with the runId '0', Linger time '300', currentRunSyn '1', currentTestSyn '2' {"hostname": "il2244vt26_hrahimi", "processid": 357956, "history": "Interactive.44", "testname": "DC_TEMP", "cornername": "CMOS_RES_CAP_BIP_TEMP_14", "point": 16, "logfile": "/home/hrahimi/projects/POTENTIOSTAT_26/logs_hrahimi/logs0/Job87.log"}
[2026-05-27 13:15:41.035 Z] [PROCESS] [cadence.virtuoso.ade.simulationMonitor] - Stay with the runId '0', Linger time '300', currentRunSyn '1', currentTestSyn '2' {"hostname": "il2244vt26_hrahimi", "processid": 357956, "history": "Interactive.44", "testname": "DC_TEMP", "cornername": "CMOS_RES_CAP_BIP_TEMP_14", "point": 16, "logfile": "/home/hrahimi/projects/POTENTIOSTAT_26/logs_hrahimi/logs0/Job87.log"}
[2026-05-27 13:15:42.037 Z] [PROCESS] [cadence.virtuoso.ade.simulationMonitor] - Stay with the runId '0', Linger time '300', currentRunSyn '1', currentTestSyn '2' {"hostname": "il2244vt26_hrahimi", "processid": 357956, "history": "Interactive.44", "testname": "DC_TEMP", "cornername": "CMOS_RES_CAP_BIP_TEMP_14", "point": 16, "logfile": "/home/hrahimi/projects/POTENTIOSTAT_26/logs_hrahimi/logs0/Job87.log"}
[2026-05-27 13:15:43.037 Z] [PROCESS] [cadence.virtuoso.ade.simulationMonitor] - Stay with the runId '0', Linger time '300', currentRunSyn '1', currentTestSyn '2' {"hostname": "il2244vt26_hrahimi", "processid": 357956, "history": "Interactive.44", "testname": "DC_TEMP", "cornername": "CMOS_RES_CAP_BIP_TEMP_14", "point": 16, "logfile": "/home/hrahimi/projects/POTENTIOSTAT_26/logs_hrahimi/logs0/Job87.log"}
[2026-05-27 13:15:44.037 Z] [PROCESS] [cadence.virtuoso.ade.simulationMonitor] - Stay with the runId '0', Linger time '300', currentRunSyn '1', currentTestSyn '2' {"hostname": "il2244vt26_hrahimi", "processid": 357956, "history": "Interactive.44", "testname": "DC_TEMP", "cornername": "CMOS_RES_CAP_BIP_TEMP_14", "point": 16, "logfile": "/home/hrahimi/projects/POTENTIOSTAT_26/logs_hrahimi/logs0/Job87.log"}
[2026-05-27 13:15:45.045 Z] [PROCESS] [cadence.virtuoso.ade.simulationMonitor] - Stay with the runId '0', Linger time '300', currentRunSyn '1', currentTestSyn '2' {"hostname": "il2244vt26_hrahimi", "processid": 357956, "history": "Interactive.44", "testname": "DC_TEMP", "cornername": "CMOS_RES_CAP_BIP_TEMP_14", "point": 16, "logfile": "/home/hrahimi/projects/POTENTIOSTAT_26/logs_hrahimi/logs0/Job87.log"}
[2026-05-27 13:15:46.046 Z] [PROCESS] [cadence.virtuoso.ade.simulationMonitor] - Stay with the runId '0', Linger time '300', currentRunSyn '1', currentTestSyn '2' {"hostname": "il2244vt26_hrahimi", "processid": 357956, "history": "Interactive.44", "testname": "DC_TEMP", "cornername": "CMOS_RES_CAP_BIP_TEMP_14", "point": 16, "logfile": "/home/hrahimi/projects/POTENTIOSTAT_26/logs_hrahimi/logs0/Job87.log"}
[2026-05-27 13:15:47.046 Z] [PROCESS] [cadence.virtuoso.ade.simulationMonitor] - Stay with the runId '0', Linger time '300', currentRunSyn '1', currentTestSyn '2' {"hostname": "il2244vt26_hrahimi", "processid": 357956, "history": "Interactive.44", "testname": "DC_TEMP", "cornername": "CMOS_RES_CAP_BIP_TEMP_14", "point": 16, "logfile": "/home/hrahimi/projects/POTENTIOSTAT_26/logs_hrahimi/logs0/Job87.log"}
[2026-05-27 13:15:48.048 Z] [PROCESS] [cadence.virtuoso.ade.simulationMonitor] - HostInfo:
Host name (type):	il2244vt26_hrahimi (x86_64)
Operating system:	Linux 5.15.0-164-generic #174-Ubuntu SMP Fri Nov 14 20:25:16 UTC 2025 {"hostname": "il2244vt26_hrahimi", "processid": 357956, "history": "Interactive.44", "testname": "DC_TEMP", "cornername": "CMOS_RES_CAP_BIP_TEMP_14", "point": 16, "logfile": "/home/hrahimi/projects/POTENTIOSTAT_26/logs_hrahimi/logs0/Job87.log", "nodename": "il2244vt26_hrahimi", "domainname": "(none)", "machine": "x86_64", "sysname": "Linux", "release": "5.15.0-164-generic", "version": "#174-Ubuntu SMP Fri Nov 14 20:25:16 UTC 2025"}
[2026-05-27 13:15:48.049 Z] [PROCESS] [cadence.virtuoso.ade.simulationMonitor] - UsageInfo:
pid=357956
totalPhysicalMemory=3023.749672GB,Used=1957.078449GB,totalVirtualMemory=3031.749668GB,Used=1957.105793GB
Cpu: Cores=48, Load average:54.280000,45.920000,40.000000 {"hostname": "il2244vt26_hrahimi", "processid": 357956, "history": "Interactive.44", "testname": "DC_TEMP", "cornername": "CMOS_RES_CAP_BIP_TEMP_14", "point": 16, "logfile": "/home/hrahimi/projects/POTENTIOSTAT_26/logs_hrahimi/logs0/Job87.log", "pid": "357956", "totalPhysicalMemory": "3023.749672", "physicalMemoryUsed": "1957.078449", "totalVirtualMemory": "3031.749668", "virtualMemoryUsed": "1957.105793", "cpuCores": "48", "processes": "29901", "loadAverage1": "54.280000", "loadAverage5": "45.920000", "loadAverage15": "40.000000", "loadAverage1Percent": "1.130833"}
[2026-05-27 13:15:48.051 Z] [EVENT] [cadence.virtuoso.ade.simulationMonitor] - NewPoint {"history": "Interactive.44", "point": 35, "testname": "DC_TEMP", "cornername": "CMOS_RES_CAP_BIP_TEMP_33", "event": "NewPoint", "EventSource": "Simulation Monitor", "HistoryName": "Interactive.44", "logFile": "/home/hrahimi/projects/POTENTIOSTAT_26/logs_hrahimi/logs0/Job87.log", "logFileSize": "53305"}
[2026-05-27 13:15:48.154 Z] [EVENT] [cadence.virtuoso.ade.simulationMonitor] - NewPoint {"history": "Interactive.44", "point": 35, "testname": "DC_TEMP", "cornername": "CMOS_RES_CAP_BIP_TEMP_33", "event": "NewPoint", "EventSource": "spectre", "HistoryName": "Interactive.44", "logFile": "/home/hrahimi/projects/POTENTIOSTAT_26/Sim/FBIAS/fecg_bandgap_tb/maestro/results/maestro/Interactive.44/35/DC_TEMP/psf/spectre.out", "logFileSize": "-1"}
[2026-05-27 13:15:48.170 Z] [PROCESS] [cadence.virtuoso.ade.simulationMonitor] - Simulator launched {"hostname": "il2244vt26_hrahimi", "processid": 357956, "history": "Interactive.44", "testname": "DC_TEMP", "cornername": "CMOS_RES_CAP_BIP_TEMP_33", "point": 35, "logfile": "/home/hrahimi/projects/POTENTIOSTAT_26/logs_hrahimi/logs0/Job87.log", "simid": "3"}
[2026-05-27 13:15:48.264 Z] [PROCESS] [cadence.virtuoso.ade.simulationMonitor] - Started Simulation {"hostname": "il2244vt26_hrahimi", "processid": 357956, "history": "Interactive.44", "testname": "DC_TEMP", "cornername": "CMOS_RES_CAP_BIP_TEMP_33", "point": 35, "logfile": "/home/hrahimi/projects/POTENTIOSTAT_26/logs_hrahimi/logs0/Job87.log", "event": "started", "task": "simulation"}
[2026-05-27 13:15:49.265 Z] [WARN] [cadence.virtuoso.ade.simulationMonitor] -     WARNING (SPECTRE-691): This CPU processor does not support x86 advanced vector extensions instructions. This may affect math operations and slow down the simulation. {"history": "Interactive.44", "point": 35, "testname": "DC_TEMP", "cornername": "CMOS_RES_CAP_BIP_TEMP_33"}
[2026-05-27 13:15:49.266 Z] [INFO] [cadence.virtuoso.ade.simulationMonitor] - Notice from spectre during circuit read-in.
    Pre_Configuration file used: /opt/tools/cadence/installs/SPECTRE241/tools.lnx86/spectre/etc/configs/preset.precfg
    Configuration file used: `/opt/tools/cadence/installs/SPECTRE241/tools.lnx86/spectre/etc/configs/preset.cfg'. {"history": "Interactive.44", "point": 35, "testname": "DC_TEMP", "cornername": "CMOS_RES_CAP_BIP_TEMP_33"}
[2026-05-27 13:15:49.266 Z] [WARN] [cadence.virtuoso.ade.simulationMonitor] -     WARNING (SPECTRE-8360): line 1511: `ac' is an undefined primitive device. {"history": "Interactive.44", "point": 35, "testname": "DC_TEMP", "cornername": "CMOS_RES_CAP_BIP_TEMP_33"}
[2026-05-27 13:15:49.266 Z] [WARN] [cadence.virtuoso.ade.simulationMonitor] -     WARNING (SPECTRE-8360): line 1512: `ac' is an undefined primitive device. {"history": "Interactive.44", "point": 35, "testname": "DC_TEMP", "cornername": "CMOS_RES_CAP_BIP_TEMP_33"}
[2026-05-27 13:15:49.267 Z] [WARN] [cadence.virtuoso.ade.simulationMonitor] -     WARNING (SPECTRE-8360): line 1513: `ac' is an undefined primitive device. {"history": "Interactive.44", "point": 35, "testname": "DC_TEMP", "cornername": "CMOS_RES_CAP_BIP_TEMP_33"}
[2026-05-27 13:15:49.267 Z] [WARN] [cadence.virtuoso.ade.simulationMonitor] -     WARNING (SPECTRE-8360): line 1514: `ac' is an undefined primitive device. {"history": "Interactive.44", "point": 35, "testname": "DC_TEMP", "cornername": "CMOS_RES_CAP_BIP_TEMP_33"}
[2026-05-27 13:15:49.267 Z] [WARN] [cadence.virtuoso.ade.simulationMonitor] -     WARNING (SPECTRE-8360): line 1515: `ac' is an undefined primitive device.
        Further occurrences of this warning will be suppressed. {"history": "Interactive.44", "point": 35, "testname": "DC_TEMP", "cornername": "CMOS_RES_CAP_BIP_TEMP_33"}
[2026-05-27 13:15:49.268 Z] [INFO] [cadence.virtuoso.ade.simulationMonitor] - Peak resident memory used = 181 Mbytes. {"history": "Interactive.44", "point": 35, "testname": "DC_TEMP", "cornername": "CMOS_RES_CAP_BIP_TEMP_33"}
[2026-05-27 13:15:49.268 Z] [WARN] [cadence.virtuoso.ade.simulationMonitor] -     WARNING (SFE-2649): Terminals of top-level instance `R50', in file`netlist', at line 327, are connected. Remove the instance and rerun the simulation. {"history": "Interactive.44", "point": 35, "testname": "DC_TEMP", "cornername": "CMOS_RES_CAP_BIP_TEMP_33"}
[2026-05-27 13:15:49.268 Z] [WARN] [cadence.virtuoso.ade.simulationMonitor] -     WARNING (SFE-2649): Terminals of top-level instance `R48', in file`netlist', at line 369, are connected. Remove the instance and rerun the simulation. {"history": "Interactive.44", "point": 35, "testname": "DC_TEMP", "cornername": "CMOS_RES_CAP_BIP_TEMP_33"}
[2026-05-27 13:15:49.269 Z] [WARN] [cadence.virtuoso.ade.simulationMonitor] -     WARNING (VACOMP-2435): The environment variable CDS_AHDLCMI_ENABLE is no longer supported. Therefore, the simulator will use the default compiled C code flow. {"history": "Interactive.44", "point": 35, "testname": "DC_TEMP", "cornername": "CMOS_RES_CAP_BIP_TEMP_33"}
[2026-05-27 13:15:49.269 Z] [WARN] [cadence.virtuoso.ade.simulationMonitor] -     WARNING (SFE-3014): The floating device I0.Q3<0>_turbo_m31 is removed. {"history": "Interactive.44", "point": 35, "testname": "DC_TEMP", "cornername": "CMOS_RES_CAP_BIP_TEMP_33"}
[2026-05-27 13:15:49.269 Z] [WARN] [cadence.virtuoso.ade.simulationMonitor] -     WARNING (SFE-3012): The dummy device I0.MP9<0>_turbo_m4 is removed. {"history": "Interactive.44", "point": 35, "testname": "DC_TEMP", "cornername": "CMOS_RES_CAP_BIP_TEMP_33"}
[2026-05-27 13:15:49.270 Z] [WARN] [cadence.virtuoso.ade.simulationMonitor] -     WARNING (SFE-3012): The dummy device I0.MP12<0>_turbo_m34 is removed. {"history": "Interactive.44", "point": 35, "testname": "DC_TEMP", "cornername": "CMOS_RES_CAP_BIP_TEMP_33"}
[2026-05-27 13:15:49.270 Z] [WARN] [cadence.virtuoso.ade.simulationMonitor] -     WARNING (SFE-3012): The dummy device I0.MP10<0>_turbo_m4 is removed. {"history": "Interactive.44", "point": 35, "testname": "DC_TEMP", "cornername": "CMOS_RES_CAP_BIP_TEMP_33"}
[2026-05-27 13:15:49.271 Z] [INFO] [cadence.virtuoso.ade.simulationMonitor] - Peak resident memory used = 193 Mbytes. {"history": "Interactive.44", "point": 35, "testname": "DC_TEMP", "cornername": "CMOS_RES_CAP_BIP_TEMP_33"}
[2026-05-27 13:15:49.271 Z] [INFO] [cadence.virtuoso.ade.simulationMonitor] - Notice from spectre during hierarchy flattening.
    The value 'psf' specified for the 'checklimitdest' option will no longer be supported in future releases. Use 'spectre -h' to see other recommended values for the 'checklimitdest' option.
    I0.Q0.bjtinsub: `rbm' has the unusually small value of 500 mOhm.
    I0.Q0.bjtinsub: `minr' has the unusually small value of 10 fOhm. {"history": "Interactive.44", "point": 35, "testname": "DC_TEMP", "cornername": "CMOS_RES_CAP_BIP_TEMP_33"}
[2026-05-27 13:15:49.272 Z] [INFO] [cadence.virtuoso.ade.simulationMonitor] - Peak resident memory used = 196 Mbytes. {"history": "Interactive.44", "point": 35, "testname": "DC_TEMP", "cornername": "CMOS_RES_CAP_BIP_TEMP_33"}
[2026-05-27 13:15:49.272 Z] [WARN] [cadence.virtuoso.ade.simulationMonitor] -     WARNING (SPECTRE-17607): Assert `SOAC_vert10_vsubpsub' is ignored because it contains an expression which is invalid or not supported by native evaluator.  {"history": "Interactive.44", "point": 35, "testname": "DC_TEMP", "cornername": "CMOS_RES_CAP_BIP_TEMP_33"}
[2026-05-27 13:15:49.272 Z] [WARN] [cadence.virtuoso.ade.simulationMonitor] -     WARNING (SPECTRE-17607): Assert `SOAC_vert10_vcsub' is ignored because it contains an expression which is invalid or not supported by native evaluator.  {"history": "Interactive.44", "point": 35, "testname": "DC_TEMP", "cornername": "CMOS_RES_CAP_BIP_TEMP_33"}
[2026-05-27 13:15:49.273 Z] [WARN] [cadence.virtuoso.ade.simulationMonitor] -     WARNING (SPECTRE-17607): Assert `SOAC_rpolyh_vminuspsub' is ignored because it contains an expression which is invalid or not supported by native evaluator.  {"history": "Interactive.44", "point": 35, "testname": "DC_TEMP", "cornername": "CMOS_RES_CAP_BIP_TEMP_33"}
[2026-05-27 13:15:49.273 Z] [WARN] [cadence.virtuoso.ade.simulationMonitor] -     WARNING (SPECTRE-17607): Assert `SOAC_rpolyh_vpluspsub' is ignored because it contains an expression which is invalid or not supported by native evaluator.  {"history": "Interactive.44", "point": 35, "testname": "DC_TEMP", "cornername": "CMOS_RES_CAP_BIP_TEMP_33"}
[2026-05-27 13:15:49.273 Z] [WARN] [cadence.virtuoso.ade.simulationMonitor] -     WARNING (SPECTRE-16460): SOAC_cvarm_vspsub:Specified subcircuit master `cvarm' was not found. {"history": "Interactive.44", "point": 35, "testname": "DC_TEMP", "cornername": "CMOS_RES_CAP_BIP_TEMP_33"}
[2026-05-27 13:15:49.273 Z] [WARN] [cadence.virtuoso.ade.simulationMonitor] -     WARNING (SPECTRE-16462): SOAC_cvarm_vspsub:Error in specification of subcircuit master. Assert is ignored. {"history": "Interactive.44", "point": 35, "testname": "DC_TEMP", "cornername": "CMOS_RES_CAP_BIP_TEMP_33"}
[2026-05-27 13:15:49.274 Z] [WARN] [cadence.virtuoso.ade.simulationMonitor] -     WARNING (SPECTRE-16460): SOAC_cvarm_vbs:Specified subcircuit master `cvarm' was not found. {"history": "Interactive.44", "point": 35, "testname": "DC_TEMP", "cornername": "CMOS_RES_CAP_BIP_TEMP_33"}
[2026-05-27 13:15:49.274 Z] [WARN] [cadence.virtuoso.ade.simulationMonitor] -     WARNING (SPECTRE-16462): SOAC_cvarm_vbs:Error in specification of subcircuit master. Assert is ignored. {"history": "Interactive.44", "point": 35, "testname": "DC_TEMP", "cornername": "CMOS_RES_CAP_BIP_TEMP_33"}
[2026-05-27 13:15:49.274 Z] [WARN] [cadence.virtuoso.ade.simulationMonitor] -     WARNING (SPECTRE-16460): SOAC_cvarm_vgb:Specified subcircuit master `cvarm' was not found. {"history": "Interactive.44", "point": 35, "testname": "DC_TEMP", "cornername": "CMOS_RES_CAP_BIP_TEMP_33"}
[2026-05-27 13:15:49.275 Z] [WARN] [cadence.virtuoso.ade.simulationMonitor] -     WARNING (SPECTRE-16462): SOAC_cvarm_vgb:Error in specification of subcircuit master. Assert is ignored. {"history": "Interactive.44", "point": 35, "testname": "DC_TEMP", "cornername": "CMOS_RES_CAP_BIP_TEMP_33"}
[2026-05-27 13:15:49.275 Z] [WARN] [cadence.virtuoso.ade.simulationMonitor] -     WARNING (SPECTRE-16460): SOAC_cvart_vspsub:Specified subcircuit master `cvart' was not found. {"history": "Interactive.44", "point": 35, "testname": "DC_TEMP", "cornername": "CMOS_RES_CAP_BIP_TEMP_33"}
[2026-05-27 13:15:49.275 Z] [WARN] [cadence.virtuoso.ade.simulationMonitor] -     WARNING (SPECTRE-16462): SOAC_cvart_vspsub:Error in specification of subcircuit master. Assert is ignored. {"history": "Interactive.44", "point": 35, "testname": "DC_TEMP", "cornername": "CMOS_RES_CAP_BIP_TEMP_33"}
[2026-05-27 13:15:49.276 Z] [WARN] [cadence.virtuoso.ade.simulationMonitor] -     WARNING (SPECTRE-16460): SOAC_cvart_vbs:Specified subcircuit master `cvart' was not found.
        Further occurrences of this warning will be suppressed. {"history": "Interactive.44", "point": 35, "testname": "DC_TEMP", "cornername": "CMOS_RES_CAP_BIP_TEMP_33"}
[2026-05-27 13:15:49.276 Z] [WARN] [cadence.virtuoso.ade.simulationMonitor] -     WARNING (SPECTRE-16462): SOAC_cvart_vbs:Error in specification of subcircuit master. Assert is ignored.
        Further occurrences of this warning will be suppressed. {"history": "Interactive.44", "point": 35, "testname": "DC_TEMP", "cornername": "CMOS_RES_CAP_BIP_TEMP_33"}
[2026-05-27 13:15:49.276 Z] [WARN] [cadence.virtuoso.ade.simulationMonitor] -     WARNING (SPECTRE-17607): Assert `SOAC_cpoly_vminuspsub' is ignored because it contains an expression which is invalid or not supported by native evaluator. 
        Further occurrences of this warning will be suppressed. {"history": "Interactive.44", "point": 35, "testname": "DC_TEMP", "cornername": "CMOS_RES_CAP_BIP_TEMP_33"}
[2026-05-27 13:15:50.279 Z] [INFO] [cadence.virtuoso.ade.simulationMonitor] - Notice from spectre during initial setup.
    Multithreading is disabled due to the size of the design being too small. {"history": "Interactive.44", "point": 35, "testname": "DC_TEMP", "cornername": "CMOS_RES_CAP_BIP_TEMP_33"}
[2026-05-27 13:15:50.281 Z] [INFO] [cadence.virtuoso.ade.simulationMonitor] -               nodes 101 {"history": "Interactive.44", "point": 35, "testname": "DC_TEMP", "cornername": "CMOS_RES_CAP_BIP_TEMP_33"}
[2026-05-27 13:15:50.282 Z] [INFO] [cadence.virtuoso.ade.simulationMonitor] - Notice from spectre during initial setup.
    Spectre X preset=mx enabled.
    75 warnings suppressed. {"history": "Interactive.44", "point": 35, "testname": "DC_TEMP", "cornername": "CMOS_RES_CAP_BIP_TEMP_33"}
[2026-05-27 13:15:50.282 Z] [INFO] [cadence.virtuoso.ade.simulationMonitor] - Peak resident memory used = 204 Mbytes. {"history": "Interactive.44", "point": 35, "testname": "DC_TEMP", "cornername": "CMOS_RES_CAP_BIP_TEMP_33"}
[2026-05-27 13:15:50.282 Z] [INFO] [cadence.virtuoso.ade.simulationMonitor] -    -   (Spectre X) Multi-threading. The recommended number of threads is 1, consider adding +mt=1 on command line. {"history": "Interactive.44", "point": 35, "testname": "DC_TEMP", "cornername": "CMOS_RES_CAP_BIP_TEMP_33"}
[2026-05-27 13:15:50.283 Z] [INFO] [cadence.virtuoso.ade.simulationMonitor] - Notice from spectre during DC analysis `dcOp'.
    No checklimit analysis defined for asserts. A default checklimit analysis 'SpectreChecklimitAnal' has been created with all asserts enabled. {"history": "Interactive.44", "point": 35, "testname": "DC_TEMP", "cornername": "CMOS_RES_CAP_BIP_TEMP_33"}
[2026-05-27 13:15:50.283 Z] [WARN] [cadence.virtuoso.ade.simulationMonitor] -     WARNING (CMI-2943): Parameter checks have been ignored because the valid value for parameter 'trise' could not be found in 'C0'. {"history": "Interactive.44", "point": 35, "testname": "DC_TEMP", "cornername": "CMOS_RES_CAP_BIP_TEMP_33"}
[2026-05-27 13:15:50.283 Z] [WARN] [cadence.virtuoso.ade.simulationMonitor] -     WARNING (CMI-2943): Parameter checks have been ignored because the valid value for parameter 'trise' could not be found in 'I0.R28.CM'. {"history": "Interactive.44", "point": 35, "testname": "DC_TEMP", "cornername": "CMOS_RES_CAP_BIP_TEMP_33"}
[2026-05-27 13:15:50.283 Z] [WARN] [cadence.virtuoso.ade.simulationMonitor] -     WARNING (CMI-2943): Parameter checks have been ignored because the valid value for parameter 'trise' could not be found in 'I0.R28.CS1'. {"history": "Interactive.44", "point": 35, "testname": "DC_TEMP", "cornername": "CMOS_RES_CAP_BIP_TEMP_33"}
[2026-05-27 13:15:50.283 Z] [WARN] [cadence.virtuoso.ade.simulationMonitor] -     WARNING (CMI-2943): Parameter checks have been ignored because the valid value for parameter 'trise' could not be found in 'I0.R28.CS0'. {"history": "Interactive.44", "point": 35, "testname": "DC_TEMP", "cornername": "CMOS_RES_CAP_BIP_TEMP_33"}
[2026-05-27 13:15:50.284 Z] [WARN] [cadence.virtuoso.ade.simulationMonitor] -     WARNING (CMI-2943): Parameter checks have been ignored because the valid value for parameter 'trise' could not be found in 'I0.R7.CM'.
        Further occurrences of this warning will be suppressed. {"history": "Interactive.44", "point": 35, "testname": "DC_TEMP", "cornername": "CMOS_RES_CAP_BIP_TEMP_33"}
[2026-05-27 13:15:50.284 Z] [INFO] [cadence.virtuoso.ade.simulationMonitor] - Total time required for dc analysis `dcOp': CPU = 86.27 ms, elapsed = 106.805 ms, util. = 80.8%. {"history": "Interactive.44", "point": 35, "testname": "DC_TEMP", "cornername": "CMOS_RES_CAP_BIP_TEMP_33"}
[2026-05-27 13:15:50.284 Z] [INFO] [cadence.virtuoso.ade.simulationMonitor] - Peak resident memory used = 211 Mbytes. {"history": "Interactive.44", "point": 35, "testname": "DC_TEMP", "cornername": "CMOS_RES_CAP_BIP_TEMP_33"}
[2026-05-27 13:15:50.284 Z] [INFO] [cadence.virtuoso.ade.simulationMonitor] - Notice from spectre.
    127 warnings suppressed. {"history": "Interactive.44", "point": 35, "testname": "DC_TEMP", "cornername": "CMOS_RES_CAP_BIP_TEMP_33"}
[2026-05-27 13:15:51.291 Z] [WARN] [cadence.virtuoso.ade.simulationMonitor] -     WARNING (CMI-2943): Parameter checks have been ignored because the valid value for parameter 'trise' could not be found in 'C0'. {"history": "Interactive.44", "point": 35, "testname": "DC_TEMP", "cornername": "CMOS_RES_CAP_BIP_TEMP_33"}
[2026-05-27 13:15:51.295 Z] [WARN] [cadence.virtuoso.ade.simulationMonitor] -     WARNING (CMI-2943): Parameter checks have been ignored because the valid value for parameter 'trise' could not be found in 'I0.R28.CM'. {"history": "Interactive.44", "point": 35, "testname": "DC_TEMP", "cornername": "CMOS_RES_CAP_BIP_TEMP_33"}
[2026-05-27 13:15:51.296 Z] [WARN] [cadence.virtuoso.ade.simulationMonitor] -     WARNING (CMI-2943): Parameter checks have been ignored because the valid value for parameter 'trise' could not be found in 'I0.R28.CS1'. {"history": "Interactive.44", "point": 35, "testname": "DC_TEMP", "cornername": "CMOS_RES_CAP_BIP_TEMP_33"}
[2026-05-27 13:15:51.296 Z] [WARN] [cadence.virtuoso.ade.simulationMonitor] -     WARNING (CMI-2943): Parameter checks have been ignored because the valid value for parameter 'trise' could not be found in 'I0.R28.CS0'. {"history": "Interactive.44", "point": 35, "testname": "DC_TEMP", "cornername": "CMOS_RES_CAP_BIP_TEMP_33"}
[2026-05-27 13:15:51.296 Z] [WARN] [cadence.virtuoso.ade.simulationMonitor] -     WARNING (CMI-2943): Parameter checks have been ignored because the valid value for parameter 'trise' could not be found in 'I0.R7.CM'.
        Further occurrences of this warning will be suppressed. {"history": "Interactive.44", "point": 35, "testname": "DC_TEMP", "cornername": "CMOS_RES_CAP_BIP_TEMP_33"}
[2026-05-27 13:15:51.296 Z] [INFO] [cadence.virtuoso.ade.simulationMonitor] - Notice from spectre at temp = 85 C during DC analysis `dc'.
    The value of parameter 'temp' has been reset to the original value 85. {"history": "Interactive.44", "point": 35, "testname": "DC_TEMP", "cornername": "CMOS_RES_CAP_BIP_TEMP_33"}
[2026-05-27 13:15:51.297 Z] [INFO] [cadence.virtuoso.ade.simulationMonitor] - Total time required for dc analysis `dc': CPU = 1.04176 s, elapsed = 1.06167 s, util. = 98.1%. {"history": "Interactive.44", "point": 35, "testname": "DC_TEMP", "cornername": "CMOS_RES_CAP_BIP_TEMP_33"}
[2026-05-27 13:15:51.297 Z] [INFO] [cadence.virtuoso.ade.simulationMonitor] - Peak resident memory used = 213 Mbytes. {"history": "Interactive.44", "point": 35, "testname": "DC_TEMP", "cornername": "CMOS_RES_CAP_BIP_TEMP_33"}
[2026-05-27 13:15:51.297 Z] [INFO] [cadence.virtuoso.ade.simulationMonitor] - Notice from spectre.
    127 warnings suppressed. {"history": "Interactive.44", "point": 35, "testname": "DC_TEMP", "cornername": "CMOS_RES_CAP_BIP_TEMP_33"}
[2026-05-27 13:15:51.297 Z] [INFO] [cadence.virtuoso.ade.simulationMonitor] - Time used: CPU = 1.7 s, elapsed = 2.47 s, util. = 68.8%. {"history": "Interactive.44", "point": 35, "testname": "DC_TEMP", "cornername": "CMOS_RES_CAP_BIP_TEMP_33"}
[2026-05-27 13:15:51.298 Z] [INFO] [cadence.virtuoso.ade.simulationMonitor] - Time spent in licensing: elapsed = 67.3 ms. {"history": "Interactive.44", "point": 35, "testname": "DC_TEMP", "cornername": "CMOS_RES_CAP_BIP_TEMP_33"}
[2026-05-27 13:15:51.299 Z] [INFO] [cadence.virtuoso.ade.simulationMonitor] - Peak memory used = 214 Mbytes. {"history": "Interactive.44", "point": 35, "testname": "DC_TEMP", "cornername": "CMOS_RES_CAP_BIP_TEMP_33"}
[2026-05-27 13:15:51.301 Z] [PROCESS] [cadence.virtuoso.ade.simulationMonitor] - Simulation started at: 1:15:48 PM, Wed May 27, 2026, ended at: 1:15:50 PM, Wed May 27, 2026, with elapsed time (wall clock): 2.47 s. {"history": "Interactive.44", "point": 35, "testname": "DC_TEMP", "cornername": "CMOS_RES_CAP_BIP_TEMP_33"}
[2026-05-27 13:15:51.301 Z] [PROCESS] [cadence.virtuoso.ade.simulationMonitor] - spectre completes with 0 errors, 38 warnings, and 14 notices. {"history": "Interactive.44", "point": 35, "testname": "DC_TEMP", "cornername": "CMOS_RES_CAP_BIP_TEMP_33"}
[2026-05-27 13:15:51.302 Z] [PROCESS] [cadence.virtuoso.ade.simulationMonitor] - Finished simulating for one point {"hostname": "il2244vt26_hrahimi", "processid": 357956, "history": "Interactive.44", "testname": "DC_TEMP", "cornername": "CMOS_RES_CAP_BIP_TEMP_33", "point": 35, "logfile": "/home/hrahimi/projects/POTENTIOSTAT_26/logs_hrahimi/logs0/Job87.log", "simid": "3"}
[2026-05-27 13:15:51.302 Z] [PROCESS] [cadence.virtuoso.ade.simulationMonitor] - Simulator exited {"hostname": "il2244vt26_hrahimi", "processid": 357956, "history": "Interactive.44", "testname": "DC_TEMP", "cornername": "CMOS_RES_CAP_BIP_TEMP_33", "point": 35, "logfile": "/home/hrahimi/projects/POTENTIOSTAT_26/logs_hrahimi/logs0/Job87.log", "exitStatus": "0"}
[2026-05-27 13:15:51.303 Z] [PROCESS] [cadence.virtuoso.ade.simulationMonitor] - Finished Simulation {"hostname": "il2244vt26_hrahimi", "processid": 357956, "history": "Interactive.44", "testname": "DC_TEMP", "cornername": "CMOS_RES_CAP_BIP_TEMP_33", "point": 35, "logfile": "/home/hrahimi/projects/POTENTIOSTAT_26/logs_hrahimi/logs0/Job87.log", "simid": "3"}
[2026-05-27 13:15:54.321 Z] [PROCESS] [cadence.virtuoso.ade.simulationMonitor] - Point Finished {"hostname": "il2244vt26_hrahimi", "processid": 357956, "history": "Interactive.44", "testname": "DC_TEMP", "cornername": "CMOS_RES_CAP_BIP_TEMP_33", "point": 35, "logfile": "/home/hrahimi/projects/POTENTIOSTAT_26/logs_hrahimi/logs0/Job87.log"}
[2026-05-27 13:15:54.325 Z] [PROCESS] [cadence.virtuoso.ade.simulationMonitor] - Stay with the runId '0', Linger time '300', currentRunSyn '1', currentTestSyn '2' {"hostname": "il2244vt26_hrahimi", "processid": 357956, "history": "Interactive.44", "testname": "DC_TEMP", "cornername": "CMOS_RES_CAP_BIP_TEMP_33", "point": 35, "logfile": "/home/hrahimi/projects/POTENTIOSTAT_26/logs_hrahimi/logs0/Job87.log"}
[2026-05-27 13:15:55.331 Z] [PROCESS] [cadence.virtuoso.ade.simulationMonitor] - HostInfo:
Host name (type):	il2244vt26_hrahimi (x86_64)
Operating system:	Linux 5.15.0-164-generic #174-Ubuntu SMP Fri Nov 14 20:25:16 UTC 2025 {"hostname": "il2244vt26_hrahimi", "processid": 357956, "history": "Interactive.44", "testname": "DC_TEMP", "cornername": "CMOS_RES_CAP_BIP_TEMP_33", "point": 35, "logfile": "/home/hrahimi/projects/POTENTIOSTAT_26/logs_hrahimi/logs0/Job87.log", "nodename": "il2244vt26_hrahimi", "domainname": "(none)", "machine": "x86_64", "sysname": "Linux", "release": "5.15.0-164-generic", "version": "#174-Ubuntu SMP Fri Nov 14 20:25:16 UTC 2025"}
[2026-05-27 13:15:55.331 Z] [PROCESS] [cadence.virtuoso.ade.simulationMonitor] - UsageInfo:
pid=357956
totalPhysicalMemory=3023.749672GB,Used=1957.255955GB,totalVirtualMemory=3031.749668GB,Used=1957.283298GB
Cpu: Cores=48, Load average:56.100000,46.430000,40.200000 {"hostname": "il2244vt26_hrahimi", "processid": 357956, "history": "Interactive.44", "testname": "DC_TEMP", "cornername": "CMOS_RES_CAP_BIP_TEMP_33", "point": 35, "logfile": "/home/hrahimi/projects/POTENTIOSTAT_26/logs_hrahimi/logs0/Job87.log", "pid": "357956", "totalPhysicalMemory": "3023.749672", "physicalMemoryUsed": "1957.255955", "totalVirtualMemory": "3031.749668", "virtualMemoryUsed": "1957.283298", "cpuCores": "48", "processes": "29890", "loadAverage1": "56.100000", "loadAverage5": "46.430000", "loadAverage15": "40.200000", "loadAverage1Percent": "1.168750"}
[2026-05-27 13:15:55.332 Z] [EVENT] [cadence.virtuoso.ade.simulationMonitor] - NewPoint {"history": "Interactive.44", "point": 43, "testname": "DC_TEMP", "cornername": "CMOS_RES_CAP_BIP_TEMP_41", "event": "NewPoint", "EventSource": "Simulation Monitor", "HistoryName": "Interactive.44", "logFile": "/home/hrahimi/projects/POTENTIOSTAT_26/logs_hrahimi/logs0/Job87.log", "logFileSize": "76713"}
[2026-05-27 13:15:55.434 Z] [EVENT] [cadence.virtuoso.ade.simulationMonitor] - NewPoint {"history": "Interactive.44", "point": 43, "testname": "DC_TEMP", "cornername": "CMOS_RES_CAP_BIP_TEMP_41", "event": "NewPoint", "EventSource": "spectre", "HistoryName": "Interactive.44", "logFile": "/home/hrahimi/projects/POTENTIOSTAT_26/Sim/FBIAS/fecg_bandgap_tb/maestro/results/maestro/Interactive.44/43/DC_TEMP/psf/spectre.out", "logFileSize": "-1"}
[2026-05-27 13:15:55.464 Z] [PROCESS] [cadence.virtuoso.ade.simulationMonitor] - Simulator launched {"hostname": "il2244vt26_hrahimi", "processid": 357956, "history": "Interactive.44", "testname": "DC_TEMP", "cornername": "CMOS_RES_CAP_BIP_TEMP_41", "point": 43, "logfile": "/home/hrahimi/projects/POTENTIOSTAT_26/logs_hrahimi/logs0/Job87.log", "simid": "4"}
[2026-05-27 13:15:55.557 Z] [PROCESS] [cadence.virtuoso.ade.simulationMonitor] - Started Simulation {"hostname": "il2244vt26_hrahimi", "processid": 357956, "history": "Interactive.44", "testname": "DC_TEMP", "cornername": "CMOS_RES_CAP_BIP_TEMP_41", "point": 43, "logfile": "/home/hrahimi/projects/POTENTIOSTAT_26/logs_hrahimi/logs0/Job87.log", "event": "started", "task": "simulation"}
[2026-05-27 13:15:56.559 Z] [WARN] [cadence.virtuoso.ade.simulationMonitor] -     WARNING (SPECTRE-691): This CPU processor does not support x86 advanced vector extensions instructions. This may affect math operations and slow down the simulation. {"history": "Interactive.44", "point": 43, "testname": "DC_TEMP", "cornername": "CMOS_RES_CAP_BIP_TEMP_41"}
[2026-05-27 13:15:56.560 Z] [INFO] [cadence.virtuoso.ade.simulationMonitor] - Notice from spectre during circuit read-in.
    Pre_Configuration file used: /opt/tools/cadence/installs/SPECTRE241/tools.lnx86/spectre/etc/configs/preset.precfg
    Configuration file used: `/opt/tools/cadence/installs/SPECTRE241/tools.lnx86/spectre/etc/configs/preset.cfg'. {"history": "Interactive.44", "point": 43, "testname": "DC_TEMP", "cornername": "CMOS_RES_CAP_BIP_TEMP_41"}
[2026-05-27 13:15:56.560 Z] [WARN] [cadence.virtuoso.ade.simulationMonitor] -     WARNING (SPECTRE-8360): line 1511: `ac' is an undefined primitive device. {"history": "Interactive.44", "point": 43, "testname": "DC_TEMP", "cornername": "CMOS_RES_CAP_BIP_TEMP_41"}
[2026-05-27 13:15:56.560 Z] [WARN] [cadence.virtuoso.ade.simulationMonitor] -     WARNING (SPECTRE-8360): line 1512: `ac' is an undefined primitive device. {"history": "Interactive.44", "point": 43, "testname": "DC_TEMP", "cornername": "CMOS_RES_CAP_BIP_TEMP_41"}
[2026-05-27 13:15:56.561 Z] [WARN] [cadence.virtuoso.ade.simulationMonitor] -     WARNING (SPECTRE-8360): line 1513: `ac' is an undefined primitive device. {"history": "Interactive.44", "point": 43, "testname": "DC_TEMP", "cornername": "CMOS_RES_CAP_BIP_TEMP_41"}
[2026-05-27 13:15:56.561 Z] [WARN] [cadence.virtuoso.ade.simulationMonitor] -     WARNING (SPECTRE-8360): line 1514: `ac' is an undefined primitive device. {"history": "Interactive.44", "point": 43, "testname": "DC_TEMP", "cornername": "CMOS_RES_CAP_BIP_TEMP_41"}
[2026-05-27 13:15:56.561 Z] [WARN] [cadence.virtuoso.ade.simulationMonitor] -     WARNING (SPECTRE-8360): line 1515: `ac' is an undefined primitive device.
        Further occurrences of this warning will be suppressed. {"history": "Interactive.44", "point": 43, "testname": "DC_TEMP", "cornername": "CMOS_RES_CAP_BIP_TEMP_41"}
[2026-05-27 13:15:56.562 Z] [INFO] [cadence.virtuoso.ade.simulationMonitor] - Peak resident memory used = 179 Mbytes. {"history": "Interactive.44", "point": 43, "testname": "DC_TEMP", "cornername": "CMOS_RES_CAP_BIP_TEMP_41"}
[2026-05-27 13:15:56.562 Z] [WARN] [cadence.virtuoso.ade.simulationMonitor] -     WARNING (SFE-2649): Terminals of top-level instance `R50', in file`netlist', at line 327, are connected. Remove the instance and rerun the simulation. {"history": "Interactive.44", "point": 43, "testname": "DC_TEMP", "cornername": "CMOS_RES_CAP_BIP_TEMP_41"}
[2026-05-27 13:15:56.562 Z] [WARN] [cadence.virtuoso.ade.simulationMonitor] -     WARNING (SFE-2649): Terminals of top-level instance `R48', in file`netlist', at line 369, are connected. Remove the instance and rerun the simulation. {"history": "Interactive.44", "point": 43, "testname": "DC_TEMP", "cornername": "CMOS_RES_CAP_BIP_TEMP_41"}
[2026-05-27 13:15:56.563 Z] [WARN] [cadence.virtuoso.ade.simulationMonitor] -     WARNING (VACOMP-2435): The environment variable CDS_AHDLCMI_ENABLE is no longer supported. Therefore, the simulator will use the default compiled C code flow. {"history": "Interactive.44", "point": 43, "testname": "DC_TEMP", "cornername": "CMOS_RES_CAP_BIP_TEMP_41"}
[2026-05-27 13:15:56.563 Z] [WARN] [cadence.virtuoso.ade.simulationMonitor] -     WARNING (SFE-3014): The floating device I0.Q3<0>_turbo_m31 is removed. {"history": "Interactive.44", "point": 43, "testname": "DC_TEMP", "cornername": "CMOS_RES_CAP_BIP_TEMP_41"}
[2026-05-27 13:15:56.563 Z] [WARN] [cadence.virtuoso.ade.simulationMonitor] -     WARNING (SFE-3012): The dummy device I0.MP9<0>_turbo_m4 is removed. {"history": "Interactive.44", "point": 43, "testname": "DC_TEMP", "cornername": "CMOS_RES_CAP_BIP_TEMP_41"}
[2026-05-27 13:15:56.564 Z] [WARN] [cadence.virtuoso.ade.simulationMonitor] -     WARNING (SFE-3012): The dummy device I0.MP12<0>_turbo_m34 is removed. {"history": "Interactive.44", "point": 43, "testname": "DC_TEMP", "cornername": "CMOS_RES_CAP_BIP_TEMP_41"}
[2026-05-27 13:15:56.564 Z] [WARN] [cadence.virtuoso.ade.simulationMonitor] -     WARNING (SFE-3012): The dummy device I0.MP10<0>_turbo_m4 is removed. {"history": "Interactive.44", "point": 43, "testname": "DC_TEMP", "cornername": "CMOS_RES_CAP_BIP_TEMP_41"}
[2026-05-27 13:15:56.564 Z] [INFO] [cadence.virtuoso.ade.simulationMonitor] - Peak resident memory used = 193 Mbytes. {"history": "Interactive.44", "point": 43, "testname": "DC_TEMP", "cornername": "CMOS_RES_CAP_BIP_TEMP_41"}
[2026-05-27 13:15:56.564 Z] [INFO] [cadence.virtuoso.ade.simulationMonitor] - Notice from spectre during hierarchy flattening.
    The value 'psf' specified for the 'checklimitdest' option will no longer be supported in future releases. Use 'spectre -h' to see other recommended values for the 'checklimitdest' option.
    I0.Q0.bjtinsub: `rbm' has the unusually small value of 500 mOhm.
    I0.Q0.bjtinsub: `minr' has the unusually small value of 10 fOhm. {"history": "Interactive.44", "point": 43, "testname": "DC_TEMP", "cornername": "CMOS_RES_CAP_BIP_TEMP_41"}
[2026-05-27 13:15:56.564 Z] [INFO] [cadence.virtuoso.ade.simulationMonitor] - Peak resident memory used = 196 Mbytes. {"history": "Interactive.44", "point": 43, "testname": "DC_TEMP", "cornername": "CMOS_RES_CAP_BIP_TEMP_41"}
[2026-05-27 13:15:57.065 Z] [WARN] [cadence.virtuoso.ade.simulationMonitor] -     WARNING (SPECTRE-17607): Assert `SOAC_vert10_vsubpsub' is ignored because it contains an expression which is invalid or not supported by native evaluator.  {"history": "Interactive.44", "point": 43, "testname": "DC_TEMP", "cornername": "CMOS_RES_CAP_BIP_TEMP_41"}
[2026-05-27 13:15:57.067 Z] [WARN] [cadence.virtuoso.ade.simulationMonitor] -     WARNING (SPECTRE-17607): Assert `SOAC_vert10_vcsub' is ignored because it contains an expression which is invalid or not supported by native evaluator.  {"history": "Interactive.44", "point": 43, "testname": "DC_TEMP", "cornername": "CMOS_RES_CAP_BIP_TEMP_41"}
[2026-05-27 13:15:57.068 Z] [WARN] [cadence.virtuoso.ade.simulationMonitor] -     WARNING (SPECTRE-17607): Assert `SOAC_rpolyh_vminuspsub' is ignored because it contains an expression which is invalid or not supported by native evaluator.  {"history": "Interactive.44", "point": 43, "testname": "DC_TEMP", "cornername": "CMOS_RES_CAP_BIP_TEMP_41"}
[2026-05-27 13:15:57.068 Z] [WARN] [cadence.virtuoso.ade.simulationMonitor] -     WARNING (SPECTRE-17607): Assert `SOAC_rpolyh_vpluspsub' is ignored because it contains an expression which is invalid or not supported by native evaluator.  {"history": "Interactive.44", "point": 43, "testname": "DC_TEMP", "cornername": "CMOS_RES_CAP_BIP_TEMP_41"}
[2026-05-27 13:15:57.069 Z] [WARN] [cadence.virtuoso.ade.simulationMonitor] -     WARNING (SPECTRE-16460): SOAC_cvarm_vspsub:Specified subcircuit master `cvarm' was not found. {"history": "Interactive.44", "point": 43, "testname": "DC_TEMP", "cornername": "CMOS_RES_CAP_BIP_TEMP_41"}
[2026-05-27 13:15:57.069 Z] [WARN] [cadence.virtuoso.ade.simulationMonitor] -     WARNING (SPECTRE-16462): SOAC_cvarm_vspsub:Error in specification of subcircuit master. Assert is ignored. {"history": "Interactive.44", "point": 43, "testname": "DC_TEMP", "cornername": "CMOS_RES_CAP_BIP_TEMP_41"}
[2026-05-27 13:15:57.070 Z] [WARN] [cadence.virtuoso.ade.simulationMonitor] -     WARNING (SPECTRE-16460): SOAC_cvarm_vbs:Specified subcircuit master `cvarm' was not found. {"history": "Interactive.44", "point": 43, "testname": "DC_TEMP", "cornername": "CMOS_RES_CAP_BIP_TEMP_41"}
[2026-05-27 13:15:57.070 Z] [WARN] [cadence.virtuoso.ade.simulationMonitor] -     WARNING (SPECTRE-16462): SOAC_cvarm_vbs:Error in specification of subcircuit master. Assert is ignored. {"history": "Interactive.44", "point": 43, "testname": "DC_TEMP", "cornername": "CMOS_RES_CAP_BIP_TEMP_41"}
[2026-05-27 13:15:57.071 Z] [WARN] [cadence.virtuoso.ade.simulationMonitor] -     WARNING (SPECTRE-16460): SOAC_cvarm_vgb:Specified subcircuit master `cvarm' was not found. {"history": "Interactive.44", "point": 43, "testname": "DC_TEMP", "cornername": "CMOS_RES_CAP_BIP_TEMP_41"}
[2026-05-27 13:15:57.071 Z] [WARN] [cadence.virtuoso.ade.simulationMonitor] -     WARNING (SPECTRE-16462): SOAC_cvarm_vgb:Error in specification of subcircuit master. Assert is ignored. {"history": "Interactive.44", "point": 43, "testname": "DC_TEMP", "cornername": "CMOS_RES_CAP_BIP_TEMP_41"}
[2026-05-27 13:15:57.072 Z] [WARN] [cadence.virtuoso.ade.simulationMonitor] -     WARNING (SPECTRE-16460): SOAC_cvart_vspsub:Specified subcircuit master `cvart' was not found. {"history": "Interactive.44", "point": 43, "testname": "DC_TEMP", "cornername": "CMOS_RES_CAP_BIP_TEMP_41"}
[2026-05-27 13:15:57.072 Z] [WARN] [cadence.virtuoso.ade.simulationMonitor] -     WARNING (SPECTRE-16462): SOAC_cvart_vspsub:Error in specification of subcircuit master. Assert is ignored. {"history": "Interactive.44", "point": 43, "testname": "DC_TEMP", "cornername": "CMOS_RES_CAP_BIP_TEMP_41"}
[2026-05-27 13:15:57.073 Z] [WARN] [cadence.virtuoso.ade.simulationMonitor] -     WARNING (SPECTRE-16460): SOAC_cvart_vbs:Specified subcircuit master `cvart' was not found.
        Further occurrences of this warning will be suppressed. {"history": "Interactive.44", "point": 43, "testname": "DC_TEMP", "cornername": "CMOS_RES_CAP_BIP_TEMP_41"}
[2026-05-27 13:15:57.073 Z] [WARN] [cadence.virtuoso.ade.simulationMonitor] -     WARNING (SPECTRE-16462): SOAC_cvart_vbs:Error in specification of subcircuit master. Assert is ignored.
        Further occurrences of this warning will be suppressed. {"history": "Interactive.44", "point": 43, "testname": "DC_TEMP", "cornername": "CMOS_RES_CAP_BIP_TEMP_41"}
[2026-05-27 13:15:57.073 Z] [WARN] [cadence.virtuoso.ade.simulationMonitor] -     WARNING (SPECTRE-17607): Assert `SOAC_cpoly_vminuspsub' is ignored because it contains an expression which is invalid or not supported by native evaluator. 
        Further occurrences of this warning will be suppressed. {"history": "Interactive.44", "point": 43, "testname": "DC_TEMP", "cornername": "CMOS_RES_CAP_BIP_TEMP_41"}
[2026-05-27 13:15:57.574 Z] [INFO] [cadence.virtuoso.ade.simulationMonitor] - Notice from spectre during initial setup.
    Multithreading is disabled due to the size of the design being too small. {"history": "Interactive.44", "point": 43, "testname": "DC_TEMP", "cornername": "CMOS_RES_CAP_BIP_TEMP_41"}
[2026-05-27 13:15:57.577 Z] [INFO] [cadence.virtuoso.ade.simulationMonitor] -               nodes 101 {"history": "Interactive.44", "point": 43, "testname": "DC_TEMP", "cornername": "CMOS_RES_CAP_BIP_TEMP_41"}
[2026-05-27 13:15:57.578 Z] [INFO] [cadence.virtuoso.ade.simulationMonitor] - Notice from spectre during initial setup.
    Spectre X preset=mx enabled.
    75 warnings suppressed. {"history": "Interactive.44", "point": 43, "testname": "DC_TEMP", "cornername": "CMOS_RES_CAP_BIP_TEMP_41"}
[2026-05-27 13:15:57.578 Z] [INFO] [cadence.virtuoso.ade.simulationMonitor] - Peak resident memory used = 204 Mbytes. {"history": "Interactive.44", "point": 43, "testname": "DC_TEMP", "cornername": "CMOS_RES_CAP_BIP_TEMP_41"}
[2026-05-27 13:15:57.579 Z] [INFO] [cadence.virtuoso.ade.simulationMonitor] -    -   (Spectre X) Multi-threading. The recommended number of threads is 1, consider adding +mt=1 on command line. {"history": "Interactive.44", "point": 43, "testname": "DC_TEMP", "cornername": "CMOS_RES_CAP_BIP_TEMP_41"}
[2026-05-27 13:15:57.579 Z] [INFO] [cadence.virtuoso.ade.simulationMonitor] - Notice from spectre during DC analysis `dcOp'.
    No checklimit analysis defined for asserts. A default checklimit analysis 'SpectreChecklimitAnal' has been created with all asserts enabled. {"history": "Interactive.44", "point": 43, "testname": "DC_TEMP", "cornername": "CMOS_RES_CAP_BIP_TEMP_41"}
[2026-05-27 13:15:57.579 Z] [WARN] [cadence.virtuoso.ade.simulationMonitor] -     WARNING (CMI-2943): Parameter checks have been ignored because the valid value for parameter 'trise' could not be found in 'C0'. {"history": "Interactive.44", "point": 43, "testname": "DC_TEMP", "cornername": "CMOS_RES_CAP_BIP_TEMP_41"}
[2026-05-27 13:15:57.580 Z] [WARN] [cadence.virtuoso.ade.simulationMonitor] -     WARNING (CMI-2943): Parameter checks have been ignored because the valid value for parameter 'trise' could not be found in 'I0.R28.CM'. {"history": "Interactive.44", "point": 43, "testname": "DC_TEMP", "cornername": "CMOS_RES_CAP_BIP_TEMP_41"}
[2026-05-27 13:15:57.580 Z] [WARN] [cadence.virtuoso.ade.simulationMonitor] -     WARNING (CMI-2943): Parameter checks have been ignored because the valid value for parameter 'trise' could not be found in 'I0.R28.CS1'. {"history": "Interactive.44", "point": 43, "testname": "DC_TEMP", "cornername": "CMOS_RES_CAP_BIP_TEMP_41"}
[2026-05-27 13:15:57.580 Z] [WARN] [cadence.virtuoso.ade.simulationMonitor] -     WARNING (CMI-2943): Parameter checks have been ignored because the valid value for parameter 'trise' could not be found in 'I0.R28.CS0'. {"history": "Interactive.44", "point": 43, "testname": "DC_TEMP", "cornername": "CMOS_RES_CAP_BIP_TEMP_41"}
[2026-05-27 13:15:57.581 Z] [WARN] [cadence.virtuoso.ade.simulationMonitor] -     WARNING (CMI-2943): Parameter checks have been ignored because the valid value for parameter 'trise' could not be found in 'I0.R7.CM'.
        Further occurrences of this warning will be suppressed. {"history": "Interactive.44", "point": 43, "testname": "DC_TEMP", "cornername": "CMOS_RES_CAP_BIP_TEMP_41"}
[2026-05-27 13:15:57.581 Z] [INFO] [cadence.virtuoso.ade.simulationMonitor] - Total time required for dc analysis `dcOp': CPU = 85.836 ms, elapsed = 89.6389 ms, util. = 95.8%. {"history": "Interactive.44", "point": 43, "testname": "DC_TEMP", "cornername": "CMOS_RES_CAP_BIP_TEMP_41"}
[2026-05-27 13:15:57.581 Z] [INFO] [cadence.virtuoso.ade.simulationMonitor] - Peak resident memory used = 211 Mbytes. {"history": "Interactive.44", "point": 43, "testname": "DC_TEMP", "cornername": "CMOS_RES_CAP_BIP_TEMP_41"}
[2026-05-27 13:15:57.581 Z] [INFO] [cadence.virtuoso.ade.simulationMonitor] - Notice from spectre.
    127 warnings suppressed. {"history": "Interactive.44", "point": 43, "testname": "DC_TEMP", "cornername": "CMOS_RES_CAP_BIP_TEMP_41"}
[2026-05-27 13:15:58.583 Z] [WARN] [cadence.virtuoso.ade.simulationMonitor] -     WARNING (CMI-2943): Parameter checks have been ignored because the valid value for parameter 'trise' could not be found in 'C0'. {"history": "Interactive.44", "point": 43, "testname": "DC_TEMP", "cornername": "CMOS_RES_CAP_BIP_TEMP_41"}
[2026-05-27 13:15:58.584 Z] [WARN] [cadence.virtuoso.ade.simulationMonitor] -     WARNING (CMI-2943): Parameter checks have been ignored because the valid value for parameter 'trise' could not be found in 'I0.R28.CM'. {"history": "Interactive.44", "point": 43, "testname": "DC_TEMP", "cornername": "CMOS_RES_CAP_BIP_TEMP_41"}
[2026-05-27 13:15:58.584 Z] [WARN] [cadence.virtuoso.ade.simulationMonitor] -     WARNING (CMI-2943): Parameter checks have been ignored because the valid value for parameter 'trise' could not be found in 'I0.R28.CS1'. {"history": "Interactive.44", "point": 43, "testname": "DC_TEMP", "cornername": "CMOS_RES_CAP_BIP_TEMP_41"}
[2026-05-27 13:15:58.584 Z] [WARN] [cadence.virtuoso.ade.simulationMonitor] -     WARNING (CMI-2943): Parameter checks have been ignored because the valid value for parameter 'trise' could not be found in 'I0.R28.CS0'. {"history": "Interactive.44", "point": 43, "testname": "DC_TEMP", "cornername": "CMOS_RES_CAP_BIP_TEMP_41"}
[2026-05-27 13:15:58.584 Z] [WARN] [cadence.virtuoso.ade.simulationMonitor] -     WARNING (CMI-2943): Parameter checks have been ignored because the valid value for parameter 'trise' could not be found in 'I0.R7.CM'.
        Further occurrences of this warning will be suppressed. {"history": "Interactive.44", "point": 43, "testname": "DC_TEMP", "cornername": "CMOS_RES_CAP_BIP_TEMP_41"}
[2026-05-27 13:15:58.585 Z] [INFO] [cadence.virtuoso.ade.simulationMonitor] - Notice from spectre at temp = 85 C during DC analysis `dc'.
    The value of parameter 'temp' has been reset to the original value 85. {"history": "Interactive.44", "point": 43, "testname": "DC_TEMP", "cornername": "CMOS_RES_CAP_BIP_TEMP_41"}
[2026-05-27 13:15:58.585 Z] [INFO] [cadence.virtuoso.ade.simulationMonitor] - Total time required for dc analysis `dc': CPU = 1.02601 s, elapsed = 1.03698 s, util. = 98.9%. {"history": "Interactive.44", "point": 43, "testname": "DC_TEMP", "cornername": "CMOS_RES_CAP_BIP_TEMP_41"}
[2026-05-27 13:15:58.586 Z] [INFO] [cadence.virtuoso.ade.simulationMonitor] - Peak resident memory used = 213 Mbytes. {"history": "Interactive.44", "point": 43, "testname": "DC_TEMP", "cornername": "CMOS_RES_CAP_BIP_TEMP_41"}
[2026-05-27 13:15:58.586 Z] [INFO] [cadence.virtuoso.ade.simulationMonitor] - Notice from spectre.
    127 warnings suppressed. {"history": "Interactive.44", "point": 43, "testname": "DC_TEMP", "cornername": "CMOS_RES_CAP_BIP_TEMP_41"}
[2026-05-27 13:15:58.587 Z] [INFO] [cadence.virtuoso.ade.simulationMonitor] - Time used: CPU = 1.67 s, elapsed = 2.56 s, util. = 65.4%. {"history": "Interactive.44", "point": 43, "testname": "DC_TEMP", "cornername": "CMOS_RES_CAP_BIP_TEMP_41"}
[2026-05-27 13:15:58.588 Z] [INFO] [cadence.virtuoso.ade.simulationMonitor] - Time spent in licensing: elapsed = 186 ms, percentage of total = 7.28%. {"history": "Interactive.44", "point": 43, "testname": "DC_TEMP", "cornername": "CMOS_RES_CAP_BIP_TEMP_41"}
[2026-05-27 13:15:58.589 Z] [INFO] [cadence.virtuoso.ade.simulationMonitor] - Peak memory used = 214 Mbytes. {"history": "Interactive.44", "point": 43, "testname": "DC_TEMP", "cornername": "CMOS_RES_CAP_BIP_TEMP_41"}
[2026-05-27 13:15:58.591 Z] [PROCESS] [cadence.virtuoso.ade.simulationMonitor] - Simulation started at: 1:15:55 PM, Wed May 27, 2026, ended at: 1:15:58 PM, Wed May 27, 2026, with elapsed time (wall clock): 2.56 s. {"history": "Interactive.44", "point": 43, "testname": "DC_TEMP", "cornername": "CMOS_RES_CAP_BIP_TEMP_41"}
[2026-05-27 13:15:58.591 Z] [PROCESS] [cadence.virtuoso.ade.simulationMonitor] - spectre completes with 0 errors, 38 warnings, and 14 notices. {"history": "Interactive.44", "point": 43, "testname": "DC_TEMP", "cornername": "CMOS_RES_CAP_BIP_TEMP_41"}
[2026-05-27 13:15:58.592 Z] [PROCESS] [cadence.virtuoso.ade.simulationMonitor] - Finished simulating for one point {"hostname": "il2244vt26_hrahimi", "processid": 357956, "history": "Interactive.44", "testname": "DC_TEMP", "cornername": "CMOS_RES_CAP_BIP_TEMP_41", "point": 43, "logfile": "/home/hrahimi/projects/POTENTIOSTAT_26/logs_hrahimi/logs0/Job87.log", "simid": "4"}
[2026-05-27 13:15:58.592 Z] [PROCESS] [cadence.virtuoso.ade.simulationMonitor] - Simulator exited {"hostname": "il2244vt26_hrahimi", "processid": 357956, "history": "Interactive.44", "testname": "DC_TEMP", "cornername": "CMOS_RES_CAP_BIP_TEMP_41", "point": 43, "logfile": "/home/hrahimi/projects/POTENTIOSTAT_26/logs_hrahimi/logs0/Job87.log", "exitStatus": "0"}
[2026-05-27 13:15:58.592 Z] [PROCESS] [cadence.virtuoso.ade.simulationMonitor] - Finished Simulation {"hostname": "il2244vt26_hrahimi", "processid": 357956, "history": "Interactive.44", "testname": "DC_TEMP", "cornername": "CMOS_RES_CAP_BIP_TEMP_41", "point": 43, "logfile": "/home/hrahimi/projects/POTENTIOSTAT_26/logs_hrahimi/logs0/Job87.log", "simid": "4"}
[2026-05-27 13:16:01.608 Z] [PROCESS] [cadence.virtuoso.ade.simulationMonitor] - Point Finished {"hostname": "il2244vt26_hrahimi", "processid": 357956, "history": "Interactive.44", "testname": "DC_TEMP", "cornername": "CMOS_RES_CAP_BIP_TEMP_41", "point": 43, "logfile": "/home/hrahimi/projects/POTENTIOSTAT_26/logs_hrahimi/logs0/Job87.log"}
[2026-05-27 13:16:01.611 Z] [PROCESS] [cadence.virtuoso.ade.simulationMonitor] - Stay with the runId '0', Linger time '300', currentRunSyn '1', currentTestSyn '2' {"hostname": "il2244vt26_hrahimi", "processid": 357956, "history": "Interactive.44", "testname": "DC_TEMP", "cornername": "CMOS_RES_CAP_BIP_TEMP_41", "point": 43, "logfile": "/home/hrahimi/projects/POTENTIOSTAT_26/logs_hrahimi/logs0/Job87.log"}
[2026-05-27 13:16:02.613 Z] [PROCESS] [cadence.virtuoso.ade.simulationMonitor] - Stay with the runId '0', Linger time '300', currentRunSyn '1', currentTestSyn '2' {"hostname": "il2244vt26_hrahimi", "processid": 357956, "history": "Interactive.44", "testname": "DC_TEMP", "cornername": "CMOS_RES_CAP_BIP_TEMP_41", "point": 43, "logfile": "/home/hrahimi/projects/POTENTIOSTAT_26/logs_hrahimi/logs0/Job87.log"}
[2026-05-27 13:16:03.623 Z] [PROCESS] [cadence.virtuoso.ade.simulationMonitor] - HostInfo:
Host name (type):	il2244vt26_hrahimi (x86_64)
Operating system:	Linux 5.15.0-164-generic #174-Ubuntu SMP Fri Nov 14 20:25:16 UTC 2025 {"hostname": "il2244vt26_hrahimi", "processid": 357956, "history": "Interactive.44", "testname": "DC_TEMP", "cornername": "CMOS_RES_CAP_BIP_TEMP_41", "point": 43, "logfile": "/home/hrahimi/projects/POTENTIOSTAT_26/logs_hrahimi/logs0/Job87.log", "nodename": "il2244vt26_hrahimi", "domainname": "(none)", "machine": "x86_64", "sysname": "Linux", "release": "5.15.0-164-generic", "version": "#174-Ubuntu SMP Fri Nov 14 20:25:16 UTC 2025"}
[2026-05-27 13:16:03.624 Z] [PROCESS] [cadence.virtuoso.ade.simulationMonitor] - UsageInfo:
pid=357956
totalPhysicalMemory=3023.749672GB,Used=1957.252560GB,totalVirtualMemory=3031.749668GB,Used=1957.279903GB
Cpu: Cores=48, Load average:56.690000,46.910000,40.420000 {"hostname": "il2244vt26_hrahimi", "processid": 357956, "history": "Interactive.44", "testname": "DC_TEMP", "cornername": "CMOS_RES_CAP_BIP_TEMP_41", "point": 43, "logfile": "/home/hrahimi/projects/POTENTIOSTAT_26/logs_hrahimi/logs0/Job87.log", "pid": "357956", "totalPhysicalMemory": "3023.749672", "physicalMemoryUsed": "1957.252560", "totalVirtualMemory": "3031.749668", "virtualMemoryUsed": "1957.279903", "cpuCores": "48", "processes": "29897", "loadAverage1": "56.690000", "loadAverage5": "46.910000", "loadAverage15": "40.420000", "loadAverage1Percent": "1.181042"}
[2026-05-27 13:16:03.627 Z] [EVENT] [cadence.virtuoso.ade.simulationMonitor] - NewPoint {"history": "Interactive.44", "point": 51, "testname": "DC_TEMP", "cornername": "CMOS_RES_CAP_BIP_TEMP_49", "event": "NewPoint", "EventSource": "Simulation Monitor", "HistoryName": "Interactive.44", "logFile": "/home/hrahimi/projects/POTENTIOSTAT_26/logs_hrahimi/logs0/Job87.log", "logFileSize": "100559"}
[2026-05-27 13:16:03.731 Z] [EVENT] [cadence.virtuoso.ade.simulationMonitor] - NewPoint {"history": "Interactive.44", "point": 51, "testname": "DC_TEMP", "cornername": "CMOS_RES_CAP_BIP_TEMP_49", "event": "NewPoint", "EventSource": "spectre", "HistoryName": "Interactive.44", "logFile": "/home/hrahimi/projects/POTENTIOSTAT_26/Sim/FBIAS/fecg_bandgap_tb/maestro/results/maestro/Interactive.44/51/DC_TEMP/psf/spectre.out", "logFileSize": "-1"}
[2026-05-27 13:16:03.746 Z] [PROCESS] [cadence.virtuoso.ade.simulationMonitor] - Simulator launched {"hostname": "il2244vt26_hrahimi", "processid": 357956, "history": "Interactive.44", "testname": "DC_TEMP", "cornername": "CMOS_RES_CAP_BIP_TEMP_49", "point": 51, "logfile": "/home/hrahimi/projects/POTENTIOSTAT_26/logs_hrahimi/logs0/Job87.log", "simid": "5"}
[2026-05-27 13:16:03.832 Z] [PROCESS] [cadence.virtuoso.ade.simulationMonitor] - Started Simulation {"hostname": "il2244vt26_hrahimi", "processid": 357956, "history": "Interactive.44", "testname": "DC_TEMP", "cornername": "CMOS_RES_CAP_BIP_TEMP_49", "point": 51, "logfile": "/home/hrahimi/projects/POTENTIOSTAT_26/logs_hrahimi/logs0/Job87.log", "event": "started", "task": "simulation"}
[2026-05-27 13:16:04.834 Z] [WARN] [cadence.virtuoso.ade.simulationMonitor] -     WARNING (SPECTRE-691): This CPU processor does not support x86 advanced vector extensions instructions. This may affect math operations and slow down the simulation. {"history": "Interactive.44", "point": 51, "testname": "DC_TEMP", "cornername": "CMOS_RES_CAP_BIP_TEMP_49"}
[2026-05-27 13:16:04.835 Z] [INFO] [cadence.virtuoso.ade.simulationMonitor] - Notice from spectre during circuit read-in.
    Pre_Configuration file used: /opt/tools/cadence/installs/SPECTRE241/tools.lnx86/spectre/etc/configs/preset.precfg
    Configuration file used: `/opt/tools/cadence/installs/SPECTRE241/tools.lnx86/spectre/etc/configs/preset.cfg'. {"history": "Interactive.44", "point": 51, "testname": "DC_TEMP", "cornername": "CMOS_RES_CAP_BIP_TEMP_49"}
[2026-05-27 13:16:04.836 Z] [WARN] [cadence.virtuoso.ade.simulationMonitor] -     WARNING (SPECTRE-8360): line 1511: `ac' is an undefined primitive device. {"history": "Interactive.44", "point": 51, "testname": "DC_TEMP", "cornername": "CMOS_RES_CAP_BIP_TEMP_49"}
[2026-05-27 13:16:04.836 Z] [WARN] [cadence.virtuoso.ade.simulationMonitor] -     WARNING (SPECTRE-8360): line 1512: `ac' is an undefined primitive device. {"history": "Interactive.44", "point": 51, "testname": "DC_TEMP", "cornername": "CMOS_RES_CAP_BIP_TEMP_49"}
[2026-05-27 13:16:04.836 Z] [WARN] [cadence.virtuoso.ade.simulationMonitor] -     WARNING (SPECTRE-8360): line 1513: `ac' is an undefined primitive device. {"history": "Interactive.44", "point": 51, "testname": "DC_TEMP", "cornername": "CMOS_RES_CAP_BIP_TEMP_49"}
[2026-05-27 13:16:04.837 Z] [WARN] [cadence.virtuoso.ade.simulationMonitor] -     WARNING (SPECTRE-8360): line 1514: `ac' is an undefined primitive device. {"history": "Interactive.44", "point": 51, "testname": "DC_TEMP", "cornername": "CMOS_RES_CAP_BIP_TEMP_49"}
[2026-05-27 13:16:04.837 Z] [WARN] [cadence.virtuoso.ade.simulationMonitor] -     WARNING (SPECTRE-8360): line 1515: `ac' is an undefined primitive device.
        Further occurrences of this warning will be suppressed. {"history": "Interactive.44", "point": 51, "testname": "DC_TEMP", "cornername": "CMOS_RES_CAP_BIP_TEMP_49"}
[2026-05-27 13:16:04.838 Z] [INFO] [cadence.virtuoso.ade.simulationMonitor] - Peak resident memory used = 181 Mbytes. {"history": "Interactive.44", "point": 51, "testname": "DC_TEMP", "cornername": "CMOS_RES_CAP_BIP_TEMP_49"}
[2026-05-27 13:16:04.838 Z] [WARN] [cadence.virtuoso.ade.simulationMonitor] -     WARNING (SFE-2649): Terminals of top-level instance `R50', in file`netlist', at line 327, are connected. Remove the instance and rerun the simulation. {"history": "Interactive.44", "point": 51, "testname": "DC_TEMP", "cornername": "CMOS_RES_CAP_BIP_TEMP_49"}
[2026-05-27 13:16:04.838 Z] [WARN] [cadence.virtuoso.ade.simulationMonitor] -     WARNING (SFE-2649): Terminals of top-level instance `R48', in file`netlist', at line 369, are connected. Remove the instance and rerun the simulation. {"history": "Interactive.44", "point": 51, "testname": "DC_TEMP", "cornername": "CMOS_RES_CAP_BIP_TEMP_49"}
[2026-05-27 13:16:04.847 Z] [WARN] [cadence.virtuoso.ade.simulationMonitor] -     WARNING (VACOMP-2435): The environment variable CDS_AHDLCMI_ENABLE is no longer supported. Therefore, the simulator will use the default compiled C code flow. {"history": "Interactive.44", "point": 51, "testname": "DC_TEMP", "cornername": "CMOS_RES_CAP_BIP_TEMP_49"}
[2026-05-27 13:16:04.847 Z] [WARN] [cadence.virtuoso.ade.simulationMonitor] -     WARNING (SFE-3014): The floating device I0.Q3<0>_turbo_m31 is removed. {"history": "Interactive.44", "point": 51, "testname": "DC_TEMP", "cornername": "CMOS_RES_CAP_BIP_TEMP_49"}
[2026-05-27 13:16:04.848 Z] [WARN] [cadence.virtuoso.ade.simulationMonitor] -     WARNING (SFE-3012): The dummy device I0.MP9<0>_turbo_m4 is removed. {"history": "Interactive.44", "point": 51, "testname": "DC_TEMP", "cornername": "CMOS_RES_CAP_BIP_TEMP_49"}
[2026-05-27 13:16:04.848 Z] [WARN] [cadence.virtuoso.ade.simulationMonitor] -     WARNING (SFE-3012): The dummy device I0.MP12<0>_turbo_m34 is removed. {"history": "Interactive.44", "point": 51, "testname": "DC_TEMP", "cornername": "CMOS_RES_CAP_BIP_TEMP_49"}
[2026-05-27 13:16:04.849 Z] [WARN] [cadence.virtuoso.ade.simulationMonitor] -     WARNING (SFE-3012): The dummy device I0.MP10<0>_turbo_m4 is removed. {"history": "Interactive.44", "point": 51, "testname": "DC_TEMP", "cornername": "CMOS_RES_CAP_BIP_TEMP_49"}
[2026-05-27 13:16:04.849 Z] [INFO] [cadence.virtuoso.ade.simulationMonitor] - Peak resident memory used = 193 Mbytes. {"history": "Interactive.44", "point": 51, "testname": "DC_TEMP", "cornername": "CMOS_RES_CAP_BIP_TEMP_49"}
[2026-05-27 13:16:04.850 Z] [INFO] [cadence.virtuoso.ade.simulationMonitor] - Notice from spectre during hierarchy flattening.
    The value 'psf' specified for the 'checklimitdest' option will no longer be supported in future releases. Use 'spectre -h' to see other recommended values for the 'checklimitdest' option.
    I0.Q0.bjtinsub: `rbm' has the unusually small value of 500 mOhm.
    I0.Q0.bjtinsub: `minr' has the unusually small value of 10 fOhm. {"history": "Interactive.44", "point": 51, "testname": "DC_TEMP", "cornername": "CMOS_RES_CAP_BIP_TEMP_49"}
[2026-05-27 13:16:04.850 Z] [INFO] [cadence.virtuoso.ade.simulationMonitor] - Peak resident memory used = 196 Mbytes. {"history": "Interactive.44", "point": 51, "testname": "DC_TEMP", "cornername": "CMOS_RES_CAP_BIP_TEMP_49"}
[2026-05-27 13:16:05.351 Z] [WARN] [cadence.virtuoso.ade.simulationMonitor] -     WARNING (SPECTRE-17607): Assert `SOAC_vert10_vsubpsub' is ignored because it contains an expression which is invalid or not supported by native evaluator.  {"history": "Interactive.44", "point": 51, "testname": "DC_TEMP", "cornername": "CMOS_RES_CAP_BIP_TEMP_49"}
[2026-05-27 13:16:05.351 Z] [WARN] [cadence.virtuoso.ade.simulationMonitor] -     WARNING (SPECTRE-17607): Assert `SOAC_vert10_vcsub' is ignored because it contains an expression which is invalid or not supported by native evaluator.  {"history": "Interactive.44", "point": 51, "testname": "DC_TEMP", "cornername": "CMOS_RES_CAP_BIP_TEMP_49"}
[2026-05-27 13:16:05.351 Z] [WARN] [cadence.virtuoso.ade.simulationMonitor] -     WARNING (SPECTRE-17607): Assert `SOAC_rpolyh_vminuspsub' is ignored because it contains an expression which is invalid or not supported by native evaluator.  {"history": "Interactive.44", "point": 51, "testname": "DC_TEMP", "cornername": "CMOS_RES_CAP_BIP_TEMP_49"}
[2026-05-27 13:16:05.351 Z] [WARN] [cadence.virtuoso.ade.simulationMonitor] -     WARNING (SPECTRE-17607): Assert `SOAC_rpolyh_vpluspsub' is ignored because it contains an expression which is invalid or not supported by native evaluator.  {"history": "Interactive.44", "point": 51, "testname": "DC_TEMP", "cornername": "CMOS_RES_CAP_BIP_TEMP_49"}
[2026-05-27 13:16:05.352 Z] [WARN] [cadence.virtuoso.ade.simulationMonitor] -     WARNING (SPECTRE-16460): SOAC_cvarm_vspsub:Specified subcircuit master `cvarm' was not found. {"history": "Interactive.44", "point": 51, "testname": "DC_TEMP", "cornername": "CMOS_RES_CAP_BIP_TEMP_49"}
[2026-05-27 13:16:05.352 Z] [WARN] [cadence.virtuoso.ade.simulationMonitor] -     WARNING (SPECTRE-16462): SOAC_cvarm_vspsub:Error in specification of subcircuit master. Assert is ignored. {"history": "Interactive.44", "point": 51, "testname": "DC_TEMP", "cornername": "CMOS_RES_CAP_BIP_TEMP_49"}
[2026-05-27 13:16:05.352 Z] [WARN] [cadence.virtuoso.ade.simulationMonitor] -     WARNING (SPECTRE-16460): SOAC_cvarm_vbs:Specified subcircuit master `cvarm' was not found. {"history": "Interactive.44", "point": 51, "testname": "DC_TEMP", "cornername": "CMOS_RES_CAP_BIP_TEMP_49"}
[2026-05-27 13:16:05.352 Z] [WARN] [cadence.virtuoso.ade.simulationMonitor] -     WARNING (SPECTRE-16462): SOAC_cvarm_vbs:Error in specification of subcircuit master. Assert is ignored. {"history": "Interactive.44", "point": 51, "testname": "DC_TEMP", "cornername": "CMOS_RES_CAP_BIP_TEMP_49"}
[2026-05-27 13:16:05.352 Z] [WARN] [cadence.virtuoso.ade.simulationMonitor] -     WARNING (SPECTRE-16460): SOAC_cvarm_vgb:Specified subcircuit master `cvarm' was not found. {"history": "Interactive.44", "point": 51, "testname": "DC_TEMP", "cornername": "CMOS_RES_CAP_BIP_TEMP_49"}
[2026-05-27 13:16:05.352 Z] [WARN] [cadence.virtuoso.ade.simulationMonitor] -     WARNING (SPECTRE-16462): SOAC_cvarm_vgb:Error in specification of subcircuit master. Assert is ignored. {"history": "Interactive.44", "point": 51, "testname": "DC_TEMP", "cornername": "CMOS_RES_CAP_BIP_TEMP_49"}
[2026-05-27 13:16:05.353 Z] [WARN] [cadence.virtuoso.ade.simulationMonitor] -     WARNING (SPECTRE-16460): SOAC_cvart_vspsub:Specified subcircuit master `cvart' was not found. {"history": "Interactive.44", "point": 51, "testname": "DC_TEMP", "cornername": "CMOS_RES_CAP_BIP_TEMP_49"}
[2026-05-27 13:16:05.353 Z] [WARN] [cadence.virtuoso.ade.simulationMonitor] -     WARNING (SPECTRE-16462): SOAC_cvart_vspsub:Error in specification of subcircuit master. Assert is ignored. {"history": "Interactive.44", "point": 51, "testname": "DC_TEMP", "cornername": "CMOS_RES_CAP_BIP_TEMP_49"}
[2026-05-27 13:16:05.353 Z] [WARN] [cadence.virtuoso.ade.simulationMonitor] -     WARNING (SPECTRE-16460): SOAC_cvart_vbs:Specified subcircuit master `cvart' was not found.
        Further occurrences of this warning will be suppressed. {"history": "Interactive.44", "point": 51, "testname": "DC_TEMP", "cornername": "CMOS_RES_CAP_BIP_TEMP_49"}
[2026-05-27 13:16:05.353 Z] [WARN] [cadence.virtuoso.ade.simulationMonitor] -     WARNING (SPECTRE-16462): SOAC_cvart_vbs:Error in specification of subcircuit master. Assert is ignored.
        Further occurrences of this warning will be suppressed. {"history": "Interactive.44", "point": 51, "testname": "DC_TEMP", "cornername": "CMOS_RES_CAP_BIP_TEMP_49"}
[2026-05-27 13:16:05.353 Z] [WARN] [cadence.virtuoso.ade.simulationMonitor] -     WARNING (SPECTRE-17607): Assert `SOAC_cpoly_vminuspsub' is ignored because it contains an expression which is invalid or not supported by native evaluator. 
        Further occurrences of this warning will be suppressed. {"history": "Interactive.44", "point": 51, "testname": "DC_TEMP", "cornername": "CMOS_RES_CAP_BIP_TEMP_49"}
[2026-05-27 13:16:05.854 Z] [INFO] [cadence.virtuoso.ade.simulationMonitor] - Notice from spectre during initial setup.
    Multithreading is disabled due to the size of the design being too small. {"history": "Interactive.44", "point": 51, "testname": "DC_TEMP", "cornername": "CMOS_RES_CAP_BIP_TEMP_49"}
[2026-05-27 13:16:05.858 Z] [INFO] [cadence.virtuoso.ade.simulationMonitor] -               nodes 101 {"history": "Interactive.44", "point": 51, "testname": "DC_TEMP", "cornername": "CMOS_RES_CAP_BIP_TEMP_49"}
[2026-05-27 13:16:05.858 Z] [INFO] [cadence.virtuoso.ade.simulationMonitor] - Notice from spectre during initial setup.
    Spectre X preset=mx enabled.
    75 warnings suppressed. {"history": "Interactive.44", "point": 51, "testname": "DC_TEMP", "cornername": "CMOS_RES_CAP_BIP_TEMP_49"}
[2026-05-27 13:16:05.859 Z] [INFO] [cadence.virtuoso.ade.simulationMonitor] - Peak resident memory used = 204 Mbytes. {"history": "Interactive.44", "point": 51, "testname": "DC_TEMP", "cornername": "CMOS_RES_CAP_BIP_TEMP_49"}
[2026-05-27 13:16:05.859 Z] [INFO] [cadence.virtuoso.ade.simulationMonitor] -    -   (Spectre X) Multi-threading. The recommended number of threads is 1, consider adding +mt=1 on command line. {"history": "Interactive.44", "point": 51, "testname": "DC_TEMP", "cornername": "CMOS_RES_CAP_BIP_TEMP_49"}
[2026-05-27 13:16:05.859 Z] [INFO] [cadence.virtuoso.ade.simulationMonitor] - Notice from spectre during DC analysis `dcOp'.
    No checklimit analysis defined for asserts. A default checklimit analysis 'SpectreChecklimitAnal' has been created with all asserts enabled. {"history": "Interactive.44", "point": 51, "testname": "DC_TEMP", "cornername": "CMOS_RES_CAP_BIP_TEMP_49"}
[2026-05-27 13:16:05.860 Z] [WARN] [cadence.virtuoso.ade.simulationMonitor] -     WARNING (CMI-2943): Parameter checks have been ignored because the valid value for parameter 'trise' could not be found in 'C0'. {"history": "Interactive.44", "point": 51, "testname": "DC_TEMP", "cornername": "CMOS_RES_CAP_BIP_TEMP_49"}
[2026-05-27 13:16:05.860 Z] [WARN] [cadence.virtuoso.ade.simulationMonitor] -     WARNING (CMI-2943): Parameter checks have been ignored because the valid value for parameter 'trise' could not be found in 'I0.R28.CM'. {"history": "Interactive.44", "point": 51, "testname": "DC_TEMP", "cornername": "CMOS_RES_CAP_BIP_TEMP_49"}
[2026-05-27 13:16:05.860 Z] [WARN] [cadence.virtuoso.ade.simulationMonitor] -     WARNING (CMI-2943): Parameter checks have been ignored because the valid value for parameter 'trise' could not be found in 'I0.R28.CS1'. {"history": "Interactive.44", "point": 51, "testname": "DC_TEMP", "cornername": "CMOS_RES_CAP_BIP_TEMP_49"}
[2026-05-27 13:16:05.860 Z] [WARN] [cadence.virtuoso.ade.simulationMonitor] -     WARNING (CMI-2943): Parameter checks have been ignored because the valid value for parameter 'trise' could not be found in 'I0.R28.CS0'. {"history": "Interactive.44", "point": 51, "testname": "DC_TEMP", "cornername": "CMOS_RES_CAP_BIP_TEMP_49"}
[2026-05-27 13:16:05.860 Z] [WARN] [cadence.virtuoso.ade.simulationMonitor] -     WARNING (CMI-2943): Parameter checks have been ignored because the valid value for parameter 'trise' could not be found in 'I0.R7.CM'.
        Further occurrences of this warning will be suppressed. {"history": "Interactive.44", "point": 51, "testname": "DC_TEMP", "cornername": "CMOS_RES_CAP_BIP_TEMP_49"}
[2026-05-27 13:16:06.361 Z] [INFO] [cadence.virtuoso.ade.simulationMonitor] - Total time required for dc analysis `dcOp': CPU = 82.464 ms, elapsed = 166.215 ms, util. = 49.6%. {"history": "Interactive.44", "point": 51, "testname": "DC_TEMP", "cornername": "CMOS_RES_CAP_BIP_TEMP_49"}
[2026-05-27 13:16:06.361 Z] [INFO] [cadence.virtuoso.ade.simulationMonitor] - Peak resident memory used = 211 Mbytes. {"history": "Interactive.44", "point": 51, "testname": "DC_TEMP", "cornername": "CMOS_RES_CAP_BIP_TEMP_49"}
[2026-05-27 13:16:06.361 Z] [INFO] [cadence.virtuoso.ade.simulationMonitor] - Notice from spectre.
    127 warnings suppressed. {"history": "Interactive.44", "point": 51, "testname": "DC_TEMP", "cornername": "CMOS_RES_CAP_BIP_TEMP_49"}
[2026-05-27 13:16:07.363 Z] [WARN] [cadence.virtuoso.ade.simulationMonitor] -     WARNING (CMI-2943): Parameter checks have been ignored because the valid value for parameter 'trise' could not be found in 'C0'. {"history": "Interactive.44", "point": 51, "testname": "DC_TEMP", "cornername": "CMOS_RES_CAP_BIP_TEMP_49"}
[2026-05-27 13:16:07.363 Z] [WARN] [cadence.virtuoso.ade.simulationMonitor] -     WARNING (CMI-2943): Parameter checks have been ignored because the valid value for parameter 'trise' could not be found in 'I0.R28.CM'. {"history": "Interactive.44", "point": 51, "testname": "DC_TEMP", "cornername": "CMOS_RES_CAP_BIP_TEMP_49"}
[2026-05-27 13:16:07.364 Z] [WARN] [cadence.virtuoso.ade.simulationMonitor] -     WARNING (CMI-2943): Parameter checks have been ignored because the valid value for parameter 'trise' could not be found in 'I0.R28.CS1'. {"history": "Interactive.44", "point": 51, "testname": "DC_TEMP", "cornername": "CMOS_RES_CAP_BIP_TEMP_49"}
[2026-05-27 13:16:07.364 Z] [WARN] [cadence.virtuoso.ade.simulationMonitor] -     WARNING (CMI-2943): Parameter checks have been ignored because the valid value for parameter 'trise' could not be found in 'I0.R28.CS0'. {"history": "Interactive.44", "point": 51, "testname": "DC_TEMP", "cornername": "CMOS_RES_CAP_BIP_TEMP_49"}
[2026-05-27 13:16:07.364 Z] [WARN] [cadence.virtuoso.ade.simulationMonitor] -     WARNING (CMI-2943): Parameter checks have been ignored because the valid value for parameter 'trise' could not be found in 'I0.R7.CM'.
        Further occurrences of this warning will be suppressed. {"history": "Interactive.44", "point": 51, "testname": "DC_TEMP", "cornername": "CMOS_RES_CAP_BIP_TEMP_49"}
[2026-05-27 13:16:07.364 Z] [INFO] [cadence.virtuoso.ade.simulationMonitor] - Notice from spectre at temp = 85 C during DC analysis `dc'.
    The value of parameter 'temp' has been reset to the original value 85. {"history": "Interactive.44", "point": 51, "testname": "DC_TEMP", "cornername": "CMOS_RES_CAP_BIP_TEMP_49"}
[2026-05-27 13:16:07.364 Z] [INFO] [cadence.virtuoso.ade.simulationMonitor] - Total time required for dc analysis `dc': CPU = 995.039 ms, elapsed = 1.06633 s, util. = 93.3%. {"history": "Interactive.44", "point": 51, "testname": "DC_TEMP", "cornername": "CMOS_RES_CAP_BIP_TEMP_49"}
[2026-05-27 13:16:07.365 Z] [INFO] [cadence.virtuoso.ade.simulationMonitor] - Peak resident memory used = 213 Mbytes. {"history": "Interactive.44", "point": 51, "testname": "DC_TEMP", "cornername": "CMOS_RES_CAP_BIP_TEMP_49"}
[2026-05-27 13:16:07.365 Z] [INFO] [cadence.virtuoso.ade.simulationMonitor] - Notice from spectre.
    127 warnings suppressed. {"history": "Interactive.44", "point": 51, "testname": "DC_TEMP", "cornername": "CMOS_RES_CAP_BIP_TEMP_49"}
[2026-05-27 13:16:07.365 Z] [INFO] [cadence.virtuoso.ade.simulationMonitor] - Time used: CPU = 1.64 s, elapsed = 2.97 s, util. = 55.4%. {"history": "Interactive.44", "point": 51, "testname": "DC_TEMP", "cornername": "CMOS_RES_CAP_BIP_TEMP_49"}
[2026-05-27 13:16:07.365 Z] [INFO] [cadence.virtuoso.ade.simulationMonitor] - Time spent in licensing: elapsed = 80.7 ms. {"history": "Interactive.44", "point": 51, "testname": "DC_TEMP", "cornername": "CMOS_RES_CAP_BIP_TEMP_49"}
[2026-05-27 13:16:07.366 Z] [INFO] [cadence.virtuoso.ade.simulationMonitor] - Peak memory used = 214 Mbytes. {"history": "Interactive.44", "point": 51, "testname": "DC_TEMP", "cornername": "CMOS_RES_CAP_BIP_TEMP_49"}
[2026-05-27 13:16:07.368 Z] [PROCESS] [cadence.virtuoso.ade.simulationMonitor] - Simulation started at: 1:16:04 PM, Wed May 27, 2026, ended at: 1:16:07 PM, Wed May 27, 2026, with elapsed time (wall clock): 2.97 s. {"history": "Interactive.44", "point": 51, "testname": "DC_TEMP", "cornername": "CMOS_RES_CAP_BIP_TEMP_49"}
[2026-05-27 13:16:07.368 Z] [PROCESS] [cadence.virtuoso.ade.simulationMonitor] - spectre completes with 0 errors, 38 warnings, and 14 notices. {"history": "Interactive.44", "point": 51, "testname": "DC_TEMP", "cornername": "CMOS_RES_CAP_BIP_TEMP_49"}
[2026-05-27 13:16:07.368 Z] [PROCESS] [cadence.virtuoso.ade.simulationMonitor] - Finished simulating for one point {"hostname": "il2244vt26_hrahimi", "processid": 357956, "history": "Interactive.44", "testname": "DC_TEMP", "cornername": "CMOS_RES_CAP_BIP_TEMP_49", "point": 51, "logfile": "/home/hrahimi/projects/POTENTIOSTAT_26/logs_hrahimi/logs0/Job87.log", "simid": "5"}
[2026-05-27 13:16:07.368 Z] [PROCESS] [cadence.virtuoso.ade.simulationMonitor] - Simulator exited {"hostname": "il2244vt26_hrahimi", "processid": 357956, "history": "Interactive.44", "testname": "DC_TEMP", "cornername": "CMOS_RES_CAP_BIP_TEMP_49", "point": 51, "logfile": "/home/hrahimi/projects/POTENTIOSTAT_26/logs_hrahimi/logs0/Job87.log", "exitStatus": "0"}
[2026-05-27 13:16:07.368 Z] [PROCESS] [cadence.virtuoso.ade.simulationMonitor] - Finished Simulation {"hostname": "il2244vt26_hrahimi", "processid": 357956, "history": "Interactive.44", "testname": "DC_TEMP", "cornername": "CMOS_RES_CAP_BIP_TEMP_49", "point": 51, "logfile": "/home/hrahimi/projects/POTENTIOSTAT_26/logs_hrahimi/logs0/Job87.log", "simid": "5"}
[2026-05-27 13:16:10.391 Z] [PROCESS] [cadence.virtuoso.ade.simulationMonitor] - Point Finished {"hostname": "il2244vt26_hrahimi", "processid": 357956, "history": "Interactive.44", "testname": "DC_TEMP", "cornername": "CMOS_RES_CAP_BIP_TEMP_49", "point": 51, "logfile": "/home/hrahimi/projects/POTENTIOSTAT_26/logs_hrahimi/logs0/Job87.log"}
[2026-05-27 13:16:10.424 Z] [PROCESS] [cadence.virtuoso.ade.simulationMonitor] - Stay with the runId '0', Linger time '300', currentRunSyn '1', currentTestSyn '2' {"hostname": "il2244vt26_hrahimi", "processid": 357956, "history": "Interactive.44", "testname": "DC_TEMP", "cornername": "CMOS_RES_CAP_BIP_TEMP_49", "point": 51, "logfile": "/home/hrahimi/projects/POTENTIOSTAT_26/logs_hrahimi/logs0/Job87.log"}
[2026-05-27 13:16:11.410 Z] [PROCESS] [cadence.virtuoso.ade.simulationMonitor] - Stay with the runId '0', Linger time '300', currentRunSyn '1', currentTestSyn '2' {"hostname": "il2244vt26_hrahimi", "processid": 357956, "history": "Interactive.44", "testname": "DC_TEMP", "cornername": "CMOS_RES_CAP_BIP_TEMP_49", "point": 51, "logfile": "/home/hrahimi/projects/POTENTIOSTAT_26/logs_hrahimi/logs0/Job87.log"}
[2026-05-27 13:16:12.411 Z] [PROCESS] [cadence.virtuoso.ade.simulationMonitor] - HostInfo:
Host name (type):	il2244vt26_hrahimi (x86_64)
Operating system:	Linux 5.15.0-164-generic #174-Ubuntu SMP Fri Nov 14 20:25:16 UTC 2025 {"hostname": "il2244vt26_hrahimi", "processid": 357956, "history": "Interactive.44", "testname": "DC_TEMP", "cornername": "CMOS_RES_CAP_BIP_TEMP_49", "point": 51, "logfile": "/home/hrahimi/projects/POTENTIOSTAT_26/logs_hrahimi/logs0/Job87.log", "nodename": "il2244vt26_hrahimi", "domainname": "(none)", "machine": "x86_64", "sysname": "Linux", "release": "5.15.0-164-generic", "version": "#174-Ubuntu SMP Fri Nov 14 20:25:16 UTC 2025"}
[2026-05-27 13:16:12.411 Z] [PROCESS] [cadence.virtuoso.ade.simulationMonitor] - UsageInfo:
pid=357956
totalPhysicalMemory=3023.749672GB,Used=1957.609543GB,totalVirtualMemory=3031.749668GB,Used=1957.636887GB
Cpu: Cores=48, Load average:58.490000,47.590000,40.710000 {"hostname": "il2244vt26_hrahimi", "processid": 357956, "history": "Interactive.44", "testname": "DC_TEMP", "cornername": "CMOS_RES_CAP_BIP_TEMP_49", "point": 51, "logfile": "/home/hrahimi/projects/POTENTIOSTAT_26/logs_hrahimi/logs0/Job87.log", "pid": "357956", "totalPhysicalMemory": "3023.749672", "physicalMemoryUsed": "1957.609543", "totalVirtualMemory": "3031.749668", "virtualMemoryUsed": "1957.636887", "cpuCores": "48", "processes": "29901", "loadAverage1": "58.490000", "loadAverage5": "47.590000", "loadAverage15": "40.710000", "loadAverage1Percent": "1.218542"}
[2026-05-27 13:16:12.413 Z] [EVENT] [cadence.virtuoso.ade.simulationMonitor] - NewPoint {"history": "Interactive.44", "point": 59, "testname": "DC_TEMP", "cornername": "CMOS_RES_CAP_BIP_TEMP_57", "event": "NewPoint", "EventSource": "Simulation Monitor", "HistoryName": "Interactive.44", "logFile": "/home/hrahimi/projects/POTENTIOSTAT_26/logs_hrahimi/logs0/Job87.log", "logFileSize": "124379"}
[2026-05-27 13:16:12.515 Z] [EVENT] [cadence.virtuoso.ade.simulationMonitor] - NewPoint {"history": "Interactive.44", "point": 59, "testname": "DC_TEMP", "cornername": "CMOS_RES_CAP_BIP_TEMP_57", "event": "NewPoint", "EventSource": "spectre", "HistoryName": "Interactive.44", "logFile": "/home/hrahimi/projects/POTENTIOSTAT_26/Sim/FBIAS/fecg_bandgap_tb/maestro/results/maestro/Interactive.44/59/DC_TEMP/psf/spectre.out", "logFileSize": "-1"}
[2026-05-27 13:16:12.528 Z] [PROCESS] [cadence.virtuoso.ade.simulationMonitor] - Simulator launched {"hostname": "il2244vt26_hrahimi", "processid": 357956, "history": "Interactive.44", "testname": "DC_TEMP", "cornername": "CMOS_RES_CAP_BIP_TEMP_57", "point": 59, "logfile": "/home/hrahimi/projects/POTENTIOSTAT_26/logs_hrahimi/logs0/Job87.log", "simid": "6"}
[2026-05-27 13:16:12.619 Z] [PROCESS] [cadence.virtuoso.ade.simulationMonitor] - Started Simulation {"hostname": "il2244vt26_hrahimi", "processid": 357956, "history": "Interactive.44", "testname": "DC_TEMP", "cornername": "CMOS_RES_CAP_BIP_TEMP_57", "point": 59, "logfile": "/home/hrahimi/projects/POTENTIOSTAT_26/logs_hrahimi/logs0/Job87.log", "event": "started", "task": "simulation"}
[2026-05-27 13:16:13.626 Z] [WARN] [cadence.virtuoso.ade.simulationMonitor] -     WARNING (SPECTRE-691): This CPU processor does not support x86 advanced vector extensions instructions. This may affect math operations and slow down the simulation. {"history": "Interactive.44", "point": 59, "testname": "DC_TEMP", "cornername": "CMOS_RES_CAP_BIP_TEMP_57"}
[2026-05-27 13:16:13.627 Z] [INFO] [cadence.virtuoso.ade.simulationMonitor] - Notice from spectre during circuit read-in.
    Pre_Configuration file used: /opt/tools/cadence/installs/SPECTRE241/tools.lnx86/spectre/etc/configs/preset.precfg
    Configuration file used: `/opt/tools/cadence/installs/SPECTRE241/tools.lnx86/spectre/etc/configs/preset.cfg'. {"history": "Interactive.44", "point": 59, "testname": "DC_TEMP", "cornername": "CMOS_RES_CAP_BIP_TEMP_57"}
[2026-05-27 13:16:13.627 Z] [WARN] [cadence.virtuoso.ade.simulationMonitor] -     WARNING (SPECTRE-8360): line 1511: `ac' is an undefined primitive device. {"history": "Interactive.44", "point": 59, "testname": "DC_TEMP", "cornername": "CMOS_RES_CAP_BIP_TEMP_57"}
[2026-05-27 13:16:13.628 Z] [WARN] [cadence.virtuoso.ade.simulationMonitor] -     WARNING (SPECTRE-8360): line 1512: `ac' is an undefined primitive device. {"history": "Interactive.44", "point": 59, "testname": "DC_TEMP", "cornername": "CMOS_RES_CAP_BIP_TEMP_57"}
[2026-05-27 13:16:13.628 Z] [WARN] [cadence.virtuoso.ade.simulationMonitor] -     WARNING (SPECTRE-8360): line 1513: `ac' is an undefined primitive device. {"history": "Interactive.44", "point": 59, "testname": "DC_TEMP", "cornername": "CMOS_RES_CAP_BIP_TEMP_57"}
[2026-05-27 13:16:13.628 Z] [WARN] [cadence.virtuoso.ade.simulationMonitor] -     WARNING (SPECTRE-8360): line 1514: `ac' is an undefined primitive device. {"history": "Interactive.44", "point": 59, "testname": "DC_TEMP", "cornername": "CMOS_RES_CAP_BIP_TEMP_57"}
[2026-05-27 13:16:13.628 Z] [WARN] [cadence.virtuoso.ade.simulationMonitor] -     WARNING (SPECTRE-8360): line 1515: `ac' is an undefined primitive device.
        Further occurrences of this warning will be suppressed. {"history": "Interactive.44", "point": 59, "testname": "DC_TEMP", "cornername": "CMOS_RES_CAP_BIP_TEMP_57"}
[2026-05-27 13:16:13.628 Z] [INFO] [cadence.virtuoso.ade.simulationMonitor] - Peak resident memory used = 181 Mbytes. {"history": "Interactive.44", "point": 59, "testname": "DC_TEMP", "cornername": "CMOS_RES_CAP_BIP_TEMP_57"}
[2026-05-27 13:16:13.628 Z] [WARN] [cadence.virtuoso.ade.simulationMonitor] -     WARNING (SFE-2649): Terminals of top-level instance `R50', in file`netlist', at line 327, are connected. Remove the instance and rerun the simulation. {"history": "Interactive.44", "point": 59, "testname": "DC_TEMP", "cornername": "CMOS_RES_CAP_BIP_TEMP_57"}
[2026-05-27 13:16:13.634 Z] [WARN] [cadence.virtuoso.ade.simulationMonitor] -     WARNING (SFE-2649): Terminals of top-level instance `R48', in file`netlist', at line 369, are connected. Remove the instance and rerun the simulation. {"history": "Interactive.44", "point": 59, "testname": "DC_TEMP", "cornername": "CMOS_RES_CAP_BIP_TEMP_57"}
[2026-05-27 13:16:13.635 Z] [WARN] [cadence.virtuoso.ade.simulationMonitor] -     WARNING (VACOMP-2435): The environment variable CDS_AHDLCMI_ENABLE is no longer supported. Therefore, the simulator will use the default compiled C code flow. {"history": "Interactive.44", "point": 59, "testname": "DC_TEMP", "cornername": "CMOS_RES_CAP_BIP_TEMP_57"}
[2026-05-27 13:16:13.635 Z] [WARN] [cadence.virtuoso.ade.simulationMonitor] -     WARNING (SFE-3014): The floating device I0.Q3<0>_turbo_m31 is removed. {"history": "Interactive.44", "point": 59, "testname": "DC_TEMP", "cornername": "CMOS_RES_CAP_BIP_TEMP_57"}
[2026-05-27 13:16:13.635 Z] [WARN] [cadence.virtuoso.ade.simulationMonitor] -     WARNING (SFE-3012): The dummy device I0.MP9<0>_turbo_m4 is removed. {"history": "Interactive.44", "point": 59, "testname": "DC_TEMP", "cornername": "CMOS_RES_CAP_BIP_TEMP_57"}
[2026-05-27 13:16:13.636 Z] [WARN] [cadence.virtuoso.ade.simulationMonitor] -     WARNING (SFE-3012): The dummy device I0.MP12<0>_turbo_m34 is removed. {"history": "Interactive.44", "point": 59, "testname": "DC_TEMP", "cornername": "CMOS_RES_CAP_BIP_TEMP_57"}
[2026-05-27 13:16:13.636 Z] [WARN] [cadence.virtuoso.ade.simulationMonitor] -     WARNING (SFE-3012): The dummy device I0.MP10<0>_turbo_m4 is removed. {"history": "Interactive.44", "point": 59, "testname": "DC_TEMP", "cornername": "CMOS_RES_CAP_BIP_TEMP_57"}
[2026-05-27 13:16:13.636 Z] [INFO] [cadence.virtuoso.ade.simulationMonitor] - Peak resident memory used = 193 Mbytes. {"history": "Interactive.44", "point": 59, "testname": "DC_TEMP", "cornername": "CMOS_RES_CAP_BIP_TEMP_57"}
[2026-05-27 13:16:13.636 Z] [INFO] [cadence.virtuoso.ade.simulationMonitor] - Notice from spectre during hierarchy flattening.
    The value 'psf' specified for the 'checklimitdest' option will no longer be supported in future releases. Use 'spectre -h' to see other recommended values for the 'checklimitdest' option.
    I0.Q0.bjtinsub: `rbm' has the unusually small value of 500 mOhm.
    I0.Q0.bjtinsub: `minr' has the unusually small value of 10 fOhm. {"history": "Interactive.44", "point": 59, "testname": "DC_TEMP", "cornername": "CMOS_RES_CAP_BIP_TEMP_57"}
[2026-05-27 13:16:13.637 Z] [INFO] [cadence.virtuoso.ade.simulationMonitor] - Peak resident memory used = 196 Mbytes. {"history": "Interactive.44", "point": 59, "testname": "DC_TEMP", "cornername": "CMOS_RES_CAP_BIP_TEMP_57"}
[2026-05-27 13:16:13.637 Z] [WARN] [cadence.virtuoso.ade.simulationMonitor] -     WARNING (SPECTRE-17607): Assert `SOAC_vert10_vsubpsub' is ignored because it contains an expression which is invalid or not supported by native evaluator.  {"history": "Interactive.44", "point": 59, "testname": "DC_TEMP", "cornername": "CMOS_RES_CAP_BIP_TEMP_57"}
[2026-05-27 13:16:13.637 Z] [WARN] [cadence.virtuoso.ade.simulationMonitor] -     WARNING (SPECTRE-17607): Assert `SOAC_vert10_vcsub' is ignored because it contains an expression which is invalid or not supported by native evaluator.  {"history": "Interactive.44", "point": 59, "testname": "DC_TEMP", "cornername": "CMOS_RES_CAP_BIP_TEMP_57"}
[2026-05-27 13:16:13.638 Z] [WARN] [cadence.virtuoso.ade.simulationMonitor] -     WARNING (SPECTRE-17607): Assert `SOAC_rpolyh_vminuspsub' is ignored because it contains an expression which is invalid or not supported by native evaluator.  {"history": "Interactive.44", "point": 59, "testname": "DC_TEMP", "cornername": "CMOS_RES_CAP_BIP_TEMP_57"}
[2026-05-27 13:16:13.638 Z] [WARN] [cadence.virtuoso.ade.simulationMonitor] -     WARNING (SPECTRE-17607): Assert `SOAC_rpolyh_vpluspsub' is ignored because it contains an expression which is invalid or not supported by native evaluator.  {"history": "Interactive.44", "point": 59, "testname": "DC_TEMP", "cornername": "CMOS_RES_CAP_BIP_TEMP_57"}
[2026-05-27 13:16:13.641 Z] [WARN] [cadence.virtuoso.ade.simulationMonitor] -     WARNING (SPECTRE-16460): SOAC_cvarm_vspsub:Specified subcircuit master `cvarm' was not found. {"history": "Interactive.44", "point": 59, "testname": "DC_TEMP", "cornername": "CMOS_RES_CAP_BIP_TEMP_57"}
[2026-05-27 13:16:13.641 Z] [WARN] [cadence.virtuoso.ade.simulationMonitor] -     WARNING (SPECTRE-16462): SOAC_cvarm_vspsub:Error in specification of subcircuit master. Assert is ignored. {"history": "Interactive.44", "point": 59, "testname": "DC_TEMP", "cornername": "CMOS_RES_CAP_BIP_TEMP_57"}
[2026-05-27 13:16:13.642 Z] [WARN] [cadence.virtuoso.ade.simulationMonitor] -     WARNING (SPECTRE-16460): SOAC_cvarm_vbs:Specified subcircuit master `cvarm' was not found. {"history": "Interactive.44", "point": 59, "testname": "DC_TEMP", "cornername": "CMOS_RES_CAP_BIP_TEMP_57"}
[2026-05-27 13:16:13.642 Z] [WARN] [cadence.virtuoso.ade.simulationMonitor] -     WARNING (SPECTRE-16462): SOAC_cvarm_vbs:Error in specification of subcircuit master. Assert is ignored. {"history": "Interactive.44", "point": 59, "testname": "DC_TEMP", "cornername": "CMOS_RES_CAP_BIP_TEMP_57"}
[2026-05-27 13:16:13.642 Z] [WARN] [cadence.virtuoso.ade.simulationMonitor] -     WARNING (SPECTRE-16460): SOAC_cvarm_vgb:Specified subcircuit master `cvarm' was not found. {"history": "Interactive.44", "point": 59, "testname": "DC_TEMP", "cornername": "CMOS_RES_CAP_BIP_TEMP_57"}
[2026-05-27 13:16:13.642 Z] [WARN] [cadence.virtuoso.ade.simulationMonitor] -     WARNING (SPECTRE-16462): SOAC_cvarm_vgb:Error in specification of subcircuit master. Assert is ignored. {"history": "Interactive.44", "point": 59, "testname": "DC_TEMP", "cornername": "CMOS_RES_CAP_BIP_TEMP_57"}
[2026-05-27 13:16:13.645 Z] [WARN] [cadence.virtuoso.ade.simulationMonitor] -     WARNING (SPECTRE-16460): SOAC_cvart_vspsub:Specified subcircuit master `cvart' was not found. {"history": "Interactive.44", "point": 59, "testname": "DC_TEMP", "cornername": "CMOS_RES_CAP_BIP_TEMP_57"}
[2026-05-27 13:16:13.646 Z] [WARN] [cadence.virtuoso.ade.simulationMonitor] -     WARNING (SPECTRE-16462): SOAC_cvart_vspsub:Error in specification of subcircuit master. Assert is ignored. {"history": "Interactive.44", "point": 59, "testname": "DC_TEMP", "cornername": "CMOS_RES_CAP_BIP_TEMP_57"}
[2026-05-27 13:16:13.646 Z] [WARN] [cadence.virtuoso.ade.simulationMonitor] -     WARNING (SPECTRE-16460): SOAC_cvart_vbs:Specified subcircuit master `cvart' was not found.
        Further occurrences of this warning will be suppressed. {"history": "Interactive.44", "point": 59, "testname": "DC_TEMP", "cornername": "CMOS_RES_CAP_BIP_TEMP_57"}
[2026-05-27 13:16:13.647 Z] [WARN] [cadence.virtuoso.ade.simulationMonitor] -     WARNING (SPECTRE-16462): SOAC_cvart_vbs:Error in specification of subcircuit master. Assert is ignored.
        Further occurrences of this warning will be suppressed. {"history": "Interactive.44", "point": 59, "testname": "DC_TEMP", "cornername": "CMOS_RES_CAP_BIP_TEMP_57"}
[2026-05-27 13:16:13.647 Z] [WARN] [cadence.virtuoso.ade.simulationMonitor] -     WARNING (SPECTRE-17607): Assert `SOAC_cpoly_vminuspsub' is ignored because it contains an expression which is invalid or not supported by native evaluator. 
        Further occurrences of this warning will be suppressed. {"history": "Interactive.44", "point": 59, "testname": "DC_TEMP", "cornername": "CMOS_RES_CAP_BIP_TEMP_57"}
[2026-05-27 13:16:14.648 Z] [INFO] [cadence.virtuoso.ade.simulationMonitor] - Notice from spectre during initial setup.
    Multithreading is disabled due to the size of the design being too small. {"history": "Interactive.44", "point": 59, "testname": "DC_TEMP", "cornername": "CMOS_RES_CAP_BIP_TEMP_57"}
[2026-05-27 13:16:14.651 Z] [INFO] [cadence.virtuoso.ade.simulationMonitor] -               nodes 101 {"history": "Interactive.44", "point": 59, "testname": "DC_TEMP", "cornername": "CMOS_RES_CAP_BIP_TEMP_57"}
[2026-05-27 13:16:14.651 Z] [INFO] [cadence.virtuoso.ade.simulationMonitor] - Notice from spectre during initial setup.
    Spectre X preset=mx enabled.
    75 warnings suppressed. {"history": "Interactive.44", "point": 59, "testname": "DC_TEMP", "cornername": "CMOS_RES_CAP_BIP_TEMP_57"}
[2026-05-27 13:16:14.651 Z] [INFO] [cadence.virtuoso.ade.simulationMonitor] - Peak resident memory used = 204 Mbytes. {"history": "Interactive.44", "point": 59, "testname": "DC_TEMP", "cornername": "CMOS_RES_CAP_BIP_TEMP_57"}
[2026-05-27 13:16:14.651 Z] [INFO] [cadence.virtuoso.ade.simulationMonitor] -    -   (Spectre X) Multi-threading. The recommended number of threads is 1, consider adding +mt=1 on command line. {"history": "Interactive.44", "point": 59, "testname": "DC_TEMP", "cornername": "CMOS_RES_CAP_BIP_TEMP_57"}
[2026-05-27 13:16:14.651 Z] [INFO] [cadence.virtuoso.ade.simulationMonitor] - Notice from spectre during DC analysis `dcOp'.
    No checklimit analysis defined for asserts. A default checklimit analysis 'SpectreChecklimitAnal' has been created with all asserts enabled. {"history": "Interactive.44", "point": 59, "testname": "DC_TEMP", "cornername": "CMOS_RES_CAP_BIP_TEMP_57"}
[2026-05-27 13:16:14.652 Z] [WARN] [cadence.virtuoso.ade.simulationMonitor] -     WARNING (CMI-2943): Parameter checks have been ignored because the valid value for parameter 'trise' could not be found in 'C0'. {"history": "Interactive.44", "point": 59, "testname": "DC_TEMP", "cornername": "CMOS_RES_CAP_BIP_TEMP_57"}
[2026-05-27 13:16:14.652 Z] [WARN] [cadence.virtuoso.ade.simulationMonitor] -     WARNING (CMI-2943): Parameter checks have been ignored because the valid value for parameter 'trise' could not be found in 'I0.R28.CM'. {"history": "Interactive.44", "point": 59, "testname": "DC_TEMP", "cornername": "CMOS_RES_CAP_BIP_TEMP_57"}
[2026-05-27 13:16:14.652 Z] [WARN] [cadence.virtuoso.ade.simulationMonitor] -     WARNING (CMI-2943): Parameter checks have been ignored because the valid value for parameter 'trise' could not be found in 'I0.R28.CS1'. {"history": "Interactive.44", "point": 59, "testname": "DC_TEMP", "cornername": "CMOS_RES_CAP_BIP_TEMP_57"}
[2026-05-27 13:16:14.652 Z] [WARN] [cadence.virtuoso.ade.simulationMonitor] -     WARNING (CMI-2943): Parameter checks have been ignored because the valid value for parameter 'trise' could not be found in 'I0.R28.CS0'. {"history": "Interactive.44", "point": 59, "testname": "DC_TEMP", "cornername": "CMOS_RES_CAP_BIP_TEMP_57"}
[2026-05-27 13:16:14.653 Z] [WARN] [cadence.virtuoso.ade.simulationMonitor] -     WARNING (CMI-2943): Parameter checks have been ignored because the valid value for parameter 'trise' could not be found in 'I0.R7.CM'.
        Further occurrences of this warning will be suppressed. {"history": "Interactive.44", "point": 59, "testname": "DC_TEMP", "cornername": "CMOS_RES_CAP_BIP_TEMP_57"}
[2026-05-27 13:16:14.653 Z] [INFO] [cadence.virtuoso.ade.simulationMonitor] - Total time required for dc analysis `dcOp': CPU = 90.064 ms, elapsed = 101.967 ms, util. = 88.3%. {"history": "Interactive.44", "point": 59, "testname": "DC_TEMP", "cornername": "CMOS_RES_CAP_BIP_TEMP_57"}
[2026-05-27 13:16:14.653 Z] [INFO] [cadence.virtuoso.ade.simulationMonitor] - Peak resident memory used = 211 Mbytes. {"history": "Interactive.44", "point": 59, "testname": "DC_TEMP", "cornername": "CMOS_RES_CAP_BIP_TEMP_57"}
[2026-05-27 13:16:14.653 Z] [INFO] [cadence.virtuoso.ade.simulationMonitor] - Notice from spectre.
    127 warnings suppressed. {"history": "Interactive.44", "point": 59, "testname": "DC_TEMP", "cornername": "CMOS_RES_CAP_BIP_TEMP_57"}
[2026-05-27 13:16:15.655 Z] [WARN] [cadence.virtuoso.ade.simulationMonitor] -     WARNING (CMI-2943): Parameter checks have been ignored because the valid value for parameter 'trise' could not be found in 'C0'. {"history": "Interactive.44", "point": 59, "testname": "DC_TEMP", "cornername": "CMOS_RES_CAP_BIP_TEMP_57"}
[2026-05-27 13:16:15.656 Z] [WARN] [cadence.virtuoso.ade.simulationMonitor] -     WARNING (CMI-2943): Parameter checks have been ignored because the valid value for parameter 'trise' could not be found in 'I0.R28.CM'. {"history": "Interactive.44", "point": 59, "testname": "DC_TEMP", "cornername": "CMOS_RES_CAP_BIP_TEMP_57"}
[2026-05-27 13:16:15.657 Z] [WARN] [cadence.virtuoso.ade.simulationMonitor] -     WARNING (CMI-2943): Parameter checks have been ignored because the valid value for parameter 'trise' could not be found in 'I0.R28.CS1'. {"history": "Interactive.44", "point": 59, "testname": "DC_TEMP", "cornername": "CMOS_RES_CAP_BIP_TEMP_57"}
[2026-05-27 13:16:15.657 Z] [WARN] [cadence.virtuoso.ade.simulationMonitor] -     WARNING (CMI-2943): Parameter checks have been ignored because the valid value for parameter 'trise' could not be found in 'I0.R28.CS0'. {"history": "Interactive.44", "point": 59, "testname": "DC_TEMP", "cornername": "CMOS_RES_CAP_BIP_TEMP_57"}
[2026-05-27 13:16:15.657 Z] [WARN] [cadence.virtuoso.ade.simulationMonitor] -     WARNING (CMI-2943): Parameter checks have been ignored because the valid value for parameter 'trise' could not be found in 'I0.R7.CM'.
        Further occurrences of this warning will be suppressed. {"history": "Interactive.44", "point": 59, "testname": "DC_TEMP", "cornername": "CMOS_RES_CAP_BIP_TEMP_57"}
[2026-05-27 13:16:15.658 Z] [INFO] [cadence.virtuoso.ade.simulationMonitor] - Notice from spectre at temp = 85 C during DC analysis `dc'.
    The value of parameter 'temp' has been reset to the original value 85. {"history": "Interactive.44", "point": 59, "testname": "DC_TEMP", "cornername": "CMOS_RES_CAP_BIP_TEMP_57"}
[2026-05-27 13:16:15.658 Z] [INFO] [cadence.virtuoso.ade.simulationMonitor] - Total time required for dc analysis `dc': CPU = 1.06734 s, elapsed = 1.09172 s, util. = 97.8%. {"history": "Interactive.44", "point": 59, "testname": "DC_TEMP", "cornername": "CMOS_RES_CAP_BIP_TEMP_57"}
[2026-05-27 13:16:15.658 Z] [INFO] [cadence.virtuoso.ade.simulationMonitor] - Peak resident memory used = 212 Mbytes. {"history": "Interactive.44", "point": 59, "testname": "DC_TEMP", "cornername": "CMOS_RES_CAP_BIP_TEMP_57"}
[2026-05-27 13:16:15.659 Z] [INFO] [cadence.virtuoso.ade.simulationMonitor] - Notice from spectre.
    127 warnings suppressed. {"history": "Interactive.44", "point": 59, "testname": "DC_TEMP", "cornername": "CMOS_RES_CAP_BIP_TEMP_57"}
[2026-05-27 13:16:15.659 Z] [INFO] [cadence.virtuoso.ade.simulationMonitor] - Time used: CPU = 1.74 s, elapsed = 2.58 s, util. = 67.3%. {"history": "Interactive.44", "point": 59, "testname": "DC_TEMP", "cornername": "CMOS_RES_CAP_BIP_TEMP_57"}
[2026-05-27 13:16:15.659 Z] [INFO] [cadence.virtuoso.ade.simulationMonitor] - Time spent in licensing: elapsed = 138 ms, percentage of total = 5.33%. {"history": "Interactive.44", "point": 59, "testname": "DC_TEMP", "cornername": "CMOS_RES_CAP_BIP_TEMP_57"}
[2026-05-27 13:16:15.660 Z] [INFO] [cadence.virtuoso.ade.simulationMonitor] - Peak memory used = 214 Mbytes. {"history": "Interactive.44", "point": 59, "testname": "DC_TEMP", "cornername": "CMOS_RES_CAP_BIP_TEMP_57"}
[2026-05-27 13:16:15.665 Z] [PROCESS] [cadence.virtuoso.ade.simulationMonitor] - Simulation started at: 1:16:12 PM, Wed May 27, 2026, ended at: 1:16:15 PM, Wed May 27, 2026, with elapsed time (wall clock): 2.58 s. {"history": "Interactive.44", "point": 59, "testname": "DC_TEMP", "cornername": "CMOS_RES_CAP_BIP_TEMP_57"}
[2026-05-27 13:16:15.665 Z] [PROCESS] [cadence.virtuoso.ade.simulationMonitor] - spectre completes with 0 errors, 38 warnings, and 14 notices. {"history": "Interactive.44", "point": 59, "testname": "DC_TEMP", "cornername": "CMOS_RES_CAP_BIP_TEMP_57"}
[2026-05-27 13:16:16.166 Z] [PROCESS] [cadence.virtuoso.ade.simulationMonitor] - Finished simulating for one point {"hostname": "il2244vt26_hrahimi", "processid": 357956, "history": "Interactive.44", "testname": "DC_TEMP", "cornername": "CMOS_RES_CAP_BIP_TEMP_57", "point": 59, "logfile": "/home/hrahimi/projects/POTENTIOSTAT_26/logs_hrahimi/logs0/Job87.log", "simid": "6"}
[2026-05-27 13:16:16.167 Z] [PROCESS] [cadence.virtuoso.ade.simulationMonitor] - Simulator exited {"hostname": "il2244vt26_hrahimi", "processid": 357956, "history": "Interactive.44", "testname": "DC_TEMP", "cornername": "CMOS_RES_CAP_BIP_TEMP_57", "point": 59, "logfile": "/home/hrahimi/projects/POTENTIOSTAT_26/logs_hrahimi/logs0/Job87.log", "exitStatus": "0"}
[2026-05-27 13:16:16.167 Z] [PROCESS] [cadence.virtuoso.ade.simulationMonitor] - Finished Simulation {"hostname": "il2244vt26_hrahimi", "processid": 357956, "history": "Interactive.44", "testname": "DC_TEMP", "cornername": "CMOS_RES_CAP_BIP_TEMP_57", "point": 59, "logfile": "/home/hrahimi/projects/POTENTIOSTAT_26/logs_hrahimi/logs0/Job87.log", "simid": "6"}
[2026-05-27 13:16:19.183 Z] [PROCESS] [cadence.virtuoso.ade.simulationMonitor] - Point Finished {"hostname": "il2244vt26_hrahimi", "processid": 357956, "history": "Interactive.44", "testname": "DC_TEMP", "cornername": "CMOS_RES_CAP_BIP_TEMP_57", "point": 59, "logfile": "/home/hrahimi/projects/POTENTIOSTAT_26/logs_hrahimi/logs0/Job87.log"}
[2026-05-27 13:16:19.193 Z] [PROCESS] [cadence.virtuoso.ade.simulationMonitor] - Stay with the runId '0', Linger time '300', currentRunSyn '1', currentTestSyn '2' {"hostname": "il2244vt26_hrahimi", "processid": 357956, "history": "Interactive.44", "testname": "DC_TEMP", "cornername": "CMOS_RES_CAP_BIP_TEMP_57", "point": 59, "logfile": "/home/hrahimi/projects/POTENTIOSTAT_26/logs_hrahimi/logs0/Job87.log"}
[2026-05-27 13:16:20.187 Z] [PROCESS] [cadence.virtuoso.ade.simulationMonitor] - Stay with the runId '0', Linger time '300', currentRunSyn '1', currentTestSyn '2' {"hostname": "il2244vt26_hrahimi", "processid": 357956, "history": "Interactive.44", "testname": "DC_TEMP", "cornername": "CMOS_RES_CAP_BIP_TEMP_57", "point": 59, "logfile": "/home/hrahimi/projects/POTENTIOSTAT_26/logs_hrahimi/logs0/Job87.log"}
[2026-05-27 13:16:21.209 Z] [PROCESS] [cadence.virtuoso.ade.simulationMonitor] - Stay with the runId '0', Linger time '300', currentRunSyn '1', currentTestSyn '2' {"hostname": "il2244vt26_hrahimi", "processid": 357956, "history": "Interactive.44", "testname": "DC_TEMP", "cornername": "CMOS_RES_CAP_BIP_TEMP_57", "point": 59, "logfile": "/home/hrahimi/projects/POTENTIOSTAT_26/logs_hrahimi/logs0/Job87.log"}
[2026-05-27 13:16:22.202 Z] [PROCESS] [cadence.virtuoso.ade.simulationMonitor] - Stay with the runId '0', Linger time '300', currentRunSyn '1', currentTestSyn '2' {"hostname": "il2244vt26_hrahimi", "processid": 357956, "history": "Interactive.44", "testname": "DC_TEMP", "cornername": "CMOS_RES_CAP_BIP_TEMP_57", "point": 59, "logfile": "/home/hrahimi/projects/POTENTIOSTAT_26/logs_hrahimi/logs0/Job87.log"}
[2026-05-27 13:16:23.203 Z] [PROCESS] [cadence.virtuoso.ade.simulationMonitor] - Stay with the runId '0', Linger time '300', currentRunSyn '1', currentTestSyn '2' {"hostname": "il2244vt26_hrahimi", "processid": 357956, "history": "Interactive.44", "testname": "DC_TEMP", "cornername": "CMOS_RES_CAP_BIP_TEMP_57", "point": 59, "logfile": "/home/hrahimi/projects/POTENTIOSTAT_26/logs_hrahimi/logs0/Job87.log"}
[2026-05-27 13:16:24.206 Z] [PROCESS] [cadence.virtuoso.ade.simulationMonitor] - Stay with the runId '0', Linger time '300', currentRunSyn '1', currentTestSyn '2' {"hostname": "il2244vt26_hrahimi", "processid": 357956, "history": "Interactive.44", "testname": "DC_TEMP", "cornername": "CMOS_RES_CAP_BIP_TEMP_57", "point": 59, "logfile": "/home/hrahimi/projects/POTENTIOSTAT_26/logs_hrahimi/logs0/Job87.log"}
[2026-05-27 13:16:25.226 Z] [PROCESS] [cadence.virtuoso.ade.simulationMonitor] - Stay with the runId '0', Linger time '300', currentRunSyn '1', currentTestSyn '2' {"hostname": "il2244vt26_hrahimi", "processid": 357956, "history": "Interactive.44", "testname": "DC_TEMP", "cornername": "CMOS_RES_CAP_BIP_TEMP_57", "point": 59, "logfile": "/home/hrahimi/projects/POTENTIOSTAT_26/logs_hrahimi/logs0/Job87.log"}
[2026-05-27 13:16:26.210 Z] [PROCESS] [cadence.virtuoso.ade.simulationMonitor] - Stay with the runId '0', Linger time '300', currentRunSyn '1', currentTestSyn '2' {"hostname": "il2244vt26_hrahimi", "processid": 357956, "history": "Interactive.44", "testname": "DC_TEMP", "cornername": "CMOS_RES_CAP_BIP_TEMP_57", "point": 59, "logfile": "/home/hrahimi/projects/POTENTIOSTAT_26/logs_hrahimi/logs0/Job87.log"}
[2026-05-27 13:16:27.219 Z] [PROCESS] [cadence.virtuoso.ade.simulationMonitor] - Stay with the runId '0', Linger time '300', currentRunSyn '1', currentTestSyn '2' {"hostname": "il2244vt26_hrahimi", "processid": 357956, "history": "Interactive.44", "testname": "DC_TEMP", "cornername": "CMOS_RES_CAP_BIP_TEMP_57", "point": 59, "logfile": "/home/hrahimi/projects/POTENTIOSTAT_26/logs_hrahimi/logs0/Job87.log"}
[2026-05-27 13:16:28.220 Z] [PROCESS] [cadence.virtuoso.ade.simulationMonitor] - Stay with the runId '0', Linger time '300', currentRunSyn '1', currentTestSyn '2' {"hostname": "il2244vt26_hrahimi", "processid": 357956, "history": "Interactive.44", "testname": "DC_TEMP", "cornername": "CMOS_RES_CAP_BIP_TEMP_57", "point": 59, "logfile": "/home/hrahimi/projects/POTENTIOSTAT_26/logs_hrahimi/logs0/Job87.log"}
[2026-05-27 13:16:29.215 Z] [PROCESS] [cadence.virtuoso.ade.simulationMonitor] - HostInfo:
Host name (type):	il2244vt26_hrahimi (x86_64)
Operating system:	Linux 5.15.0-164-generic #174-Ubuntu SMP Fri Nov 14 20:25:16 UTC 2025 {"hostname": "il2244vt26_hrahimi", "processid": 357956, "history": "Interactive.44", "testname": "DC_TEMP", "cornername": "CMOS_RES_CAP_BIP_TEMP_57", "point": 59, "logfile": "/home/hrahimi/projects/POTENTIOSTAT_26/logs_hrahimi/logs0/Job87.log", "nodename": "il2244vt26_hrahimi", "domainname": "(none)", "machine": "x86_64", "sysname": "Linux", "release": "5.15.0-164-generic", "version": "#174-Ubuntu SMP Fri Nov 14 20:25:16 UTC 2025"}
[2026-05-27 13:16:29.216 Z] [PROCESS] [cadence.virtuoso.ade.simulationMonitor] - UsageInfo:
pid=357956
totalPhysicalMemory=3023.749672GB,Used=1958.143532GB,totalVirtualMemory=3031.749668GB,Used=1958.170876GB
Cpu: Cores=48, Load average:56.400000,47.660000,40.850000 {"hostname": "il2244vt26_hrahimi", "processid": 357956, "history": "Interactive.44", "testname": "DC_TEMP", "cornername": "CMOS_RES_CAP_BIP_TEMP_57", "point": 59, "logfile": "/home/hrahimi/projects/POTENTIOSTAT_26/logs_hrahimi/logs0/Job87.log", "pid": "357956", "totalPhysicalMemory": "3023.749672", "physicalMemoryUsed": "1958.143532", "totalVirtualMemory": "3031.749668", "virtualMemoryUsed": "1958.170876", "cpuCores": "48", "processes": "29908", "loadAverage1": "56.400000", "loadAverage5": "47.660000", "loadAverage15": "40.850000", "loadAverage1Percent": "1.175000"}
[2026-05-27 13:16:29.217 Z] [EVENT] [cadence.virtuoso.ade.simulationMonitor] - NewPoint {"history": "Interactive.44", "point": 76, "testname": "DC_TEMP", "cornername": "CMOS_RES_CAP_BIP_TEMP_74", "event": "NewPoint", "EventSource": "Simulation Monitor", "HistoryName": "Interactive.44", "logFile": "/home/hrahimi/projects/POTENTIOSTAT_26/logs_hrahimi/logs0/Job87.log", "logFileSize": "151490"}
[2026-05-27 13:16:29.320 Z] [EVENT] [cadence.virtuoso.ade.simulationMonitor] - NewPoint {"history": "Interactive.44", "point": 76, "testname": "DC_TEMP", "cornername": "CMOS_RES_CAP_BIP_TEMP_74", "event": "NewPoint", "EventSource": "spectre", "HistoryName": "Interactive.44", "logFile": "/home/hrahimi/projects/POTENTIOSTAT_26/Sim/FBIAS/fecg_bandgap_tb/maestro/results/maestro/Interactive.44/76/DC_TEMP/psf/spectre.out", "logFileSize": "-1"}
[2026-05-27 13:16:29.338 Z] [PROCESS] [cadence.virtuoso.ade.simulationMonitor] - Simulator launched {"hostname": "il2244vt26_hrahimi", "processid": 357956, "history": "Interactive.44", "testname": "DC_TEMP", "cornername": "CMOS_RES_CAP_BIP_TEMP_74", "point": 76, "logfile": "/home/hrahimi/projects/POTENTIOSTAT_26/logs_hrahimi/logs0/Job87.log", "simid": "7"}
[2026-05-27 13:16:29.427 Z] [PROCESS] [cadence.virtuoso.ade.simulationMonitor] - Started Simulation {"hostname": "il2244vt26_hrahimi", "processid": 357956, "history": "Interactive.44", "testname": "DC_TEMP", "cornername": "CMOS_RES_CAP_BIP_TEMP_74", "point": 76, "logfile": "/home/hrahimi/projects/POTENTIOSTAT_26/logs_hrahimi/logs0/Job87.log", "event": "started", "task": "simulation"}
[2026-05-27 13:16:30.428 Z] [WARN] [cadence.virtuoso.ade.simulationMonitor] -     WARNING (SPECTRE-691): This CPU processor does not support x86 advanced vector extensions instructions. This may affect math operations and slow down the simulation. {"history": "Interactive.44", "point": 76, "testname": "DC_TEMP", "cornername": "CMOS_RES_CAP_BIP_TEMP_74"}
[2026-05-27 13:16:30.430 Z] [INFO] [cadence.virtuoso.ade.simulationMonitor] - Notice from spectre during circuit read-in.
    Pre_Configuration file used: /opt/tools/cadence/installs/SPECTRE241/tools.lnx86/spectre/etc/configs/preset.precfg
    Configuration file used: `/opt/tools/cadence/installs/SPECTRE241/tools.lnx86/spectre/etc/configs/preset.cfg'. {"history": "Interactive.44", "point": 76, "testname": "DC_TEMP", "cornername": "CMOS_RES_CAP_BIP_TEMP_74"}
[2026-05-27 13:16:30.431 Z] [WARN] [cadence.virtuoso.ade.simulationMonitor] -     WARNING (SPECTRE-8360): line 1511: `ac' is an undefined primitive device. {"history": "Interactive.44", "point": 76, "testname": "DC_TEMP", "cornername": "CMOS_RES_CAP_BIP_TEMP_74"}
[2026-05-27 13:16:30.431 Z] [WARN] [cadence.virtuoso.ade.simulationMonitor] -     WARNING (SPECTRE-8360): line 1512: `ac' is an undefined primitive device. {"history": "Interactive.44", "point": 76, "testname": "DC_TEMP", "cornername": "CMOS_RES_CAP_BIP_TEMP_74"}
[2026-05-27 13:16:30.431 Z] [WARN] [cadence.virtuoso.ade.simulationMonitor] -     WARNING (SPECTRE-8360): line 1513: `ac' is an undefined primitive device. {"history": "Interactive.44", "point": 76, "testname": "DC_TEMP", "cornername": "CMOS_RES_CAP_BIP_TEMP_74"}
[2026-05-27 13:16:30.432 Z] [WARN] [cadence.virtuoso.ade.simulationMonitor] -     WARNING (SPECTRE-8360): line 1514: `ac' is an undefined primitive device. {"history": "Interactive.44", "point": 76, "testname": "DC_TEMP", "cornername": "CMOS_RES_CAP_BIP_TEMP_74"}
[2026-05-27 13:16:30.432 Z] [WARN] [cadence.virtuoso.ade.simulationMonitor] -     WARNING (SPECTRE-8360): line 1515: `ac' is an undefined primitive device.
        Further occurrences of this warning will be suppressed. {"history": "Interactive.44", "point": 76, "testname": "DC_TEMP", "cornername": "CMOS_RES_CAP_BIP_TEMP_74"}
[2026-05-27 13:16:30.432 Z] [INFO] [cadence.virtuoso.ade.simulationMonitor] - Peak resident memory used = 180 Mbytes. {"history": "Interactive.44", "point": 76, "testname": "DC_TEMP", "cornername": "CMOS_RES_CAP_BIP_TEMP_74"}
[2026-05-27 13:16:30.433 Z] [WARN] [cadence.virtuoso.ade.simulationMonitor] -     WARNING (SFE-2649): Terminals of top-level instance `R50', in file`netlist', at line 327, are connected. Remove the instance and rerun the simulation. {"history": "Interactive.44", "point": 76, "testname": "DC_TEMP", "cornername": "CMOS_RES_CAP_BIP_TEMP_74"}
[2026-05-27 13:16:30.433 Z] [WARN] [cadence.virtuoso.ade.simulationMonitor] -     WARNING (SFE-2649): Terminals of top-level instance `R48', in file`netlist', at line 369, are connected. Remove the instance and rerun the simulation. {"history": "Interactive.44", "point": 76, "testname": "DC_TEMP", "cornername": "CMOS_RES_CAP_BIP_TEMP_74"}
[2026-05-27 13:16:30.433 Z] [WARN] [cadence.virtuoso.ade.simulationMonitor] -     WARNING (VACOMP-2435): The environment variable CDS_AHDLCMI_ENABLE is no longer supported. Therefore, the simulator will use the default compiled C code flow. {"history": "Interactive.44", "point": 76, "testname": "DC_TEMP", "cornername": "CMOS_RES_CAP_BIP_TEMP_74"}
[2026-05-27 13:16:30.435 Z] [WARN] [cadence.virtuoso.ade.simulationMonitor] -     WARNING (SFE-3014): The floating device I0.Q3<0>_turbo_m31 is removed. {"history": "Interactive.44", "point": 76, "testname": "DC_TEMP", "cornername": "CMOS_RES_CAP_BIP_TEMP_74"}
[2026-05-27 13:16:30.436 Z] [WARN] [cadence.virtuoso.ade.simulationMonitor] -     WARNING (SFE-3012): The dummy device I0.MP9<0>_turbo_m4 is removed. {"history": "Interactive.44", "point": 76, "testname": "DC_TEMP", "cornername": "CMOS_RES_CAP_BIP_TEMP_74"}
[2026-05-27 13:16:30.436 Z] [WARN] [cadence.virtuoso.ade.simulationMonitor] -     WARNING (SFE-3012): The dummy device I0.MP12<0>_turbo_m34 is removed. {"history": "Interactive.44", "point": 76, "testname": "DC_TEMP", "cornername": "CMOS_RES_CAP_BIP_TEMP_74"}
[2026-05-27 13:16:30.436 Z] [WARN] [cadence.virtuoso.ade.simulationMonitor] -     WARNING (SFE-3012): The dummy device I0.MP10<0>_turbo_m4 is removed. {"history": "Interactive.44", "point": 76, "testname": "DC_TEMP", "cornername": "CMOS_RES_CAP_BIP_TEMP_74"}
[2026-05-27 13:16:30.437 Z] [INFO] [cadence.virtuoso.ade.simulationMonitor] - Peak resident memory used = 193 Mbytes. {"history": "Interactive.44", "point": 76, "testname": "DC_TEMP", "cornername": "CMOS_RES_CAP_BIP_TEMP_74"}
[2026-05-27 13:16:30.437 Z] [INFO] [cadence.virtuoso.ade.simulationMonitor] - Notice from spectre during hierarchy flattening.
    The value 'psf' specified for the 'checklimitdest' option will no longer be supported in future releases. Use 'spectre -h' to see other recommended values for the 'checklimitdest' option.
    I0.Q0.bjtinsub: `minr' has the unusually small value of 10 fOhm. {"history": "Interactive.44", "point": 76, "testname": "DC_TEMP", "cornername": "CMOS_RES_CAP_BIP_TEMP_74"}
[2026-05-27 13:16:30.437 Z] [INFO] [cadence.virtuoso.ade.simulationMonitor] - Peak resident memory used = 196 Mbytes. {"history": "Interactive.44", "point": 76, "testname": "DC_TEMP", "cornername": "CMOS_RES_CAP_BIP_TEMP_74"}
[2026-05-27 13:16:30.437 Z] [WARN] [cadence.virtuoso.ade.simulationMonitor] -     WARNING (SPECTRE-17607): Assert `SOAC_vert10_vsubpsub' is ignored because it contains an expression which is invalid or not supported by native evaluator.  {"history": "Interactive.44", "point": 76, "testname": "DC_TEMP", "cornername": "CMOS_RES_CAP_BIP_TEMP_74"}
[2026-05-27 13:16:30.437 Z] [WARN] [cadence.virtuoso.ade.simulationMonitor] -     WARNING (SPECTRE-17607): Assert `SOAC_vert10_vcsub' is ignored because it contains an expression which is invalid or not supported by native evaluator.  {"history": "Interactive.44", "point": 76, "testname": "DC_TEMP", "cornername": "CMOS_RES_CAP_BIP_TEMP_74"}
[2026-05-27 13:16:30.438 Z] [WARN] [cadence.virtuoso.ade.simulationMonitor] -     WARNING (SPECTRE-17607): Assert `SOAC_rpolyh_vminuspsub' is ignored because it contains an expression which is invalid or not supported by native evaluator.  {"history": "Interactive.44", "point": 76, "testname": "DC_TEMP", "cornername": "CMOS_RES_CAP_BIP_TEMP_74"}
[2026-05-27 13:16:30.438 Z] [WARN] [cadence.virtuoso.ade.simulationMonitor] -     WARNING (SPECTRE-17607): Assert `SOAC_rpolyh_vpluspsub' is ignored because it contains an expression which is invalid or not supported by native evaluator.  {"history": "Interactive.44", "point": 76, "testname": "DC_TEMP", "cornername": "CMOS_RES_CAP_BIP_TEMP_74"}
[2026-05-27 13:16:30.438 Z] [WARN] [cadence.virtuoso.ade.simulationMonitor] -     WARNING (SPECTRE-16460): SOAC_cvarm_vspsub:Specified subcircuit master `cvarm' was not found. {"history": "Interactive.44", "point": 76, "testname": "DC_TEMP", "cornername": "CMOS_RES_CAP_BIP_TEMP_74"}
[2026-05-27 13:16:30.438 Z] [WARN] [cadence.virtuoso.ade.simulationMonitor] -     WARNING (SPECTRE-16462): SOAC_cvarm_vspsub:Error in specification of subcircuit master. Assert is ignored. {"history": "Interactive.44", "point": 76, "testname": "DC_TEMP", "cornername": "CMOS_RES_CAP_BIP_TEMP_74"}
[2026-05-27 13:16:30.439 Z] [WARN] [cadence.virtuoso.ade.simulationMonitor] -     WARNING (SPECTRE-16460): SOAC_cvarm_vbs:Specified subcircuit master `cvarm' was not found. {"history": "Interactive.44", "point": 76, "testname": "DC_TEMP", "cornername": "CMOS_RES_CAP_BIP_TEMP_74"}
[2026-05-27 13:16:30.439 Z] [WARN] [cadence.virtuoso.ade.simulationMonitor] -     WARNING (SPECTRE-16462): SOAC_cvarm_vbs:Error in specification of subcircuit master. Assert is ignored. {"history": "Interactive.44", "point": 76, "testname": "DC_TEMP", "cornername": "CMOS_RES_CAP_BIP_TEMP_74"}
[2026-05-27 13:16:30.439 Z] [WARN] [cadence.virtuoso.ade.simulationMonitor] -     WARNING (SPECTRE-16460): SOAC_cvarm_vgb:Specified subcircuit master `cvarm' was not found. {"history": "Interactive.44", "point": 76, "testname": "DC_TEMP", "cornername": "CMOS_RES_CAP_BIP_TEMP_74"}
[2026-05-27 13:16:30.439 Z] [WARN] [cadence.virtuoso.ade.simulationMonitor] -     WARNING (SPECTRE-16462): SOAC_cvarm_vgb:Error in specification of subcircuit master. Assert is ignored. {"history": "Interactive.44", "point": 76, "testname": "DC_TEMP", "cornername": "CMOS_RES_CAP_BIP_TEMP_74"}
[2026-05-27 13:16:30.439 Z] [WARN] [cadence.virtuoso.ade.simulationMonitor] -     WARNING (SPECTRE-16460): SOAC_cvart_vspsub:Specified subcircuit master `cvart' was not found. {"history": "Interactive.44", "point": 76, "testname": "DC_TEMP", "cornername": "CMOS_RES_CAP_BIP_TEMP_74"}
[2026-05-27 13:16:30.440 Z] [WARN] [cadence.virtuoso.ade.simulationMonitor] -     WARNING (SPECTRE-16462): SOAC_cvart_vspsub:Error in specification of subcircuit master. Assert is ignored. {"history": "Interactive.44", "point": 76, "testname": "DC_TEMP", "cornername": "CMOS_RES_CAP_BIP_TEMP_74"}
[2026-05-27 13:16:30.440 Z] [WARN] [cadence.virtuoso.ade.simulationMonitor] -     WARNING (SPECTRE-16460): SOAC_cvart_vbs:Specified subcircuit master `cvart' was not found.
        Further occurrences of this warning will be suppressed. {"history": "Interactive.44", "point": 76, "testname": "DC_TEMP", "cornername": "CMOS_RES_CAP_BIP_TEMP_74"}
[2026-05-27 13:16:30.441 Z] [WARN] [cadence.virtuoso.ade.simulationMonitor] -     WARNING (SPECTRE-16462): SOAC_cvart_vbs:Error in specification of subcircuit master. Assert is ignored.
        Further occurrences of this warning will be suppressed. {"history": "Interactive.44", "point": 76, "testname": "DC_TEMP", "cornername": "CMOS_RES_CAP_BIP_TEMP_74"}
[2026-05-27 13:16:30.441 Z] [WARN] [cadence.virtuoso.ade.simulationMonitor] -     WARNING (SPECTRE-17607): Assert `SOAC_cpoly_vminuspsub' is ignored because it contains an expression which is invalid or not supported by native evaluator. 
        Further occurrences of this warning will be suppressed. {"history": "Interactive.44", "point": 76, "testname": "DC_TEMP", "cornername": "CMOS_RES_CAP_BIP_TEMP_74"}
[2026-05-27 13:16:30.942 Z] [INFO] [cadence.virtuoso.ade.simulationMonitor] - Notice from spectre during initial setup.
    Multithreading is disabled due to the size of the design being too small. {"history": "Interactive.44", "point": 76, "testname": "DC_TEMP", "cornername": "CMOS_RES_CAP_BIP_TEMP_74"}
[2026-05-27 13:16:30.945 Z] [INFO] [cadence.virtuoso.ade.simulationMonitor] -               nodes 101 {"history": "Interactive.44", "point": 76, "testname": "DC_TEMP", "cornername": "CMOS_RES_CAP_BIP_TEMP_74"}
[2026-05-27 13:16:30.945 Z] [INFO] [cadence.virtuoso.ade.simulationMonitor] - Notice from spectre during initial setup.
    Spectre X preset=mx enabled.
    75 warnings suppressed. {"history": "Interactive.44", "point": 76, "testname": "DC_TEMP", "cornername": "CMOS_RES_CAP_BIP_TEMP_74"}
[2026-05-27 13:16:30.945 Z] [INFO] [cadence.virtuoso.ade.simulationMonitor] - Peak resident memory used = 204 Mbytes. {"history": "Interactive.44", "point": 76, "testname": "DC_TEMP", "cornername": "CMOS_RES_CAP_BIP_TEMP_74"}
[2026-05-27 13:16:30.945 Z] [INFO] [cadence.virtuoso.ade.simulationMonitor] -    -   (Spectre X) Multi-threading. The recommended number of threads is 1, consider adding +mt=1 on command line. {"history": "Interactive.44", "point": 76, "testname": "DC_TEMP", "cornername": "CMOS_RES_CAP_BIP_TEMP_74"}
[2026-05-27 13:16:30.946 Z] [INFO] [cadence.virtuoso.ade.simulationMonitor] - Notice from spectre during DC analysis `dcOp'.
    No checklimit analysis defined for asserts. A default checklimit analysis 'SpectreChecklimitAnal' has been created with all asserts enabled. {"history": "Interactive.44", "point": 76, "testname": "DC_TEMP", "cornername": "CMOS_RES_CAP_BIP_TEMP_74"}
[2026-05-27 13:16:30.946 Z] [WARN] [cadence.virtuoso.ade.simulationMonitor] -     WARNING (CMI-2943): Parameter checks have been ignored because the valid value for parameter 'trise' could not be found in 'C0'. {"history": "Interactive.44", "point": 76, "testname": "DC_TEMP", "cornername": "CMOS_RES_CAP_BIP_TEMP_74"}
[2026-05-27 13:16:30.946 Z] [WARN] [cadence.virtuoso.ade.simulationMonitor] -     WARNING (CMI-2943): Parameter checks have been ignored because the valid value for parameter 'trise' could not be found in 'I0.R28.CM'. {"history": "Interactive.44", "point": 76, "testname": "DC_TEMP", "cornername": "CMOS_RES_CAP_BIP_TEMP_74"}
[2026-05-27 13:16:30.946 Z] [WARN] [cadence.virtuoso.ade.simulationMonitor] -     WARNING (CMI-2943): Parameter checks have been ignored because the valid value for parameter 'trise' could not be found in 'I0.R28.CS1'. {"history": "Interactive.44", "point": 76, "testname": "DC_TEMP", "cornername": "CMOS_RES_CAP_BIP_TEMP_74"}
[2026-05-27 13:16:30.947 Z] [WARN] [cadence.virtuoso.ade.simulationMonitor] -     WARNING (CMI-2943): Parameter checks have been ignored because the valid value for parameter 'trise' could not be found in 'I0.R28.CS0'. {"history": "Interactive.44", "point": 76, "testname": "DC_TEMP", "cornername": "CMOS_RES_CAP_BIP_TEMP_74"}
[2026-05-27 13:16:30.947 Z] [WARN] [cadence.virtuoso.ade.simulationMonitor] -     WARNING (CMI-2943): Parameter checks have been ignored because the valid value for parameter 'trise' could not be found in 'I0.R7.CM'.
        Further occurrences of this warning will be suppressed. {"history": "Interactive.44", "point": 76, "testname": "DC_TEMP", "cornername": "CMOS_RES_CAP_BIP_TEMP_74"}
[2026-05-27 13:16:31.447 Z] [INFO] [cadence.virtuoso.ade.simulationMonitor] - Total time required for dc analysis `dcOp': CPU = 86.462 ms, elapsed = 112.346 ms, util. = 77%. {"history": "Interactive.44", "point": 76, "testname": "DC_TEMP", "cornername": "CMOS_RES_CAP_BIP_TEMP_74"}
[2026-05-27 13:16:31.448 Z] [INFO] [cadence.virtuoso.ade.simulationMonitor] - Peak resident memory used = 211 Mbytes. {"history": "Interactive.44", "point": 76, "testname": "DC_TEMP", "cornername": "CMOS_RES_CAP_BIP_TEMP_74"}
[2026-05-27 13:16:31.448 Z] [INFO] [cadence.virtuoso.ade.simulationMonitor] - Notice from spectre.
    127 warnings suppressed. {"history": "Interactive.44", "point": 76, "testname": "DC_TEMP", "cornername": "CMOS_RES_CAP_BIP_TEMP_74"}
[2026-05-27 13:16:32.455 Z] [WARN] [cadence.virtuoso.ade.simulationMonitor] -     WARNING (CMI-2943): Parameter checks have been ignored because the valid value for parameter 'trise' could not be found in 'C0'. {"history": "Interactive.44", "point": 76, "testname": "DC_TEMP", "cornername": "CMOS_RES_CAP_BIP_TEMP_74"}
[2026-05-27 13:16:32.456 Z] [WARN] [cadence.virtuoso.ade.simulationMonitor] -     WARNING (CMI-2943): Parameter checks have been ignored because the valid value for parameter 'trise' could not be found in 'I0.R28.CM'. {"history": "Interactive.44", "point": 76, "testname": "DC_TEMP", "cornername": "CMOS_RES_CAP_BIP_TEMP_74"}
[2026-05-27 13:16:32.457 Z] [WARN] [cadence.virtuoso.ade.simulationMonitor] -     WARNING (CMI-2943): Parameter checks have been ignored because the valid value for parameter 'trise' could not be found in 'I0.R28.CS1'. {"history": "Interactive.44", "point": 76, "testname": "DC_TEMP", "cornername": "CMOS_RES_CAP_BIP_TEMP_74"}
[2026-05-27 13:16:32.457 Z] [WARN] [cadence.virtuoso.ade.simulationMonitor] -     WARNING (CMI-2943): Parameter checks have been ignored because the valid value for parameter 'trise' could not be found in 'I0.R28.CS0'. {"history": "Interactive.44", "point": 76, "testname": "DC_TEMP", "cornername": "CMOS_RES_CAP_BIP_TEMP_74"}
[2026-05-27 13:16:32.458 Z] [WARN] [cadence.virtuoso.ade.simulationMonitor] -     WARNING (CMI-2943): Parameter checks have been ignored because the valid value for parameter 'trise' could not be found in 'I0.R7.CM'.
        Further occurrences of this warning will be suppressed. {"history": "Interactive.44", "point": 76, "testname": "DC_TEMP", "cornername": "CMOS_RES_CAP_BIP_TEMP_74"}
[2026-05-27 13:16:32.458 Z] [INFO] [cadence.virtuoso.ade.simulationMonitor] - Notice from spectre at temp = 85 C during DC analysis `dc'.
    The value of parameter 'temp' has been reset to the original value -40. {"history": "Interactive.44", "point": 76, "testname": "DC_TEMP", "cornername": "CMOS_RES_CAP_BIP_TEMP_74"}
[2026-05-27 13:16:32.458 Z] [INFO] [cadence.virtuoso.ade.simulationMonitor] - Total time required for dc analysis `dc': CPU = 944.476 ms, elapsed = 980.897 ms, util. = 96.3%. {"history": "Interactive.44", "point": 76, "testname": "DC_TEMP", "cornername": "CMOS_RES_CAP_BIP_TEMP_74"}
[2026-05-27 13:16:32.459 Z] [INFO] [cadence.virtuoso.ade.simulationMonitor] - Peak resident memory used = 212 Mbytes. {"history": "Interactive.44", "point": 76, "testname": "DC_TEMP", "cornername": "CMOS_RES_CAP_BIP_TEMP_74"}
[2026-05-27 13:16:32.459 Z] [INFO] [cadence.virtuoso.ade.simulationMonitor] - Notice from spectre.
    127 warnings suppressed. {"history": "Interactive.44", "point": 76, "testname": "DC_TEMP", "cornername": "CMOS_RES_CAP_BIP_TEMP_74"}
[2026-05-27 13:16:32.459 Z] [INFO] [cadence.virtuoso.ade.simulationMonitor] - Time used: CPU = 1.59 s, elapsed = 2.24 s, util. = 70.8%. {"history": "Interactive.44", "point": 76, "testname": "DC_TEMP", "cornername": "CMOS_RES_CAP_BIP_TEMP_74"}
[2026-05-27 13:16:32.459 Z] [INFO] [cadence.virtuoso.ade.simulationMonitor] - Time spent in licensing: elapsed = 73.4 ms. {"history": "Interactive.44", "point": 76, "testname": "DC_TEMP", "cornername": "CMOS_RES_CAP_BIP_TEMP_74"}
[2026-05-27 13:16:32.460 Z] [INFO] [cadence.virtuoso.ade.simulationMonitor] - Peak memory used = 213 Mbytes. {"history": "Interactive.44", "point": 76, "testname": "DC_TEMP", "cornername": "CMOS_RES_CAP_BIP_TEMP_74"}
[2026-05-27 13:16:32.462 Z] [PROCESS] [cadence.virtuoso.ade.simulationMonitor] - Simulation started at: 1:16:29 PM, Wed May 27, 2026, ended at: 1:16:31 PM, Wed May 27, 2026, with elapsed time (wall clock): 2.24 s. {"history": "Interactive.44", "point": 76, "testname": "DC_TEMP", "cornername": "CMOS_RES_CAP_BIP_TEMP_74"}
[2026-05-27 13:16:32.462 Z] [PROCESS] [cadence.virtuoso.ade.simulationMonitor] - spectre completes with 0 errors, 38 warnings, and 13 notices. {"history": "Interactive.44", "point": 76, "testname": "DC_TEMP", "cornername": "CMOS_RES_CAP_BIP_TEMP_74"}
[2026-05-27 13:16:32.463 Z] [PROCESS] [cadence.virtuoso.ade.simulationMonitor] - Finished simulating for one point {"hostname": "il2244vt26_hrahimi", "processid": 357956, "history": "Interactive.44", "testname": "DC_TEMP", "cornername": "CMOS_RES_CAP_BIP_TEMP_74", "point": 76, "logfile": "/home/hrahimi/projects/POTENTIOSTAT_26/logs_hrahimi/logs0/Job87.log", "simid": "7"}
[2026-05-27 13:16:32.463 Z] [PROCESS] [cadence.virtuoso.ade.simulationMonitor] - Simulator exited {"hostname": "il2244vt26_hrahimi", "processid": 357956, "history": "Interactive.44", "testname": "DC_TEMP", "cornername": "CMOS_RES_CAP_BIP_TEMP_74", "point": 76, "logfile": "/home/hrahimi/projects/POTENTIOSTAT_26/logs_hrahimi/logs0/Job87.log", "exitStatus": "0"}
[2026-05-27 13:16:32.463 Z] [PROCESS] [cadence.virtuoso.ade.simulationMonitor] - Finished Simulation {"hostname": "il2244vt26_hrahimi", "processid": 357956, "history": "Interactive.44", "testname": "DC_TEMP", "cornername": "CMOS_RES_CAP_BIP_TEMP_74", "point": 76, "logfile": "/home/hrahimi/projects/POTENTIOSTAT_26/logs_hrahimi/logs0/Job87.log", "simid": "7"}
[2026-05-27 13:16:35.481 Z] [PROCESS] [cadence.virtuoso.ade.simulationMonitor] - Point Finished {"hostname": "il2244vt26_hrahimi", "processid": 357956, "history": "Interactive.44", "testname": "DC_TEMP", "cornername": "CMOS_RES_CAP_BIP_TEMP_74", "point": 76, "logfile": "/home/hrahimi/projects/POTENTIOSTAT_26/logs_hrahimi/logs0/Job87.log"}
[2026-05-27 13:16:35.485 Z] [PROCESS] [cadence.virtuoso.ade.simulationMonitor] - Stay with the runId '0', Linger time '300', currentRunSyn '1', currentTestSyn '2' {"hostname": "il2244vt26_hrahimi", "processid": 357956, "history": "Interactive.44", "testname": "DC_TEMP", "cornername": "CMOS_RES_CAP_BIP_TEMP_74", "point": 76, "logfile": "/home/hrahimi/projects/POTENTIOSTAT_26/logs_hrahimi/logs0/Job87.log"}
[2026-05-27 13:16:36.486 Z] [PROCESS] [cadence.virtuoso.ade.simulationMonitor] - Stay with the runId '0', Linger time '300', currentRunSyn '1', currentTestSyn '2' {"hostname": "il2244vt26_hrahimi", "processid": 357956, "history": "Interactive.44", "testname": "DC_TEMP", "cornername": "CMOS_RES_CAP_BIP_TEMP_74", "point": 76, "logfile": "/home/hrahimi/projects/POTENTIOSTAT_26/logs_hrahimi/logs0/Job87.log"}
[2026-05-27 13:16:37.502 Z] [PROCESS] [cadence.virtuoso.ade.simulationMonitor] - HostInfo:
Host name (type):	il2244vt26_hrahimi (x86_64)
Operating system:	Linux 5.15.0-164-generic #174-Ubuntu SMP Fri Nov 14 20:25:16 UTC 2025 {"hostname": "il2244vt26_hrahimi", "processid": 357956, "history": "Interactive.44", "testname": "DC_TEMP", "cornername": "CMOS_RES_CAP_BIP_TEMP_74", "point": 76, "logfile": "/home/hrahimi/projects/POTENTIOSTAT_26/logs_hrahimi/logs0/Job87.log", "nodename": "il2244vt26_hrahimi", "domainname": "(none)", "machine": "x86_64", "sysname": "Linux", "release": "5.15.0-164-generic", "version": "#174-Ubuntu SMP Fri Nov 14 20:25:16 UTC 2025"}
[2026-05-27 13:16:37.503 Z] [PROCESS] [cadence.virtuoso.ade.simulationMonitor] - UsageInfo:
pid=357956
totalPhysicalMemory=3023.749672GB,Used=1957.843388GB,totalVirtualMemory=3031.749668GB,Used=1957.870731GB
Cpu: Cores=48, Load average:57.980000,48.310000,41.130000 {"hostname": "il2244vt26_hrahimi", "processid": 357956, "history": "Interactive.44", "testname": "DC_TEMP", "cornername": "CMOS_RES_CAP_BIP_TEMP_74", "point": 76, "logfile": "/home/hrahimi/projects/POTENTIOSTAT_26/logs_hrahimi/logs0/Job87.log", "pid": "357956", "totalPhysicalMemory": "3023.749672", "physicalMemoryUsed": "1957.843388", "totalVirtualMemory": "3031.749668", "virtualMemoryUsed": "1957.870731", "cpuCores": "48", "processes": "29914", "loadAverage1": "57.980000", "loadAverage5": "48.310000", "loadAverage15": "41.130000", "loadAverage1Percent": "1.207917"}
[2026-05-27 13:16:37.506 Z] [EVENT] [cadence.virtuoso.ade.simulationMonitor] - NewPoint {"history": "Interactive.44", "point": 85, "testname": "DC_TEMP", "cornername": "CMOS_RES_CAP_BIP_TEMP_83", "event": "NewPoint", "EventSource": "Simulation Monitor", "HistoryName": "Interactive.44", "logFile": "/home/hrahimi/projects/POTENTIOSTAT_26/logs_hrahimi/logs0/Job87.log", "logFileSize": "175241"}
[2026-05-27 13:16:37.823 Z] [EVENT] [cadence.virtuoso.ade.simulationMonitor] - NewPoint {"history": "Interactive.44", "point": 85, "testname": "DC_TEMP", "cornername": "CMOS_RES_CAP_BIP_TEMP_83", "event": "NewPoint", "EventSource": "spectre", "HistoryName": "Interactive.44", "logFile": "/home/hrahimi/projects/POTENTIOSTAT_26/Sim/FBIAS/fecg_bandgap_tb/maestro/results/maestro/Interactive.44/85/DC_TEMP/psf/spectre.out", "logFileSize": "-1"}
[2026-05-27 13:16:37.882 Z] [PROCESS] [cadence.virtuoso.ade.simulationMonitor] - Simulator launched {"hostname": "il2244vt26_hrahimi", "processid": 357956, "history": "Interactive.44", "testname": "DC_TEMP", "cornername": "CMOS_RES_CAP_BIP_TEMP_83", "point": 85, "logfile": "/home/hrahimi/projects/POTENTIOSTAT_26/logs_hrahimi/logs0/Job87.log", "simid": "8"}
[2026-05-27 13:16:37.977 Z] [PROCESS] [cadence.virtuoso.ade.simulationMonitor] - Started Simulation {"hostname": "il2244vt26_hrahimi", "processid": 357956, "history": "Interactive.44", "testname": "DC_TEMP", "cornername": "CMOS_RES_CAP_BIP_TEMP_83", "point": 85, "logfile": "/home/hrahimi/projects/POTENTIOSTAT_26/logs_hrahimi/logs0/Job87.log", "event": "started", "task": "simulation"}
[2026-05-27 13:16:38.978 Z] [WARN] [cadence.virtuoso.ade.simulationMonitor] -     WARNING (SPECTRE-691): This CPU processor does not support x86 advanced vector extensions instructions. This may affect math operations and slow down the simulation. {"history": "Interactive.44", "point": 85, "testname": "DC_TEMP", "cornername": "CMOS_RES_CAP_BIP_TEMP_83"}
[2026-05-27 13:16:38.983 Z] [INFO] [cadence.virtuoso.ade.simulationMonitor] - Notice from spectre during circuit read-in.
    Pre_Configuration file used: /opt/tools/cadence/installs/SPECTRE241/tools.lnx86/spectre/etc/configs/preset.precfg
    Configuration file used: `/opt/tools/cadence/installs/SPECTRE241/tools.lnx86/spectre/etc/configs/preset.cfg'. {"history": "Interactive.44", "point": 85, "testname": "DC_TEMP", "cornername": "CMOS_RES_CAP_BIP_TEMP_83"}
[2026-05-27 13:16:38.984 Z] [WARN] [cadence.virtuoso.ade.simulationMonitor] -     WARNING (SPECTRE-8360): line 1511: `ac' is an undefined primitive device. {"history": "Interactive.44", "point": 85, "testname": "DC_TEMP", "cornername": "CMOS_RES_CAP_BIP_TEMP_83"}
[2026-05-27 13:16:38.986 Z] [WARN] [cadence.virtuoso.ade.simulationMonitor] -     WARNING (SPECTRE-8360): line 1512: `ac' is an undefined primitive device. {"history": "Interactive.44", "point": 85, "testname": "DC_TEMP", "cornername": "CMOS_RES_CAP_BIP_TEMP_83"}
[2026-05-27 13:16:38.986 Z] [WARN] [cadence.virtuoso.ade.simulationMonitor] -     WARNING (SPECTRE-8360): line 1513: `ac' is an undefined primitive device. {"history": "Interactive.44", "point": 85, "testname": "DC_TEMP", "cornername": "CMOS_RES_CAP_BIP_TEMP_83"}
[2026-05-27 13:16:38.987 Z] [WARN] [cadence.virtuoso.ade.simulationMonitor] -     WARNING (SPECTRE-8360): line 1514: `ac' is an undefined primitive device. {"history": "Interactive.44", "point": 85, "testname": "DC_TEMP", "cornername": "CMOS_RES_CAP_BIP_TEMP_83"}
[2026-05-27 13:16:38.987 Z] [WARN] [cadence.virtuoso.ade.simulationMonitor] -     WARNING (SPECTRE-8360): line 1515: `ac' is an undefined primitive device.
        Further occurrences of this warning will be suppressed. {"history": "Interactive.44", "point": 85, "testname": "DC_TEMP", "cornername": "CMOS_RES_CAP_BIP_TEMP_83"}
[2026-05-27 13:16:38.987 Z] [INFO] [cadence.virtuoso.ade.simulationMonitor] - Peak resident memory used = 180 Mbytes. {"history": "Interactive.44", "point": 85, "testname": "DC_TEMP", "cornername": "CMOS_RES_CAP_BIP_TEMP_83"}
[2026-05-27 13:16:38.987 Z] [WARN] [cadence.virtuoso.ade.simulationMonitor] -     WARNING (SFE-2649): Terminals of top-level instance `R50', in file`netlist', at line 327, are connected. Remove the instance and rerun the simulation. {"history": "Interactive.44", "point": 85, "testname": "DC_TEMP", "cornername": "CMOS_RES_CAP_BIP_TEMP_83"}
[2026-05-27 13:16:38.988 Z] [WARN] [cadence.virtuoso.ade.simulationMonitor] -     WARNING (SFE-2649): Terminals of top-level instance `R48', in file`netlist', at line 369, are connected. Remove the instance and rerun the simulation. {"history": "Interactive.44", "point": 85, "testname": "DC_TEMP", "cornername": "CMOS_RES_CAP_BIP_TEMP_83"}
[2026-05-27 13:16:38.988 Z] [WARN] [cadence.virtuoso.ade.simulationMonitor] -     WARNING (VACOMP-2435): The environment variable CDS_AHDLCMI_ENABLE is no longer supported. Therefore, the simulator will use the default compiled C code flow. {"history": "Interactive.44", "point": 85, "testname": "DC_TEMP", "cornername": "CMOS_RES_CAP_BIP_TEMP_83"}
[2026-05-27 13:16:38.989 Z] [WARN] [cadence.virtuoso.ade.simulationMonitor] -     WARNING (SFE-3014): The floating device I0.Q3<0>_turbo_m31 is removed. {"history": "Interactive.44", "point": 85, "testname": "DC_TEMP", "cornername": "CMOS_RES_CAP_BIP_TEMP_83"}
[2026-05-27 13:16:38.989 Z] [WARN] [cadence.virtuoso.ade.simulationMonitor] -     WARNING (SFE-3012): The dummy device I0.MP9<0>_turbo_m4 is removed. {"history": "Interactive.44", "point": 85, "testname": "DC_TEMP", "cornername": "CMOS_RES_CAP_BIP_TEMP_83"}
[2026-05-27 13:16:38.989 Z] [WARN] [cadence.virtuoso.ade.simulationMonitor] -     WARNING (SFE-3012): The dummy device I0.MP12<0>_turbo_m34 is removed. {"history": "Interactive.44", "point": 85, "testname": "DC_TEMP", "cornername": "CMOS_RES_CAP_BIP_TEMP_83"}
[2026-05-27 13:16:38.990 Z] [WARN] [cadence.virtuoso.ade.simulationMonitor] -     WARNING (SFE-3012): The dummy device I0.MP10<0>_turbo_m4 is removed. {"history": "Interactive.44", "point": 85, "testname": "DC_TEMP", "cornername": "CMOS_RES_CAP_BIP_TEMP_83"}
[2026-05-27 13:16:38.990 Z] [INFO] [cadence.virtuoso.ade.simulationMonitor] - Peak resident memory used = 193 Mbytes. {"history": "Interactive.44", "point": 85, "testname": "DC_TEMP", "cornername": "CMOS_RES_CAP_BIP_TEMP_83"}
[2026-05-27 13:16:38.990 Z] [INFO] [cadence.virtuoso.ade.simulationMonitor] - Notice from spectre during hierarchy flattening.
    The value 'psf' specified for the 'checklimitdest' option will no longer be supported in future releases. Use 'spectre -h' to see other recommended values for the 'checklimitdest' option.
    I0.Q0.bjtinsub: `minr' has the unusually small value of 10 fOhm. {"history": "Interactive.44", "point": 85, "testname": "DC_TEMP", "cornername": "CMOS_RES_CAP_BIP_TEMP_83"}
[2026-05-27 13:16:38.993 Z] [INFO] [cadence.virtuoso.ade.simulationMonitor] - Peak resident memory used = 196 Mbytes. {"history": "Interactive.44", "point": 85, "testname": "DC_TEMP", "cornername": "CMOS_RES_CAP_BIP_TEMP_83"}
[2026-05-27 13:16:38.994 Z] [WARN] [cadence.virtuoso.ade.simulationMonitor] -     WARNING (SPECTRE-17607): Assert `SOAC_vert10_vsubpsub' is ignored because it contains an expression which is invalid or not supported by native evaluator.  {"history": "Interactive.44", "point": 85, "testname": "DC_TEMP", "cornername": "CMOS_RES_CAP_BIP_TEMP_83"}
[2026-05-27 13:16:38.995 Z] [WARN] [cadence.virtuoso.ade.simulationMonitor] -     WARNING (SPECTRE-17607): Assert `SOAC_vert10_vcsub' is ignored because it contains an expression which is invalid or not supported by native evaluator.  {"history": "Interactive.44", "point": 85, "testname": "DC_TEMP", "cornername": "CMOS_RES_CAP_BIP_TEMP_83"}
[2026-05-27 13:16:38.996 Z] [WARN] [cadence.virtuoso.ade.simulationMonitor] -     WARNING (SPECTRE-17607): Assert `SOAC_rpolyh_vminuspsub' is ignored because it contains an expression which is invalid or not supported by native evaluator.  {"history": "Interactive.44", "point": 85, "testname": "DC_TEMP", "cornername": "CMOS_RES_CAP_BIP_TEMP_83"}
[2026-05-27 13:16:38.996 Z] [WARN] [cadence.virtuoso.ade.simulationMonitor] -     WARNING (SPECTRE-17607): Assert `SOAC_rpolyh_vpluspsub' is ignored because it contains an expression which is invalid or not supported by native evaluator.  {"history": "Interactive.44", "point": 85, "testname": "DC_TEMP", "cornername": "CMOS_RES_CAP_BIP_TEMP_83"}
[2026-05-27 13:16:38.997 Z] [WARN] [cadence.virtuoso.ade.simulationMonitor] -     WARNING (SPECTRE-16460): SOAC_cvarm_vspsub:Specified subcircuit master `cvarm' was not found. {"history": "Interactive.44", "point": 85, "testname": "DC_TEMP", "cornername": "CMOS_RES_CAP_BIP_TEMP_83"}
[2026-05-27 13:16:38.997 Z] [WARN] [cadence.virtuoso.ade.simulationMonitor] -     WARNING (SPECTRE-16462): SOAC_cvarm_vspsub:Error in specification of subcircuit master. Assert is ignored. {"history": "Interactive.44", "point": 85, "testname": "DC_TEMP", "cornername": "CMOS_RES_CAP_BIP_TEMP_83"}
[2026-05-27 13:16:38.998 Z] [WARN] [cadence.virtuoso.ade.simulationMonitor] -     WARNING (SPECTRE-16460): SOAC_cvarm_vbs:Specified subcircuit master `cvarm' was not found. {"history": "Interactive.44", "point": 85, "testname": "DC_TEMP", "cornername": "CMOS_RES_CAP_BIP_TEMP_83"}
[2026-05-27 13:16:38.998 Z] [WARN] [cadence.virtuoso.ade.simulationMonitor] -     WARNING (SPECTRE-16462): SOAC_cvarm_vbs:Error in specification of subcircuit master. Assert is ignored. {"history": "Interactive.44", "point": 85, "testname": "DC_TEMP", "cornername": "CMOS_RES_CAP_BIP_TEMP_83"}
[2026-05-27 13:16:38.999 Z] [WARN] [cadence.virtuoso.ade.simulationMonitor] -     WARNING (SPECTRE-16460): SOAC_cvarm_vgb:Specified subcircuit master `cvarm' was not found. {"history": "Interactive.44", "point": 85, "testname": "DC_TEMP", "cornername": "CMOS_RES_CAP_BIP_TEMP_83"}
[2026-05-27 13:16:38.999 Z] [WARN] [cadence.virtuoso.ade.simulationMonitor] -     WARNING (SPECTRE-16462): SOAC_cvarm_vgb:Error in specification of subcircuit master. Assert is ignored. {"history": "Interactive.44", "point": 85, "testname": "DC_TEMP", "cornername": "CMOS_RES_CAP_BIP_TEMP_83"}
[2026-05-27 13:16:39.000 Z] [WARN] [cadence.virtuoso.ade.simulationMonitor] -     WARNING (SPECTRE-16460): SOAC_cvart_vspsub:Specified subcircuit master `cvart' was not found. {"history": "Interactive.44", "point": 85, "testname": "DC_TEMP", "cornername": "CMOS_RES_CAP_BIP_TEMP_83"}
[2026-05-27 13:16:39.000 Z] [WARN] [cadence.virtuoso.ade.simulationMonitor] -     WARNING (SPECTRE-16462): SOAC_cvart_vspsub:Error in specification of subcircuit master. Assert is ignored. {"history": "Interactive.44", "point": 85, "testname": "DC_TEMP", "cornername": "CMOS_RES_CAP_BIP_TEMP_83"}
[2026-05-27 13:16:39.001 Z] [WARN] [cadence.virtuoso.ade.simulationMonitor] -     WARNING (SPECTRE-16460): SOAC_cvart_vbs:Specified subcircuit master `cvart' was not found.
        Further occurrences of this warning will be suppressed. {"history": "Interactive.44", "point": 85, "testname": "DC_TEMP", "cornername": "CMOS_RES_CAP_BIP_TEMP_83"}
[2026-05-27 13:16:39.001 Z] [WARN] [cadence.virtuoso.ade.simulationMonitor] -     WARNING (SPECTRE-16462): SOAC_cvart_vbs:Error in specification of subcircuit master. Assert is ignored.
        Further occurrences of this warning will be suppressed. {"history": "Interactive.44", "point": 85, "testname": "DC_TEMP", "cornername": "CMOS_RES_CAP_BIP_TEMP_83"}
[2026-05-27 13:16:39.002 Z] [WARN] [cadence.virtuoso.ade.simulationMonitor] -     WARNING (SPECTRE-17607): Assert `SOAC_cpoly_vminuspsub' is ignored because it contains an expression which is invalid or not supported by native evaluator. 
        Further occurrences of this warning will be suppressed. {"history": "Interactive.44", "point": 85, "testname": "DC_TEMP", "cornername": "CMOS_RES_CAP_BIP_TEMP_83"}
[2026-05-27 13:16:40.004 Z] [INFO] [cadence.virtuoso.ade.simulationMonitor] - Notice from spectre during initial setup.
    Multithreading is disabled due to the size of the design being too small. {"history": "Interactive.44", "point": 85, "testname": "DC_TEMP", "cornername": "CMOS_RES_CAP_BIP_TEMP_83"}
[2026-05-27 13:16:40.008 Z] [INFO] [cadence.virtuoso.ade.simulationMonitor] -               nodes 101 {"history": "Interactive.44", "point": 85, "testname": "DC_TEMP", "cornername": "CMOS_RES_CAP_BIP_TEMP_83"}
[2026-05-27 13:16:40.008 Z] [INFO] [cadence.virtuoso.ade.simulationMonitor] - Notice from spectre during initial setup.
    Spectre X preset=mx enabled.
    75 warnings suppressed. {"history": "Interactive.44", "point": 85, "testname": "DC_TEMP", "cornername": "CMOS_RES_CAP_BIP_TEMP_83"}
[2026-05-27 13:16:40.009 Z] [INFO] [cadence.virtuoso.ade.simulationMonitor] - Peak resident memory used = 204 Mbytes. {"history": "Interactive.44", "point": 85, "testname": "DC_TEMP", "cornername": "CMOS_RES_CAP_BIP_TEMP_83"}
[2026-05-27 13:16:40.009 Z] [INFO] [cadence.virtuoso.ade.simulationMonitor] -    -   (Spectre X) Multi-threading. The recommended number of threads is 1, consider adding +mt=1 on command line. {"history": "Interactive.44", "point": 85, "testname": "DC_TEMP", "cornername": "CMOS_RES_CAP_BIP_TEMP_83"}
[2026-05-27 13:16:40.010 Z] [INFO] [cadence.virtuoso.ade.simulationMonitor] - Notice from spectre during DC analysis `dcOp'.
    No checklimit analysis defined for asserts. A default checklimit analysis 'SpectreChecklimitAnal' has been created with all asserts enabled. {"history": "Interactive.44", "point": 85, "testname": "DC_TEMP", "cornername": "CMOS_RES_CAP_BIP_TEMP_83"}
[2026-05-27 13:16:40.010 Z] [WARN] [cadence.virtuoso.ade.simulationMonitor] -     WARNING (CMI-2943): Parameter checks have been ignored because the valid value for parameter 'trise' could not be found in 'C0'. {"history": "Interactive.44", "point": 85, "testname": "DC_TEMP", "cornername": "CMOS_RES_CAP_BIP_TEMP_83"}
[2026-05-27 13:16:40.010 Z] [WARN] [cadence.virtuoso.ade.simulationMonitor] -     WARNING (CMI-2943): Parameter checks have been ignored because the valid value for parameter 'trise' could not be found in 'I0.R28.CM'. {"history": "Interactive.44", "point": 85, "testname": "DC_TEMP", "cornername": "CMOS_RES_CAP_BIP_TEMP_83"}
[2026-05-27 13:16:40.010 Z] [WARN] [cadence.virtuoso.ade.simulationMonitor] -     WARNING (CMI-2943): Parameter checks have been ignored because the valid value for parameter 'trise' could not be found in 'I0.R28.CS1'. {"history": "Interactive.44", "point": 85, "testname": "DC_TEMP", "cornername": "CMOS_RES_CAP_BIP_TEMP_83"}
[2026-05-27 13:16:40.011 Z] [WARN] [cadence.virtuoso.ade.simulationMonitor] -     WARNING (CMI-2943): Parameter checks have been ignored because the valid value for parameter 'trise' could not be found in 'I0.R28.CS0'. {"history": "Interactive.44", "point": 85, "testname": "DC_TEMP", "cornername": "CMOS_RES_CAP_BIP_TEMP_83"}
[2026-05-27 13:16:40.011 Z] [WARN] [cadence.virtuoso.ade.simulationMonitor] -     WARNING (CMI-2943): Parameter checks have been ignored because the valid value for parameter 'trise' could not be found in 'I0.R7.CM'.
        Further occurrences of this warning will be suppressed. {"history": "Interactive.44", "point": 85, "testname": "DC_TEMP", "cornername": "CMOS_RES_CAP_BIP_TEMP_83"}
[2026-05-27 13:16:40.011 Z] [INFO] [cadence.virtuoso.ade.simulationMonitor] - Total time required for dc analysis `dcOp': CPU = 84.087 ms, elapsed = 89.581 ms, util. = 93.9%. {"history": "Interactive.44", "point": 85, "testname": "DC_TEMP", "cornername": "CMOS_RES_CAP_BIP_TEMP_83"}
[2026-05-27 13:16:40.011 Z] [INFO] [cadence.virtuoso.ade.simulationMonitor] - Peak resident memory used = 211 Mbytes. {"history": "Interactive.44", "point": 85, "testname": "DC_TEMP", "cornername": "CMOS_RES_CAP_BIP_TEMP_83"}
[2026-05-27 13:16:40.011 Z] [INFO] [cadence.virtuoso.ade.simulationMonitor] - Notice from spectre.
    127 warnings suppressed. {"history": "Interactive.44", "point": 85, "testname": "DC_TEMP", "cornername": "CMOS_RES_CAP_BIP_TEMP_83"}
[2026-05-27 13:16:41.012 Z] [WARN] [cadence.virtuoso.ade.simulationMonitor] -     WARNING (CMI-2943): Parameter checks have been ignored because the valid value for parameter 'trise' could not be found in 'C0'. {"history": "Interactive.44", "point": 85, "testname": "DC_TEMP", "cornername": "CMOS_RES_CAP_BIP_TEMP_83"}
[2026-05-27 13:16:41.012 Z] [WARN] [cadence.virtuoso.ade.simulationMonitor] -     WARNING (CMI-2943): Parameter checks have been ignored because the valid value for parameter 'trise' could not be found in 'I0.R28.CM'. {"history": "Interactive.44", "point": 85, "testname": "DC_TEMP", "cornername": "CMOS_RES_CAP_BIP_TEMP_83"}
[2026-05-27 13:16:41.012 Z] [WARN] [cadence.virtuoso.ade.simulationMonitor] -     WARNING (CMI-2943): Parameter checks have been ignored because the valid value for parameter 'trise' could not be found in 'I0.R28.CS1'. {"history": "Interactive.44", "point": 85, "testname": "DC_TEMP", "cornername": "CMOS_RES_CAP_BIP_TEMP_83"}
[2026-05-27 13:16:41.013 Z] [WARN] [cadence.virtuoso.ade.simulationMonitor] -     WARNING (CMI-2943): Parameter checks have been ignored because the valid value for parameter 'trise' could not be found in 'I0.R28.CS0'. {"history": "Interactive.44", "point": 85, "testname": "DC_TEMP", "cornername": "CMOS_RES_CAP_BIP_TEMP_83"}
[2026-05-27 13:16:41.013 Z] [WARN] [cadence.virtuoso.ade.simulationMonitor] -     WARNING (CMI-2943): Parameter checks have been ignored because the valid value for parameter 'trise' could not be found in 'I0.R7.CM'.
        Further occurrences of this warning will be suppressed. {"history": "Interactive.44", "point": 85, "testname": "DC_TEMP", "cornername": "CMOS_RES_CAP_BIP_TEMP_83"}
[2026-05-27 13:16:41.013 Z] [INFO] [cadence.virtuoso.ade.simulationMonitor] - Notice from spectre at temp = 85 C during DC analysis `dc'.
    The value of parameter 'temp' has been reset to the original value 85. {"history": "Interactive.44", "point": 85, "testname": "DC_TEMP", "cornername": "CMOS_RES_CAP_BIP_TEMP_83"}
[2026-05-27 13:16:41.014 Z] [INFO] [cadence.virtuoso.ade.simulationMonitor] - Total time required for dc analysis `dc': CPU = 1.08052 s, elapsed = 1.09704 s, util. = 98.5%. {"history": "Interactive.44", "point": 85, "testname": "DC_TEMP", "cornername": "CMOS_RES_CAP_BIP_TEMP_83"}
[2026-05-27 13:16:41.014 Z] [INFO] [cadence.virtuoso.ade.simulationMonitor] - Peak resident memory used = 213 Mbytes. {"history": "Interactive.44", "point": 85, "testname": "DC_TEMP", "cornername": "CMOS_RES_CAP_BIP_TEMP_83"}
[2026-05-27 13:16:41.014 Z] [INFO] [cadence.virtuoso.ade.simulationMonitor] - Notice from spectre.
    127 warnings suppressed. {"history": "Interactive.44", "point": 85, "testname": "DC_TEMP", "cornername": "CMOS_RES_CAP_BIP_TEMP_83"}
[2026-05-27 13:16:41.015 Z] [INFO] [cadence.virtuoso.ade.simulationMonitor] - Time used: CPU = 1.73 s, elapsed = 2.62 s, util. = 66.1%. {"history": "Interactive.44", "point": 85, "testname": "DC_TEMP", "cornername": "CMOS_RES_CAP_BIP_TEMP_83"}
[2026-05-27 13:16:41.015 Z] [INFO] [cadence.virtuoso.ade.simulationMonitor] - Time spent in licensing: elapsed = 71.9 ms. {"history": "Interactive.44", "point": 85, "testname": "DC_TEMP", "cornername": "CMOS_RES_CAP_BIP_TEMP_83"}
[2026-05-27 13:16:41.016 Z] [INFO] [cadence.virtuoso.ade.simulationMonitor] - Peak memory used = 214 Mbytes. {"history": "Interactive.44", "point": 85, "testname": "DC_TEMP", "cornername": "CMOS_RES_CAP_BIP_TEMP_83"}
[2026-05-27 13:16:41.018 Z] [PROCESS] [cadence.virtuoso.ade.simulationMonitor] - Simulation started at: 1:16:38 PM, Wed May 27, 2026, ended at: 1:16:40 PM, Wed May 27, 2026, with elapsed time (wall clock): 2.62 s. {"history": "Interactive.44", "point": 85, "testname": "DC_TEMP", "cornername": "CMOS_RES_CAP_BIP_TEMP_83"}
[2026-05-27 13:16:41.018 Z] [PROCESS] [cadence.virtuoso.ade.simulationMonitor] - spectre completes with 0 errors, 38 warnings, and 13 notices. {"history": "Interactive.44", "point": 85, "testname": "DC_TEMP", "cornername": "CMOS_RES_CAP_BIP_TEMP_83"}
[2026-05-27 13:16:41.522 Z] [PROCESS] [cadence.virtuoso.ade.simulationMonitor] - Finished simulating for one point {"hostname": "il2244vt26_hrahimi", "processid": 357956, "history": "Interactive.44", "testname": "DC_TEMP", "cornername": "CMOS_RES_CAP_BIP_TEMP_83", "point": 85, "logfile": "/home/hrahimi/projects/POTENTIOSTAT_26/logs_hrahimi/logs0/Job87.log", "simid": "8"}
[2026-05-27 13:16:41.522 Z] [PROCESS] [cadence.virtuoso.ade.simulationMonitor] - Simulator exited {"hostname": "il2244vt26_hrahimi", "processid": 357956, "history": "Interactive.44", "testname": "DC_TEMP", "cornername": "CMOS_RES_CAP_BIP_TEMP_83", "point": 85, "logfile": "/home/hrahimi/projects/POTENTIOSTAT_26/logs_hrahimi/logs0/Job87.log", "exitStatus": "0"}
[2026-05-27 13:16:41.526 Z] [PROCESS] [cadence.virtuoso.ade.simulationMonitor] - Finished Simulation {"hostname": "il2244vt26_hrahimi", "processid": 357956, "history": "Interactive.44", "testname": "DC_TEMP", "cornername": "CMOS_RES_CAP_BIP_TEMP_83", "point": 85, "logfile": "/home/hrahimi/projects/POTENTIOSTAT_26/logs_hrahimi/logs0/Job87.log", "simid": "8"}
[2026-05-27 13:16:45.059 Z] [PROCESS] [cadence.virtuoso.ade.simulationMonitor] - Point Finished {"hostname": "il2244vt26_hrahimi", "processid": 357956, "history": "Interactive.44", "testname": "DC_TEMP", "cornername": "CMOS_RES_CAP_BIP_TEMP_83", "point": 85, "logfile": "/home/hrahimi/projects/POTENTIOSTAT_26/logs_hrahimi/logs0/Job87.log"}
[2026-05-27 13:16:45.064 Z] [PROCESS] [cadence.virtuoso.ade.simulationMonitor] - Stay with the runId '0', Linger time '300', currentRunSyn '1', currentTestSyn '2' {"hostname": "il2244vt26_hrahimi", "processid": 357956, "history": "Interactive.44", "testname": "DC_TEMP", "cornername": "CMOS_RES_CAP_BIP_TEMP_83", "point": 85, "logfile": "/home/hrahimi/projects/POTENTIOSTAT_26/logs_hrahimi/logs0/Job87.log"}
[2026-05-27 13:16:46.064 Z] [PROCESS] [cadence.virtuoso.ade.simulationMonitor] - Stay with the runId '0', Linger time '300', currentRunSyn '1', currentTestSyn '2' {"hostname": "il2244vt26_hrahimi", "processid": 357956, "history": "Interactive.44", "testname": "DC_TEMP", "cornername": "CMOS_RES_CAP_BIP_TEMP_83", "point": 85, "logfile": "/home/hrahimi/projects/POTENTIOSTAT_26/logs_hrahimi/logs0/Job87.log"}
[2026-05-27 13:16:47.066 Z] [PROCESS] [cadence.virtuoso.ade.simulationMonitor] - Stay with the runId '0', Linger time '300', currentRunSyn '1', currentTestSyn '2' {"hostname": "il2244vt26_hrahimi", "processid": 357956, "history": "Interactive.44", "testname": "DC_TEMP", "cornername": "CMOS_RES_CAP_BIP_TEMP_83", "point": 85, "logfile": "/home/hrahimi/projects/POTENTIOSTAT_26/logs_hrahimi/logs0/Job87.log"}
[2026-05-27 13:16:48.070 Z] [PROCESS] [cadence.virtuoso.ade.simulationMonitor] - Stay with the runId '0', Linger time '300', currentRunSyn '1', currentTestSyn '2' {"hostname": "il2244vt26_hrahimi", "processid": 357956, "history": "Interactive.44", "testname": "DC_TEMP", "cornername": "CMOS_RES_CAP_BIP_TEMP_83", "point": 85, "logfile": "/home/hrahimi/projects/POTENTIOSTAT_26/logs_hrahimi/logs0/Job87.log"}
[2026-05-27 13:16:49.070 Z] [PROCESS] [cadence.virtuoso.ade.simulationMonitor] - Stay with the runId '0', Linger time '300', currentRunSyn '1', currentTestSyn '2' {"hostname": "il2244vt26_hrahimi", "processid": 357956, "history": "Interactive.44", "testname": "DC_TEMP", "cornername": "CMOS_RES_CAP_BIP_TEMP_83", "point": 85, "logfile": "/home/hrahimi/projects/POTENTIOSTAT_26/logs_hrahimi/logs0/Job87.log"}
[2026-05-27 13:16:50.079 Z] [PROCESS] [cadence.virtuoso.ade.simulationMonitor] - HostInfo:
Host name (type):	il2244vt26_hrahimi (x86_64)
Operating system:	Linux 5.15.0-164-generic #174-Ubuntu SMP Fri Nov 14 20:25:16 UTC 2025 {"hostname": "il2244vt26_hrahimi", "processid": 357956, "history": "Interactive.44", "testname": "DC_TEMP", "cornername": "CMOS_RES_CAP_BIP_TEMP_83", "point": 85, "logfile": "/home/hrahimi/projects/POTENTIOSTAT_26/logs_hrahimi/logs0/Job87.log", "nodename": "il2244vt26_hrahimi", "domainname": "(none)", "machine": "x86_64", "sysname": "Linux", "release": "5.15.0-164-generic", "version": "#174-Ubuntu SMP Fri Nov 14 20:25:16 UTC 2025"}
[2026-05-27 13:16:50.080 Z] [PROCESS] [cadence.virtuoso.ade.simulationMonitor] - UsageInfo:
pid=357956
totalPhysicalMemory=3023.749672GB,Used=1957.768974GB,totalVirtualMemory=3031.749668GB,Used=1957.796318GB
Cpu: Cores=48, Load average:54.770000,47.940000,41.090000 {"hostname": "il2244vt26_hrahimi", "processid": 357956, "history": "Interactive.44", "testname": "DC_TEMP", "cornername": "CMOS_RES_CAP_BIP_TEMP_83", "point": 85, "logfile": "/home/hrahimi/projects/POTENTIOSTAT_26/logs_hrahimi/logs0/Job87.log", "pid": "357956", "totalPhysicalMemory": "3023.749672", "physicalMemoryUsed": "1957.768974", "totalVirtualMemory": "3031.749668", "virtualMemoryUsed": "1957.796318", "cpuCores": "48", "processes": "29893", "loadAverage1": "54.770000", "loadAverage5": "47.940000", "loadAverage15": "41.090000", "loadAverage1Percent": "1.141042"}
[2026-05-27 13:16:50.082 Z] [EVENT] [cadence.virtuoso.ade.simulationMonitor] - NewPoint {"history": "Interactive.44", "point": 97, "testname": "DC_TEMP", "cornername": "CMOS_RES_CAP_BIP_TEMP_95", "event": "NewPoint", "EventSource": "Simulation Monitor", "HistoryName": "Interactive.44", "logFile": "/home/hrahimi/projects/POTENTIOSTAT_26/logs_hrahimi/logs0/Job87.log", "logFileSize": "200214"}
[2026-05-27 13:16:50.187 Z] [EVENT] [cadence.virtuoso.ade.simulationMonitor] - NewPoint {"history": "Interactive.44", "point": 97, "testname": "DC_TEMP", "cornername": "CMOS_RES_CAP_BIP_TEMP_95", "event": "NewPoint", "EventSource": "spectre", "HistoryName": "Interactive.44", "logFile": "/home/hrahimi/projects/POTENTIOSTAT_26/Sim/FBIAS/fecg_bandgap_tb/maestro/results/maestro/Interactive.44/97/DC_TEMP/psf/spectre.out", "logFileSize": "-1"}
[2026-05-27 13:16:50.203 Z] [PROCESS] [cadence.virtuoso.ade.simulationMonitor] - Simulator launched {"hostname": "il2244vt26_hrahimi", "processid": 357956, "history": "Interactive.44", "testname": "DC_TEMP", "cornername": "CMOS_RES_CAP_BIP_TEMP_95", "point": 97, "logfile": "/home/hrahimi/projects/POTENTIOSTAT_26/logs_hrahimi/logs0/Job87.log", "simid": "9"}
[2026-05-27 13:16:50.288 Z] [PROCESS] [cadence.virtuoso.ade.simulationMonitor] - Started Simulation {"hostname": "il2244vt26_hrahimi", "processid": 357956, "history": "Interactive.44", "testname": "DC_TEMP", "cornername": "CMOS_RES_CAP_BIP_TEMP_95", "point": 97, "logfile": "/home/hrahimi/projects/POTENTIOSTAT_26/logs_hrahimi/logs0/Job87.log", "event": "started", "task": "simulation"}
[2026-05-27 13:16:51.290 Z] [WARN] [cadence.virtuoso.ade.simulationMonitor] -     WARNING (SPECTRE-691): This CPU processor does not support x86 advanced vector extensions instructions. This may affect math operations and slow down the simulation. {"history": "Interactive.44", "point": 97, "testname": "DC_TEMP", "cornername": "CMOS_RES_CAP_BIP_TEMP_95"}
[2026-05-27 13:16:51.291 Z] [INFO] [cadence.virtuoso.ade.simulationMonitor] - Notice from spectre during circuit read-in.
    Pre_Configuration file used: /opt/tools/cadence/installs/SPECTRE241/tools.lnx86/spectre/etc/configs/preset.precfg
    Configuration file used: `/opt/tools/cadence/installs/SPECTRE241/tools.lnx86/spectre/etc/configs/preset.cfg'. {"history": "Interactive.44", "point": 97, "testname": "DC_TEMP", "cornername": "CMOS_RES_CAP_BIP_TEMP_95"}
[2026-05-27 13:16:51.292 Z] [WARN] [cadence.virtuoso.ade.simulationMonitor] -     WARNING (SPECTRE-8360): line 1511: `ac' is an undefined primitive device. {"history": "Interactive.44", "point": 97, "testname": "DC_TEMP", "cornername": "CMOS_RES_CAP_BIP_TEMP_95"}
[2026-05-27 13:16:51.292 Z] [WARN] [cadence.virtuoso.ade.simulationMonitor] -     WARNING (SPECTRE-8360): line 1512: `ac' is an undefined primitive device. {"history": "Interactive.44", "point": 97, "testname": "DC_TEMP", "cornername": "CMOS_RES_CAP_BIP_TEMP_95"}
[2026-05-27 13:16:51.293 Z] [WARN] [cadence.virtuoso.ade.simulationMonitor] -     WARNING (SPECTRE-8360): line 1513: `ac' is an undefined primitive device. {"history": "Interactive.44", "point": 97, "testname": "DC_TEMP", "cornername": "CMOS_RES_CAP_BIP_TEMP_95"}
[2026-05-27 13:16:51.293 Z] [WARN] [cadence.virtuoso.ade.simulationMonitor] -     WARNING (SPECTRE-8360): line 1514: `ac' is an undefined primitive device. {"history": "Interactive.44", "point": 97, "testname": "DC_TEMP", "cornername": "CMOS_RES_CAP_BIP_TEMP_95"}
[2026-05-27 13:16:51.293 Z] [WARN] [cadence.virtuoso.ade.simulationMonitor] -     WARNING (SPECTRE-8360): line 1515: `ac' is an undefined primitive device.
        Further occurrences of this warning will be suppressed. {"history": "Interactive.44", "point": 97, "testname": "DC_TEMP", "cornername": "CMOS_RES_CAP_BIP_TEMP_95"}
[2026-05-27 13:16:51.293 Z] [INFO] [cadence.virtuoso.ade.simulationMonitor] - Peak resident memory used = 181 Mbytes. {"history": "Interactive.44", "point": 97, "testname": "DC_TEMP", "cornername": "CMOS_RES_CAP_BIP_TEMP_95"}
[2026-05-27 13:16:51.293 Z] [WARN] [cadence.virtuoso.ade.simulationMonitor] -     WARNING (SFE-2649): Terminals of top-level instance `R50', in file`netlist', at line 327, are connected. Remove the instance and rerun the simulation. {"history": "Interactive.44", "point": 97, "testname": "DC_TEMP", "cornername": "CMOS_RES_CAP_BIP_TEMP_95"}
[2026-05-27 13:16:51.293 Z] [WARN] [cadence.virtuoso.ade.simulationMonitor] -     WARNING (SFE-2649): Terminals of top-level instance `R48', in file`netlist', at line 369, are connected. Remove the instance and rerun the simulation. {"history": "Interactive.44", "point": 97, "testname": "DC_TEMP", "cornername": "CMOS_RES_CAP_BIP_TEMP_95"}
[2026-05-27 13:16:51.294 Z] [WARN] [cadence.virtuoso.ade.simulationMonitor] -     WARNING (VACOMP-2435): The environment variable CDS_AHDLCMI_ENABLE is no longer supported. Therefore, the simulator will use the default compiled C code flow. {"history": "Interactive.44", "point": 97, "testname": "DC_TEMP", "cornername": "CMOS_RES_CAP_BIP_TEMP_95"}
[2026-05-27 13:16:51.295 Z] [WARN] [cadence.virtuoso.ade.simulationMonitor] -     WARNING (SFE-3014): The floating device I0.Q3<0>_turbo_m31 is removed. {"history": "Interactive.44", "point": 97, "testname": "DC_TEMP", "cornername": "CMOS_RES_CAP_BIP_TEMP_95"}
[2026-05-27 13:16:51.295 Z] [WARN] [cadence.virtuoso.ade.simulationMonitor] -     WARNING (SFE-3012): The dummy device I0.MP9<0>_turbo_m4 is removed. {"history": "Interactive.44", "point": 97, "testname": "DC_TEMP", "cornername": "CMOS_RES_CAP_BIP_TEMP_95"}
[2026-05-27 13:16:51.295 Z] [WARN] [cadence.virtuoso.ade.simulationMonitor] -     WARNING (SFE-3012): The dummy device I0.MP12<0>_turbo_m34 is removed. {"history": "Interactive.44", "point": 97, "testname": "DC_TEMP", "cornername": "CMOS_RES_CAP_BIP_TEMP_95"}
[2026-05-27 13:16:51.295 Z] [WARN] [cadence.virtuoso.ade.simulationMonitor] -     WARNING (SFE-3012): The dummy device I0.MP10<0>_turbo_m4 is removed. {"history": "Interactive.44", "point": 97, "testname": "DC_TEMP", "cornername": "CMOS_RES_CAP_BIP_TEMP_95"}
[2026-05-27 13:16:51.295 Z] [INFO] [cadence.virtuoso.ade.simulationMonitor] - Peak resident memory used = 194 Mbytes. {"history": "Interactive.44", "point": 97, "testname": "DC_TEMP", "cornername": "CMOS_RES_CAP_BIP_TEMP_95"}
[2026-05-27 13:16:51.295 Z] [INFO] [cadence.virtuoso.ade.simulationMonitor] - Notice from spectre during hierarchy flattening.
    The value 'psf' specified for the 'checklimitdest' option will no longer be supported in future releases. Use 'spectre -h' to see other recommended values for the 'checklimitdest' option.
    I0.Q0.bjtinsub: `minr' has the unusually small value of 10 fOhm. {"history": "Interactive.44", "point": 97, "testname": "DC_TEMP", "cornername": "CMOS_RES_CAP_BIP_TEMP_95"}
[2026-05-27 13:16:51.296 Z] [INFO] [cadence.virtuoso.ade.simulationMonitor] - Peak resident memory used = 196 Mbytes. {"history": "Interactive.44", "point": 97, "testname": "DC_TEMP", "cornername": "CMOS_RES_CAP_BIP_TEMP_95"}
[2026-05-27 13:16:51.296 Z] [WARN] [cadence.virtuoso.ade.simulationMonitor] -     WARNING (SPECTRE-17607): Assert `SOAC_vert10_vsubpsub' is ignored because it contains an expression which is invalid or not supported by native evaluator.  {"history": "Interactive.44", "point": 97, "testname": "DC_TEMP", "cornername": "CMOS_RES_CAP_BIP_TEMP_95"}
[2026-05-27 13:16:51.296 Z] [WARN] [cadence.virtuoso.ade.simulationMonitor] -     WARNING (SPECTRE-17607): Assert `SOAC_vert10_vcsub' is ignored because it contains an expression which is invalid or not supported by native evaluator.  {"history": "Interactive.44", "point": 97, "testname": "DC_TEMP", "cornername": "CMOS_RES_CAP_BIP_TEMP_95"}
[2026-05-27 13:16:51.296 Z] [WARN] [cadence.virtuoso.ade.simulationMonitor] -     WARNING (SPECTRE-17607): Assert `SOAC_rpolyh_vminuspsub' is ignored because it contains an expression which is invalid or not supported by native evaluator.  {"history": "Interactive.44", "point": 97, "testname": "DC_TEMP", "cornername": "CMOS_RES_CAP_BIP_TEMP_95"}
[2026-05-27 13:16:51.296 Z] [WARN] [cadence.virtuoso.ade.simulationMonitor] -     WARNING (SPECTRE-17607): Assert `SOAC_rpolyh_vpluspsub' is ignored because it contains an expression which is invalid or not supported by native evaluator.  {"history": "Interactive.44", "point": 97, "testname": "DC_TEMP", "cornername": "CMOS_RES_CAP_BIP_TEMP_95"}
[2026-05-27 13:16:51.296 Z] [WARN] [cadence.virtuoso.ade.simulationMonitor] -     WARNING (SPECTRE-16460): SOAC_cvarm_vspsub:Specified subcircuit master `cvarm' was not found. {"history": "Interactive.44", "point": 97, "testname": "DC_TEMP", "cornername": "CMOS_RES_CAP_BIP_TEMP_95"}
[2026-05-27 13:16:51.296 Z] [WARN] [cadence.virtuoso.ade.simulationMonitor] -     WARNING (SPECTRE-16462): SOAC_cvarm_vspsub:Error in specification of subcircuit master. Assert is ignored. {"history": "Interactive.44", "point": 97, "testname": "DC_TEMP", "cornername": "CMOS_RES_CAP_BIP_TEMP_95"}
[2026-05-27 13:16:51.297 Z] [WARN] [cadence.virtuoso.ade.simulationMonitor] -     WARNING (SPECTRE-16460): SOAC_cvarm_vbs:Specified subcircuit master `cvarm' was not found. {"history": "Interactive.44", "point": 97, "testname": "DC_TEMP", "cornername": "CMOS_RES_CAP_BIP_TEMP_95"}
[2026-05-27 13:16:51.297 Z] [WARN] [cadence.virtuoso.ade.simulationMonitor] -     WARNING (SPECTRE-16462): SOAC_cvarm_vbs:Error in specification of subcircuit master. Assert is ignored. {"history": "Interactive.44", "point": 97, "testname": "DC_TEMP", "cornername": "CMOS_RES_CAP_BIP_TEMP_95"}
[2026-05-27 13:16:51.297 Z] [WARN] [cadence.virtuoso.ade.simulationMonitor] -     WARNING (SPECTRE-16460): SOAC_cvarm_vgb:Specified subcircuit master `cvarm' was not found. {"history": "Interactive.44", "point": 97, "testname": "DC_TEMP", "cornername": "CMOS_RES_CAP_BIP_TEMP_95"}
[2026-05-27 13:16:51.297 Z] [WARN] [cadence.virtuoso.ade.simulationMonitor] -     WARNING (SPECTRE-16462): SOAC_cvarm_vgb:Error in specification of subcircuit master. Assert is ignored. {"history": "Interactive.44", "point": 97, "testname": "DC_TEMP", "cornername": "CMOS_RES_CAP_BIP_TEMP_95"}
[2026-05-27 13:16:51.297 Z] [WARN] [cadence.virtuoso.ade.simulationMonitor] -     WARNING (SPECTRE-16460): SOAC_cvart_vspsub:Specified subcircuit master `cvart' was not found. {"history": "Interactive.44", "point": 97, "testname": "DC_TEMP", "cornername": "CMOS_RES_CAP_BIP_TEMP_95"}
[2026-05-27 13:16:51.297 Z] [WARN] [cadence.virtuoso.ade.simulationMonitor] -     WARNING (SPECTRE-16462): SOAC_cvart_vspsub:Error in specification of subcircuit master. Assert is ignored. {"history": "Interactive.44", "point": 97, "testname": "DC_TEMP", "cornername": "CMOS_RES_CAP_BIP_TEMP_95"}
[2026-05-27 13:16:51.298 Z] [WARN] [cadence.virtuoso.ade.simulationMonitor] -     WARNING (SPECTRE-16460): SOAC_cvart_vbs:Specified subcircuit master `cvart' was not found.
        Further occurrences of this warning will be suppressed. {"history": "Interactive.44", "point": 97, "testname": "DC_TEMP", "cornername": "CMOS_RES_CAP_BIP_TEMP_95"}
[2026-05-27 13:16:51.298 Z] [WARN] [cadence.virtuoso.ade.simulationMonitor] -     WARNING (SPECTRE-16462): SOAC_cvart_vbs:Error in specification of subcircuit master. Assert is ignored.
        Further occurrences of this warning will be suppressed. {"history": "Interactive.44", "point": 97, "testname": "DC_TEMP", "cornername": "CMOS_RES_CAP_BIP_TEMP_95"}
[2026-05-27 13:16:51.298 Z] [WARN] [cadence.virtuoso.ade.simulationMonitor] -     WARNING (SPECTRE-17607): Assert `SOAC_cpoly_vminuspsub' is ignored because it contains an expression which is invalid or not supported by native evaluator. 
        Further occurrences of this warning will be suppressed. {"history": "Interactive.44", "point": 97, "testname": "DC_TEMP", "cornername": "CMOS_RES_CAP_BIP_TEMP_95"}
[2026-05-27 13:16:52.298 Z] [INFO] [cadence.virtuoso.ade.simulationMonitor] - Notice from spectre during initial setup.
    Multithreading is disabled due to the size of the design being too small. {"history": "Interactive.44", "point": 97, "testname": "DC_TEMP", "cornername": "CMOS_RES_CAP_BIP_TEMP_95"}
[2026-05-27 13:16:52.301 Z] [INFO] [cadence.virtuoso.ade.simulationMonitor] -               nodes 101 {"history": "Interactive.44", "point": 97, "testname": "DC_TEMP", "cornername": "CMOS_RES_CAP_BIP_TEMP_95"}
[2026-05-27 13:16:52.302 Z] [INFO] [cadence.virtuoso.ade.simulationMonitor] - Notice from spectre during initial setup.
    Spectre X preset=mx enabled.
    75 warnings suppressed. {"history": "Interactive.44", "point": 97, "testname": "DC_TEMP", "cornername": "CMOS_RES_CAP_BIP_TEMP_95"}
[2026-05-27 13:16:52.302 Z] [INFO] [cadence.virtuoso.ade.simulationMonitor] - Peak resident memory used = 204 Mbytes. {"history": "Interactive.44", "point": 97, "testname": "DC_TEMP", "cornername": "CMOS_RES_CAP_BIP_TEMP_95"}
[2026-05-27 13:16:52.302 Z] [INFO] [cadence.virtuoso.ade.simulationMonitor] -    -   (Spectre X) Multi-threading. The recommended number of threads is 1, consider adding +mt=1 on command line. {"history": "Interactive.44", "point": 97, "testname": "DC_TEMP", "cornername": "CMOS_RES_CAP_BIP_TEMP_95"}
[2026-05-27 13:16:52.302 Z] [INFO] [cadence.virtuoso.ade.simulationMonitor] - Notice from spectre during DC analysis `dcOp'.
    No checklimit analysis defined for asserts. A default checklimit analysis 'SpectreChecklimitAnal' has been created with all asserts enabled. {"history": "Interactive.44", "point": 97, "testname": "DC_TEMP", "cornername": "CMOS_RES_CAP_BIP_TEMP_95"}
[2026-05-27 13:16:52.303 Z] [INFO] [cadence.virtuoso.ade.simulationMonitor] - Notice from spectre during DC analysis `dcOp'.
    Bad pivoting is found during DC analysis. Option dc_pivot_check=yes is recommended for possible improvement of convergence. {"history": "Interactive.44", "point": 97, "testname": "DC_TEMP", "cornername": "CMOS_RES_CAP_BIP_TEMP_95"}
[2026-05-27 13:16:52.303 Z] [WARN] [cadence.virtuoso.ade.simulationMonitor] -     WARNING (CMI-2943): Parameter checks have been ignored because the valid value for parameter 'trise' could not be found in 'C0'. {"history": "Interactive.44", "point": 97, "testname": "DC_TEMP", "cornername": "CMOS_RES_CAP_BIP_TEMP_95"}
[2026-05-27 13:16:52.304 Z] [WARN] [cadence.virtuoso.ade.simulationMonitor] -     WARNING (CMI-2943): Parameter checks have been ignored because the valid value for parameter 'trise' could not be found in 'I0.R28.CM'. {"history": "Interactive.44", "point": 97, "testname": "DC_TEMP", "cornername": "CMOS_RES_CAP_BIP_TEMP_95"}
[2026-05-27 13:16:52.304 Z] [WARN] [cadence.virtuoso.ade.simulationMonitor] -     WARNING (CMI-2943): Parameter checks have been ignored because the valid value for parameter 'trise' could not be found in 'I0.R28.CS1'. {"history": "Interactive.44", "point": 97, "testname": "DC_TEMP", "cornername": "CMOS_RES_CAP_BIP_TEMP_95"}
[2026-05-27 13:16:52.304 Z] [WARN] [cadence.virtuoso.ade.simulationMonitor] -     WARNING (CMI-2943): Parameter checks have been ignored because the valid value for parameter 'trise' could not be found in 'I0.R28.CS0'. {"history": "Interactive.44", "point": 97, "testname": "DC_TEMP", "cornername": "CMOS_RES_CAP_BIP_TEMP_95"}
[2026-05-27 13:16:52.305 Z] [WARN] [cadence.virtuoso.ade.simulationMonitor] -     WARNING (CMI-2943): Parameter checks have been ignored because the valid value for parameter 'trise' could not be found in 'I0.R7.CM'.
        Further occurrences of this warning will be suppressed. {"history": "Interactive.44", "point": 97, "testname": "DC_TEMP", "cornername": "CMOS_RES_CAP_BIP_TEMP_95"}
[2026-05-27 13:16:52.305 Z] [INFO] [cadence.virtuoso.ade.simulationMonitor] - Total time required for dc analysis `dcOp': CPU = 87.856 ms, elapsed = 94.5539 ms, util. = 92.9%. {"history": "Interactive.44", "point": 97, "testname": "DC_TEMP", "cornername": "CMOS_RES_CAP_BIP_TEMP_95"}
[2026-05-27 13:16:52.306 Z] [INFO] [cadence.virtuoso.ade.simulationMonitor] - Peak resident memory used = 211 Mbytes. {"history": "Interactive.44", "point": 97, "testname": "DC_TEMP", "cornername": "CMOS_RES_CAP_BIP_TEMP_95"}
[2026-05-27 13:16:52.306 Z] [INFO] [cadence.virtuoso.ade.simulationMonitor] - Notice from spectre.
    127 warnings suppressed. {"history": "Interactive.44", "point": 97, "testname": "DC_TEMP", "cornername": "CMOS_RES_CAP_BIP_TEMP_95"}
[2026-05-27 13:16:53.311 Z] [WARN] [cadence.virtuoso.ade.simulationMonitor] -     WARNING (CMI-2943): Parameter checks have been ignored because the valid value for parameter 'trise' could not be found in 'C0'. {"history": "Interactive.44", "point": 97, "testname": "DC_TEMP", "cornername": "CMOS_RES_CAP_BIP_TEMP_95"}
[2026-05-27 13:16:53.312 Z] [WARN] [cadence.virtuoso.ade.simulationMonitor] -     WARNING (CMI-2943): Parameter checks have been ignored because the valid value for parameter 'trise' could not be found in 'I0.R28.CM'. {"history": "Interactive.44", "point": 97, "testname": "DC_TEMP", "cornername": "CMOS_RES_CAP_BIP_TEMP_95"}
[2026-05-27 13:16:53.312 Z] [WARN] [cadence.virtuoso.ade.simulationMonitor] -     WARNING (CMI-2943): Parameter checks have been ignored because the valid value for parameter 'trise' could not be found in 'I0.R28.CS1'. {"history": "Interactive.44", "point": 97, "testname": "DC_TEMP", "cornername": "CMOS_RES_CAP_BIP_TEMP_95"}
[2026-05-27 13:16:53.312 Z] [WARN] [cadence.virtuoso.ade.simulationMonitor] -     WARNING (CMI-2943): Parameter checks have been ignored because the valid value for parameter 'trise' could not be found in 'I0.R28.CS0'. {"history": "Interactive.44", "point": 97, "testname": "DC_TEMP", "cornername": "CMOS_RES_CAP_BIP_TEMP_95"}
[2026-05-27 13:16:53.313 Z] [WARN] [cadence.virtuoso.ade.simulationMonitor] -     WARNING (CMI-2943): Parameter checks have been ignored because the valid value for parameter 'trise' could not be found in 'I0.R7.CM'.
        Further occurrences of this warning will be suppressed. {"history": "Interactive.44", "point": 97, "testname": "DC_TEMP", "cornername": "CMOS_RES_CAP_BIP_TEMP_95"}
[2026-05-27 13:16:53.313 Z] [INFO] [cadence.virtuoso.ade.simulationMonitor] - Notice from spectre at temp = 85 C during DC analysis `dc'.
    The value of parameter 'temp' has been reset to the original value 85. {"history": "Interactive.44", "point": 97, "testname": "DC_TEMP", "cornername": "CMOS_RES_CAP_BIP_TEMP_95"}
[2026-05-27 13:16:53.313 Z] [INFO] [cadence.virtuoso.ade.simulationMonitor] - Total time required for dc analysis `dc': CPU = 1.01881 s, elapsed = 1.03519 s, util. = 98.4%. {"history": "Interactive.44", "point": 97, "testname": "DC_TEMP", "cornername": "CMOS_RES_CAP_BIP_TEMP_95"}
[2026-05-27 13:16:53.314 Z] [INFO] [cadence.virtuoso.ade.simulationMonitor] - Peak resident memory used = 213 Mbytes. {"history": "Interactive.44", "point": 97, "testname": "DC_TEMP", "cornername": "CMOS_RES_CAP_BIP_TEMP_95"}
[2026-05-27 13:16:53.314 Z] [INFO] [cadence.virtuoso.ade.simulationMonitor] - Notice from spectre.
    127 warnings suppressed. {"history": "Interactive.44", "point": 97, "testname": "DC_TEMP", "cornername": "CMOS_RES_CAP_BIP_TEMP_95"}
[2026-05-27 13:16:53.315 Z] [INFO] [cadence.virtuoso.ade.simulationMonitor] - Time used: CPU = 1.71 s, elapsed = 2.35 s, util. = 72.8%. {"history": "Interactive.44", "point": 97, "testname": "DC_TEMP", "cornername": "CMOS_RES_CAP_BIP_TEMP_95"}
[2026-05-27 13:16:53.315 Z] [INFO] [cadence.virtuoso.ade.simulationMonitor] - Time spent in licensing: elapsed = 72.9 ms. {"history": "Interactive.44", "point": 97, "testname": "DC_TEMP", "cornername": "CMOS_RES_CAP_BIP_TEMP_95"}
[2026-05-27 13:16:53.316 Z] [INFO] [cadence.virtuoso.ade.simulationMonitor] - Peak memory used = 214 Mbytes. {"history": "Interactive.44", "point": 97, "testname": "DC_TEMP", "cornername": "CMOS_RES_CAP_BIP_TEMP_95"}
[2026-05-27 13:16:53.318 Z] [PROCESS] [cadence.virtuoso.ade.simulationMonitor] - Simulation started at: 1:16:50 PM, Wed May 27, 2026, ended at: 1:16:52 PM, Wed May 27, 2026, with elapsed time (wall clock): 2.35 s. {"history": "Interactive.44", "point": 97, "testname": "DC_TEMP", "cornername": "CMOS_RES_CAP_BIP_TEMP_95"}
[2026-05-27 13:16:53.319 Z] [PROCESS] [cadence.virtuoso.ade.simulationMonitor] - spectre completes with 0 errors, 38 warnings, and 14 notices. {"history": "Interactive.44", "point": 97, "testname": "DC_TEMP", "cornername": "CMOS_RES_CAP_BIP_TEMP_95"}
[2026-05-27 13:16:53.319 Z] [PROCESS] [cadence.virtuoso.ade.simulationMonitor] - Finished simulating for one point {"hostname": "il2244vt26_hrahimi", "processid": 357956, "history": "Interactive.44", "testname": "DC_TEMP", "cornername": "CMOS_RES_CAP_BIP_TEMP_95", "point": 97, "logfile": "/home/hrahimi/projects/POTENTIOSTAT_26/logs_hrahimi/logs0/Job87.log", "simid": "9"}
[2026-05-27 13:16:53.320 Z] [PROCESS] [cadence.virtuoso.ade.simulationMonitor] - Simulator exited {"hostname": "il2244vt26_hrahimi", "processid": 357956, "history": "Interactive.44", "testname": "DC_TEMP", "cornername": "CMOS_RES_CAP_BIP_TEMP_95", "point": 97, "logfile": "/home/hrahimi/projects/POTENTIOSTAT_26/logs_hrahimi/logs0/Job87.log", "exitStatus": "0"}
[2026-05-27 13:16:53.320 Z] [PROCESS] [cadence.virtuoso.ade.simulationMonitor] - Finished Simulation {"hostname": "il2244vt26_hrahimi", "processid": 357956, "history": "Interactive.44", "testname": "DC_TEMP", "cornername": "CMOS_RES_CAP_BIP_TEMP_95", "point": 97, "logfile": "/home/hrahimi/projects/POTENTIOSTAT_26/logs_hrahimi/logs0/Job87.log", "simid": "9"}
[2026-05-27 13:16:56.337 Z] [PROCESS] [cadence.virtuoso.ade.simulationMonitor] - Point Finished {"hostname": "il2244vt26_hrahimi", "processid": 357956, "history": "Interactive.44", "testname": "DC_TEMP", "cornername": "CMOS_RES_CAP_BIP_TEMP_95", "point": 97, "logfile": "/home/hrahimi/projects/POTENTIOSTAT_26/logs_hrahimi/logs0/Job87.log"}
[2026-05-27 13:16:56.340 Z] [PROCESS] [cadence.virtuoso.ade.simulationMonitor] - Stay with the runId '0', Linger time '300', currentRunSyn '1', currentTestSyn '2' {"hostname": "il2244vt26_hrahimi", "processid": 357956, "history": "Interactive.44", "testname": "DC_TEMP", "cornername": "CMOS_RES_CAP_BIP_TEMP_95", "point": 97, "logfile": "/home/hrahimi/projects/POTENTIOSTAT_26/logs_hrahimi/logs0/Job87.log"}
[2026-05-27 13:16:57.350 Z] [PROCESS] [cadence.virtuoso.ade.simulationMonitor] - Stay with the runId '0', Linger time '300', currentRunSyn '1', currentTestSyn '2' {"hostname": "il2244vt26_hrahimi", "processid": 357956, "history": "Interactive.44", "testname": "DC_TEMP", "cornername": "CMOS_RES_CAP_BIP_TEMP_95", "point": 97, "logfile": "/home/hrahimi/projects/POTENTIOSTAT_26/logs_hrahimi/logs0/Job87.log"}
[2026-05-27 13:16:58.349 Z] [PROCESS] [cadence.virtuoso.ade.simulationMonitor] - Stay with the runId '0', Linger time '300', currentRunSyn '1', currentTestSyn '2' {"hostname": "il2244vt26_hrahimi", "processid": 357956, "history": "Interactive.44", "testname": "DC_TEMP", "cornername": "CMOS_RES_CAP_BIP_TEMP_95", "point": 97, "logfile": "/home/hrahimi/projects/POTENTIOSTAT_26/logs_hrahimi/logs0/Job87.log"}
[2026-05-27 13:17:44.002 Z] [PROCESS] [cadence.virtuoso.ade.simulationMonitor] - Current memory used: 53.0273 MBytes, peak memory used: 53.0273 MBytes {"hostname": "il2244vt26_hrahimi", "processid": 357956, "history": "Interactive.44", "testname": "DC_TEMP", "cornername": "CMOS_RES_CAP_BIP_TEMP_95", "point": 97, "logfile": "/home/hrahimi/projects/POTENTIOSTAT_26/logs_hrahimi/logs0/Job87.log"}
[2026-05-27 13:17:44.003 Z] [PROCESS] [cadence.virtuoso.ade.simulationMonitor] - Simulation Monitor process exit. {"hostname": "il2244vt26_hrahimi", "processid": 357956, "history": "Interactive.44", "testname": "DC_TEMP", "cornername": "CMOS_RES_CAP_BIP_TEMP_95", "point": 97, "logfile": "/home/hrahimi/projects/POTENTIOSTAT_26/logs_hrahimi/logs0/Job87.log"}
