[Simulation Monitor: 93]
[2026-06-01 14:23:19.715 Z] [PROCESS] [cadence.virtuoso.ade.simulationMonitor] - Simulation Monitor has successfully started up. Trying to set up communication channels to other components ... {"hostname": "il2244vt26_hrahimi", "processid": 1499097, "logfile": "/home/hrahimi/projects/POTENTIOSTAT_26/logs_hrahimi/logs0/Job93.log"}
[2026-06-01 14:23:19.716 Z] [PROCESS] [cadence.virtuoso.ade.simulationMonitor] - Communication channels have been successfully set up. Start processing events ... {"hostname": "il2244vt26_hrahimi", "processid": 1499097, "logfile": "/home/hrahimi/projects/POTENTIOSTAT_26/logs_hrahimi/logs0/Job93.log"}
[2026-06-01 14:23:19.716 Z] [PROCESS] [cadence.virtuoso.ade.simulationMonitor] - Considering to start history {"hostname": "il2244vt26_hrahimi", "processid": 1499097, "history": "MonteCarlo.6", "logfile": "/home/hrahimi/projects/POTENTIOSTAT_26/logs_hrahimi/logs0/Job93.log"}
[2026-06-01 14:23:19.721 Z] [PROCESS] [cadence.virtuoso.ade.simulationMonitor] - HostInfo:
Host name (type):	il2244vt26_hrahimi (x86_64)
Operating system:	Linux 5.15.0-164-generic #174-Ubuntu SMP Fri Nov 14 20:25:16 UTC 2025 {"hostname": "il2244vt26_hrahimi", "processid": 1499097, "history": "MonteCarlo.6", "testname": "PTAT_MC", "cornername": "Nominal", "point": 105, "logfile": "/home/hrahimi/projects/POTENTIOSTAT_26/logs_hrahimi/logs0/Job93.log", "nodename": "il2244vt26_hrahimi", "domainname": "(none)", "machine": "x86_64", "sysname": "Linux", "release": "5.15.0-164-generic", "version": "#174-Ubuntu SMP Fri Nov 14 20:25:16 UTC 2025"}
[2026-06-01 14:23:19.721 Z] [PROCESS] [cadence.virtuoso.ade.simulationMonitor] - UsageInfo:
pid=1499097
totalPhysicalMemory=3023.749672GB,Used=2521.588661GB,totalVirtualMemory=3031.749668GB,Used=2521.633339GB
Cpu: Cores=48, Load average:7.750000,8.440000,12.550000 {"hostname": "il2244vt26_hrahimi", "processid": 1499097, "history": "MonteCarlo.6", "testname": "PTAT_MC", "cornername": "Nominal", "point": 105, "logfile": "/home/hrahimi/projects/POTENTIOSTAT_26/logs_hrahimi/logs0/Job93.log", "pid": "1499097", "totalPhysicalMemory": "3023.749672", "physicalMemoryUsed": "2521.588661", "totalVirtualMemory": "3031.749668", "virtualMemoryUsed": "2521.633339", "cpuCores": "48", "processes": "29668", "loadAverage1": "7.750000", "loadAverage5": "8.440000", "loadAverage15": "12.550000", "loadAverage1Percent": "0.161458"}
[2026-06-01 14:23:19.723 Z] [EVENT] [cadence.virtuoso.ade.simulationMonitor] - GroupPoints {"history": "MonteCarlo.6", "point": 105, "testname": "PTAT_MC", "cornername": "Nominal", "event": "GroupPoints", "EventSource": "Simulation Monitor", "Points": "105:1:117", "HistoryName": "MonteCarlo.6", "logFile": "/home/hrahimi/projects/POTENTIOSTAT_26/logs_hrahimi/logs0/Job93.log", "logFileSize": "2399"}
[2026-06-01 14:23:19.825 Z] [EVENT] [cadence.virtuoso.ade.simulationMonitor] - GroupPoints {"history": "MonteCarlo.6", "point": 105, "testname": "PTAT_MC", "cornername": "Nominal", "event": "GroupPoints", "EventSource": "spectre", "Points": "105:1:117", "HistoryName": "MonteCarlo.6", "logFile": "/home/hrahimi/projects/POTENTIOSTAT_26/Sim/Potentiostat_Top/top/maestro/results/maestro/MonteCarlo.6/105/PTAT_MC/groupRunDataDir/psf/spectre.out", "logFileSize": "-1"}
[2026-06-01 14:23:19.837 Z] [PROCESS] [cadence.virtuoso.ade.simulationMonitor] - Simulator launched {"hostname": "il2244vt26_hrahimi", "processid": 1499097, "history": "MonteCarlo.6", "testname": "PTAT_MC", "cornername": "Nominal", "point": 105, "logfile": "/home/hrahimi/projects/POTENTIOSTAT_26/logs_hrahimi/logs0/Job93.log", "simid": "1"}
[2026-06-01 14:23:19.840 Z] [PROCESS] [cadence.virtuoso.ade.simulationMonitor] - Expression evaluator launched {"hostname": "il2244vt26_hrahimi", "processid": 1499097, "history": "MonteCarlo.6", "testname": "PTAT_MC", "cornername": "Nominal", "point": 105, "logfile": "/home/hrahimi/projects/POTENTIOSTAT_26/logs_hrahimi/logs0/Job93.log"}
[2026-06-01 14:23:19.915 Z] [PROCESS] [cadence.virtuoso.ade.simulationMonitor] - Started Simulation {"hostname": "il2244vt26_hrahimi", "processid": 1499097, "history": "MonteCarlo.6", "testname": "PTAT_MC", "cornername": "Nominal", "point": 105, "logfile": "/home/hrahimi/projects/POTENTIOSTAT_26/logs_hrahimi/logs0/Job93.log", "event": "started", "task": "simulation"}
[2026-06-01 14:23:20.915 Z] [WARN] [cadence.virtuoso.ade.simulationMonitor] -     WARNING (SPECTRE-691): This CPU processor does not support x86 advanced vector extensions instructions. This may affect math operations and slow down the simulation. {"history": "MonteCarlo.6", "point": 105, "testname": "PTAT_MC", "cornername": "Nominal"}
[2026-06-01 14:23:20.916 Z] [INFO] [cadence.virtuoso.ade.simulationMonitor] - Notice from spectre during circuit read-in.
    Pre_Configuration file used: /opt/tools/cadence/installs/SPECTRE241/tools.lnx86/spectre/etc/configs/preset.precfg
    Configuration file used: `/opt/tools/cadence/installs/SPECTRE241/tools.lnx86/spectre/etc/configs/preset.cfg'. {"history": "MonteCarlo.6", "point": 105, "testname": "PTAT_MC", "cornername": "Nominal"}
[2026-06-01 14:23:20.916 Z] [WARN] [cadence.virtuoso.ade.simulationMonitor] -     WARNING (SPECTRE-8360): line 1511: `ac' is an undefined primitive device. {"history": "MonteCarlo.6", "point": 105, "testname": "PTAT_MC", "cornername": "Nominal"}
[2026-06-01 14:23:20.916 Z] [WARN] [cadence.virtuoso.ade.simulationMonitor] -     WARNING (SPECTRE-8360): line 1512: `ac' is an undefined primitive device. {"history": "MonteCarlo.6", "point": 105, "testname": "PTAT_MC", "cornername": "Nominal"}
[2026-06-01 14:23:20.916 Z] [WARN] [cadence.virtuoso.ade.simulationMonitor] -     WARNING (SPECTRE-8360): line 1513: `ac' is an undefined primitive device. {"history": "MonteCarlo.6", "point": 105, "testname": "PTAT_MC", "cornername": "Nominal"}
[2026-06-01 14:23:20.917 Z] [WARN] [cadence.virtuoso.ade.simulationMonitor] -     WARNING (SPECTRE-8360): line 1514: `ac' is an undefined primitive device. {"history": "MonteCarlo.6", "point": 105, "testname": "PTAT_MC", "cornername": "Nominal"}
[2026-06-01 14:23:20.917 Z] [WARN] [cadence.virtuoso.ade.simulationMonitor] -     WARNING (SPECTRE-8360): line 1515: `ac' is an undefined primitive device.
        Further occurrences of this warning will be suppressed. {"history": "MonteCarlo.6", "point": 105, "testname": "PTAT_MC", "cornername": "Nominal"}
[2026-06-01 14:23:20.917 Z] [WARN] [cadence.virtuoso.ade.simulationMonitor] -     WARNING (VACOMP-2435): The environment variable CDS_AHDLCMI_ENABLE is no longer supported. Therefore, the simulator will use the default compiled C code flow. {"history": "MonteCarlo.6", "point": 105, "testname": "PTAT_MC", "cornername": "Nominal"}
[2026-06-01 14:23:20.917 Z] [INFO] [cadence.virtuoso.ade.simulationMonitor] - Peak resident memory used = 204 Mbytes. {"history": "MonteCarlo.6", "point": 105, "testname": "PTAT_MC", "cornername": "Nominal"}
[2026-06-01 14:23:21.918 Z] [WARN] [cadence.virtuoso.ade.simulationMonitor] -     WARNING (SFE-3027): The dangling resistor I0.I17.R2 is removed. {"history": "MonteCarlo.6", "point": 105, "testname": "PTAT_MC", "cornername": "Nominal"}
[2026-06-01 14:23:21.918 Z] [WARN] [cadence.virtuoso.ade.simulationMonitor] -     WARNING (SFE-3029): The dummy capacitor I7.I10_turbo_m4.C0.C1 is removed. {"history": "MonteCarlo.6", "point": 105, "testname": "PTAT_MC", "cornername": "Nominal"}
[2026-06-01 14:23:21.918 Z] [WARN] [cadence.virtuoso.ade.simulationMonitor] -     WARNING (SFE-3029): The dummy capacitor I7.I13_turbo_m5.C0.C1 is removed. {"history": "MonteCarlo.6", "point": 105, "testname": "PTAT_MC", "cornername": "Nominal"}
[2026-06-01 14:23:21.919 Z] [WARN] [cadence.virtuoso.ade.simulationMonitor] -     WARNING (SFE-3012): The dummy device I7.I4.MN5<0>_turbo_m4 is removed. {"history": "MonteCarlo.6", "point": 105, "testname": "PTAT_MC", "cornername": "Nominal"}
[2026-06-01 14:23:21.919 Z] [WARN] [cadence.virtuoso.ade.simulationMonitor] -     WARNING (SFE-3029): The dummy capacitor I7.I4.R31.CS1 is removed. {"history": "MonteCarlo.6", "point": 105, "testname": "PTAT_MC", "cornername": "Nominal"}
[2026-06-01 14:23:21.919 Z] [WARN] [cadence.virtuoso.ade.simulationMonitor] -     WARNING (SFE-3029): The dummy capacitor I7.I2.R50_turbo_m2.CS1 is removed. {"history": "MonteCarlo.6", "point": 105, "testname": "PTAT_MC", "cornername": "Nominal"}
[2026-06-01 14:23:21.919 Z] [WARN] [cadence.virtuoso.ade.simulationMonitor] -     WARNING (SFE-3012): The dummy device I7.I2.Q3<0>_turbo_m31 is removed. {"history": "MonteCarlo.6", "point": 105, "testname": "PTAT_MC", "cornername": "Nominal"}
[2026-06-01 14:23:21.919 Z] [WARN] [cadence.virtuoso.ade.simulationMonitor] -     WARNING (SFE-3012): The dummy device I0.I0.DLIB6 is removed. {"history": "MonteCarlo.6", "point": 105, "testname": "PTAT_MC", "cornername": "Nominal"}
[2026-06-01 14:23:21.919 Z] [WARN] [cadence.virtuoso.ade.simulationMonitor] -     WARNING (SFE-3012): The dummy device I2.I25.I22.MP35<0>_turbo_m36 is removed. {"history": "MonteCarlo.6", "point": 105, "testname": "PTAT_MC", "cornername": "Nominal"}
[2026-06-01 14:23:21.919 Z] [WARN] [cadence.virtuoso.ade.simulationMonitor] -     WARNING (SFE-3012): The dummy device I0.I17.DLIB5 is removed.
        Further occurrences of this warning will be suppressed. {"history": "MonteCarlo.6", "point": 105, "testname": "PTAT_MC", "cornername": "Nominal"}
[2026-06-01 14:23:21.920 Z] [WARN] [cadence.virtuoso.ade.simulationMonitor] -     WARNING (SFE-3029): The dummy capacitor I7.I2.R50_turbo_m2.CS0 is removed.
        Further occurrences of this warning will be suppressed. {"history": "MonteCarlo.6", "point": 105, "testname": "PTAT_MC", "cornername": "Nominal"}
[2026-06-01 14:23:21.920 Z] [WARN] [cadence.virtuoso.ade.simulationMonitor] -     WARNING (SFE-3028): The floating resistor R8 is removed. {"history": "MonteCarlo.6", "point": 105, "testname": "PTAT_MC", "cornername": "Nominal"}
[2026-06-01 14:23:21.920 Z] [WARN] [cadence.virtuoso.ade.simulationMonitor] -     WARNING (SFE-3023): The dangling node net25 is removed. It should not be dangling since it is defined in top level. {"history": "MonteCarlo.6", "point": 105, "testname": "PTAT_MC", "cornername": "Nominal"}
[2026-06-01 14:23:21.920 Z] [WARN] [cadence.virtuoso.ade.simulationMonitor] -     WARNING (SFE-3016): The floating node net74 is removed. {"history": "MonteCarlo.6", "point": 105, "testname": "PTAT_MC", "cornername": "Nominal"}
[2026-06-01 14:23:21.920 Z] [WARN] [cadence.virtuoso.ade.simulationMonitor] -     WARNING (SFE-3016): The floating node net73 is removed. {"history": "MonteCarlo.6", "point": 105, "testname": "PTAT_MC", "cornername": "Nominal"}
[2026-06-01 14:23:21.921 Z] [INFO] [cadence.virtuoso.ade.simulationMonitor] - Peak resident memory used = 213 Mbytes. {"history": "MonteCarlo.6", "point": 105, "testname": "PTAT_MC", "cornername": "Nominal"}
[2026-06-01 14:23:21.921 Z] [INFO] [cadence.virtuoso.ade.simulationMonitor] - Notice from spectre during hierarchy flattening.
    The value 'psf' specified for the 'checklimitdest' option will no longer be supported in future releases. Use 'spectre -h' to see other recommended values for the 'checklimitdest' option.
    I0.I46.RLIB_GC1.CS0 of rpoly1c: `c' has the unusually small value of 634.694e-21 F.
    I0.I46.RLIB_GC1.CS1 of rpoly1c: `c' has the unusually small value of 634.694e-21 F.
    I0.I45.RLIB_GC1.CS0 of rpoly1c: `c' has the unusually small value of 634.694e-21 F.
    I0... {"history": "MonteCarlo.6", "point": 105, "testname": "PTAT_MC", "cornername": "Nominal"}
[2026-06-01 14:23:21.921 Z] [INFO] [cadence.virtuoso.ade.simulationMonitor] - Notice from spectre during hierarchy flattening.
    V8: `period' has the unusually large value of 100 s.
    V7: `period' has the unusually large value of 10 s.
    V3: `period' has the unusually large value of 6 s.
    I26: `period' has the unusually large value of 6 s. {"history": "MonteCarlo.6", "point": 105, "testname": "PTAT_MC", "cornername": "Nominal"}
[2026-06-01 14:23:21.921 Z] [INFO] [cadence.virtuoso.ade.simulationMonitor] - Peak resident memory used = 221 Mbytes. {"history": "MonteCarlo.6", "point": 105, "testname": "PTAT_MC", "cornername": "Nominal"}
[2026-06-01 14:23:21.922 Z] [WARN] [cadence.virtuoso.ade.simulationMonitor] -     WARNING (CMI-2425): I7.I4.C1<0>_turbo_m11: `Acde' = 2.393 is unusually large. {"history": "MonteCarlo.6", "point": 105, "testname": "PTAT_MC", "cornername": "Nominal"}
[2026-06-01 14:23:21.922 Z] [WARN] [cadence.virtuoso.ade.simulationMonitor] -     WARNING (CMI-2425): I7.I4.C1<0>_turbo_m11: `Noff' = 4.732 is unusually large. {"history": "MonteCarlo.6", "point": 105, "testname": "PTAT_MC", "cornername": "Nominal"}
[2026-06-01 14:23:21.922 Z] [WARN] [cadence.virtuoso.ade.simulationMonitor] -     WARNING (CMI-2424): I7.I4.C1<0>_turbo_m11: `Voffcv' = -867.4e-03 is unusually small. {"history": "MonteCarlo.6", "point": 105, "testname": "PTAT_MC", "cornername": "Nominal"}
[2026-06-01 14:23:21.922 Z] [WARN] [cadence.virtuoso.ade.simulationMonitor] -     WARNING (CMI-2425): I7.I3.C1<0>_turbo_m6: `Acde' = 2.393 is unusually large. {"history": "MonteCarlo.6", "point": 105, "testname": "PTAT_MC", "cornername": "Nominal"}
[2026-06-01 14:23:21.922 Z] [WARN] [cadence.virtuoso.ade.simulationMonitor] -     WARNING (CMI-2425): I7.I3.C1<0>_turbo_m6: `Noff' = 4.732 is unusually large. {"history": "MonteCarlo.6", "point": 105, "testname": "PTAT_MC", "cornername": "Nominal"}
[2026-06-01 14:23:21.923 Z] [WARN] [cadence.virtuoso.ade.simulationMonitor] -     WARNING (CMI-2424): I7.I3.C1<0>_turbo_m6: `Voffcv' = -867.4e-03 is unusually small. {"history": "MonteCarlo.6", "point": 105, "testname": "PTAT_MC", "cornername": "Nominal"}
[2026-06-01 14:23:21.923 Z] [WARN] [cadence.virtuoso.ade.simulationMonitor] -     WARNING (CMI-2425): I7.I0.C0<0>_turbo_m6: `Acde' = 2.393 is unusually large.
        Further occurrences of this warning will be suppressed. {"history": "MonteCarlo.6", "point": 105, "testname": "PTAT_MC", "cornername": "Nominal"}
[2026-06-01 14:23:21.923 Z] [WARN] [cadence.virtuoso.ade.simulationMonitor] -     WARNING (CMI-2424): I7.I0.C0<0>_turbo_m6: `Voffcv' = -867.4e-03 is unusually small. {"history": "MonteCarlo.6", "point": 105, "testname": "PTAT_MC", "cornername": "Nominal"}
[2026-06-01 14:23:21.923 Z] [WARN] [cadence.virtuoso.ade.simulationMonitor] -     WARNING (CMI-2424): I7.I0.C2: `Voffcv' = -867.4e-03 is unusually small. {"history": "MonteCarlo.6", "point": 105, "testname": "PTAT_MC", "cornername": "Nominal"}
[2026-06-01 14:23:21.923 Z] [WARN] [cadence.virtuoso.ade.simulationMonitor] -     WARNING (CMI-2424): I7.I0.C1: `Voffcv' = -867.4e-03 is unusually small.
        Further occurrences of this warning will be suppressed. {"history": "MonteCarlo.6", "point": 105, "testname": "PTAT_MC", "cornername": "Nominal"}
[2026-06-01 14:23:21.923 Z] [WARN] [cadence.virtuoso.ade.simulationMonitor] -     WARNING (SPECTRE-17607): Assert `SOAC_vert10_vsubpsub' is ignored because it contains an expression which is invalid or not supported by native evaluator.  {"history": "MonteCarlo.6", "point": 105, "testname": "PTAT_MC", "cornername": "Nominal"}
[2026-06-01 14:23:21.924 Z] [WARN] [cadence.virtuoso.ade.simulationMonitor] -     WARNING (SPECTRE-17607): Assert `SOAC_vert10_vcsub' is ignored because it contains an expression which is invalid or not supported by native evaluator.  {"history": "MonteCarlo.6", "point": 105, "testname": "PTAT_MC", "cornername": "Nominal"}
[2026-06-01 14:23:21.924 Z] [WARN] [cadence.virtuoso.ade.simulationMonitor] -     WARNING (SPECTRE-16460): SOAC_cvarm_vspsub:Specified subcircuit master `cvarm' was not found. {"history": "MonteCarlo.6", "point": 105, "testname": "PTAT_MC", "cornername": "Nominal"}
[2026-06-01 14:23:21.924 Z] [WARN] [cadence.virtuoso.ade.simulationMonitor] -     WARNING (SPECTRE-16462): SOAC_cvarm_vspsub:Error in specification of subcircuit master. Assert is ignored. {"history": "MonteCarlo.6", "point": 105, "testname": "PTAT_MC", "cornername": "Nominal"}
[2026-06-01 14:23:21.924 Z] [WARN] [cadence.virtuoso.ade.simulationMonitor] -     WARNING (SPECTRE-16460): SOAC_cvarm_vbs:Specified subcircuit master `cvarm' was not found. {"history": "MonteCarlo.6", "point": 105, "testname": "PTAT_MC", "cornername": "Nominal"}
[2026-06-01 14:23:21.924 Z] [WARN] [cadence.virtuoso.ade.simulationMonitor] -     WARNING (SPECTRE-16462): SOAC_cvarm_vbs:Error in specification of subcircuit master. Assert is ignored. {"history": "MonteCarlo.6", "point": 105, "testname": "PTAT_MC", "cornername": "Nominal"}
[2026-06-01 14:23:21.925 Z] [WARN] [cadence.virtuoso.ade.simulationMonitor] -     WARNING (SPECTRE-16460): SOAC_cvarm_vgb:Specified subcircuit master `cvarm' was not found. {"history": "MonteCarlo.6", "point": 105, "testname": "PTAT_MC", "cornername": "Nominal"}
[2026-06-01 14:23:21.925 Z] [WARN] [cadence.virtuoso.ade.simulationMonitor] -     WARNING (SPECTRE-16462): SOAC_cvarm_vgb:Error in specification of subcircuit master. Assert is ignored. {"history": "MonteCarlo.6", "point": 105, "testname": "PTAT_MC", "cornername": "Nominal"}
[2026-06-01 14:23:21.925 Z] [WARN] [cadence.virtuoso.ade.simulationMonitor] -     WARNING (SPECTRE-16460): SOAC_cvart_vspsub:Specified subcircuit master `cvart' was not found. {"history": "MonteCarlo.6", "point": 105, "testname": "PTAT_MC", "cornername": "Nominal"}
[2026-06-01 14:23:21.925 Z] [WARN] [cadence.virtuoso.ade.simulationMonitor] -     WARNING (SPECTRE-16462): SOAC_cvart_vspsub:Error in specification of subcircuit master. Assert is ignored. {"history": "MonteCarlo.6", "point": 105, "testname": "PTAT_MC", "cornername": "Nominal"}
[2026-06-01 14:23:21.925 Z] [WARN] [cadence.virtuoso.ade.simulationMonitor] -     WARNING (SPECTRE-16460): SOAC_cvart_vbs:Specified subcircuit master `cvart' was not found.
        Further occurrences of this warning will be suppressed. {"history": "MonteCarlo.6", "point": 105, "testname": "PTAT_MC", "cornername": "Nominal"}
[2026-06-01 14:23:21.925 Z] [WARN] [cadence.virtuoso.ade.simulationMonitor] -     WARNING (SPECTRE-16462): SOAC_cvart_vbs:Error in specification of subcircuit master. Assert is ignored.
        Further occurrences of this warning will be suppressed. {"history": "MonteCarlo.6", "point": 105, "testname": "PTAT_MC", "cornername": "Nominal"}
[2026-06-01 14:23:22.426 Z] [INFO] [cadence.virtuoso.ade.simulationMonitor] - Notice from spectre during topology check.
    Only one connection to the following 1034 nodes:
        I0.I46.RLIB_GC1.R1.psub!
        I0.I46.RLIB_GC1.R2.psub!
        I0.I46.MNLIB_DR1.M_esdnmos4.psub!
        I0.I46.DLIB2.psub!
        I0.I46.DLIB1.psub!
        Further occurrences of this notice will be suppressed. {"history": "MonteCarlo.6", "point": 105, "testname": "PTAT_MC", "cornername": "Nominal"}
[2026-06-01 14:23:22.930 Z] [INFO] [cadence.virtuoso.ade.simulationMonitor] -               nodes 3364 {"history": "MonteCarlo.6", "point": 105, "testname": "PTAT_MC", "cornername": "Nominal"}
[2026-06-01 14:23:22.930 Z] [INFO] [cadence.virtuoso.ade.simulationMonitor] - Notice from spectre during initial setup.
    7 resistors are shorted because their absolute value is less than or equal to 'rabsshort'.
    4 resistors are changed to resistance form because their value are less than 'rthresh'.
    Spectre X preset=cx enabled.
    43 notices suppressed.
    125 warnings suppressed. {"history": "MonteCarlo.6", "point": 105, "testname": "PTAT_MC", "cornername": "Nominal"}
[2026-06-01 14:23:22.931 Z] [INFO] [cadence.virtuoso.ade.simulationMonitor] - Notice from spectre.
    Multithreading enabled: 8 threads in the system with 48 available processors. {"history": "MonteCarlo.6", "point": 105, "testname": "PTAT_MC", "cornername": "Nominal"}
[2026-06-01 14:23:22.931 Z] [INFO] [cadence.virtuoso.ade.simulationMonitor] - Peak resident memory used = 247 Mbytes. {"history": "MonteCarlo.6", "point": 105, "testname": "PTAT_MC", "cornername": "Nominal"}
[2026-06-01 14:23:22.931 Z] [INFO] [cadence.virtuoso.ade.simulationMonitor] -    -   (Spectre X) Multi-threading. The recommended number of threads is [2, 4], consider adding +mt=2 or +mt=4 on command line. {"history": "MonteCarlo.6", "point": 105, "testname": "PTAT_MC", "cornername": "Nominal"}
[2026-06-01 14:23:22.931 Z] [INFO] [cadence.virtuoso.ade.simulationMonitor] - Notice from spectre at iteration = 105 in `rpoly1c':`I0.I46.RLIB_GC1', in `AGND3ALLP':`I0.I46', in `IO_RING_S_VH':`I0', during Monte Carlo analysis `mc1'.
    I0.I46.RLIB_GC1.CS0 of rpoly1c: `c' has the unusually small value of 634.694e-21 F.
    I0.I46.RLIB_GC1.CS1 of rpoly1c: `c' has the unusually small value of 634.694e-21 F. {"history": "MonteCarlo.6", "point": 105, "testname": "PTAT_MC", "cornername": "Nominal"}
[2026-06-01 14:23:22.931 Z] [INFO] [cadence.virtuoso.ade.simulationMonitor] - Notice from spectre at iteration = 105 in `rpoly1c':`I0.I45.RLIB_GC1', in `AVDD3ALLP':`I0.I45', in `IO_RING_S_VH':`I0', during Monte Carlo analysis `mc1'.
    I0.I45.RLIB_GC1.CS0 of rpoly1c: `c' has the unusually small value of 634.694e-21 F.
    I0.I45.RLIB_GC1.CS1 of rpoly1c: `c' has the unusually small value of 634.694e-21 F. {"history": "MonteCarlo.6", "point": 105, "testname": "PTAT_MC", "cornername": "Nominal"}
[2026-06-01 14:23:22.931 Z] [INFO] [cadence.virtuoso.ade.simulationMonitor] - Notice from spectre at iteration = 105 in `rpoly1c':`I0.I20.RLIB_GC1', in `VDD3RP':`I0.I20', in `IO_RING_S_VH':`I0', during Monte Carlo analysis `mc1'.
    I0.I20.RLIB_GC1.CS0 of rpoly1c: `c' has the unusually small value of 634.694e-21 F.
        Further occurrences of this notice will be suppressed. {"history": "MonteCarlo.6", "point": 105, "testname": "PTAT_MC", "cornername": "Nominal"}
[2026-06-01 14:23:22.932 Z] [INFO] [cadence.virtuoso.ade.simulationMonitor] - Notice from spectre at iteration = 105 during Monte Carlo analysis `mc1'.
    V8: `period' has the unusually large value of 100 s.
    V7: `period' has the unusually large value of 10 s.
    V3: `period' has the unusually large value of 6 s.
    I26: `period' has the unusually large value of 6 s. {"history": "MonteCarlo.6", "point": 105, "testname": "PTAT_MC", "cornername": "Nominal"}
[2026-06-01 14:23:22.932 Z] [WARN] [cadence.virtuoso.ade.simulationMonitor] -     WARNING (CMI-2425): I2.I25.I33.C0: `Acde' = 2.393 is unusually large. {"history": "MonteCarlo.6", "point": 105, "testname": "PTAT_MC", "cornername": "Nominal"}
[2026-06-01 14:23:22.932 Z] [WARN] [cadence.virtuoso.ade.simulationMonitor] -     WARNING (CMI-2425): I2.I25.I33.C0: `Noff' = 4.732 is unusually large. {"history": "MonteCarlo.6", "point": 105, "testname": "PTAT_MC", "cornername": "Nominal"}
[2026-06-01 14:23:22.932 Z] [WARN] [cadence.virtuoso.ade.simulationMonitor] -     WARNING (CMI-2424): I2.I25.I33.C0: `Voffcv' = -867.4e-03 is unusually small. {"history": "MonteCarlo.6", "point": 105, "testname": "PTAT_MC", "cornername": "Nominal"}
[2026-06-01 14:23:22.932 Z] [WARN] [cadence.virtuoso.ade.simulationMonitor] -     WARNING (CMI-2425): I2.I25.I22.C2: `Acde' = 2.393 is unusually large. {"history": "MonteCarlo.6", "point": 105, "testname": "PTAT_MC", "cornername": "Nominal"}
[2026-06-01 14:23:22.932 Z] [WARN] [cadence.virtuoso.ade.simulationMonitor] -     WARNING (CMI-2425): I2.I25.I22.C2: `Noff' = 4.732 is unusually large. {"history": "MonteCarlo.6", "point": 105, "testname": "PTAT_MC", "cornername": "Nominal"}
[2026-06-01 14:23:22.933 Z] [WARN] [cadence.virtuoso.ade.simulationMonitor] -     WARNING (CMI-2424): I2.I25.I22.C2: `Voffcv' = -867.4e-03 is unusually small. {"history": "MonteCarlo.6", "point": 105, "testname": "PTAT_MC", "cornername": "Nominal"}
[2026-06-01 14:23:22.933 Z] [WARN] [cadence.virtuoso.ade.simulationMonitor] -     WARNING (CMI-2425): I2.I25.I33.C1: `Acde' = 2.393 is unusually large.
        Further occurrences of this warning will be suppressed. {"history": "MonteCarlo.6", "point": 105, "testname": "PTAT_MC", "cornername": "Nominal"}
[2026-06-01 14:23:22.933 Z] [WARN] [cadence.virtuoso.ade.simulationMonitor] -     WARNING (CMI-2424): I2.I25.I33.C1: `Voffcv' = -867.4e-03 is unusually small. {"history": "MonteCarlo.6", "point": 105, "testname": "PTAT_MC", "cornername": "Nominal"}
[2026-06-01 14:23:22.933 Z] [WARN] [cadence.virtuoso.ade.simulationMonitor] -     WARNING (CMI-2424): I2.I56.I3.C2: `Voffcv' = -867.4e-03 is unusually small. {"history": "MonteCarlo.6", "point": 105, "testname": "PTAT_MC", "cornername": "Nominal"}
[2026-06-01 14:23:22.933 Z] [WARN] [cadence.virtuoso.ade.simulationMonitor] -     WARNING (CMI-2424): I7.I1.C0: `Voffcv' = -867.4e-03 is unusually small.
        Further occurrences of this warning will be suppressed. {"history": "MonteCarlo.6", "point": 105, "testname": "PTAT_MC", "cornername": "Nominal"}
[2026-06-01 14:23:22.933 Z] [INFO] [cadence.virtuoso.ade.simulationMonitor] - Notice from spectre at iteration = 105 during DC analysis `dcOp', during Monte Carlo analysis `mc1'.
    No checklimit analysis defined for asserts. A default checklimit analysis 'SpectreChecklimitAnal' has been created with all asserts enabled. {"history": "MonteCarlo.6", "point": 105, "testname": "PTAT_MC", "cornername": "Nominal"}
[2026-06-01 14:23:23.434 Z] [WARN] [cadence.virtuoso.ade.simulationMonitor] -     WARNING (CMI-2943): Parameter checks have been ignored because the valid value for parameter 'trise' could not be found in 'C0'. {"history": "MonteCarlo.6", "point": 105, "testname": "PTAT_MC", "cornername": "Nominal"}
[2026-06-01 14:23:23.434 Z] [WARN] [cadence.virtuoso.ade.simulationMonitor] -     WARNING (CMI-2943): Parameter checks have been ignored because the valid value for parameter 'trise' could not be found in 'C1'. {"history": "MonteCarlo.6", "point": 105, "testname": "PTAT_MC", "cornername": "Nominal"}
[2026-06-01 14:23:23.435 Z] [WARN] [cadence.virtuoso.ade.simulationMonitor] -     WARNING (CMI-2943): Parameter checks have been ignored because the valid value for parameter 'trise' could not be found in 'C11'. {"history": "MonteCarlo.6", "point": 105, "testname": "PTAT_MC", "cornername": "Nominal"}
[2026-06-01 14:23:23.435 Z] [WARN] [cadence.virtuoso.ade.simulationMonitor] -     WARNING (CMI-2943): Parameter checks have been ignored because the valid value for parameter 'trise' could not be found in 'C12'. {"history": "MonteCarlo.6", "point": 105, "testname": "PTAT_MC", "cornername": "Nominal"}
[2026-06-01 14:23:23.435 Z] [WARN] [cadence.virtuoso.ade.simulationMonitor] -     WARNING (CMI-2943): Parameter checks have been ignored because the valid value for parameter 'trise' could not be found in 'C5'.
        Further occurrences of this warning will be suppressed. {"history": "MonteCarlo.6", "point": 105, "testname": "PTAT_MC", "cornername": "Nominal"}
[2026-06-01 14:23:23.435 Z] [INFO] [cadence.virtuoso.ade.simulationMonitor] - Notice from spectre at iteration = 105 during check, during DC analysis `dcOp', during Monte Carlo analysis `mc1'.
    I0.I3.RLIB_GC1 of rdiffp3: `ig' has the unusually large value of -89.0477 A.
        Further occurrences of this notice will be suppressed. {"history": "MonteCarlo.6", "point": 105, "testname": "PTAT_MC", "cornername": "Nominal"}
[2026-06-01 14:23:23.936 Z] [INFO] [cadence.virtuoso.ade.simulationMonitor] - Total time required for dc analysis `dcOp': CPU = 1.37578 s, elapsed = 477.583 ms, util. = 288%. {"history": "MonteCarlo.6", "point": 105, "testname": "PTAT_MC", "cornername": "Nominal"}
[2026-06-01 14:23:23.936 Z] [INFO] [cadence.virtuoso.ade.simulationMonitor] - Peak resident memory used = 267 Mbytes. {"history": "MonteCarlo.6", "point": 105, "testname": "PTAT_MC", "cornername": "Nominal"}
[2026-06-01 14:23:23.937 Z] [INFO] [cadence.virtuoso.ade.simulationMonitor] - Notice from spectre at iteration = 105 during Monte Carlo analysis `mc1'.
    26 notices suppressed.
    1059 warnings suppressed. {"history": "MonteCarlo.6", "point": 105, "testname": "PTAT_MC", "cornername": "Nominal"}
[2026-06-01 14:23:23.937 Z] [WARN] [cadence.virtuoso.ade.simulationMonitor] -     WARNING (CMI-2425): I7.I0.C0<0>_dummy: `Acde' = 2.393 is unusually large. {"history": "MonteCarlo.6", "point": 105, "testname": "PTAT_MC", "cornername": "Nominal"}
[2026-06-01 14:23:23.937 Z] [WARN] [cadence.virtuoso.ade.simulationMonitor] -     WARNING (CMI-2425): I7.I0.C0<0>_dummy: `Noff' = 4.732 is unusually large. {"history": "MonteCarlo.6", "point": 105, "testname": "PTAT_MC", "cornername": "Nominal"}
[2026-06-01 14:23:23.937 Z] [WARN] [cadence.virtuoso.ade.simulationMonitor] -     WARNING (CMI-2424): I7.I0.C0<0>_dummy: `Voffcv' = -867.4e-03 is unusually small. {"history": "MonteCarlo.6", "point": 105, "testname": "PTAT_MC", "cornername": "Nominal"}
[2026-06-01 14:23:23.937 Z] [WARN] [cadence.virtuoso.ade.simulationMonitor] -     WARNING (CMI-2425): I7.I3.C1<0>_dummy: `Acde' = 2.393 is unusually large. {"history": "MonteCarlo.6", "point": 105, "testname": "PTAT_MC", "cornername": "Nominal"}
[2026-06-01 14:23:23.937 Z] [WARN] [cadence.virtuoso.ade.simulationMonitor] -     WARNING (CMI-2425): I7.I3.C1<0>_dummy: `Noff' = 4.732 is unusually large. {"history": "MonteCarlo.6", "point": 105, "testname": "PTAT_MC", "cornername": "Nominal"}
[2026-06-01 14:23:23.938 Z] [WARN] [cadence.virtuoso.ade.simulationMonitor] -     WARNING (CMI-2424): I7.I3.C1<0>_dummy: `Voffcv' = -867.4e-03 is unusually small. {"history": "MonteCarlo.6", "point": 105, "testname": "PTAT_MC", "cornername": "Nominal"}
[2026-06-01 14:23:23.938 Z] [WARN] [cadence.virtuoso.ade.simulationMonitor] -     WARNING (CMI-2425): I7.I4.C1<0>_dummy: `Acde' = 2.393 is unusually large.
        Further occurrences of this warning will be suppressed. {"history": "MonteCarlo.6", "point": 105, "testname": "PTAT_MC", "cornername": "Nominal"}
[2026-06-01 14:23:23.938 Z] [WARN] [cadence.virtuoso.ade.simulationMonitor] -     WARNING (CMI-2424): I7.I4.C1<0>_dummy: `Voffcv' = -867.4e-03 is unusually small. {"history": "MonteCarlo.6", "point": 105, "testname": "PTAT_MC", "cornername": "Nominal"}
[2026-06-01 14:23:23.938 Z] [INFO] [cadence.virtuoso.ade.simulationMonitor] - Notice from spectre at iteration = 105 during Monte Carlo analysis `mc1'.
    1 warning suppressed. {"history": "MonteCarlo.6", "point": 105, "testname": "PTAT_MC", "cornername": "Nominal"}
[2026-06-01 14:23:23.938 Z] [WARN] [cadence.virtuoso.ade.simulationMonitor] -     WARNING (CMI-2425): I2.I25.I33.C0: `Acde' = 2.393 is unusually large. {"history": "MonteCarlo.6", "point": 105, "testname": "PTAT_MC", "cornername": "Nominal"}
[2026-06-01 14:23:23.938 Z] [WARN] [cadence.virtuoso.ade.simulationMonitor] -     WARNING (CMI-2425): I2.I25.I33.C0: `Noff' = 4.732 is unusually large. {"history": "MonteCarlo.6", "point": 105, "testname": "PTAT_MC", "cornername": "Nominal"}
[2026-06-01 14:23:23.939 Z] [WARN] [cadence.virtuoso.ade.simulationMonitor] -     WARNING (CMI-2424): I2.I25.I33.C0: `Voffcv' = -867.4e-03 is unusually small. {"history": "MonteCarlo.6", "point": 105, "testname": "PTAT_MC", "cornername": "Nominal"}
[2026-06-01 14:23:23.939 Z] [WARN] [cadence.virtuoso.ade.simulationMonitor] -     WARNING (CMI-2425): I7.I4.C1<0>_turbo_m11: `Acde' = 2.393 is unusually large. {"history": "MonteCarlo.6", "point": 105, "testname": "PTAT_MC", "cornername": "Nominal"}
[2026-06-01 14:23:23.939 Z] [WARN] [cadence.virtuoso.ade.simulationMonitor] -     WARNING (CMI-2425): I7.I4.C1<0>_turbo_m11: `Noff' = 4.732 is unusually large. {"history": "MonteCarlo.6", "point": 105, "testname": "PTAT_MC", "cornername": "Nominal"}
[2026-06-01 14:23:23.939 Z] [WARN] [cadence.virtuoso.ade.simulationMonitor] -     WARNING (CMI-2424): I7.I4.C1<0>_turbo_m11: `Voffcv' = -867.4e-03 is unusually small. {"history": "MonteCarlo.6", "point": 105, "testname": "PTAT_MC", "cornername": "Nominal"}
[2026-06-01 14:23:23.939 Z] [WARN] [cadence.virtuoso.ade.simulationMonitor] -     WARNING (CMI-2425): I7.I3.C1<0>_turbo_m6: `Acde' = 2.393 is unusually large.
        Further occurrences of this warning will be suppressed. {"history": "MonteCarlo.6", "point": 105, "testname": "PTAT_MC", "cornername": "Nominal"}
[2026-06-01 14:23:23.940 Z] [WARN] [cadence.virtuoso.ade.simulationMonitor] -     WARNING (CMI-2424): I7.I3.C1<0>_turbo_m6: `Voffcv' = -867.4e-03 is unusually small. {"history": "MonteCarlo.6", "point": 105, "testname": "PTAT_MC", "cornername": "Nominal"}
[2026-06-01 14:23:23.940 Z] [WARN] [cadence.virtuoso.ade.simulationMonitor] -     WARNING (CMI-2424): I7.I0.C0<0>_turbo_m6: `Voffcv' = -867.4e-03 is unusually small. {"history": "MonteCarlo.6", "point": 105, "testname": "PTAT_MC", "cornername": "Nominal"}
[2026-06-01 14:23:23.940 Z] [WARN] [cadence.virtuoso.ade.simulationMonitor] -     WARNING (CMI-2424): I7.I0.C2: `Voffcv' = -867.4e-03 is unusually small.
        Further occurrences of this warning will be suppressed. {"history": "MonteCarlo.6", "point": 105, "testname": "PTAT_MC", "cornername": "Nominal"}
[2026-06-01 14:23:24.441 Z] [INFO] [cadence.virtuoso.ade.simulationMonitor] - Notice from spectre at temp = -40 C during DC analysis `dc', during Monte Carlo analysis `mc1'.
    Bad pivoting is found during DC analysis. Option dc_pivot_check=yes is recommended for possible improvement of convergence. {"history": "MonteCarlo.6", "point": 105, "testname": "PTAT_MC", "cornername": "Nominal"}
[2026-06-01 14:23:24.442 Z] [INFO] [cadence.virtuoso.ade.simulationMonitor] - Notice from spectre at temp = -39 C during DC analysis `dc', during Monte Carlo analysis `mc1'.
    Bad pivoting is found during DC analysis. Option dc_pivot_check=yes is recommended for possible improvement of convergence. {"history": "MonteCarlo.6", "point": 105, "testname": "PTAT_MC", "cornername": "Nominal"}
[2026-06-01 14:23:24.442 Z] [INFO] [cadence.virtuoso.ade.simulationMonitor] - Notice from spectre at temp = -38 C during DC analysis `dc', during Monte Carlo analysis `mc1'.
    Bad pivoting is found during DC analysis. Option dc_pivot_check=yes is recommended for possible improvement of convergence. {"history": "MonteCarlo.6", "point": 105, "testname": "PTAT_MC", "cornername": "Nominal"}
[2026-06-01 14:23:24.442 Z] [INFO] [cadence.virtuoso.ade.simulationMonitor] - Notice from spectre at temp = -37 C during DC analysis `dc', during Monte Carlo analysis `mc1'.
    Bad pivoting is found during DC analysis. Option dc_pivot_check=yes is recommended for possible improvement of convergence. {"history": "MonteCarlo.6", "point": 105, "testname": "PTAT_MC", "cornername": "Nominal"}
[2026-06-01 14:23:24.443 Z] [INFO] [cadence.virtuoso.ade.simulationMonitor] - Notice from spectre at temp = -36 C during DC analysis `dc', during Monte Carlo analysis `mc1'.
    Bad pivoting is found during DC analysis. Option dc_pivot_check=yes is recommended for possible improvement of convergence.
        Further occurrences of this notice will be suppressed. {"history": "MonteCarlo.6", "point": 105, "testname": "PTAT_MC", "cornername": "Nominal"}
[2026-06-01 14:23:30.447 Z] [WARN] [cadence.virtuoso.ade.simulationMonitor] -     WARNING (CMI-2943): Parameter checks have been ignored because the valid value for parameter 'trise' could not be found in 'C0'. {"history": "MonteCarlo.6", "point": 105, "testname": "PTAT_MC", "cornername": "Nominal"}
[2026-06-01 14:23:30.447 Z] [WARN] [cadence.virtuoso.ade.simulationMonitor] -     WARNING (CMI-2943): Parameter checks have been ignored because the valid value for parameter 'trise' could not be found in 'C1'. {"history": "MonteCarlo.6", "point": 105, "testname": "PTAT_MC", "cornername": "Nominal"}
[2026-06-01 14:23:30.447 Z] [WARN] [cadence.virtuoso.ade.simulationMonitor] -     WARNING (CMI-2943): Parameter checks have been ignored because the valid value for parameter 'trise' could not be found in 'C11'. {"history": "MonteCarlo.6", "point": 105, "testname": "PTAT_MC", "cornername": "Nominal"}
[2026-06-01 14:23:30.447 Z] [WARN] [cadence.virtuoso.ade.simulationMonitor] -     WARNING (CMI-2943): Parameter checks have been ignored because the valid value for parameter 'trise' could not be found in 'C12'. {"history": "MonteCarlo.6", "point": 105, "testname": "PTAT_MC", "cornername": "Nominal"}
[2026-06-01 14:23:30.448 Z] [WARN] [cadence.virtuoso.ade.simulationMonitor] -     WARNING (CMI-2943): Parameter checks have been ignored because the valid value for parameter 'trise' could not be found in 'C5'.
        Further occurrences of this warning will be suppressed. {"history": "MonteCarlo.6", "point": 105, "testname": "PTAT_MC", "cornername": "Nominal"}
[2026-06-01 14:23:30.448 Z] [INFO] [cadence.virtuoso.ade.simulationMonitor] - Notice from spectre at temp = 85 C during check, during DC analysis `dc', during Monte Carlo analysis `mc1'.
    I0.I3.RLIB_GC1 of rdiffp3: `ig' has the unusually large value of -76.2502 A.
    I0.I3.RLIB_GC2 of rdiffp3: `ig' has the unusually large value of -76.2502 A. {"history": "MonteCarlo.6", "point": 105, "testname": "PTAT_MC", "cornername": "Nominal"}
[2026-06-01 14:23:30.448 Z] [INFO] [cadence.virtuoso.ade.simulationMonitor] - Notice from spectre at temp = 85 C during DC analysis `dc', during Monte Carlo analysis `mc1'.
    The value of parameter 'temp' has been reset to the original value 27. {"history": "MonteCarlo.6", "point": 105, "testname": "PTAT_MC", "cornername": "Nominal"}
[2026-06-01 14:23:30.448 Z] [INFO] [cadence.virtuoso.ade.simulationMonitor] - Total time required for dc analysis `dc': CPU = 8.74034 s, elapsed = 6.64176 s, util. = 132%. {"history": "MonteCarlo.6", "point": 105, "testname": "PTAT_MC", "cornername": "Nominal"}
[2026-06-01 14:23:30.448 Z] [INFO] [cadence.virtuoso.ade.simulationMonitor] - Peak resident memory used = 280 Mbytes. {"history": "MonteCarlo.6", "point": 105, "testname": "PTAT_MC", "cornername": "Nominal"}
[2026-06-01 14:23:30.449 Z] [INFO] [cadence.virtuoso.ade.simulationMonitor] - Notice from spectre during Monte Carlo analysis `mc1'.
    121 notices suppressed.
    8649 warnings suppressed. {"history": "MonteCarlo.6", "point": 105, "testname": "PTAT_MC", "cornername": "Nominal"}
[2026-06-01 14:23:30.449 Z] [WARN] [cadence.virtuoso.ade.simulationMonitor] -     WARNING (CMI-2425): I7.I4.C1<0>_turbo_m11: `Acde' = 2.393 is unusually large. {"history": "MonteCarlo.6", "point": 105, "testname": "PTAT_MC", "cornername": "Nominal"}
[2026-06-01 14:23:30.449 Z] [WARN] [cadence.virtuoso.ade.simulationMonitor] -     WARNING (CMI-2425): I7.I4.C1<0>_turbo_m11: `Noff' = 4.732 is unusually large. {"history": "MonteCarlo.6", "point": 105, "testname": "PTAT_MC", "cornername": "Nominal"}
[2026-06-01 14:23:30.449 Z] [WARN] [cadence.virtuoso.ade.simulationMonitor] -     WARNING (CMI-2424): I7.I4.C1<0>_turbo_m11: `Voffcv' = -867.4e-03 is unusually small. {"history": "MonteCarlo.6", "point": 105, "testname": "PTAT_MC", "cornername": "Nominal"}
[2026-06-01 14:23:30.449 Z] [WARN] [cadence.virtuoso.ade.simulationMonitor] -     WARNING (CMI-2425): I7.I3.C1<0>_turbo_m6: `Acde' = 2.393 is unusually large. {"history": "MonteCarlo.6", "point": 105, "testname": "PTAT_MC", "cornername": "Nominal"}
[2026-06-01 14:23:30.450 Z] [WARN] [cadence.virtuoso.ade.simulationMonitor] -     WARNING (CMI-2425): I7.I3.C1<0>_turbo_m6: `Noff' = 4.732 is unusually large. {"history": "MonteCarlo.6", "point": 105, "testname": "PTAT_MC", "cornername": "Nominal"}
[2026-06-01 14:23:30.450 Z] [WARN] [cadence.virtuoso.ade.simulationMonitor] -     WARNING (CMI-2424): I7.I3.C1<0>_turbo_m6: `Voffcv' = -867.4e-03 is unusually small. {"history": "MonteCarlo.6", "point": 105, "testname": "PTAT_MC", "cornername": "Nominal"}
[2026-06-01 14:23:30.450 Z] [WARN] [cadence.virtuoso.ade.simulationMonitor] -     WARNING (CMI-2425): I7.I0.C0<0>_turbo_m6: `Acde' = 2.393 is unusually large.
        Further occurrences of this warning will be suppressed. {"history": "MonteCarlo.6", "point": 105, "testname": "PTAT_MC", "cornername": "Nominal"}
[2026-06-01 14:23:30.450 Z] [WARN] [cadence.virtuoso.ade.simulationMonitor] -     WARNING (CMI-2424): I7.I0.C0<0>_turbo_m6: `Voffcv' = -867.4e-03 is unusually small. {"history": "MonteCarlo.6", "point": 105, "testname": "PTAT_MC", "cornername": "Nominal"}
[2026-06-01 14:23:30.450 Z] [WARN] [cadence.virtuoso.ade.simulationMonitor] -     WARNING (CMI-2424): I7.I0.C2: `Voffcv' = -867.4e-03 is unusually small. {"history": "MonteCarlo.6", "point": 105, "testname": "PTAT_MC", "cornername": "Nominal"}
[2026-06-01 14:23:30.450 Z] [WARN] [cadence.virtuoso.ade.simulationMonitor] -     WARNING (CMI-2424): I7.I0.C1: `Voffcv' = -867.4e-03 is unusually small.
        Further occurrences of this warning will be suppressed. {"history": "MonteCarlo.6", "point": 105, "testname": "PTAT_MC", "cornername": "Nominal"}
[2026-06-01 14:23:30.951 Z] [WARN] [cadence.virtuoso.ade.simulationMonitor] -     WARNING (CMI-2943): Parameter checks have been ignored because the valid value for parameter 'trise' could not be found in 'C0'. {"history": "MonteCarlo.6", "point": 105, "testname": "PTAT_MC", "cornername": "Nominal"}
[2026-06-01 14:23:30.951 Z] [WARN] [cadence.virtuoso.ade.simulationMonitor] -     WARNING (CMI-2943): Parameter checks have been ignored because the valid value for parameter 'trise' could not be found in 'C1'. {"history": "MonteCarlo.6", "point": 105, "testname": "PTAT_MC", "cornername": "Nominal"}
[2026-06-01 14:23:30.952 Z] [WARN] [cadence.virtuoso.ade.simulationMonitor] -     WARNING (CMI-2943): Parameter checks have been ignored because the valid value for parameter 'trise' could not be found in 'C11'. {"history": "MonteCarlo.6", "point": 105, "testname": "PTAT_MC", "cornername": "Nominal"}
[2026-06-01 14:23:30.952 Z] [WARN] [cadence.virtuoso.ade.simulationMonitor] -     WARNING (CMI-2943): Parameter checks have been ignored because the valid value for parameter 'trise' could not be found in 'C12'. {"history": "MonteCarlo.6", "point": 105, "testname": "PTAT_MC", "cornername": "Nominal"}
[2026-06-01 14:23:30.952 Z] [WARN] [cadence.virtuoso.ade.simulationMonitor] -     WARNING (CMI-2943): Parameter checks have been ignored because the valid value for parameter 'trise' could not be found in 'C5'.
        Further occurrences of this warning will be suppressed. {"history": "MonteCarlo.6", "point": 105, "testname": "PTAT_MC", "cornername": "Nominal"}
[2026-06-01 14:23:30.952 Z] [INFO] [cadence.virtuoso.ade.simulationMonitor] - Notice from spectre at freq = 0 Hz during check, during DC analysis, during XF analysis `xf', during Monte Carlo analysis `mc1'.
    I0.I3.RLIB_GC1 of rdiffp3: `ig' has the unusually large value of -89.0477 A.
    I0.I3.RLIB_GC2 of rdiffp3: `ig' has the unusually large value of -89.0477 A. {"history": "MonteCarlo.6", "point": 105, "testname": "PTAT_MC", "cornername": "Nominal"}
[2026-06-01 14:23:30.952 Z] [WARN] [cadence.virtuoso.ade.simulationMonitor] -     WARNING (SPECTRE-17192): 
        Tolerance relaxation is used during DC simulation which may affect the accuracy of the result. This is mainly caused by the high impedance nodes in the circuit. Use the dyn_highz check to determine the high impedance nodes. Setting/assigning appropriate initial values to these nodes will usually help to improve both performance and accuracy of DC simulations. {"history": "MonteCarlo.6", "point": 105, "testname": "PTAT_MC", "cornername": "Nominal"}
[2026-06-01 14:23:30.953 Z] [INFO] [cadence.virtuoso.ade.simulationMonitor] - Total time required for xf analysis `xf': CPU = 1.58692 s, elapsed = 716.348 ms, util. = 222%. {"history": "MonteCarlo.6", "point": 105, "testname": "PTAT_MC", "cornername": "Nominal"}
[2026-06-01 14:23:30.953 Z] [INFO] [cadence.virtuoso.ade.simulationMonitor] - Peak resident memory used = 281 Mbytes. {"history": "MonteCarlo.6", "point": 105, "testname": "PTAT_MC", "cornername": "Nominal"}
[2026-06-01 14:23:30.953 Z] [INFO] [cadence.virtuoso.ade.simulationMonitor] - Notice from spectre during XF analysis `xf', during Monte Carlo analysis `mc1'.
    1059 warnings suppressed. {"history": "MonteCarlo.6", "point": 105, "testname": "PTAT_MC", "cornername": "Nominal"}
[2026-06-01 14:23:30.953 Z] [WARN] [cadence.virtuoso.ade.simulationMonitor] -     WARNING (CMI-2425): I7.I0.C0<0>_dummy: `Acde' = 2.393 is unusually large. {"history": "MonteCarlo.6", "point": 105, "testname": "PTAT_MC", "cornername": "Nominal"}
[2026-06-01 14:23:30.953 Z] [WARN] [cadence.virtuoso.ade.simulationMonitor] -     WARNING (CMI-2425): I7.I0.C0<0>_dummy: `Noff' = 4.732 is unusually large. {"history": "MonteCarlo.6", "point": 105, "testname": "PTAT_MC", "cornername": "Nominal"}
[2026-06-01 14:23:30.954 Z] [WARN] [cadence.virtuoso.ade.simulationMonitor] -     WARNING (CMI-2424): I7.I0.C0<0>_dummy: `Voffcv' = -867.4e-03 is unusually small. {"history": "MonteCarlo.6", "point": 105, "testname": "PTAT_MC", "cornername": "Nominal"}
[2026-06-01 14:23:30.954 Z] [WARN] [cadence.virtuoso.ade.simulationMonitor] -     WARNING (CMI-2425): I7.I3.C1<0>_dummy: `Acde' = 2.393 is unusually large. {"history": "MonteCarlo.6", "point": 105, "testname": "PTAT_MC", "cornername": "Nominal"}
[2026-06-01 14:23:30.954 Z] [WARN] [cadence.virtuoso.ade.simulationMonitor] -     WARNING (CMI-2425): I7.I3.C1<0>_dummy: `Noff' = 4.732 is unusually large. {"history": "MonteCarlo.6", "point": 105, "testname": "PTAT_MC", "cornername": "Nominal"}
[2026-06-01 14:23:30.954 Z] [WARN] [cadence.virtuoso.ade.simulationMonitor] -     WARNING (CMI-2424): I7.I3.C1<0>_dummy: `Voffcv' = -867.4e-03 is unusually small. {"history": "MonteCarlo.6", "point": 105, "testname": "PTAT_MC", "cornername": "Nominal"}
[2026-06-01 14:23:30.956 Z] [WARN] [cadence.virtuoso.ade.simulationMonitor] -     WARNING (CMI-2425): I7.I4.C1<0>_dummy: `Acde' = 2.393 is unusually large.
        Further occurrences of this warning will be suppressed. {"history": "MonteCarlo.6", "point": 105, "testname": "PTAT_MC", "cornername": "Nominal"}
[2026-06-01 14:23:30.956 Z] [WARN] [cadence.virtuoso.ade.simulationMonitor] -     WARNING (CMI-2424): I7.I4.C1<0>_dummy: `Voffcv' = -867.4e-03 is unusually small. {"history": "MonteCarlo.6", "point": 105, "testname": "PTAT_MC", "cornername": "Nominal"}
[2026-06-01 14:23:31.456 Z] [INFO] [cadence.virtuoso.ade.simulationMonitor] - Notice from spectre during Monte Carlo analysis `mc1'.
    1 warning suppressed. {"history": "MonteCarlo.6", "point": 105, "testname": "PTAT_MC", "cornername": "Nominal"}
[2026-06-01 14:23:31.457 Z] [INFO] [cadence.virtuoso.ade.simulationMonitor] - Notice from spectre in `rpoly1c':`I0.I46.RLIB_GC1', in `AGND3ALLP':`I0.I46', in `IO_RING_S_VH':`I0', during Monte Carlo analysis `mc1'.
    I0.I46.RLIB_GC1.CS0 of rpoly1c: `c' has the unusually small value of 634.694e-21 F.
    I0.I46.RLIB_GC1.CS1 of rpoly1c: `c' has the unusually small value of 634.694e-21 F. {"history": "MonteCarlo.6", "point": 105, "testname": "PTAT_MC", "cornername": "Nominal"}
[2026-06-01 14:23:31.457 Z] [INFO] [cadence.virtuoso.ade.simulationMonitor] - Notice from spectre in `rpoly1c':`I0.I45.RLIB_GC1', in `AVDD3ALLP':`I0.I45', in `IO_RING_S_VH':`I0', during Monte Carlo analysis `mc1'.
    I0.I45.RLIB_GC1.CS0 of rpoly1c: `c' has the unusually small value of 634.694e-21 F.
    I0.I45.RLIB_GC1.CS1 of rpoly1c: `c' has the unusually small value of 634.694e-21 F. {"history": "MonteCarlo.6", "point": 105, "testname": "PTAT_MC", "cornername": "Nominal"}
[2026-06-01 14:23:31.457 Z] [INFO] [cadence.virtuoso.ade.simulationMonitor] - Notice from spectre in `rpoly1c':`I0.I20.RLIB_GC1', in `VDD3RP':`I0.I20', in `IO_RING_S_VH':`I0', during Monte Carlo analysis `mc1'.
    I0.I20.RLIB_GC1.CS0 of rpoly1c: `c' has the unusually small value of 634.694e-21 F.
        Further occurrences of this notice will be suppressed. {"history": "MonteCarlo.6", "point": 105, "testname": "PTAT_MC", "cornername": "Nominal"}
[2026-06-01 14:23:31.457 Z] [INFO] [cadence.virtuoso.ade.simulationMonitor] - Notice from spectre during Monte Carlo analysis `mc1'.
    V8: `period' has the unusually large value of 100 s.
    V7: `period' has the unusually large value of 10 s.
    V3: `period' has the unusually large value of 6 s.
    I26: `period' has the unusually large value of 6 s. {"history": "MonteCarlo.6", "point": 105, "testname": "PTAT_MC", "cornername": "Nominal"}
[2026-06-01 14:23:31.458 Z] [WARN] [cadence.virtuoso.ade.simulationMonitor] -     WARNING (CMI-2425): I7.I4.C1<0>_turbo_m11: `Acde' = 2.393 is unusually large. {"history": "MonteCarlo.6", "point": 105, "testname": "PTAT_MC", "cornername": "Nominal"}
[2026-06-01 14:23:31.458 Z] [WARN] [cadence.virtuoso.ade.simulationMonitor] -     WARNING (CMI-2425): I7.I4.C1<0>_turbo_m11: `Noff' = 4.732 is unusually large. {"history": "MonteCarlo.6", "point": 105, "testname": "PTAT_MC", "cornername": "Nominal"}
[2026-06-01 14:23:31.458 Z] [WARN] [cadence.virtuoso.ade.simulationMonitor] -     WARNING (CMI-2424): I7.I4.C1<0>_turbo_m11: `Voffcv' = -867.4e-03 is unusually small. {"history": "MonteCarlo.6", "point": 105, "testname": "PTAT_MC", "cornername": "Nominal"}
[2026-06-01 14:23:31.458 Z] [WARN] [cadence.virtuoso.ade.simulationMonitor] -     WARNING (CMI-2425): I7.I3.C1<0>_turbo_m6: `Acde' = 2.393 is unusually large. {"history": "MonteCarlo.6", "point": 105, "testname": "PTAT_MC", "cornername": "Nominal"}
[2026-06-01 14:23:31.459 Z] [WARN] [cadence.virtuoso.ade.simulationMonitor] -     WARNING (CMI-2425): I7.I3.C1<0>_turbo_m6: `Noff' = 4.732 is unusually large. {"history": "MonteCarlo.6", "point": 105, "testname": "PTAT_MC", "cornername": "Nominal"}
[2026-06-01 14:23:31.459 Z] [WARN] [cadence.virtuoso.ade.simulationMonitor] -     WARNING (CMI-2424): I7.I3.C1<0>_turbo_m6: `Voffcv' = -867.4e-03 is unusually small. {"history": "MonteCarlo.6", "point": 105, "testname": "PTAT_MC", "cornername": "Nominal"}
[2026-06-01 14:23:31.459 Z] [WARN] [cadence.virtuoso.ade.simulationMonitor] -     WARNING (CMI-2425): I7.I0.C0<0>_turbo_m6: `Acde' = 2.393 is unusually large.
        Further occurrences of this warning will be suppressed. {"history": "MonteCarlo.6", "point": 105, "testname": "PTAT_MC", "cornername": "Nominal"}
[2026-06-01 14:23:31.459 Z] [WARN] [cadence.virtuoso.ade.simulationMonitor] -     WARNING (CMI-2424): I7.I0.C0<0>_turbo_m6: `Voffcv' = -867.4e-03 is unusually small. {"history": "MonteCarlo.6", "point": 105, "testname": "PTAT_MC", "cornername": "Nominal"}
[2026-06-01 14:23:31.459 Z] [WARN] [cadence.virtuoso.ade.simulationMonitor] -     WARNING (CMI-2424): I7.I0.C2: `Voffcv' = -867.4e-03 is unusually small. {"history": "MonteCarlo.6", "point": 105, "testname": "PTAT_MC", "cornername": "Nominal"}
[2026-06-01 14:23:31.459 Z] [WARN] [cadence.virtuoso.ade.simulationMonitor] -     WARNING (CMI-2424): I7.I0.C1: `Voffcv' = -867.4e-03 is unusually small.
        Further occurrences of this warning will be suppressed. {"history": "MonteCarlo.6", "point": 105, "testname": "PTAT_MC", "cornername": "Nominal"}
[2026-06-01 14:23:31.460 Z] [PROCESS] [cadence.virtuoso.ade.simulationMonitor] - Finished simulating for one iteration {"hostname": "il2244vt26_hrahimi", "processid": 1499097, "history": "MonteCarlo.6", "testname": "PTAT_MC", "cornername": "Nominal", "point": 105, "logfile": "/home/hrahimi/projects/POTENTIOSTAT_26/logs_hrahimi/logs0/Job93.log", "simid": "1"}
[2026-06-01 14:23:31.460 Z] [PROCESS] [cadence.virtuoso.ade.simulationMonitor] - Started Simulation {"hostname": "il2244vt26_hrahimi", "processid": 1499097, "history": "MonteCarlo.6", "testname": "PTAT_MC", "cornername": "Nominal", "point": 106, "logfile": "/home/hrahimi/projects/POTENTIOSTAT_26/logs_hrahimi/logs0/Job93.log", "event": "started", "task": "simulation"}
[2026-06-01 14:23:31.960 Z] [WARN] [cadence.virtuoso.ade.simulationMonitor] -     WARNING (CMI-2943): Parameter checks have been ignored because the valid value for parameter 'trise' could not be found in 'C0'. {"history": "MonteCarlo.6", "point": 106, "testname": "PTAT_MC", "cornername": "Nominal"}
[2026-06-01 14:23:31.961 Z] [WARN] [cadence.virtuoso.ade.simulationMonitor] -     WARNING (CMI-2943): Parameter checks have been ignored because the valid value for parameter 'trise' could not be found in 'C1'. {"history": "MonteCarlo.6", "point": 106, "testname": "PTAT_MC", "cornername": "Nominal"}
[2026-06-01 14:23:31.961 Z] [WARN] [cadence.virtuoso.ade.simulationMonitor] -     WARNING (CMI-2943): Parameter checks have been ignored because the valid value for parameter 'trise' could not be found in 'C11'. {"history": "MonteCarlo.6", "point": 106, "testname": "PTAT_MC", "cornername": "Nominal"}
[2026-06-01 14:23:31.961 Z] [WARN] [cadence.virtuoso.ade.simulationMonitor] -     WARNING (CMI-2943): Parameter checks have been ignored because the valid value for parameter 'trise' could not be found in 'C12'. {"history": "MonteCarlo.6", "point": 106, "testname": "PTAT_MC", "cornername": "Nominal"}
[2026-06-01 14:23:31.961 Z] [WARN] [cadence.virtuoso.ade.simulationMonitor] -     WARNING (CMI-2943): Parameter checks have been ignored because the valid value for parameter 'trise' could not be found in 'C5'.
        Further occurrences of this warning will be suppressed. {"history": "MonteCarlo.6", "point": 106, "testname": "PTAT_MC", "cornername": "Nominal"}
[2026-06-01 14:23:31.962 Z] [INFO] [cadence.virtuoso.ade.simulationMonitor] - Notice from spectre during check, during DC analysis `dcOp', during Monte Carlo analysis `mc1'.
    I0.I3.RLIB_GC1 of rdiffp3: `ig' has the unusually large value of -89.0477 A.
        Further occurrences of this notice will be suppressed. {"history": "MonteCarlo.6", "point": 106, "testname": "PTAT_MC", "cornername": "Nominal"}
[2026-06-01 14:23:31.962 Z] [INFO] [cadence.virtuoso.ade.simulationMonitor] - Total time required for dc analysis `dcOp': CPU = 1.24876 s, elapsed = 465.52 ms, util. = 268%. {"history": "MonteCarlo.6", "point": 106, "testname": "PTAT_MC", "cornername": "Nominal"}
[2026-06-01 14:23:31.962 Z] [INFO] [cadence.virtuoso.ade.simulationMonitor] - Peak resident memory used = 285 Mbytes. {"history": "MonteCarlo.6", "point": 106, "testname": "PTAT_MC", "cornername": "Nominal"}
[2026-06-01 14:23:31.962 Z] [INFO] [cadence.virtuoso.ade.simulationMonitor] - Notice from spectre during Monte Carlo analysis `mc1'.
    31 notices suppressed.
    1059 warnings suppressed. {"history": "MonteCarlo.6", "point": 106, "testname": "PTAT_MC", "cornername": "Nominal"}
[2026-06-01 14:23:31.962 Z] [WARN] [cadence.virtuoso.ade.simulationMonitor] -     WARNING (CMI-2425): I7.I0.C0<0>_dummy: `Acde' = 2.393 is unusually large. {"history": "MonteCarlo.6", "point": 106, "testname": "PTAT_MC", "cornername": "Nominal"}
[2026-06-01 14:23:31.963 Z] [WARN] [cadence.virtuoso.ade.simulationMonitor] -     WARNING (CMI-2425): I7.I0.C0<0>_dummy: `Noff' = 4.732 is unusually large. {"history": "MonteCarlo.6", "point": 106, "testname": "PTAT_MC", "cornername": "Nominal"}
[2026-06-01 14:23:31.963 Z] [WARN] [cadence.virtuoso.ade.simulationMonitor] -     WARNING (CMI-2424): I7.I0.C0<0>_dummy: `Voffcv' = -867.4e-03 is unusually small. {"history": "MonteCarlo.6", "point": 106, "testname": "PTAT_MC", "cornername": "Nominal"}
[2026-06-01 14:23:31.963 Z] [WARN] [cadence.virtuoso.ade.simulationMonitor] -     WARNING (CMI-2425): I7.I3.C1<0>_dummy: `Acde' = 2.393 is unusually large. {"history": "MonteCarlo.6", "point": 106, "testname": "PTAT_MC", "cornername": "Nominal"}
[2026-06-01 14:23:31.963 Z] [WARN] [cadence.virtuoso.ade.simulationMonitor] -     WARNING (CMI-2425): I7.I3.C1<0>_dummy: `Noff' = 4.732 is unusually large. {"history": "MonteCarlo.6", "point": 106, "testname": "PTAT_MC", "cornername": "Nominal"}
[2026-06-01 14:23:31.964 Z] [WARN] [cadence.virtuoso.ade.simulationMonitor] -     WARNING (CMI-2424): I7.I3.C1<0>_dummy: `Voffcv' = -867.4e-03 is unusually small. {"history": "MonteCarlo.6", "point": 106, "testname": "PTAT_MC", "cornername": "Nominal"}
[2026-06-01 14:23:31.964 Z] [WARN] [cadence.virtuoso.ade.simulationMonitor] -     WARNING (CMI-2425): I7.I4.C1<0>_dummy: `Acde' = 2.393 is unusually large.
        Further occurrences of this warning will be suppressed. {"history": "MonteCarlo.6", "point": 106, "testname": "PTAT_MC", "cornername": "Nominal"}
[2026-06-01 14:23:31.964 Z] [WARN] [cadence.virtuoso.ade.simulationMonitor] -     WARNING (CMI-2424): I7.I4.C1<0>_dummy: `Voffcv' = -867.4e-03 is unusually small. {"history": "MonteCarlo.6", "point": 106, "testname": "PTAT_MC", "cornername": "Nominal"}
[2026-06-01 14:23:31.964 Z] [INFO] [cadence.virtuoso.ade.simulationMonitor] - Notice from spectre during Monte Carlo analysis `mc1'.
    1 warning suppressed. {"history": "MonteCarlo.6", "point": 106, "testname": "PTAT_MC", "cornername": "Nominal"}
[2026-06-01 14:23:31.964 Z] [WARN] [cadence.virtuoso.ade.simulationMonitor] -     WARNING (CMI-2425): I2.I25.I33.C0: `Acde' = 2.393 is unusually large. {"history": "MonteCarlo.6", "point": 106, "testname": "PTAT_MC", "cornername": "Nominal"}
[2026-06-01 14:23:31.965 Z] [WARN] [cadence.virtuoso.ade.simulationMonitor] -     WARNING (CMI-2425): I2.I25.I33.C0: `Noff' = 4.732 is unusually large. {"history": "MonteCarlo.6", "point": 106, "testname": "PTAT_MC", "cornername": "Nominal"}
[2026-06-01 14:23:31.965 Z] [WARN] [cadence.virtuoso.ade.simulationMonitor] -     WARNING (CMI-2424): I2.I25.I33.C0: `Voffcv' = -867.4e-03 is unusually small. {"history": "MonteCarlo.6", "point": 106, "testname": "PTAT_MC", "cornername": "Nominal"}
[2026-06-01 14:23:31.965 Z] [WARN] [cadence.virtuoso.ade.simulationMonitor] -     WARNING (CMI-2425): I7.I4.C1<0>_turbo_m11: `Acde' = 2.393 is unusually large. {"history": "MonteCarlo.6", "point": 106, "testname": "PTAT_MC", "cornername": "Nominal"}
[2026-06-01 14:23:31.965 Z] [WARN] [cadence.virtuoso.ade.simulationMonitor] -     WARNING (CMI-2425): I7.I4.C1<0>_turbo_m11: `Noff' = 4.732 is unusually large. {"history": "MonteCarlo.6", "point": 106, "testname": "PTAT_MC", "cornername": "Nominal"}
[2026-06-01 14:23:31.965 Z] [WARN] [cadence.virtuoso.ade.simulationMonitor] -     WARNING (CMI-2424): I7.I4.C1<0>_turbo_m11: `Voffcv' = -867.4e-03 is unusually small. {"history": "MonteCarlo.6", "point": 106, "testname": "PTAT_MC", "cornername": "Nominal"}
[2026-06-01 14:23:31.965 Z] [WARN] [cadence.virtuoso.ade.simulationMonitor] -     WARNING (CMI-2425): I7.I3.C1<0>_turbo_m6: `Acde' = 2.393 is unusually large.
        Further occurrences of this warning will be suppressed. {"history": "MonteCarlo.6", "point": 106, "testname": "PTAT_MC", "cornername": "Nominal"}
[2026-06-01 14:23:31.966 Z] [WARN] [cadence.virtuoso.ade.simulationMonitor] -     WARNING (CMI-2424): I7.I3.C1<0>_turbo_m6: `Voffcv' = -867.4e-03 is unusually small. {"history": "MonteCarlo.6", "point": 106, "testname": "PTAT_MC", "cornername": "Nominal"}
[2026-06-01 14:23:31.966 Z] [WARN] [cadence.virtuoso.ade.simulationMonitor] -     WARNING (CMI-2424): I7.I0.C0<0>_turbo_m6: `Voffcv' = -867.4e-03 is unusually small. {"history": "MonteCarlo.6", "point": 106, "testname": "PTAT_MC", "cornername": "Nominal"}
[2026-06-01 14:23:31.966 Z] [WARN] [cadence.virtuoso.ade.simulationMonitor] -     WARNING (CMI-2424): I7.I0.C2: `Voffcv' = -867.4e-03 is unusually small.
        Further occurrences of this warning will be suppressed. {"history": "MonteCarlo.6", "point": 106, "testname": "PTAT_MC", "cornername": "Nominal"}
[2026-06-01 14:23:32.967 Z] [INFO] [cadence.virtuoso.ade.simulationMonitor] - Notice from spectre at temp = -40 C during DC analysis `dc', during Monte Carlo analysis `mc1'.
    Bad pivoting is found during DC analysis. Option dc_pivot_check=yes is recommended for possible improvement of convergence. {"history": "MonteCarlo.6", "point": 106, "testname": "PTAT_MC", "cornername": "Nominal"}
[2026-06-01 14:23:32.967 Z] [INFO] [cadence.virtuoso.ade.simulationMonitor] - Notice from spectre at temp = -39 C during DC analysis `dc', during Monte Carlo analysis `mc1'.
    Bad pivoting is found during DC analysis. Option dc_pivot_check=yes is recommended for possible improvement of convergence. {"history": "MonteCarlo.6", "point": 106, "testname": "PTAT_MC", "cornername": "Nominal"}
[2026-06-01 14:23:32.967 Z] [INFO] [cadence.virtuoso.ade.simulationMonitor] - Notice from spectre at temp = -38 C during DC analysis `dc', during Monte Carlo analysis `mc1'.
    Bad pivoting is found during DC analysis. Option dc_pivot_check=yes is recommended for possible improvement of convergence. {"history": "MonteCarlo.6", "point": 106, "testname": "PTAT_MC", "cornername": "Nominal"}
[2026-06-01 14:23:32.967 Z] [INFO] [cadence.virtuoso.ade.simulationMonitor] - Notice from spectre at temp = -37 C during DC analysis `dc', during Monte Carlo analysis `mc1'.
    Bad pivoting is found during DC analysis. Option dc_pivot_check=yes is recommended for possible improvement of convergence. {"history": "MonteCarlo.6", "point": 106, "testname": "PTAT_MC", "cornername": "Nominal"}
[2026-06-01 14:23:32.968 Z] [INFO] [cadence.virtuoso.ade.simulationMonitor] - Notice from spectre at temp = -36 C during DC analysis `dc', during Monte Carlo analysis `mc1'.
    Bad pivoting is found during DC analysis. Option dc_pivot_check=yes is recommended for possible improvement of convergence.
        Further occurrences of this notice will be suppressed. {"history": "MonteCarlo.6", "point": 106, "testname": "PTAT_MC", "cornername": "Nominal"}
[2026-06-01 14:23:39.473 Z] [WARN] [cadence.virtuoso.ade.simulationMonitor] -     WARNING (CMI-2943): Parameter checks have been ignored because the valid value for parameter 'trise' could not be found in 'C0'. {"history": "MonteCarlo.6", "point": 106, "testname": "PTAT_MC", "cornername": "Nominal"}
[2026-06-01 14:23:39.473 Z] [WARN] [cadence.virtuoso.ade.simulationMonitor] -     WARNING (CMI-2943): Parameter checks have been ignored because the valid value for parameter 'trise' could not be found in 'C1'. {"history": "MonteCarlo.6", "point": 106, "testname": "PTAT_MC", "cornername": "Nominal"}
[2026-06-01 14:23:39.474 Z] [WARN] [cadence.virtuoso.ade.simulationMonitor] -     WARNING (CMI-2943): Parameter checks have been ignored because the valid value for parameter 'trise' could not be found in 'C11'. {"history": "MonteCarlo.6", "point": 106, "testname": "PTAT_MC", "cornername": "Nominal"}
[2026-06-01 14:23:39.474 Z] [WARN] [cadence.virtuoso.ade.simulationMonitor] -     WARNING (CMI-2943): Parameter checks have been ignored because the valid value for parameter 'trise' could not be found in 'C12'. {"history": "MonteCarlo.6", "point": 106, "testname": "PTAT_MC", "cornername": "Nominal"}
[2026-06-01 14:23:39.474 Z] [WARN] [cadence.virtuoso.ade.simulationMonitor] -     WARNING (CMI-2943): Parameter checks have been ignored because the valid value for parameter 'trise' could not be found in 'C5'.
        Further occurrences of this warning will be suppressed. {"history": "MonteCarlo.6", "point": 106, "testname": "PTAT_MC", "cornername": "Nominal"}
[2026-06-01 14:23:39.474 Z] [INFO] [cadence.virtuoso.ade.simulationMonitor] - Notice from spectre at temp = 85 C during check, during DC analysis `dc', during Monte Carlo analysis `mc1'.
    I0.I3.RLIB_GC1 of rdiffp3: `ig' has the unusually large value of -76.2502 A.
    I0.I3.RLIB_GC2 of rdiffp3: `ig' has the unusually large value of -76.2502 A. {"history": "MonteCarlo.6", "point": 106, "testname": "PTAT_MC", "cornername": "Nominal"}
[2026-06-01 14:23:39.474 Z] [INFO] [cadence.virtuoso.ade.simulationMonitor] - Notice from spectre at temp = 85 C during DC analysis `dc', during Monte Carlo analysis `mc1'.
    The value of parameter 'temp' has been reset to the original value 27. {"history": "MonteCarlo.6", "point": 106, "testname": "PTAT_MC", "cornername": "Nominal"}
[2026-06-01 14:23:39.475 Z] [INFO] [cadence.virtuoso.ade.simulationMonitor] - Total time required for dc analysis `dc': CPU = 8.50866 s, elapsed = 7.12001 s, util. = 120%. {"history": "MonteCarlo.6", "point": 106, "testname": "PTAT_MC", "cornername": "Nominal"}
[2026-06-01 14:23:39.475 Z] [INFO] [cadence.virtuoso.ade.simulationMonitor] - Peak resident memory used = 290 Mbytes. {"history": "MonteCarlo.6", "point": 106, "testname": "PTAT_MC", "cornername": "Nominal"}
[2026-06-01 14:23:39.475 Z] [INFO] [cadence.virtuoso.ade.simulationMonitor] - Notice from spectre during Monte Carlo analysis `mc1'.
    121 notices suppressed.
    8649 warnings suppressed. {"history": "MonteCarlo.6", "point": 106, "testname": "PTAT_MC", "cornername": "Nominal"}
[2026-06-01 14:23:39.475 Z] [WARN] [cadence.virtuoso.ade.simulationMonitor] -     WARNING (CMI-2425): I7.I4.C1<0>_turbo_m11: `Acde' = 2.393 is unusually large. {"history": "MonteCarlo.6", "point": 106, "testname": "PTAT_MC", "cornername": "Nominal"}
[2026-06-01 14:23:39.475 Z] [WARN] [cadence.virtuoso.ade.simulationMonitor] -     WARNING (CMI-2425): I7.I4.C1<0>_turbo_m11: `Noff' = 4.732 is unusually large. {"history": "MonteCarlo.6", "point": 106, "testname": "PTAT_MC", "cornername": "Nominal"}
[2026-06-01 14:23:39.475 Z] [WARN] [cadence.virtuoso.ade.simulationMonitor] -     WARNING (CMI-2424): I7.I4.C1<0>_turbo_m11: `Voffcv' = -867.4e-03 is unusually small. {"history": "MonteCarlo.6", "point": 106, "testname": "PTAT_MC", "cornername": "Nominal"}
[2026-06-01 14:23:39.476 Z] [WARN] [cadence.virtuoso.ade.simulationMonitor] -     WARNING (CMI-2425): I7.I3.C1<0>_turbo_m6: `Acde' = 2.393 is unusually large. {"history": "MonteCarlo.6", "point": 106, "testname": "PTAT_MC", "cornername": "Nominal"}
[2026-06-01 14:23:39.476 Z] [WARN] [cadence.virtuoso.ade.simulationMonitor] -     WARNING (CMI-2425): I7.I3.C1<0>_turbo_m6: `Noff' = 4.732 is unusually large. {"history": "MonteCarlo.6", "point": 106, "testname": "PTAT_MC", "cornername": "Nominal"}
[2026-06-01 14:23:39.476 Z] [WARN] [cadence.virtuoso.ade.simulationMonitor] -     WARNING (CMI-2424): I7.I3.C1<0>_turbo_m6: `Voffcv' = -867.4e-03 is unusually small. {"history": "MonteCarlo.6", "point": 106, "testname": "PTAT_MC", "cornername": "Nominal"}
[2026-06-01 14:23:39.476 Z] [WARN] [cadence.virtuoso.ade.simulationMonitor] -     WARNING (CMI-2425): I7.I0.C0<0>_turbo_m6: `Acde' = 2.393 is unusually large.
        Further occurrences of this warning will be suppressed. {"history": "MonteCarlo.6", "point": 106, "testname": "PTAT_MC", "cornername": "Nominal"}
[2026-06-01 14:23:39.476 Z] [WARN] [cadence.virtuoso.ade.simulationMonitor] -     WARNING (CMI-2424): I7.I0.C0<0>_turbo_m6: `Voffcv' = -867.4e-03 is unusually small. {"history": "MonteCarlo.6", "point": 106, "testname": "PTAT_MC", "cornername": "Nominal"}
[2026-06-01 14:23:39.476 Z] [WARN] [cadence.virtuoso.ade.simulationMonitor] -     WARNING (CMI-2424): I7.I0.C2: `Voffcv' = -867.4e-03 is unusually small. {"history": "MonteCarlo.6", "point": 106, "testname": "PTAT_MC", "cornername": "Nominal"}
[2026-06-01 14:23:39.477 Z] [WARN] [cadence.virtuoso.ade.simulationMonitor] -     WARNING (CMI-2424): I7.I0.C1: `Voffcv' = -867.4e-03 is unusually small.
        Further occurrences of this warning will be suppressed. {"history": "MonteCarlo.6", "point": 106, "testname": "PTAT_MC", "cornername": "Nominal"}
[2026-06-01 14:23:39.978 Z] [WARN] [cadence.virtuoso.ade.simulationMonitor] -     WARNING (CMI-2943): Parameter checks have been ignored because the valid value for parameter 'trise' could not be found in 'C0'. {"history": "MonteCarlo.6", "point": 106, "testname": "PTAT_MC", "cornername": "Nominal"}
[2026-06-01 14:23:39.978 Z] [WARN] [cadence.virtuoso.ade.simulationMonitor] -     WARNING (CMI-2943): Parameter checks have been ignored because the valid value for parameter 'trise' could not be found in 'C1'. {"history": "MonteCarlo.6", "point": 106, "testname": "PTAT_MC", "cornername": "Nominal"}
[2026-06-01 14:23:39.978 Z] [WARN] [cadence.virtuoso.ade.simulationMonitor] -     WARNING (CMI-2943): Parameter checks have been ignored because the valid value for parameter 'trise' could not be found in 'C11'. {"history": "MonteCarlo.6", "point": 106, "testname": "PTAT_MC", "cornername": "Nominal"}
[2026-06-01 14:23:39.978 Z] [WARN] [cadence.virtuoso.ade.simulationMonitor] -     WARNING (CMI-2943): Parameter checks have been ignored because the valid value for parameter 'trise' could not be found in 'C12'. {"history": "MonteCarlo.6", "point": 106, "testname": "PTAT_MC", "cornername": "Nominal"}
[2026-06-01 14:23:39.979 Z] [WARN] [cadence.virtuoso.ade.simulationMonitor] -     WARNING (CMI-2943): Parameter checks have been ignored because the valid value for parameter 'trise' could not be found in 'C5'.
        Further occurrences of this warning will be suppressed. {"history": "MonteCarlo.6", "point": 106, "testname": "PTAT_MC", "cornername": "Nominal"}
[2026-06-01 14:23:39.979 Z] [INFO] [cadence.virtuoso.ade.simulationMonitor] - Notice from spectre at freq = 0 Hz during check, during DC analysis, during XF analysis `xf', during Monte Carlo analysis `mc1'.
    I0.I3.RLIB_GC1 of rdiffp3: `ig' has the unusually large value of -89.0477 A.
    I0.I3.RLIB_GC2 of rdiffp3: `ig' has the unusually large value of -89.0477 A. {"history": "MonteCarlo.6", "point": 106, "testname": "PTAT_MC", "cornername": "Nominal"}
[2026-06-01 14:23:39.979 Z] [INFO] [cadence.virtuoso.ade.simulationMonitor] - Total time required for xf analysis `xf': CPU = 1.72998 s, elapsed = 708.613 ms, util. = 244%. {"history": "MonteCarlo.6", "point": 106, "testname": "PTAT_MC", "cornername": "Nominal"}
[2026-06-01 14:23:39.979 Z] [INFO] [cadence.virtuoso.ade.simulationMonitor] - Peak resident memory used = 293 Mbytes. {"history": "MonteCarlo.6", "point": 106, "testname": "PTAT_MC", "cornername": "Nominal"}
[2026-06-01 14:23:39.980 Z] [INFO] [cadence.virtuoso.ade.simulationMonitor] - Notice from spectre during XF analysis `xf', during Monte Carlo analysis `mc1'.
    1059 warnings suppressed. {"history": "MonteCarlo.6", "point": 106, "testname": "PTAT_MC", "cornername": "Nominal"}
[2026-06-01 14:23:39.980 Z] [WARN] [cadence.virtuoso.ade.simulationMonitor] -     WARNING (CMI-2425): I7.I0.C0<0>_dummy: `Acde' = 2.393 is unusually large. {"history": "MonteCarlo.6", "point": 106, "testname": "PTAT_MC", "cornername": "Nominal"}
[2026-06-01 14:23:39.980 Z] [WARN] [cadence.virtuoso.ade.simulationMonitor] -     WARNING (CMI-2425): I7.I0.C0<0>_dummy: `Noff' = 4.732 is unusually large. {"history": "MonteCarlo.6", "point": 106, "testname": "PTAT_MC", "cornername": "Nominal"}
[2026-06-01 14:23:39.981 Z] [WARN] [cadence.virtuoso.ade.simulationMonitor] -     WARNING (CMI-2424): I7.I0.C0<0>_dummy: `Voffcv' = -867.4e-03 is unusually small. {"history": "MonteCarlo.6", "point": 106, "testname": "PTAT_MC", "cornername": "Nominal"}
[2026-06-01 14:23:39.981 Z] [WARN] [cadence.virtuoso.ade.simulationMonitor] -     WARNING (CMI-2425): I7.I3.C1<0>_dummy: `Acde' = 2.393 is unusually large. {"history": "MonteCarlo.6", "point": 106, "testname": "PTAT_MC", "cornername": "Nominal"}
[2026-06-01 14:23:39.981 Z] [WARN] [cadence.virtuoso.ade.simulationMonitor] -     WARNING (CMI-2425): I7.I3.C1<0>_dummy: `Noff' = 4.732 is unusually large. {"history": "MonteCarlo.6", "point": 106, "testname": "PTAT_MC", "cornername": "Nominal"}
[2026-06-01 14:23:39.981 Z] [WARN] [cadence.virtuoso.ade.simulationMonitor] -     WARNING (CMI-2424): I7.I3.C1<0>_dummy: `Voffcv' = -867.4e-03 is unusually small. {"history": "MonteCarlo.6", "point": 106, "testname": "PTAT_MC", "cornername": "Nominal"}
[2026-06-01 14:23:39.982 Z] [WARN] [cadence.virtuoso.ade.simulationMonitor] -     WARNING (CMI-2425): I7.I4.C1<0>_dummy: `Acde' = 2.393 is unusually large.
        Further occurrences of this warning will be suppressed. {"history": "MonteCarlo.6", "point": 106, "testname": "PTAT_MC", "cornername": "Nominal"}
[2026-06-01 14:23:39.982 Z] [WARN] [cadence.virtuoso.ade.simulationMonitor] -     WARNING (CMI-2424): I7.I4.C1<0>_dummy: `Voffcv' = -867.4e-03 is unusually small. {"history": "MonteCarlo.6", "point": 106, "testname": "PTAT_MC", "cornername": "Nominal"}
[2026-06-01 14:23:39.982 Z] [INFO] [cadence.virtuoso.ade.simulationMonitor] - Notice from spectre during Monte Carlo analysis `mc1'.
    1 warning suppressed. {"history": "MonteCarlo.6", "point": 106, "testname": "PTAT_MC", "cornername": "Nominal"}
[2026-06-01 14:23:39.983 Z] [PROCESS] [cadence.virtuoso.ade.simulationMonitor] - Finished simulating for one iteration {"hostname": "il2244vt26_hrahimi", "processid": 1499097, "history": "MonteCarlo.6", "testname": "PTAT_MC", "cornername": "Nominal", "point": 106, "logfile": "/home/hrahimi/projects/POTENTIOSTAT_26/logs_hrahimi/logs0/Job93.log", "simid": "1"}
[2026-06-01 14:23:39.983 Z] [PROCESS] [cadence.virtuoso.ade.simulationMonitor] - Started Simulation {"hostname": "il2244vt26_hrahimi", "processid": 1499097, "history": "MonteCarlo.6", "testname": "PTAT_MC", "cornername": "Nominal", "point": 107, "logfile": "/home/hrahimi/projects/POTENTIOSTAT_26/logs_hrahimi/logs0/Job93.log", "event": "started", "task": "simulation"}
[2026-06-01 14:23:40.484 Z] [INFO] [cadence.virtuoso.ade.simulationMonitor] - Notice from spectre in `rpoly1c':`I0.I46.RLIB_GC1', in `AGND3ALLP':`I0.I46', in `IO_RING_S_VH':`I0', during Monte Carlo analysis `mc1'.
    I0.I46.RLIB_GC1.CS0 of rpoly1c: `c' has the unusually small value of 634.694e-21 F.
    I0.I46.RLIB_GC1.CS1 of rpoly1c: `c' has the unusually small value of 634.694e-21 F. {"history": "MonteCarlo.6", "point": 107, "testname": "PTAT_MC", "cornername": "Nominal"}
[2026-06-01 14:23:40.484 Z] [INFO] [cadence.virtuoso.ade.simulationMonitor] - Notice from spectre in `rpoly1c':`I0.I45.RLIB_GC1', in `AVDD3ALLP':`I0.I45', in `IO_RING_S_VH':`I0', during Monte Carlo analysis `mc1'.
    I0.I45.RLIB_GC1.CS0 of rpoly1c: `c' has the unusually small value of 634.694e-21 F.
    I0.I45.RLIB_GC1.CS1 of rpoly1c: `c' has the unusually small value of 634.694e-21 F. {"history": "MonteCarlo.6", "point": 107, "testname": "PTAT_MC", "cornername": "Nominal"}
[2026-06-01 14:23:40.485 Z] [INFO] [cadence.virtuoso.ade.simulationMonitor] - Notice from spectre in `rpoly1c':`I0.I20.RLIB_GC1', in `VDD3RP':`I0.I20', in `IO_RING_S_VH':`I0', during Monte Carlo analysis `mc1'.
    I0.I20.RLIB_GC1.CS0 of rpoly1c: `c' has the unusually small value of 634.694e-21 F.
        Further occurrences of this notice will be suppressed. {"history": "MonteCarlo.6", "point": 107, "testname": "PTAT_MC", "cornername": "Nominal"}
[2026-06-01 14:23:40.485 Z] [INFO] [cadence.virtuoso.ade.simulationMonitor] - Notice from spectre during Monte Carlo analysis `mc1'.
    V8: `period' has the unusually large value of 100 s.
    V7: `period' has the unusually large value of 10 s.
    V3: `period' has the unusually large value of 6 s.
    I26: `period' has the unusually large value of 6 s. {"history": "MonteCarlo.6", "point": 107, "testname": "PTAT_MC", "cornername": "Nominal"}
[2026-06-01 14:23:40.485 Z] [WARN] [cadence.virtuoso.ade.simulationMonitor] -     WARNING (CMI-2425): I7.I4.C1<0>_turbo_m11: `Acde' = 2.393 is unusually large. {"history": "MonteCarlo.6", "point": 107, "testname": "PTAT_MC", "cornername": "Nominal"}
[2026-06-01 14:23:40.486 Z] [WARN] [cadence.virtuoso.ade.simulationMonitor] -     WARNING (CMI-2425): I7.I4.C1<0>_turbo_m11: `Noff' = 4.732 is unusually large. {"history": "MonteCarlo.6", "point": 107, "testname": "PTAT_MC", "cornername": "Nominal"}
[2026-06-01 14:23:40.486 Z] [WARN] [cadence.virtuoso.ade.simulationMonitor] -     WARNING (CMI-2424): I7.I4.C1<0>_turbo_m11: `Voffcv' = -867.4e-03 is unusually small. {"history": "MonteCarlo.6", "point": 107, "testname": "PTAT_MC", "cornername": "Nominal"}
[2026-06-01 14:23:40.486 Z] [WARN] [cadence.virtuoso.ade.simulationMonitor] -     WARNING (CMI-2425): I7.I3.C1<0>_turbo_m6: `Acde' = 2.393 is unusually large. {"history": "MonteCarlo.6", "point": 107, "testname": "PTAT_MC", "cornername": "Nominal"}
[2026-06-01 14:23:40.486 Z] [WARN] [cadence.virtuoso.ade.simulationMonitor] -     WARNING (CMI-2425): I7.I3.C1<0>_turbo_m6: `Noff' = 4.732 is unusually large. {"history": "MonteCarlo.6", "point": 107, "testname": "PTAT_MC", "cornername": "Nominal"}
[2026-06-01 14:23:40.487 Z] [WARN] [cadence.virtuoso.ade.simulationMonitor] -     WARNING (CMI-2424): I7.I3.C1<0>_turbo_m6: `Voffcv' = -867.4e-03 is unusually small. {"history": "MonteCarlo.6", "point": 107, "testname": "PTAT_MC", "cornername": "Nominal"}
[2026-06-01 14:23:40.487 Z] [WARN] [cadence.virtuoso.ade.simulationMonitor] -     WARNING (CMI-2425): I7.I0.C0<0>_turbo_m6: `Acde' = 2.393 is unusually large.
        Further occurrences of this warning will be suppressed. {"history": "MonteCarlo.6", "point": 107, "testname": "PTAT_MC", "cornername": "Nominal"}
[2026-06-01 14:23:40.487 Z] [WARN] [cadence.virtuoso.ade.simulationMonitor] -     WARNING (CMI-2424): I7.I0.C0<0>_turbo_m6: `Voffcv' = -867.4e-03 is unusually small. {"history": "MonteCarlo.6", "point": 107, "testname": "PTAT_MC", "cornername": "Nominal"}
[2026-06-01 14:23:40.487 Z] [WARN] [cadence.virtuoso.ade.simulationMonitor] -     WARNING (CMI-2424): I7.I0.C2: `Voffcv' = -867.4e-03 is unusually small. {"history": "MonteCarlo.6", "point": 107, "testname": "PTAT_MC", "cornername": "Nominal"}
[2026-06-01 14:23:40.488 Z] [WARN] [cadence.virtuoso.ade.simulationMonitor] -     WARNING (CMI-2424): I7.I0.C1: `Voffcv' = -867.4e-03 is unusually small.
        Further occurrences of this warning will be suppressed. {"history": "MonteCarlo.6", "point": 107, "testname": "PTAT_MC", "cornername": "Nominal"}
[2026-06-01 14:23:40.988 Z] [WARN] [cadence.virtuoso.ade.simulationMonitor] -     WARNING (CMI-2943): Parameter checks have been ignored because the valid value for parameter 'trise' could not be found in 'C0'. {"history": "MonteCarlo.6", "point": 107, "testname": "PTAT_MC", "cornername": "Nominal"}
[2026-06-01 14:23:40.989 Z] [WARN] [cadence.virtuoso.ade.simulationMonitor] -     WARNING (CMI-2943): Parameter checks have been ignored because the valid value for parameter 'trise' could not be found in 'C1'. {"history": "MonteCarlo.6", "point": 107, "testname": "PTAT_MC", "cornername": "Nominal"}
[2026-06-01 14:23:40.989 Z] [WARN] [cadence.virtuoso.ade.simulationMonitor] -     WARNING (CMI-2943): Parameter checks have been ignored because the valid value for parameter 'trise' could not be found in 'C11'. {"history": "MonteCarlo.6", "point": 107, "testname": "PTAT_MC", "cornername": "Nominal"}
[2026-06-01 14:23:40.989 Z] [WARN] [cadence.virtuoso.ade.simulationMonitor] -     WARNING (CMI-2943): Parameter checks have been ignored because the valid value for parameter 'trise' could not be found in 'C12'. {"history": "MonteCarlo.6", "point": 107, "testname": "PTAT_MC", "cornername": "Nominal"}
[2026-06-01 14:23:40.989 Z] [WARN] [cadence.virtuoso.ade.simulationMonitor] -     WARNING (CMI-2943): Parameter checks have been ignored because the valid value for parameter 'trise' could not be found in 'C5'.
        Further occurrences of this warning will be suppressed. {"history": "MonteCarlo.6", "point": 107, "testname": "PTAT_MC", "cornername": "Nominal"}
[2026-06-01 14:23:40.990 Z] [INFO] [cadence.virtuoso.ade.simulationMonitor] - Notice from spectre during check, during DC analysis `dcOp', during Monte Carlo analysis `mc1'.
    I0.I3.RLIB_GC1 of rdiffp3: `ig' has the unusually large value of -89.0477 A.
        Further occurrences of this notice will be suppressed. {"history": "MonteCarlo.6", "point": 107, "testname": "PTAT_MC", "cornername": "Nominal"}
[2026-06-01 14:23:40.990 Z] [INFO] [cadence.virtuoso.ade.simulationMonitor] - Total time required for dc analysis `dcOp': CPU = 1.26368 s, elapsed = 398.063 ms, util. = 317%. {"history": "MonteCarlo.6", "point": 107, "testname": "PTAT_MC", "cornername": "Nominal"}
[2026-06-01 14:23:40.990 Z] [INFO] [cadence.virtuoso.ade.simulationMonitor] - Peak resident memory used = 296 Mbytes. {"history": "MonteCarlo.6", "point": 107, "testname": "PTAT_MC", "cornername": "Nominal"}
[2026-06-01 14:23:40.990 Z] [INFO] [cadence.virtuoso.ade.simulationMonitor] - Notice from spectre during Monte Carlo analysis `mc1'.
    26 notices suppressed.
    1059 warnings suppressed. {"history": "MonteCarlo.6", "point": 107, "testname": "PTAT_MC", "cornername": "Nominal"}
[2026-06-01 14:23:40.993 Z] [WARN] [cadence.virtuoso.ade.simulationMonitor] -     WARNING (CMI-2425): I7.I0.C0<0>_dummy: `Acde' = 2.393 is unusually large. {"history": "MonteCarlo.6", "point": 107, "testname": "PTAT_MC", "cornername": "Nominal"}
[2026-06-01 14:23:40.993 Z] [WARN] [cadence.virtuoso.ade.simulationMonitor] -     WARNING (CMI-2425): I7.I0.C0<0>_dummy: `Noff' = 4.732 is unusually large. {"history": "MonteCarlo.6", "point": 107, "testname": "PTAT_MC", "cornername": "Nominal"}
[2026-06-01 14:23:40.993 Z] [WARN] [cadence.virtuoso.ade.simulationMonitor] -     WARNING (CMI-2424): I7.I0.C0<0>_dummy: `Voffcv' = -867.4e-03 is unusually small. {"history": "MonteCarlo.6", "point": 107, "testname": "PTAT_MC", "cornername": "Nominal"}
[2026-06-01 14:23:40.994 Z] [WARN] [cadence.virtuoso.ade.simulationMonitor] -     WARNING (CMI-2425): I7.I3.C1<0>_dummy: `Acde' = 2.393 is unusually large. {"history": "MonteCarlo.6", "point": 107, "testname": "PTAT_MC", "cornername": "Nominal"}
[2026-06-01 14:23:40.994 Z] [WARN] [cadence.virtuoso.ade.simulationMonitor] -     WARNING (CMI-2425): I7.I3.C1<0>_dummy: `Noff' = 4.732 is unusually large. {"history": "MonteCarlo.6", "point": 107, "testname": "PTAT_MC", "cornername": "Nominal"}
[2026-06-01 14:23:40.994 Z] [WARN] [cadence.virtuoso.ade.simulationMonitor] -     WARNING (CMI-2424): I7.I3.C1<0>_dummy: `Voffcv' = -867.4e-03 is unusually small. {"history": "MonteCarlo.6", "point": 107, "testname": "PTAT_MC", "cornername": "Nominal"}
[2026-06-01 14:23:40.995 Z] [WARN] [cadence.virtuoso.ade.simulationMonitor] -     WARNING (CMI-2425): I7.I4.C1<0>_dummy: `Acde' = 2.393 is unusually large.
        Further occurrences of this warning will be suppressed. {"history": "MonteCarlo.6", "point": 107, "testname": "PTAT_MC", "cornername": "Nominal"}
[2026-06-01 14:23:40.995 Z] [WARN] [cadence.virtuoso.ade.simulationMonitor] -     WARNING (CMI-2424): I7.I4.C1<0>_dummy: `Voffcv' = -867.4e-03 is unusually small. {"history": "MonteCarlo.6", "point": 107, "testname": "PTAT_MC", "cornername": "Nominal"}
[2026-06-01 14:23:40.995 Z] [INFO] [cadence.virtuoso.ade.simulationMonitor] - Notice from spectre during Monte Carlo analysis `mc1'.
    1 warning suppressed. {"history": "MonteCarlo.6", "point": 107, "testname": "PTAT_MC", "cornername": "Nominal"}
[2026-06-01 14:23:40.995 Z] [WARN] [cadence.virtuoso.ade.simulationMonitor] -     WARNING (CMI-2425): I2.I25.I33.C0: `Acde' = 2.393 is unusually large. {"history": "MonteCarlo.6", "point": 107, "testname": "PTAT_MC", "cornername": "Nominal"}
[2026-06-01 14:23:40.996 Z] [WARN] [cadence.virtuoso.ade.simulationMonitor] -     WARNING (CMI-2425): I2.I25.I33.C0: `Noff' = 4.732 is unusually large. {"history": "MonteCarlo.6", "point": 107, "testname": "PTAT_MC", "cornername": "Nominal"}
[2026-06-01 14:23:40.996 Z] [WARN] [cadence.virtuoso.ade.simulationMonitor] -     WARNING (CMI-2424): I2.I25.I33.C0: `Voffcv' = -867.4e-03 is unusually small. {"history": "MonteCarlo.6", "point": 107, "testname": "PTAT_MC", "cornername": "Nominal"}
[2026-06-01 14:23:40.996 Z] [WARN] [cadence.virtuoso.ade.simulationMonitor] -     WARNING (CMI-2425): I7.I4.C1<0>_turbo_m11: `Acde' = 2.393 is unusually large. {"history": "MonteCarlo.6", "point": 107, "testname": "PTAT_MC", "cornername": "Nominal"}
[2026-06-01 14:23:40.996 Z] [WARN] [cadence.virtuoso.ade.simulationMonitor] -     WARNING (CMI-2425): I7.I4.C1<0>_turbo_m11: `Noff' = 4.732 is unusually large. {"history": "MonteCarlo.6", "point": 107, "testname": "PTAT_MC", "cornername": "Nominal"}
[2026-06-01 14:23:40.996 Z] [WARN] [cadence.virtuoso.ade.simulationMonitor] -     WARNING (CMI-2424): I7.I4.C1<0>_turbo_m11: `Voffcv' = -867.4e-03 is unusually small. {"history": "MonteCarlo.6", "point": 107, "testname": "PTAT_MC", "cornername": "Nominal"}
[2026-06-01 14:23:40.997 Z] [WARN] [cadence.virtuoso.ade.simulationMonitor] -     WARNING (CMI-2425): I7.I3.C1<0>_turbo_m6: `Acde' = 2.393 is unusually large.
        Further occurrences of this warning will be suppressed. {"history": "MonteCarlo.6", "point": 107, "testname": "PTAT_MC", "cornername": "Nominal"}
[2026-06-01 14:23:40.997 Z] [WARN] [cadence.virtuoso.ade.simulationMonitor] -     WARNING (CMI-2424): I7.I3.C1<0>_turbo_m6: `Voffcv' = -867.4e-03 is unusually small. {"history": "MonteCarlo.6", "point": 107, "testname": "PTAT_MC", "cornername": "Nominal"}
[2026-06-01 14:23:40.997 Z] [WARN] [cadence.virtuoso.ade.simulationMonitor] -     WARNING (CMI-2424): I7.I0.C0<0>_turbo_m6: `Voffcv' = -867.4e-03 is unusually small. {"history": "MonteCarlo.6", "point": 107, "testname": "PTAT_MC", "cornername": "Nominal"}
[2026-06-01 14:23:40.998 Z] [WARN] [cadence.virtuoso.ade.simulationMonitor] -     WARNING (CMI-2424): I7.I0.C2: `Voffcv' = -867.4e-03 is unusually small.
        Further occurrences of this warning will be suppressed. {"history": "MonteCarlo.6", "point": 107, "testname": "PTAT_MC", "cornername": "Nominal"}
[2026-06-01 14:23:41.999 Z] [INFO] [cadence.virtuoso.ade.simulationMonitor] - Notice from spectre at temp = -40 C during DC analysis `dc', during Monte Carlo analysis `mc1'.
    Bad pivoting is found during DC analysis. Option dc_pivot_check=yes is recommended for possible improvement of convergence. {"history": "MonteCarlo.6", "point": 107, "testname": "PTAT_MC", "cornername": "Nominal"}
[2026-06-01 14:23:42.000 Z] [INFO] [cadence.virtuoso.ade.simulationMonitor] - Notice from spectre at temp = -39 C during DC analysis `dc', during Monte Carlo analysis `mc1'.
    Bad pivoting is found during DC analysis. Option dc_pivot_check=yes is recommended for possible improvement of convergence. {"history": "MonteCarlo.6", "point": 107, "testname": "PTAT_MC", "cornername": "Nominal"}
[2026-06-01 14:23:42.000 Z] [INFO] [cadence.virtuoso.ade.simulationMonitor] - Notice from spectre at temp = -38 C during DC analysis `dc', during Monte Carlo analysis `mc1'.
    Bad pivoting is found during DC analysis. Option dc_pivot_check=yes is recommended for possible improvement of convergence. {"history": "MonteCarlo.6", "point": 107, "testname": "PTAT_MC", "cornername": "Nominal"}
[2026-06-01 14:23:42.000 Z] [INFO] [cadence.virtuoso.ade.simulationMonitor] - Notice from spectre at temp = -37 C during DC analysis `dc', during Monte Carlo analysis `mc1'.
    Bad pivoting is found during DC analysis. Option dc_pivot_check=yes is recommended for possible improvement of convergence. {"history": "MonteCarlo.6", "point": 107, "testname": "PTAT_MC", "cornername": "Nominal"}
[2026-06-01 14:23:42.000 Z] [INFO] [cadence.virtuoso.ade.simulationMonitor] - Notice from spectre at temp = -36 C during DC analysis `dc', during Monte Carlo analysis `mc1'.
    Bad pivoting is found during DC analysis. Option dc_pivot_check=yes is recommended for possible improvement of convergence.
        Further occurrences of this notice will be suppressed. {"history": "MonteCarlo.6", "point": 107, "testname": "PTAT_MC", "cornername": "Nominal"}
[2026-06-01 14:23:48.005 Z] [WARN] [cadence.virtuoso.ade.simulationMonitor] -     WARNING (CMI-2943): Parameter checks have been ignored because the valid value for parameter 'trise' could not be found in 'C0'. {"history": "MonteCarlo.6", "point": 107, "testname": "PTAT_MC", "cornername": "Nominal"}
[2026-06-01 14:23:48.006 Z] [WARN] [cadence.virtuoso.ade.simulationMonitor] -     WARNING (CMI-2943): Parameter checks have been ignored because the valid value for parameter 'trise' could not be found in 'C1'. {"history": "MonteCarlo.6", "point": 107, "testname": "PTAT_MC", "cornername": "Nominal"}
[2026-06-01 14:23:48.006 Z] [WARN] [cadence.virtuoso.ade.simulationMonitor] -     WARNING (CMI-2943): Parameter checks have been ignored because the valid value for parameter 'trise' could not be found in 'C11'. {"history": "MonteCarlo.6", "point": 107, "testname": "PTAT_MC", "cornername": "Nominal"}
[2026-06-01 14:23:48.006 Z] [WARN] [cadence.virtuoso.ade.simulationMonitor] -     WARNING (CMI-2943): Parameter checks have been ignored because the valid value for parameter 'trise' could not be found in 'C12'. {"history": "MonteCarlo.6", "point": 107, "testname": "PTAT_MC", "cornername": "Nominal"}
[2026-06-01 14:23:48.006 Z] [WARN] [cadence.virtuoso.ade.simulationMonitor] -     WARNING (CMI-2943): Parameter checks have been ignored because the valid value for parameter 'trise' could not be found in 'C5'.
        Further occurrences of this warning will be suppressed. {"history": "MonteCarlo.6", "point": 107, "testname": "PTAT_MC", "cornername": "Nominal"}
[2026-06-01 14:23:48.006 Z] [INFO] [cadence.virtuoso.ade.simulationMonitor] - Notice from spectre at temp = 85 C during check, during DC analysis `dc', during Monte Carlo analysis `mc1'.
    I0.I3.RLIB_GC1 of rdiffp3: `ig' has the unusually large value of -76.2502 A.
    I0.I3.RLIB_GC2 of rdiffp3: `ig' has the unusually large value of -76.2502 A. {"history": "MonteCarlo.6", "point": 107, "testname": "PTAT_MC", "cornername": "Nominal"}
[2026-06-01 14:23:48.007 Z] [INFO] [cadence.virtuoso.ade.simulationMonitor] - Notice from spectre at temp = 85 C during DC analysis `dc', during Monte Carlo analysis `mc1'.
    The value of parameter 'temp' has been reset to the original value 27. {"history": "MonteCarlo.6", "point": 107, "testname": "PTAT_MC", "cornername": "Nominal"}
[2026-06-01 14:23:48.007 Z] [INFO] [cadence.virtuoso.ade.simulationMonitor] - Total time required for dc analysis `dc': CPU = 8.84921 s, elapsed = 7.0746 s, util. = 125%. {"history": "MonteCarlo.6", "point": 107, "testname": "PTAT_MC", "cornername": "Nominal"}
[2026-06-01 14:23:48.007 Z] [INFO] [cadence.virtuoso.ade.simulationMonitor] - Peak resident memory used = 302 Mbytes. {"history": "MonteCarlo.6", "point": 107, "testname": "PTAT_MC", "cornername": "Nominal"}
[2026-06-01 14:23:48.007 Z] [INFO] [cadence.virtuoso.ade.simulationMonitor] - Notice from spectre during Monte Carlo analysis `mc1'.
    121 notices suppressed.
    8649 warnings suppressed. {"history": "MonteCarlo.6", "point": 107, "testname": "PTAT_MC", "cornername": "Nominal"}
[2026-06-01 14:23:48.007 Z] [WARN] [cadence.virtuoso.ade.simulationMonitor] -     WARNING (CMI-2425): I7.I4.C1<0>_turbo_m11: `Acde' = 2.393 is unusually large. {"history": "MonteCarlo.6", "point": 107, "testname": "PTAT_MC", "cornername": "Nominal"}
[2026-06-01 14:23:48.008 Z] [WARN] [cadence.virtuoso.ade.simulationMonitor] -     WARNING (CMI-2425): I7.I4.C1<0>_turbo_m11: `Noff' = 4.732 is unusually large. {"history": "MonteCarlo.6", "point": 107, "testname": "PTAT_MC", "cornername": "Nominal"}
[2026-06-01 14:23:48.008 Z] [WARN] [cadence.virtuoso.ade.simulationMonitor] -     WARNING (CMI-2424): I7.I4.C1<0>_turbo_m11: `Voffcv' = -867.4e-03 is unusually small. {"history": "MonteCarlo.6", "point": 107, "testname": "PTAT_MC", "cornername": "Nominal"}
[2026-06-01 14:23:48.008 Z] [WARN] [cadence.virtuoso.ade.simulationMonitor] -     WARNING (CMI-2425): I7.I3.C1<0>_turbo_m6: `Acde' = 2.393 is unusually large. {"history": "MonteCarlo.6", "point": 107, "testname": "PTAT_MC", "cornername": "Nominal"}
[2026-06-01 14:23:48.008 Z] [WARN] [cadence.virtuoso.ade.simulationMonitor] -     WARNING (CMI-2425): I7.I3.C1<0>_turbo_m6: `Noff' = 4.732 is unusually large. {"history": "MonteCarlo.6", "point": 107, "testname": "PTAT_MC", "cornername": "Nominal"}
[2026-06-01 14:23:48.008 Z] [WARN] [cadence.virtuoso.ade.simulationMonitor] -     WARNING (CMI-2424): I7.I3.C1<0>_turbo_m6: `Voffcv' = -867.4e-03 is unusually small. {"history": "MonteCarlo.6", "point": 107, "testname": "PTAT_MC", "cornername": "Nominal"}
[2026-06-01 14:23:48.008 Z] [WARN] [cadence.virtuoso.ade.simulationMonitor] -     WARNING (CMI-2425): I7.I0.C0<0>_turbo_m6: `Acde' = 2.393 is unusually large.
        Further occurrences of this warning will be suppressed. {"history": "MonteCarlo.6", "point": 107, "testname": "PTAT_MC", "cornername": "Nominal"}
[2026-06-01 14:23:48.009 Z] [WARN] [cadence.virtuoso.ade.simulationMonitor] -     WARNING (CMI-2424): I7.I0.C0<0>_turbo_m6: `Voffcv' = -867.4e-03 is unusually small. {"history": "MonteCarlo.6", "point": 107, "testname": "PTAT_MC", "cornername": "Nominal"}
[2026-06-01 14:23:48.009 Z] [WARN] [cadence.virtuoso.ade.simulationMonitor] -     WARNING (CMI-2424): I7.I0.C2: `Voffcv' = -867.4e-03 is unusually small. {"history": "MonteCarlo.6", "point": 107, "testname": "PTAT_MC", "cornername": "Nominal"}
[2026-06-01 14:23:48.009 Z] [WARN] [cadence.virtuoso.ade.simulationMonitor] -     WARNING (CMI-2424): I7.I0.C1: `Voffcv' = -867.4e-03 is unusually small.
        Further occurrences of this warning will be suppressed. {"history": "MonteCarlo.6", "point": 107, "testname": "PTAT_MC", "cornername": "Nominal"}
[2026-06-01 14:23:48.510 Z] [WARN] [cadence.virtuoso.ade.simulationMonitor] -     WARNING (CMI-2943): Parameter checks have been ignored because the valid value for parameter 'trise' could not be found in 'C0'. {"history": "MonteCarlo.6", "point": 107, "testname": "PTAT_MC", "cornername": "Nominal"}
[2026-06-01 14:23:48.510 Z] [WARN] [cadence.virtuoso.ade.simulationMonitor] -     WARNING (CMI-2943): Parameter checks have been ignored because the valid value for parameter 'trise' could not be found in 'C1'. {"history": "MonteCarlo.6", "point": 107, "testname": "PTAT_MC", "cornername": "Nominal"}
[2026-06-01 14:23:48.511 Z] [WARN] [cadence.virtuoso.ade.simulationMonitor] -     WARNING (CMI-2943): Parameter checks have been ignored because the valid value for parameter 'trise' could not be found in 'C11'. {"history": "MonteCarlo.6", "point": 107, "testname": "PTAT_MC", "cornername": "Nominal"}
[2026-06-01 14:23:48.511 Z] [WARN] [cadence.virtuoso.ade.simulationMonitor] -     WARNING (CMI-2943): Parameter checks have been ignored because the valid value for parameter 'trise' could not be found in 'C12'. {"history": "MonteCarlo.6", "point": 107, "testname": "PTAT_MC", "cornername": "Nominal"}
[2026-06-01 14:23:48.511 Z] [WARN] [cadence.virtuoso.ade.simulationMonitor] -     WARNING (CMI-2943): Parameter checks have been ignored because the valid value for parameter 'trise' could not be found in 'C5'.
        Further occurrences of this warning will be suppressed. {"history": "MonteCarlo.6", "point": 107, "testname": "PTAT_MC", "cornername": "Nominal"}
[2026-06-01 14:23:48.512 Z] [INFO] [cadence.virtuoso.ade.simulationMonitor] - Notice from spectre at freq = 0 Hz during check, during DC analysis, during XF analysis `xf', during Monte Carlo analysis `mc1'.
    I0.I3.RLIB_GC1 of rdiffp3: `ig' has the unusually large value of -89.0477 A.
    I0.I3.RLIB_GC2 of rdiffp3: `ig' has the unusually large value of -89.0477 A. {"history": "MonteCarlo.6", "point": 107, "testname": "PTAT_MC", "cornername": "Nominal"}
[2026-06-01 14:23:48.512 Z] [WARN] [cadence.virtuoso.ade.simulationMonitor] -     WARNING (SPECTRE-17192): 
        Tolerance relaxation is used during DC simulation which may affect the accuracy of the result. This is mainly caused by the high impedance nodes in the circuit. Use the dyn_highz check to determine the high impedance nodes. Setting/assigning appropriate initial values to these nodes will usually help to improve both performance and accuracy of DC simulations. {"history": "MonteCarlo.6", "point": 107, "testname": "PTAT_MC", "cornername": "Nominal"}
[2026-06-01 14:23:49.013 Z] [INFO] [cadence.virtuoso.ade.simulationMonitor] - Total time required for xf analysis `xf': CPU = 1.63469 s, elapsed = 715.602 ms, util. = 228%. {"history": "MonteCarlo.6", "point": 107, "testname": "PTAT_MC", "cornername": "Nominal"}
[2026-06-01 14:23:49.014 Z] [INFO] [cadence.virtuoso.ade.simulationMonitor] - Peak resident memory used = 303 Mbytes. {"history": "MonteCarlo.6", "point": 107, "testname": "PTAT_MC", "cornername": "Nominal"}
[2026-06-01 14:23:49.014 Z] [INFO] [cadence.virtuoso.ade.simulationMonitor] - Notice from spectre during XF analysis `xf', during Monte Carlo analysis `mc1'.
    1059 warnings suppressed. {"history": "MonteCarlo.6", "point": 107, "testname": "PTAT_MC", "cornername": "Nominal"}
[2026-06-01 14:23:49.014 Z] [WARN] [cadence.virtuoso.ade.simulationMonitor] -     WARNING (CMI-2425): I7.I0.C0<0>_dummy: `Acde' = 2.393 is unusually large. {"history": "MonteCarlo.6", "point": 107, "testname": "PTAT_MC", "cornername": "Nominal"}
[2026-06-01 14:23:49.014 Z] [WARN] [cadence.virtuoso.ade.simulationMonitor] -     WARNING (CMI-2425): I7.I0.C0<0>_dummy: `Noff' = 4.732 is unusually large. {"history": "MonteCarlo.6", "point": 107, "testname": "PTAT_MC", "cornername": "Nominal"}
[2026-06-01 14:23:49.015 Z] [WARN] [cadence.virtuoso.ade.simulationMonitor] -     WARNING (CMI-2424): I7.I0.C0<0>_dummy: `Voffcv' = -867.4e-03 is unusually small. {"history": "MonteCarlo.6", "point": 107, "testname": "PTAT_MC", "cornername": "Nominal"}
[2026-06-01 14:23:49.015 Z] [WARN] [cadence.virtuoso.ade.simulationMonitor] -     WARNING (CMI-2425): I7.I3.C1<0>_dummy: `Acde' = 2.393 is unusually large. {"history": "MonteCarlo.6", "point": 107, "testname": "PTAT_MC", "cornername": "Nominal"}
[2026-06-01 14:23:49.015 Z] [WARN] [cadence.virtuoso.ade.simulationMonitor] -     WARNING (CMI-2425): I7.I3.C1<0>_dummy: `Noff' = 4.732 is unusually large. {"history": "MonteCarlo.6", "point": 107, "testname": "PTAT_MC", "cornername": "Nominal"}
[2026-06-01 14:23:49.015 Z] [WARN] [cadence.virtuoso.ade.simulationMonitor] -     WARNING (CMI-2424): I7.I3.C1<0>_dummy: `Voffcv' = -867.4e-03 is unusually small. {"history": "MonteCarlo.6", "point": 107, "testname": "PTAT_MC", "cornername": "Nominal"}
[2026-06-01 14:23:49.016 Z] [WARN] [cadence.virtuoso.ade.simulationMonitor] -     WARNING (CMI-2425): I7.I4.C1<0>_dummy: `Acde' = 2.393 is unusually large.
        Further occurrences of this warning will be suppressed. {"history": "MonteCarlo.6", "point": 107, "testname": "PTAT_MC", "cornername": "Nominal"}
[2026-06-01 14:23:49.016 Z] [WARN] [cadence.virtuoso.ade.simulationMonitor] -     WARNING (CMI-2424): I7.I4.C1<0>_dummy: `Voffcv' = -867.4e-03 is unusually small. {"history": "MonteCarlo.6", "point": 107, "testname": "PTAT_MC", "cornername": "Nominal"}
[2026-06-01 14:23:49.016 Z] [INFO] [cadence.virtuoso.ade.simulationMonitor] - Notice from spectre during Monte Carlo analysis `mc1'.
    1 warning suppressed. {"history": "MonteCarlo.6", "point": 107, "testname": "PTAT_MC", "cornername": "Nominal"}
[2026-06-01 14:23:49.016 Z] [INFO] [cadence.virtuoso.ade.simulationMonitor] - Notice from spectre in `rpoly1c':`I0.I46.RLIB_GC1', in `AGND3ALLP':`I0.I46', in `IO_RING_S_VH':`I0', during Monte Carlo analysis `mc1'.
    I0.I46.RLIB_GC1.CS0 of rpoly1c: `c' has the unusually small value of 634.694e-21 F.
    I0.I46.RLIB_GC1.CS1 of rpoly1c: `c' has the unusually small value of 634.694e-21 F. {"history": "MonteCarlo.6", "point": 107, "testname": "PTAT_MC", "cornername": "Nominal"}
[2026-06-01 14:23:49.017 Z] [INFO] [cadence.virtuoso.ade.simulationMonitor] - Notice from spectre in `rpoly1c':`I0.I45.RLIB_GC1', in `AVDD3ALLP':`I0.I45', in `IO_RING_S_VH':`I0', during Monte Carlo analysis `mc1'.
    I0.I45.RLIB_GC1.CS0 of rpoly1c: `c' has the unusually small value of 634.694e-21 F.
    I0.I45.RLIB_GC1.CS1 of rpoly1c: `c' has the unusually small value of 634.694e-21 F. {"history": "MonteCarlo.6", "point": 107, "testname": "PTAT_MC", "cornername": "Nominal"}
[2026-06-01 14:23:49.017 Z] [INFO] [cadence.virtuoso.ade.simulationMonitor] - Notice from spectre in `rpoly1c':`I0.I20.RLIB_GC1', in `VDD3RP':`I0.I20', in `IO_RING_S_VH':`I0', during Monte Carlo analysis `mc1'.
    I0.I20.RLIB_GC1.CS0 of rpoly1c: `c' has the unusually small value of 634.694e-21 F.
        Further occurrences of this notice will be suppressed. {"history": "MonteCarlo.6", "point": 107, "testname": "PTAT_MC", "cornername": "Nominal"}
[2026-06-01 14:23:49.017 Z] [INFO] [cadence.virtuoso.ade.simulationMonitor] - Notice from spectre during Monte Carlo analysis `mc1'.
    V8: `period' has the unusually large value of 100 s.
    V7: `period' has the unusually large value of 10 s.
    V3: `period' has the unusually large value of 6 s.
    I26: `period' has the unusually large value of 6 s. {"history": "MonteCarlo.6", "point": 107, "testname": "PTAT_MC", "cornername": "Nominal"}
[2026-06-01 14:23:49.017 Z] [PROCESS] [cadence.virtuoso.ade.simulationMonitor] - Finished simulating for one iteration {"hostname": "il2244vt26_hrahimi", "processid": 1499097, "history": "MonteCarlo.6", "testname": "PTAT_MC", "cornername": "Nominal", "point": 107, "logfile": "/home/hrahimi/projects/POTENTIOSTAT_26/logs_hrahimi/logs0/Job93.log", "simid": "1"}
[2026-06-01 14:23:49.018 Z] [PROCESS] [cadence.virtuoso.ade.simulationMonitor] - Started Simulation {"hostname": "il2244vt26_hrahimi", "processid": 1499097, "history": "MonteCarlo.6", "testname": "PTAT_MC", "cornername": "Nominal", "point": 108, "logfile": "/home/hrahimi/projects/POTENTIOSTAT_26/logs_hrahimi/logs0/Job93.log", "event": "started", "task": "simulation"}
[2026-06-01 14:23:49.519 Z] [WARN] [cadence.virtuoso.ade.simulationMonitor] -     WARNING (CMI-2425): I7.I4.C1<0>_turbo_m11: `Acde' = 2.393 is unusually large. {"history": "MonteCarlo.6", "point": 108, "testname": "PTAT_MC", "cornername": "Nominal"}
[2026-06-01 14:23:49.519 Z] [WARN] [cadence.virtuoso.ade.simulationMonitor] -     WARNING (CMI-2425): I7.I4.C1<0>_turbo_m11: `Noff' = 4.732 is unusually large. {"history": "MonteCarlo.6", "point": 108, "testname": "PTAT_MC", "cornername": "Nominal"}
[2026-06-01 14:23:49.519 Z] [WARN] [cadence.virtuoso.ade.simulationMonitor] -     WARNING (CMI-2424): I7.I4.C1<0>_turbo_m11: `Voffcv' = -867.4e-03 is unusually small. {"history": "MonteCarlo.6", "point": 108, "testname": "PTAT_MC", "cornername": "Nominal"}
[2026-06-01 14:23:49.520 Z] [WARN] [cadence.virtuoso.ade.simulationMonitor] -     WARNING (CMI-2425): I7.I3.C1<0>_turbo_m6: `Acde' = 2.393 is unusually large. {"history": "MonteCarlo.6", "point": 108, "testname": "PTAT_MC", "cornername": "Nominal"}
[2026-06-01 14:23:49.520 Z] [WARN] [cadence.virtuoso.ade.simulationMonitor] -     WARNING (CMI-2425): I7.I3.C1<0>_turbo_m6: `Noff' = 4.732 is unusually large. {"history": "MonteCarlo.6", "point": 108, "testname": "PTAT_MC", "cornername": "Nominal"}
[2026-06-01 14:23:49.520 Z] [WARN] [cadence.virtuoso.ade.simulationMonitor] -     WARNING (CMI-2424): I7.I3.C1<0>_turbo_m6: `Voffcv' = -867.4e-03 is unusually small. {"history": "MonteCarlo.6", "point": 108, "testname": "PTAT_MC", "cornername": "Nominal"}
[2026-06-01 14:23:49.520 Z] [WARN] [cadence.virtuoso.ade.simulationMonitor] -     WARNING (CMI-2425): I7.I0.C0<0>_turbo_m6: `Acde' = 2.393 is unusually large.
        Further occurrences of this warning will be suppressed. {"history": "MonteCarlo.6", "point": 108, "testname": "PTAT_MC", "cornername": "Nominal"}
[2026-06-01 14:23:49.521 Z] [WARN] [cadence.virtuoso.ade.simulationMonitor] -     WARNING (CMI-2424): I7.I0.C0<0>_turbo_m6: `Voffcv' = -867.4e-03 is unusually small. {"history": "MonteCarlo.6", "point": 108, "testname": "PTAT_MC", "cornername": "Nominal"}
[2026-06-01 14:23:49.521 Z] [WARN] [cadence.virtuoso.ade.simulationMonitor] -     WARNING (CMI-2424): I7.I0.C2: `Voffcv' = -867.4e-03 is unusually small. {"history": "MonteCarlo.6", "point": 108, "testname": "PTAT_MC", "cornername": "Nominal"}
[2026-06-01 14:23:49.521 Z] [WARN] [cadence.virtuoso.ade.simulationMonitor] -     WARNING (CMI-2424): I7.I0.C1: `Voffcv' = -867.4e-03 is unusually small.
        Further occurrences of this warning will be suppressed. {"history": "MonteCarlo.6", "point": 108, "testname": "PTAT_MC", "cornername": "Nominal"}
[2026-06-01 14:23:50.022 Z] [WARN] [cadence.virtuoso.ade.simulationMonitor] -     WARNING (CMI-2943): Parameter checks have been ignored because the valid value for parameter 'trise' could not be found in 'C0'. {"history": "MonteCarlo.6", "point": 108, "testname": "PTAT_MC", "cornername": "Nominal"}
[2026-06-01 14:23:50.022 Z] [WARN] [cadence.virtuoso.ade.simulationMonitor] -     WARNING (CMI-2943): Parameter checks have been ignored because the valid value for parameter 'trise' could not be found in 'C1'. {"history": "MonteCarlo.6", "point": 108, "testname": "PTAT_MC", "cornername": "Nominal"}
[2026-06-01 14:23:50.022 Z] [WARN] [cadence.virtuoso.ade.simulationMonitor] -     WARNING (CMI-2943): Parameter checks have been ignored because the valid value for parameter 'trise' could not be found in 'C11'. {"history": "MonteCarlo.6", "point": 108, "testname": "PTAT_MC", "cornername": "Nominal"}
[2026-06-01 14:23:50.022 Z] [WARN] [cadence.virtuoso.ade.simulationMonitor] -     WARNING (CMI-2943): Parameter checks have been ignored because the valid value for parameter 'trise' could not be found in 'C12'. {"history": "MonteCarlo.6", "point": 108, "testname": "PTAT_MC", "cornername": "Nominal"}
[2026-06-01 14:23:50.023 Z] [WARN] [cadence.virtuoso.ade.simulationMonitor] -     WARNING (CMI-2943): Parameter checks have been ignored because the valid value for parameter 'trise' could not be found in 'C5'.
        Further occurrences of this warning will be suppressed. {"history": "MonteCarlo.6", "point": 108, "testname": "PTAT_MC", "cornername": "Nominal"}
[2026-06-01 14:23:50.023 Z] [INFO] [cadence.virtuoso.ade.simulationMonitor] - Notice from spectre during check, during DC analysis `dcOp', during Monte Carlo analysis `mc1'.
    I0.I3.RLIB_GC1 of rdiffp3: `ig' has the unusually large value of -89.0477 A.
        Further occurrences of this notice will be suppressed. {"history": "MonteCarlo.6", "point": 108, "testname": "PTAT_MC", "cornername": "Nominal"}
[2026-06-01 14:23:50.023 Z] [INFO] [cadence.virtuoso.ade.simulationMonitor] - Total time required for dc analysis `dcOp': CPU = 1.42473 s, elapsed = 435.582 ms, util. = 327%. {"history": "MonteCarlo.6", "point": 108, "testname": "PTAT_MC", "cornername": "Nominal"}
[2026-06-01 14:23:50.023 Z] [INFO] [cadence.virtuoso.ade.simulationMonitor] - Peak resident memory used = 305 Mbytes. {"history": "MonteCarlo.6", "point": 108, "testname": "PTAT_MC", "cornername": "Nominal"}
[2026-06-01 14:23:50.023 Z] [INFO] [cadence.virtuoso.ade.simulationMonitor] - Notice from spectre during Monte Carlo analysis `mc1'.
    26 notices suppressed.
    1059 warnings suppressed. {"history": "MonteCarlo.6", "point": 108, "testname": "PTAT_MC", "cornername": "Nominal"}
[2026-06-01 14:23:50.024 Z] [WARN] [cadence.virtuoso.ade.simulationMonitor] -     WARNING (CMI-2425): I7.I0.C0<0>_dummy: `Acde' = 2.393 is unusually large. {"history": "MonteCarlo.6", "point": 108, "testname": "PTAT_MC", "cornername": "Nominal"}
[2026-06-01 14:23:50.024 Z] [WARN] [cadence.virtuoso.ade.simulationMonitor] -     WARNING (CMI-2425): I7.I0.C0<0>_dummy: `Noff' = 4.732 is unusually large. {"history": "MonteCarlo.6", "point": 108, "testname": "PTAT_MC", "cornername": "Nominal"}
[2026-06-01 14:23:50.024 Z] [WARN] [cadence.virtuoso.ade.simulationMonitor] -     WARNING (CMI-2424): I7.I0.C0<0>_dummy: `Voffcv' = -867.4e-03 is unusually small. {"history": "MonteCarlo.6", "point": 108, "testname": "PTAT_MC", "cornername": "Nominal"}
[2026-06-01 14:23:50.024 Z] [WARN] [cadence.virtuoso.ade.simulationMonitor] -     WARNING (CMI-2425): I7.I3.C1<0>_dummy: `Acde' = 2.393 is unusually large. {"history": "MonteCarlo.6", "point": 108, "testname": "PTAT_MC", "cornername": "Nominal"}
[2026-06-01 14:23:50.024 Z] [WARN] [cadence.virtuoso.ade.simulationMonitor] -     WARNING (CMI-2425): I7.I3.C1<0>_dummy: `Noff' = 4.732 is unusually large. {"history": "MonteCarlo.6", "point": 108, "testname": "PTAT_MC", "cornername": "Nominal"}
[2026-06-01 14:23:50.025 Z] [WARN] [cadence.virtuoso.ade.simulationMonitor] -     WARNING (CMI-2424): I7.I3.C1<0>_dummy: `Voffcv' = -867.4e-03 is unusually small. {"history": "MonteCarlo.6", "point": 108, "testname": "PTAT_MC", "cornername": "Nominal"}
[2026-06-01 14:23:50.025 Z] [WARN] [cadence.virtuoso.ade.simulationMonitor] -     WARNING (CMI-2425): I7.I4.C1<0>_dummy: `Acde' = 2.393 is unusually large.
        Further occurrences of this warning will be suppressed. {"history": "MonteCarlo.6", "point": 108, "testname": "PTAT_MC", "cornername": "Nominal"}
[2026-06-01 14:23:50.025 Z] [WARN] [cadence.virtuoso.ade.simulationMonitor] -     WARNING (CMI-2424): I7.I4.C1<0>_dummy: `Voffcv' = -867.4e-03 is unusually small. {"history": "MonteCarlo.6", "point": 108, "testname": "PTAT_MC", "cornername": "Nominal"}
[2026-06-01 14:23:50.025 Z] [INFO] [cadence.virtuoso.ade.simulationMonitor] - Notice from spectre during Monte Carlo analysis `mc1'.
    1 warning suppressed. {"history": "MonteCarlo.6", "point": 108, "testname": "PTAT_MC", "cornername": "Nominal"}
[2026-06-01 14:23:50.025 Z] [WARN] [cadence.virtuoso.ade.simulationMonitor] -     WARNING (CMI-2425): I2.I25.I33.C0: `Acde' = 2.393 is unusually large. {"history": "MonteCarlo.6", "point": 108, "testname": "PTAT_MC", "cornername": "Nominal"}
[2026-06-01 14:23:50.025 Z] [WARN] [cadence.virtuoso.ade.simulationMonitor] -     WARNING (CMI-2425): I2.I25.I33.C0: `Noff' = 4.732 is unusually large. {"history": "MonteCarlo.6", "point": 108, "testname": "PTAT_MC", "cornername": "Nominal"}
[2026-06-01 14:23:50.026 Z] [WARN] [cadence.virtuoso.ade.simulationMonitor] -     WARNING (CMI-2424): I2.I25.I33.C0: `Voffcv' = -867.4e-03 is unusually small. {"history": "MonteCarlo.6", "point": 108, "testname": "PTAT_MC", "cornername": "Nominal"}
[2026-06-01 14:23:50.026 Z] [WARN] [cadence.virtuoso.ade.simulationMonitor] -     WARNING (CMI-2425): I7.I4.C1<0>_turbo_m11: `Acde' = 2.393 is unusually large. {"history": "MonteCarlo.6", "point": 108, "testname": "PTAT_MC", "cornername": "Nominal"}
[2026-06-01 14:23:50.026 Z] [WARN] [cadence.virtuoso.ade.simulationMonitor] -     WARNING (CMI-2425): I7.I4.C1<0>_turbo_m11: `Noff' = 4.732 is unusually large. {"history": "MonteCarlo.6", "point": 108, "testname": "PTAT_MC", "cornername": "Nominal"}
[2026-06-01 14:23:50.026 Z] [WARN] [cadence.virtuoso.ade.simulationMonitor] -     WARNING (CMI-2424): I7.I4.C1<0>_turbo_m11: `Voffcv' = -867.4e-03 is unusually small. {"history": "MonteCarlo.6", "point": 108, "testname": "PTAT_MC", "cornername": "Nominal"}
[2026-06-01 14:23:50.026 Z] [WARN] [cadence.virtuoso.ade.simulationMonitor] -     WARNING (CMI-2425): I7.I3.C1<0>_turbo_m6: `Acde' = 2.393 is unusually large.
        Further occurrences of this warning will be suppressed. {"history": "MonteCarlo.6", "point": 108, "testname": "PTAT_MC", "cornername": "Nominal"}
[2026-06-01 14:23:50.027 Z] [WARN] [cadence.virtuoso.ade.simulationMonitor] -     WARNING (CMI-2424): I7.I3.C1<0>_turbo_m6: `Voffcv' = -867.4e-03 is unusually small. {"history": "MonteCarlo.6", "point": 108, "testname": "PTAT_MC", "cornername": "Nominal"}
[2026-06-01 14:23:50.027 Z] [WARN] [cadence.virtuoso.ade.simulationMonitor] -     WARNING (CMI-2424): I7.I0.C0<0>_turbo_m6: `Voffcv' = -867.4e-03 is unusually small. {"history": "MonteCarlo.6", "point": 108, "testname": "PTAT_MC", "cornername": "Nominal"}
[2026-06-01 14:23:50.027 Z] [WARN] [cadence.virtuoso.ade.simulationMonitor] -     WARNING (CMI-2424): I7.I0.C2: `Voffcv' = -867.4e-03 is unusually small.
        Further occurrences of this warning will be suppressed. {"history": "MonteCarlo.6", "point": 108, "testname": "PTAT_MC", "cornername": "Nominal"}
[2026-06-01 14:23:50.528 Z] [INFO] [cadence.virtuoso.ade.simulationMonitor] - Notice from spectre at temp = -40 C during DC analysis `dc', during Monte Carlo analysis `mc1'.
    Bad pivoting is found during DC analysis. Option dc_pivot_check=yes is recommended for possible improvement of convergence. {"history": "MonteCarlo.6", "point": 108, "testname": "PTAT_MC", "cornername": "Nominal"}
[2026-06-01 14:23:51.028 Z] [INFO] [cadence.virtuoso.ade.simulationMonitor] - Notice from spectre at temp = -39 C during DC analysis `dc', during Monte Carlo analysis `mc1'.
    Bad pivoting is found during DC analysis. Option dc_pivot_check=yes is recommended for possible improvement of convergence. {"history": "MonteCarlo.6", "point": 108, "testname": "PTAT_MC", "cornername": "Nominal"}
[2026-06-01 14:23:51.029 Z] [INFO] [cadence.virtuoso.ade.simulationMonitor] - Notice from spectre at temp = -38 C during DC analysis `dc', during Monte Carlo analysis `mc1'.
    Bad pivoting is found during DC analysis. Option dc_pivot_check=yes is recommended for possible improvement of convergence. {"history": "MonteCarlo.6", "point": 108, "testname": "PTAT_MC", "cornername": "Nominal"}
[2026-06-01 14:23:51.029 Z] [INFO] [cadence.virtuoso.ade.simulationMonitor] - Notice from spectre at temp = -37 C during DC analysis `dc', during Monte Carlo analysis `mc1'.
    Bad pivoting is found during DC analysis. Option dc_pivot_check=yes is recommended for possible improvement of convergence. {"history": "MonteCarlo.6", "point": 108, "testname": "PTAT_MC", "cornername": "Nominal"}
[2026-06-01 14:23:51.030 Z] [INFO] [cadence.virtuoso.ade.simulationMonitor] - Notice from spectre at temp = -36 C during DC analysis `dc', during Monte Carlo analysis `mc1'.
    Bad pivoting is found during DC analysis. Option dc_pivot_check=yes is recommended for possible improvement of convergence.
        Further occurrences of this notice will be suppressed. {"history": "MonteCarlo.6", "point": 108, "testname": "PTAT_MC", "cornername": "Nominal"}
[2026-06-01 14:23:57.035 Z] [WARN] [cadence.virtuoso.ade.simulationMonitor] -     WARNING (CMI-2943): Parameter checks have been ignored because the valid value for parameter 'trise' could not be found in 'C0'. {"history": "MonteCarlo.6", "point": 108, "testname": "PTAT_MC", "cornername": "Nominal"}
[2026-06-01 14:23:57.035 Z] [WARN] [cadence.virtuoso.ade.simulationMonitor] -     WARNING (CMI-2943): Parameter checks have been ignored because the valid value for parameter 'trise' could not be found in 'C1'. {"history": "MonteCarlo.6", "point": 108, "testname": "PTAT_MC", "cornername": "Nominal"}
[2026-06-01 14:23:57.036 Z] [WARN] [cadence.virtuoso.ade.simulationMonitor] -     WARNING (CMI-2943): Parameter checks have been ignored because the valid value for parameter 'trise' could not be found in 'C11'. {"history": "MonteCarlo.6", "point": 108, "testname": "PTAT_MC", "cornername": "Nominal"}
[2026-06-01 14:23:57.036 Z] [WARN] [cadence.virtuoso.ade.simulationMonitor] -     WARNING (CMI-2943): Parameter checks have been ignored because the valid value for parameter 'trise' could not be found in 'C12'. {"history": "MonteCarlo.6", "point": 108, "testname": "PTAT_MC", "cornername": "Nominal"}
[2026-06-01 14:23:57.036 Z] [WARN] [cadence.virtuoso.ade.simulationMonitor] -     WARNING (CMI-2943): Parameter checks have been ignored because the valid value for parameter 'trise' could not be found in 'C5'.
        Further occurrences of this warning will be suppressed. {"history": "MonteCarlo.6", "point": 108, "testname": "PTAT_MC", "cornername": "Nominal"}
[2026-06-01 14:23:57.037 Z] [INFO] [cadence.virtuoso.ade.simulationMonitor] - Notice from spectre at temp = 85 C during check, during DC analysis `dc', during Monte Carlo analysis `mc1'.
    I0.I3.RLIB_GC1 of rdiffp3: `ig' has the unusually large value of -76.2502 A.
    I0.I3.RLIB_GC2 of rdiffp3: `ig' has the unusually large value of -76.2502 A. {"history": "MonteCarlo.6", "point": 108, "testname": "PTAT_MC", "cornername": "Nominal"}
[2026-06-01 14:23:57.037 Z] [INFO] [cadence.virtuoso.ade.simulationMonitor] - Notice from spectre at temp = 85 C during DC analysis `dc', during Monte Carlo analysis `mc1'.
    The value of parameter 'temp' has been reset to the original value 27. {"history": "MonteCarlo.6", "point": 108, "testname": "PTAT_MC", "cornername": "Nominal"}
[2026-06-01 14:23:57.038 Z] [INFO] [cadence.virtuoso.ade.simulationMonitor] - Total time required for dc analysis `dc': CPU = 8.81064 s, elapsed = 7.14271 s, util. = 123%. {"history": "MonteCarlo.6", "point": 108, "testname": "PTAT_MC", "cornername": "Nominal"}
[2026-06-01 14:23:57.038 Z] [INFO] [cadence.virtuoso.ade.simulationMonitor] - Peak resident memory used = 311 Mbytes. {"history": "MonteCarlo.6", "point": 108, "testname": "PTAT_MC", "cornername": "Nominal"}
[2026-06-01 14:23:57.038 Z] [INFO] [cadence.virtuoso.ade.simulationMonitor] - Notice from spectre during Monte Carlo analysis `mc1'.
    121 notices suppressed.
    8649 warnings suppressed. {"history": "MonteCarlo.6", "point": 108, "testname": "PTAT_MC", "cornername": "Nominal"}
[2026-06-01 14:23:57.039 Z] [WARN] [cadence.virtuoso.ade.simulationMonitor] -     WARNING (CMI-2425): I7.I4.C1<0>_turbo_m11: `Acde' = 2.393 is unusually large. {"history": "MonteCarlo.6", "point": 108, "testname": "PTAT_MC", "cornername": "Nominal"}
[2026-06-01 14:23:57.039 Z] [WARN] [cadence.virtuoso.ade.simulationMonitor] -     WARNING (CMI-2425): I7.I4.C1<0>_turbo_m11: `Noff' = 4.732 is unusually large. {"history": "MonteCarlo.6", "point": 108, "testname": "PTAT_MC", "cornername": "Nominal"}
[2026-06-01 14:23:57.039 Z] [WARN] [cadence.virtuoso.ade.simulationMonitor] -     WARNING (CMI-2424): I7.I4.C1<0>_turbo_m11: `Voffcv' = -867.4e-03 is unusually small. {"history": "MonteCarlo.6", "point": 108, "testname": "PTAT_MC", "cornername": "Nominal"}
[2026-06-01 14:23:57.039 Z] [WARN] [cadence.virtuoso.ade.simulationMonitor] -     WARNING (CMI-2425): I7.I3.C1<0>_turbo_m6: `Acde' = 2.393 is unusually large. {"history": "MonteCarlo.6", "point": 108, "testname": "PTAT_MC", "cornername": "Nominal"}
[2026-06-01 14:23:57.039 Z] [WARN] [cadence.virtuoso.ade.simulationMonitor] -     WARNING (CMI-2425): I7.I3.C1<0>_turbo_m6: `Noff' = 4.732 is unusually large. {"history": "MonteCarlo.6", "point": 108, "testname": "PTAT_MC", "cornername": "Nominal"}
[2026-06-01 14:23:57.039 Z] [WARN] [cadence.virtuoso.ade.simulationMonitor] -     WARNING (CMI-2424): I7.I3.C1<0>_turbo_m6: `Voffcv' = -867.4e-03 is unusually small. {"history": "MonteCarlo.6", "point": 108, "testname": "PTAT_MC", "cornername": "Nominal"}
[2026-06-01 14:23:57.040 Z] [WARN] [cadence.virtuoso.ade.simulationMonitor] -     WARNING (CMI-2425): I7.I0.C0<0>_turbo_m6: `Acde' = 2.393 is unusually large.
        Further occurrences of this warning will be suppressed. {"history": "MonteCarlo.6", "point": 108, "testname": "PTAT_MC", "cornername": "Nominal"}
[2026-06-01 14:23:57.040 Z] [WARN] [cadence.virtuoso.ade.simulationMonitor] -     WARNING (CMI-2424): I7.I0.C0<0>_turbo_m6: `Voffcv' = -867.4e-03 is unusually small. {"history": "MonteCarlo.6", "point": 108, "testname": "PTAT_MC", "cornername": "Nominal"}
[2026-06-01 14:23:57.040 Z] [WARN] [cadence.virtuoso.ade.simulationMonitor] -     WARNING (CMI-2424): I7.I0.C2: `Voffcv' = -867.4e-03 is unusually small. {"history": "MonteCarlo.6", "point": 108, "testname": "PTAT_MC", "cornername": "Nominal"}
[2026-06-01 14:23:57.040 Z] [WARN] [cadence.virtuoso.ade.simulationMonitor] -     WARNING (CMI-2424): I7.I0.C1: `Voffcv' = -867.4e-03 is unusually small.
        Further occurrences of this warning will be suppressed. {"history": "MonteCarlo.6", "point": 108, "testname": "PTAT_MC", "cornername": "Nominal"}
[2026-06-01 14:23:57.541 Z] [WARN] [cadence.virtuoso.ade.simulationMonitor] -     WARNING (CMI-2943): Parameter checks have been ignored because the valid value for parameter 'trise' could not be found in 'C0'. {"history": "MonteCarlo.6", "point": 108, "testname": "PTAT_MC", "cornername": "Nominal"}
[2026-06-01 14:23:57.541 Z] [WARN] [cadence.virtuoso.ade.simulationMonitor] -     WARNING (CMI-2943): Parameter checks have been ignored because the valid value for parameter 'trise' could not be found in 'C1'. {"history": "MonteCarlo.6", "point": 108, "testname": "PTAT_MC", "cornername": "Nominal"}
[2026-06-01 14:23:57.542 Z] [WARN] [cadence.virtuoso.ade.simulationMonitor] -     WARNING (CMI-2943): Parameter checks have been ignored because the valid value for parameter 'trise' could not be found in 'C11'. {"history": "MonteCarlo.6", "point": 108, "testname": "PTAT_MC", "cornername": "Nominal"}
[2026-06-01 14:23:57.543 Z] [WARN] [cadence.virtuoso.ade.simulationMonitor] -     WARNING (CMI-2943): Parameter checks have been ignored because the valid value for parameter 'trise' could not be found in 'C12'. {"history": "MonteCarlo.6", "point": 108, "testname": "PTAT_MC", "cornername": "Nominal"}
[2026-06-01 14:23:57.544 Z] [WARN] [cadence.virtuoso.ade.simulationMonitor] -     WARNING (CMI-2943): Parameter checks have been ignored because the valid value for parameter 'trise' could not be found in 'C5'.
        Further occurrences of this warning will be suppressed. {"history": "MonteCarlo.6", "point": 108, "testname": "PTAT_MC", "cornername": "Nominal"}
[2026-06-01 14:23:57.544 Z] [INFO] [cadence.virtuoso.ade.simulationMonitor] - Notice from spectre at freq = 0 Hz during check, during DC analysis, during XF analysis `xf', during Monte Carlo analysis `mc1'.
    I0.I3.RLIB_GC1 of rdiffp3: `ig' has the unusually large value of -89.0477 A.
    I0.I3.RLIB_GC2 of rdiffp3: `ig' has the unusually large value of -89.0477 A. {"history": "MonteCarlo.6", "point": 108, "testname": "PTAT_MC", "cornername": "Nominal"}
[2026-06-01 14:23:57.545 Z] [WARN] [cadence.virtuoso.ade.simulationMonitor] -     WARNING (SPECTRE-17192): 
        Tolerance relaxation is used during DC simulation which may affect the accuracy of the result. This is mainly caused by the high impedance nodes in the circuit. Use the dyn_highz check to determine the high impedance nodes. Setting/assigning appropriate initial values to these nodes will usually help to improve both performance and accuracy of DC simulations. {"history": "MonteCarlo.6", "point": 108, "testname": "PTAT_MC", "cornername": "Nominal"}
[2026-06-01 14:23:58.046 Z] [INFO] [cadence.virtuoso.ade.simulationMonitor] - Total time required for xf analysis `xf': CPU = 1.80748 s, elapsed = 784.318 ms, util. = 230%. {"history": "MonteCarlo.6", "point": 108, "testname": "PTAT_MC", "cornername": "Nominal"}
[2026-06-01 14:23:58.047 Z] [INFO] [cadence.virtuoso.ade.simulationMonitor] - Peak resident memory used = 312 Mbytes. {"history": "MonteCarlo.6", "point": 108, "testname": "PTAT_MC", "cornername": "Nominal"}
[2026-06-01 14:23:58.047 Z] [INFO] [cadence.virtuoso.ade.simulationMonitor] - Notice from spectre during XF analysis `xf', during Monte Carlo analysis `mc1'.
    1059 warnings suppressed. {"history": "MonteCarlo.6", "point": 108, "testname": "PTAT_MC", "cornername": "Nominal"}
[2026-06-01 14:23:58.047 Z] [WARN] [cadence.virtuoso.ade.simulationMonitor] -     WARNING (CMI-2425): I7.I0.C0<0>_dummy: `Acde' = 2.393 is unusually large. {"history": "MonteCarlo.6", "point": 108, "testname": "PTAT_MC", "cornername": "Nominal"}
[2026-06-01 14:23:58.047 Z] [WARN] [cadence.virtuoso.ade.simulationMonitor] -     WARNING (CMI-2425): I7.I0.C0<0>_dummy: `Noff' = 4.732 is unusually large. {"history": "MonteCarlo.6", "point": 108, "testname": "PTAT_MC", "cornername": "Nominal"}
[2026-06-01 14:23:58.048 Z] [WARN] [cadence.virtuoso.ade.simulationMonitor] -     WARNING (CMI-2424): I7.I0.C0<0>_dummy: `Voffcv' = -867.4e-03 is unusually small. {"history": "MonteCarlo.6", "point": 108, "testname": "PTAT_MC", "cornername": "Nominal"}
[2026-06-01 14:23:58.048 Z] [WARN] [cadence.virtuoso.ade.simulationMonitor] -     WARNING (CMI-2425): I7.I3.C1<0>_dummy: `Acde' = 2.393 is unusually large. {"history": "MonteCarlo.6", "point": 108, "testname": "PTAT_MC", "cornername": "Nominal"}
[2026-06-01 14:23:58.048 Z] [WARN] [cadence.virtuoso.ade.simulationMonitor] -     WARNING (CMI-2425): I7.I3.C1<0>_dummy: `Noff' = 4.732 is unusually large. {"history": "MonteCarlo.6", "point": 108, "testname": "PTAT_MC", "cornername": "Nominal"}
[2026-06-01 14:23:58.048 Z] [WARN] [cadence.virtuoso.ade.simulationMonitor] -     WARNING (CMI-2424): I7.I3.C1<0>_dummy: `Voffcv' = -867.4e-03 is unusually small. {"history": "MonteCarlo.6", "point": 108, "testname": "PTAT_MC", "cornername": "Nominal"}
[2026-06-01 14:23:58.048 Z] [WARN] [cadence.virtuoso.ade.simulationMonitor] -     WARNING (CMI-2425): I7.I4.C1<0>_dummy: `Acde' = 2.393 is unusually large.
        Further occurrences of this warning will be suppressed. {"history": "MonteCarlo.6", "point": 108, "testname": "PTAT_MC", "cornername": "Nominal"}
[2026-06-01 14:23:58.049 Z] [WARN] [cadence.virtuoso.ade.simulationMonitor] -     WARNING (CMI-2424): I7.I4.C1<0>_dummy: `Voffcv' = -867.4e-03 is unusually small. {"history": "MonteCarlo.6", "point": 108, "testname": "PTAT_MC", "cornername": "Nominal"}
[2026-06-01 14:23:58.049 Z] [INFO] [cadence.virtuoso.ade.simulationMonitor] - Notice from spectre during Monte Carlo analysis `mc1'.
    1 warning suppressed. {"history": "MonteCarlo.6", "point": 108, "testname": "PTAT_MC", "cornername": "Nominal"}
[2026-06-01 14:23:58.049 Z] [INFO] [cadence.virtuoso.ade.simulationMonitor] - Notice from spectre in `rpoly1c':`I0.I46.RLIB_GC1', in `AGND3ALLP':`I0.I46', in `IO_RING_S_VH':`I0', during Monte Carlo analysis `mc1'.
    I0.I46.RLIB_GC1.CS0 of rpoly1c: `c' has the unusually small value of 634.694e-21 F.
    I0.I46.RLIB_GC1.CS1 of rpoly1c: `c' has the unusually small value of 634.694e-21 F. {"history": "MonteCarlo.6", "point": 108, "testname": "PTAT_MC", "cornername": "Nominal"}
[2026-06-01 14:23:58.049 Z] [INFO] [cadence.virtuoso.ade.simulationMonitor] - Notice from spectre in `rpoly1c':`I0.I45.RLIB_GC1', in `AVDD3ALLP':`I0.I45', in `IO_RING_S_VH':`I0', during Monte Carlo analysis `mc1'.
    I0.I45.RLIB_GC1.CS0 of rpoly1c: `c' has the unusually small value of 634.694e-21 F.
    I0.I45.RLIB_GC1.CS1 of rpoly1c: `c' has the unusually small value of 634.694e-21 F. {"history": "MonteCarlo.6", "point": 108, "testname": "PTAT_MC", "cornername": "Nominal"}
[2026-06-01 14:23:58.050 Z] [INFO] [cadence.virtuoso.ade.simulationMonitor] - Notice from spectre in `rpoly1c':`I0.I20.RLIB_GC1', in `VDD3RP':`I0.I20', in `IO_RING_S_VH':`I0', during Monte Carlo analysis `mc1'.
    I0.I20.RLIB_GC1.CS0 of rpoly1c: `c' has the unusually small value of 634.694e-21 F.
        Further occurrences of this notice will be suppressed. {"history": "MonteCarlo.6", "point": 108, "testname": "PTAT_MC", "cornername": "Nominal"}
[2026-06-01 14:23:58.050 Z] [INFO] [cadence.virtuoso.ade.simulationMonitor] - Notice from spectre during Monte Carlo analysis `mc1'.
    V8: `period' has the unusually large value of 100 s.
    V7: `period' has the unusually large value of 10 s.
    V3: `period' has the unusually large value of 6 s.
    I26: `period' has the unusually large value of 6 s. {"history": "MonteCarlo.6", "point": 108, "testname": "PTAT_MC", "cornername": "Nominal"}
[2026-06-01 14:23:58.050 Z] [PROCESS] [cadence.virtuoso.ade.simulationMonitor] - Finished simulating for one iteration {"hostname": "il2244vt26_hrahimi", "processid": 1499097, "history": "MonteCarlo.6", "testname": "PTAT_MC", "cornername": "Nominal", "point": 108, "logfile": "/home/hrahimi/projects/POTENTIOSTAT_26/logs_hrahimi/logs0/Job93.log", "simid": "1"}
[2026-06-01 14:23:58.050 Z] [PROCESS] [cadence.virtuoso.ade.simulationMonitor] - Started Simulation {"hostname": "il2244vt26_hrahimi", "processid": 1499097, "history": "MonteCarlo.6", "testname": "PTAT_MC", "cornername": "Nominal", "point": 109, "logfile": "/home/hrahimi/projects/POTENTIOSTAT_26/logs_hrahimi/logs0/Job93.log", "event": "started", "task": "simulation"}
[2026-06-01 14:23:58.551 Z] [WARN] [cadence.virtuoso.ade.simulationMonitor] -     WARNING (CMI-2425): I7.I4.C1<0>_turbo_m11: `Acde' = 2.393 is unusually large. {"history": "MonteCarlo.6", "point": 109, "testname": "PTAT_MC", "cornername": "Nominal"}
[2026-06-01 14:23:58.551 Z] [WARN] [cadence.virtuoso.ade.simulationMonitor] -     WARNING (CMI-2425): I7.I4.C1<0>_turbo_m11: `Noff' = 4.732 is unusually large. {"history": "MonteCarlo.6", "point": 109, "testname": "PTAT_MC", "cornername": "Nominal"}
[2026-06-01 14:23:58.551 Z] [WARN] [cadence.virtuoso.ade.simulationMonitor] -     WARNING (CMI-2424): I7.I4.C1<0>_turbo_m11: `Voffcv' = -867.4e-03 is unusually small. {"history": "MonteCarlo.6", "point": 109, "testname": "PTAT_MC", "cornername": "Nominal"}
[2026-06-01 14:23:58.552 Z] [WARN] [cadence.virtuoso.ade.simulationMonitor] -     WARNING (CMI-2425): I7.I3.C1<0>_turbo_m6: `Acde' = 2.393 is unusually large. {"history": "MonteCarlo.6", "point": 109, "testname": "PTAT_MC", "cornername": "Nominal"}
[2026-06-01 14:23:58.552 Z] [WARN] [cadence.virtuoso.ade.simulationMonitor] -     WARNING (CMI-2425): I7.I3.C1<0>_turbo_m6: `Noff' = 4.732 is unusually large. {"history": "MonteCarlo.6", "point": 109, "testname": "PTAT_MC", "cornername": "Nominal"}
[2026-06-01 14:23:58.552 Z] [WARN] [cadence.virtuoso.ade.simulationMonitor] -     WARNING (CMI-2424): I7.I3.C1<0>_turbo_m6: `Voffcv' = -867.4e-03 is unusually small. {"history": "MonteCarlo.6", "point": 109, "testname": "PTAT_MC", "cornername": "Nominal"}
[2026-06-01 14:23:58.552 Z] [WARN] [cadence.virtuoso.ade.simulationMonitor] -     WARNING (CMI-2425): I7.I0.C0<0>_turbo_m6: `Acde' = 2.393 is unusually large.
        Further occurrences of this warning will be suppressed. {"history": "MonteCarlo.6", "point": 109, "testname": "PTAT_MC", "cornername": "Nominal"}
[2026-06-01 14:23:58.553 Z] [WARN] [cadence.virtuoso.ade.simulationMonitor] -     WARNING (CMI-2424): I7.I0.C0<0>_turbo_m6: `Voffcv' = -867.4e-03 is unusually small. {"history": "MonteCarlo.6", "point": 109, "testname": "PTAT_MC", "cornername": "Nominal"}
[2026-06-01 14:23:58.553 Z] [WARN] [cadence.virtuoso.ade.simulationMonitor] -     WARNING (CMI-2424): I7.I0.C2: `Voffcv' = -867.4e-03 is unusually small. {"history": "MonteCarlo.6", "point": 109, "testname": "PTAT_MC", "cornername": "Nominal"}
[2026-06-01 14:23:58.553 Z] [WARN] [cadence.virtuoso.ade.simulationMonitor] -     WARNING (CMI-2424): I7.I0.C1: `Voffcv' = -867.4e-03 is unusually small.
        Further occurrences of this warning will be suppressed. {"history": "MonteCarlo.6", "point": 109, "testname": "PTAT_MC", "cornername": "Nominal"}
[2026-06-01 14:23:59.054 Z] [WARN] [cadence.virtuoso.ade.simulationMonitor] -     WARNING (CMI-2943): Parameter checks have been ignored because the valid value for parameter 'trise' could not be found in 'C0'. {"history": "MonteCarlo.6", "point": 109, "testname": "PTAT_MC", "cornername": "Nominal"}
[2026-06-01 14:23:59.054 Z] [WARN] [cadence.virtuoso.ade.simulationMonitor] -     WARNING (CMI-2943): Parameter checks have been ignored because the valid value for parameter 'trise' could not be found in 'C1'. {"history": "MonteCarlo.6", "point": 109, "testname": "PTAT_MC", "cornername": "Nominal"}
[2026-06-01 14:23:59.054 Z] [WARN] [cadence.virtuoso.ade.simulationMonitor] -     WARNING (CMI-2943): Parameter checks have been ignored because the valid value for parameter 'trise' could not be found in 'C11'. {"history": "MonteCarlo.6", "point": 109, "testname": "PTAT_MC", "cornername": "Nominal"}
[2026-06-01 14:23:59.055 Z] [WARN] [cadence.virtuoso.ade.simulationMonitor] -     WARNING (CMI-2943): Parameter checks have been ignored because the valid value for parameter 'trise' could not be found in 'C12'. {"history": "MonteCarlo.6", "point": 109, "testname": "PTAT_MC", "cornername": "Nominal"}
[2026-06-01 14:23:59.055 Z] [WARN] [cadence.virtuoso.ade.simulationMonitor] -     WARNING (CMI-2943): Parameter checks have been ignored because the valid value for parameter 'trise' could not be found in 'C5'.
        Further occurrences of this warning will be suppressed. {"history": "MonteCarlo.6", "point": 109, "testname": "PTAT_MC", "cornername": "Nominal"}
[2026-06-01 14:23:59.055 Z] [INFO] [cadence.virtuoso.ade.simulationMonitor] - Notice from spectre during check, during DC analysis `dcOp', during Monte Carlo analysis `mc1'.
    I0.I3.RLIB_GC1 of rdiffp3: `ig' has the unusually large value of -89.0477 A.
        Further occurrences of this notice will be suppressed. {"history": "MonteCarlo.6", "point": 109, "testname": "PTAT_MC", "cornername": "Nominal"}
[2026-06-01 14:23:59.056 Z] [INFO] [cadence.virtuoso.ade.simulationMonitor] - Total time required for dc analysis `dcOp': CPU = 1.11832 s, elapsed = 484.245 ms, util. = 231%. {"history": "MonteCarlo.6", "point": 109, "testname": "PTAT_MC", "cornername": "Nominal"}
[2026-06-01 14:23:59.056 Z] [INFO] [cadence.virtuoso.ade.simulationMonitor] - Peak resident memory used = 315 Mbytes. {"history": "MonteCarlo.6", "point": 109, "testname": "PTAT_MC", "cornername": "Nominal"}
[2026-06-01 14:23:59.056 Z] [INFO] [cadence.virtuoso.ade.simulationMonitor] - Notice from spectre during Monte Carlo analysis `mc1'.
    31 notices suppressed.
    1059 warnings suppressed. {"history": "MonteCarlo.6", "point": 109, "testname": "PTAT_MC", "cornername": "Nominal"}
[2026-06-01 14:23:59.057 Z] [WARN] [cadence.virtuoso.ade.simulationMonitor] -     WARNING (CMI-2425): I7.I0.C0<0>_dummy: `Acde' = 2.393 is unusually large. {"history": "MonteCarlo.6", "point": 109, "testname": "PTAT_MC", "cornername": "Nominal"}
[2026-06-01 14:23:59.057 Z] [WARN] [cadence.virtuoso.ade.simulationMonitor] -     WARNING (CMI-2425): I7.I0.C0<0>_dummy: `Noff' = 4.732 is unusually large. {"history": "MonteCarlo.6", "point": 109, "testname": "PTAT_MC", "cornername": "Nominal"}
[2026-06-01 14:23:59.057 Z] [WARN] [cadence.virtuoso.ade.simulationMonitor] -     WARNING (CMI-2424): I7.I0.C0<0>_dummy: `Voffcv' = -867.4e-03 is unusually small. {"history": "MonteCarlo.6", "point": 109, "testname": "PTAT_MC", "cornername": "Nominal"}
[2026-06-01 14:23:59.058 Z] [WARN] [cadence.virtuoso.ade.simulationMonitor] -     WARNING (CMI-2425): I7.I3.C1<0>_dummy: `Acde' = 2.393 is unusually large. {"history": "MonteCarlo.6", "point": 109, "testname": "PTAT_MC", "cornername": "Nominal"}
[2026-06-01 14:23:59.058 Z] [WARN] [cadence.virtuoso.ade.simulationMonitor] -     WARNING (CMI-2425): I7.I3.C1<0>_dummy: `Noff' = 4.732 is unusually large. {"history": "MonteCarlo.6", "point": 109, "testname": "PTAT_MC", "cornername": "Nominal"}
[2026-06-01 14:23:59.058 Z] [WARN] [cadence.virtuoso.ade.simulationMonitor] -     WARNING (CMI-2424): I7.I3.C1<0>_dummy: `Voffcv' = -867.4e-03 is unusually small. {"history": "MonteCarlo.6", "point": 109, "testname": "PTAT_MC", "cornername": "Nominal"}
[2026-06-01 14:23:59.058 Z] [WARN] [cadence.virtuoso.ade.simulationMonitor] -     WARNING (CMI-2425): I7.I4.C1<0>_dummy: `Acde' = 2.393 is unusually large.
        Further occurrences of this warning will be suppressed. {"history": "MonteCarlo.6", "point": 109, "testname": "PTAT_MC", "cornername": "Nominal"}
[2026-06-01 14:23:59.059 Z] [WARN] [cadence.virtuoso.ade.simulationMonitor] -     WARNING (CMI-2424): I7.I4.C1<0>_dummy: `Voffcv' = -867.4e-03 is unusually small. {"history": "MonteCarlo.6", "point": 109, "testname": "PTAT_MC", "cornername": "Nominal"}
[2026-06-01 14:23:59.059 Z] [INFO] [cadence.virtuoso.ade.simulationMonitor] - Notice from spectre during Monte Carlo analysis `mc1'.
    1 warning suppressed. {"history": "MonteCarlo.6", "point": 109, "testname": "PTAT_MC", "cornername": "Nominal"}
[2026-06-01 14:23:59.060 Z] [WARN] [cadence.virtuoso.ade.simulationMonitor] -     WARNING (CMI-2425): I2.I25.I33.C0: `Acde' = 2.393 is unusually large. {"history": "MonteCarlo.6", "point": 109, "testname": "PTAT_MC", "cornername": "Nominal"}
[2026-06-01 14:23:59.060 Z] [WARN] [cadence.virtuoso.ade.simulationMonitor] -     WARNING (CMI-2425): I2.I25.I33.C0: `Noff' = 4.732 is unusually large. {"history": "MonteCarlo.6", "point": 109, "testname": "PTAT_MC", "cornername": "Nominal"}
[2026-06-01 14:23:59.060 Z] [WARN] [cadence.virtuoso.ade.simulationMonitor] -     WARNING (CMI-2424): I2.I25.I33.C0: `Voffcv' = -867.4e-03 is unusually small. {"history": "MonteCarlo.6", "point": 109, "testname": "PTAT_MC", "cornername": "Nominal"}
[2026-06-01 14:23:59.060 Z] [WARN] [cadence.virtuoso.ade.simulationMonitor] -     WARNING (CMI-2425): I7.I4.C1<0>_turbo_m11: `Acde' = 2.393 is unusually large. {"history": "MonteCarlo.6", "point": 109, "testname": "PTAT_MC", "cornername": "Nominal"}
[2026-06-01 14:23:59.061 Z] [WARN] [cadence.virtuoso.ade.simulationMonitor] -     WARNING (CMI-2425): I7.I4.C1<0>_turbo_m11: `Noff' = 4.732 is unusually large. {"history": "MonteCarlo.6", "point": 109, "testname": "PTAT_MC", "cornername": "Nominal"}
[2026-06-01 14:23:59.061 Z] [WARN] [cadence.virtuoso.ade.simulationMonitor] -     WARNING (CMI-2424): I7.I4.C1<0>_turbo_m11: `Voffcv' = -867.4e-03 is unusually small. {"history": "MonteCarlo.6", "point": 109, "testname": "PTAT_MC", "cornername": "Nominal"}
[2026-06-01 14:23:59.061 Z] [WARN] [cadence.virtuoso.ade.simulationMonitor] -     WARNING (CMI-2425): I7.I3.C1<0>_turbo_m6: `Acde' = 2.393 is unusually large.
        Further occurrences of this warning will be suppressed. {"history": "MonteCarlo.6", "point": 109, "testname": "PTAT_MC", "cornername": "Nominal"}
[2026-06-01 14:23:59.062 Z] [WARN] [cadence.virtuoso.ade.simulationMonitor] -     WARNING (CMI-2424): I7.I3.C1<0>_turbo_m6: `Voffcv' = -867.4e-03 is unusually small. {"history": "MonteCarlo.6", "point": 109, "testname": "PTAT_MC", "cornername": "Nominal"}
[2026-06-01 14:23:59.062 Z] [WARN] [cadence.virtuoso.ade.simulationMonitor] -     WARNING (CMI-2424): I7.I0.C0<0>_turbo_m6: `Voffcv' = -867.4e-03 is unusually small. {"history": "MonteCarlo.6", "point": 109, "testname": "PTAT_MC", "cornername": "Nominal"}
[2026-06-01 14:23:59.062 Z] [WARN] [cadence.virtuoso.ade.simulationMonitor] -     WARNING (CMI-2424): I7.I0.C2: `Voffcv' = -867.4e-03 is unusually small.
        Further occurrences of this warning will be suppressed. {"history": "MonteCarlo.6", "point": 109, "testname": "PTAT_MC", "cornername": "Nominal"}
[2026-06-01 14:24:00.064 Z] [INFO] [cadence.virtuoso.ade.simulationMonitor] - Notice from spectre at temp = -40 C during DC analysis `dc', during Monte Carlo analysis `mc1'.
    Bad pivoting is found during DC analysis. Option dc_pivot_check=yes is recommended for possible improvement of convergence. {"history": "MonteCarlo.6", "point": 109, "testname": "PTAT_MC", "cornername": "Nominal"}
[2026-06-01 14:24:00.064 Z] [INFO] [cadence.virtuoso.ade.simulationMonitor] - Notice from spectre at temp = -39 C during DC analysis `dc', during Monte Carlo analysis `mc1'.
    Bad pivoting is found during DC analysis. Option dc_pivot_check=yes is recommended for possible improvement of convergence. {"history": "MonteCarlo.6", "point": 109, "testname": "PTAT_MC", "cornername": "Nominal"}
[2026-06-01 14:24:00.064 Z] [INFO] [cadence.virtuoso.ade.simulationMonitor] - Notice from spectre at temp = -38 C during DC analysis `dc', during Monte Carlo analysis `mc1'.
    Bad pivoting is found during DC analysis. Option dc_pivot_check=yes is recommended for possible improvement of convergence. {"history": "MonteCarlo.6", "point": 109, "testname": "PTAT_MC", "cornername": "Nominal"}
[2026-06-01 14:24:00.065 Z] [INFO] [cadence.virtuoso.ade.simulationMonitor] - Notice from spectre at temp = -37 C during DC analysis `dc', during Monte Carlo analysis `mc1'.
    Bad pivoting is found during DC analysis. Option dc_pivot_check=yes is recommended for possible improvement of convergence. {"history": "MonteCarlo.6", "point": 109, "testname": "PTAT_MC", "cornername": "Nominal"}
[2026-06-01 14:24:00.065 Z] [INFO] [cadence.virtuoso.ade.simulationMonitor] - Notice from spectre at temp = -36 C during DC analysis `dc', during Monte Carlo analysis `mc1'.
    Bad pivoting is found during DC analysis. Option dc_pivot_check=yes is recommended for possible improvement of convergence.
        Further occurrences of this notice will be suppressed. {"history": "MonteCarlo.6", "point": 109, "testname": "PTAT_MC", "cornername": "Nominal"}
[2026-06-01 14:24:06.069 Z] [WARN] [cadence.virtuoso.ade.simulationMonitor] -     WARNING (CMI-2943): Parameter checks have been ignored because the valid value for parameter 'trise' could not be found in 'C0'. {"history": "MonteCarlo.6", "point": 109, "testname": "PTAT_MC", "cornername": "Nominal"}
[2026-06-01 14:24:06.070 Z] [WARN] [cadence.virtuoso.ade.simulationMonitor] -     WARNING (CMI-2943): Parameter checks have been ignored because the valid value for parameter 'trise' could not be found in 'C1'. {"history": "MonteCarlo.6", "point": 109, "testname": "PTAT_MC", "cornername": "Nominal"}
[2026-06-01 14:24:06.070 Z] [WARN] [cadence.virtuoso.ade.simulationMonitor] -     WARNING (CMI-2943): Parameter checks have been ignored because the valid value for parameter 'trise' could not be found in 'C11'. {"history": "MonteCarlo.6", "point": 109, "testname": "PTAT_MC", "cornername": "Nominal"}
[2026-06-01 14:24:06.070 Z] [WARN] [cadence.virtuoso.ade.simulationMonitor] -     WARNING (CMI-2943): Parameter checks have been ignored because the valid value for parameter 'trise' could not be found in 'C12'. {"history": "MonteCarlo.6", "point": 109, "testname": "PTAT_MC", "cornername": "Nominal"}
[2026-06-01 14:24:06.071 Z] [WARN] [cadence.virtuoso.ade.simulationMonitor] -     WARNING (CMI-2943): Parameter checks have been ignored because the valid value for parameter 'trise' could not be found in 'C5'.
        Further occurrences of this warning will be suppressed. {"history": "MonteCarlo.6", "point": 109, "testname": "PTAT_MC", "cornername": "Nominal"}
[2026-06-01 14:24:06.071 Z] [INFO] [cadence.virtuoso.ade.simulationMonitor] - Notice from spectre at temp = 85 C during check, during DC analysis `dc', during Monte Carlo analysis `mc1'.
    I0.I3.RLIB_GC1 of rdiffp3: `ig' has the unusually large value of -76.2502 A.
    I0.I3.RLIB_GC2 of rdiffp3: `ig' has the unusually large value of -76.2502 A. {"history": "MonteCarlo.6", "point": 109, "testname": "PTAT_MC", "cornername": "Nominal"}
[2026-06-01 14:24:06.071 Z] [INFO] [cadence.virtuoso.ade.simulationMonitor] - Notice from spectre at temp = 85 C during DC analysis `dc', during Monte Carlo analysis `mc1'.
    The value of parameter 'temp' has been reset to the original value 27. {"history": "MonteCarlo.6", "point": 109, "testname": "PTAT_MC", "cornername": "Nominal"}
[2026-06-01 14:24:06.071 Z] [INFO] [cadence.virtuoso.ade.simulationMonitor] - Total time required for dc analysis `dc': CPU = 8.83873 s, elapsed = 7.10468 s, util. = 124%. {"history": "MonteCarlo.6", "point": 109, "testname": "PTAT_MC", "cornername": "Nominal"}
[2026-06-01 14:24:06.071 Z] [INFO] [cadence.virtuoso.ade.simulationMonitor] - Peak resident memory used = 321 Mbytes. {"history": "MonteCarlo.6", "point": 109, "testname": "PTAT_MC", "cornername": "Nominal"}
[2026-06-01 14:24:06.072 Z] [INFO] [cadence.virtuoso.ade.simulationMonitor] - Notice from spectre during Monte Carlo analysis `mc1'.
    121 notices suppressed.
    8649 warnings suppressed. {"history": "MonteCarlo.6", "point": 109, "testname": "PTAT_MC", "cornername": "Nominal"}
[2026-06-01 14:24:06.072 Z] [WARN] [cadence.virtuoso.ade.simulationMonitor] -     WARNING (CMI-2425): I7.I4.C1<0>_turbo_m11: `Acde' = 2.393 is unusually large. {"history": "MonteCarlo.6", "point": 109, "testname": "PTAT_MC", "cornername": "Nominal"}
[2026-06-01 14:24:06.072 Z] [WARN] [cadence.virtuoso.ade.simulationMonitor] -     WARNING (CMI-2425): I7.I4.C1<0>_turbo_m11: `Noff' = 4.732 is unusually large. {"history": "MonteCarlo.6", "point": 109, "testname": "PTAT_MC", "cornername": "Nominal"}
[2026-06-01 14:24:06.072 Z] [WARN] [cadence.virtuoso.ade.simulationMonitor] -     WARNING (CMI-2424): I7.I4.C1<0>_turbo_m11: `Voffcv' = -867.4e-03 is unusually small. {"history": "MonteCarlo.6", "point": 109, "testname": "PTAT_MC", "cornername": "Nominal"}
[2026-06-01 14:24:06.072 Z] [WARN] [cadence.virtuoso.ade.simulationMonitor] -     WARNING (CMI-2425): I7.I3.C1<0>_turbo_m6: `Acde' = 2.393 is unusually large. {"history": "MonteCarlo.6", "point": 109, "testname": "PTAT_MC", "cornername": "Nominal"}
[2026-06-01 14:24:06.072 Z] [WARN] [cadence.virtuoso.ade.simulationMonitor] -     WARNING (CMI-2425): I7.I3.C1<0>_turbo_m6: `Noff' = 4.732 is unusually large. {"history": "MonteCarlo.6", "point": 109, "testname": "PTAT_MC", "cornername": "Nominal"}
[2026-06-01 14:24:06.073 Z] [WARN] [cadence.virtuoso.ade.simulationMonitor] -     WARNING (CMI-2424): I7.I3.C1<0>_turbo_m6: `Voffcv' = -867.4e-03 is unusually small. {"history": "MonteCarlo.6", "point": 109, "testname": "PTAT_MC", "cornername": "Nominal"}
[2026-06-01 14:24:06.073 Z] [WARN] [cadence.virtuoso.ade.simulationMonitor] -     WARNING (CMI-2425): I7.I0.C0<0>_turbo_m6: `Acde' = 2.393 is unusually large.
        Further occurrences of this warning will be suppressed. {"history": "MonteCarlo.6", "point": 109, "testname": "PTAT_MC", "cornername": "Nominal"}
[2026-06-01 14:24:06.073 Z] [WARN] [cadence.virtuoso.ade.simulationMonitor] -     WARNING (CMI-2424): I7.I0.C0<0>_turbo_m6: `Voffcv' = -867.4e-03 is unusually small. {"history": "MonteCarlo.6", "point": 109, "testname": "PTAT_MC", "cornername": "Nominal"}
[2026-06-01 14:24:06.073 Z] [WARN] [cadence.virtuoso.ade.simulationMonitor] -     WARNING (CMI-2424): I7.I0.C2: `Voffcv' = -867.4e-03 is unusually small. {"history": "MonteCarlo.6", "point": 109, "testname": "PTAT_MC", "cornername": "Nominal"}
[2026-06-01 14:24:06.073 Z] [WARN] [cadence.virtuoso.ade.simulationMonitor] -     WARNING (CMI-2424): I7.I0.C1: `Voffcv' = -867.4e-03 is unusually small.
        Further occurrences of this warning will be suppressed. {"history": "MonteCarlo.6", "point": 109, "testname": "PTAT_MC", "cornername": "Nominal"}
[2026-06-01 14:24:06.574 Z] [WARN] [cadence.virtuoso.ade.simulationMonitor] -     WARNING (CMI-2943): Parameter checks have been ignored because the valid value for parameter 'trise' could not be found in 'C0'. {"history": "MonteCarlo.6", "point": 109, "testname": "PTAT_MC", "cornername": "Nominal"}
[2026-06-01 14:24:06.574 Z] [WARN] [cadence.virtuoso.ade.simulationMonitor] -     WARNING (CMI-2943): Parameter checks have been ignored because the valid value for parameter 'trise' could not be found in 'C1'. {"history": "MonteCarlo.6", "point": 109, "testname": "PTAT_MC", "cornername": "Nominal"}
[2026-06-01 14:24:06.575 Z] [WARN] [cadence.virtuoso.ade.simulationMonitor] -     WARNING (CMI-2943): Parameter checks have been ignored because the valid value for parameter 'trise' could not be found in 'C11'. {"history": "MonteCarlo.6", "point": 109, "testname": "PTAT_MC", "cornername": "Nominal"}
[2026-06-01 14:24:06.576 Z] [WARN] [cadence.virtuoso.ade.simulationMonitor] -     WARNING (CMI-2943): Parameter checks have been ignored because the valid value for parameter 'trise' could not be found in 'C12'. {"history": "MonteCarlo.6", "point": 109, "testname": "PTAT_MC", "cornername": "Nominal"}
[2026-06-01 14:24:06.576 Z] [WARN] [cadence.virtuoso.ade.simulationMonitor] -     WARNING (CMI-2943): Parameter checks have been ignored because the valid value for parameter 'trise' could not be found in 'C5'.
        Further occurrences of this warning will be suppressed. {"history": "MonteCarlo.6", "point": 109, "testname": "PTAT_MC", "cornername": "Nominal"}
[2026-06-01 14:24:06.577 Z] [INFO] [cadence.virtuoso.ade.simulationMonitor] - Notice from spectre at freq = 0 Hz during check, during DC analysis, during XF analysis `xf', during Monte Carlo analysis `mc1'.
    I0.I3.RLIB_GC1 of rdiffp3: `ig' has the unusually large value of -89.0477 A.
    I0.I3.RLIB_GC2 of rdiffp3: `ig' has the unusually large value of -89.0477 A. {"history": "MonteCarlo.6", "point": 109, "testname": "PTAT_MC", "cornername": "Nominal"}
[2026-06-01 14:24:07.078 Z] [INFO] [cadence.virtuoso.ade.simulationMonitor] - Total time required for xf analysis `xf': CPU = 2.01392 s, elapsed = 674.873 ms, util. = 298%. {"history": "MonteCarlo.6", "point": 109, "testname": "PTAT_MC", "cornername": "Nominal"}
[2026-06-01 14:24:07.079 Z] [INFO] [cadence.virtuoso.ade.simulationMonitor] - Peak resident memory used = 322 Mbytes. {"history": "MonteCarlo.6", "point": 109, "testname": "PTAT_MC", "cornername": "Nominal"}
[2026-06-01 14:24:07.079 Z] [INFO] [cadence.virtuoso.ade.simulationMonitor] - Notice from spectre during XF analysis `xf', during Monte Carlo analysis `mc1'.
    1059 warnings suppressed. {"history": "MonteCarlo.6", "point": 109, "testname": "PTAT_MC", "cornername": "Nominal"}
[2026-06-01 14:24:07.079 Z] [WARN] [cadence.virtuoso.ade.simulationMonitor] -     WARNING (CMI-2425): I7.I0.C0<0>_dummy: `Acde' = 2.393 is unusually large. {"history": "MonteCarlo.6", "point": 109, "testname": "PTAT_MC", "cornername": "Nominal"}
[2026-06-01 14:24:07.080 Z] [WARN] [cadence.virtuoso.ade.simulationMonitor] -     WARNING (CMI-2425): I7.I0.C0<0>_dummy: `Noff' = 4.732 is unusually large. {"history": "MonteCarlo.6", "point": 109, "testname": "PTAT_MC", "cornername": "Nominal"}
[2026-06-01 14:24:07.080 Z] [WARN] [cadence.virtuoso.ade.simulationMonitor] -     WARNING (CMI-2424): I7.I0.C0<0>_dummy: `Voffcv' = -867.4e-03 is unusually small. {"history": "MonteCarlo.6", "point": 109, "testname": "PTAT_MC", "cornername": "Nominal"}
[2026-06-01 14:24:07.080 Z] [WARN] [cadence.virtuoso.ade.simulationMonitor] -     WARNING (CMI-2425): I7.I3.C1<0>_dummy: `Acde' = 2.393 is unusually large. {"history": "MonteCarlo.6", "point": 109, "testname": "PTAT_MC", "cornername": "Nominal"}
[2026-06-01 14:24:07.080 Z] [WARN] [cadence.virtuoso.ade.simulationMonitor] -     WARNING (CMI-2425): I7.I3.C1<0>_dummy: `Noff' = 4.732 is unusually large. {"history": "MonteCarlo.6", "point": 109, "testname": "PTAT_MC", "cornername": "Nominal"}
[2026-06-01 14:24:07.080 Z] [WARN] [cadence.virtuoso.ade.simulationMonitor] -     WARNING (CMI-2424): I7.I3.C1<0>_dummy: `Voffcv' = -867.4e-03 is unusually small. {"history": "MonteCarlo.6", "point": 109, "testname": "PTAT_MC", "cornername": "Nominal"}
[2026-06-01 14:24:07.081 Z] [WARN] [cadence.virtuoso.ade.simulationMonitor] -     WARNING (CMI-2425): I7.I4.C1<0>_dummy: `Acde' = 2.393 is unusually large.
        Further occurrences of this warning will be suppressed. {"history": "MonteCarlo.6", "point": 109, "testname": "PTAT_MC", "cornername": "Nominal"}
[2026-06-01 14:24:07.081 Z] [WARN] [cadence.virtuoso.ade.simulationMonitor] -     WARNING (CMI-2424): I7.I4.C1<0>_dummy: `Voffcv' = -867.4e-03 is unusually small. {"history": "MonteCarlo.6", "point": 109, "testname": "PTAT_MC", "cornername": "Nominal"}
[2026-06-01 14:24:07.081 Z] [INFO] [cadence.virtuoso.ade.simulationMonitor] - Notice from spectre during Monte Carlo analysis `mc1'.
    1 warning suppressed. {"history": "MonteCarlo.6", "point": 109, "testname": "PTAT_MC", "cornername": "Nominal"}
[2026-06-01 14:24:07.081 Z] [INFO] [cadence.virtuoso.ade.simulationMonitor] - Notice from spectre in `rpoly1c':`I0.I46.RLIB_GC1', in `AGND3ALLP':`I0.I46', in `IO_RING_S_VH':`I0', during Monte Carlo analysis `mc1'.
    I0.I46.RLIB_GC1.CS0 of rpoly1c: `c' has the unusually small value of 634.694e-21 F.
    I0.I46.RLIB_GC1.CS1 of rpoly1c: `c' has the unusually small value of 634.694e-21 F. {"history": "MonteCarlo.6", "point": 109, "testname": "PTAT_MC", "cornername": "Nominal"}
[2026-06-01 14:24:07.082 Z] [INFO] [cadence.virtuoso.ade.simulationMonitor] - Notice from spectre in `rpoly1c':`I0.I45.RLIB_GC1', in `AVDD3ALLP':`I0.I45', in `IO_RING_S_VH':`I0', during Monte Carlo analysis `mc1'.
    I0.I45.RLIB_GC1.CS0 of rpoly1c: `c' has the unusually small value of 634.694e-21 F.
    I0.I45.RLIB_GC1.CS1 of rpoly1c: `c' has the unusually small value of 634.694e-21 F. {"history": "MonteCarlo.6", "point": 109, "testname": "PTAT_MC", "cornername": "Nominal"}
[2026-06-01 14:24:07.082 Z] [INFO] [cadence.virtuoso.ade.simulationMonitor] - Notice from spectre in `rpoly1c':`I0.I20.RLIB_GC1', in `VDD3RP':`I0.I20', in `IO_RING_S_VH':`I0', during Monte Carlo analysis `mc1'.
    I0.I20.RLIB_GC1.CS0 of rpoly1c: `c' has the unusually small value of 634.694e-21 F.
        Further occurrences of this notice will be suppressed. {"history": "MonteCarlo.6", "point": 109, "testname": "PTAT_MC", "cornername": "Nominal"}
[2026-06-01 14:24:07.082 Z] [INFO] [cadence.virtuoso.ade.simulationMonitor] - Notice from spectre during Monte Carlo analysis `mc1'.
    V8: `period' has the unusually large value of 100 s.
    V7: `period' has the unusually large value of 10 s.
    V3: `period' has the unusually large value of 6 s.
    I26: `period' has the unusually large value of 6 s. {"history": "MonteCarlo.6", "point": 109, "testname": "PTAT_MC", "cornername": "Nominal"}
[2026-06-01 14:24:07.083 Z] [WARN] [cadence.virtuoso.ade.simulationMonitor] -     WARNING (CMI-2425): I7.I4.C1<0>_turbo_m11: `Acde' = 2.393 is unusually large. {"history": "MonteCarlo.6", "point": 109, "testname": "PTAT_MC", "cornername": "Nominal"}
[2026-06-01 14:24:07.083 Z] [WARN] [cadence.virtuoso.ade.simulationMonitor] -     WARNING (CMI-2425): I7.I4.C1<0>_turbo_m11: `Noff' = 4.732 is unusually large. {"history": "MonteCarlo.6", "point": 109, "testname": "PTAT_MC", "cornername": "Nominal"}
[2026-06-01 14:24:07.083 Z] [WARN] [cadence.virtuoso.ade.simulationMonitor] -     WARNING (CMI-2424): I7.I4.C1<0>_turbo_m11: `Voffcv' = -867.4e-03 is unusually small. {"history": "MonteCarlo.6", "point": 109, "testname": "PTAT_MC", "cornername": "Nominal"}
[2026-06-01 14:24:07.083 Z] [WARN] [cadence.virtuoso.ade.simulationMonitor] -     WARNING (CMI-2425): I7.I3.C1<0>_turbo_m6: `Acde' = 2.393 is unusually large. {"history": "MonteCarlo.6", "point": 109, "testname": "PTAT_MC", "cornername": "Nominal"}
[2026-06-01 14:24:07.083 Z] [WARN] [cadence.virtuoso.ade.simulationMonitor] -     WARNING (CMI-2425): I7.I3.C1<0>_turbo_m6: `Noff' = 4.732 is unusually large. {"history": "MonteCarlo.6", "point": 109, "testname": "PTAT_MC", "cornername": "Nominal"}
[2026-06-01 14:24:07.084 Z] [WARN] [cadence.virtuoso.ade.simulationMonitor] -     WARNING (CMI-2424): I7.I3.C1<0>_turbo_m6: `Voffcv' = -867.4e-03 is unusually small. {"history": "MonteCarlo.6", "point": 109, "testname": "PTAT_MC", "cornername": "Nominal"}
[2026-06-01 14:24:07.084 Z] [WARN] [cadence.virtuoso.ade.simulationMonitor] -     WARNING (CMI-2425): I7.I0.C0<0>_turbo_m6: `Acde' = 2.393 is unusually large.
        Further occurrences of this warning will be suppressed. {"history": "MonteCarlo.6", "point": 109, "testname": "PTAT_MC", "cornername": "Nominal"}
[2026-06-01 14:24:07.084 Z] [WARN] [cadence.virtuoso.ade.simulationMonitor] -     WARNING (CMI-2424): I7.I0.C0<0>_turbo_m6: `Voffcv' = -867.4e-03 is unusually small. {"history": "MonteCarlo.6", "point": 109, "testname": "PTAT_MC", "cornername": "Nominal"}
[2026-06-01 14:24:07.084 Z] [WARN] [cadence.virtuoso.ade.simulationMonitor] -     WARNING (CMI-2424): I7.I0.C2: `Voffcv' = -867.4e-03 is unusually small. {"history": "MonteCarlo.6", "point": 109, "testname": "PTAT_MC", "cornername": "Nominal"}
[2026-06-01 14:24:07.085 Z] [WARN] [cadence.virtuoso.ade.simulationMonitor] -     WARNING (CMI-2424): I7.I0.C1: `Voffcv' = -867.4e-03 is unusually small.
        Further occurrences of this warning will be suppressed. {"history": "MonteCarlo.6", "point": 109, "testname": "PTAT_MC", "cornername": "Nominal"}
[2026-06-01 14:24:07.085 Z] [PROCESS] [cadence.virtuoso.ade.simulationMonitor] - Finished simulating for one iteration {"hostname": "il2244vt26_hrahimi", "processid": 1499097, "history": "MonteCarlo.6", "testname": "PTAT_MC", "cornername": "Nominal", "point": 109, "logfile": "/home/hrahimi/projects/POTENTIOSTAT_26/logs_hrahimi/logs0/Job93.log", "simid": "1"}
[2026-06-01 14:24:07.085 Z] [PROCESS] [cadence.virtuoso.ade.simulationMonitor] - Started Simulation {"hostname": "il2244vt26_hrahimi", "processid": 1499097, "history": "MonteCarlo.6", "testname": "PTAT_MC", "cornername": "Nominal", "point": 110, "logfile": "/home/hrahimi/projects/POTENTIOSTAT_26/logs_hrahimi/logs0/Job93.log", "event": "started", "task": "simulation"}
[2026-06-01 14:24:07.585 Z] [WARN] [cadence.virtuoso.ade.simulationMonitor] -     WARNING (CMI-2943): Parameter checks have been ignored because the valid value for parameter 'trise' could not be found in 'C0'. {"history": "MonteCarlo.6", "point": 110, "testname": "PTAT_MC", "cornername": "Nominal"}
[2026-06-01 14:24:07.586 Z] [WARN] [cadence.virtuoso.ade.simulationMonitor] -     WARNING (CMI-2943): Parameter checks have been ignored because the valid value for parameter 'trise' could not be found in 'C1'. {"history": "MonteCarlo.6", "point": 110, "testname": "PTAT_MC", "cornername": "Nominal"}
[2026-06-01 14:24:07.587 Z] [WARN] [cadence.virtuoso.ade.simulationMonitor] -     WARNING (CMI-2943): Parameter checks have been ignored because the valid value for parameter 'trise' could not be found in 'C11'. {"history": "MonteCarlo.6", "point": 110, "testname": "PTAT_MC", "cornername": "Nominal"}
[2026-06-01 14:24:07.588 Z] [WARN] [cadence.virtuoso.ade.simulationMonitor] -     WARNING (CMI-2943): Parameter checks have been ignored because the valid value for parameter 'trise' could not be found in 'C12'. {"history": "MonteCarlo.6", "point": 110, "testname": "PTAT_MC", "cornername": "Nominal"}
[2026-06-01 14:24:07.588 Z] [WARN] [cadence.virtuoso.ade.simulationMonitor] -     WARNING (CMI-2943): Parameter checks have been ignored because the valid value for parameter 'trise' could not be found in 'C5'.
        Further occurrences of this warning will be suppressed. {"history": "MonteCarlo.6", "point": 110, "testname": "PTAT_MC", "cornername": "Nominal"}
[2026-06-01 14:24:07.589 Z] [INFO] [cadence.virtuoso.ade.simulationMonitor] - Notice from spectre during check, during DC analysis `dcOp', during Monte Carlo analysis `mc1'.
    I0.I3.RLIB_GC1 of rdiffp3: `ig' has the unusually large value of -89.0477 A.
        Further occurrences of this notice will be suppressed. {"history": "MonteCarlo.6", "point": 110, "testname": "PTAT_MC", "cornername": "Nominal"}
[2026-06-01 14:24:07.590 Z] [INFO] [cadence.virtuoso.ade.simulationMonitor] - Total time required for dc analysis `dcOp': CPU = 1.10006 s, elapsed = 456.708 ms, util. = 241%. {"history": "MonteCarlo.6", "point": 110, "testname": "PTAT_MC", "cornername": "Nominal"}
[2026-06-01 14:24:07.590 Z] [INFO] [cadence.virtuoso.ade.simulationMonitor] - Peak resident memory used = 324 Mbytes. {"history": "MonteCarlo.6", "point": 110, "testname": "PTAT_MC", "cornername": "Nominal"}
[2026-06-01 14:24:07.592 Z] [INFO] [cadence.virtuoso.ade.simulationMonitor] - Notice from spectre during Monte Carlo analysis `mc1'.
    26 notices suppressed.
    1059 warnings suppressed. {"history": "MonteCarlo.6", "point": 110, "testname": "PTAT_MC", "cornername": "Nominal"}
[2026-06-01 14:24:08.093 Z] [WARN] [cadence.virtuoso.ade.simulationMonitor] -     WARNING (CMI-2425): I7.I0.C0<0>_dummy: `Acde' = 2.393 is unusually large. {"history": "MonteCarlo.6", "point": 110, "testname": "PTAT_MC", "cornername": "Nominal"}
[2026-06-01 14:24:08.094 Z] [WARN] [cadence.virtuoso.ade.simulationMonitor] -     WARNING (CMI-2425): I7.I0.C0<0>_dummy: `Noff' = 4.732 is unusually large. {"history": "MonteCarlo.6", "point": 110, "testname": "PTAT_MC", "cornername": "Nominal"}
[2026-06-01 14:24:08.094 Z] [WARN] [cadence.virtuoso.ade.simulationMonitor] -     WARNING (CMI-2424): I7.I0.C0<0>_dummy: `Voffcv' = -867.4e-03 is unusually small. {"history": "MonteCarlo.6", "point": 110, "testname": "PTAT_MC", "cornername": "Nominal"}
[2026-06-01 14:24:08.094 Z] [WARN] [cadence.virtuoso.ade.simulationMonitor] -     WARNING (CMI-2425): I7.I3.C1<0>_dummy: `Acde' = 2.393 is unusually large. {"history": "MonteCarlo.6", "point": 110, "testname": "PTAT_MC", "cornername": "Nominal"}
[2026-06-01 14:24:08.094 Z] [WARN] [cadence.virtuoso.ade.simulationMonitor] -     WARNING (CMI-2425): I7.I3.C1<0>_dummy: `Noff' = 4.732 is unusually large. {"history": "MonteCarlo.6", "point": 110, "testname": "PTAT_MC", "cornername": "Nominal"}
[2026-06-01 14:24:08.095 Z] [WARN] [cadence.virtuoso.ade.simulationMonitor] -     WARNING (CMI-2424): I7.I3.C1<0>_dummy: `Voffcv' = -867.4e-03 is unusually small. {"history": "MonteCarlo.6", "point": 110, "testname": "PTAT_MC", "cornername": "Nominal"}
[2026-06-01 14:24:08.095 Z] [WARN] [cadence.virtuoso.ade.simulationMonitor] -     WARNING (CMI-2425): I7.I4.C1<0>_dummy: `Acde' = 2.393 is unusually large.
        Further occurrences of this warning will be suppressed. {"history": "MonteCarlo.6", "point": 110, "testname": "PTAT_MC", "cornername": "Nominal"}
[2026-06-01 14:24:08.095 Z] [WARN] [cadence.virtuoso.ade.simulationMonitor] -     WARNING (CMI-2424): I7.I4.C1<0>_dummy: `Voffcv' = -867.4e-03 is unusually small. {"history": "MonteCarlo.6", "point": 110, "testname": "PTAT_MC", "cornername": "Nominal"}
[2026-06-01 14:24:08.095 Z] [INFO] [cadence.virtuoso.ade.simulationMonitor] - Notice from spectre during Monte Carlo analysis `mc1'.
    1 warning suppressed. {"history": "MonteCarlo.6", "point": 110, "testname": "PTAT_MC", "cornername": "Nominal"}
[2026-06-01 14:24:08.096 Z] [WARN] [cadence.virtuoso.ade.simulationMonitor] -     WARNING (CMI-2425): I2.I25.I33.C0: `Acde' = 2.393 is unusually large. {"history": "MonteCarlo.6", "point": 110, "testname": "PTAT_MC", "cornername": "Nominal"}
[2026-06-01 14:24:08.096 Z] [WARN] [cadence.virtuoso.ade.simulationMonitor] -     WARNING (CMI-2425): I2.I25.I33.C0: `Noff' = 4.732 is unusually large. {"history": "MonteCarlo.6", "point": 110, "testname": "PTAT_MC", "cornername": "Nominal"}
[2026-06-01 14:24:08.096 Z] [WARN] [cadence.virtuoso.ade.simulationMonitor] -     WARNING (CMI-2424): I2.I25.I33.C0: `Voffcv' = -867.4e-03 is unusually small. {"history": "MonteCarlo.6", "point": 110, "testname": "PTAT_MC", "cornername": "Nominal"}
[2026-06-01 14:24:08.096 Z] [WARN] [cadence.virtuoso.ade.simulationMonitor] -     WARNING (CMI-2425): I7.I4.C1<0>_turbo_m11: `Acde' = 2.393 is unusually large. {"history": "MonteCarlo.6", "point": 110, "testname": "PTAT_MC", "cornername": "Nominal"}
[2026-06-01 14:24:08.096 Z] [WARN] [cadence.virtuoso.ade.simulationMonitor] -     WARNING (CMI-2425): I7.I4.C1<0>_turbo_m11: `Noff' = 4.732 is unusually large. {"history": "MonteCarlo.6", "point": 110, "testname": "PTAT_MC", "cornername": "Nominal"}
[2026-06-01 14:24:08.097 Z] [WARN] [cadence.virtuoso.ade.simulationMonitor] -     WARNING (CMI-2424): I7.I4.C1<0>_turbo_m11: `Voffcv' = -867.4e-03 is unusually small. {"history": "MonteCarlo.6", "point": 110, "testname": "PTAT_MC", "cornername": "Nominal"}
[2026-06-01 14:24:08.097 Z] [WARN] [cadence.virtuoso.ade.simulationMonitor] -     WARNING (CMI-2425): I7.I3.C1<0>_turbo_m6: `Acde' = 2.393 is unusually large.
        Further occurrences of this warning will be suppressed. {"history": "MonteCarlo.6", "point": 110, "testname": "PTAT_MC", "cornername": "Nominal"}
[2026-06-01 14:24:08.097 Z] [WARN] [cadence.virtuoso.ade.simulationMonitor] -     WARNING (CMI-2424): I7.I3.C1<0>_turbo_m6: `Voffcv' = -867.4e-03 is unusually small. {"history": "MonteCarlo.6", "point": 110, "testname": "PTAT_MC", "cornername": "Nominal"}
[2026-06-01 14:24:08.097 Z] [WARN] [cadence.virtuoso.ade.simulationMonitor] -     WARNING (CMI-2424): I7.I0.C0<0>_turbo_m6: `Voffcv' = -867.4e-03 is unusually small. {"history": "MonteCarlo.6", "point": 110, "testname": "PTAT_MC", "cornername": "Nominal"}
[2026-06-01 14:24:08.097 Z] [WARN] [cadence.virtuoso.ade.simulationMonitor] -     WARNING (CMI-2424): I7.I0.C2: `Voffcv' = -867.4e-03 is unusually small.
        Further occurrences of this warning will be suppressed. {"history": "MonteCarlo.6", "point": 110, "testname": "PTAT_MC", "cornername": "Nominal"}
[2026-06-01 14:24:08.598 Z] [INFO] [cadence.virtuoso.ade.simulationMonitor] - Notice from spectre at temp = -40 C during DC analysis `dc', during Monte Carlo analysis `mc1'.
    Bad pivoting is found during DC analysis. Option dc_pivot_check=yes is recommended for possible improvement of convergence. {"history": "MonteCarlo.6", "point": 110, "testname": "PTAT_MC", "cornername": "Nominal"}
[2026-06-01 14:24:08.598 Z] [INFO] [cadence.virtuoso.ade.simulationMonitor] - Notice from spectre at temp = -39 C during DC analysis `dc', during Monte Carlo analysis `mc1'.
    Bad pivoting is found during DC analysis. Option dc_pivot_check=yes is recommended for possible improvement of convergence. {"history": "MonteCarlo.6", "point": 110, "testname": "PTAT_MC", "cornername": "Nominal"}
[2026-06-01 14:24:08.599 Z] [INFO] [cadence.virtuoso.ade.simulationMonitor] - Notice from spectre at temp = -38 C during DC analysis `dc', during Monte Carlo analysis `mc1'.
    Bad pivoting is found during DC analysis. Option dc_pivot_check=yes is recommended for possible improvement of convergence. {"history": "MonteCarlo.6", "point": 110, "testname": "PTAT_MC", "cornername": "Nominal"}
[2026-06-01 14:24:08.599 Z] [INFO] [cadence.virtuoso.ade.simulationMonitor] - Notice from spectre at temp = -37 C during DC analysis `dc', during Monte Carlo analysis `mc1'.
    Bad pivoting is found during DC analysis. Option dc_pivot_check=yes is recommended for possible improvement of convergence. {"history": "MonteCarlo.6", "point": 110, "testname": "PTAT_MC", "cornername": "Nominal"}
[2026-06-01 14:24:08.599 Z] [INFO] [cadence.virtuoso.ade.simulationMonitor] - Notice from spectre at temp = -36 C during DC analysis `dc', during Monte Carlo analysis `mc1'.
    Bad pivoting is found during DC analysis. Option dc_pivot_check=yes is recommended for possible improvement of convergence.
        Further occurrences of this notice will be suppressed. {"history": "MonteCarlo.6", "point": 110, "testname": "PTAT_MC", "cornername": "Nominal"}
[2026-06-01 14:24:14.605 Z] [WARN] [cadence.virtuoso.ade.simulationMonitor] -     WARNING (CMI-2943): Parameter checks have been ignored because the valid value for parameter 'trise' could not be found in 'C0'. {"history": "MonteCarlo.6", "point": 110, "testname": "PTAT_MC", "cornername": "Nominal"}
[2026-06-01 14:24:14.606 Z] [WARN] [cadence.virtuoso.ade.simulationMonitor] -     WARNING (CMI-2943): Parameter checks have been ignored because the valid value for parameter 'trise' could not be found in 'C1'. {"history": "MonteCarlo.6", "point": 110, "testname": "PTAT_MC", "cornername": "Nominal"}
[2026-06-01 14:24:14.606 Z] [WARN] [cadence.virtuoso.ade.simulationMonitor] -     WARNING (CMI-2943): Parameter checks have been ignored because the valid value for parameter 'trise' could not be found in 'C11'. {"history": "MonteCarlo.6", "point": 110, "testname": "PTAT_MC", "cornername": "Nominal"}
[2026-06-01 14:24:14.606 Z] [WARN] [cadence.virtuoso.ade.simulationMonitor] -     WARNING (CMI-2943): Parameter checks have been ignored because the valid value for parameter 'trise' could not be found in 'C12'. {"history": "MonteCarlo.6", "point": 110, "testname": "PTAT_MC", "cornername": "Nominal"}
[2026-06-01 14:24:14.607 Z] [WARN] [cadence.virtuoso.ade.simulationMonitor] -     WARNING (CMI-2943): Parameter checks have been ignored because the valid value for parameter 'trise' could not be found in 'C5'.
        Further occurrences of this warning will be suppressed. {"history": "MonteCarlo.6", "point": 110, "testname": "PTAT_MC", "cornername": "Nominal"}
[2026-06-01 14:24:14.607 Z] [INFO] [cadence.virtuoso.ade.simulationMonitor] - Notice from spectre at temp = 85 C during check, during DC analysis `dc', during Monte Carlo analysis `mc1'.
    I0.I3.RLIB_GC1 of rdiffp3: `ig' has the unusually large value of -76.2502 A.
    I0.I3.RLIB_GC2 of rdiffp3: `ig' has the unusually large value of -76.2502 A. {"history": "MonteCarlo.6", "point": 110, "testname": "PTAT_MC", "cornername": "Nominal"}
[2026-06-01 14:24:15.108 Z] [INFO] [cadence.virtuoso.ade.simulationMonitor] - Notice from spectre at temp = 85 C during DC analysis `dc', during Monte Carlo analysis `mc1'.
    The value of parameter 'temp' has been reset to the original value 27. {"history": "MonteCarlo.6", "point": 110, "testname": "PTAT_MC", "cornername": "Nominal"}
[2026-06-01 14:24:15.108 Z] [INFO] [cadence.virtuoso.ade.simulationMonitor] - Total time required for dc analysis `dc': CPU = 8.30014 s, elapsed = 6.87776 s, util. = 121%. {"history": "MonteCarlo.6", "point": 110, "testname": "PTAT_MC", "cornername": "Nominal"}
[2026-06-01 14:24:15.109 Z] [INFO] [cadence.virtuoso.ade.simulationMonitor] - Peak resident memory used = 328 Mbytes. {"history": "MonteCarlo.6", "point": 110, "testname": "PTAT_MC", "cornername": "Nominal"}
[2026-06-01 14:24:15.109 Z] [INFO] [cadence.virtuoso.ade.simulationMonitor] - Notice from spectre during Monte Carlo analysis `mc1'.
    121 notices suppressed.
    8649 warnings suppressed. {"history": "MonteCarlo.6", "point": 110, "testname": "PTAT_MC", "cornername": "Nominal"}
[2026-06-01 14:24:15.109 Z] [WARN] [cadence.virtuoso.ade.simulationMonitor] -     WARNING (CMI-2425): I7.I4.C1<0>_turbo_m11: `Acde' = 2.393 is unusually large. {"history": "MonteCarlo.6", "point": 110, "testname": "PTAT_MC", "cornername": "Nominal"}
[2026-06-01 14:24:15.109 Z] [WARN] [cadence.virtuoso.ade.simulationMonitor] -     WARNING (CMI-2425): I7.I4.C1<0>_turbo_m11: `Noff' = 4.732 is unusually large. {"history": "MonteCarlo.6", "point": 110, "testname": "PTAT_MC", "cornername": "Nominal"}
[2026-06-01 14:24:15.109 Z] [WARN] [cadence.virtuoso.ade.simulationMonitor] -     WARNING (CMI-2424): I7.I4.C1<0>_turbo_m11: `Voffcv' = -867.4e-03 is unusually small. {"history": "MonteCarlo.6", "point": 110, "testname": "PTAT_MC", "cornername": "Nominal"}
[2026-06-01 14:24:15.110 Z] [WARN] [cadence.virtuoso.ade.simulationMonitor] -     WARNING (CMI-2425): I7.I3.C1<0>_turbo_m6: `Acde' = 2.393 is unusually large. {"history": "MonteCarlo.6", "point": 110, "testname": "PTAT_MC", "cornername": "Nominal"}
[2026-06-01 14:24:15.110 Z] [WARN] [cadence.virtuoso.ade.simulationMonitor] -     WARNING (CMI-2425): I7.I3.C1<0>_turbo_m6: `Noff' = 4.732 is unusually large. {"history": "MonteCarlo.6", "point": 110, "testname": "PTAT_MC", "cornername": "Nominal"}
[2026-06-01 14:24:15.110 Z] [WARN] [cadence.virtuoso.ade.simulationMonitor] -     WARNING (CMI-2424): I7.I3.C1<0>_turbo_m6: `Voffcv' = -867.4e-03 is unusually small. {"history": "MonteCarlo.6", "point": 110, "testname": "PTAT_MC", "cornername": "Nominal"}
[2026-06-01 14:24:15.110 Z] [WARN] [cadence.virtuoso.ade.simulationMonitor] -     WARNING (CMI-2425): I7.I0.C0<0>_turbo_m6: `Acde' = 2.393 is unusually large.
        Further occurrences of this warning will be suppressed. {"history": "MonteCarlo.6", "point": 110, "testname": "PTAT_MC", "cornername": "Nominal"}
[2026-06-01 14:24:15.110 Z] [WARN] [cadence.virtuoso.ade.simulationMonitor] -     WARNING (CMI-2424): I7.I0.C0<0>_turbo_m6: `Voffcv' = -867.4e-03 is unusually small. {"history": "MonteCarlo.6", "point": 110, "testname": "PTAT_MC", "cornername": "Nominal"}
[2026-06-01 14:24:15.110 Z] [WARN] [cadence.virtuoso.ade.simulationMonitor] -     WARNING (CMI-2424): I7.I0.C2: `Voffcv' = -867.4e-03 is unusually small. {"history": "MonteCarlo.6", "point": 110, "testname": "PTAT_MC", "cornername": "Nominal"}
[2026-06-01 14:24:15.110 Z] [WARN] [cadence.virtuoso.ade.simulationMonitor] -     WARNING (CMI-2424): I7.I0.C1: `Voffcv' = -867.4e-03 is unusually small.
        Further occurrences of this warning will be suppressed. {"history": "MonteCarlo.6", "point": 110, "testname": "PTAT_MC", "cornername": "Nominal"}
[2026-06-01 14:24:15.111 Z] [WARN] [cadence.virtuoso.ade.simulationMonitor] -     WARNING (CMI-2943): Parameter checks have been ignored because the valid value for parameter 'trise' could not be found in 'C0'. {"history": "MonteCarlo.6", "point": 110, "testname": "PTAT_MC", "cornername": "Nominal"}
[2026-06-01 14:24:15.111 Z] [WARN] [cadence.virtuoso.ade.simulationMonitor] -     WARNING (CMI-2943): Parameter checks have been ignored because the valid value for parameter 'trise' could not be found in 'C1'. {"history": "MonteCarlo.6", "point": 110, "testname": "PTAT_MC", "cornername": "Nominal"}
[2026-06-01 14:24:15.111 Z] [WARN] [cadence.virtuoso.ade.simulationMonitor] -     WARNING (CMI-2943): Parameter checks have been ignored because the valid value for parameter 'trise' could not be found in 'C11'. {"history": "MonteCarlo.6", "point": 110, "testname": "PTAT_MC", "cornername": "Nominal"}
[2026-06-01 14:24:15.111 Z] [WARN] [cadence.virtuoso.ade.simulationMonitor] -     WARNING (CMI-2943): Parameter checks have been ignored because the valid value for parameter 'trise' could not be found in 'C12'. {"history": "MonteCarlo.6", "point": 110, "testname": "PTAT_MC", "cornername": "Nominal"}
[2026-06-01 14:24:15.111 Z] [WARN] [cadence.virtuoso.ade.simulationMonitor] -     WARNING (CMI-2943): Parameter checks have been ignored because the valid value for parameter 'trise' could not be found in 'C5'.
        Further occurrences of this warning will be suppressed. {"history": "MonteCarlo.6", "point": 110, "testname": "PTAT_MC", "cornername": "Nominal"}
[2026-06-01 14:24:15.112 Z] [INFO] [cadence.virtuoso.ade.simulationMonitor] - Notice from spectre at freq = 0 Hz during check, during DC analysis, during XF analysis `xf', during Monte Carlo analysis `mc1'.
    I0.I3.RLIB_GC1 of rdiffp3: `ig' has the unusually large value of -89.0477 A.
    I0.I3.RLIB_GC2 of rdiffp3: `ig' has the unusually large value of -89.0477 A. {"history": "MonteCarlo.6", "point": 110, "testname": "PTAT_MC", "cornername": "Nominal"}
[2026-06-01 14:24:15.613 Z] [INFO] [cadence.virtuoso.ade.simulationMonitor] - Total time required for xf analysis `xf': CPU = 1.65358 s, elapsed = 668.3 ms, util. = 247%. {"history": "MonteCarlo.6", "point": 110, "testname": "PTAT_MC", "cornername": "Nominal"}
[2026-06-01 14:24:15.613 Z] [INFO] [cadence.virtuoso.ade.simulationMonitor] - Peak resident memory used = 330 Mbytes. {"history": "MonteCarlo.6", "point": 110, "testname": "PTAT_MC", "cornername": "Nominal"}
[2026-06-01 14:24:15.613 Z] [INFO] [cadence.virtuoso.ade.simulationMonitor] - Notice from spectre during XF analysis `xf', during Monte Carlo analysis `mc1'.
    1059 warnings suppressed. {"history": "MonteCarlo.6", "point": 110, "testname": "PTAT_MC", "cornername": "Nominal"}
[2026-06-01 14:24:15.614 Z] [WARN] [cadence.virtuoso.ade.simulationMonitor] -     WARNING (CMI-2425): I7.I0.C0<0>_dummy: `Acde' = 2.393 is unusually large. {"history": "MonteCarlo.6", "point": 110, "testname": "PTAT_MC", "cornername": "Nominal"}
[2026-06-01 14:24:15.614 Z] [WARN] [cadence.virtuoso.ade.simulationMonitor] -     WARNING (CMI-2425): I7.I0.C0<0>_dummy: `Noff' = 4.732 is unusually large. {"history": "MonteCarlo.6", "point": 110, "testname": "PTAT_MC", "cornername": "Nominal"}
[2026-06-01 14:24:15.616 Z] [WARN] [cadence.virtuoso.ade.simulationMonitor] -     WARNING (CMI-2424): I7.I0.C0<0>_dummy: `Voffcv' = -867.4e-03 is unusually small. {"history": "MonteCarlo.6", "point": 110, "testname": "PTAT_MC", "cornername": "Nominal"}
[2026-06-01 14:24:15.616 Z] [WARN] [cadence.virtuoso.ade.simulationMonitor] -     WARNING (CMI-2425): I7.I3.C1<0>_dummy: `Acde' = 2.393 is unusually large. {"history": "MonteCarlo.6", "point": 110, "testname": "PTAT_MC", "cornername": "Nominal"}
[2026-06-01 14:24:15.616 Z] [WARN] [cadence.virtuoso.ade.simulationMonitor] -     WARNING (CMI-2425): I7.I3.C1<0>_dummy: `Noff' = 4.732 is unusually large. {"history": "MonteCarlo.6", "point": 110, "testname": "PTAT_MC", "cornername": "Nominal"}
[2026-06-01 14:24:15.616 Z] [WARN] [cadence.virtuoso.ade.simulationMonitor] -     WARNING (CMI-2424): I7.I3.C1<0>_dummy: `Voffcv' = -867.4e-03 is unusually small. {"history": "MonteCarlo.6", "point": 110, "testname": "PTAT_MC", "cornername": "Nominal"}
[2026-06-01 14:24:15.617 Z] [WARN] [cadence.virtuoso.ade.simulationMonitor] -     WARNING (CMI-2425): I7.I4.C1<0>_dummy: `Acde' = 2.393 is unusually large.
        Further occurrences of this warning will be suppressed. {"history": "MonteCarlo.6", "point": 110, "testname": "PTAT_MC", "cornername": "Nominal"}
[2026-06-01 14:24:15.617 Z] [WARN] [cadence.virtuoso.ade.simulationMonitor] -     WARNING (CMI-2424): I7.I4.C1<0>_dummy: `Voffcv' = -867.4e-03 is unusually small. {"history": "MonteCarlo.6", "point": 110, "testname": "PTAT_MC", "cornername": "Nominal"}
[2026-06-01 14:24:15.617 Z] [INFO] [cadence.virtuoso.ade.simulationMonitor] - Notice from spectre during Monte Carlo analysis `mc1'.
    1 warning suppressed. {"history": "MonteCarlo.6", "point": 110, "testname": "PTAT_MC", "cornername": "Nominal"}
[2026-06-01 14:24:15.617 Z] [INFO] [cadence.virtuoso.ade.simulationMonitor] - Notice from spectre in `rpoly1c':`I0.I46.RLIB_GC1', in `AGND3ALLP':`I0.I46', in `IO_RING_S_VH':`I0', during Monte Carlo analysis `mc1'.
    I0.I46.RLIB_GC1.CS0 of rpoly1c: `c' has the unusually small value of 634.694e-21 F.
    I0.I46.RLIB_GC1.CS1 of rpoly1c: `c' has the unusually small value of 634.694e-21 F. {"history": "MonteCarlo.6", "point": 110, "testname": "PTAT_MC", "cornername": "Nominal"}
[2026-06-01 14:24:15.617 Z] [INFO] [cadence.virtuoso.ade.simulationMonitor] - Notice from spectre in `rpoly1c':`I0.I45.RLIB_GC1', in `AVDD3ALLP':`I0.I45', in `IO_RING_S_VH':`I0', during Monte Carlo analysis `mc1'.
    I0.I45.RLIB_GC1.CS0 of rpoly1c: `c' has the unusually small value of 634.694e-21 F.
    I0.I45.RLIB_GC1.CS1 of rpoly1c: `c' has the unusually small value of 634.694e-21 F. {"history": "MonteCarlo.6", "point": 110, "testname": "PTAT_MC", "cornername": "Nominal"}
[2026-06-01 14:24:15.618 Z] [INFO] [cadence.virtuoso.ade.simulationMonitor] - Notice from spectre in `rpoly1c':`I0.I20.RLIB_GC1', in `VDD3RP':`I0.I20', in `IO_RING_S_VH':`I0', during Monte Carlo analysis `mc1'.
    I0.I20.RLIB_GC1.CS0 of rpoly1c: `c' has the unusually small value of 634.694e-21 F.
        Further occurrences of this notice will be suppressed. {"history": "MonteCarlo.6", "point": 110, "testname": "PTAT_MC", "cornername": "Nominal"}
[2026-06-01 14:24:15.619 Z] [INFO] [cadence.virtuoso.ade.simulationMonitor] - Notice from spectre during Monte Carlo analysis `mc1'.
    V8: `period' has the unusually large value of 100 s.
    V7: `period' has the unusually large value of 10 s.
    V3: `period' has the unusually large value of 6 s.
    I26: `period' has the unusually large value of 6 s. {"history": "MonteCarlo.6", "point": 110, "testname": "PTAT_MC", "cornername": "Nominal"}
[2026-06-01 14:24:15.620 Z] [PROCESS] [cadence.virtuoso.ade.simulationMonitor] - Finished simulating for one iteration {"hostname": "il2244vt26_hrahimi", "processid": 1499097, "history": "MonteCarlo.6", "testname": "PTAT_MC", "cornername": "Nominal", "point": 110, "logfile": "/home/hrahimi/projects/POTENTIOSTAT_26/logs_hrahimi/logs0/Job93.log", "simid": "1"}
[2026-06-01 14:24:15.621 Z] [PROCESS] [cadence.virtuoso.ade.simulationMonitor] - Started Simulation {"hostname": "il2244vt26_hrahimi", "processid": 1499097, "history": "MonteCarlo.6", "testname": "PTAT_MC", "cornername": "Nominal", "point": 111, "logfile": "/home/hrahimi/projects/POTENTIOSTAT_26/logs_hrahimi/logs0/Job93.log", "event": "started", "task": "simulation"}
[2026-06-01 14:24:16.122 Z] [WARN] [cadence.virtuoso.ade.simulationMonitor] -     WARNING (CMI-2425): I7.I4.C1<0>_turbo_m11: `Acde' = 2.393 is unusually large. {"history": "MonteCarlo.6", "point": 111, "testname": "PTAT_MC", "cornername": "Nominal"}
[2026-06-01 14:24:16.122 Z] [WARN] [cadence.virtuoso.ade.simulationMonitor] -     WARNING (CMI-2425): I7.I4.C1<0>_turbo_m11: `Noff' = 4.732 is unusually large. {"history": "MonteCarlo.6", "point": 111, "testname": "PTAT_MC", "cornername": "Nominal"}
[2026-06-01 14:24:16.122 Z] [WARN] [cadence.virtuoso.ade.simulationMonitor] -     WARNING (CMI-2424): I7.I4.C1<0>_turbo_m11: `Voffcv' = -867.4e-03 is unusually small. {"history": "MonteCarlo.6", "point": 111, "testname": "PTAT_MC", "cornername": "Nominal"}
[2026-06-01 14:24:16.122 Z] [WARN] [cadence.virtuoso.ade.simulationMonitor] -     WARNING (CMI-2425): I7.I3.C1<0>_turbo_m6: `Acde' = 2.393 is unusually large. {"history": "MonteCarlo.6", "point": 111, "testname": "PTAT_MC", "cornername": "Nominal"}
[2026-06-01 14:24:16.123 Z] [WARN] [cadence.virtuoso.ade.simulationMonitor] -     WARNING (CMI-2425): I7.I3.C1<0>_turbo_m6: `Noff' = 4.732 is unusually large. {"history": "MonteCarlo.6", "point": 111, "testname": "PTAT_MC", "cornername": "Nominal"}
[2026-06-01 14:24:16.123 Z] [WARN] [cadence.virtuoso.ade.simulationMonitor] -     WARNING (CMI-2424): I7.I3.C1<0>_turbo_m6: `Voffcv' = -867.4e-03 is unusually small. {"history": "MonteCarlo.6", "point": 111, "testname": "PTAT_MC", "cornername": "Nominal"}
[2026-06-01 14:24:16.123 Z] [WARN] [cadence.virtuoso.ade.simulationMonitor] -     WARNING (CMI-2425): I7.I0.C0<0>_turbo_m6: `Acde' = 2.393 is unusually large.
        Further occurrences of this warning will be suppressed. {"history": "MonteCarlo.6", "point": 111, "testname": "PTAT_MC", "cornername": "Nominal"}
[2026-06-01 14:24:16.123 Z] [WARN] [cadence.virtuoso.ade.simulationMonitor] -     WARNING (CMI-2424): I7.I0.C0<0>_turbo_m6: `Voffcv' = -867.4e-03 is unusually small. {"history": "MonteCarlo.6", "point": 111, "testname": "PTAT_MC", "cornername": "Nominal"}
[2026-06-01 14:24:16.124 Z] [WARN] [cadence.virtuoso.ade.simulationMonitor] -     WARNING (CMI-2424): I7.I0.C2: `Voffcv' = -867.4e-03 is unusually small. {"history": "MonteCarlo.6", "point": 111, "testname": "PTAT_MC", "cornername": "Nominal"}
[2026-06-01 14:24:16.124 Z] [WARN] [cadence.virtuoso.ade.simulationMonitor] -     WARNING (CMI-2424): I7.I0.C1: `Voffcv' = -867.4e-03 is unusually small.
        Further occurrences of this warning will be suppressed. {"history": "MonteCarlo.6", "point": 111, "testname": "PTAT_MC", "cornername": "Nominal"}
[2026-06-01 14:24:16.624 Z] [WARN] [cadence.virtuoso.ade.simulationMonitor] -     WARNING (CMI-2943): Parameter checks have been ignored because the valid value for parameter 'trise' could not be found in 'C0'. {"history": "MonteCarlo.6", "point": 111, "testname": "PTAT_MC", "cornername": "Nominal"}
[2026-06-01 14:24:16.625 Z] [WARN] [cadence.virtuoso.ade.simulationMonitor] -     WARNING (CMI-2943): Parameter checks have been ignored because the valid value for parameter 'trise' could not be found in 'C1'. {"history": "MonteCarlo.6", "point": 111, "testname": "PTAT_MC", "cornername": "Nominal"}
[2026-06-01 14:24:16.625 Z] [WARN] [cadence.virtuoso.ade.simulationMonitor] -     WARNING (CMI-2943): Parameter checks have been ignored because the valid value for parameter 'trise' could not be found in 'C11'. {"history": "MonteCarlo.6", "point": 111, "testname": "PTAT_MC", "cornername": "Nominal"}
[2026-06-01 14:24:16.625 Z] [WARN] [cadence.virtuoso.ade.simulationMonitor] -     WARNING (CMI-2943): Parameter checks have been ignored because the valid value for parameter 'trise' could not be found in 'C12'. {"history": "MonteCarlo.6", "point": 111, "testname": "PTAT_MC", "cornername": "Nominal"}
[2026-06-01 14:24:16.626 Z] [WARN] [cadence.virtuoso.ade.simulationMonitor] -     WARNING (CMI-2943): Parameter checks have been ignored because the valid value for parameter 'trise' could not be found in 'C5'.
        Further occurrences of this warning will be suppressed. {"history": "MonteCarlo.6", "point": 111, "testname": "PTAT_MC", "cornername": "Nominal"}
[2026-06-01 14:24:16.626 Z] [INFO] [cadence.virtuoso.ade.simulationMonitor] - Notice from spectre during check, during DC analysis `dcOp', during Monte Carlo analysis `mc1'.
    I0.I3.RLIB_GC1 of rdiffp3: `ig' has the unusually large value of -89.0477 A.
        Further occurrences of this notice will be suppressed. {"history": "MonteCarlo.6", "point": 111, "testname": "PTAT_MC", "cornername": "Nominal"}
[2026-06-01 14:24:16.626 Z] [INFO] [cadence.virtuoso.ade.simulationMonitor] - Total time required for dc analysis `dcOp': CPU = 989.959 ms, elapsed = 515.107 ms, util. = 192%. {"history": "MonteCarlo.6", "point": 111, "testname": "PTAT_MC", "cornername": "Nominal"}
[2026-06-01 14:24:16.627 Z] [INFO] [cadence.virtuoso.ade.simulationMonitor] - Peak resident memory used = 332 Mbytes. {"history": "MonteCarlo.6", "point": 111, "testname": "PTAT_MC", "cornername": "Nominal"}
[2026-06-01 14:24:16.627 Z] [INFO] [cadence.virtuoso.ade.simulationMonitor] - Notice from spectre during Monte Carlo analysis `mc1'.
    31 notices suppressed.
    1059 warnings suppressed. {"history": "MonteCarlo.6", "point": 111, "testname": "PTAT_MC", "cornername": "Nominal"}
[2026-06-01 14:24:16.627 Z] [WARN] [cadence.virtuoso.ade.simulationMonitor] -     WARNING (CMI-2425): I7.I0.C0<0>_dummy: `Acde' = 2.393 is unusually large. {"history": "MonteCarlo.6", "point": 111, "testname": "PTAT_MC", "cornername": "Nominal"}
[2026-06-01 14:24:16.628 Z] [WARN] [cadence.virtuoso.ade.simulationMonitor] -     WARNING (CMI-2425): I7.I0.C0<0>_dummy: `Noff' = 4.732 is unusually large. {"history": "MonteCarlo.6", "point": 111, "testname": "PTAT_MC", "cornername": "Nominal"}
[2026-06-01 14:24:16.628 Z] [WARN] [cadence.virtuoso.ade.simulationMonitor] -     WARNING (CMI-2424): I7.I0.C0<0>_dummy: `Voffcv' = -867.4e-03 is unusually small. {"history": "MonteCarlo.6", "point": 111, "testname": "PTAT_MC", "cornername": "Nominal"}
[2026-06-01 14:24:16.629 Z] [WARN] [cadence.virtuoso.ade.simulationMonitor] -     WARNING (CMI-2425): I7.I3.C1<0>_dummy: `Acde' = 2.393 is unusually large. {"history": "MonteCarlo.6", "point": 111, "testname": "PTAT_MC", "cornername": "Nominal"}
[2026-06-01 14:24:16.629 Z] [WARN] [cadence.virtuoso.ade.simulationMonitor] -     WARNING (CMI-2425): I7.I3.C1<0>_dummy: `Noff' = 4.732 is unusually large. {"history": "MonteCarlo.6", "point": 111, "testname": "PTAT_MC", "cornername": "Nominal"}
[2026-06-01 14:24:16.629 Z] [WARN] [cadence.virtuoso.ade.simulationMonitor] -     WARNING (CMI-2424): I7.I3.C1<0>_dummy: `Voffcv' = -867.4e-03 is unusually small. {"history": "MonteCarlo.6", "point": 111, "testname": "PTAT_MC", "cornername": "Nominal"}
[2026-06-01 14:24:16.630 Z] [WARN] [cadence.virtuoso.ade.simulationMonitor] -     WARNING (CMI-2425): I7.I4.C1<0>_dummy: `Acde' = 2.393 is unusually large.
        Further occurrences of this warning will be suppressed. {"history": "MonteCarlo.6", "point": 111, "testname": "PTAT_MC", "cornername": "Nominal"}
[2026-06-01 14:24:16.630 Z] [WARN] [cadence.virtuoso.ade.simulationMonitor] -     WARNING (CMI-2424): I7.I4.C1<0>_dummy: `Voffcv' = -867.4e-03 is unusually small. {"history": "MonteCarlo.6", "point": 111, "testname": "PTAT_MC", "cornername": "Nominal"}
[2026-06-01 14:24:16.631 Z] [INFO] [cadence.virtuoso.ade.simulationMonitor] - Notice from spectre during Monte Carlo analysis `mc1'.
    1 warning suppressed. {"history": "MonteCarlo.6", "point": 111, "testname": "PTAT_MC", "cornername": "Nominal"}
[2026-06-01 14:24:16.631 Z] [WARN] [cadence.virtuoso.ade.simulationMonitor] -     WARNING (CMI-2425): I2.I25.I33.C0: `Acde' = 2.393 is unusually large. {"history": "MonteCarlo.6", "point": 111, "testname": "PTAT_MC", "cornername": "Nominal"}
[2026-06-01 14:24:16.632 Z] [WARN] [cadence.virtuoso.ade.simulationMonitor] -     WARNING (CMI-2425): I2.I25.I33.C0: `Noff' = 4.732 is unusually large. {"history": "MonteCarlo.6", "point": 111, "testname": "PTAT_MC", "cornername": "Nominal"}
[2026-06-01 14:24:16.632 Z] [WARN] [cadence.virtuoso.ade.simulationMonitor] -     WARNING (CMI-2424): I2.I25.I33.C0: `Voffcv' = -867.4e-03 is unusually small. {"history": "MonteCarlo.6", "point": 111, "testname": "PTAT_MC", "cornername": "Nominal"}
[2026-06-01 14:24:16.632 Z] [WARN] [cadence.virtuoso.ade.simulationMonitor] -     WARNING (CMI-2425): I7.I4.C1<0>_turbo_m11: `Acde' = 2.393 is unusually large. {"history": "MonteCarlo.6", "point": 111, "testname": "PTAT_MC", "cornername": "Nominal"}
[2026-06-01 14:24:16.633 Z] [WARN] [cadence.virtuoso.ade.simulationMonitor] -     WARNING (CMI-2425): I7.I4.C1<0>_turbo_m11: `Noff' = 4.732 is unusually large. {"history": "MonteCarlo.6", "point": 111, "testname": "PTAT_MC", "cornername": "Nominal"}
[2026-06-01 14:24:16.633 Z] [WARN] [cadence.virtuoso.ade.simulationMonitor] -     WARNING (CMI-2424): I7.I4.C1<0>_turbo_m11: `Voffcv' = -867.4e-03 is unusually small. {"history": "MonteCarlo.6", "point": 111, "testname": "PTAT_MC", "cornername": "Nominal"}
[2026-06-01 14:24:16.634 Z] [WARN] [cadence.virtuoso.ade.simulationMonitor] -     WARNING (CMI-2425): I7.I3.C1<0>_turbo_m6: `Acde' = 2.393 is unusually large.
        Further occurrences of this warning will be suppressed. {"history": "MonteCarlo.6", "point": 111, "testname": "PTAT_MC", "cornername": "Nominal"}
[2026-06-01 14:24:16.634 Z] [WARN] [cadence.virtuoso.ade.simulationMonitor] -     WARNING (CMI-2424): I7.I3.C1<0>_turbo_m6: `Voffcv' = -867.4e-03 is unusually small. {"history": "MonteCarlo.6", "point": 111, "testname": "PTAT_MC", "cornername": "Nominal"}
[2026-06-01 14:24:16.634 Z] [WARN] [cadence.virtuoso.ade.simulationMonitor] -     WARNING (CMI-2424): I7.I0.C0<0>_turbo_m6: `Voffcv' = -867.4e-03 is unusually small. {"history": "MonteCarlo.6", "point": 111, "testname": "PTAT_MC", "cornername": "Nominal"}
[2026-06-01 14:24:16.635 Z] [WARN] [cadence.virtuoso.ade.simulationMonitor] -     WARNING (CMI-2424): I7.I0.C2: `Voffcv' = -867.4e-03 is unusually small.
        Further occurrences of this warning will be suppressed. {"history": "MonteCarlo.6", "point": 111, "testname": "PTAT_MC", "cornername": "Nominal"}
[2026-06-01 14:24:17.135 Z] [INFO] [cadence.virtuoso.ade.simulationMonitor] - Notice from spectre at temp = -40 C during DC analysis `dc', during Monte Carlo analysis `mc1'.
    Bad pivoting is found during DC analysis. Option dc_pivot_check=yes is recommended for possible improvement of convergence. {"history": "MonteCarlo.6", "point": 111, "testname": "PTAT_MC", "cornername": "Nominal"}
[2026-06-01 14:24:17.636 Z] [INFO] [cadence.virtuoso.ade.simulationMonitor] - Notice from spectre at temp = -39 C during DC analysis `dc', during Monte Carlo analysis `mc1'.
    Bad pivoting is found during DC analysis. Option dc_pivot_check=yes is recommended for possible improvement of convergence. {"history": "MonteCarlo.6", "point": 111, "testname": "PTAT_MC", "cornername": "Nominal"}
[2026-06-01 14:24:17.636 Z] [INFO] [cadence.virtuoso.ade.simulationMonitor] - Notice from spectre at temp = -38 C during DC analysis `dc', during Monte Carlo analysis `mc1'.
    Bad pivoting is found during DC analysis. Option dc_pivot_check=yes is recommended for possible improvement of convergence. {"history": "MonteCarlo.6", "point": 111, "testname": "PTAT_MC", "cornername": "Nominal"}
[2026-06-01 14:24:17.637 Z] [INFO] [cadence.virtuoso.ade.simulationMonitor] - Notice from spectre at temp = -37 C during DC analysis `dc', during Monte Carlo analysis `mc1'.
    Bad pivoting is found during DC analysis. Option dc_pivot_check=yes is recommended for possible improvement of convergence. {"history": "MonteCarlo.6", "point": 111, "testname": "PTAT_MC", "cornername": "Nominal"}
[2026-06-01 14:24:17.637 Z] [INFO] [cadence.virtuoso.ade.simulationMonitor] - Notice from spectre at temp = -36 C during DC analysis `dc', during Monte Carlo analysis `mc1'.
    Bad pivoting is found during DC analysis. Option dc_pivot_check=yes is recommended for possible improvement of convergence.
        Further occurrences of this notice will be suppressed. {"history": "MonteCarlo.6", "point": 111, "testname": "PTAT_MC", "cornername": "Nominal"}
[2026-06-01 14:24:23.641 Z] [WARN] [cadence.virtuoso.ade.simulationMonitor] -     WARNING (CMI-2943): Parameter checks have been ignored because the valid value for parameter 'trise' could not be found in 'C0'. {"history": "MonteCarlo.6", "point": 111, "testname": "PTAT_MC", "cornername": "Nominal"}
[2026-06-01 14:24:23.642 Z] [WARN] [cadence.virtuoso.ade.simulationMonitor] -     WARNING (CMI-2943): Parameter checks have been ignored because the valid value for parameter 'trise' could not be found in 'C1'. {"history": "MonteCarlo.6", "point": 111, "testname": "PTAT_MC", "cornername": "Nominal"}
[2026-06-01 14:24:23.642 Z] [WARN] [cadence.virtuoso.ade.simulationMonitor] -     WARNING (CMI-2943): Parameter checks have been ignored because the valid value for parameter 'trise' could not be found in 'C11'. {"history": "MonteCarlo.6", "point": 111, "testname": "PTAT_MC", "cornername": "Nominal"}
[2026-06-01 14:24:23.642 Z] [WARN] [cadence.virtuoso.ade.simulationMonitor] -     WARNING (CMI-2943): Parameter checks have been ignored because the valid value for parameter 'trise' could not be found in 'C12'. {"history": "MonteCarlo.6", "point": 111, "testname": "PTAT_MC", "cornername": "Nominal"}
[2026-06-01 14:24:23.643 Z] [WARN] [cadence.virtuoso.ade.simulationMonitor] -     WARNING (CMI-2943): Parameter checks have been ignored because the valid value for parameter 'trise' could not be found in 'C5'.
        Further occurrences of this warning will be suppressed. {"history": "MonteCarlo.6", "point": 111, "testname": "PTAT_MC", "cornername": "Nominal"}
[2026-06-01 14:24:23.643 Z] [INFO] [cadence.virtuoso.ade.simulationMonitor] - Notice from spectre at temp = 85 C during check, during DC analysis `dc', during Monte Carlo analysis `mc1'.
    I0.I3.RLIB_GC1 of rdiffp3: `ig' has the unusually large value of -76.2502 A.
    I0.I3.RLIB_GC2 of rdiffp3: `ig' has the unusually large value of -76.2502 A. {"history": "MonteCarlo.6", "point": 111, "testname": "PTAT_MC", "cornername": "Nominal"}
[2026-06-01 14:24:24.143 Z] [INFO] [cadence.virtuoso.ade.simulationMonitor] - Notice from spectre at temp = 85 C during DC analysis `dc', during Monte Carlo analysis `mc1'.
    The value of parameter 'temp' has been reset to the original value 27. {"history": "MonteCarlo.6", "point": 111, "testname": "PTAT_MC", "cornername": "Nominal"}
[2026-06-01 14:24:24.144 Z] [INFO] [cadence.virtuoso.ade.simulationMonitor] - Total time required for dc analysis `dc': CPU = 8.99758 s, elapsed = 7.18901 s, util. = 125%. {"history": "MonteCarlo.6", "point": 111, "testname": "PTAT_MC", "cornername": "Nominal"}
[2026-06-01 14:24:24.144 Z] [INFO] [cadence.virtuoso.ade.simulationMonitor] - Peak resident memory used = 338 Mbytes. {"history": "MonteCarlo.6", "point": 111, "testname": "PTAT_MC", "cornername": "Nominal"}
[2026-06-01 14:24:24.144 Z] [INFO] [cadence.virtuoso.ade.simulationMonitor] - Notice from spectre during Monte Carlo analysis `mc1'.
    121 notices suppressed.
    8649 warnings suppressed. {"history": "MonteCarlo.6", "point": 111, "testname": "PTAT_MC", "cornername": "Nominal"}
[2026-06-01 14:24:24.144 Z] [WARN] [cadence.virtuoso.ade.simulationMonitor] -     WARNING (CMI-2425): I7.I4.C1<0>_turbo_m11: `Acde' = 2.393 is unusually large. {"history": "MonteCarlo.6", "point": 111, "testname": "PTAT_MC", "cornername": "Nominal"}
[2026-06-01 14:24:24.144 Z] [WARN] [cadence.virtuoso.ade.simulationMonitor] -     WARNING (CMI-2425): I7.I4.C1<0>_turbo_m11: `Noff' = 4.732 is unusually large. {"history": "MonteCarlo.6", "point": 111, "testname": "PTAT_MC", "cornername": "Nominal"}
[2026-06-01 14:24:24.145 Z] [WARN] [cadence.virtuoso.ade.simulationMonitor] -     WARNING (CMI-2424): I7.I4.C1<0>_turbo_m11: `Voffcv' = -867.4e-03 is unusually small. {"history": "MonteCarlo.6", "point": 111, "testname": "PTAT_MC", "cornername": "Nominal"}
[2026-06-01 14:24:24.145 Z] [WARN] [cadence.virtuoso.ade.simulationMonitor] -     WARNING (CMI-2425): I7.I3.C1<0>_turbo_m6: `Acde' = 2.393 is unusually large. {"history": "MonteCarlo.6", "point": 111, "testname": "PTAT_MC", "cornername": "Nominal"}
[2026-06-01 14:24:24.145 Z] [WARN] [cadence.virtuoso.ade.simulationMonitor] -     WARNING (CMI-2425): I7.I3.C1<0>_turbo_m6: `Noff' = 4.732 is unusually large. {"history": "MonteCarlo.6", "point": 111, "testname": "PTAT_MC", "cornername": "Nominal"}
[2026-06-01 14:24:24.145 Z] [WARN] [cadence.virtuoso.ade.simulationMonitor] -     WARNING (CMI-2424): I7.I3.C1<0>_turbo_m6: `Voffcv' = -867.4e-03 is unusually small. {"history": "MonteCarlo.6", "point": 111, "testname": "PTAT_MC", "cornername": "Nominal"}
[2026-06-01 14:24:24.145 Z] [WARN] [cadence.virtuoso.ade.simulationMonitor] -     WARNING (CMI-2425): I7.I0.C0<0>_turbo_m6: `Acde' = 2.393 is unusually large.
        Further occurrences of this warning will be suppressed. {"history": "MonteCarlo.6", "point": 111, "testname": "PTAT_MC", "cornername": "Nominal"}
[2026-06-01 14:24:24.145 Z] [WARN] [cadence.virtuoso.ade.simulationMonitor] -     WARNING (CMI-2424): I7.I0.C0<0>_turbo_m6: `Voffcv' = -867.4e-03 is unusually small. {"history": "MonteCarlo.6", "point": 111, "testname": "PTAT_MC", "cornername": "Nominal"}
[2026-06-01 14:24:24.146 Z] [WARN] [cadence.virtuoso.ade.simulationMonitor] -     WARNING (CMI-2424): I7.I0.C2: `Voffcv' = -867.4e-03 is unusually small. {"history": "MonteCarlo.6", "point": 111, "testname": "PTAT_MC", "cornername": "Nominal"}
[2026-06-01 14:24:24.146 Z] [WARN] [cadence.virtuoso.ade.simulationMonitor] -     WARNING (CMI-2424): I7.I0.C1: `Voffcv' = -867.4e-03 is unusually small.
        Further occurrences of this warning will be suppressed. {"history": "MonteCarlo.6", "point": 111, "testname": "PTAT_MC", "cornername": "Nominal"}
[2026-06-01 14:24:24.146 Z] [WARN] [cadence.virtuoso.ade.simulationMonitor] -     WARNING (CMI-2943): Parameter checks have been ignored because the valid value for parameter 'trise' could not be found in 'C0'. {"history": "MonteCarlo.6", "point": 111, "testname": "PTAT_MC", "cornername": "Nominal"}
[2026-06-01 14:24:24.147 Z] [WARN] [cadence.virtuoso.ade.simulationMonitor] -     WARNING (CMI-2943): Parameter checks have been ignored because the valid value for parameter 'trise' could not be found in 'C1'. {"history": "MonteCarlo.6", "point": 111, "testname": "PTAT_MC", "cornername": "Nominal"}
[2026-06-01 14:24:24.147 Z] [WARN] [cadence.virtuoso.ade.simulationMonitor] -     WARNING (CMI-2943): Parameter checks have been ignored because the valid value for parameter 'trise' could not be found in 'C11'. {"history": "MonteCarlo.6", "point": 111, "testname": "PTAT_MC", "cornername": "Nominal"}
[2026-06-01 14:24:24.147 Z] [WARN] [cadence.virtuoso.ade.simulationMonitor] -     WARNING (CMI-2943): Parameter checks have been ignored because the valid value for parameter 'trise' could not be found in 'C12'. {"history": "MonteCarlo.6", "point": 111, "testname": "PTAT_MC", "cornername": "Nominal"}
[2026-06-01 14:24:24.147 Z] [WARN] [cadence.virtuoso.ade.simulationMonitor] -     WARNING (CMI-2943): Parameter checks have been ignored because the valid value for parameter 'trise' could not be found in 'C5'.
        Further occurrences of this warning will be suppressed. {"history": "MonteCarlo.6", "point": 111, "testname": "PTAT_MC", "cornername": "Nominal"}
[2026-06-01 14:24:24.147 Z] [INFO] [cadence.virtuoso.ade.simulationMonitor] - Notice from spectre at freq = 0 Hz during check, during DC analysis, during XF analysis `xf', during Monte Carlo analysis `mc1'.
    I0.I3.RLIB_GC1 of rdiffp3: `ig' has the unusually large value of -89.0477 A.
    I0.I3.RLIB_GC2 of rdiffp3: `ig' has the unusually large value of -89.0477 A. {"history": "MonteCarlo.6", "point": 111, "testname": "PTAT_MC", "cornername": "Nominal"}
[2026-06-01 14:24:24.147 Z] [WARN] [cadence.virtuoso.ade.simulationMonitor] -     WARNING (SPECTRE-17192): 
        Tolerance relaxation is used during DC simulation which may affect the accuracy of the result. This is mainly caused by the high impedance nodes in the circuit. Use the dyn_highz check to determine the high impedance nodes. Setting/assigning appropriate initial values to these nodes will usually help to improve both performance and accuracy of DC simulations. {"history": "MonteCarlo.6", "point": 111, "testname": "PTAT_MC", "cornername": "Nominal"}
[2026-06-01 14:24:24.650 Z] [INFO] [cadence.virtuoso.ade.simulationMonitor] - Total time required for xf analysis `xf': CPU = 1.64757 s, elapsed = 702.464 ms, util. = 235%. {"history": "MonteCarlo.6", "point": 111, "testname": "PTAT_MC", "cornername": "Nominal"}
[2026-06-01 14:24:24.650 Z] [INFO] [cadence.virtuoso.ade.simulationMonitor] - Peak resident memory used = 341 Mbytes. {"history": "MonteCarlo.6", "point": 111, "testname": "PTAT_MC", "cornername": "Nominal"}
[2026-06-01 14:24:24.650 Z] [INFO] [cadence.virtuoso.ade.simulationMonitor] - Notice from spectre during XF analysis `xf', during Monte Carlo analysis `mc1'.
    1059 warnings suppressed. {"history": "MonteCarlo.6", "point": 111, "testname": "PTAT_MC", "cornername": "Nominal"}
[2026-06-01 14:24:24.650 Z] [WARN] [cadence.virtuoso.ade.simulationMonitor] -     WARNING (CMI-2425): I7.I0.C0<0>_dummy: `Acde' = 2.393 is unusually large. {"history": "MonteCarlo.6", "point": 111, "testname": "PTAT_MC", "cornername": "Nominal"}
[2026-06-01 14:24:24.651 Z] [WARN] [cadence.virtuoso.ade.simulationMonitor] -     WARNING (CMI-2425): I7.I0.C0<0>_dummy: `Noff' = 4.732 is unusually large. {"history": "MonteCarlo.6", "point": 111, "testname": "PTAT_MC", "cornername": "Nominal"}
[2026-06-01 14:24:24.651 Z] [WARN] [cadence.virtuoso.ade.simulationMonitor] -     WARNING (CMI-2424): I7.I0.C0<0>_dummy: `Voffcv' = -867.4e-03 is unusually small. {"history": "MonteCarlo.6", "point": 111, "testname": "PTAT_MC", "cornername": "Nominal"}
[2026-06-01 14:24:24.651 Z] [WARN] [cadence.virtuoso.ade.simulationMonitor] -     WARNING (CMI-2425): I7.I3.C1<0>_dummy: `Acde' = 2.393 is unusually large. {"history": "MonteCarlo.6", "point": 111, "testname": "PTAT_MC", "cornername": "Nominal"}
[2026-06-01 14:24:24.651 Z] [WARN] [cadence.virtuoso.ade.simulationMonitor] -     WARNING (CMI-2425): I7.I3.C1<0>_dummy: `Noff' = 4.732 is unusually large. {"history": "MonteCarlo.6", "point": 111, "testname": "PTAT_MC", "cornername": "Nominal"}
[2026-06-01 14:24:24.651 Z] [WARN] [cadence.virtuoso.ade.simulationMonitor] -     WARNING (CMI-2424): I7.I3.C1<0>_dummy: `Voffcv' = -867.4e-03 is unusually small. {"history": "MonteCarlo.6", "point": 111, "testname": "PTAT_MC", "cornername": "Nominal"}
[2026-06-01 14:24:24.651 Z] [WARN] [cadence.virtuoso.ade.simulationMonitor] -     WARNING (CMI-2425): I7.I4.C1<0>_dummy: `Acde' = 2.393 is unusually large.
        Further occurrences of this warning will be suppressed. {"history": "MonteCarlo.6", "point": 111, "testname": "PTAT_MC", "cornername": "Nominal"}
[2026-06-01 14:24:24.652 Z] [WARN] [cadence.virtuoso.ade.simulationMonitor] -     WARNING (CMI-2424): I7.I4.C1<0>_dummy: `Voffcv' = -867.4e-03 is unusually small. {"history": "MonteCarlo.6", "point": 111, "testname": "PTAT_MC", "cornername": "Nominal"}
[2026-06-01 14:24:24.652 Z] [INFO] [cadence.virtuoso.ade.simulationMonitor] - Notice from spectre during Monte Carlo analysis `mc1'.
    1 warning suppressed. {"history": "MonteCarlo.6", "point": 111, "testname": "PTAT_MC", "cornername": "Nominal"}
[2026-06-01 14:24:24.652 Z] [INFO] [cadence.virtuoso.ade.simulationMonitor] - Notice from spectre in `rpoly1c':`I0.I46.RLIB_GC1', in `AGND3ALLP':`I0.I46', in `IO_RING_S_VH':`I0', during Monte Carlo analysis `mc1'.
    I0.I46.RLIB_GC1.CS0 of rpoly1c: `c' has the unusually small value of 634.694e-21 F.
    I0.I46.RLIB_GC1.CS1 of rpoly1c: `c' has the unusually small value of 634.694e-21 F. {"history": "MonteCarlo.6", "point": 111, "testname": "PTAT_MC", "cornername": "Nominal"}
[2026-06-01 14:24:24.652 Z] [INFO] [cadence.virtuoso.ade.simulationMonitor] - Notice from spectre in `rpoly1c':`I0.I45.RLIB_GC1', in `AVDD3ALLP':`I0.I45', in `IO_RING_S_VH':`I0', during Monte Carlo analysis `mc1'.
    I0.I45.RLIB_GC1.CS0 of rpoly1c: `c' has the unusually small value of 634.694e-21 F.
    I0.I45.RLIB_GC1.CS1 of rpoly1c: `c' has the unusually small value of 634.694e-21 F. {"history": "MonteCarlo.6", "point": 111, "testname": "PTAT_MC", "cornername": "Nominal"}
[2026-06-01 14:24:24.652 Z] [INFO] [cadence.virtuoso.ade.simulationMonitor] - Notice from spectre in `rpoly1c':`I0.I20.RLIB_GC1', in `VDD3RP':`I0.I20', in `IO_RING_S_VH':`I0', during Monte Carlo analysis `mc1'.
    I0.I20.RLIB_GC1.CS0 of rpoly1c: `c' has the unusually small value of 634.694e-21 F.
        Further occurrences of this notice will be suppressed. {"history": "MonteCarlo.6", "point": 111, "testname": "PTAT_MC", "cornername": "Nominal"}
[2026-06-01 14:24:24.652 Z] [PROCESS] [cadence.virtuoso.ade.simulationMonitor] - Finished simulating for one iteration {"hostname": "il2244vt26_hrahimi", "processid": 1499097, "history": "MonteCarlo.6", "testname": "PTAT_MC", "cornername": "Nominal", "point": 111, "logfile": "/home/hrahimi/projects/POTENTIOSTAT_26/logs_hrahimi/logs0/Job93.log", "simid": "1"}
[2026-06-01 14:24:24.653 Z] [PROCESS] [cadence.virtuoso.ade.simulationMonitor] - Started Simulation {"hostname": "il2244vt26_hrahimi", "processid": 1499097, "history": "MonteCarlo.6", "testname": "PTAT_MC", "cornername": "Nominal", "point": 112, "logfile": "/home/hrahimi/projects/POTENTIOSTAT_26/logs_hrahimi/logs0/Job93.log", "event": "started", "task": "simulation"}
[2026-06-01 14:24:25.153 Z] [INFO] [cadence.virtuoso.ade.simulationMonitor] - Notice from spectre during Monte Carlo analysis `mc1'.
    V8: `period' has the unusually large value of 100 s.
    V7: `period' has the unusually large value of 10 s.
    V3: `period' has the unusually large value of 6 s.
    I26: `period' has the unusually large value of 6 s. {"history": "MonteCarlo.6", "point": 112, "testname": "PTAT_MC", "cornername": "Nominal"}
[2026-06-01 14:24:25.153 Z] [WARN] [cadence.virtuoso.ade.simulationMonitor] -     WARNING (CMI-2425): I7.I4.C1<0>_turbo_m11: `Acde' = 2.393 is unusually large. {"history": "MonteCarlo.6", "point": 112, "testname": "PTAT_MC", "cornername": "Nominal"}
[2026-06-01 14:24:25.154 Z] [WARN] [cadence.virtuoso.ade.simulationMonitor] -     WARNING (CMI-2425): I7.I4.C1<0>_turbo_m11: `Noff' = 4.732 is unusually large. {"history": "MonteCarlo.6", "point": 112, "testname": "PTAT_MC", "cornername": "Nominal"}
[2026-06-01 14:24:25.154 Z] [WARN] [cadence.virtuoso.ade.simulationMonitor] -     WARNING (CMI-2424): I7.I4.C1<0>_turbo_m11: `Voffcv' = -867.4e-03 is unusually small. {"history": "MonteCarlo.6", "point": 112, "testname": "PTAT_MC", "cornername": "Nominal"}
[2026-06-01 14:24:25.154 Z] [WARN] [cadence.virtuoso.ade.simulationMonitor] -     WARNING (CMI-2425): I7.I3.C1<0>_turbo_m6: `Acde' = 2.393 is unusually large. {"history": "MonteCarlo.6", "point": 112, "testname": "PTAT_MC", "cornername": "Nominal"}
[2026-06-01 14:24:25.154 Z] [WARN] [cadence.virtuoso.ade.simulationMonitor] -     WARNING (CMI-2425): I7.I3.C1<0>_turbo_m6: `Noff' = 4.732 is unusually large. {"history": "MonteCarlo.6", "point": 112, "testname": "PTAT_MC", "cornername": "Nominal"}
[2026-06-01 14:24:25.155 Z] [WARN] [cadence.virtuoso.ade.simulationMonitor] -     WARNING (CMI-2424): I7.I3.C1<0>_turbo_m6: `Voffcv' = -867.4e-03 is unusually small. {"history": "MonteCarlo.6", "point": 112, "testname": "PTAT_MC", "cornername": "Nominal"}
[2026-06-01 14:24:25.155 Z] [WARN] [cadence.virtuoso.ade.simulationMonitor] -     WARNING (CMI-2425): I7.I0.C0<0>_turbo_m6: `Acde' = 2.393 is unusually large.
        Further occurrences of this warning will be suppressed. {"history": "MonteCarlo.6", "point": 112, "testname": "PTAT_MC", "cornername": "Nominal"}
[2026-06-01 14:24:25.155 Z] [WARN] [cadence.virtuoso.ade.simulationMonitor] -     WARNING (CMI-2424): I7.I0.C0<0>_turbo_m6: `Voffcv' = -867.4e-03 is unusually small. {"history": "MonteCarlo.6", "point": 112, "testname": "PTAT_MC", "cornername": "Nominal"}
[2026-06-01 14:24:25.155 Z] [WARN] [cadence.virtuoso.ade.simulationMonitor] -     WARNING (CMI-2424): I7.I0.C2: `Voffcv' = -867.4e-03 is unusually small. {"history": "MonteCarlo.6", "point": 112, "testname": "PTAT_MC", "cornername": "Nominal"}
[2026-06-01 14:24:25.156 Z] [WARN] [cadence.virtuoso.ade.simulationMonitor] -     WARNING (CMI-2424): I7.I0.C1: `Voffcv' = -867.4e-03 is unusually small.
        Further occurrences of this warning will be suppressed. {"history": "MonteCarlo.6", "point": 112, "testname": "PTAT_MC", "cornername": "Nominal"}
[2026-06-01 14:24:25.656 Z] [WARN] [cadence.virtuoso.ade.simulationMonitor] -     WARNING (CMI-2943): Parameter checks have been ignored because the valid value for parameter 'trise' could not be found in 'C0'. {"history": "MonteCarlo.6", "point": 112, "testname": "PTAT_MC", "cornername": "Nominal"}
[2026-06-01 14:24:25.657 Z] [WARN] [cadence.virtuoso.ade.simulationMonitor] -     WARNING (CMI-2943): Parameter checks have been ignored because the valid value for parameter 'trise' could not be found in 'C1'. {"history": "MonteCarlo.6", "point": 112, "testname": "PTAT_MC", "cornername": "Nominal"}
[2026-06-01 14:24:25.657 Z] [WARN] [cadence.virtuoso.ade.simulationMonitor] -     WARNING (CMI-2943): Parameter checks have been ignored because the valid value for parameter 'trise' could not be found in 'C11'. {"history": "MonteCarlo.6", "point": 112, "testname": "PTAT_MC", "cornername": "Nominal"}
[2026-06-01 14:24:25.657 Z] [WARN] [cadence.virtuoso.ade.simulationMonitor] -     WARNING (CMI-2943): Parameter checks have been ignored because the valid value for parameter 'trise' could not be found in 'C12'. {"history": "MonteCarlo.6", "point": 112, "testname": "PTAT_MC", "cornername": "Nominal"}
[2026-06-01 14:24:25.658 Z] [WARN] [cadence.virtuoso.ade.simulationMonitor] -     WARNING (CMI-2943): Parameter checks have been ignored because the valid value for parameter 'trise' could not be found in 'C5'.
        Further occurrences of this warning will be suppressed. {"history": "MonteCarlo.6", "point": 112, "testname": "PTAT_MC", "cornername": "Nominal"}
[2026-06-01 14:24:25.658 Z] [INFO] [cadence.virtuoso.ade.simulationMonitor] - Notice from spectre during check, during DC analysis `dcOp', during Monte Carlo analysis `mc1'.
    I0.I3.RLIB_GC1 of rdiffp3: `ig' has the unusually large value of -89.0477 A.
        Further occurrences of this notice will be suppressed. {"history": "MonteCarlo.6", "point": 112, "testname": "PTAT_MC", "cornername": "Nominal"}
[2026-06-01 14:24:25.658 Z] [INFO] [cadence.virtuoso.ade.simulationMonitor] - Total time required for dc analysis `dcOp': CPU = 1.07784 s, elapsed = 497.673 ms, util. = 217%. {"history": "MonteCarlo.6", "point": 112, "testname": "PTAT_MC", "cornername": "Nominal"}
[2026-06-01 14:24:25.658 Z] [INFO] [cadence.virtuoso.ade.simulationMonitor] - Peak resident memory used = 342 Mbytes. {"history": "MonteCarlo.6", "point": 112, "testname": "PTAT_MC", "cornername": "Nominal"}
[2026-06-01 14:24:25.659 Z] [INFO] [cadence.virtuoso.ade.simulationMonitor] - Notice from spectre during Monte Carlo analysis `mc1'.
    26 notices suppressed.
    1059 warnings suppressed. {"history": "MonteCarlo.6", "point": 112, "testname": "PTAT_MC", "cornername": "Nominal"}
[2026-06-01 14:24:25.659 Z] [WARN] [cadence.virtuoso.ade.simulationMonitor] -     WARNING (CMI-2425): I7.I0.C0<0>_dummy: `Acde' = 2.393 is unusually large. {"history": "MonteCarlo.6", "point": 112, "testname": "PTAT_MC", "cornername": "Nominal"}
[2026-06-01 14:24:25.659 Z] [WARN] [cadence.virtuoso.ade.simulationMonitor] -     WARNING (CMI-2425): I7.I0.C0<0>_dummy: `Noff' = 4.732 is unusually large. {"history": "MonteCarlo.6", "point": 112, "testname": "PTAT_MC", "cornername": "Nominal"}
[2026-06-01 14:24:25.659 Z] [WARN] [cadence.virtuoso.ade.simulationMonitor] -     WARNING (CMI-2424): I7.I0.C0<0>_dummy: `Voffcv' = -867.4e-03 is unusually small. {"history": "MonteCarlo.6", "point": 112, "testname": "PTAT_MC", "cornername": "Nominal"}
[2026-06-01 14:24:25.660 Z] [WARN] [cadence.virtuoso.ade.simulationMonitor] -     WARNING (CMI-2425): I7.I3.C1<0>_dummy: `Acde' = 2.393 is unusually large. {"history": "MonteCarlo.6", "point": 112, "testname": "PTAT_MC", "cornername": "Nominal"}
[2026-06-01 14:24:25.660 Z] [WARN] [cadence.virtuoso.ade.simulationMonitor] -     WARNING (CMI-2425): I7.I3.C1<0>_dummy: `Noff' = 4.732 is unusually large. {"history": "MonteCarlo.6", "point": 112, "testname": "PTAT_MC", "cornername": "Nominal"}
[2026-06-01 14:24:25.660 Z] [WARN] [cadence.virtuoso.ade.simulationMonitor] -     WARNING (CMI-2424): I7.I3.C1<0>_dummy: `Voffcv' = -867.4e-03 is unusually small. {"history": "MonteCarlo.6", "point": 112, "testname": "PTAT_MC", "cornername": "Nominal"}
[2026-06-01 14:24:25.660 Z] [WARN] [cadence.virtuoso.ade.simulationMonitor] -     WARNING (CMI-2425): I7.I4.C1<0>_dummy: `Acde' = 2.393 is unusually large.
        Further occurrences of this warning will be suppressed. {"history": "MonteCarlo.6", "point": 112, "testname": "PTAT_MC", "cornername": "Nominal"}
[2026-06-01 14:24:25.661 Z] [WARN] [cadence.virtuoso.ade.simulationMonitor] -     WARNING (CMI-2424): I7.I4.C1<0>_dummy: `Voffcv' = -867.4e-03 is unusually small. {"history": "MonteCarlo.6", "point": 112, "testname": "PTAT_MC", "cornername": "Nominal"}
[2026-06-01 14:24:25.661 Z] [INFO] [cadence.virtuoso.ade.simulationMonitor] - Notice from spectre during Monte Carlo analysis `mc1'.
    1 warning suppressed. {"history": "MonteCarlo.6", "point": 112, "testname": "PTAT_MC", "cornername": "Nominal"}
[2026-06-01 14:24:25.661 Z] [WARN] [cadence.virtuoso.ade.simulationMonitor] -     WARNING (CMI-2425): I2.I25.I33.C0: `Acde' = 2.393 is unusually large. {"history": "MonteCarlo.6", "point": 112, "testname": "PTAT_MC", "cornername": "Nominal"}
[2026-06-01 14:24:25.661 Z] [WARN] [cadence.virtuoso.ade.simulationMonitor] -     WARNING (CMI-2425): I2.I25.I33.C0: `Noff' = 4.732 is unusually large. {"history": "MonteCarlo.6", "point": 112, "testname": "PTAT_MC", "cornername": "Nominal"}
[2026-06-01 14:24:25.661 Z] [WARN] [cadence.virtuoso.ade.simulationMonitor] -     WARNING (CMI-2424): I2.I25.I33.C0: `Voffcv' = -867.4e-03 is unusually small. {"history": "MonteCarlo.6", "point": 112, "testname": "PTAT_MC", "cornername": "Nominal"}
[2026-06-01 14:24:25.662 Z] [WARN] [cadence.virtuoso.ade.simulationMonitor] -     WARNING (CMI-2425): I7.I4.C1<0>_turbo_m11: `Acde' = 2.393 is unusually large. {"history": "MonteCarlo.6", "point": 112, "testname": "PTAT_MC", "cornername": "Nominal"}
[2026-06-01 14:24:25.662 Z] [WARN] [cadence.virtuoso.ade.simulationMonitor] -     WARNING (CMI-2425): I7.I4.C1<0>_turbo_m11: `Noff' = 4.732 is unusually large. {"history": "MonteCarlo.6", "point": 112, "testname": "PTAT_MC", "cornername": "Nominal"}
[2026-06-01 14:24:25.663 Z] [WARN] [cadence.virtuoso.ade.simulationMonitor] -     WARNING (CMI-2424): I7.I4.C1<0>_turbo_m11: `Voffcv' = -867.4e-03 is unusually small. {"history": "MonteCarlo.6", "point": 112, "testname": "PTAT_MC", "cornername": "Nominal"}
[2026-06-01 14:24:25.663 Z] [WARN] [cadence.virtuoso.ade.simulationMonitor] -     WARNING (CMI-2425): I7.I3.C1<0>_turbo_m6: `Acde' = 2.393 is unusually large.
        Further occurrences of this warning will be suppressed. {"history": "MonteCarlo.6", "point": 112, "testname": "PTAT_MC", "cornername": "Nominal"}
[2026-06-01 14:24:25.663 Z] [WARN] [cadence.virtuoso.ade.simulationMonitor] -     WARNING (CMI-2424): I7.I3.C1<0>_turbo_m6: `Voffcv' = -867.4e-03 is unusually small. {"history": "MonteCarlo.6", "point": 112, "testname": "PTAT_MC", "cornername": "Nominal"}
[2026-06-01 14:24:25.664 Z] [WARN] [cadence.virtuoso.ade.simulationMonitor] -     WARNING (CMI-2424): I7.I0.C0<0>_turbo_m6: `Voffcv' = -867.4e-03 is unusually small. {"history": "MonteCarlo.6", "point": 112, "testname": "PTAT_MC", "cornername": "Nominal"}
[2026-06-01 14:24:25.664 Z] [WARN] [cadence.virtuoso.ade.simulationMonitor] -     WARNING (CMI-2424): I7.I0.C2: `Voffcv' = -867.4e-03 is unusually small.
        Further occurrences of this warning will be suppressed. {"history": "MonteCarlo.6", "point": 112, "testname": "PTAT_MC", "cornername": "Nominal"}
[2026-06-01 14:24:26.165 Z] [INFO] [cadence.virtuoso.ade.simulationMonitor] - Notice from spectre at temp = -40 C during DC analysis `dc', during Monte Carlo analysis `mc1'.
    Bad pivoting is found during DC analysis. Option dc_pivot_check=yes is recommended for possible improvement of convergence. {"history": "MonteCarlo.6", "point": 112, "testname": "PTAT_MC", "cornername": "Nominal"}
[2026-06-01 14:24:26.166 Z] [INFO] [cadence.virtuoso.ade.simulationMonitor] - Notice from spectre at temp = -39 C during DC analysis `dc', during Monte Carlo analysis `mc1'.
    Bad pivoting is found during DC analysis. Option dc_pivot_check=yes is recommended for possible improvement of convergence. {"history": "MonteCarlo.6", "point": 112, "testname": "PTAT_MC", "cornername": "Nominal"}
[2026-06-01 14:24:26.166 Z] [INFO] [cadence.virtuoso.ade.simulationMonitor] - Notice from spectre at temp = -38 C during DC analysis `dc', during Monte Carlo analysis `mc1'.
    Bad pivoting is found during DC analysis. Option dc_pivot_check=yes is recommended for possible improvement of convergence. {"history": "MonteCarlo.6", "point": 112, "testname": "PTAT_MC", "cornername": "Nominal"}
[2026-06-01 14:24:26.166 Z] [INFO] [cadence.virtuoso.ade.simulationMonitor] - Notice from spectre at temp = -37 C during DC analysis `dc', during Monte Carlo analysis `mc1'.
    Bad pivoting is found during DC analysis. Option dc_pivot_check=yes is recommended for possible improvement of convergence. {"history": "MonteCarlo.6", "point": 112, "testname": "PTAT_MC", "cornername": "Nominal"}
[2026-06-01 14:24:26.667 Z] [INFO] [cadence.virtuoso.ade.simulationMonitor] - Notice from spectre at temp = -36 C during DC analysis `dc', during Monte Carlo analysis `mc1'.
    Bad pivoting is found during DC analysis. Option dc_pivot_check=yes is recommended for possible improvement of convergence.
        Further occurrences of this notice will be suppressed. {"history": "MonteCarlo.6", "point": 112, "testname": "PTAT_MC", "cornername": "Nominal"}
[2026-06-01 14:24:32.672 Z] [WARN] [cadence.virtuoso.ade.simulationMonitor] -     WARNING (CMI-2943): Parameter checks have been ignored because the valid value for parameter 'trise' could not be found in 'C0'. {"history": "MonteCarlo.6", "point": 112, "testname": "PTAT_MC", "cornername": "Nominal"}
[2026-06-01 14:24:32.672 Z] [WARN] [cadence.virtuoso.ade.simulationMonitor] -     WARNING (CMI-2943): Parameter checks have been ignored because the valid value for parameter 'trise' could not be found in 'C1'. {"history": "MonteCarlo.6", "point": 112, "testname": "PTAT_MC", "cornername": "Nominal"}
[2026-06-01 14:24:32.672 Z] [WARN] [cadence.virtuoso.ade.simulationMonitor] -     WARNING (CMI-2943): Parameter checks have been ignored because the valid value for parameter 'trise' could not be found in 'C11'. {"history": "MonteCarlo.6", "point": 112, "testname": "PTAT_MC", "cornername": "Nominal"}
[2026-06-01 14:24:32.673 Z] [WARN] [cadence.virtuoso.ade.simulationMonitor] -     WARNING (CMI-2943): Parameter checks have been ignored because the valid value for parameter 'trise' could not be found in 'C12'. {"history": "MonteCarlo.6", "point": 112, "testname": "PTAT_MC", "cornername": "Nominal"}
[2026-06-01 14:24:32.673 Z] [WARN] [cadence.virtuoso.ade.simulationMonitor] -     WARNING (CMI-2943): Parameter checks have been ignored because the valid value for parameter 'trise' could not be found in 'C5'.
        Further occurrences of this warning will be suppressed. {"history": "MonteCarlo.6", "point": 112, "testname": "PTAT_MC", "cornername": "Nominal"}
[2026-06-01 14:24:32.673 Z] [INFO] [cadence.virtuoso.ade.simulationMonitor] - Notice from spectre at temp = 85 C during check, during DC analysis `dc', during Monte Carlo analysis `mc1'.
    I0.I3.RLIB_GC1 of rdiffp3: `ig' has the unusually large value of -76.2502 A.
    I0.I3.RLIB_GC2 of rdiffp3: `ig' has the unusually large value of -76.2502 A. {"history": "MonteCarlo.6", "point": 112, "testname": "PTAT_MC", "cornername": "Nominal"}
[2026-06-01 14:24:32.674 Z] [INFO] [cadence.virtuoso.ade.simulationMonitor] - Notice from spectre at temp = 85 C during DC analysis `dc', during Monte Carlo analysis `mc1'.
    The value of parameter 'temp' has been reset to the original value 27. {"history": "MonteCarlo.6", "point": 112, "testname": "PTAT_MC", "cornername": "Nominal"}
[2026-06-01 14:24:32.674 Z] [INFO] [cadence.virtuoso.ade.simulationMonitor] - Total time required for dc analysis `dc': CPU = 9.08603 s, elapsed = 6.8701 s, util. = 132%. {"history": "MonteCarlo.6", "point": 112, "testname": "PTAT_MC", "cornername": "Nominal"}
[2026-06-01 14:24:32.674 Z] [INFO] [cadence.virtuoso.ade.simulationMonitor] - Peak resident memory used = 347 Mbytes. {"history": "MonteCarlo.6", "point": 112, "testname": "PTAT_MC", "cornername": "Nominal"}
[2026-06-01 14:24:32.674 Z] [INFO] [cadence.virtuoso.ade.simulationMonitor] - Notice from spectre during Monte Carlo analysis `mc1'.
    121 notices suppressed.
    8649 warnings suppressed. {"history": "MonteCarlo.6", "point": 112, "testname": "PTAT_MC", "cornername": "Nominal"}
[2026-06-01 14:24:32.675 Z] [WARN] [cadence.virtuoso.ade.simulationMonitor] -     WARNING (CMI-2425): I7.I4.C1<0>_turbo_m11: `Acde' = 2.393 is unusually large. {"history": "MonteCarlo.6", "point": 112, "testname": "PTAT_MC", "cornername": "Nominal"}
[2026-06-01 14:24:32.675 Z] [WARN] [cadence.virtuoso.ade.simulationMonitor] -     WARNING (CMI-2425): I7.I4.C1<0>_turbo_m11: `Noff' = 4.732 is unusually large. {"history": "MonteCarlo.6", "point": 112, "testname": "PTAT_MC", "cornername": "Nominal"}
[2026-06-01 14:24:32.675 Z] [WARN] [cadence.virtuoso.ade.simulationMonitor] -     WARNING (CMI-2424): I7.I4.C1<0>_turbo_m11: `Voffcv' = -867.4e-03 is unusually small. {"history": "MonteCarlo.6", "point": 112, "testname": "PTAT_MC", "cornername": "Nominal"}
[2026-06-01 14:24:32.676 Z] [WARN] [cadence.virtuoso.ade.simulationMonitor] -     WARNING (CMI-2425): I7.I3.C1<0>_turbo_m6: `Acde' = 2.393 is unusually large. {"history": "MonteCarlo.6", "point": 112, "testname": "PTAT_MC", "cornername": "Nominal"}
[2026-06-01 14:24:32.676 Z] [WARN] [cadence.virtuoso.ade.simulationMonitor] -     WARNING (CMI-2425): I7.I3.C1<0>_turbo_m6: `Noff' = 4.732 is unusually large. {"history": "MonteCarlo.6", "point": 112, "testname": "PTAT_MC", "cornername": "Nominal"}
[2026-06-01 14:24:32.676 Z] [WARN] [cadence.virtuoso.ade.simulationMonitor] -     WARNING (CMI-2424): I7.I3.C1<0>_turbo_m6: `Voffcv' = -867.4e-03 is unusually small. {"history": "MonteCarlo.6", "point": 112, "testname": "PTAT_MC", "cornername": "Nominal"}
[2026-06-01 14:24:32.676 Z] [WARN] [cadence.virtuoso.ade.simulationMonitor] -     WARNING (CMI-2425): I7.I0.C0<0>_turbo_m6: `Acde' = 2.393 is unusually large.
        Further occurrences of this warning will be suppressed. {"history": "MonteCarlo.6", "point": 112, "testname": "PTAT_MC", "cornername": "Nominal"}
[2026-06-01 14:24:32.677 Z] [WARN] [cadence.virtuoso.ade.simulationMonitor] -     WARNING (CMI-2424): I7.I0.C0<0>_turbo_m6: `Voffcv' = -867.4e-03 is unusually small. {"history": "MonteCarlo.6", "point": 112, "testname": "PTAT_MC", "cornername": "Nominal"}
[2026-06-01 14:24:32.677 Z] [WARN] [cadence.virtuoso.ade.simulationMonitor] -     WARNING (CMI-2424): I7.I0.C2: `Voffcv' = -867.4e-03 is unusually small. {"history": "MonteCarlo.6", "point": 112, "testname": "PTAT_MC", "cornername": "Nominal"}
[2026-06-01 14:24:32.677 Z] [WARN] [cadence.virtuoso.ade.simulationMonitor] -     WARNING (CMI-2424): I7.I0.C1: `Voffcv' = -867.4e-03 is unusually small.
        Further occurrences of this warning will be suppressed. {"history": "MonteCarlo.6", "point": 112, "testname": "PTAT_MC", "cornername": "Nominal"}
[2026-06-01 14:24:33.178 Z] [WARN] [cadence.virtuoso.ade.simulationMonitor] -     WARNING (CMI-2943): Parameter checks have been ignored because the valid value for parameter 'trise' could not be found in 'C0'. {"history": "MonteCarlo.6", "point": 112, "testname": "PTAT_MC", "cornername": "Nominal"}
[2026-06-01 14:24:33.178 Z] [WARN] [cadence.virtuoso.ade.simulationMonitor] -     WARNING (CMI-2943): Parameter checks have been ignored because the valid value for parameter 'trise' could not be found in 'C1'. {"history": "MonteCarlo.6", "point": 112, "testname": "PTAT_MC", "cornername": "Nominal"}
[2026-06-01 14:24:33.179 Z] [WARN] [cadence.virtuoso.ade.simulationMonitor] -     WARNING (CMI-2943): Parameter checks have been ignored because the valid value for parameter 'trise' could not be found in 'C11'. {"history": "MonteCarlo.6", "point": 112, "testname": "PTAT_MC", "cornername": "Nominal"}
[2026-06-01 14:24:33.179 Z] [WARN] [cadence.virtuoso.ade.simulationMonitor] -     WARNING (CMI-2943): Parameter checks have been ignored because the valid value for parameter 'trise' could not be found in 'C12'. {"history": "MonteCarlo.6", "point": 112, "testname": "PTAT_MC", "cornername": "Nominal"}
[2026-06-01 14:24:33.179 Z] [WARN] [cadence.virtuoso.ade.simulationMonitor] -     WARNING (CMI-2943): Parameter checks have been ignored because the valid value for parameter 'trise' could not be found in 'C5'.
        Further occurrences of this warning will be suppressed. {"history": "MonteCarlo.6", "point": 112, "testname": "PTAT_MC", "cornername": "Nominal"}
[2026-06-01 14:24:33.179 Z] [INFO] [cadence.virtuoso.ade.simulationMonitor] - Notice from spectre at freq = 0 Hz during check, during DC analysis, during XF analysis `xf', during Monte Carlo analysis `mc1'.
    I0.I3.RLIB_GC1 of rdiffp3: `ig' has the unusually large value of -89.0477 A.
    I0.I3.RLIB_GC2 of rdiffp3: `ig' has the unusually large value of -89.0477 A. {"history": "MonteCarlo.6", "point": 112, "testname": "PTAT_MC", "cornername": "Nominal"}
[2026-06-01 14:24:33.180 Z] [INFO] [cadence.virtuoso.ade.simulationMonitor] - Total time required for xf analysis `xf': CPU = 1.65457 s, elapsed = 689.679 ms, util. = 240%. {"history": "MonteCarlo.6", "point": 112, "testname": "PTAT_MC", "cornername": "Nominal"}
[2026-06-01 14:24:33.180 Z] [INFO] [cadence.virtuoso.ade.simulationMonitor] - Peak resident memory used = 349 Mbytes. {"history": "MonteCarlo.6", "point": 112, "testname": "PTAT_MC", "cornername": "Nominal"}
[2026-06-01 14:24:33.180 Z] [INFO] [cadence.virtuoso.ade.simulationMonitor] - Notice from spectre during XF analysis `xf', during Monte Carlo analysis `mc1'.
    1059 warnings suppressed. {"history": "MonteCarlo.6", "point": 112, "testname": "PTAT_MC", "cornername": "Nominal"}
[2026-06-01 14:24:33.180 Z] [WARN] [cadence.virtuoso.ade.simulationMonitor] -     WARNING (CMI-2425): I7.I0.C0<0>_dummy: `Acde' = 2.393 is unusually large. {"history": "MonteCarlo.6", "point": 112, "testname": "PTAT_MC", "cornername": "Nominal"}
[2026-06-01 14:24:33.181 Z] [WARN] [cadence.virtuoso.ade.simulationMonitor] -     WARNING (CMI-2425): I7.I0.C0<0>_dummy: `Noff' = 4.732 is unusually large. {"history": "MonteCarlo.6", "point": 112, "testname": "PTAT_MC", "cornername": "Nominal"}
[2026-06-01 14:24:33.181 Z] [WARN] [cadence.virtuoso.ade.simulationMonitor] -     WARNING (CMI-2424): I7.I0.C0<0>_dummy: `Voffcv' = -867.4e-03 is unusually small. {"history": "MonteCarlo.6", "point": 112, "testname": "PTAT_MC", "cornername": "Nominal"}
[2026-06-01 14:24:33.181 Z] [WARN] [cadence.virtuoso.ade.simulationMonitor] -     WARNING (CMI-2425): I7.I3.C1<0>_dummy: `Acde' = 2.393 is unusually large. {"history": "MonteCarlo.6", "point": 112, "testname": "PTAT_MC", "cornername": "Nominal"}
[2026-06-01 14:24:33.181 Z] [WARN] [cadence.virtuoso.ade.simulationMonitor] -     WARNING (CMI-2425): I7.I3.C1<0>_dummy: `Noff' = 4.732 is unusually large. {"history": "MonteCarlo.6", "point": 112, "testname": "PTAT_MC", "cornername": "Nominal"}
[2026-06-01 14:24:33.181 Z] [WARN] [cadence.virtuoso.ade.simulationMonitor] -     WARNING (CMI-2424): I7.I3.C1<0>_dummy: `Voffcv' = -867.4e-03 is unusually small. {"history": "MonteCarlo.6", "point": 112, "testname": "PTAT_MC", "cornername": "Nominal"}
[2026-06-01 14:24:33.182 Z] [WARN] [cadence.virtuoso.ade.simulationMonitor] -     WARNING (CMI-2425): I7.I4.C1<0>_dummy: `Acde' = 2.393 is unusually large.
        Further occurrences of this warning will be suppressed. {"history": "MonteCarlo.6", "point": 112, "testname": "PTAT_MC", "cornername": "Nominal"}
[2026-06-01 14:24:33.182 Z] [WARN] [cadence.virtuoso.ade.simulationMonitor] -     WARNING (CMI-2424): I7.I4.C1<0>_dummy: `Voffcv' = -867.4e-03 is unusually small. {"history": "MonteCarlo.6", "point": 112, "testname": "PTAT_MC", "cornername": "Nominal"}
[2026-06-01 14:24:33.182 Z] [INFO] [cadence.virtuoso.ade.simulationMonitor] - Notice from spectre during Monte Carlo analysis `mc1'.
    1 warning suppressed. {"history": "MonteCarlo.6", "point": 112, "testname": "PTAT_MC", "cornername": "Nominal"}
[2026-06-01 14:24:33.183 Z] [INFO] [cadence.virtuoso.ade.simulationMonitor] - Notice from spectre in `rpoly1c':`I0.I46.RLIB_GC1', in `AGND3ALLP':`I0.I46', in `IO_RING_S_VH':`I0', during Monte Carlo analysis `mc1'.
    I0.I46.RLIB_GC1.CS0 of rpoly1c: `c' has the unusually small value of 634.694e-21 F.
    I0.I46.RLIB_GC1.CS1 of rpoly1c: `c' has the unusually small value of 634.694e-21 F. {"history": "MonteCarlo.6", "point": 112, "testname": "PTAT_MC", "cornername": "Nominal"}
[2026-06-01 14:24:33.183 Z] [INFO] [cadence.virtuoso.ade.simulationMonitor] - Notice from spectre in `rpoly1c':`I0.I45.RLIB_GC1', in `AVDD3ALLP':`I0.I45', in `IO_RING_S_VH':`I0', during Monte Carlo analysis `mc1'.
    I0.I45.RLIB_GC1.CS0 of rpoly1c: `c' has the unusually small value of 634.694e-21 F.
    I0.I45.RLIB_GC1.CS1 of rpoly1c: `c' has the unusually small value of 634.694e-21 F. {"history": "MonteCarlo.6", "point": 112, "testname": "PTAT_MC", "cornername": "Nominal"}
[2026-06-01 14:24:33.183 Z] [PROCESS] [cadence.virtuoso.ade.simulationMonitor] - Finished simulating for one iteration {"hostname": "il2244vt26_hrahimi", "processid": 1499097, "history": "MonteCarlo.6", "testname": "PTAT_MC", "cornername": "Nominal", "point": 112, "logfile": "/home/hrahimi/projects/POTENTIOSTAT_26/logs_hrahimi/logs0/Job93.log", "simid": "1"}
[2026-06-01 14:24:33.183 Z] [PROCESS] [cadence.virtuoso.ade.simulationMonitor] - Started Simulation {"hostname": "il2244vt26_hrahimi", "processid": 1499097, "history": "MonteCarlo.6", "testname": "PTAT_MC", "cornername": "Nominal", "point": 113, "logfile": "/home/hrahimi/projects/POTENTIOSTAT_26/logs_hrahimi/logs0/Job93.log", "event": "started", "task": "simulation"}
[2026-06-01 14:24:33.684 Z] [INFO] [cadence.virtuoso.ade.simulationMonitor] - Notice from spectre in `rpoly1c':`I0.I20.RLIB_GC1', in `VDD3RP':`I0.I20', in `IO_RING_S_VH':`I0', during Monte Carlo analysis `mc1'.
    I0.I20.RLIB_GC1.CS0 of rpoly1c: `c' has the unusually small value of 634.694e-21 F.
        Further occurrences of this notice will be suppressed. {"history": "MonteCarlo.6", "point": 113, "testname": "PTAT_MC", "cornername": "Nominal"}
[2026-06-01 14:24:33.685 Z] [INFO] [cadence.virtuoso.ade.simulationMonitor] - Notice from spectre during Monte Carlo analysis `mc1'.
    V8: `period' has the unusually large value of 100 s.
    V7: `period' has the unusually large value of 10 s.
    V3: `period' has the unusually large value of 6 s.
    I26: `period' has the unusually large value of 6 s. {"history": "MonteCarlo.6", "point": 113, "testname": "PTAT_MC", "cornername": "Nominal"}
[2026-06-01 14:24:33.685 Z] [WARN] [cadence.virtuoso.ade.simulationMonitor] -     WARNING (CMI-2425): I7.I4.C1<0>_turbo_m11: `Acde' = 2.393 is unusually large. {"history": "MonteCarlo.6", "point": 113, "testname": "PTAT_MC", "cornername": "Nominal"}
[2026-06-01 14:24:33.685 Z] [WARN] [cadence.virtuoso.ade.simulationMonitor] -     WARNING (CMI-2425): I7.I4.C1<0>_turbo_m11: `Noff' = 4.732 is unusually large. {"history": "MonteCarlo.6", "point": 113, "testname": "PTAT_MC", "cornername": "Nominal"}
[2026-06-01 14:24:33.686 Z] [WARN] [cadence.virtuoso.ade.simulationMonitor] -     WARNING (CMI-2424): I7.I4.C1<0>_turbo_m11: `Voffcv' = -867.4e-03 is unusually small. {"history": "MonteCarlo.6", "point": 113, "testname": "PTAT_MC", "cornername": "Nominal"}
[2026-06-01 14:24:33.686 Z] [WARN] [cadence.virtuoso.ade.simulationMonitor] -     WARNING (CMI-2425): I7.I3.C1<0>_turbo_m6: `Acde' = 2.393 is unusually large. {"history": "MonteCarlo.6", "point": 113, "testname": "PTAT_MC", "cornername": "Nominal"}
[2026-06-01 14:24:33.686 Z] [WARN] [cadence.virtuoso.ade.simulationMonitor] -     WARNING (CMI-2425): I7.I3.C1<0>_turbo_m6: `Noff' = 4.732 is unusually large. {"history": "MonteCarlo.6", "point": 113, "testname": "PTAT_MC", "cornername": "Nominal"}
[2026-06-01 14:24:33.686 Z] [WARN] [cadence.virtuoso.ade.simulationMonitor] -     WARNING (CMI-2424): I7.I3.C1<0>_turbo_m6: `Voffcv' = -867.4e-03 is unusually small. {"history": "MonteCarlo.6", "point": 113, "testname": "PTAT_MC", "cornername": "Nominal"}
[2026-06-01 14:24:33.686 Z] [WARN] [cadence.virtuoso.ade.simulationMonitor] -     WARNING (CMI-2425): I7.I0.C0<0>_turbo_m6: `Acde' = 2.393 is unusually large.
        Further occurrences of this warning will be suppressed. {"history": "MonteCarlo.6", "point": 113, "testname": "PTAT_MC", "cornername": "Nominal"}
[2026-06-01 14:24:33.686 Z] [WARN] [cadence.virtuoso.ade.simulationMonitor] -     WARNING (CMI-2424): I7.I0.C0<0>_turbo_m6: `Voffcv' = -867.4e-03 is unusually small. {"history": "MonteCarlo.6", "point": 113, "testname": "PTAT_MC", "cornername": "Nominal"}
[2026-06-01 14:24:33.687 Z] [WARN] [cadence.virtuoso.ade.simulationMonitor] -     WARNING (CMI-2424): I7.I0.C2: `Voffcv' = -867.4e-03 is unusually small. {"history": "MonteCarlo.6", "point": 113, "testname": "PTAT_MC", "cornername": "Nominal"}
[2026-06-01 14:24:33.687 Z] [WARN] [cadence.virtuoso.ade.simulationMonitor] -     WARNING (CMI-2424): I7.I0.C1: `Voffcv' = -867.4e-03 is unusually small.
        Further occurrences of this warning will be suppressed. {"history": "MonteCarlo.6", "point": 113, "testname": "PTAT_MC", "cornername": "Nominal"}
[2026-06-01 14:24:34.187 Z] [WARN] [cadence.virtuoso.ade.simulationMonitor] -     WARNING (CMI-2943): Parameter checks have been ignored because the valid value for parameter 'trise' could not be found in 'C0'. {"history": "MonteCarlo.6", "point": 113, "testname": "PTAT_MC", "cornername": "Nominal"}
[2026-06-01 14:24:34.188 Z] [WARN] [cadence.virtuoso.ade.simulationMonitor] -     WARNING (CMI-2943): Parameter checks have been ignored because the valid value for parameter 'trise' could not be found in 'C1'. {"history": "MonteCarlo.6", "point": 113, "testname": "PTAT_MC", "cornername": "Nominal"}
[2026-06-01 14:24:34.188 Z] [WARN] [cadence.virtuoso.ade.simulationMonitor] -     WARNING (CMI-2943): Parameter checks have been ignored because the valid value for parameter 'trise' could not be found in 'C11'. {"history": "MonteCarlo.6", "point": 113, "testname": "PTAT_MC", "cornername": "Nominal"}
[2026-06-01 14:24:34.188 Z] [WARN] [cadence.virtuoso.ade.simulationMonitor] -     WARNING (CMI-2943): Parameter checks have been ignored because the valid value for parameter 'trise' could not be found in 'C12'. {"history": "MonteCarlo.6", "point": 113, "testname": "PTAT_MC", "cornername": "Nominal"}
[2026-06-01 14:24:34.188 Z] [WARN] [cadence.virtuoso.ade.simulationMonitor] -     WARNING (CMI-2943): Parameter checks have been ignored because the valid value for parameter 'trise' could not be found in 'C5'.
        Further occurrences of this warning will be suppressed. {"history": "MonteCarlo.6", "point": 113, "testname": "PTAT_MC", "cornername": "Nominal"}
[2026-06-01 14:24:34.188 Z] [INFO] [cadence.virtuoso.ade.simulationMonitor] - Notice from spectre during check, during DC analysis `dcOp', during Monte Carlo analysis `mc1'.
    I0.I3.RLIB_GC1 of rdiffp3: `ig' has the unusually large value of -89.0477 A.
        Further occurrences of this notice will be suppressed. {"history": "MonteCarlo.6", "point": 113, "testname": "PTAT_MC", "cornername": "Nominal"}
[2026-06-01 14:24:34.189 Z] [INFO] [cadence.virtuoso.ade.simulationMonitor] - Total time required for dc analysis `dcOp': CPU = 944.069 ms, elapsed = 444.168 ms, util. = 213%. {"history": "MonteCarlo.6", "point": 113, "testname": "PTAT_MC", "cornername": "Nominal"}
[2026-06-01 14:24:34.189 Z] [INFO] [cadence.virtuoso.ade.simulationMonitor] - Peak resident memory used = 352 Mbytes. {"history": "MonteCarlo.6", "point": 113, "testname": "PTAT_MC", "cornername": "Nominal"}
[2026-06-01 14:24:34.189 Z] [INFO] [cadence.virtuoso.ade.simulationMonitor] - Notice from spectre during Monte Carlo analysis `mc1'.
    31 notices suppressed.
    1059 warnings suppressed. {"history": "MonteCarlo.6", "point": 113, "testname": "PTAT_MC", "cornername": "Nominal"}
[2026-06-01 14:24:34.189 Z] [WARN] [cadence.virtuoso.ade.simulationMonitor] -     WARNING (CMI-2425): I7.I0.C0<0>_dummy: `Acde' = 2.393 is unusually large. {"history": "MonteCarlo.6", "point": 113, "testname": "PTAT_MC", "cornername": "Nominal"}
[2026-06-01 14:24:34.189 Z] [WARN] [cadence.virtuoso.ade.simulationMonitor] -     WARNING (CMI-2425): I7.I0.C0<0>_dummy: `Noff' = 4.732 is unusually large. {"history": "MonteCarlo.6", "point": 113, "testname": "PTAT_MC", "cornername": "Nominal"}
[2026-06-01 14:24:34.190 Z] [WARN] [cadence.virtuoso.ade.simulationMonitor] -     WARNING (CMI-2424): I7.I0.C0<0>_dummy: `Voffcv' = -867.4e-03 is unusually small. {"history": "MonteCarlo.6", "point": 113, "testname": "PTAT_MC", "cornername": "Nominal"}
[2026-06-01 14:24:34.190 Z] [WARN] [cadence.virtuoso.ade.simulationMonitor] -     WARNING (CMI-2425): I7.I3.C1<0>_dummy: `Acde' = 2.393 is unusually large. {"history": "MonteCarlo.6", "point": 113, "testname": "PTAT_MC", "cornername": "Nominal"}
[2026-06-01 14:24:34.190 Z] [WARN] [cadence.virtuoso.ade.simulationMonitor] -     WARNING (CMI-2425): I7.I3.C1<0>_dummy: `Noff' = 4.732 is unusually large. {"history": "MonteCarlo.6", "point": 113, "testname": "PTAT_MC", "cornername": "Nominal"}
[2026-06-01 14:24:34.190 Z] [WARN] [cadence.virtuoso.ade.simulationMonitor] -     WARNING (CMI-2424): I7.I3.C1<0>_dummy: `Voffcv' = -867.4e-03 is unusually small. {"history": "MonteCarlo.6", "point": 113, "testname": "PTAT_MC", "cornername": "Nominal"}
[2026-06-01 14:24:34.190 Z] [WARN] [cadence.virtuoso.ade.simulationMonitor] -     WARNING (CMI-2425): I7.I4.C1<0>_dummy: `Acde' = 2.393 is unusually large.
        Further occurrences of this warning will be suppressed. {"history": "MonteCarlo.6", "point": 113, "testname": "PTAT_MC", "cornername": "Nominal"}
[2026-06-01 14:24:34.191 Z] [WARN] [cadence.virtuoso.ade.simulationMonitor] -     WARNING (CMI-2424): I7.I4.C1<0>_dummy: `Voffcv' = -867.4e-03 is unusually small. {"history": "MonteCarlo.6", "point": 113, "testname": "PTAT_MC", "cornername": "Nominal"}
[2026-06-01 14:24:34.191 Z] [INFO] [cadence.virtuoso.ade.simulationMonitor] - Notice from spectre during Monte Carlo analysis `mc1'.
    1 warning suppressed. {"history": "MonteCarlo.6", "point": 113, "testname": "PTAT_MC", "cornername": "Nominal"}
[2026-06-01 14:24:34.191 Z] [WARN] [cadence.virtuoso.ade.simulationMonitor] -     WARNING (CMI-2425): I2.I25.I33.C0: `Acde' = 2.393 is unusually large. {"history": "MonteCarlo.6", "point": 113, "testname": "PTAT_MC", "cornername": "Nominal"}
[2026-06-01 14:24:34.191 Z] [WARN] [cadence.virtuoso.ade.simulationMonitor] -     WARNING (CMI-2425): I2.I25.I33.C0: `Noff' = 4.732 is unusually large. {"history": "MonteCarlo.6", "point": 113, "testname": "PTAT_MC", "cornername": "Nominal"}
[2026-06-01 14:24:34.192 Z] [WARN] [cadence.virtuoso.ade.simulationMonitor] -     WARNING (CMI-2424): I2.I25.I33.C0: `Voffcv' = -867.4e-03 is unusually small. {"history": "MonteCarlo.6", "point": 113, "testname": "PTAT_MC", "cornername": "Nominal"}
[2026-06-01 14:24:34.192 Z] [WARN] [cadence.virtuoso.ade.simulationMonitor] -     WARNING (CMI-2425): I7.I4.C1<0>_turbo_m11: `Acde' = 2.393 is unusually large. {"history": "MonteCarlo.6", "point": 113, "testname": "PTAT_MC", "cornername": "Nominal"}
[2026-06-01 14:24:34.192 Z] [WARN] [cadence.virtuoso.ade.simulationMonitor] -     WARNING (CMI-2425): I7.I4.C1<0>_turbo_m11: `Noff' = 4.732 is unusually large. {"history": "MonteCarlo.6", "point": 113, "testname": "PTAT_MC", "cornername": "Nominal"}
[2026-06-01 14:24:34.192 Z] [WARN] [cadence.virtuoso.ade.simulationMonitor] -     WARNING (CMI-2424): I7.I4.C1<0>_turbo_m11: `Voffcv' = -867.4e-03 is unusually small. {"history": "MonteCarlo.6", "point": 113, "testname": "PTAT_MC", "cornername": "Nominal"}
[2026-06-01 14:24:34.193 Z] [WARN] [cadence.virtuoso.ade.simulationMonitor] -     WARNING (CMI-2425): I7.I3.C1<0>_turbo_m6: `Acde' = 2.393 is unusually large.
        Further occurrences of this warning will be suppressed. {"history": "MonteCarlo.6", "point": 113, "testname": "PTAT_MC", "cornername": "Nominal"}
[2026-06-01 14:24:34.193 Z] [WARN] [cadence.virtuoso.ade.simulationMonitor] -     WARNING (CMI-2424): I7.I3.C1<0>_turbo_m6: `Voffcv' = -867.4e-03 is unusually small. {"history": "MonteCarlo.6", "point": 113, "testname": "PTAT_MC", "cornername": "Nominal"}
[2026-06-01 14:24:34.193 Z] [WARN] [cadence.virtuoso.ade.simulationMonitor] -     WARNING (CMI-2424): I7.I0.C0<0>_turbo_m6: `Voffcv' = -867.4e-03 is unusually small. {"history": "MonteCarlo.6", "point": 113, "testname": "PTAT_MC", "cornername": "Nominal"}
[2026-06-01 14:24:34.193 Z] [WARN] [cadence.virtuoso.ade.simulationMonitor] -     WARNING (CMI-2424): I7.I0.C2: `Voffcv' = -867.4e-03 is unusually small.
        Further occurrences of this warning will be suppressed. {"history": "MonteCarlo.6", "point": 113, "testname": "PTAT_MC", "cornername": "Nominal"}
[2026-06-01 14:24:35.195 Z] [INFO] [cadence.virtuoso.ade.simulationMonitor] - Notice from spectre at temp = -40 C during DC analysis `dc', during Monte Carlo analysis `mc1'.
    Bad pivoting is found during DC analysis. Option dc_pivot_check=yes is recommended for possible improvement of convergence. {"history": "MonteCarlo.6", "point": 113, "testname": "PTAT_MC", "cornername": "Nominal"}
[2026-06-01 14:24:35.195 Z] [INFO] [cadence.virtuoso.ade.simulationMonitor] - Notice from spectre at temp = -39 C during DC analysis `dc', during Monte Carlo analysis `mc1'.
    Bad pivoting is found during DC analysis. Option dc_pivot_check=yes is recommended for possible improvement of convergence. {"history": "MonteCarlo.6", "point": 113, "testname": "PTAT_MC", "cornername": "Nominal"}
[2026-06-01 14:24:35.195 Z] [INFO] [cadence.virtuoso.ade.simulationMonitor] - Notice from spectre at temp = -38 C during DC analysis `dc', during Monte Carlo analysis `mc1'.
    Bad pivoting is found during DC analysis. Option dc_pivot_check=yes is recommended for possible improvement of convergence. {"history": "MonteCarlo.6", "point": 113, "testname": "PTAT_MC", "cornername": "Nominal"}
[2026-06-01 14:24:35.195 Z] [INFO] [cadence.virtuoso.ade.simulationMonitor] - Notice from spectre at temp = -37 C during DC analysis `dc', during Monte Carlo analysis `mc1'.
    Bad pivoting is found during DC analysis. Option dc_pivot_check=yes is recommended for possible improvement of convergence. {"history": "MonteCarlo.6", "point": 113, "testname": "PTAT_MC", "cornername": "Nominal"}
[2026-06-01 14:24:35.196 Z] [INFO] [cadence.virtuoso.ade.simulationMonitor] - Notice from spectre at temp = -36 C during DC analysis `dc', during Monte Carlo analysis `mc1'.
    Bad pivoting is found during DC analysis. Option dc_pivot_check=yes is recommended for possible improvement of convergence.
        Further occurrences of this notice will be suppressed. {"history": "MonteCarlo.6", "point": 113, "testname": "PTAT_MC", "cornername": "Nominal"}
[2026-06-01 14:24:41.201 Z] [WARN] [cadence.virtuoso.ade.simulationMonitor] -     WARNING (CMI-2943): Parameter checks have been ignored because the valid value for parameter 'trise' could not be found in 'C0'. {"history": "MonteCarlo.6", "point": 113, "testname": "PTAT_MC", "cornername": "Nominal"}
[2026-06-01 14:24:41.201 Z] [WARN] [cadence.virtuoso.ade.simulationMonitor] -     WARNING (CMI-2943): Parameter checks have been ignored because the valid value for parameter 'trise' could not be found in 'C1'. {"history": "MonteCarlo.6", "point": 113, "testname": "PTAT_MC", "cornername": "Nominal"}
[2026-06-01 14:24:41.201 Z] [WARN] [cadence.virtuoso.ade.simulationMonitor] -     WARNING (CMI-2943): Parameter checks have been ignored because the valid value for parameter 'trise' could not be found in 'C11'. {"history": "MonteCarlo.6", "point": 113, "testname": "PTAT_MC", "cornername": "Nominal"}
[2026-06-01 14:24:41.202 Z] [WARN] [cadence.virtuoso.ade.simulationMonitor] -     WARNING (CMI-2943): Parameter checks have been ignored because the valid value for parameter 'trise' could not be found in 'C12'. {"history": "MonteCarlo.6", "point": 113, "testname": "PTAT_MC", "cornername": "Nominal"}
[2026-06-01 14:24:41.202 Z] [WARN] [cadence.virtuoso.ade.simulationMonitor] -     WARNING (CMI-2943): Parameter checks have been ignored because the valid value for parameter 'trise' could not be found in 'C5'.
        Further occurrences of this warning will be suppressed. {"history": "MonteCarlo.6", "point": 113, "testname": "PTAT_MC", "cornername": "Nominal"}
[2026-06-01 14:24:41.202 Z] [INFO] [cadence.virtuoso.ade.simulationMonitor] - Notice from spectre at temp = 85 C during check, during DC analysis `dc', during Monte Carlo analysis `mc1'.
    I0.I3.RLIB_GC1 of rdiffp3: `ig' has the unusually large value of -76.2502 A.
    I0.I3.RLIB_GC2 of rdiffp3: `ig' has the unusually large value of -76.2502 A. {"history": "MonteCarlo.6", "point": 113, "testname": "PTAT_MC", "cornername": "Nominal"}
[2026-06-01 14:24:41.202 Z] [INFO] [cadence.virtuoso.ade.simulationMonitor] - Notice from spectre at temp = 85 C during DC analysis `dc', during Monte Carlo analysis `mc1'.
    The value of parameter 'temp' has been reset to the original value 27. {"history": "MonteCarlo.6", "point": 113, "testname": "PTAT_MC", "cornername": "Nominal"}
[2026-06-01 14:24:41.203 Z] [INFO] [cadence.virtuoso.ade.simulationMonitor] - Total time required for dc analysis `dc': CPU = 8.9096 s, elapsed = 7.06774 s, util. = 126%. {"history": "MonteCarlo.6", "point": 113, "testname": "PTAT_MC", "cornername": "Nominal"}
[2026-06-01 14:24:41.203 Z] [INFO] [cadence.virtuoso.ade.simulationMonitor] - Peak resident memory used = 356 Mbytes. {"history": "MonteCarlo.6", "point": 113, "testname": "PTAT_MC", "cornername": "Nominal"}
[2026-06-01 14:24:41.204 Z] [INFO] [cadence.virtuoso.ade.simulationMonitor] - Notice from spectre during Monte Carlo analysis `mc1'.
    121 notices suppressed.
    8649 warnings suppressed. {"history": "MonteCarlo.6", "point": 113, "testname": "PTAT_MC", "cornername": "Nominal"}
[2026-06-01 14:24:41.204 Z] [WARN] [cadence.virtuoso.ade.simulationMonitor] -     WARNING (CMI-2425): I7.I4.C1<0>_turbo_m11: `Acde' = 2.393 is unusually large. {"history": "MonteCarlo.6", "point": 113, "testname": "PTAT_MC", "cornername": "Nominal"}
[2026-06-01 14:24:41.204 Z] [WARN] [cadence.virtuoso.ade.simulationMonitor] -     WARNING (CMI-2425): I7.I4.C1<0>_turbo_m11: `Noff' = 4.732 is unusually large. {"history": "MonteCarlo.6", "point": 113, "testname": "PTAT_MC", "cornername": "Nominal"}
[2026-06-01 14:24:41.204 Z] [WARN] [cadence.virtuoso.ade.simulationMonitor] -     WARNING (CMI-2424): I7.I4.C1<0>_turbo_m11: `Voffcv' = -867.4e-03 is unusually small. {"history": "MonteCarlo.6", "point": 113, "testname": "PTAT_MC", "cornername": "Nominal"}
[2026-06-01 14:24:41.205 Z] [WARN] [cadence.virtuoso.ade.simulationMonitor] -     WARNING (CMI-2425): I7.I3.C1<0>_turbo_m6: `Acde' = 2.393 is unusually large. {"history": "MonteCarlo.6", "point": 113, "testname": "PTAT_MC", "cornername": "Nominal"}
[2026-06-01 14:24:41.205 Z] [WARN] [cadence.virtuoso.ade.simulationMonitor] -     WARNING (CMI-2425): I7.I3.C1<0>_turbo_m6: `Noff' = 4.732 is unusually large. {"history": "MonteCarlo.6", "point": 113, "testname": "PTAT_MC", "cornername": "Nominal"}
[2026-06-01 14:24:41.205 Z] [WARN] [cadence.virtuoso.ade.simulationMonitor] -     WARNING (CMI-2424): I7.I3.C1<0>_turbo_m6: `Voffcv' = -867.4e-03 is unusually small. {"history": "MonteCarlo.6", "point": 113, "testname": "PTAT_MC", "cornername": "Nominal"}
[2026-06-01 14:24:41.205 Z] [WARN] [cadence.virtuoso.ade.simulationMonitor] -     WARNING (CMI-2425): I7.I0.C0<0>_turbo_m6: `Acde' = 2.393 is unusually large.
        Further occurrences of this warning will be suppressed. {"history": "MonteCarlo.6", "point": 113, "testname": "PTAT_MC", "cornername": "Nominal"}
[2026-06-01 14:24:41.205 Z] [WARN] [cadence.virtuoso.ade.simulationMonitor] -     WARNING (CMI-2424): I7.I0.C0<0>_turbo_m6: `Voffcv' = -867.4e-03 is unusually small. {"history": "MonteCarlo.6", "point": 113, "testname": "PTAT_MC", "cornername": "Nominal"}
[2026-06-01 14:24:41.206 Z] [WARN] [cadence.virtuoso.ade.simulationMonitor] -     WARNING (CMI-2424): I7.I0.C2: `Voffcv' = -867.4e-03 is unusually small. {"history": "MonteCarlo.6", "point": 113, "testname": "PTAT_MC", "cornername": "Nominal"}
[2026-06-01 14:24:41.206 Z] [WARN] [cadence.virtuoso.ade.simulationMonitor] -     WARNING (CMI-2424): I7.I0.C1: `Voffcv' = -867.4e-03 is unusually small.
        Further occurrences of this warning will be suppressed. {"history": "MonteCarlo.6", "point": 113, "testname": "PTAT_MC", "cornername": "Nominal"}
[2026-06-01 14:24:41.706 Z] [WARN] [cadence.virtuoso.ade.simulationMonitor] -     WARNING (CMI-2943): Parameter checks have been ignored because the valid value for parameter 'trise' could not be found in 'C0'. {"history": "MonteCarlo.6", "point": 113, "testname": "PTAT_MC", "cornername": "Nominal"}
[2026-06-01 14:24:41.707 Z] [WARN] [cadence.virtuoso.ade.simulationMonitor] -     WARNING (CMI-2943): Parameter checks have been ignored because the valid value for parameter 'trise' could not be found in 'C1'. {"history": "MonteCarlo.6", "point": 113, "testname": "PTAT_MC", "cornername": "Nominal"}
[2026-06-01 14:24:41.707 Z] [WARN] [cadence.virtuoso.ade.simulationMonitor] -     WARNING (CMI-2943): Parameter checks have been ignored because the valid value for parameter 'trise' could not be found in 'C11'. {"history": "MonteCarlo.6", "point": 113, "testname": "PTAT_MC", "cornername": "Nominal"}
[2026-06-01 14:24:41.707 Z] [WARN] [cadence.virtuoso.ade.simulationMonitor] -     WARNING (CMI-2943): Parameter checks have been ignored because the valid value for parameter 'trise' could not be found in 'C12'. {"history": "MonteCarlo.6", "point": 113, "testname": "PTAT_MC", "cornername": "Nominal"}
[2026-06-01 14:24:41.707 Z] [WARN] [cadence.virtuoso.ade.simulationMonitor] -     WARNING (CMI-2943): Parameter checks have been ignored because the valid value for parameter 'trise' could not be found in 'C5'.
        Further occurrences of this warning will be suppressed. {"history": "MonteCarlo.6", "point": 113, "testname": "PTAT_MC", "cornername": "Nominal"}
[2026-06-01 14:24:41.707 Z] [INFO] [cadence.virtuoso.ade.simulationMonitor] - Notice from spectre at freq = 0 Hz during check, during DC analysis, during XF analysis `xf', during Monte Carlo analysis `mc1'.
    I0.I3.RLIB_GC1 of rdiffp3: `ig' has the unusually large value of -89.0477 A.
    I0.I3.RLIB_GC2 of rdiffp3: `ig' has the unusually large value of -89.0477 A. {"history": "MonteCarlo.6", "point": 113, "testname": "PTAT_MC", "cornername": "Nominal"}
[2026-06-01 14:24:42.208 Z] [INFO] [cadence.virtuoso.ade.simulationMonitor] - Total time required for xf analysis `xf': CPU = 1.63931 s, elapsed = 729.027 ms, util. = 225%. {"history": "MonteCarlo.6", "point": 113, "testname": "PTAT_MC", "cornername": "Nominal"}
[2026-06-01 14:24:42.208 Z] [INFO] [cadence.virtuoso.ade.simulationMonitor] - Peak resident memory used = 359 Mbytes. {"history": "MonteCarlo.6", "point": 113, "testname": "PTAT_MC", "cornername": "Nominal"}
[2026-06-01 14:24:42.209 Z] [INFO] [cadence.virtuoso.ade.simulationMonitor] - Notice from spectre during XF analysis `xf', during Monte Carlo analysis `mc1'.
    1059 warnings suppressed. {"history": "MonteCarlo.6", "point": 113, "testname": "PTAT_MC", "cornername": "Nominal"}
[2026-06-01 14:24:42.209 Z] [WARN] [cadence.virtuoso.ade.simulationMonitor] -     WARNING (CMI-2425): I7.I0.C0<0>_dummy: `Acde' = 2.393 is unusually large. {"history": "MonteCarlo.6", "point": 113, "testname": "PTAT_MC", "cornername": "Nominal"}
[2026-06-01 14:24:42.209 Z] [WARN] [cadence.virtuoso.ade.simulationMonitor] -     WARNING (CMI-2425): I7.I0.C0<0>_dummy: `Noff' = 4.732 is unusually large. {"history": "MonteCarlo.6", "point": 113, "testname": "PTAT_MC", "cornername": "Nominal"}
[2026-06-01 14:24:42.209 Z] [WARN] [cadence.virtuoso.ade.simulationMonitor] -     WARNING (CMI-2424): I7.I0.C0<0>_dummy: `Voffcv' = -867.4e-03 is unusually small. {"history": "MonteCarlo.6", "point": 113, "testname": "PTAT_MC", "cornername": "Nominal"}
[2026-06-01 14:24:42.209 Z] [WARN] [cadence.virtuoso.ade.simulationMonitor] -     WARNING (CMI-2425): I7.I3.C1<0>_dummy: `Acde' = 2.393 is unusually large. {"history": "MonteCarlo.6", "point": 113, "testname": "PTAT_MC", "cornername": "Nominal"}
[2026-06-01 14:24:42.210 Z] [WARN] [cadence.virtuoso.ade.simulationMonitor] -     WARNING (CMI-2425): I7.I3.C1<0>_dummy: `Noff' = 4.732 is unusually large. {"history": "MonteCarlo.6", "point": 113, "testname": "PTAT_MC", "cornername": "Nominal"}
[2026-06-01 14:24:42.210 Z] [WARN] [cadence.virtuoso.ade.simulationMonitor] -     WARNING (CMI-2424): I7.I3.C1<0>_dummy: `Voffcv' = -867.4e-03 is unusually small. {"history": "MonteCarlo.6", "point": 113, "testname": "PTAT_MC", "cornername": "Nominal"}
[2026-06-01 14:24:42.210 Z] [WARN] [cadence.virtuoso.ade.simulationMonitor] -     WARNING (CMI-2425): I7.I4.C1<0>_dummy: `Acde' = 2.393 is unusually large.
        Further occurrences of this warning will be suppressed. {"history": "MonteCarlo.6", "point": 113, "testname": "PTAT_MC", "cornername": "Nominal"}
[2026-06-01 14:24:42.211 Z] [WARN] [cadence.virtuoso.ade.simulationMonitor] -     WARNING (CMI-2424): I7.I4.C1<0>_dummy: `Voffcv' = -867.4e-03 is unusually small. {"history": "MonteCarlo.6", "point": 113, "testname": "PTAT_MC", "cornername": "Nominal"}
[2026-06-01 14:24:42.211 Z] [INFO] [cadence.virtuoso.ade.simulationMonitor] - Notice from spectre during Monte Carlo analysis `mc1'.
    1 warning suppressed. {"history": "MonteCarlo.6", "point": 113, "testname": "PTAT_MC", "cornername": "Nominal"}
[2026-06-01 14:24:42.211 Z] [INFO] [cadence.virtuoso.ade.simulationMonitor] - Notice from spectre in `rpoly1c':`I0.I46.RLIB_GC1', in `AGND3ALLP':`I0.I46', in `IO_RING_S_VH':`I0', during Monte Carlo analysis `mc1'.
    I0.I46.RLIB_GC1.CS0 of rpoly1c: `c' has the unusually small value of 634.694e-21 F.
    I0.I46.RLIB_GC1.CS1 of rpoly1c: `c' has the unusually small value of 634.694e-21 F. {"history": "MonteCarlo.6", "point": 113, "testname": "PTAT_MC", "cornername": "Nominal"}
[2026-06-01 14:24:42.212 Z] [INFO] [cadence.virtuoso.ade.simulationMonitor] - Notice from spectre in `rpoly1c':`I0.I45.RLIB_GC1', in `AVDD3ALLP':`I0.I45', in `IO_RING_S_VH':`I0', during Monte Carlo analysis `mc1'.
    I0.I45.RLIB_GC1.CS0 of rpoly1c: `c' has the unusually small value of 634.694e-21 F.
    I0.I45.RLIB_GC1.CS1 of rpoly1c: `c' has the unusually small value of 634.694e-21 F. {"history": "MonteCarlo.6", "point": 113, "testname": "PTAT_MC", "cornername": "Nominal"}
[2026-06-01 14:24:42.212 Z] [INFO] [cadence.virtuoso.ade.simulationMonitor] - Notice from spectre in `rpoly1c':`I0.I20.RLIB_GC1', in `VDD3RP':`I0.I20', in `IO_RING_S_VH':`I0', during Monte Carlo analysis `mc1'.
    I0.I20.RLIB_GC1.CS0 of rpoly1c: `c' has the unusually small value of 634.694e-21 F.
        Further occurrences of this notice will be suppressed. {"history": "MonteCarlo.6", "point": 113, "testname": "PTAT_MC", "cornername": "Nominal"}
[2026-06-01 14:24:42.213 Z] [INFO] [cadence.virtuoso.ade.simulationMonitor] - Notice from spectre during Monte Carlo analysis `mc1'.
    V8: `period' has the unusually large value of 100 s.
    V7: `period' has the unusually large value of 10 s.
    V3: `period' has the unusually large value of 6 s.
    I26: `period' has the unusually large value of 6 s. {"history": "MonteCarlo.6", "point": 113, "testname": "PTAT_MC", "cornername": "Nominal"}
[2026-06-01 14:24:42.213 Z] [PROCESS] [cadence.virtuoso.ade.simulationMonitor] - Finished simulating for one iteration {"hostname": "il2244vt26_hrahimi", "processid": 1499097, "history": "MonteCarlo.6", "testname": "PTAT_MC", "cornername": "Nominal", "point": 113, "logfile": "/home/hrahimi/projects/POTENTIOSTAT_26/logs_hrahimi/logs0/Job93.log", "simid": "1"}
[2026-06-01 14:24:42.213 Z] [PROCESS] [cadence.virtuoso.ade.simulationMonitor] - Started Simulation {"hostname": "il2244vt26_hrahimi", "processid": 1499097, "history": "MonteCarlo.6", "testname": "PTAT_MC", "cornername": "Nominal", "point": 114, "logfile": "/home/hrahimi/projects/POTENTIOSTAT_26/logs_hrahimi/logs0/Job93.log", "event": "started", "task": "simulation"}
[2026-06-01 14:24:42.714 Z] [WARN] [cadence.virtuoso.ade.simulationMonitor] -     WARNING (CMI-2425): I7.I4.C1<0>_turbo_m11: `Acde' = 2.393 is unusually large. {"history": "MonteCarlo.6", "point": 114, "testname": "PTAT_MC", "cornername": "Nominal"}
[2026-06-01 14:24:42.714 Z] [WARN] [cadence.virtuoso.ade.simulationMonitor] -     WARNING (CMI-2425): I7.I4.C1<0>_turbo_m11: `Noff' = 4.732 is unusually large. {"history": "MonteCarlo.6", "point": 114, "testname": "PTAT_MC", "cornername": "Nominal"}
[2026-06-01 14:24:42.714 Z] [WARN] [cadence.virtuoso.ade.simulationMonitor] -     WARNING (CMI-2424): I7.I4.C1<0>_turbo_m11: `Voffcv' = -867.4e-03 is unusually small. {"history": "MonteCarlo.6", "point": 114, "testname": "PTAT_MC", "cornername": "Nominal"}
[2026-06-01 14:24:42.714 Z] [WARN] [cadence.virtuoso.ade.simulationMonitor] -     WARNING (CMI-2425): I7.I3.C1<0>_turbo_m6: `Acde' = 2.393 is unusually large. {"history": "MonteCarlo.6", "point": 114, "testname": "PTAT_MC", "cornername": "Nominal"}
[2026-06-01 14:24:42.715 Z] [WARN] [cadence.virtuoso.ade.simulationMonitor] -     WARNING (CMI-2425): I7.I3.C1<0>_turbo_m6: `Noff' = 4.732 is unusually large. {"history": "MonteCarlo.6", "point": 114, "testname": "PTAT_MC", "cornername": "Nominal"}
[2026-06-01 14:24:42.715 Z] [WARN] [cadence.virtuoso.ade.simulationMonitor] -     WARNING (CMI-2424): I7.I3.C1<0>_turbo_m6: `Voffcv' = -867.4e-03 is unusually small. {"history": "MonteCarlo.6", "point": 114, "testname": "PTAT_MC", "cornername": "Nominal"}
[2026-06-01 14:24:42.715 Z] [WARN] [cadence.virtuoso.ade.simulationMonitor] -     WARNING (CMI-2425): I7.I0.C0<0>_turbo_m6: `Acde' = 2.393 is unusually large.
        Further occurrences of this warning will be suppressed. {"history": "MonteCarlo.6", "point": 114, "testname": "PTAT_MC", "cornername": "Nominal"}
[2026-06-01 14:24:42.716 Z] [WARN] [cadence.virtuoso.ade.simulationMonitor] -     WARNING (CMI-2424): I7.I0.C0<0>_turbo_m6: `Voffcv' = -867.4e-03 is unusually small. {"history": "MonteCarlo.6", "point": 114, "testname": "PTAT_MC", "cornername": "Nominal"}
[2026-06-01 14:24:42.716 Z] [WARN] [cadence.virtuoso.ade.simulationMonitor] -     WARNING (CMI-2424): I7.I0.C2: `Voffcv' = -867.4e-03 is unusually small. {"history": "MonteCarlo.6", "point": 114, "testname": "PTAT_MC", "cornername": "Nominal"}
[2026-06-01 14:24:42.716 Z] [WARN] [cadence.virtuoso.ade.simulationMonitor] -     WARNING (CMI-2424): I7.I0.C1: `Voffcv' = -867.4e-03 is unusually small.
        Further occurrences of this warning will be suppressed. {"history": "MonteCarlo.6", "point": 114, "testname": "PTAT_MC", "cornername": "Nominal"}
[2026-06-01 14:24:43.217 Z] [WARN] [cadence.virtuoso.ade.simulationMonitor] -     WARNING (CMI-2943): Parameter checks have been ignored because the valid value for parameter 'trise' could not be found in 'C0'. {"history": "MonteCarlo.6", "point": 114, "testname": "PTAT_MC", "cornername": "Nominal"}
[2026-06-01 14:24:43.217 Z] [WARN] [cadence.virtuoso.ade.simulationMonitor] -     WARNING (CMI-2943): Parameter checks have been ignored because the valid value for parameter 'trise' could not be found in 'C1'. {"history": "MonteCarlo.6", "point": 114, "testname": "PTAT_MC", "cornername": "Nominal"}
[2026-06-01 14:24:43.217 Z] [WARN] [cadence.virtuoso.ade.simulationMonitor] -     WARNING (CMI-2943): Parameter checks have been ignored because the valid value for parameter 'trise' could not be found in 'C11'. {"history": "MonteCarlo.6", "point": 114, "testname": "PTAT_MC", "cornername": "Nominal"}
[2026-06-01 14:24:43.218 Z] [WARN] [cadence.virtuoso.ade.simulationMonitor] -     WARNING (CMI-2943): Parameter checks have been ignored because the valid value for parameter 'trise' could not be found in 'C12'. {"history": "MonteCarlo.6", "point": 114, "testname": "PTAT_MC", "cornername": "Nominal"}
[2026-06-01 14:24:43.218 Z] [WARN] [cadence.virtuoso.ade.simulationMonitor] -     WARNING (CMI-2943): Parameter checks have been ignored because the valid value for parameter 'trise' could not be found in 'C5'.
        Further occurrences of this warning will be suppressed. {"history": "MonteCarlo.6", "point": 114, "testname": "PTAT_MC", "cornername": "Nominal"}
[2026-06-01 14:24:43.218 Z] [INFO] [cadence.virtuoso.ade.simulationMonitor] - Notice from spectre during check, during DC analysis `dcOp', during Monte Carlo analysis `mc1'.
    I0.I3.RLIB_GC1 of rdiffp3: `ig' has the unusually large value of -89.0477 A.
        Further occurrences of this notice will be suppressed. {"history": "MonteCarlo.6", "point": 114, "testname": "PTAT_MC", "cornername": "Nominal"}
[2026-06-01 14:24:43.218 Z] [INFO] [cadence.virtuoso.ade.simulationMonitor] - Total time required for dc analysis `dcOp': CPU = 1.07312 s, elapsed = 530.202 ms, util. = 202%. {"history": "MonteCarlo.6", "point": 114, "testname": "PTAT_MC", "cornername": "Nominal"}
[2026-06-01 14:24:43.219 Z] [INFO] [cadence.virtuoso.ade.simulationMonitor] - Peak resident memory used = 362 Mbytes. {"history": "MonteCarlo.6", "point": 114, "testname": "PTAT_MC", "cornername": "Nominal"}
[2026-06-01 14:24:43.219 Z] [INFO] [cadence.virtuoso.ade.simulationMonitor] - Notice from spectre during Monte Carlo analysis `mc1'.
    26 notices suppressed.
    1059 warnings suppressed. {"history": "MonteCarlo.6", "point": 114, "testname": "PTAT_MC", "cornername": "Nominal"}
[2026-06-01 14:24:43.219 Z] [WARN] [cadence.virtuoso.ade.simulationMonitor] -     WARNING (CMI-2425): I7.I0.C0<0>_dummy: `Acde' = 2.393 is unusually large. {"history": "MonteCarlo.6", "point": 114, "testname": "PTAT_MC", "cornername": "Nominal"}
[2026-06-01 14:24:43.219 Z] [WARN] [cadence.virtuoso.ade.simulationMonitor] -     WARNING (CMI-2425): I7.I0.C0<0>_dummy: `Noff' = 4.732 is unusually large. {"history": "MonteCarlo.6", "point": 114, "testname": "PTAT_MC", "cornername": "Nominal"}
[2026-06-01 14:24:43.220 Z] [WARN] [cadence.virtuoso.ade.simulationMonitor] -     WARNING (CMI-2424): I7.I0.C0<0>_dummy: `Voffcv' = -867.4e-03 is unusually small. {"history": "MonteCarlo.6", "point": 114, "testname": "PTAT_MC", "cornername": "Nominal"}
[2026-06-01 14:24:43.220 Z] [WARN] [cadence.virtuoso.ade.simulationMonitor] -     WARNING (CMI-2425): I7.I3.C1<0>_dummy: `Acde' = 2.393 is unusually large. {"history": "MonteCarlo.6", "point": 114, "testname": "PTAT_MC", "cornername": "Nominal"}
[2026-06-01 14:24:43.220 Z] [WARN] [cadence.virtuoso.ade.simulationMonitor] -     WARNING (CMI-2425): I7.I3.C1<0>_dummy: `Noff' = 4.732 is unusually large. {"history": "MonteCarlo.6", "point": 114, "testname": "PTAT_MC", "cornername": "Nominal"}
[2026-06-01 14:24:43.221 Z] [WARN] [cadence.virtuoso.ade.simulationMonitor] -     WARNING (CMI-2424): I7.I3.C1<0>_dummy: `Voffcv' = -867.4e-03 is unusually small. {"history": "MonteCarlo.6", "point": 114, "testname": "PTAT_MC", "cornername": "Nominal"}
[2026-06-01 14:24:43.221 Z] [WARN] [cadence.virtuoso.ade.simulationMonitor] -     WARNING (CMI-2425): I7.I4.C1<0>_dummy: `Acde' = 2.393 is unusually large.
        Further occurrences of this warning will be suppressed. {"history": "MonteCarlo.6", "point": 114, "testname": "PTAT_MC", "cornername": "Nominal"}
[2026-06-01 14:24:43.221 Z] [WARN] [cadence.virtuoso.ade.simulationMonitor] -     WARNING (CMI-2424): I7.I4.C1<0>_dummy: `Voffcv' = -867.4e-03 is unusually small. {"history": "MonteCarlo.6", "point": 114, "testname": "PTAT_MC", "cornername": "Nominal"}
[2026-06-01 14:24:43.222 Z] [INFO] [cadence.virtuoso.ade.simulationMonitor] - Notice from spectre during Monte Carlo analysis `mc1'.
    1 warning suppressed. {"history": "MonteCarlo.6", "point": 114, "testname": "PTAT_MC", "cornername": "Nominal"}
[2026-06-01 14:24:43.222 Z] [WARN] [cadence.virtuoso.ade.simulationMonitor] -     WARNING (CMI-2425): I2.I25.I33.C0: `Acde' = 2.393 is unusually large. {"history": "MonteCarlo.6", "point": 114, "testname": "PTAT_MC", "cornername": "Nominal"}
[2026-06-01 14:24:43.223 Z] [WARN] [cadence.virtuoso.ade.simulationMonitor] -     WARNING (CMI-2425): I2.I25.I33.C0: `Noff' = 4.732 is unusually large. {"history": "MonteCarlo.6", "point": 114, "testname": "PTAT_MC", "cornername": "Nominal"}
[2026-06-01 14:24:43.223 Z] [WARN] [cadence.virtuoso.ade.simulationMonitor] -     WARNING (CMI-2424): I2.I25.I33.C0: `Voffcv' = -867.4e-03 is unusually small. {"history": "MonteCarlo.6", "point": 114, "testname": "PTAT_MC", "cornername": "Nominal"}
[2026-06-01 14:24:43.224 Z] [WARN] [cadence.virtuoso.ade.simulationMonitor] -     WARNING (CMI-2425): I7.I4.C1<0>_turbo_m11: `Acde' = 2.393 is unusually large. {"history": "MonteCarlo.6", "point": 114, "testname": "PTAT_MC", "cornername": "Nominal"}
[2026-06-01 14:24:43.224 Z] [WARN] [cadence.virtuoso.ade.simulationMonitor] -     WARNING (CMI-2425): I7.I4.C1<0>_turbo_m11: `Noff' = 4.732 is unusually large. {"history": "MonteCarlo.6", "point": 114, "testname": "PTAT_MC", "cornername": "Nominal"}
[2026-06-01 14:24:43.224 Z] [WARN] [cadence.virtuoso.ade.simulationMonitor] -     WARNING (CMI-2424): I7.I4.C1<0>_turbo_m11: `Voffcv' = -867.4e-03 is unusually small. {"history": "MonteCarlo.6", "point": 114, "testname": "PTAT_MC", "cornername": "Nominal"}
[2026-06-01 14:24:43.225 Z] [WARN] [cadence.virtuoso.ade.simulationMonitor] -     WARNING (CMI-2425): I7.I3.C1<0>_turbo_m6: `Acde' = 2.393 is unusually large.
        Further occurrences of this warning will be suppressed. {"history": "MonteCarlo.6", "point": 114, "testname": "PTAT_MC", "cornername": "Nominal"}
[2026-06-01 14:24:43.225 Z] [WARN] [cadence.virtuoso.ade.simulationMonitor] -     WARNING (CMI-2424): I7.I3.C1<0>_turbo_m6: `Voffcv' = -867.4e-03 is unusually small. {"history": "MonteCarlo.6", "point": 114, "testname": "PTAT_MC", "cornername": "Nominal"}
[2026-06-01 14:24:43.225 Z] [WARN] [cadence.virtuoso.ade.simulationMonitor] -     WARNING (CMI-2424): I7.I0.C0<0>_turbo_m6: `Voffcv' = -867.4e-03 is unusually small. {"history": "MonteCarlo.6", "point": 114, "testname": "PTAT_MC", "cornername": "Nominal"}
[2026-06-01 14:24:43.226 Z] [WARN] [cadence.virtuoso.ade.simulationMonitor] -     WARNING (CMI-2424): I7.I0.C2: `Voffcv' = -867.4e-03 is unusually small.
        Further occurrences of this warning will be suppressed. {"history": "MonteCarlo.6", "point": 114, "testname": "PTAT_MC", "cornername": "Nominal"}
[2026-06-01 14:24:43.726 Z] [INFO] [cadence.virtuoso.ade.simulationMonitor] - Notice from spectre at temp = -40 C during DC analysis `dc', during Monte Carlo analysis `mc1'.
    Bad pivoting is found during DC analysis. Option dc_pivot_check=yes is recommended for possible improvement of convergence. {"history": "MonteCarlo.6", "point": 114, "testname": "PTAT_MC", "cornername": "Nominal"}
[2026-06-01 14:24:44.227 Z] [INFO] [cadence.virtuoso.ade.simulationMonitor] - Notice from spectre at temp = -39 C during DC analysis `dc', during Monte Carlo analysis `mc1'.
    Bad pivoting is found during DC analysis. Option dc_pivot_check=yes is recommended for possible improvement of convergence. {"history": "MonteCarlo.6", "point": 114, "testname": "PTAT_MC", "cornername": "Nominal"}
[2026-06-01 14:24:44.228 Z] [INFO] [cadence.virtuoso.ade.simulationMonitor] - Notice from spectre at temp = -38 C during DC analysis `dc', during Monte Carlo analysis `mc1'.
    Bad pivoting is found during DC analysis. Option dc_pivot_check=yes is recommended for possible improvement of convergence. {"history": "MonteCarlo.6", "point": 114, "testname": "PTAT_MC", "cornername": "Nominal"}
[2026-06-01 14:24:44.228 Z] [INFO] [cadence.virtuoso.ade.simulationMonitor] - Notice from spectre at temp = -37 C during DC analysis `dc', during Monte Carlo analysis `mc1'.
    Bad pivoting is found during DC analysis. Option dc_pivot_check=yes is recommended for possible improvement of convergence. {"history": "MonteCarlo.6", "point": 114, "testname": "PTAT_MC", "cornername": "Nominal"}
[2026-06-01 14:24:44.229 Z] [INFO] [cadence.virtuoso.ade.simulationMonitor] - Notice from spectre at temp = -36 C during DC analysis `dc', during Monte Carlo analysis `mc1'.
    Bad pivoting is found during DC analysis. Option dc_pivot_check=yes is recommended for possible improvement of convergence.
        Further occurrences of this notice will be suppressed. {"history": "MonteCarlo.6", "point": 114, "testname": "PTAT_MC", "cornername": "Nominal"}
[2026-06-01 14:24:50.234 Z] [WARN] [cadence.virtuoso.ade.simulationMonitor] -     WARNING (CMI-2943): Parameter checks have been ignored because the valid value for parameter 'trise' could not be found in 'C0'. {"history": "MonteCarlo.6", "point": 114, "testname": "PTAT_MC", "cornername": "Nominal"}
[2026-06-01 14:24:50.234 Z] [WARN] [cadence.virtuoso.ade.simulationMonitor] -     WARNING (CMI-2943): Parameter checks have been ignored because the valid value for parameter 'trise' could not be found in 'C1'. {"history": "MonteCarlo.6", "point": 114, "testname": "PTAT_MC", "cornername": "Nominal"}
[2026-06-01 14:24:50.234 Z] [WARN] [cadence.virtuoso.ade.simulationMonitor] -     WARNING (CMI-2943): Parameter checks have been ignored because the valid value for parameter 'trise' could not be found in 'C11'. {"history": "MonteCarlo.6", "point": 114, "testname": "PTAT_MC", "cornername": "Nominal"}
[2026-06-01 14:24:50.234 Z] [WARN] [cadence.virtuoso.ade.simulationMonitor] -     WARNING (CMI-2943): Parameter checks have been ignored because the valid value for parameter 'trise' could not be found in 'C12'. {"history": "MonteCarlo.6", "point": 114, "testname": "PTAT_MC", "cornername": "Nominal"}
[2026-06-01 14:24:50.235 Z] [WARN] [cadence.virtuoso.ade.simulationMonitor] -     WARNING (CMI-2943): Parameter checks have been ignored because the valid value for parameter 'trise' could not be found in 'C5'.
        Further occurrences of this warning will be suppressed. {"history": "MonteCarlo.6", "point": 114, "testname": "PTAT_MC", "cornername": "Nominal"}
[2026-06-01 14:24:50.235 Z] [INFO] [cadence.virtuoso.ade.simulationMonitor] - Notice from spectre at temp = 85 C during check, during DC analysis `dc', during Monte Carlo analysis `mc1'.
    I0.I3.RLIB_GC1 of rdiffp3: `ig' has the unusually large value of -76.2502 A.
    I0.I3.RLIB_GC2 of rdiffp3: `ig' has the unusually large value of -76.2502 A. {"history": "MonteCarlo.6", "point": 114, "testname": "PTAT_MC", "cornername": "Nominal"}
[2026-06-01 14:24:50.235 Z] [INFO] [cadence.virtuoso.ade.simulationMonitor] - Notice from spectre at temp = 85 C during DC analysis `dc', during Monte Carlo analysis `mc1'.
    The value of parameter 'temp' has been reset to the original value 27. {"history": "MonteCarlo.6", "point": 114, "testname": "PTAT_MC", "cornername": "Nominal"}
[2026-06-01 14:24:50.235 Z] [INFO] [cadence.virtuoso.ade.simulationMonitor] - Total time required for dc analysis `dc': CPU = 9.18403 s, elapsed = 7.1783 s, util. = 128%. {"history": "MonteCarlo.6", "point": 114, "testname": "PTAT_MC", "cornername": "Nominal"}
[2026-06-01 14:24:50.235 Z] [INFO] [cadence.virtuoso.ade.simulationMonitor] - Peak resident memory used = 366 Mbytes. {"history": "MonteCarlo.6", "point": 114, "testname": "PTAT_MC", "cornername": "Nominal"}
[2026-06-01 14:24:50.235 Z] [INFO] [cadence.virtuoso.ade.simulationMonitor] - Notice from spectre during Monte Carlo analysis `mc1'.
    121 notices suppressed.
    8649 warnings suppressed. {"history": "MonteCarlo.6", "point": 114, "testname": "PTAT_MC", "cornername": "Nominal"}
[2026-06-01 14:24:50.236 Z] [WARN] [cadence.virtuoso.ade.simulationMonitor] -     WARNING (CMI-2425): I7.I4.C1<0>_turbo_m11: `Acde' = 2.393 is unusually large. {"history": "MonteCarlo.6", "point": 114, "testname": "PTAT_MC", "cornername": "Nominal"}
[2026-06-01 14:24:50.236 Z] [WARN] [cadence.virtuoso.ade.simulationMonitor] -     WARNING (CMI-2425): I7.I4.C1<0>_turbo_m11: `Noff' = 4.732 is unusually large. {"history": "MonteCarlo.6", "point": 114, "testname": "PTAT_MC", "cornername": "Nominal"}
[2026-06-01 14:24:50.236 Z] [WARN] [cadence.virtuoso.ade.simulationMonitor] -     WARNING (CMI-2424): I7.I4.C1<0>_turbo_m11: `Voffcv' = -867.4e-03 is unusually small. {"history": "MonteCarlo.6", "point": 114, "testname": "PTAT_MC", "cornername": "Nominal"}
[2026-06-01 14:24:50.236 Z] [WARN] [cadence.virtuoso.ade.simulationMonitor] -     WARNING (CMI-2425): I7.I3.C1<0>_turbo_m6: `Acde' = 2.393 is unusually large. {"history": "MonteCarlo.6", "point": 114, "testname": "PTAT_MC", "cornername": "Nominal"}
[2026-06-01 14:24:50.236 Z] [WARN] [cadence.virtuoso.ade.simulationMonitor] -     WARNING (CMI-2425): I7.I3.C1<0>_turbo_m6: `Noff' = 4.732 is unusually large. {"history": "MonteCarlo.6", "point": 114, "testname": "PTAT_MC", "cornername": "Nominal"}
[2026-06-01 14:24:50.237 Z] [WARN] [cadence.virtuoso.ade.simulationMonitor] -     WARNING (CMI-2424): I7.I3.C1<0>_turbo_m6: `Voffcv' = -867.4e-03 is unusually small. {"history": "MonteCarlo.6", "point": 114, "testname": "PTAT_MC", "cornername": "Nominal"}
[2026-06-01 14:24:50.237 Z] [WARN] [cadence.virtuoso.ade.simulationMonitor] -     WARNING (CMI-2425): I7.I0.C0<0>_turbo_m6: `Acde' = 2.393 is unusually large.
        Further occurrences of this warning will be suppressed. {"history": "MonteCarlo.6", "point": 114, "testname": "PTAT_MC", "cornername": "Nominal"}
[2026-06-01 14:24:50.237 Z] [WARN] [cadence.virtuoso.ade.simulationMonitor] -     WARNING (CMI-2424): I7.I0.C0<0>_turbo_m6: `Voffcv' = -867.4e-03 is unusually small. {"history": "MonteCarlo.6", "point": 114, "testname": "PTAT_MC", "cornername": "Nominal"}
[2026-06-01 14:24:50.237 Z] [WARN] [cadence.virtuoso.ade.simulationMonitor] -     WARNING (CMI-2424): I7.I0.C2: `Voffcv' = -867.4e-03 is unusually small. {"history": "MonteCarlo.6", "point": 114, "testname": "PTAT_MC", "cornername": "Nominal"}
[2026-06-01 14:24:50.237 Z] [WARN] [cadence.virtuoso.ade.simulationMonitor] -     WARNING (CMI-2424): I7.I0.C1: `Voffcv' = -867.4e-03 is unusually small.
        Further occurrences of this warning will be suppressed. {"history": "MonteCarlo.6", "point": 114, "testname": "PTAT_MC", "cornername": "Nominal"}
[2026-06-01 14:24:51.238 Z] [WARN] [cadence.virtuoso.ade.simulationMonitor] -     WARNING (CMI-2943): Parameter checks have been ignored because the valid value for parameter 'trise' could not be found in 'C0'. {"history": "MonteCarlo.6", "point": 114, "testname": "PTAT_MC", "cornername": "Nominal"}
[2026-06-01 14:24:51.239 Z] [WARN] [cadence.virtuoso.ade.simulationMonitor] -     WARNING (CMI-2943): Parameter checks have been ignored because the valid value for parameter 'trise' could not be found in 'C1'. {"history": "MonteCarlo.6", "point": 114, "testname": "PTAT_MC", "cornername": "Nominal"}
[2026-06-01 14:24:51.239 Z] [WARN] [cadence.virtuoso.ade.simulationMonitor] -     WARNING (CMI-2943): Parameter checks have been ignored because the valid value for parameter 'trise' could not be found in 'C11'. {"history": "MonteCarlo.6", "point": 114, "testname": "PTAT_MC", "cornername": "Nominal"}
[2026-06-01 14:24:51.239 Z] [WARN] [cadence.virtuoso.ade.simulationMonitor] -     WARNING (CMI-2943): Parameter checks have been ignored because the valid value for parameter 'trise' could not be found in 'C12'. {"history": "MonteCarlo.6", "point": 114, "testname": "PTAT_MC", "cornername": "Nominal"}
[2026-06-01 14:24:51.239 Z] [WARN] [cadence.virtuoso.ade.simulationMonitor] -     WARNING (CMI-2943): Parameter checks have been ignored because the valid value for parameter 'trise' could not be found in 'C5'.
        Further occurrences of this warning will be suppressed. {"history": "MonteCarlo.6", "point": 114, "testname": "PTAT_MC", "cornername": "Nominal"}
[2026-06-01 14:24:51.239 Z] [INFO] [cadence.virtuoso.ade.simulationMonitor] - Notice from spectre at freq = 0 Hz during check, during DC analysis, during XF analysis `xf', during Monte Carlo analysis `mc1'.
    I0.I3.RLIB_GC1 of rdiffp3: `ig' has the unusually large value of -89.0477 A.
    I0.I3.RLIB_GC2 of rdiffp3: `ig' has the unusually large value of -89.0477 A. {"history": "MonteCarlo.6", "point": 114, "testname": "PTAT_MC", "cornername": "Nominal"}
[2026-06-01 14:24:51.240 Z] [INFO] [cadence.virtuoso.ade.simulationMonitor] - Total time required for xf analysis `xf': CPU = 1.72493 s, elapsed = 728.252 ms, util. = 237%. {"history": "MonteCarlo.6", "point": 114, "testname": "PTAT_MC", "cornername": "Nominal"}
[2026-06-01 14:24:51.240 Z] [INFO] [cadence.virtuoso.ade.simulationMonitor] - Peak resident memory used = 369 Mbytes. {"history": "MonteCarlo.6", "point": 114, "testname": "PTAT_MC", "cornername": "Nominal"}
[2026-06-01 14:24:51.240 Z] [INFO] [cadence.virtuoso.ade.simulationMonitor] - Notice from spectre during XF analysis `xf', during Monte Carlo analysis `mc1'.
    1059 warnings suppressed. {"history": "MonteCarlo.6", "point": 114, "testname": "PTAT_MC", "cornername": "Nominal"}
[2026-06-01 14:24:51.240 Z] [WARN] [cadence.virtuoso.ade.simulationMonitor] -     WARNING (CMI-2425): I7.I0.C0<0>_dummy: `Acde' = 2.393 is unusually large. {"history": "MonteCarlo.6", "point": 114, "testname": "PTAT_MC", "cornername": "Nominal"}
[2026-06-01 14:24:51.241 Z] [WARN] [cadence.virtuoso.ade.simulationMonitor] -     WARNING (CMI-2425): I7.I0.C0<0>_dummy: `Noff' = 4.732 is unusually large. {"history": "MonteCarlo.6", "point": 114, "testname": "PTAT_MC", "cornername": "Nominal"}
[2026-06-01 14:24:51.241 Z] [WARN] [cadence.virtuoso.ade.simulationMonitor] -     WARNING (CMI-2424): I7.I0.C0<0>_dummy: `Voffcv' = -867.4e-03 is unusually small. {"history": "MonteCarlo.6", "point": 114, "testname": "PTAT_MC", "cornername": "Nominal"}
[2026-06-01 14:24:51.242 Z] [WARN] [cadence.virtuoso.ade.simulationMonitor] -     WARNING (CMI-2425): I7.I3.C1<0>_dummy: `Acde' = 2.393 is unusually large. {"history": "MonteCarlo.6", "point": 114, "testname": "PTAT_MC", "cornername": "Nominal"}
[2026-06-01 14:24:51.242 Z] [WARN] [cadence.virtuoso.ade.simulationMonitor] -     WARNING (CMI-2425): I7.I3.C1<0>_dummy: `Noff' = 4.732 is unusually large. {"history": "MonteCarlo.6", "point": 114, "testname": "PTAT_MC", "cornername": "Nominal"}
[2026-06-01 14:24:51.243 Z] [WARN] [cadence.virtuoso.ade.simulationMonitor] -     WARNING (CMI-2424): I7.I3.C1<0>_dummy: `Voffcv' = -867.4e-03 is unusually small. {"history": "MonteCarlo.6", "point": 114, "testname": "PTAT_MC", "cornername": "Nominal"}
[2026-06-01 14:24:51.243 Z] [WARN] [cadence.virtuoso.ade.simulationMonitor] -     WARNING (CMI-2425): I7.I4.C1<0>_dummy: `Acde' = 2.393 is unusually large.
        Further occurrences of this warning will be suppressed. {"history": "MonteCarlo.6", "point": 114, "testname": "PTAT_MC", "cornername": "Nominal"}
[2026-06-01 14:24:51.244 Z] [WARN] [cadence.virtuoso.ade.simulationMonitor] -     WARNING (CMI-2424): I7.I4.C1<0>_dummy: `Voffcv' = -867.4e-03 is unusually small. {"history": "MonteCarlo.6", "point": 114, "testname": "PTAT_MC", "cornername": "Nominal"}
[2026-06-01 14:24:51.244 Z] [INFO] [cadence.virtuoso.ade.simulationMonitor] - Notice from spectre during Monte Carlo analysis `mc1'.
    1 warning suppressed. {"history": "MonteCarlo.6", "point": 114, "testname": "PTAT_MC", "cornername": "Nominal"}
[2026-06-01 14:24:51.245 Z] [INFO] [cadence.virtuoso.ade.simulationMonitor] - Notice from spectre in `rpoly1c':`I0.I46.RLIB_GC1', in `AGND3ALLP':`I0.I46', in `IO_RING_S_VH':`I0', during Monte Carlo analysis `mc1'.
    I0.I46.RLIB_GC1.CS0 of rpoly1c: `c' has the unusually small value of 634.694e-21 F.
    I0.I46.RLIB_GC1.CS1 of rpoly1c: `c' has the unusually small value of 634.694e-21 F. {"history": "MonteCarlo.6", "point": 114, "testname": "PTAT_MC", "cornername": "Nominal"}
[2026-06-01 14:24:51.245 Z] [INFO] [cadence.virtuoso.ade.simulationMonitor] - Notice from spectre in `rpoly1c':`I0.I45.RLIB_GC1', in `AVDD3ALLP':`I0.I45', in `IO_RING_S_VH':`I0', during Monte Carlo analysis `mc1'.
    I0.I45.RLIB_GC1.CS0 of rpoly1c: `c' has the unusually small value of 634.694e-21 F.
    I0.I45.RLIB_GC1.CS1 of rpoly1c: `c' has the unusually small value of 634.694e-21 F. {"history": "MonteCarlo.6", "point": 114, "testname": "PTAT_MC", "cornername": "Nominal"}
[2026-06-01 14:24:51.246 Z] [INFO] [cadence.virtuoso.ade.simulationMonitor] - Notice from spectre in `rpoly1c':`I0.I20.RLIB_GC1', in `VDD3RP':`I0.I20', in `IO_RING_S_VH':`I0', during Monte Carlo analysis `mc1'.
    I0.I20.RLIB_GC1.CS0 of rpoly1c: `c' has the unusually small value of 634.694e-21 F.
        Further occurrences of this notice will be suppressed. {"history": "MonteCarlo.6", "point": 114, "testname": "PTAT_MC", "cornername": "Nominal"}
[2026-06-01 14:24:51.246 Z] [INFO] [cadence.virtuoso.ade.simulationMonitor] - Notice from spectre during Monte Carlo analysis `mc1'.
    V8: `period' has the unusually large value of 100 s.
    V7: `period' has the unusually large value of 10 s.
    V3: `period' has the unusually large value of 6 s.
    I26: `period' has the unusually large value of 6 s. {"history": "MonteCarlo.6", "point": 114, "testname": "PTAT_MC", "cornername": "Nominal"}
[2026-06-01 14:24:51.247 Z] [PROCESS] [cadence.virtuoso.ade.simulationMonitor] - Finished simulating for one iteration {"hostname": "il2244vt26_hrahimi", "processid": 1499097, "history": "MonteCarlo.6", "testname": "PTAT_MC", "cornername": "Nominal", "point": 114, "logfile": "/home/hrahimi/projects/POTENTIOSTAT_26/logs_hrahimi/logs0/Job93.log", "simid": "1"}
[2026-06-01 14:24:51.248 Z] [PROCESS] [cadence.virtuoso.ade.simulationMonitor] - Started Simulation {"hostname": "il2244vt26_hrahimi", "processid": 1499097, "history": "MonteCarlo.6", "testname": "PTAT_MC", "cornername": "Nominal", "point": 115, "logfile": "/home/hrahimi/projects/POTENTIOSTAT_26/logs_hrahimi/logs0/Job93.log", "event": "started", "task": "simulation"}
[2026-06-01 14:24:51.748 Z] [WARN] [cadence.virtuoso.ade.simulationMonitor] -     WARNING (CMI-2425): I7.I4.C1<0>_turbo_m11: `Acde' = 2.393 is unusually large. {"history": "MonteCarlo.6", "point": 115, "testname": "PTAT_MC", "cornername": "Nominal"}
[2026-06-01 14:24:51.749 Z] [WARN] [cadence.virtuoso.ade.simulationMonitor] -     WARNING (CMI-2425): I7.I4.C1<0>_turbo_m11: `Noff' = 4.732 is unusually large. {"history": "MonteCarlo.6", "point": 115, "testname": "PTAT_MC", "cornername": "Nominal"}
[2026-06-01 14:24:51.749 Z] [WARN] [cadence.virtuoso.ade.simulationMonitor] -     WARNING (CMI-2424): I7.I4.C1<0>_turbo_m11: `Voffcv' = -867.4e-03 is unusually small. {"history": "MonteCarlo.6", "point": 115, "testname": "PTAT_MC", "cornername": "Nominal"}
[2026-06-01 14:24:51.749 Z] [WARN] [cadence.virtuoso.ade.simulationMonitor] -     WARNING (CMI-2425): I7.I3.C1<0>_turbo_m6: `Acde' = 2.393 is unusually large. {"history": "MonteCarlo.6", "point": 115, "testname": "PTAT_MC", "cornername": "Nominal"}
[2026-06-01 14:24:51.749 Z] [WARN] [cadence.virtuoso.ade.simulationMonitor] -     WARNING (CMI-2425): I7.I3.C1<0>_turbo_m6: `Noff' = 4.732 is unusually large. {"history": "MonteCarlo.6", "point": 115, "testname": "PTAT_MC", "cornername": "Nominal"}
[2026-06-01 14:24:51.750 Z] [WARN] [cadence.virtuoso.ade.simulationMonitor] -     WARNING (CMI-2424): I7.I3.C1<0>_turbo_m6: `Voffcv' = -867.4e-03 is unusually small. {"history": "MonteCarlo.6", "point": 115, "testname": "PTAT_MC", "cornername": "Nominal"}
[2026-06-01 14:24:51.751 Z] [WARN] [cadence.virtuoso.ade.simulationMonitor] -     WARNING (CMI-2425): I7.I0.C0<0>_turbo_m6: `Acde' = 2.393 is unusually large.
        Further occurrences of this warning will be suppressed. {"history": "MonteCarlo.6", "point": 115, "testname": "PTAT_MC", "cornername": "Nominal"}
[2026-06-01 14:24:51.751 Z] [WARN] [cadence.virtuoso.ade.simulationMonitor] -     WARNING (CMI-2424): I7.I0.C0<0>_turbo_m6: `Voffcv' = -867.4e-03 is unusually small. {"history": "MonteCarlo.6", "point": 115, "testname": "PTAT_MC", "cornername": "Nominal"}
[2026-06-01 14:24:51.751 Z] [WARN] [cadence.virtuoso.ade.simulationMonitor] -     WARNING (CMI-2424): I7.I0.C2: `Voffcv' = -867.4e-03 is unusually small. {"history": "MonteCarlo.6", "point": 115, "testname": "PTAT_MC", "cornername": "Nominal"}
[2026-06-01 14:24:51.751 Z] [WARN] [cadence.virtuoso.ade.simulationMonitor] -     WARNING (CMI-2424): I7.I0.C1: `Voffcv' = -867.4e-03 is unusually small.
        Further occurrences of this warning will be suppressed. {"history": "MonteCarlo.6", "point": 115, "testname": "PTAT_MC", "cornername": "Nominal"}
[2026-06-01 14:24:52.252 Z] [WARN] [cadence.virtuoso.ade.simulationMonitor] -     WARNING (CMI-2943): Parameter checks have been ignored because the valid value for parameter 'trise' could not be found in 'C0'. {"history": "MonteCarlo.6", "point": 115, "testname": "PTAT_MC", "cornername": "Nominal"}
[2026-06-01 14:24:52.252 Z] [WARN] [cadence.virtuoso.ade.simulationMonitor] -     WARNING (CMI-2943): Parameter checks have been ignored because the valid value for parameter 'trise' could not be found in 'C1'. {"history": "MonteCarlo.6", "point": 115, "testname": "PTAT_MC", "cornername": "Nominal"}
[2026-06-01 14:24:52.253 Z] [WARN] [cadence.virtuoso.ade.simulationMonitor] -     WARNING (CMI-2943): Parameter checks have been ignored because the valid value for parameter 'trise' could not be found in 'C11'. {"history": "MonteCarlo.6", "point": 115, "testname": "PTAT_MC", "cornername": "Nominal"}
[2026-06-01 14:24:52.253 Z] [WARN] [cadence.virtuoso.ade.simulationMonitor] -     WARNING (CMI-2943): Parameter checks have been ignored because the valid value for parameter 'trise' could not be found in 'C12'. {"history": "MonteCarlo.6", "point": 115, "testname": "PTAT_MC", "cornername": "Nominal"}
[2026-06-01 14:24:52.254 Z] [WARN] [cadence.virtuoso.ade.simulationMonitor] -     WARNING (CMI-2943): Parameter checks have been ignored because the valid value for parameter 'trise' could not be found in 'C5'.
        Further occurrences of this warning will be suppressed. {"history": "MonteCarlo.6", "point": 115, "testname": "PTAT_MC", "cornername": "Nominal"}
[2026-06-01 14:24:52.255 Z] [INFO] [cadence.virtuoso.ade.simulationMonitor] - Notice from spectre during check, during DC analysis `dcOp', during Monte Carlo analysis `mc1'.
    I0.I3.RLIB_GC1 of rdiffp3: `ig' has the unusually large value of -89.0477 A.
        Further occurrences of this notice will be suppressed. {"history": "MonteCarlo.6", "point": 115, "testname": "PTAT_MC", "cornername": "Nominal"}
[2026-06-01 14:24:52.255 Z] [INFO] [cadence.virtuoso.ade.simulationMonitor] - Total time required for dc analysis `dcOp': CPU = 1.16189 s, elapsed = 441.354 ms, util. = 263%. {"history": "MonteCarlo.6", "point": 115, "testname": "PTAT_MC", "cornername": "Nominal"}
[2026-06-01 14:24:52.256 Z] [INFO] [cadence.virtuoso.ade.simulationMonitor] - Peak resident memory used = 371 Mbytes. {"history": "MonteCarlo.6", "point": 115, "testname": "PTAT_MC", "cornername": "Nominal"}
[2026-06-01 14:24:52.256 Z] [INFO] [cadence.virtuoso.ade.simulationMonitor] - Notice from spectre during Monte Carlo analysis `mc1'.
    31 notices suppressed.
    1059 warnings suppressed. {"history": "MonteCarlo.6", "point": 115, "testname": "PTAT_MC", "cornername": "Nominal"}
[2026-06-01 14:24:52.257 Z] [WARN] [cadence.virtuoso.ade.simulationMonitor] -     WARNING (CMI-2425): I7.I0.C0<0>_dummy: `Acde' = 2.393 is unusually large. {"history": "MonteCarlo.6", "point": 115, "testname": "PTAT_MC", "cornername": "Nominal"}
[2026-06-01 14:24:52.257 Z] [WARN] [cadence.virtuoso.ade.simulationMonitor] -     WARNING (CMI-2425): I7.I0.C0<0>_dummy: `Noff' = 4.732 is unusually large. {"history": "MonteCarlo.6", "point": 115, "testname": "PTAT_MC", "cornername": "Nominal"}
[2026-06-01 14:24:52.258 Z] [WARN] [cadence.virtuoso.ade.simulationMonitor] -     WARNING (CMI-2424): I7.I0.C0<0>_dummy: `Voffcv' = -867.4e-03 is unusually small. {"history": "MonteCarlo.6", "point": 115, "testname": "PTAT_MC", "cornername": "Nominal"}
[2026-06-01 14:24:52.258 Z] [WARN] [cadence.virtuoso.ade.simulationMonitor] -     WARNING (CMI-2425): I7.I3.C1<0>_dummy: `Acde' = 2.393 is unusually large. {"history": "MonteCarlo.6", "point": 115, "testname": "PTAT_MC", "cornername": "Nominal"}
[2026-06-01 14:24:52.259 Z] [WARN] [cadence.virtuoso.ade.simulationMonitor] -     WARNING (CMI-2425): I7.I3.C1<0>_dummy: `Noff' = 4.732 is unusually large. {"history": "MonteCarlo.6", "point": 115, "testname": "PTAT_MC", "cornername": "Nominal"}
[2026-06-01 14:24:52.259 Z] [WARN] [cadence.virtuoso.ade.simulationMonitor] -     WARNING (CMI-2424): I7.I3.C1<0>_dummy: `Voffcv' = -867.4e-03 is unusually small. {"history": "MonteCarlo.6", "point": 115, "testname": "PTAT_MC", "cornername": "Nominal"}
[2026-06-01 14:24:52.259 Z] [WARN] [cadence.virtuoso.ade.simulationMonitor] -     WARNING (CMI-2425): I7.I4.C1<0>_dummy: `Acde' = 2.393 is unusually large.
        Further occurrences of this warning will be suppressed. {"history": "MonteCarlo.6", "point": 115, "testname": "PTAT_MC", "cornername": "Nominal"}
[2026-06-01 14:24:52.260 Z] [WARN] [cadence.virtuoso.ade.simulationMonitor] -     WARNING (CMI-2424): I7.I4.C1<0>_dummy: `Voffcv' = -867.4e-03 is unusually small. {"history": "MonteCarlo.6", "point": 115, "testname": "PTAT_MC", "cornername": "Nominal"}
[2026-06-01 14:24:52.260 Z] [INFO] [cadence.virtuoso.ade.simulationMonitor] - Notice from spectre during Monte Carlo analysis `mc1'.
    1 warning suppressed. {"history": "MonteCarlo.6", "point": 115, "testname": "PTAT_MC", "cornername": "Nominal"}
[2026-06-01 14:24:52.260 Z] [WARN] [cadence.virtuoso.ade.simulationMonitor] -     WARNING (CMI-2425): I2.I25.I33.C0: `Acde' = 2.393 is unusually large. {"history": "MonteCarlo.6", "point": 115, "testname": "PTAT_MC", "cornername": "Nominal"}
[2026-06-01 14:24:52.261 Z] [WARN] [cadence.virtuoso.ade.simulationMonitor] -     WARNING (CMI-2425): I2.I25.I33.C0: `Noff' = 4.732 is unusually large. {"history": "MonteCarlo.6", "point": 115, "testname": "PTAT_MC", "cornername": "Nominal"}
[2026-06-01 14:24:52.261 Z] [WARN] [cadence.virtuoso.ade.simulationMonitor] -     WARNING (CMI-2424): I2.I25.I33.C0: `Voffcv' = -867.4e-03 is unusually small. {"history": "MonteCarlo.6", "point": 115, "testname": "PTAT_MC", "cornername": "Nominal"}
[2026-06-01 14:24:52.261 Z] [WARN] [cadence.virtuoso.ade.simulationMonitor] -     WARNING (CMI-2425): I7.I4.C1<0>_turbo_m11: `Acde' = 2.393 is unusually large. {"history": "MonteCarlo.6", "point": 115, "testname": "PTAT_MC", "cornername": "Nominal"}
[2026-06-01 14:24:52.262 Z] [WARN] [cadence.virtuoso.ade.simulationMonitor] -     WARNING (CMI-2425): I7.I4.C1<0>_turbo_m11: `Noff' = 4.732 is unusually large. {"history": "MonteCarlo.6", "point": 115, "testname": "PTAT_MC", "cornername": "Nominal"}
[2026-06-01 14:24:52.262 Z] [WARN] [cadence.virtuoso.ade.simulationMonitor] -     WARNING (CMI-2424): I7.I4.C1<0>_turbo_m11: `Voffcv' = -867.4e-03 is unusually small. {"history": "MonteCarlo.6", "point": 115, "testname": "PTAT_MC", "cornername": "Nominal"}
[2026-06-01 14:24:52.262 Z] [WARN] [cadence.virtuoso.ade.simulationMonitor] -     WARNING (CMI-2425): I7.I3.C1<0>_turbo_m6: `Acde' = 2.393 is unusually large.
        Further occurrences of this warning will be suppressed. {"history": "MonteCarlo.6", "point": 115, "testname": "PTAT_MC", "cornername": "Nominal"}
[2026-06-01 14:24:52.262 Z] [WARN] [cadence.virtuoso.ade.simulationMonitor] -     WARNING (CMI-2424): I7.I3.C1<0>_turbo_m6: `Voffcv' = -867.4e-03 is unusually small. {"history": "MonteCarlo.6", "point": 115, "testname": "PTAT_MC", "cornername": "Nominal"}
[2026-06-01 14:24:52.263 Z] [WARN] [cadence.virtuoso.ade.simulationMonitor] -     WARNING (CMI-2424): I7.I0.C0<0>_turbo_m6: `Voffcv' = -867.4e-03 is unusually small. {"history": "MonteCarlo.6", "point": 115, "testname": "PTAT_MC", "cornername": "Nominal"}
[2026-06-01 14:24:52.267 Z] [WARN] [cadence.virtuoso.ade.simulationMonitor] -     WARNING (CMI-2424): I7.I0.C2: `Voffcv' = -867.4e-03 is unusually small.
        Further occurrences of this warning will be suppressed. {"history": "MonteCarlo.6", "point": 115, "testname": "PTAT_MC", "cornername": "Nominal"}
[2026-06-01 14:24:52.768 Z] [INFO] [cadence.virtuoso.ade.simulationMonitor] - Notice from spectre at temp = -40 C during DC analysis `dc', during Monte Carlo analysis `mc1'.
    Bad pivoting is found during DC analysis. Option dc_pivot_check=yes is recommended for possible improvement of convergence. {"history": "MonteCarlo.6", "point": 115, "testname": "PTAT_MC", "cornername": "Nominal"}
[2026-06-01 14:24:52.769 Z] [INFO] [cadence.virtuoso.ade.simulationMonitor] - Notice from spectre at temp = -39 C during DC analysis `dc', during Monte Carlo analysis `mc1'.
    Bad pivoting is found during DC analysis. Option dc_pivot_check=yes is recommended for possible improvement of convergence. {"history": "MonteCarlo.6", "point": 115, "testname": "PTAT_MC", "cornername": "Nominal"}
[2026-06-01 14:24:53.269 Z] [INFO] [cadence.virtuoso.ade.simulationMonitor] - Notice from spectre at temp = -38 C during DC analysis `dc', during Monte Carlo analysis `mc1'.
    Bad pivoting is found during DC analysis. Option dc_pivot_check=yes is recommended for possible improvement of convergence. {"history": "MonteCarlo.6", "point": 115, "testname": "PTAT_MC", "cornername": "Nominal"}
[2026-06-01 14:24:53.269 Z] [INFO] [cadence.virtuoso.ade.simulationMonitor] - Notice from spectre at temp = -37 C during DC analysis `dc', during Monte Carlo analysis `mc1'.
    Bad pivoting is found during DC analysis. Option dc_pivot_check=yes is recommended for possible improvement of convergence. {"history": "MonteCarlo.6", "point": 115, "testname": "PTAT_MC", "cornername": "Nominal"}
[2026-06-01 14:24:53.270 Z] [INFO] [cadence.virtuoso.ade.simulationMonitor] - Notice from spectre at temp = -36 C during DC analysis `dc', during Monte Carlo analysis `mc1'.
    Bad pivoting is found during DC analysis. Option dc_pivot_check=yes is recommended for possible improvement of convergence.
        Further occurrences of this notice will be suppressed. {"history": "MonteCarlo.6", "point": 115, "testname": "PTAT_MC", "cornername": "Nominal"}
[2026-06-01 14:24:59.274 Z] [WARN] [cadence.virtuoso.ade.simulationMonitor] -     WARNING (CMI-2943): Parameter checks have been ignored because the valid value for parameter 'trise' could not be found in 'C0'. {"history": "MonteCarlo.6", "point": 115, "testname": "PTAT_MC", "cornername": "Nominal"}
[2026-06-01 14:24:59.275 Z] [WARN] [cadence.virtuoso.ade.simulationMonitor] -     WARNING (CMI-2943): Parameter checks have been ignored because the valid value for parameter 'trise' could not be found in 'C1'. {"history": "MonteCarlo.6", "point": 115, "testname": "PTAT_MC", "cornername": "Nominal"}
[2026-06-01 14:24:59.275 Z] [WARN] [cadence.virtuoso.ade.simulationMonitor] -     WARNING (CMI-2943): Parameter checks have been ignored because the valid value for parameter 'trise' could not be found in 'C11'. {"history": "MonteCarlo.6", "point": 115, "testname": "PTAT_MC", "cornername": "Nominal"}
[2026-06-01 14:24:59.275 Z] [WARN] [cadence.virtuoso.ade.simulationMonitor] -     WARNING (CMI-2943): Parameter checks have been ignored because the valid value for parameter 'trise' could not be found in 'C12'. {"history": "MonteCarlo.6", "point": 115, "testname": "PTAT_MC", "cornername": "Nominal"}
[2026-06-01 14:24:59.275 Z] [WARN] [cadence.virtuoso.ade.simulationMonitor] -     WARNING (CMI-2943): Parameter checks have been ignored because the valid value for parameter 'trise' could not be found in 'C5'.
        Further occurrences of this warning will be suppressed. {"history": "MonteCarlo.6", "point": 115, "testname": "PTAT_MC", "cornername": "Nominal"}
[2026-06-01 14:24:59.275 Z] [INFO] [cadence.virtuoso.ade.simulationMonitor] - Notice from spectre at temp = 85 C during check, during DC analysis `dc', during Monte Carlo analysis `mc1'.
    I0.I3.RLIB_GC1 of rdiffp3: `ig' has the unusually large value of -76.2502 A.
    I0.I3.RLIB_GC2 of rdiffp3: `ig' has the unusually large value of -76.2502 A. {"history": "MonteCarlo.6", "point": 115, "testname": "PTAT_MC", "cornername": "Nominal"}
[2026-06-01 14:24:59.276 Z] [INFO] [cadence.virtuoso.ade.simulationMonitor] - Notice from spectre at temp = 85 C during DC analysis `dc', during Monte Carlo analysis `mc1'.
    The value of parameter 'temp' has been reset to the original value 27. {"history": "MonteCarlo.6", "point": 115, "testname": "PTAT_MC", "cornername": "Nominal"}
[2026-06-01 14:24:59.276 Z] [INFO] [cadence.virtuoso.ade.simulationMonitor] - Total time required for dc analysis `dc': CPU = 8.70644 s, elapsed = 6.93592 s, util. = 126%. {"history": "MonteCarlo.6", "point": 115, "testname": "PTAT_MC", "cornername": "Nominal"}
[2026-06-01 14:24:59.276 Z] [INFO] [cadence.virtuoso.ade.simulationMonitor] - Peak resident memory used = 375 Mbytes. {"history": "MonteCarlo.6", "point": 115, "testname": "PTAT_MC", "cornername": "Nominal"}
[2026-06-01 14:24:59.276 Z] [INFO] [cadence.virtuoso.ade.simulationMonitor] - Notice from spectre during Monte Carlo analysis `mc1'.
    121 notices suppressed.
    8649 warnings suppressed. {"history": "MonteCarlo.6", "point": 115, "testname": "PTAT_MC", "cornername": "Nominal"}
[2026-06-01 14:24:59.276 Z] [WARN] [cadence.virtuoso.ade.simulationMonitor] -     WARNING (CMI-2425): I7.I4.C1<0>_turbo_m11: `Acde' = 2.393 is unusually large. {"history": "MonteCarlo.6", "point": 115, "testname": "PTAT_MC", "cornername": "Nominal"}
[2026-06-01 14:24:59.277 Z] [WARN] [cadence.virtuoso.ade.simulationMonitor] -     WARNING (CMI-2425): I7.I4.C1<0>_turbo_m11: `Noff' = 4.732 is unusually large. {"history": "MonteCarlo.6", "point": 115, "testname": "PTAT_MC", "cornername": "Nominal"}
[2026-06-01 14:24:59.277 Z] [WARN] [cadence.virtuoso.ade.simulationMonitor] -     WARNING (CMI-2424): I7.I4.C1<0>_turbo_m11: `Voffcv' = -867.4e-03 is unusually small. {"history": "MonteCarlo.6", "point": 115, "testname": "PTAT_MC", "cornername": "Nominal"}
[2026-06-01 14:24:59.277 Z] [WARN] [cadence.virtuoso.ade.simulationMonitor] -     WARNING (CMI-2425): I7.I3.C1<0>_turbo_m6: `Acde' = 2.393 is unusually large. {"history": "MonteCarlo.6", "point": 115, "testname": "PTAT_MC", "cornername": "Nominal"}
[2026-06-01 14:24:59.277 Z] [WARN] [cadence.virtuoso.ade.simulationMonitor] -     WARNING (CMI-2425): I7.I3.C1<0>_turbo_m6: `Noff' = 4.732 is unusually large. {"history": "MonteCarlo.6", "point": 115, "testname": "PTAT_MC", "cornername": "Nominal"}
[2026-06-01 14:24:59.277 Z] [WARN] [cadence.virtuoso.ade.simulationMonitor] -     WARNING (CMI-2424): I7.I3.C1<0>_turbo_m6: `Voffcv' = -867.4e-03 is unusually small. {"history": "MonteCarlo.6", "point": 115, "testname": "PTAT_MC", "cornername": "Nominal"}
[2026-06-01 14:24:59.277 Z] [WARN] [cadence.virtuoso.ade.simulationMonitor] -     WARNING (CMI-2425): I7.I0.C0<0>_turbo_m6: `Acde' = 2.393 is unusually large.
        Further occurrences of this warning will be suppressed. {"history": "MonteCarlo.6", "point": 115, "testname": "PTAT_MC", "cornername": "Nominal"}
[2026-06-01 14:24:59.278 Z] [WARN] [cadence.virtuoso.ade.simulationMonitor] -     WARNING (CMI-2424): I7.I0.C0<0>_turbo_m6: `Voffcv' = -867.4e-03 is unusually small. {"history": "MonteCarlo.6", "point": 115, "testname": "PTAT_MC", "cornername": "Nominal"}
[2026-06-01 14:24:59.278 Z] [WARN] [cadence.virtuoso.ade.simulationMonitor] -     WARNING (CMI-2424): I7.I0.C2: `Voffcv' = -867.4e-03 is unusually small. {"history": "MonteCarlo.6", "point": 115, "testname": "PTAT_MC", "cornername": "Nominal"}
[2026-06-01 14:24:59.278 Z] [WARN] [cadence.virtuoso.ade.simulationMonitor] -     WARNING (CMI-2424): I7.I0.C1: `Voffcv' = -867.4e-03 is unusually small.
        Further occurrences of this warning will be suppressed. {"history": "MonteCarlo.6", "point": 115, "testname": "PTAT_MC", "cornername": "Nominal"}
[2026-06-01 14:24:59.779 Z] [WARN] [cadence.virtuoso.ade.simulationMonitor] -     WARNING (CMI-2943): Parameter checks have been ignored because the valid value for parameter 'trise' could not be found in 'C0'. {"history": "MonteCarlo.6", "point": 115, "testname": "PTAT_MC", "cornername": "Nominal"}
[2026-06-01 14:24:59.780 Z] [WARN] [cadence.virtuoso.ade.simulationMonitor] -     WARNING (CMI-2943): Parameter checks have been ignored because the valid value for parameter 'trise' could not be found in 'C1'. {"history": "MonteCarlo.6", "point": 115, "testname": "PTAT_MC", "cornername": "Nominal"}
[2026-06-01 14:24:59.780 Z] [WARN] [cadence.virtuoso.ade.simulationMonitor] -     WARNING (CMI-2943): Parameter checks have been ignored because the valid value for parameter 'trise' could not be found in 'C11'. {"history": "MonteCarlo.6", "point": 115, "testname": "PTAT_MC", "cornername": "Nominal"}
[2026-06-01 14:24:59.780 Z] [WARN] [cadence.virtuoso.ade.simulationMonitor] -     WARNING (CMI-2943): Parameter checks have been ignored because the valid value for parameter 'trise' could not be found in 'C12'. {"history": "MonteCarlo.6", "point": 115, "testname": "PTAT_MC", "cornername": "Nominal"}
[2026-06-01 14:24:59.780 Z] [WARN] [cadence.virtuoso.ade.simulationMonitor] -     WARNING (CMI-2943): Parameter checks have been ignored because the valid value for parameter 'trise' could not be found in 'C5'.
        Further occurrences of this warning will be suppressed. {"history": "MonteCarlo.6", "point": 115, "testname": "PTAT_MC", "cornername": "Nominal"}
[2026-06-01 14:24:59.781 Z] [INFO] [cadence.virtuoso.ade.simulationMonitor] - Notice from spectre at freq = 0 Hz during check, during DC analysis, during XF analysis `xf', during Monte Carlo analysis `mc1'.
    I0.I3.RLIB_GC1 of rdiffp3: `ig' has the unusually large value of -89.0477 A.
    I0.I3.RLIB_GC2 of rdiffp3: `ig' has the unusually large value of -89.0477 A. {"history": "MonteCarlo.6", "point": 115, "testname": "PTAT_MC", "cornername": "Nominal"}
[2026-06-01 14:24:59.781 Z] [INFO] [cadence.virtuoso.ade.simulationMonitor] - Total time required for xf analysis `xf': CPU = 1.66196 s, elapsed = 692.601 ms, util. = 240%. {"history": "MonteCarlo.6", "point": 115, "testname": "PTAT_MC", "cornername": "Nominal"}
[2026-06-01 14:24:59.781 Z] [INFO] [cadence.virtuoso.ade.simulationMonitor] - Peak resident memory used = 378 Mbytes. {"history": "MonteCarlo.6", "point": 115, "testname": "PTAT_MC", "cornername": "Nominal"}
[2026-06-01 14:24:59.781 Z] [INFO] [cadence.virtuoso.ade.simulationMonitor] - Notice from spectre during XF analysis `xf', during Monte Carlo analysis `mc1'.
    1059 warnings suppressed. {"history": "MonteCarlo.6", "point": 115, "testname": "PTAT_MC", "cornername": "Nominal"}
[2026-06-01 14:24:59.781 Z] [PROCESS] [cadence.virtuoso.ade.simulationMonitor] - Finished simulating for one iteration {"hostname": "il2244vt26_hrahimi", "processid": 1499097, "history": "MonteCarlo.6", "testname": "PTAT_MC", "cornername": "Nominal", "point": 115, "logfile": "/home/hrahimi/projects/POTENTIOSTAT_26/logs_hrahimi/logs0/Job93.log", "simid": "1"}
[2026-06-01 14:24:59.781 Z] [PROCESS] [cadence.virtuoso.ade.simulationMonitor] - Started Simulation {"hostname": "il2244vt26_hrahimi", "processid": 1499097, "history": "MonteCarlo.6", "testname": "PTAT_MC", "cornername": "Nominal", "point": 116, "logfile": "/home/hrahimi/projects/POTENTIOSTAT_26/logs_hrahimi/logs0/Job93.log", "event": "started", "task": "simulation"}
[2026-06-01 14:25:00.282 Z] [WARN] [cadence.virtuoso.ade.simulationMonitor] -     WARNING (CMI-2425): I7.I0.C0<0>_dummy: `Acde' = 2.393 is unusually large. {"history": "MonteCarlo.6", "point": 116, "testname": "PTAT_MC", "cornername": "Nominal"}
[2026-06-01 14:25:00.282 Z] [WARN] [cadence.virtuoso.ade.simulationMonitor] -     WARNING (CMI-2425): I7.I0.C0<0>_dummy: `Noff' = 4.732 is unusually large. {"history": "MonteCarlo.6", "point": 116, "testname": "PTAT_MC", "cornername": "Nominal"}
[2026-06-01 14:25:00.283 Z] [WARN] [cadence.virtuoso.ade.simulationMonitor] -     WARNING (CMI-2424): I7.I0.C0<0>_dummy: `Voffcv' = -867.4e-03 is unusually small. {"history": "MonteCarlo.6", "point": 116, "testname": "PTAT_MC", "cornername": "Nominal"}
[2026-06-01 14:25:00.283 Z] [WARN] [cadence.virtuoso.ade.simulationMonitor] -     WARNING (CMI-2425): I7.I3.C1<0>_dummy: `Acde' = 2.393 is unusually large. {"history": "MonteCarlo.6", "point": 116, "testname": "PTAT_MC", "cornername": "Nominal"}
[2026-06-01 14:25:00.283 Z] [WARN] [cadence.virtuoso.ade.simulationMonitor] -     WARNING (CMI-2425): I7.I3.C1<0>_dummy: `Noff' = 4.732 is unusually large. {"history": "MonteCarlo.6", "point": 116, "testname": "PTAT_MC", "cornername": "Nominal"}
[2026-06-01 14:25:00.283 Z] [WARN] [cadence.virtuoso.ade.simulationMonitor] -     WARNING (CMI-2424): I7.I3.C1<0>_dummy: `Voffcv' = -867.4e-03 is unusually small. {"history": "MonteCarlo.6", "point": 116, "testname": "PTAT_MC", "cornername": "Nominal"}
[2026-06-01 14:25:00.283 Z] [WARN] [cadence.virtuoso.ade.simulationMonitor] -     WARNING (CMI-2425): I7.I4.C1<0>_dummy: `Acde' = 2.393 is unusually large.
        Further occurrences of this warning will be suppressed. {"history": "MonteCarlo.6", "point": 116, "testname": "PTAT_MC", "cornername": "Nominal"}
[2026-06-01 14:25:00.284 Z] [WARN] [cadence.virtuoso.ade.simulationMonitor] -     WARNING (CMI-2424): I7.I4.C1<0>_dummy: `Voffcv' = -867.4e-03 is unusually small. {"history": "MonteCarlo.6", "point": 116, "testname": "PTAT_MC", "cornername": "Nominal"}
[2026-06-01 14:25:00.284 Z] [INFO] [cadence.virtuoso.ade.simulationMonitor] - Notice from spectre during Monte Carlo analysis `mc1'.
    1 warning suppressed. {"history": "MonteCarlo.6", "point": 116, "testname": "PTAT_MC", "cornername": "Nominal"}
[2026-06-01 14:25:00.284 Z] [INFO] [cadence.virtuoso.ade.simulationMonitor] - Notice from spectre in `rpoly1c':`I0.I46.RLIB_GC1', in `AGND3ALLP':`I0.I46', in `IO_RING_S_VH':`I0', during Monte Carlo analysis `mc1'.
    I0.I46.RLIB_GC1.CS0 of rpoly1c: `c' has the unusually small value of 634.694e-21 F.
    I0.I46.RLIB_GC1.CS1 of rpoly1c: `c' has the unusually small value of 634.694e-21 F. {"history": "MonteCarlo.6", "point": 116, "testname": "PTAT_MC", "cornername": "Nominal"}
[2026-06-01 14:25:00.284 Z] [INFO] [cadence.virtuoso.ade.simulationMonitor] - Notice from spectre in `rpoly1c':`I0.I45.RLIB_GC1', in `AVDD3ALLP':`I0.I45', in `IO_RING_S_VH':`I0', during Monte Carlo analysis `mc1'.
    I0.I45.RLIB_GC1.CS0 of rpoly1c: `c' has the unusually small value of 634.694e-21 F.
    I0.I45.RLIB_GC1.CS1 of rpoly1c: `c' has the unusually small value of 634.694e-21 F. {"history": "MonteCarlo.6", "point": 116, "testname": "PTAT_MC", "cornername": "Nominal"}
[2026-06-01 14:25:00.284 Z] [INFO] [cadence.virtuoso.ade.simulationMonitor] - Notice from spectre in `rpoly1c':`I0.I20.RLIB_GC1', in `VDD3RP':`I0.I20', in `IO_RING_S_VH':`I0', during Monte Carlo analysis `mc1'.
    I0.I20.RLIB_GC1.CS0 of rpoly1c: `c' has the unusually small value of 634.694e-21 F.
        Further occurrences of this notice will be suppressed. {"history": "MonteCarlo.6", "point": 116, "testname": "PTAT_MC", "cornername": "Nominal"}
[2026-06-01 14:25:00.285 Z] [INFO] [cadence.virtuoso.ade.simulationMonitor] - Notice from spectre during Monte Carlo analysis `mc1'.
    V8: `period' has the unusually large value of 100 s.
    V7: `period' has the unusually large value of 10 s.
    V3: `period' has the unusually large value of 6 s.
    I26: `period' has the unusually large value of 6 s. {"history": "MonteCarlo.6", "point": 116, "testname": "PTAT_MC", "cornername": "Nominal"}
[2026-06-01 14:25:00.285 Z] [WARN] [cadence.virtuoso.ade.simulationMonitor] -     WARNING (CMI-2425): I7.I4.C1<0>_turbo_m11: `Acde' = 2.393 is unusually large. {"history": "MonteCarlo.6", "point": 116, "testname": "PTAT_MC", "cornername": "Nominal"}
[2026-06-01 14:25:00.285 Z] [WARN] [cadence.virtuoso.ade.simulationMonitor] -     WARNING (CMI-2425): I7.I4.C1<0>_turbo_m11: `Noff' = 4.732 is unusually large. {"history": "MonteCarlo.6", "point": 116, "testname": "PTAT_MC", "cornername": "Nominal"}
[2026-06-01 14:25:00.285 Z] [WARN] [cadence.virtuoso.ade.simulationMonitor] -     WARNING (CMI-2424): I7.I4.C1<0>_turbo_m11: `Voffcv' = -867.4e-03 is unusually small. {"history": "MonteCarlo.6", "point": 116, "testname": "PTAT_MC", "cornername": "Nominal"}
[2026-06-01 14:25:00.285 Z] [WARN] [cadence.virtuoso.ade.simulationMonitor] -     WARNING (CMI-2425): I7.I3.C1<0>_turbo_m6: `Acde' = 2.393 is unusually large. {"history": "MonteCarlo.6", "point": 116, "testname": "PTAT_MC", "cornername": "Nominal"}
[2026-06-01 14:25:00.286 Z] [WARN] [cadence.virtuoso.ade.simulationMonitor] -     WARNING (CMI-2425): I7.I3.C1<0>_turbo_m6: `Noff' = 4.732 is unusually large. {"history": "MonteCarlo.6", "point": 116, "testname": "PTAT_MC", "cornername": "Nominal"}
[2026-06-01 14:25:00.286 Z] [WARN] [cadence.virtuoso.ade.simulationMonitor] -     WARNING (CMI-2424): I7.I3.C1<0>_turbo_m6: `Voffcv' = -867.4e-03 is unusually small. {"history": "MonteCarlo.6", "point": 116, "testname": "PTAT_MC", "cornername": "Nominal"}
[2026-06-01 14:25:00.286 Z] [WARN] [cadence.virtuoso.ade.simulationMonitor] -     WARNING (CMI-2425): I7.I0.C0<0>_turbo_m6: `Acde' = 2.393 is unusually large.
        Further occurrences of this warning will be suppressed. {"history": "MonteCarlo.6", "point": 116, "testname": "PTAT_MC", "cornername": "Nominal"}
[2026-06-01 14:25:00.286 Z] [WARN] [cadence.virtuoso.ade.simulationMonitor] -     WARNING (CMI-2424): I7.I0.C0<0>_turbo_m6: `Voffcv' = -867.4e-03 is unusually small. {"history": "MonteCarlo.6", "point": 116, "testname": "PTAT_MC", "cornername": "Nominal"}
[2026-06-01 14:25:00.286 Z] [WARN] [cadence.virtuoso.ade.simulationMonitor] -     WARNING (CMI-2424): I7.I0.C2: `Voffcv' = -867.4e-03 is unusually small. {"history": "MonteCarlo.6", "point": 116, "testname": "PTAT_MC", "cornername": "Nominal"}
[2026-06-01 14:25:00.287 Z] [WARN] [cadence.virtuoso.ade.simulationMonitor] -     WARNING (CMI-2424): I7.I0.C1: `Voffcv' = -867.4e-03 is unusually small.
        Further occurrences of this warning will be suppressed. {"history": "MonteCarlo.6", "point": 116, "testname": "PTAT_MC", "cornername": "Nominal"}
[2026-06-01 14:25:00.787 Z] [WARN] [cadence.virtuoso.ade.simulationMonitor] -     WARNING (CMI-2943): Parameter checks have been ignored because the valid value for parameter 'trise' could not be found in 'C0'. {"history": "MonteCarlo.6", "point": 116, "testname": "PTAT_MC", "cornername": "Nominal"}
[2026-06-01 14:25:00.788 Z] [WARN] [cadence.virtuoso.ade.simulationMonitor] -     WARNING (CMI-2943): Parameter checks have been ignored because the valid value for parameter 'trise' could not be found in 'C1'. {"history": "MonteCarlo.6", "point": 116, "testname": "PTAT_MC", "cornername": "Nominal"}
[2026-06-01 14:25:00.788 Z] [WARN] [cadence.virtuoso.ade.simulationMonitor] -     WARNING (CMI-2943): Parameter checks have been ignored because the valid value for parameter 'trise' could not be found in 'C11'. {"history": "MonteCarlo.6", "point": 116, "testname": "PTAT_MC", "cornername": "Nominal"}
[2026-06-01 14:25:00.789 Z] [WARN] [cadence.virtuoso.ade.simulationMonitor] -     WARNING (CMI-2943): Parameter checks have been ignored because the valid value for parameter 'trise' could not be found in 'C12'. {"history": "MonteCarlo.6", "point": 116, "testname": "PTAT_MC", "cornername": "Nominal"}
[2026-06-01 14:25:00.789 Z] [WARN] [cadence.virtuoso.ade.simulationMonitor] -     WARNING (CMI-2943): Parameter checks have been ignored because the valid value for parameter 'trise' could not be found in 'C5'.
        Further occurrences of this warning will be suppressed. {"history": "MonteCarlo.6", "point": 116, "testname": "PTAT_MC", "cornername": "Nominal"}
[2026-06-01 14:25:00.789 Z] [INFO] [cadence.virtuoso.ade.simulationMonitor] - Notice from spectre during check, during DC analysis `dcOp', during Monte Carlo analysis `mc1'.
    I0.I3.RLIB_GC1 of rdiffp3: `ig' has the unusually large value of -89.0477 A.
        Further occurrences of this notice will be suppressed. {"history": "MonteCarlo.6", "point": 116, "testname": "PTAT_MC", "cornername": "Nominal"}
[2026-06-01 14:25:00.790 Z] [INFO] [cadence.virtuoso.ade.simulationMonitor] - Total time required for dc analysis `dcOp': CPU = 1.18633 s, elapsed = 531.598 ms, util. = 223%. {"history": "MonteCarlo.6", "point": 116, "testname": "PTAT_MC", "cornername": "Nominal"}
[2026-06-01 14:25:00.790 Z] [INFO] [cadence.virtuoso.ade.simulationMonitor] - Peak resident memory used = 380 Mbytes. {"history": "MonteCarlo.6", "point": 116, "testname": "PTAT_MC", "cornername": "Nominal"}
[2026-06-01 14:25:00.790 Z] [INFO] [cadence.virtuoso.ade.simulationMonitor] - Notice from spectre during Monte Carlo analysis `mc1'.
    31 notices suppressed.
    1059 warnings suppressed. {"history": "MonteCarlo.6", "point": 116, "testname": "PTAT_MC", "cornername": "Nominal"}
[2026-06-01 14:25:00.791 Z] [WARN] [cadence.virtuoso.ade.simulationMonitor] -     WARNING (CMI-2425): I7.I0.C0<0>_dummy: `Acde' = 2.393 is unusually large. {"history": "MonteCarlo.6", "point": 116, "testname": "PTAT_MC", "cornername": "Nominal"}
[2026-06-01 14:25:00.791 Z] [WARN] [cadence.virtuoso.ade.simulationMonitor] -     WARNING (CMI-2425): I7.I0.C0<0>_dummy: `Noff' = 4.732 is unusually large. {"history": "MonteCarlo.6", "point": 116, "testname": "PTAT_MC", "cornername": "Nominal"}
[2026-06-01 14:25:00.792 Z] [WARN] [cadence.virtuoso.ade.simulationMonitor] -     WARNING (CMI-2424): I7.I0.C0<0>_dummy: `Voffcv' = -867.4e-03 is unusually small. {"history": "MonteCarlo.6", "point": 116, "testname": "PTAT_MC", "cornername": "Nominal"}
[2026-06-01 14:25:00.792 Z] [WARN] [cadence.virtuoso.ade.simulationMonitor] -     WARNING (CMI-2425): I7.I3.C1<0>_dummy: `Acde' = 2.393 is unusually large. {"history": "MonteCarlo.6", "point": 116, "testname": "PTAT_MC", "cornername": "Nominal"}
[2026-06-01 14:25:00.792 Z] [WARN] [cadence.virtuoso.ade.simulationMonitor] -     WARNING (CMI-2425): I7.I3.C1<0>_dummy: `Noff' = 4.732 is unusually large. {"history": "MonteCarlo.6", "point": 116, "testname": "PTAT_MC", "cornername": "Nominal"}
[2026-06-01 14:25:00.792 Z] [WARN] [cadence.virtuoso.ade.simulationMonitor] -     WARNING (CMI-2424): I7.I3.C1<0>_dummy: `Voffcv' = -867.4e-03 is unusually small. {"history": "MonteCarlo.6", "point": 116, "testname": "PTAT_MC", "cornername": "Nominal"}
[2026-06-01 14:25:00.792 Z] [WARN] [cadence.virtuoso.ade.simulationMonitor] -     WARNING (CMI-2425): I7.I4.C1<0>_dummy: `Acde' = 2.393 is unusually large.
        Further occurrences of this warning will be suppressed. {"history": "MonteCarlo.6", "point": 116, "testname": "PTAT_MC", "cornername": "Nominal"}
[2026-06-01 14:25:00.793 Z] [WARN] [cadence.virtuoso.ade.simulationMonitor] -     WARNING (CMI-2424): I7.I4.C1<0>_dummy: `Voffcv' = -867.4e-03 is unusually small. {"history": "MonteCarlo.6", "point": 116, "testname": "PTAT_MC", "cornername": "Nominal"}
[2026-06-01 14:25:01.293 Z] [INFO] [cadence.virtuoso.ade.simulationMonitor] - Notice from spectre during Monte Carlo analysis `mc1'.
    1 warning suppressed. {"history": "MonteCarlo.6", "point": 116, "testname": "PTAT_MC", "cornername": "Nominal"}
[2026-06-01 14:25:01.293 Z] [WARN] [cadence.virtuoso.ade.simulationMonitor] -     WARNING (CMI-2425): I2.I25.I33.C0: `Acde' = 2.393 is unusually large. {"history": "MonteCarlo.6", "point": 116, "testname": "PTAT_MC", "cornername": "Nominal"}
[2026-06-01 14:25:01.294 Z] [WARN] [cadence.virtuoso.ade.simulationMonitor] -     WARNING (CMI-2425): I2.I25.I33.C0: `Noff' = 4.732 is unusually large. {"history": "MonteCarlo.6", "point": 116, "testname": "PTAT_MC", "cornername": "Nominal"}
[2026-06-01 14:25:01.294 Z] [WARN] [cadence.virtuoso.ade.simulationMonitor] -     WARNING (CMI-2424): I2.I25.I33.C0: `Voffcv' = -867.4e-03 is unusually small. {"history": "MonteCarlo.6", "point": 116, "testname": "PTAT_MC", "cornername": "Nominal"}
[2026-06-01 14:25:01.294 Z] [WARN] [cadence.virtuoso.ade.simulationMonitor] -     WARNING (CMI-2425): I7.I4.C1<0>_turbo_m11: `Acde' = 2.393 is unusually large. {"history": "MonteCarlo.6", "point": 116, "testname": "PTAT_MC", "cornername": "Nominal"}
[2026-06-01 14:25:01.294 Z] [WARN] [cadence.virtuoso.ade.simulationMonitor] -     WARNING (CMI-2425): I7.I4.C1<0>_turbo_m11: `Noff' = 4.732 is unusually large. {"history": "MonteCarlo.6", "point": 116, "testname": "PTAT_MC", "cornername": "Nominal"}
[2026-06-01 14:25:01.295 Z] [WARN] [cadence.virtuoso.ade.simulationMonitor] -     WARNING (CMI-2424): I7.I4.C1<0>_turbo_m11: `Voffcv' = -867.4e-03 is unusually small. {"history": "MonteCarlo.6", "point": 116, "testname": "PTAT_MC", "cornername": "Nominal"}
[2026-06-01 14:25:01.295 Z] [WARN] [cadence.virtuoso.ade.simulationMonitor] -     WARNING (CMI-2425): I7.I3.C1<0>_turbo_m6: `Acde' = 2.393 is unusually large.
        Further occurrences of this warning will be suppressed. {"history": "MonteCarlo.6", "point": 116, "testname": "PTAT_MC", "cornername": "Nominal"}
[2026-06-01 14:25:01.295 Z] [WARN] [cadence.virtuoso.ade.simulationMonitor] -     WARNING (CMI-2424): I7.I3.C1<0>_turbo_m6: `Voffcv' = -867.4e-03 is unusually small. {"history": "MonteCarlo.6", "point": 116, "testname": "PTAT_MC", "cornername": "Nominal"}
[2026-06-01 14:25:01.295 Z] [WARN] [cadence.virtuoso.ade.simulationMonitor] -     WARNING (CMI-2424): I7.I0.C0<0>_turbo_m6: `Voffcv' = -867.4e-03 is unusually small. {"history": "MonteCarlo.6", "point": 116, "testname": "PTAT_MC", "cornername": "Nominal"}
[2026-06-01 14:25:01.295 Z] [WARN] [cadence.virtuoso.ade.simulationMonitor] -     WARNING (CMI-2424): I7.I0.C2: `Voffcv' = -867.4e-03 is unusually small.
        Further occurrences of this warning will be suppressed. {"history": "MonteCarlo.6", "point": 116, "testname": "PTAT_MC", "cornername": "Nominal"}
[2026-06-01 14:25:01.296 Z] [INFO] [cadence.virtuoso.ade.simulationMonitor] - Notice from spectre at temp = -40 C during DC analysis `dc', during Monte Carlo analysis `mc1'.
    Bad pivoting is found during DC analysis. Option dc_pivot_check=yes is recommended for possible improvement of convergence. {"history": "MonteCarlo.6", "point": 116, "testname": "PTAT_MC", "cornername": "Nominal"}
[2026-06-01 14:25:01.796 Z] [INFO] [cadence.virtuoso.ade.simulationMonitor] - Notice from spectre at temp = -39 C during DC analysis `dc', during Monte Carlo analysis `mc1'.
    Bad pivoting is found during DC analysis. Option dc_pivot_check=yes is recommended for possible improvement of convergence. {"history": "MonteCarlo.6", "point": 116, "testname": "PTAT_MC", "cornername": "Nominal"}
[2026-06-01 14:25:01.797 Z] [INFO] [cadence.virtuoso.ade.simulationMonitor] - Notice from spectre at temp = -38 C during DC analysis `dc', during Monte Carlo analysis `mc1'.
    Bad pivoting is found during DC analysis. Option dc_pivot_check=yes is recommended for possible improvement of convergence. {"history": "MonteCarlo.6", "point": 116, "testname": "PTAT_MC", "cornername": "Nominal"}
[2026-06-01 14:25:01.797 Z] [INFO] [cadence.virtuoso.ade.simulationMonitor] - Notice from spectre at temp = -37 C during DC analysis `dc', during Monte Carlo analysis `mc1'.
    Bad pivoting is found during DC analysis. Option dc_pivot_check=yes is recommended for possible improvement of convergence. {"history": "MonteCarlo.6", "point": 116, "testname": "PTAT_MC", "cornername": "Nominal"}
[2026-06-01 14:25:01.797 Z] [INFO] [cadence.virtuoso.ade.simulationMonitor] - Notice from spectre at temp = -36 C during DC analysis `dc', during Monte Carlo analysis `mc1'.
    Bad pivoting is found during DC analysis. Option dc_pivot_check=yes is recommended for possible improvement of convergence.
        Further occurrences of this notice will be suppressed. {"history": "MonteCarlo.6", "point": 116, "testname": "PTAT_MC", "cornername": "Nominal"}
[2026-06-01 14:25:07.802 Z] [WARN] [cadence.virtuoso.ade.simulationMonitor] -     WARNING (CMI-2943): Parameter checks have been ignored because the valid value for parameter 'trise' could not be found in 'C0'. {"history": "MonteCarlo.6", "point": 116, "testname": "PTAT_MC", "cornername": "Nominal"}
[2026-06-01 14:25:07.802 Z] [WARN] [cadence.virtuoso.ade.simulationMonitor] -     WARNING (CMI-2943): Parameter checks have been ignored because the valid value for parameter 'trise' could not be found in 'C1'. {"history": "MonteCarlo.6", "point": 116, "testname": "PTAT_MC", "cornername": "Nominal"}
[2026-06-01 14:25:07.803 Z] [WARN] [cadence.virtuoso.ade.simulationMonitor] -     WARNING (CMI-2943): Parameter checks have been ignored because the valid value for parameter 'trise' could not be found in 'C11'. {"history": "MonteCarlo.6", "point": 116, "testname": "PTAT_MC", "cornername": "Nominal"}
[2026-06-01 14:25:07.803 Z] [WARN] [cadence.virtuoso.ade.simulationMonitor] -     WARNING (CMI-2943): Parameter checks have been ignored because the valid value for parameter 'trise' could not be found in 'C12'. {"history": "MonteCarlo.6", "point": 116, "testname": "PTAT_MC", "cornername": "Nominal"}
[2026-06-01 14:25:07.803 Z] [WARN] [cadence.virtuoso.ade.simulationMonitor] -     WARNING (CMI-2943): Parameter checks have been ignored because the valid value for parameter 'trise' could not be found in 'C5'.
        Further occurrences of this warning will be suppressed. {"history": "MonteCarlo.6", "point": 116, "testname": "PTAT_MC", "cornername": "Nominal"}
[2026-06-01 14:25:07.803 Z] [INFO] [cadence.virtuoso.ade.simulationMonitor] - Notice from spectre at temp = 85 C during check, during DC analysis `dc', during Monte Carlo analysis `mc1'.
    I0.I3.RLIB_GC1 of rdiffp3: `ig' has the unusually large value of -76.2502 A.
    I0.I3.RLIB_GC2 of rdiffp3: `ig' has the unusually large value of -76.2502 A. {"history": "MonteCarlo.6", "point": 116, "testname": "PTAT_MC", "cornername": "Nominal"}
[2026-06-01 14:25:07.803 Z] [INFO] [cadence.virtuoso.ade.simulationMonitor] - Notice from spectre at temp = 85 C during DC analysis `dc', during Monte Carlo analysis `mc1'.
    The value of parameter 'temp' has been reset to the original value 27. {"history": "MonteCarlo.6", "point": 116, "testname": "PTAT_MC", "cornername": "Nominal"}
[2026-06-01 14:25:07.804 Z] [INFO] [cadence.virtuoso.ade.simulationMonitor] - Total time required for dc analysis `dc': CPU = 8.32025 s, elapsed = 6.83139 s, util. = 122%. {"history": "MonteCarlo.6", "point": 116, "testname": "PTAT_MC", "cornername": "Nominal"}
[2026-06-01 14:25:07.804 Z] [INFO] [cadence.virtuoso.ade.simulationMonitor] - Peak resident memory used = 384 Mbytes. {"history": "MonteCarlo.6", "point": 116, "testname": "PTAT_MC", "cornername": "Nominal"}
[2026-06-01 14:25:07.804 Z] [INFO] [cadence.virtuoso.ade.simulationMonitor] - Notice from spectre during Monte Carlo analysis `mc1'.
    121 notices suppressed.
    8649 warnings suppressed. {"history": "MonteCarlo.6", "point": 116, "testname": "PTAT_MC", "cornername": "Nominal"}
[2026-06-01 14:25:07.804 Z] [WARN] [cadence.virtuoso.ade.simulationMonitor] -     WARNING (CMI-2425): I7.I4.C1<0>_turbo_m11: `Acde' = 2.393 is unusually large. {"history": "MonteCarlo.6", "point": 116, "testname": "PTAT_MC", "cornername": "Nominal"}
[2026-06-01 14:25:07.804 Z] [WARN] [cadence.virtuoso.ade.simulationMonitor] -     WARNING (CMI-2425): I7.I4.C1<0>_turbo_m11: `Noff' = 4.732 is unusually large. {"history": "MonteCarlo.6", "point": 116, "testname": "PTAT_MC", "cornername": "Nominal"}
[2026-06-01 14:25:07.804 Z] [WARN] [cadence.virtuoso.ade.simulationMonitor] -     WARNING (CMI-2424): I7.I4.C1<0>_turbo_m11: `Voffcv' = -867.4e-03 is unusually small. {"history": "MonteCarlo.6", "point": 116, "testname": "PTAT_MC", "cornername": "Nominal"}
[2026-06-01 14:25:07.805 Z] [WARN] [cadence.virtuoso.ade.simulationMonitor] -     WARNING (CMI-2425): I7.I3.C1<0>_turbo_m6: `Acde' = 2.393 is unusually large. {"history": "MonteCarlo.6", "point": 116, "testname": "PTAT_MC", "cornername": "Nominal"}
[2026-06-01 14:25:07.805 Z] [WARN] [cadence.virtuoso.ade.simulationMonitor] -     WARNING (CMI-2425): I7.I3.C1<0>_turbo_m6: `Noff' = 4.732 is unusually large. {"history": "MonteCarlo.6", "point": 116, "testname": "PTAT_MC", "cornername": "Nominal"}
[2026-06-01 14:25:07.805 Z] [WARN] [cadence.virtuoso.ade.simulationMonitor] -     WARNING (CMI-2424): I7.I3.C1<0>_turbo_m6: `Voffcv' = -867.4e-03 is unusually small. {"history": "MonteCarlo.6", "point": 116, "testname": "PTAT_MC", "cornername": "Nominal"}
[2026-06-01 14:25:07.805 Z] [WARN] [cadence.virtuoso.ade.simulationMonitor] -     WARNING (CMI-2425): I7.I0.C0<0>_turbo_m6: `Acde' = 2.393 is unusually large.
        Further occurrences of this warning will be suppressed. {"history": "MonteCarlo.6", "point": 116, "testname": "PTAT_MC", "cornername": "Nominal"}
[2026-06-01 14:25:07.805 Z] [WARN] [cadence.virtuoso.ade.simulationMonitor] -     WARNING (CMI-2424): I7.I0.C0<0>_turbo_m6: `Voffcv' = -867.4e-03 is unusually small. {"history": "MonteCarlo.6", "point": 116, "testname": "PTAT_MC", "cornername": "Nominal"}
[2026-06-01 14:25:07.805 Z] [WARN] [cadence.virtuoso.ade.simulationMonitor] -     WARNING (CMI-2424): I7.I0.C2: `Voffcv' = -867.4e-03 is unusually small. {"history": "MonteCarlo.6", "point": 116, "testname": "PTAT_MC", "cornername": "Nominal"}
[2026-06-01 14:25:07.806 Z] [WARN] [cadence.virtuoso.ade.simulationMonitor] -     WARNING (CMI-2424): I7.I0.C1: `Voffcv' = -867.4e-03 is unusually small.
        Further occurrences of this warning will be suppressed. {"history": "MonteCarlo.6", "point": 116, "testname": "PTAT_MC", "cornername": "Nominal"}
[2026-06-01 14:25:08.306 Z] [WARN] [cadence.virtuoso.ade.simulationMonitor] -     WARNING (CMI-2943): Parameter checks have been ignored because the valid value for parameter 'trise' could not be found in 'C0'. {"history": "MonteCarlo.6", "point": 116, "testname": "PTAT_MC", "cornername": "Nominal"}
[2026-06-01 14:25:08.306 Z] [WARN] [cadence.virtuoso.ade.simulationMonitor] -     WARNING (CMI-2943): Parameter checks have been ignored because the valid value for parameter 'trise' could not be found in 'C1'. {"history": "MonteCarlo.6", "point": 116, "testname": "PTAT_MC", "cornername": "Nominal"}
[2026-06-01 14:25:08.307 Z] [WARN] [cadence.virtuoso.ade.simulationMonitor] -     WARNING (CMI-2943): Parameter checks have been ignored because the valid value for parameter 'trise' could not be found in 'C11'. {"history": "MonteCarlo.6", "point": 116, "testname": "PTAT_MC", "cornername": "Nominal"}
[2026-06-01 14:25:08.307 Z] [WARN] [cadence.virtuoso.ade.simulationMonitor] -     WARNING (CMI-2943): Parameter checks have been ignored because the valid value for parameter 'trise' could not be found in 'C12'. {"history": "MonteCarlo.6", "point": 116, "testname": "PTAT_MC", "cornername": "Nominal"}
[2026-06-01 14:25:08.307 Z] [WARN] [cadence.virtuoso.ade.simulationMonitor] -     WARNING (CMI-2943): Parameter checks have been ignored because the valid value for parameter 'trise' could not be found in 'C5'.
        Further occurrences of this warning will be suppressed. {"history": "MonteCarlo.6", "point": 116, "testname": "PTAT_MC", "cornername": "Nominal"}
[2026-06-01 14:25:08.307 Z] [INFO] [cadence.virtuoso.ade.simulationMonitor] - Notice from spectre at freq = 0 Hz during check, during DC analysis, during XF analysis `xf', during Monte Carlo analysis `mc1'.
    I0.I3.RLIB_GC1 of rdiffp3: `ig' has the unusually large value of -89.0477 A.
    I0.I3.RLIB_GC2 of rdiffp3: `ig' has the unusually large value of -89.0477 A. {"history": "MonteCarlo.6", "point": 116, "testname": "PTAT_MC", "cornername": "Nominal"}
[2026-06-01 14:25:08.307 Z] [INFO] [cadence.virtuoso.ade.simulationMonitor] - Total time required for xf analysis `xf': CPU = 1.58103 s, elapsed = 639.375 ms, util. = 247%. {"history": "MonteCarlo.6", "point": 116, "testname": "PTAT_MC", "cornername": "Nominal"}
[2026-06-01 14:25:08.308 Z] [INFO] [cadence.virtuoso.ade.simulationMonitor] - Peak resident memory used = 387 Mbytes. {"history": "MonteCarlo.6", "point": 116, "testname": "PTAT_MC", "cornername": "Nominal"}
[2026-06-01 14:25:08.308 Z] [INFO] [cadence.virtuoso.ade.simulationMonitor] - Notice from spectre during XF analysis `xf', during Monte Carlo analysis `mc1'.
    1059 warnings suppressed. {"history": "MonteCarlo.6", "point": 116, "testname": "PTAT_MC", "cornername": "Nominal"}
[2026-06-01 14:25:08.809 Z] [WARN] [cadence.virtuoso.ade.simulationMonitor] -     WARNING (CMI-2425): I7.I0.C0<0>_dummy: `Acde' = 2.393 is unusually large. {"history": "MonteCarlo.6", "point": 116, "testname": "PTAT_MC", "cornername": "Nominal"}
[2026-06-01 14:25:08.809 Z] [WARN] [cadence.virtuoso.ade.simulationMonitor] -     WARNING (CMI-2425): I7.I0.C0<0>_dummy: `Noff' = 4.732 is unusually large. {"history": "MonteCarlo.6", "point": 116, "testname": "PTAT_MC", "cornername": "Nominal"}
[2026-06-01 14:25:08.809 Z] [WARN] [cadence.virtuoso.ade.simulationMonitor] -     WARNING (CMI-2424): I7.I0.C0<0>_dummy: `Voffcv' = -867.4e-03 is unusually small. {"history": "MonteCarlo.6", "point": 116, "testname": "PTAT_MC", "cornername": "Nominal"}
[2026-06-01 14:25:08.809 Z] [WARN] [cadence.virtuoso.ade.simulationMonitor] -     WARNING (CMI-2425): I7.I3.C1<0>_dummy: `Acde' = 2.393 is unusually large. {"history": "MonteCarlo.6", "point": 116, "testname": "PTAT_MC", "cornername": "Nominal"}
[2026-06-01 14:25:08.809 Z] [WARN] [cadence.virtuoso.ade.simulationMonitor] -     WARNING (CMI-2425): I7.I3.C1<0>_dummy: `Noff' = 4.732 is unusually large. {"history": "MonteCarlo.6", "point": 116, "testname": "PTAT_MC", "cornername": "Nominal"}
[2026-06-01 14:25:08.809 Z] [WARN] [cadence.virtuoso.ade.simulationMonitor] -     WARNING (CMI-2424): I7.I3.C1<0>_dummy: `Voffcv' = -867.4e-03 is unusually small. {"history": "MonteCarlo.6", "point": 116, "testname": "PTAT_MC", "cornername": "Nominal"}
[2026-06-01 14:25:08.810 Z] [WARN] [cadence.virtuoso.ade.simulationMonitor] -     WARNING (CMI-2425): I7.I4.C1<0>_dummy: `Acde' = 2.393 is unusually large.
        Further occurrences of this warning will be suppressed. {"history": "MonteCarlo.6", "point": 116, "testname": "PTAT_MC", "cornername": "Nominal"}
[2026-06-01 14:25:08.810 Z] [WARN] [cadence.virtuoso.ade.simulationMonitor] -     WARNING (CMI-2424): I7.I4.C1<0>_dummy: `Voffcv' = -867.4e-03 is unusually small. {"history": "MonteCarlo.6", "point": 116, "testname": "PTAT_MC", "cornername": "Nominal"}
[2026-06-01 14:25:08.810 Z] [INFO] [cadence.virtuoso.ade.simulationMonitor] - Notice from spectre during Monte Carlo analysis `mc1'.
    1 warning suppressed. {"history": "MonteCarlo.6", "point": 116, "testname": "PTAT_MC", "cornername": "Nominal"}
[2026-06-01 14:25:08.810 Z] [INFO] [cadence.virtuoso.ade.simulationMonitor] - Notice from spectre in `rpoly1c':`I0.I46.RLIB_GC1', in `AGND3ALLP':`I0.I46', in `IO_RING_S_VH':`I0', during Monte Carlo analysis `mc1'.
    I0.I46.RLIB_GC1.CS0 of rpoly1c: `c' has the unusually small value of 634.694e-21 F.
    I0.I46.RLIB_GC1.CS1 of rpoly1c: `c' has the unusually small value of 634.694e-21 F. {"history": "MonteCarlo.6", "point": 116, "testname": "PTAT_MC", "cornername": "Nominal"}
[2026-06-01 14:25:08.810 Z] [INFO] [cadence.virtuoso.ade.simulationMonitor] - Notice from spectre in `rpoly1c':`I0.I45.RLIB_GC1', in `AVDD3ALLP':`I0.I45', in `IO_RING_S_VH':`I0', during Monte Carlo analysis `mc1'.
    I0.I45.RLIB_GC1.CS0 of rpoly1c: `c' has the unusually small value of 634.694e-21 F.
    I0.I45.RLIB_GC1.CS1 of rpoly1c: `c' has the unusually small value of 634.694e-21 F. {"history": "MonteCarlo.6", "point": 116, "testname": "PTAT_MC", "cornername": "Nominal"}
[2026-06-01 14:25:08.811 Z] [INFO] [cadence.virtuoso.ade.simulationMonitor] - Notice from spectre in `rpoly1c':`I0.I20.RLIB_GC1', in `VDD3RP':`I0.I20', in `IO_RING_S_VH':`I0', during Monte Carlo analysis `mc1'.
    I0.I20.RLIB_GC1.CS0 of rpoly1c: `c' has the unusually small value of 634.694e-21 F.
        Further occurrences of this notice will be suppressed. {"history": "MonteCarlo.6", "point": 116, "testname": "PTAT_MC", "cornername": "Nominal"}
[2026-06-01 14:25:08.811 Z] [INFO] [cadence.virtuoso.ade.simulationMonitor] - Notice from spectre during Monte Carlo analysis `mc1'.
    V8: `period' has the unusually large value of 100 s.
    V7: `period' has the unusually large value of 10 s.
    V3: `period' has the unusually large value of 6 s.
    I26: `period' has the unusually large value of 6 s. {"history": "MonteCarlo.6", "point": 116, "testname": "PTAT_MC", "cornername": "Nominal"}
[2026-06-01 14:25:08.811 Z] [PROCESS] [cadence.virtuoso.ade.simulationMonitor] - Finished simulating for one iteration {"hostname": "il2244vt26_hrahimi", "processid": 1499097, "history": "MonteCarlo.6", "testname": "PTAT_MC", "cornername": "Nominal", "point": 116, "logfile": "/home/hrahimi/projects/POTENTIOSTAT_26/logs_hrahimi/logs0/Job93.log", "simid": "1"}
[2026-06-01 14:25:08.811 Z] [PROCESS] [cadence.virtuoso.ade.simulationMonitor] - Started Simulation {"hostname": "il2244vt26_hrahimi", "processid": 1499097, "history": "MonteCarlo.6", "testname": "PTAT_MC", "cornername": "Nominal", "point": 117, "logfile": "/home/hrahimi/projects/POTENTIOSTAT_26/logs_hrahimi/logs0/Job93.log", "event": "started", "task": "simulation"}
[2026-06-01 14:25:09.312 Z] [WARN] [cadence.virtuoso.ade.simulationMonitor] -     WARNING (CMI-2425): I7.I4.C1<0>_turbo_m11: `Acde' = 2.393 is unusually large. {"history": "MonteCarlo.6", "point": 117, "testname": "PTAT_MC", "cornername": "Nominal"}
[2026-06-01 14:25:09.312 Z] [WARN] [cadence.virtuoso.ade.simulationMonitor] -     WARNING (CMI-2425): I7.I4.C1<0>_turbo_m11: `Noff' = 4.732 is unusually large. {"history": "MonteCarlo.6", "point": 117, "testname": "PTAT_MC", "cornername": "Nominal"}
[2026-06-01 14:25:09.312 Z] [WARN] [cadence.virtuoso.ade.simulationMonitor] -     WARNING (CMI-2424): I7.I4.C1<0>_turbo_m11: `Voffcv' = -867.4e-03 is unusually small. {"history": "MonteCarlo.6", "point": 117, "testname": "PTAT_MC", "cornername": "Nominal"}
[2026-06-01 14:25:09.312 Z] [WARN] [cadence.virtuoso.ade.simulationMonitor] -     WARNING (CMI-2425): I7.I3.C1<0>_turbo_m6: `Acde' = 2.393 is unusually large. {"history": "MonteCarlo.6", "point": 117, "testname": "PTAT_MC", "cornername": "Nominal"}
[2026-06-01 14:25:09.313 Z] [WARN] [cadence.virtuoso.ade.simulationMonitor] -     WARNING (CMI-2425): I7.I3.C1<0>_turbo_m6: `Noff' = 4.732 is unusually large. {"history": "MonteCarlo.6", "point": 117, "testname": "PTAT_MC", "cornername": "Nominal"}
[2026-06-01 14:25:09.313 Z] [WARN] [cadence.virtuoso.ade.simulationMonitor] -     WARNING (CMI-2424): I7.I3.C1<0>_turbo_m6: `Voffcv' = -867.4e-03 is unusually small. {"history": "MonteCarlo.6", "point": 117, "testname": "PTAT_MC", "cornername": "Nominal"}
[2026-06-01 14:25:09.313 Z] [WARN] [cadence.virtuoso.ade.simulationMonitor] -     WARNING (CMI-2425): I7.I0.C0<0>_turbo_m6: `Acde' = 2.393 is unusually large.
        Further occurrences of this warning will be suppressed. {"history": "MonteCarlo.6", "point": 117, "testname": "PTAT_MC", "cornername": "Nominal"}
[2026-06-01 14:25:09.314 Z] [WARN] [cadence.virtuoso.ade.simulationMonitor] -     WARNING (CMI-2424): I7.I0.C0<0>_turbo_m6: `Voffcv' = -867.4e-03 is unusually small. {"history": "MonteCarlo.6", "point": 117, "testname": "PTAT_MC", "cornername": "Nominal"}
[2026-06-01 14:25:09.314 Z] [WARN] [cadence.virtuoso.ade.simulationMonitor] -     WARNING (CMI-2424): I7.I0.C2: `Voffcv' = -867.4e-03 is unusually small. {"history": "MonteCarlo.6", "point": 117, "testname": "PTAT_MC", "cornername": "Nominal"}
[2026-06-01 14:25:09.314 Z] [WARN] [cadence.virtuoso.ade.simulationMonitor] -     WARNING (CMI-2424): I7.I0.C1: `Voffcv' = -867.4e-03 is unusually small.
        Further occurrences of this warning will be suppressed. {"history": "MonteCarlo.6", "point": 117, "testname": "PTAT_MC", "cornername": "Nominal"}
[2026-06-01 14:25:09.314 Z] [WARN] [cadence.virtuoso.ade.simulationMonitor] -     WARNING (CMI-2943): Parameter checks have been ignored because the valid value for parameter 'trise' could not be found in 'C0'. {"history": "MonteCarlo.6", "point": 117, "testname": "PTAT_MC", "cornername": "Nominal"}
[2026-06-01 14:25:09.314 Z] [WARN] [cadence.virtuoso.ade.simulationMonitor] -     WARNING (CMI-2943): Parameter checks have been ignored because the valid value for parameter 'trise' could not be found in 'C1'. {"history": "MonteCarlo.6", "point": 117, "testname": "PTAT_MC", "cornername": "Nominal"}
[2026-06-01 14:25:09.315 Z] [WARN] [cadence.virtuoso.ade.simulationMonitor] -     WARNING (CMI-2943): Parameter checks have been ignored because the valid value for parameter 'trise' could not be found in 'C11'. {"history": "MonteCarlo.6", "point": 117, "testname": "PTAT_MC", "cornername": "Nominal"}
[2026-06-01 14:25:09.315 Z] [WARN] [cadence.virtuoso.ade.simulationMonitor] -     WARNING (CMI-2943): Parameter checks have been ignored because the valid value for parameter 'trise' could not be found in 'C12'. {"history": "MonteCarlo.6", "point": 117, "testname": "PTAT_MC", "cornername": "Nominal"}
[2026-06-01 14:25:09.316 Z] [WARN] [cadence.virtuoso.ade.simulationMonitor] -     WARNING (CMI-2943): Parameter checks have been ignored because the valid value for parameter 'trise' could not be found in 'C5'.
        Further occurrences of this warning will be suppressed. {"history": "MonteCarlo.6", "point": 117, "testname": "PTAT_MC", "cornername": "Nominal"}
[2026-06-01 14:25:09.316 Z] [INFO] [cadence.virtuoso.ade.simulationMonitor] - Notice from spectre during check, during DC analysis `dcOp', during Monte Carlo analysis `mc1'.
    I0.I3.RLIB_GC1 of rdiffp3: `ig' has the unusually large value of -89.0477 A.
        Further occurrences of this notice will be suppressed. {"history": "MonteCarlo.6", "point": 117, "testname": "PTAT_MC", "cornername": "Nominal"}
[2026-06-01 14:25:09.316 Z] [INFO] [cadence.virtuoso.ade.simulationMonitor] - Total time required for dc analysis `dcOp': CPU = 1.2521 s, elapsed = 425.654 ms, util. = 294%. {"history": "MonteCarlo.6", "point": 117, "testname": "PTAT_MC", "cornername": "Nominal"}
[2026-06-01 14:25:09.316 Z] [INFO] [cadence.virtuoso.ade.simulationMonitor] - Peak resident memory used = 390 Mbytes. {"history": "MonteCarlo.6", "point": 117, "testname": "PTAT_MC", "cornername": "Nominal"}
[2026-06-01 14:25:09.317 Z] [INFO] [cadence.virtuoso.ade.simulationMonitor] - Notice from spectre during Monte Carlo analysis `mc1'.
    26 notices suppressed.
    1059 warnings suppressed. {"history": "MonteCarlo.6", "point": 117, "testname": "PTAT_MC", "cornername": "Nominal"}
[2026-06-01 14:25:09.317 Z] [WARN] [cadence.virtuoso.ade.simulationMonitor] -     WARNING (CMI-2425): I7.I0.C0<0>_dummy: `Acde' = 2.393 is unusually large. {"history": "MonteCarlo.6", "point": 117, "testname": "PTAT_MC", "cornername": "Nominal"}
[2026-06-01 14:25:09.317 Z] [WARN] [cadence.virtuoso.ade.simulationMonitor] -     WARNING (CMI-2425): I7.I0.C0<0>_dummy: `Noff' = 4.732 is unusually large. {"history": "MonteCarlo.6", "point": 117, "testname": "PTAT_MC", "cornername": "Nominal"}
[2026-06-01 14:25:09.317 Z] [WARN] [cadence.virtuoso.ade.simulationMonitor] -     WARNING (CMI-2424): I7.I0.C0<0>_dummy: `Voffcv' = -867.4e-03 is unusually small. {"history": "MonteCarlo.6", "point": 117, "testname": "PTAT_MC", "cornername": "Nominal"}
[2026-06-01 14:25:09.317 Z] [WARN] [cadence.virtuoso.ade.simulationMonitor] -     WARNING (CMI-2425): I7.I3.C1<0>_dummy: `Acde' = 2.393 is unusually large. {"history": "MonteCarlo.6", "point": 117, "testname": "PTAT_MC", "cornername": "Nominal"}
[2026-06-01 14:25:09.317 Z] [WARN] [cadence.virtuoso.ade.simulationMonitor] -     WARNING (CMI-2425): I7.I3.C1<0>_dummy: `Noff' = 4.732 is unusually large. {"history": "MonteCarlo.6", "point": 117, "testname": "PTAT_MC", "cornername": "Nominal"}
[2026-06-01 14:25:09.318 Z] [WARN] [cadence.virtuoso.ade.simulationMonitor] -     WARNING (CMI-2424): I7.I3.C1<0>_dummy: `Voffcv' = -867.4e-03 is unusually small. {"history": "MonteCarlo.6", "point": 117, "testname": "PTAT_MC", "cornername": "Nominal"}
[2026-06-01 14:25:09.318 Z] [WARN] [cadence.virtuoso.ade.simulationMonitor] -     WARNING (CMI-2425): I7.I4.C1<0>_dummy: `Acde' = 2.393 is unusually large.
        Further occurrences of this warning will be suppressed. {"history": "MonteCarlo.6", "point": 117, "testname": "PTAT_MC", "cornername": "Nominal"}
[2026-06-01 14:25:09.318 Z] [WARN] [cadence.virtuoso.ade.simulationMonitor] -     WARNING (CMI-2424): I7.I4.C1<0>_dummy: `Voffcv' = -867.4e-03 is unusually small. {"history": "MonteCarlo.6", "point": 117, "testname": "PTAT_MC", "cornername": "Nominal"}
[2026-06-01 14:25:09.318 Z] [INFO] [cadence.virtuoso.ade.simulationMonitor] - Notice from spectre during Monte Carlo analysis `mc1'.
    1 warning suppressed. {"history": "MonteCarlo.6", "point": 117, "testname": "PTAT_MC", "cornername": "Nominal"}
[2026-06-01 14:25:09.819 Z] [WARN] [cadence.virtuoso.ade.simulationMonitor] -     WARNING (CMI-2425): I2.I25.I33.C0: `Acde' = 2.393 is unusually large. {"history": "MonteCarlo.6", "point": 117, "testname": "PTAT_MC", "cornername": "Nominal"}
[2026-06-01 14:25:09.820 Z] [WARN] [cadence.virtuoso.ade.simulationMonitor] -     WARNING (CMI-2425): I2.I25.I33.C0: `Noff' = 4.732 is unusually large. {"history": "MonteCarlo.6", "point": 117, "testname": "PTAT_MC", "cornername": "Nominal"}
[2026-06-01 14:25:09.820 Z] [WARN] [cadence.virtuoso.ade.simulationMonitor] -     WARNING (CMI-2424): I2.I25.I33.C0: `Voffcv' = -867.4e-03 is unusually small. {"history": "MonteCarlo.6", "point": 117, "testname": "PTAT_MC", "cornername": "Nominal"}
[2026-06-01 14:25:09.820 Z] [WARN] [cadence.virtuoso.ade.simulationMonitor] -     WARNING (CMI-2425): I7.I4.C1<0>_turbo_m11: `Acde' = 2.393 is unusually large. {"history": "MonteCarlo.6", "point": 117, "testname": "PTAT_MC", "cornername": "Nominal"}
[2026-06-01 14:25:09.820 Z] [WARN] [cadence.virtuoso.ade.simulationMonitor] -     WARNING (CMI-2425): I7.I4.C1<0>_turbo_m11: `Noff' = 4.732 is unusually large. {"history": "MonteCarlo.6", "point": 117, "testname": "PTAT_MC", "cornername": "Nominal"}
[2026-06-01 14:25:09.821 Z] [WARN] [cadence.virtuoso.ade.simulationMonitor] -     WARNING (CMI-2424): I7.I4.C1<0>_turbo_m11: `Voffcv' = -867.4e-03 is unusually small. {"history": "MonteCarlo.6", "point": 117, "testname": "PTAT_MC", "cornername": "Nominal"}
[2026-06-01 14:25:09.821 Z] [WARN] [cadence.virtuoso.ade.simulationMonitor] -     WARNING (CMI-2425): I7.I3.C1<0>_turbo_m6: `Acde' = 2.393 is unusually large.
        Further occurrences of this warning will be suppressed. {"history": "MonteCarlo.6", "point": 117, "testname": "PTAT_MC", "cornername": "Nominal"}
[2026-06-01 14:25:09.821 Z] [WARN] [cadence.virtuoso.ade.simulationMonitor] -     WARNING (CMI-2424): I7.I3.C1<0>_turbo_m6: `Voffcv' = -867.4e-03 is unusually small. {"history": "MonteCarlo.6", "point": 117, "testname": "PTAT_MC", "cornername": "Nominal"}
[2026-06-01 14:25:09.821 Z] [WARN] [cadence.virtuoso.ade.simulationMonitor] -     WARNING (CMI-2424): I7.I0.C0<0>_turbo_m6: `Voffcv' = -867.4e-03 is unusually small. {"history": "MonteCarlo.6", "point": 117, "testname": "PTAT_MC", "cornername": "Nominal"}
[2026-06-01 14:25:09.821 Z] [WARN] [cadence.virtuoso.ade.simulationMonitor] -     WARNING (CMI-2424): I7.I0.C2: `Voffcv' = -867.4e-03 is unusually small.
        Further occurrences of this warning will be suppressed. {"history": "MonteCarlo.6", "point": 117, "testname": "PTAT_MC", "cornername": "Nominal"}
[2026-06-01 14:25:10.322 Z] [INFO] [cadence.virtuoso.ade.simulationMonitor] - Notice from spectre at temp = -40 C during DC analysis `dc', during Monte Carlo analysis `mc1'.
    Bad pivoting is found during DC analysis. Option dc_pivot_check=yes is recommended for possible improvement of convergence. {"history": "MonteCarlo.6", "point": 117, "testname": "PTAT_MC", "cornername": "Nominal"}
[2026-06-01 14:25:10.322 Z] [INFO] [cadence.virtuoso.ade.simulationMonitor] - Notice from spectre at temp = -39 C during DC analysis `dc', during Monte Carlo analysis `mc1'.
    Bad pivoting is found during DC analysis. Option dc_pivot_check=yes is recommended for possible improvement of convergence. {"history": "MonteCarlo.6", "point": 117, "testname": "PTAT_MC", "cornername": "Nominal"}
[2026-06-01 14:25:10.322 Z] [INFO] [cadence.virtuoso.ade.simulationMonitor] - Notice from spectre at temp = -38 C during DC analysis `dc', during Monte Carlo analysis `mc1'.
    Bad pivoting is found during DC analysis. Option dc_pivot_check=yes is recommended for possible improvement of convergence. {"history": "MonteCarlo.6", "point": 117, "testname": "PTAT_MC", "cornername": "Nominal"}
[2026-06-01 14:25:10.323 Z] [INFO] [cadence.virtuoso.ade.simulationMonitor] - Notice from spectre at temp = -37 C during DC analysis `dc', during Monte Carlo analysis `mc1'.
    Bad pivoting is found during DC analysis. Option dc_pivot_check=yes is recommended for possible improvement of convergence. {"history": "MonteCarlo.6", "point": 117, "testname": "PTAT_MC", "cornername": "Nominal"}
[2026-06-01 14:25:10.323 Z] [INFO] [cadence.virtuoso.ade.simulationMonitor] - Notice from spectre at temp = -36 C during DC analysis `dc', during Monte Carlo analysis `mc1'.
    Bad pivoting is found during DC analysis. Option dc_pivot_check=yes is recommended for possible improvement of convergence.
        Further occurrences of this notice will be suppressed. {"history": "MonteCarlo.6", "point": 117, "testname": "PTAT_MC", "cornername": "Nominal"}
[2026-06-01 14:25:16.328 Z] [WARN] [cadence.virtuoso.ade.simulationMonitor] -     WARNING (CMI-2943): Parameter checks have been ignored because the valid value for parameter 'trise' could not be found in 'C0'. {"history": "MonteCarlo.6", "point": 117, "testname": "PTAT_MC", "cornername": "Nominal"}
[2026-06-01 14:25:16.328 Z] [WARN] [cadence.virtuoso.ade.simulationMonitor] -     WARNING (CMI-2943): Parameter checks have been ignored because the valid value for parameter 'trise' could not be found in 'C1'. {"history": "MonteCarlo.6", "point": 117, "testname": "PTAT_MC", "cornername": "Nominal"}
[2026-06-01 14:25:16.329 Z] [WARN] [cadence.virtuoso.ade.simulationMonitor] -     WARNING (CMI-2943): Parameter checks have been ignored because the valid value for parameter 'trise' could not be found in 'C11'. {"history": "MonteCarlo.6", "point": 117, "testname": "PTAT_MC", "cornername": "Nominal"}
[2026-06-01 14:25:16.329 Z] [WARN] [cadence.virtuoso.ade.simulationMonitor] -     WARNING (CMI-2943): Parameter checks have been ignored because the valid value for parameter 'trise' could not be found in 'C12'. {"history": "MonteCarlo.6", "point": 117, "testname": "PTAT_MC", "cornername": "Nominal"}
[2026-06-01 14:25:16.329 Z] [WARN] [cadence.virtuoso.ade.simulationMonitor] -     WARNING (CMI-2943): Parameter checks have been ignored because the valid value for parameter 'trise' could not be found in 'C5'.
        Further occurrences of this warning will be suppressed. {"history": "MonteCarlo.6", "point": 117, "testname": "PTAT_MC", "cornername": "Nominal"}
[2026-06-01 14:25:16.329 Z] [INFO] [cadence.virtuoso.ade.simulationMonitor] - Notice from spectre at temp = 85 C during check, during DC analysis `dc', during Monte Carlo analysis `mc1'.
    I0.I3.RLIB_GC1 of rdiffp3: `ig' has the unusually large value of -76.2502 A.
    I0.I3.RLIB_GC2 of rdiffp3: `ig' has the unusually large value of -76.2502 A. {"history": "MonteCarlo.6", "point": 117, "testname": "PTAT_MC", "cornername": "Nominal"}
[2026-06-01 14:25:16.330 Z] [INFO] [cadence.virtuoso.ade.simulationMonitor] - Notice from spectre at temp = 85 C during DC analysis `dc', during Monte Carlo analysis `mc1'.
    The value of parameter 'temp' has been reset to the original value 27. {"history": "MonteCarlo.6", "point": 117, "testname": "PTAT_MC", "cornername": "Nominal"}
[2026-06-01 14:25:16.330 Z] [INFO] [cadence.virtuoso.ade.simulationMonitor] - Total time required for dc analysis `dc': CPU = 8.97025 s, elapsed = 6.75459 s, util. = 133%. {"history": "MonteCarlo.6", "point": 117, "testname": "PTAT_MC", "cornername": "Nominal"}
[2026-06-01 14:25:16.330 Z] [INFO] [cadence.virtuoso.ade.simulationMonitor] - Peak resident memory used = 394 Mbytes. {"history": "MonteCarlo.6", "point": 117, "testname": "PTAT_MC", "cornername": "Nominal"}
[2026-06-01 14:25:16.330 Z] [INFO] [cadence.virtuoso.ade.simulationMonitor] - Notice from spectre during Monte Carlo analysis `mc1'.
    121 notices suppressed.
    8649 warnings suppressed. {"history": "MonteCarlo.6", "point": 117, "testname": "PTAT_MC", "cornername": "Nominal"}
[2026-06-01 14:25:16.330 Z] [WARN] [cadence.virtuoso.ade.simulationMonitor] -     WARNING (CMI-2425): I7.I4.C1<0>_turbo_m11: `Acde' = 2.393 is unusually large. {"history": "MonteCarlo.6", "point": 117, "testname": "PTAT_MC", "cornername": "Nominal"}
[2026-06-01 14:25:16.331 Z] [WARN] [cadence.virtuoso.ade.simulationMonitor] -     WARNING (CMI-2425): I7.I4.C1<0>_turbo_m11: `Noff' = 4.732 is unusually large. {"history": "MonteCarlo.6", "point": 117, "testname": "PTAT_MC", "cornername": "Nominal"}
[2026-06-01 14:25:16.331 Z] [WARN] [cadence.virtuoso.ade.simulationMonitor] -     WARNING (CMI-2424): I7.I4.C1<0>_turbo_m11: `Voffcv' = -867.4e-03 is unusually small. {"history": "MonteCarlo.6", "point": 117, "testname": "PTAT_MC", "cornername": "Nominal"}
[2026-06-01 14:25:16.331 Z] [WARN] [cadence.virtuoso.ade.simulationMonitor] -     WARNING (CMI-2425): I7.I3.C1<0>_turbo_m6: `Acde' = 2.393 is unusually large. {"history": "MonteCarlo.6", "point": 117, "testname": "PTAT_MC", "cornername": "Nominal"}
[2026-06-01 14:25:16.331 Z] [WARN] [cadence.virtuoso.ade.simulationMonitor] -     WARNING (CMI-2425): I7.I3.C1<0>_turbo_m6: `Noff' = 4.732 is unusually large. {"history": "MonteCarlo.6", "point": 117, "testname": "PTAT_MC", "cornername": "Nominal"}
[2026-06-01 14:25:16.331 Z] [WARN] [cadence.virtuoso.ade.simulationMonitor] -     WARNING (CMI-2424): I7.I3.C1<0>_turbo_m6: `Voffcv' = -867.4e-03 is unusually small. {"history": "MonteCarlo.6", "point": 117, "testname": "PTAT_MC", "cornername": "Nominal"}
[2026-06-01 14:25:16.332 Z] [WARN] [cadence.virtuoso.ade.simulationMonitor] -     WARNING (CMI-2425): I7.I0.C0<0>_turbo_m6: `Acde' = 2.393 is unusually large.
        Further occurrences of this warning will be suppressed. {"history": "MonteCarlo.6", "point": 117, "testname": "PTAT_MC", "cornername": "Nominal"}
[2026-06-01 14:25:16.332 Z] [WARN] [cadence.virtuoso.ade.simulationMonitor] -     WARNING (CMI-2424): I7.I0.C0<0>_turbo_m6: `Voffcv' = -867.4e-03 is unusually small. {"history": "MonteCarlo.6", "point": 117, "testname": "PTAT_MC", "cornername": "Nominal"}
[2026-06-01 14:25:16.332 Z] [WARN] [cadence.virtuoso.ade.simulationMonitor] -     WARNING (CMI-2424): I7.I0.C2: `Voffcv' = -867.4e-03 is unusually small. {"history": "MonteCarlo.6", "point": 117, "testname": "PTAT_MC", "cornername": "Nominal"}
[2026-06-01 14:25:16.332 Z] [WARN] [cadence.virtuoso.ade.simulationMonitor] -     WARNING (CMI-2424): I7.I0.C1: `Voffcv' = -867.4e-03 is unusually small.
        Further occurrences of this warning will be suppressed. {"history": "MonteCarlo.6", "point": 117, "testname": "PTAT_MC", "cornername": "Nominal"}
[2026-06-01 14:25:16.833 Z] [WARN] [cadence.virtuoso.ade.simulationMonitor] -     WARNING (CMI-2943): Parameter checks have been ignored because the valid value for parameter 'trise' could not be found in 'C0'. {"history": "MonteCarlo.6", "point": 117, "testname": "PTAT_MC", "cornername": "Nominal"}
[2026-06-01 14:25:16.834 Z] [WARN] [cadence.virtuoso.ade.simulationMonitor] -     WARNING (CMI-2943): Parameter checks have been ignored because the valid value for parameter 'trise' could not be found in 'C1'. {"history": "MonteCarlo.6", "point": 117, "testname": "PTAT_MC", "cornername": "Nominal"}
[2026-06-01 14:25:16.834 Z] [WARN] [cadence.virtuoso.ade.simulationMonitor] -     WARNING (CMI-2943): Parameter checks have been ignored because the valid value for parameter 'trise' could not be found in 'C11'. {"history": "MonteCarlo.6", "point": 117, "testname": "PTAT_MC", "cornername": "Nominal"}
[2026-06-01 14:25:16.834 Z] [WARN] [cadence.virtuoso.ade.simulationMonitor] -     WARNING (CMI-2943): Parameter checks have been ignored because the valid value for parameter 'trise' could not be found in 'C12'. {"history": "MonteCarlo.6", "point": 117, "testname": "PTAT_MC", "cornername": "Nominal"}
[2026-06-01 14:25:16.834 Z] [WARN] [cadence.virtuoso.ade.simulationMonitor] -     WARNING (CMI-2943): Parameter checks have been ignored because the valid value for parameter 'trise' could not be found in 'C5'.
        Further occurrences of this warning will be suppressed. {"history": "MonteCarlo.6", "point": 117, "testname": "PTAT_MC", "cornername": "Nominal"}
[2026-06-01 14:25:16.834 Z] [INFO] [cadence.virtuoso.ade.simulationMonitor] - Notice from spectre at freq = 0 Hz during check, during DC analysis, during XF analysis `xf', during Monte Carlo analysis `mc1'.
    I0.I3.RLIB_GC1 of rdiffp3: `ig' has the unusually large value of -89.0477 A.
    I0.I3.RLIB_GC2 of rdiffp3: `ig' has the unusually large value of -89.0477 A. {"history": "MonteCarlo.6", "point": 117, "testname": "PTAT_MC", "cornername": "Nominal"}
[2026-06-01 14:25:16.835 Z] [WARN] [cadence.virtuoso.ade.simulationMonitor] -     WARNING (SPECTRE-17192): 
        Tolerance relaxation is used during DC simulation which may affect the accuracy of the result. This is mainly caused by the high impedance nodes in the circuit. Use the dyn_highz check to determine the high impedance nodes. Setting/assigning appropriate initial values to these nodes will usually help to improve both performance and accuracy of DC simulations. {"history": "MonteCarlo.6", "point": 117, "testname": "PTAT_MC", "cornername": "Nominal"}
[2026-06-01 14:25:16.835 Z] [INFO] [cadence.virtuoso.ade.simulationMonitor] - Total time required for xf analysis `xf': CPU = 1.83917 s, elapsed = 481.751 ms, util. = 382%. {"history": "MonteCarlo.6", "point": 117, "testname": "PTAT_MC", "cornername": "Nominal"}
[2026-06-01 14:25:16.835 Z] [INFO] [cadence.virtuoso.ade.simulationMonitor] - Peak resident memory used = 396 Mbytes. {"history": "MonteCarlo.6", "point": 117, "testname": "PTAT_MC", "cornername": "Nominal"}
[2026-06-01 14:25:16.835 Z] [INFO] [cadence.virtuoso.ade.simulationMonitor] - Notice from spectre during XF analysis `xf', during Monte Carlo analysis `mc1'.
    1059 warnings suppressed. {"history": "MonteCarlo.6", "point": 117, "testname": "PTAT_MC", "cornername": "Nominal"}
[2026-06-01 14:25:16.835 Z] [WARN] [cadence.virtuoso.ade.simulationMonitor] -     WARNING (CMI-2425): I7.I0.C0<0>_dummy: `Acde' = 2.393 is unusually large. {"history": "MonteCarlo.6", "point": 117, "testname": "PTAT_MC", "cornername": "Nominal"}
[2026-06-01 14:25:16.835 Z] [WARN] [cadence.virtuoso.ade.simulationMonitor] -     WARNING (CMI-2425): I7.I0.C0<0>_dummy: `Noff' = 4.732 is unusually large. {"history": "MonteCarlo.6", "point": 117, "testname": "PTAT_MC", "cornername": "Nominal"}
[2026-06-01 14:25:16.836 Z] [WARN] [cadence.virtuoso.ade.simulationMonitor] -     WARNING (CMI-2424): I7.I0.C0<0>_dummy: `Voffcv' = -867.4e-03 is unusually small. {"history": "MonteCarlo.6", "point": 117, "testname": "PTAT_MC", "cornername": "Nominal"}
[2026-06-01 14:25:16.836 Z] [WARN] [cadence.virtuoso.ade.simulationMonitor] -     WARNING (CMI-2425): I7.I3.C1<0>_dummy: `Acde' = 2.393 is unusually large. {"history": "MonteCarlo.6", "point": 117, "testname": "PTAT_MC", "cornername": "Nominal"}
[2026-06-01 14:25:16.836 Z] [WARN] [cadence.virtuoso.ade.simulationMonitor] -     WARNING (CMI-2425): I7.I3.C1<0>_dummy: `Noff' = 4.732 is unusually large. {"history": "MonteCarlo.6", "point": 117, "testname": "PTAT_MC", "cornername": "Nominal"}
[2026-06-01 14:25:16.836 Z] [WARN] [cadence.virtuoso.ade.simulationMonitor] -     WARNING (CMI-2424): I7.I3.C1<0>_dummy: `Voffcv' = -867.4e-03 is unusually small. {"history": "MonteCarlo.6", "point": 117, "testname": "PTAT_MC", "cornername": "Nominal"}
[2026-06-01 14:25:16.836 Z] [WARN] [cadence.virtuoso.ade.simulationMonitor] -     WARNING (CMI-2425): I7.I4.C1<0>_dummy: `Acde' = 2.393 is unusually large.
        Further occurrences of this warning will be suppressed. {"history": "MonteCarlo.6", "point": 117, "testname": "PTAT_MC", "cornername": "Nominal"}
[2026-06-01 14:25:16.836 Z] [WARN] [cadence.virtuoso.ade.simulationMonitor] -     WARNING (CMI-2424): I7.I4.C1<0>_dummy: `Voffcv' = -867.4e-03 is unusually small. {"history": "MonteCarlo.6", "point": 117, "testname": "PTAT_MC", "cornername": "Nominal"}
[2026-06-01 14:25:16.837 Z] [INFO] [cadence.virtuoso.ade.simulationMonitor] - Notice from spectre during Monte Carlo analysis `mc1'.
    1 warning suppressed. {"history": "MonteCarlo.6", "point": 117, "testname": "PTAT_MC", "cornername": "Nominal"}
[2026-06-01 14:25:16.837 Z] [PROCESS] [cadence.virtuoso.ade.simulationMonitor] - Finished simulating for one iteration {"hostname": "il2244vt26_hrahimi", "processid": 1499097, "history": "MonteCarlo.6", "testname": "PTAT_MC", "cornername": "Nominal", "point": 117, "logfile": "/home/hrahimi/projects/POTENTIOSTAT_26/logs_hrahimi/logs0/Job93.log", "simid": "1"}
[2026-06-01 14:25:17.338 Z] [INFO] [cadence.virtuoso.ade.simulationMonitor] - Total time required for montecarlo analysis `mc1': CPU = 160.119 s (2m  40.1s), elapsed = 114.369 s (1m  54.4s), util. = 140%. {"history": "MonteCarlo.6", "point": 117, "testname": "PTAT_MC", "cornername": "Nominal"}
[2026-06-01 14:25:17.338 Z] [INFO] [cadence.virtuoso.ade.simulationMonitor] - Peak resident memory used = 397 Mbytes. {"history": "MonteCarlo.6", "point": 117, "testname": "PTAT_MC", "cornername": "Nominal"}
[2026-06-01 14:25:17.338 Z] [INFO] [cadence.virtuoso.ade.simulationMonitor] - Time used: CPU = 161 s (2m  41.2s), elapsed = 117 s (1m  56.6s), util. = 138%. {"history": "MonteCarlo.6", "point": 117, "testname": "PTAT_MC", "cornername": "Nominal"}
[2026-06-01 14:25:17.338 Z] [INFO] [cadence.virtuoso.ade.simulationMonitor] - Time spent in licensing: elapsed = 85 ms. {"history": "MonteCarlo.6", "point": 117, "testname": "PTAT_MC", "cornername": "Nominal"}
[2026-06-01 14:25:17.339 Z] [INFO] [cadence.virtuoso.ade.simulationMonitor] - Peak memory used = 398 Mbytes. {"history": "MonteCarlo.6", "point": 117, "testname": "PTAT_MC", "cornername": "Nominal"}
[2026-06-01 14:25:17.340 Z] [PROCESS] [cadence.virtuoso.ade.simulationMonitor] - Simulation started at: 2:23:20 PM, Mon Jun 1, 2026, ended at: 2:25:16 PM, Mon Jun 1, 2026, with elapsed time (wall clock): 117 s (1m  56.6s). {"history": "MonteCarlo.6", "point": 105, "testname": "PTAT_MC", "cornername": "Nominal", "Points": "105 106 107 108 109 110 111 112 113 114 115 116 117 "}
[2026-06-01 14:25:17.341 Z] [PROCESS] [cadence.virtuoso.ade.simulationMonitor] - spectre completes with 0 errors, 842 warnings, and 372 notices. {"history": "MonteCarlo.6", "point": 105, "testname": "PTAT_MC", "cornername": "Nominal", "Points": "105 106 107 108 109 110 111 112 113 114 115 116 117 "}
[2026-06-01 14:25:17.341 Z] [PROCESS] [cadence.virtuoso.ade.simulationMonitor] - Simulator exited {"hostname": "il2244vt26_hrahimi", "processid": 1499097, "history": "MonteCarlo.6", "testname": "PTAT_MC", "cornername": "Nominal", "point": 117, "logfile": "/home/hrahimi/projects/POTENTIOSTAT_26/logs_hrahimi/logs0/Job93.log", "exitStatus": "0"}
[2026-06-01 14:25:17.341 Z] [PROCESS] [cadence.virtuoso.ade.simulationMonitor] - Finished Simulation {"hostname": "il2244vt26_hrahimi", "processid": 1499097, "history": "MonteCarlo.6", "testname": "PTAT_MC", "cornername": "Nominal", "point": 105, "logfile": "/home/hrahimi/projects/POTENTIOSTAT_26/logs_hrahimi/logs0/Job93.log", "simid": "1"}
[2026-06-01 14:25:19.847 Z] [PROCESS] [cadence.virtuoso.ade.simulationMonitor] - Point Finished {"hostname": "il2244vt26_hrahimi", "processid": 1499097, "history": "MonteCarlo.6", "testname": "PTAT_MC", "cornername": "Nominal", "point": 105, "logfile": "/home/hrahimi/projects/POTENTIOSTAT_26/logs_hrahimi/logs0/Job93.log"}
[2026-06-01 14:25:20.855 Z] [PROCESS] [cadence.virtuoso.ade.simulationMonitor] - Stay with the runId '21', Linger time '300', currentRunSyn '42', currentTestSyn '43' {"hostname": "il2244vt26_hrahimi", "processid": 1499097, "history": "MonteCarlo.6", "testname": "PTAT_MC", "cornername": "Nominal", "point": 105, "logfile": "/home/hrahimi/projects/POTENTIOSTAT_26/logs_hrahimi/logs0/Job93.log"}
[2026-06-01 14:25:21.855 Z] [PROCESS] [cadence.virtuoso.ade.simulationMonitor] - Stay with the runId '21', Linger time '300', currentRunSyn '42', currentTestSyn '43' {"hostname": "il2244vt26_hrahimi", "processid": 1499097, "history": "MonteCarlo.6", "testname": "PTAT_MC", "cornername": "Nominal", "point": 105, "logfile": "/home/hrahimi/projects/POTENTIOSTAT_26/logs_hrahimi/logs0/Job93.log"}
[2026-06-01 14:25:22.856 Z] [PROCESS] [cadence.virtuoso.ade.simulationMonitor] - Stay with the runId '21', Linger time '300', currentRunSyn '42', currentTestSyn '43' {"hostname": "il2244vt26_hrahimi", "processid": 1499097, "history": "MonteCarlo.6", "testname": "PTAT_MC", "cornername": "Nominal", "point": 105, "logfile": "/home/hrahimi/projects/POTENTIOSTAT_26/logs_hrahimi/logs0/Job93.log"}
[2026-06-01 14:25:23.858 Z] [PROCESS] [cadence.virtuoso.ade.simulationMonitor] - Stay with the runId '21', Linger time '300', currentRunSyn '42', currentTestSyn '43' {"hostname": "il2244vt26_hrahimi", "processid": 1499097, "history": "MonteCarlo.6", "testname": "PTAT_MC", "cornername": "Nominal", "point": 105, "logfile": "/home/hrahimi/projects/POTENTIOSTAT_26/logs_hrahimi/logs0/Job93.log"}
[2026-06-01 14:25:24.862 Z] [PROCESS] [cadence.virtuoso.ade.simulationMonitor] - Stay with the runId '21', Linger time '300', currentRunSyn '42', currentTestSyn '43' {"hostname": "il2244vt26_hrahimi", "processid": 1499097, "history": "MonteCarlo.6", "testname": "PTAT_MC", "cornername": "Nominal", "point": 105, "logfile": "/home/hrahimi/projects/POTENTIOSTAT_26/logs_hrahimi/logs0/Job93.log"}
[2026-06-01 14:25:25.863 Z] [PROCESS] [cadence.virtuoso.ade.simulationMonitor] - Stay with the runId '21', Linger time '300', currentRunSyn '42', currentTestSyn '43' {"hostname": "il2244vt26_hrahimi", "processid": 1499097, "history": "MonteCarlo.6", "testname": "PTAT_MC", "cornername": "Nominal", "point": 105, "logfile": "/home/hrahimi/projects/POTENTIOSTAT_26/logs_hrahimi/logs0/Job93.log"}
[2026-06-01 14:25:26.864 Z] [PROCESS] [cadence.virtuoso.ade.simulationMonitor] - Stay with the runId '21', Linger time '300', currentRunSyn '42', currentTestSyn '43' {"hostname": "il2244vt26_hrahimi", "processid": 1499097, "history": "MonteCarlo.6", "testname": "PTAT_MC", "cornername": "Nominal", "point": 105, "logfile": "/home/hrahimi/projects/POTENTIOSTAT_26/logs_hrahimi/logs0/Job93.log"}
[2026-06-01 14:25:27.867 Z] [PROCESS] [cadence.virtuoso.ade.simulationMonitor] - Stay with the runId '21', Linger time '300', currentRunSyn '42', currentTestSyn '43' {"hostname": "il2244vt26_hrahimi", "processid": 1499097, "history": "MonteCarlo.6", "testname": "PTAT_MC", "cornername": "Nominal", "point": 105, "logfile": "/home/hrahimi/projects/POTENTIOSTAT_26/logs_hrahimi/logs0/Job93.log"}
[2026-06-01 14:25:28.868 Z] [PROCESS] [cadence.virtuoso.ade.simulationMonitor] - Stay with the runId '21', Linger time '300', currentRunSyn '42', currentTestSyn '43' {"hostname": "il2244vt26_hrahimi", "processid": 1499097, "history": "MonteCarlo.6", "testname": "PTAT_MC", "cornername": "Nominal", "point": 105, "logfile": "/home/hrahimi/projects/POTENTIOSTAT_26/logs_hrahimi/logs0/Job93.log"}
[2026-06-01 14:25:29.868 Z] [PROCESS] [cadence.virtuoso.ade.simulationMonitor] - Stay with the runId '21', Linger time '300', currentRunSyn '42', currentTestSyn '43' {"hostname": "il2244vt26_hrahimi", "processid": 1499097, "history": "MonteCarlo.6", "testname": "PTAT_MC", "cornername": "Nominal", "point": 105, "logfile": "/home/hrahimi/projects/POTENTIOSTAT_26/logs_hrahimi/logs0/Job93.log"}
[2026-06-01 14:25:30.869 Z] [PROCESS] [cadence.virtuoso.ade.simulationMonitor] - Stay with the runId '21', Linger time '300', currentRunSyn '42', currentTestSyn '43' {"hostname": "il2244vt26_hrahimi", "processid": 1499097, "history": "MonteCarlo.6", "testname": "PTAT_MC", "cornername": "Nominal", "point": 105, "logfile": "/home/hrahimi/projects/POTENTIOSTAT_26/logs_hrahimi/logs0/Job93.log"}
[2026-06-01 14:25:31.871 Z] [PROCESS] [cadence.virtuoso.ade.simulationMonitor] - Stay with the runId '21', Linger time '300', currentRunSyn '42', currentTestSyn '43' {"hostname": "il2244vt26_hrahimi", "processid": 1499097, "history": "MonteCarlo.6", "testname": "PTAT_MC", "cornername": "Nominal", "point": 105, "logfile": "/home/hrahimi/projects/POTENTIOSTAT_26/logs_hrahimi/logs0/Job93.log"}
[2026-06-01 14:25:32.874 Z] [PROCESS] [cadence.virtuoso.ade.simulationMonitor] - Stay with the runId '21', Linger time '300', currentRunSyn '42', currentTestSyn '43' {"hostname": "il2244vt26_hrahimi", "processid": 1499097, "history": "MonteCarlo.6", "testname": "PTAT_MC", "cornername": "Nominal", "point": 105, "logfile": "/home/hrahimi/projects/POTENTIOSTAT_26/logs_hrahimi/logs0/Job93.log"}
[2026-06-01 14:25:33.877 Z] [PROCESS] [cadence.virtuoso.ade.simulationMonitor] - Stay with the runId '21', Linger time '300', currentRunSyn '42', currentTestSyn '43' {"hostname": "il2244vt26_hrahimi", "processid": 1499097, "history": "MonteCarlo.6", "testname": "PTAT_MC", "cornername": "Nominal", "point": 105, "logfile": "/home/hrahimi/projects/POTENTIOSTAT_26/logs_hrahimi/logs0/Job93.log"}
[2026-06-01 14:25:34.879 Z] [PROCESS] [cadence.virtuoso.ade.simulationMonitor] - Stay with the runId '21', Linger time '300', currentRunSyn '42', currentTestSyn '43' {"hostname": "il2244vt26_hrahimi", "processid": 1499097, "history": "MonteCarlo.6", "testname": "PTAT_MC", "cornername": "Nominal", "point": 105, "logfile": "/home/hrahimi/projects/POTENTIOSTAT_26/logs_hrahimi/logs0/Job93.log"}
[2026-06-01 14:25:35.880 Z] [PROCESS] [cadence.virtuoso.ade.simulationMonitor] - Stay with the runId '21', Linger time '300', currentRunSyn '42', currentTestSyn '43' {"hostname": "il2244vt26_hrahimi", "processid": 1499097, "history": "MonteCarlo.6", "testname": "PTAT_MC", "cornername": "Nominal", "point": 105, "logfile": "/home/hrahimi/projects/POTENTIOSTAT_26/logs_hrahimi/logs0/Job93.log"}
[2026-06-01 14:25:36.880 Z] [PROCESS] [cadence.virtuoso.ade.simulationMonitor] - Stay with the runId '21', Linger time '300', currentRunSyn '42', currentTestSyn '43' {"hostname": "il2244vt26_hrahimi", "processid": 1499097, "history": "MonteCarlo.6", "testname": "PTAT_MC", "cornername": "Nominal", "point": 105, "logfile": "/home/hrahimi/projects/POTENTIOSTAT_26/logs_hrahimi/logs0/Job93.log"}
[2026-06-01 14:25:37.882 Z] [PROCESS] [cadence.virtuoso.ade.simulationMonitor] - Stay with the runId '21', Linger time '300', currentRunSyn '42', currentTestSyn '43' {"hostname": "il2244vt26_hrahimi", "processid": 1499097, "history": "MonteCarlo.6", "testname": "PTAT_MC", "cornername": "Nominal", "point": 105, "logfile": "/home/hrahimi/projects/POTENTIOSTAT_26/logs_hrahimi/logs0/Job93.log"}
[2026-06-01 14:25:38.886 Z] [PROCESS] [cadence.virtuoso.ade.simulationMonitor] - Stay with the runId '21', Linger time '300', currentRunSyn '42', currentTestSyn '43' {"hostname": "il2244vt26_hrahimi", "processid": 1499097, "history": "MonteCarlo.6", "testname": "PTAT_MC", "cornername": "Nominal", "point": 105, "logfile": "/home/hrahimi/projects/POTENTIOSTAT_26/logs_hrahimi/logs0/Job93.log"}
[2026-06-01 14:25:39.886 Z] [PROCESS] [cadence.virtuoso.ade.simulationMonitor] - Stay with the runId '21', Linger time '300', currentRunSyn '42', currentTestSyn '43' {"hostname": "il2244vt26_hrahimi", "processid": 1499097, "history": "MonteCarlo.6", "testname": "PTAT_MC", "cornername": "Nominal", "point": 105, "logfile": "/home/hrahimi/projects/POTENTIOSTAT_26/logs_hrahimi/logs0/Job93.log"}
[2026-06-01 14:25:40.889 Z] [PROCESS] [cadence.virtuoso.ade.simulationMonitor] - Stay with the runId '21', Linger time '300', currentRunSyn '42', currentTestSyn '43' {"hostname": "il2244vt26_hrahimi", "processid": 1499097, "history": "MonteCarlo.6", "testname": "PTAT_MC", "cornername": "Nominal", "point": 105, "logfile": "/home/hrahimi/projects/POTENTIOSTAT_26/logs_hrahimi/logs0/Job93.log"}
[2026-06-01 14:25:41.890 Z] [PROCESS] [cadence.virtuoso.ade.simulationMonitor] - Stay with the runId '21', Linger time '300', currentRunSyn '42', currentTestSyn '43' {"hostname": "il2244vt26_hrahimi", "processid": 1499097, "history": "MonteCarlo.6", "testname": "PTAT_MC", "cornername": "Nominal", "point": 105, "logfile": "/home/hrahimi/projects/POTENTIOSTAT_26/logs_hrahimi/logs0/Job93.log"}
[2026-06-01 14:25:42.891 Z] [PROCESS] [cadence.virtuoso.ade.simulationMonitor] - Stay with the runId '21', Linger time '300', currentRunSyn '42', currentTestSyn '43' {"hostname": "il2244vt26_hrahimi", "processid": 1499097, "history": "MonteCarlo.6", "testname": "PTAT_MC", "cornername": "Nominal", "point": 105, "logfile": "/home/hrahimi/projects/POTENTIOSTAT_26/logs_hrahimi/logs0/Job93.log"}
[2026-06-01 14:25:43.892 Z] [PROCESS] [cadence.virtuoso.ade.simulationMonitor] - Stay with the runId '21', Linger time '300', currentRunSyn '42', currentTestSyn '43' {"hostname": "il2244vt26_hrahimi", "processid": 1499097, "history": "MonteCarlo.6", "testname": "PTAT_MC", "cornername": "Nominal", "point": 105, "logfile": "/home/hrahimi/projects/POTENTIOSTAT_26/logs_hrahimi/logs0/Job93.log"}
[2026-06-01 14:25:44.893 Z] [PROCESS] [cadence.virtuoso.ade.simulationMonitor] - Stay with the runId '21', Linger time '300', currentRunSyn '42', currentTestSyn '43' {"hostname": "il2244vt26_hrahimi", "processid": 1499097, "history": "MonteCarlo.6", "testname": "PTAT_MC", "cornername": "Nominal", "point": 105, "logfile": "/home/hrahimi/projects/POTENTIOSTAT_26/logs_hrahimi/logs0/Job93.log"}
[2026-06-01 14:25:45.896 Z] [PROCESS] [cadence.virtuoso.ade.simulationMonitor] - Stay with the runId '21', Linger time '300', currentRunSyn '42', currentTestSyn '43' {"hostname": "il2244vt26_hrahimi", "processid": 1499097, "history": "MonteCarlo.6", "testname": "PTAT_MC", "cornername": "Nominal", "point": 105, "logfile": "/home/hrahimi/projects/POTENTIOSTAT_26/logs_hrahimi/logs0/Job93.log"}
[2026-06-01 14:25:46.896 Z] [PROCESS] [cadence.virtuoso.ade.simulationMonitor] - Stay with the runId '21', Linger time '300', currentRunSyn '42', currentTestSyn '43' {"hostname": "il2244vt26_hrahimi", "processid": 1499097, "history": "MonteCarlo.6", "testname": "PTAT_MC", "cornername": "Nominal", "point": 105, "logfile": "/home/hrahimi/projects/POTENTIOSTAT_26/logs_hrahimi/logs0/Job93.log"}
[2026-06-01 14:25:47.897 Z] [PROCESS] [cadence.virtuoso.ade.simulationMonitor] - Stay with the runId '21', Linger time '300', currentRunSyn '42', currentTestSyn '43' {"hostname": "il2244vt26_hrahimi", "processid": 1499097, "history": "MonteCarlo.6", "testname": "PTAT_MC", "cornername": "Nominal", "point": 105, "logfile": "/home/hrahimi/projects/POTENTIOSTAT_26/logs_hrahimi/logs0/Job93.log"}
[2026-06-01 14:25:48.898 Z] [PROCESS] [cadence.virtuoso.ade.simulationMonitor] - Stay with the runId '21', Linger time '300', currentRunSyn '42', currentTestSyn '43' {"hostname": "il2244vt26_hrahimi", "processid": 1499097, "history": "MonteCarlo.6", "testname": "PTAT_MC", "cornername": "Nominal", "point": 105, "logfile": "/home/hrahimi/projects/POTENTIOSTAT_26/logs_hrahimi/logs0/Job93.log"}
[2026-06-01 14:25:49.900 Z] [PROCESS] [cadence.virtuoso.ade.simulationMonitor] - Stay with the runId '21', Linger time '300', currentRunSyn '42', currentTestSyn '43' {"hostname": "il2244vt26_hrahimi", "processid": 1499097, "history": "MonteCarlo.6", "testname": "PTAT_MC", "cornername": "Nominal", "point": 105, "logfile": "/home/hrahimi/projects/POTENTIOSTAT_26/logs_hrahimi/logs0/Job93.log"}
[2026-06-01 14:25:50.902 Z] [PROCESS] [cadence.virtuoso.ade.simulationMonitor] - Stay with the runId '21', Linger time '300', currentRunSyn '42', currentTestSyn '43' {"hostname": "il2244vt26_hrahimi", "processid": 1499097, "history": "MonteCarlo.6", "testname": "PTAT_MC", "cornername": "Nominal", "point": 105, "logfile": "/home/hrahimi/projects/POTENTIOSTAT_26/logs_hrahimi/logs0/Job93.log"}
[2026-06-01 14:25:51.903 Z] [PROCESS] [cadence.virtuoso.ade.simulationMonitor] - Stay with the runId '21', Linger time '300', currentRunSyn '42', currentTestSyn '43' {"hostname": "il2244vt26_hrahimi", "processid": 1499097, "history": "MonteCarlo.6", "testname": "PTAT_MC", "cornername": "Nominal", "point": 105, "logfile": "/home/hrahimi/projects/POTENTIOSTAT_26/logs_hrahimi/logs0/Job93.log"}
[2026-06-01 14:25:52.904 Z] [PROCESS] [cadence.virtuoso.ade.simulationMonitor] - Stay with the runId '21', Linger time '300', currentRunSyn '42', currentTestSyn '43' {"hostname": "il2244vt26_hrahimi", "processid": 1499097, "history": "MonteCarlo.6", "testname": "PTAT_MC", "cornername": "Nominal", "point": 105, "logfile": "/home/hrahimi/projects/POTENTIOSTAT_26/logs_hrahimi/logs0/Job93.log"}
[2026-06-01 14:25:53.904 Z] [PROCESS] [cadence.virtuoso.ade.simulationMonitor] - Stay with the runId '21', Linger time '300', currentRunSyn '42', currentTestSyn '43' {"hostname": "il2244vt26_hrahimi", "processid": 1499097, "history": "MonteCarlo.6", "testname": "PTAT_MC", "cornername": "Nominal", "point": 105, "logfile": "/home/hrahimi/projects/POTENTIOSTAT_26/logs_hrahimi/logs0/Job93.log"}
[2026-06-01 14:25:54.904 Z] [PROCESS] [cadence.virtuoso.ade.simulationMonitor] - Stay with the runId '21', Linger time '300', currentRunSyn '42', currentTestSyn '43' {"hostname": "il2244vt26_hrahimi", "processid": 1499097, "history": "MonteCarlo.6", "testname": "PTAT_MC", "cornername": "Nominal", "point": 105, "logfile": "/home/hrahimi/projects/POTENTIOSTAT_26/logs_hrahimi/logs0/Job93.log"}
[2026-06-01 14:25:55.906 Z] [PROCESS] [cadence.virtuoso.ade.simulationMonitor] - Stay with the runId '21', Linger time '300', currentRunSyn '42', currentTestSyn '43' {"hostname": "il2244vt26_hrahimi", "processid": 1499097, "history": "MonteCarlo.6", "testname": "PTAT_MC", "cornername": "Nominal", "point": 105, "logfile": "/home/hrahimi/projects/POTENTIOSTAT_26/logs_hrahimi/logs0/Job93.log"}
[2026-06-01 14:25:56.909 Z] [PROCESS] [cadence.virtuoso.ade.simulationMonitor] - Stay with the runId '21', Linger time '300', currentRunSyn '42', currentTestSyn '43' {"hostname": "il2244vt26_hrahimi", "processid": 1499097, "history": "MonteCarlo.6", "testname": "PTAT_MC", "cornername": "Nominal", "point": 105, "logfile": "/home/hrahimi/projects/POTENTIOSTAT_26/logs_hrahimi/logs0/Job93.log"}
[2026-06-01 14:25:57.911 Z] [PROCESS] [cadence.virtuoso.ade.simulationMonitor] - Stay with the runId '21', Linger time '300', currentRunSyn '42', currentTestSyn '43' {"hostname": "il2244vt26_hrahimi", "processid": 1499097, "history": "MonteCarlo.6", "testname": "PTAT_MC", "cornername": "Nominal", "point": 105, "logfile": "/home/hrahimi/projects/POTENTIOSTAT_26/logs_hrahimi/logs0/Job93.log"}
[2026-06-01 14:25:58.913 Z] [PROCESS] [cadence.virtuoso.ade.simulationMonitor] - Stay with the runId '21', Linger time '300', currentRunSyn '42', currentTestSyn '43' {"hostname": "il2244vt26_hrahimi", "processid": 1499097, "history": "MonteCarlo.6", "testname": "PTAT_MC", "cornername": "Nominal", "point": 105, "logfile": "/home/hrahimi/projects/POTENTIOSTAT_26/logs_hrahimi/logs0/Job93.log"}
[2026-06-01 14:25:59.916 Z] [PROCESS] [cadence.virtuoso.ade.simulationMonitor] - Stay with the runId '21', Linger time '300', currentRunSyn '42', currentTestSyn '43' {"hostname": "il2244vt26_hrahimi", "processid": 1499097, "history": "MonteCarlo.6", "testname": "PTAT_MC", "cornername": "Nominal", "point": 105, "logfile": "/home/hrahimi/projects/POTENTIOSTAT_26/logs_hrahimi/logs0/Job93.log"}
[2026-06-01 14:26:00.917 Z] [PROCESS] [cadence.virtuoso.ade.simulationMonitor] - Stay with the runId '21', Linger time '300', currentRunSyn '42', currentTestSyn '43' {"hostname": "il2244vt26_hrahimi", "processid": 1499097, "history": "MonteCarlo.6", "testname": "PTAT_MC", "cornername": "Nominal", "point": 105, "logfile": "/home/hrahimi/projects/POTENTIOSTAT_26/logs_hrahimi/logs0/Job93.log"}
[2026-06-01 14:26:01.921 Z] [PROCESS] [cadence.virtuoso.ade.simulationMonitor] - Stay with the runId '21', Linger time '300', currentRunSyn '42', currentTestSyn '43' {"hostname": "il2244vt26_hrahimi", "processid": 1499097, "history": "MonteCarlo.6", "testname": "PTAT_MC", "cornername": "Nominal", "point": 105, "logfile": "/home/hrahimi/projects/POTENTIOSTAT_26/logs_hrahimi/logs0/Job93.log"}
[2026-06-01 14:26:02.923 Z] [PROCESS] [cadence.virtuoso.ade.simulationMonitor] - Stay with the runId '21', Linger time '300', currentRunSyn '42', currentTestSyn '43' {"hostname": "il2244vt26_hrahimi", "processid": 1499097, "history": "MonteCarlo.6", "testname": "PTAT_MC", "cornername": "Nominal", "point": 105, "logfile": "/home/hrahimi/projects/POTENTIOSTAT_26/logs_hrahimi/logs0/Job93.log"}
[2026-06-01 14:26:03.924 Z] [PROCESS] [cadence.virtuoso.ade.simulationMonitor] - Stay with the runId '21', Linger time '300', currentRunSyn '42', currentTestSyn '43' {"hostname": "il2244vt26_hrahimi", "processid": 1499097, "history": "MonteCarlo.6", "testname": "PTAT_MC", "cornername": "Nominal", "point": 105, "logfile": "/home/hrahimi/projects/POTENTIOSTAT_26/logs_hrahimi/logs0/Job93.log"}
[2026-06-01 14:26:04.924 Z] [PROCESS] [cadence.virtuoso.ade.simulationMonitor] - Stay with the runId '21', Linger time '300', currentRunSyn '42', currentTestSyn '43' {"hostname": "il2244vt26_hrahimi", "processid": 1499097, "history": "MonteCarlo.6", "testname": "PTAT_MC", "cornername": "Nominal", "point": 105, "logfile": "/home/hrahimi/projects/POTENTIOSTAT_26/logs_hrahimi/logs0/Job93.log"}
[2026-06-01 14:26:05.927 Z] [PROCESS] [cadence.virtuoso.ade.simulationMonitor] - Stay with the runId '21', Linger time '300', currentRunSyn '42', currentTestSyn '43' {"hostname": "il2244vt26_hrahimi", "processid": 1499097, "history": "MonteCarlo.6", "testname": "PTAT_MC", "cornername": "Nominal", "point": 105, "logfile": "/home/hrahimi/projects/POTENTIOSTAT_26/logs_hrahimi/logs0/Job93.log"}
[2026-06-01 14:26:06.928 Z] [PROCESS] [cadence.virtuoso.ade.simulationMonitor] - Stay with the runId '21', Linger time '300', currentRunSyn '42', currentTestSyn '43' {"hostname": "il2244vt26_hrahimi", "processid": 1499097, "history": "MonteCarlo.6", "testname": "PTAT_MC", "cornername": "Nominal", "point": 105, "logfile": "/home/hrahimi/projects/POTENTIOSTAT_26/logs_hrahimi/logs0/Job93.log"}
[2026-06-01 14:26:07.928 Z] [PROCESS] [cadence.virtuoso.ade.simulationMonitor] - Stay with the runId '21', Linger time '300', currentRunSyn '42', currentTestSyn '43' {"hostname": "il2244vt26_hrahimi", "processid": 1499097, "history": "MonteCarlo.6", "testname": "PTAT_MC", "cornername": "Nominal", "point": 105, "logfile": "/home/hrahimi/projects/POTENTIOSTAT_26/logs_hrahimi/logs0/Job93.log"}
[2026-06-01 14:26:08.931 Z] [PROCESS] [cadence.virtuoso.ade.simulationMonitor] - Stay with the runId '21', Linger time '300', currentRunSyn '42', currentTestSyn '43' {"hostname": "il2244vt26_hrahimi", "processid": 1499097, "history": "MonteCarlo.6", "testname": "PTAT_MC", "cornername": "Nominal", "point": 105, "logfile": "/home/hrahimi/projects/POTENTIOSTAT_26/logs_hrahimi/logs0/Job93.log"}
[2026-06-01 14:26:09.932 Z] [PROCESS] [cadence.virtuoso.ade.simulationMonitor] - Stay with the runId '21', Linger time '300', currentRunSyn '42', currentTestSyn '43' {"hostname": "il2244vt26_hrahimi", "processid": 1499097, "history": "MonteCarlo.6", "testname": "PTAT_MC", "cornername": "Nominal", "point": 105, "logfile": "/home/hrahimi/projects/POTENTIOSTAT_26/logs_hrahimi/logs0/Job93.log"}
[2026-06-01 14:26:10.936 Z] [PROCESS] [cadence.virtuoso.ade.simulationMonitor] - Stay with the runId '21', Linger time '300', currentRunSyn '42', currentTestSyn '43' {"hostname": "il2244vt26_hrahimi", "processid": 1499097, "history": "MonteCarlo.6", "testname": "PTAT_MC", "cornername": "Nominal", "point": 105, "logfile": "/home/hrahimi/projects/POTENTIOSTAT_26/logs_hrahimi/logs0/Job93.log"}
[2026-06-01 14:26:11.938 Z] [PROCESS] [cadence.virtuoso.ade.simulationMonitor] - Stay with the runId '21', Linger time '300', currentRunSyn '42', currentTestSyn '43' {"hostname": "il2244vt26_hrahimi", "processid": 1499097, "history": "MonteCarlo.6", "testname": "PTAT_MC", "cornername": "Nominal", "point": 105, "logfile": "/home/hrahimi/projects/POTENTIOSTAT_26/logs_hrahimi/logs0/Job93.log"}
[2026-06-01 14:26:12.940 Z] [PROCESS] [cadence.virtuoso.ade.simulationMonitor] - Stay with the runId '21', Linger time '300', currentRunSyn '42', currentTestSyn '43' {"hostname": "il2244vt26_hrahimi", "processid": 1499097, "history": "MonteCarlo.6", "testname": "PTAT_MC", "cornername": "Nominal", "point": 105, "logfile": "/home/hrahimi/projects/POTENTIOSTAT_26/logs_hrahimi/logs0/Job93.log"}
[2026-06-01 14:26:13.941 Z] [PROCESS] [cadence.virtuoso.ade.simulationMonitor] - Stay with the runId '21', Linger time '300', currentRunSyn '42', currentTestSyn '43' {"hostname": "il2244vt26_hrahimi", "processid": 1499097, "history": "MonteCarlo.6", "testname": "PTAT_MC", "cornername": "Nominal", "point": 105, "logfile": "/home/hrahimi/projects/POTENTIOSTAT_26/logs_hrahimi/logs0/Job93.log"}
[2026-06-01 14:26:14.944 Z] [PROCESS] [cadence.virtuoso.ade.simulationMonitor] - Stay with the runId '21', Linger time '300', currentRunSyn '42', currentTestSyn '43' {"hostname": "il2244vt26_hrahimi", "processid": 1499097, "history": "MonteCarlo.6", "testname": "PTAT_MC", "cornername": "Nominal", "point": 105, "logfile": "/home/hrahimi/projects/POTENTIOSTAT_26/logs_hrahimi/logs0/Job93.log"}
[2026-06-01 14:26:15.945 Z] [PROCESS] [cadence.virtuoso.ade.simulationMonitor] - Stay with the runId '21', Linger time '300', currentRunSyn '42', currentTestSyn '43' {"hostname": "il2244vt26_hrahimi", "processid": 1499097, "history": "MonteCarlo.6", "testname": "PTAT_MC", "cornername": "Nominal", "point": 105, "logfile": "/home/hrahimi/projects/POTENTIOSTAT_26/logs_hrahimi/logs0/Job93.log"}
[2026-06-01 14:26:16.947 Z] [PROCESS] [cadence.virtuoso.ade.simulationMonitor] - Stay with the runId '21', Linger time '300', currentRunSyn '42', currentTestSyn '43' {"hostname": "il2244vt26_hrahimi", "processid": 1499097, "history": "MonteCarlo.6", "testname": "PTAT_MC", "cornername": "Nominal", "point": 105, "logfile": "/home/hrahimi/projects/POTENTIOSTAT_26/logs_hrahimi/logs0/Job93.log"}
[2026-06-01 14:26:17.950 Z] [PROCESS] [cadence.virtuoso.ade.simulationMonitor] - Stay with the runId '21', Linger time '300', currentRunSyn '42', currentTestSyn '43' {"hostname": "il2244vt26_hrahimi", "processid": 1499097, "history": "MonteCarlo.6", "testname": "PTAT_MC", "cornername": "Nominal", "point": 105, "logfile": "/home/hrahimi/projects/POTENTIOSTAT_26/logs_hrahimi/logs0/Job93.log"}
[2026-06-01 14:26:18.953 Z] [PROCESS] [cadence.virtuoso.ade.simulationMonitor] - Stay with the runId '21', Linger time '300', currentRunSyn '42', currentTestSyn '43' {"hostname": "il2244vt26_hrahimi", "processid": 1499097, "history": "MonteCarlo.6", "testname": "PTAT_MC", "cornername": "Nominal", "point": 105, "logfile": "/home/hrahimi/projects/POTENTIOSTAT_26/logs_hrahimi/logs0/Job93.log"}
[2026-06-01 14:26:19.954 Z] [PROCESS] [cadence.virtuoso.ade.simulationMonitor] - Stay with the runId '21', Linger time '300', currentRunSyn '42', currentTestSyn '43' {"hostname": "il2244vt26_hrahimi", "processid": 1499097, "history": "MonteCarlo.6", "testname": "PTAT_MC", "cornername": "Nominal", "point": 105, "logfile": "/home/hrahimi/projects/POTENTIOSTAT_26/logs_hrahimi/logs0/Job93.log"}
[2026-06-01 14:26:20.954 Z] [PROCESS] [cadence.virtuoso.ade.simulationMonitor] - Stay with the runId '21', Linger time '300', currentRunSyn '42', currentTestSyn '43' {"hostname": "il2244vt26_hrahimi", "processid": 1499097, "history": "MonteCarlo.6", "testname": "PTAT_MC", "cornername": "Nominal", "point": 105, "logfile": "/home/hrahimi/projects/POTENTIOSTAT_26/logs_hrahimi/logs0/Job93.log"}
[2026-06-01 14:26:21.955 Z] [PROCESS] [cadence.virtuoso.ade.simulationMonitor] - Stay with the runId '21', Linger time '300', currentRunSyn '42', currentTestSyn '43' {"hostname": "il2244vt26_hrahimi", "processid": 1499097, "history": "MonteCarlo.6", "testname": "PTAT_MC", "cornername": "Nominal", "point": 105, "logfile": "/home/hrahimi/projects/POTENTIOSTAT_26/logs_hrahimi/logs0/Job93.log"}
[2026-06-01 14:26:22.957 Z] [PROCESS] [cadence.virtuoso.ade.simulationMonitor] - Stay with the runId '21', Linger time '300', currentRunSyn '42', currentTestSyn '43' {"hostname": "il2244vt26_hrahimi", "processid": 1499097, "history": "MonteCarlo.6", "testname": "PTAT_MC", "cornername": "Nominal", "point": 105, "logfile": "/home/hrahimi/projects/POTENTIOSTAT_26/logs_hrahimi/logs0/Job93.log"}
[2026-06-01 14:26:23.959 Z] [PROCESS] [cadence.virtuoso.ade.simulationMonitor] - Stay with the runId '21', Linger time '300', currentRunSyn '42', currentTestSyn '43' {"hostname": "il2244vt26_hrahimi", "processid": 1499097, "history": "MonteCarlo.6", "testname": "PTAT_MC", "cornername": "Nominal", "point": 105, "logfile": "/home/hrahimi/projects/POTENTIOSTAT_26/logs_hrahimi/logs0/Job93.log"}
[2026-06-01 14:30:20.738 Z] [PROCESS] [cadence.virtuoso.ade.simulationMonitor] - Current memory used: 53.0039 MBytes, peak memory used: 53.0039 MBytes {"hostname": "il2244vt26_hrahimi", "processid": 1499097, "history": "MonteCarlo.6", "testname": "PTAT_MC", "cornername": "Nominal", "point": 105, "logfile": "/home/hrahimi/projects/POTENTIOSTAT_26/logs_hrahimi/logs0/Job93.log"}
[2026-06-01 14:30:20.739 Z] [PROCESS] [cadence.virtuoso.ade.simulationMonitor] - Simulation Monitor process exit. {"hostname": "il2244vt26_hrahimi", "processid": 1499097, "history": "MonteCarlo.6", "testname": "PTAT_MC", "cornername": "Nominal", "point": 105, "logfile": "/home/hrahimi/projects/POTENTIOSTAT_26/logs_hrahimi/logs0/Job93.log"}
