\# Program start time:     UTC 2026.06.03 15:52:55.501
\# Local time: UTC (UTC+00:00) 2026.06.03 15:52:55.501
\o Program:		@(#)$CDS: virtuoso version 6.1.8-64b 09/03/2024 19:11 (sjfhw316) $
\o Hierarchy:		/opt/tools/cadence/installs/IC618/tools.lnx86/dfII/
\o Sub version:		sub-version  IC6.1.8-64b.500.36  (64-bit addresses)
\# Command line:	/opt/tools/cadence/installs/IC618/tools.lnx86/dfII/bin/64bit/virtuoso -beanhost il2244vt26_hrahimi -beanport 11300 -beanbinlog  -beanLogFile /home/hrahimi/projects/POTENTIOSTAT_26/logs_hrahimi/logs0/amps_Service45.log -mpssession virtuoso2148911 -mpshost il2244vt26_hrahimi -davinciService DaVinciService_2148911_1780426686 -scopedPid 2148911 -axlSession fnxSession0 -axlServiceIdFlag 45 -uuid 2ed5062e-b344-4bd8-a8dd-04beacdb38dc -heartbeat /dev/shm/swift-heartbeat.cfbK0iwBVS -log /home/hrahimi/projects/POTENTIOSTAT_26/logs_hrahimi/logs0/Service45.log -noautostart -nographE -lscs 000175E1894CBE06FF0966E38F1FFC06BC4D6EE68E6D9506D52060E590078A72887903BA9319D236867C66E38F1FFC06BC4D66E38F1FFC06BC4D0CC3C2CAB1D3D66D00001E0D -interactive -offlineExprEval -fenixMode assembler -heartbeatTimeout  -lingerTimeout 300 -pointlifetime -1
\# Host name (type):	il2244vt26_hrahimi (x86_64)
\# Operating system:	Linux 5.15.0-164-generic #174-Ubuntu SMP Fri Nov 14 20:25:16 UTC 2025
\# Linux /etc/issue:	\S
\# Linux /etc/issue:	Kernel \r on an \m
\# X display name (WxH):	:7356 (1024x868)
\# Available geometry:			TL(0:0) BR(1023:867)
\# X server:			The X.Org Foundation
\# Depth of Visual (Root):	24 (24)
\# Number of Planes Used:	24
\# X version:		11.0 (vendor release 12011000)
\# X resource pool:	base 0x400000, mask 0x1fffff (2097151), shift 0
\# 			current id 0x0, current max 0x1ffffa (2097146)
\# Max data seg size:	     unlimited
\# Max process size:	     unlimited
\# Initial sbrk value:	        945 MB
\# Available memory:	  2,337,613 MB
\# System memory:	  3,104,512 MB
\# Maximum memory size:	  3,103,688 MB
\# Max mem available:	  2,337,734 MB
\# Initial memory used:	        121 MB
\#        process size:	      1,677 MB
\# Thread usage limits (effective/default):	maxthreads 4294967295/4294967295 maxload 48.00/48.00
\# Qt version:		5.9.1
\# Window Manager:	other
\# User Name:		hrahimi
\o Working Directory:	il2244vt26_hrahimi:/home/hrahimi/projects/POTENTIOSTAT_26
\# Process Id:		2620711
\o 
\o COPYRIGHT (C) 1992-2024  CADENCE DESIGN SYSTEMS INC.  ALL RIGHTS RESERVED.
\o           (C) 1992-2024  UNIX SYSTEMS Laboratories INC.,
\o                          Reproduced with permission.
\o 
\o This Cadence Design Systems program and online documentation are
\o proprietary/confidential information and may be disclosed/used only
\o as authorized in a license agreement controlling such use and disclosure.
\o 
\o           RESTRICTED RIGHTS NOTICE (SHORT FORM)
\o Use/reproduction/disclosure is subject to restriction
\o set forth at FAR 1252.227-19 or its equivalent.
\o Loading geView.cxt 
\o Loading menuBuilder.cxt 
\o Loading schView.cxt 
\o Loading selectSv.cxt 
\o Loading wireEdit.cxt 
\o Loading pte2.cxt 
\w Qt Warning: setNativeLocks failed: "Resource temporarily unavailable"
\o Loading xlUI.cxt 
\o Loading auCore.cxt 
\o Loading vhdl.cxt 
\o Loading seismic.cxt 
\o Loading ci.cxt 
\o Loading ams.cxt 
\o Loading oasis.cxt 
\o Loading analog.cxt 
\o Loading asimenv.cxt 
\o Loading dal.cxt 
\o Loading awv.cxt 
\o Loading socket.cxt 
\o Loading par.cxt 
\o Loading alvs.cxt 
\o Loading caa.cxt 
\o Loading amps.cxt 
\o Loading adexlCore.cxt 
\# Memory report: using         231 MB, process size 1,873 MB at UTC 2026.06.03 15:52:57.435
\o Loading adexl.cxt 
\o *Info*    Exporting services from client ... 
\o 
\o Loading adexlDM.cxt 
\o Loading cpf.cxt 
\o Loading cli.cxt 
\o Loading lp.cxt 
\o INFO (ELI-00302) Connecting to parent process (session=virtuoso2148911, host=il2244vt26_hrahimi). Connection mode is LSCS. Total timeout is 180 seconds. Connection timeout is 90 seconds.
\o INFO (ELI-00303) Step 1: Connecting to parent. Time spent is 0 seconds.
\o INFO (ELI-00304) The registration of the child 2620711 within 90 seconds is being processed...
\o INFO (ELI-00305) The result of registration is true. Time spent is 0 seconds.
\o INFO (ELI-00308) The connection has ended. Result is true. Total time spent is 0 seconds.
\# [15:52:55.445370] Configured Lic search path (22.01-s002): 3000@lic08.ug.kth.se:29000@lic06.ug.kth.se
\o ......................................................................................
\o            ams AG HIT-Kit v.ams_4.10
\o ......................................................................................
\o COPYRIGHT (c) 2012 Full Service Foundry @ ams AG.  ALL RIGHTS RESERVED
\o This HIT-Kit and attached documentation are confidential information and may 
\o only be used as authorized by the HIT-Kit license agreement.
\o ......................................................................................
\# Current Window: window(2)
\o Loading simulator default settings.
\w 
\w load( "/opt/tools/mentor/CALIBRE_2022.4_16/aoi_cal_2022.4_16.8/lib/calibre.skl" ))
\w                                                                                  ^
\w PARSER WARNING at line 63 column 82 of file ./.cdsinit_local
\w *WARNING* (Parser): extra ')' ignored
\o //
\o //  Calibre Skill Interface * (v2022.4_16.8) *
\o //
\o //                         Copyright Siemens 1996-2020     
\o //                             All Rights Reserved.
\o //         THIS WORK CONTAINS TRADE SECRET AND PROPRIETARY INFORMATION
\o //            WHICH IS THE PROPERTY OF MENTOR GRAPHICS CORPORATION
\o //              OR ITS LICENSORS AND IS SUBJECT TO LICENSE TERMS.
\o //
\o //
\o Loading simulator default settings.
\p hitkit: ams_4.10  Tech: c35b4c3  User: hrahimi 
\w *WARNING* could not load font "-*-courier-medium-r-*-*-12-*", using font "fixed"
\# Loading perfDiag...
\# (PerfDiag): Set GDB path to environment variable 'gdbPath' (gdb).
\# Performance Diagnostic tool is installed. You can access PerfDiag from CIW Tools or use the shell command 'cdsPerfDiag -p 2620711' to open it when Virtuoso freezes.
\# (PerfDiag): Use backtrace from GLIBC.
\w *WARNING* _perfPstackCheck: Cannot find pstack/gstack. Please setup PATH environment variable to pstack/gstack executable.
\i _axlRunServices()
\# [15:53:00.338609] Periodic Lic check successful
\# [15:53:00.338609] Feature usage summary:
\o Loading simui.cxt 
\o [2026-06-03 15:53:00.926 Z] [PROCESS] [cadence.virtuoso.ade.services] - Netlist Service has successfully started. Waiting for incoming messages ... {"hostname": "il2244vt26_hrahimi", "processid": 2620711, "logfile": "/home/hrahimi/projects/POTENTIOSTAT_26/logs_hrahimi/logs0/Service45.log"}
\o [2026-06-03 15:53:00.972 Z] [EVENT] [cadence.virtuoso.ade.services.netlister] - NewPoint {"point": 0, "testname": "TIA_Gain_Linearity_MC", "event": "NewPoint", "EventSource": "Netlist Service", "HistoryName": "MonteCarlo.2", "logFile": "/home/hrahimi/projects/POTENTIOSTAT_26/logs_hrahimi/logs0/Service45.log", "logFileSize": "6158"}
\o [2026-06-03 15:53:00.973 Z] [INFO] [cadence.virtuoso.ade.services.netlister] - Started preparing netlist {"point": 0, "testname": "TIA_Gain_Linearity_MC", "testnameKey": "TIA_Gain_Linearity_MC"}
\o Loading vqp.cxt 
\o Loading vdsil.cxt 
\o *Warning* AXL Context Manager : job 45 is already registered. 
\o 
\o Loading hdlPkg.cxt 
\o 
\o 
\o *Info*    Configuring the session ...
\o 
\o 	Library      = Potentiostat_Top
\o 	Cell         = top
\o 	View         = config
\o 	Simulator    = spectre
\o 	State Path   = $AXL_SETUPDB_DIR/test_states
\o 	State Name   = MonteCarlo.2
\o 	Results DB   = /home/hrahimi/projects/POTENTIOSTAT_26/Potentiostat_Top/top/maestro/results/maestro/MonteCarlo.2.rdb
\o 	Results Dir  = /home/hrahimi/projects/POTENTIOSTAT_26/Sim/Potentiostat_Top/top/maestro/results/maestro/MonteCarlo.2/1/TIA_Gain_Linearity_MC
\o 	Results Loc  = /home/hrahimi/projects/POTENTIOSTAT_26/Sim/Potentiostat_Top/top/maestro/results/maestro
\o 	Project Dir  = /home/hrahimi/projects/POTENTIOSTAT_26/Sim
\o 	Setup DB loc = /home/hrahimi/projects/POTENTIOSTAT_26/Potentiostat_Top/top/maestro
\o 	File Encoding = 0
\o 
\o 
\o Loading viva.cxt 
\o Loading spectrei.cxt 
\# Memory report: using         356 MB, process size 2,115 MB at UTC 2026.06.03 15:53:03.300
\o Loading devCheck.cxt 
\o Loading relXpert.cxt 
\o Loading hspiceD.cxt 
\o Loading spectreinl.cxt 
\o Loading msgHandler.cxt 
\o Loading UltraSim.cxt 
\o Loading AMSOSS.cxt 
\o Loading AMS.cxt 
\o 
\o *Info*    The auto suspension is disabled.
\o 
\o Loading elec.cxt 
\o Resetting statistical vars
\o 
\o *Info*    Setting parameter values ...
\o 
\o Setting var Calib_EN = "1"
\o Setting var Cdl = "10n"
\o Setting var Cdl_CE = "10n"
\o Setting var Idc = "0"
\o Setting var Iin_TIA_AC = "1"
\o Setting var Ipulse = "0"
\o Setting var PTAT_EN = "0"
\o Setting var R_ct = "500k"
\o Setting var Rct_CE = "100k"
\o Setting var Rs_CE = "10k"
\o Setting var Rs_WE = "10k"
\o Setting var S0 = "0"
\o Setting var S1 = "0"
\o Setting var S2 = "1"
\o Setting var S3 = "0"
\o Setting var Vb = "1.615"
\o Setting var Vin_CA_AC = "0"
\o Loading monte.cxt 
\o Setting var vdd = "3.3"
\o Setting var vddpuls = "0"
\o Setting var vpuls = "0"
\o Setting var vref = "1.615"
\o Setting var vtran = "0"
\o Reusing AHDL Data dir
\o 
\o *Info*    Data Directory    =
\o           /home/hrahimi/projects/POTENTIOSTAT_26/Sim/Potentiostat_Top/top/maestro/results/maestro/MonteCarlo.2/psf/TIA_Gain_Linearity_MC
\o 
\w *WARNING* (SCH-2162): "ESDLIB esdnmos4 symbol" has been updated since "IOLIB_ANA_4M AGND3ALLP schematic" was last saved. Validate that the schematic is correct and run Check and Save to suppress this warning.
\w *WARNING* (SCH-2162): "PRIMLIB rpoly1c symbol" has been updated since "IOLIB_ANA_4M AVDD3ALLP schematic" was last saved. Validate that the schematic is correct and run Check and Save to suppress this warning.
\w *WARNING* (SCH-2162): "ESDLIB esdnmos4 symbol" has been updated since "IOLIB_ANA_4M AVDD3ALLP schematic" was last saved. Validate that the schematic is correct and run Check and Save to suppress this warning.
\w *WARNING* (SCH-2162): "PRIMLIB rpoly2c symbol" has been updated since "IOLIB_ANA_4M APRIO200P schematic" was last saved. Validate that the schematic is correct and run Check and Save to suppress this warning.
\w *WARNING* (SCH-2162): "PRIMLIB rpoly1c symbol" has been updated since "IOLIB_4M VDD3RP cmos_sch" was last saved. Validate that the schematic is correct and run Check and Save to suppress this warning.
\w *WARNING* (SCH-2162): "ESDLIB esdnmos4 symbol" has been updated since "IOLIB_4M VDD3RP cmos_sch" was last saved. Validate that the schematic is correct and run Check and Save to suppress this warning.
\w *WARNING* (SCH-2162): "PRIMLIB rpoly1c symbol" has been updated since "IOLIB_4M VDD3OP cmos_sch" was last saved. Validate that the schematic is correct and run Check and Save to suppress this warning.
\w *WARNING* (SCH-2162): "ESDLIB esdnmos4 symbol" has been updated since "IOLIB_4M VDD3OP cmos_sch" was last saved. Validate that the schematic is correct and run Check and Save to suppress this warning.
\w *WARNING* (SCH-2162): "PRIMLIB rpoly1c symbol" has been updated since "IOLIB_4M VDD3IP cmos_sch" was last saved. Validate that the schematic is correct and run Check and Save to suppress this warning.
\w *WARNING* (SCH-2162): "ESDLIB esdnmos4 symbol" has been updated since "IOLIB_4M VDD3IP cmos_sch" was last saved. Validate that the schematic is correct and run Check and Save to suppress this warning.
\w *WARNING* (SCH-2162): "PRIMLIB rpoly1c symbol" has been updated since "IOLIB_4M ICP cmos_sch" was last saved. Validate that the schematic is correct and run Check and Save to suppress this warning.
\w *WARNING* (SCH-2162): "ESDLIB esdnmos4 symbol" has been updated since "IOLIB_4M ICP cmos_sch" was last saved. Validate that the schematic is correct and run Check and Save to suppress this warning.
\w *WARNING* (SCH-2162): "ESDLIB esdpmos4 symbol" has been updated since "IOLIB_4M ICP cmos_sch" was last saved. Validate that the schematic is correct and run Check and Save to suppress this warning.
\w *WARNING* (SCH-2162): "PRIMLIB rdiffp3 symbol" has been updated since "IOLIB_4M ICP cmos_sch" was last saved. Validate that the schematic is correct and run Check and Save to suppress this warning.
\w *WARNING* (SCH-2162): "PRIMLIB rpoly1c symbol" has been updated since "IOLIB_4M GND3RP cmos_sch" was last saved. Validate that the schematic is correct and run Check and Save to suppress this warning.
\w *WARNING* (SCH-2162): "ESDLIB esdnmos4 symbol" has been updated since "IOLIB_4M GND3RP cmos_sch" was last saved. Validate that the schematic is correct and run Check and Save to suppress this warning.
\w *WARNING* (SCH-2162): "PRIMLIB rpoly1c symbol" has been updated since "IOLIB_4M GND3OP cmos_sch" was last saved. Validate that the schematic is correct and run Check and Save to suppress this warning.
\# Available memory:      2,337,514 MB at UTC 2026.06.03 15:53:06.336
\# Memory report: Maximum memory size now 2,337,991 MB at UTC 2026.06.03 15:53:06.336
\# Thread usage report: 54 active threads, active load 1.40 at UTC 2026.06.03 15:53:06.336
\# Memory report: using         477 MB, process size 2,241 MB at UTC 2026.06.03 15:53:06.336
\w *WARNING* (SCH-2162): "ESDLIB esdnmos4 symbol" has been updated since "IOLIB_4M GND3OP cmos_sch" was last saved. Validate that the schematic is correct and run Check and Save to suppress this warning.
\w *WARNING* (CMGR-6144): The 'ciRefreshCellView' SKILL function is not applicable to the layout constraint cache 'Potentiostat_cpoly 8_Poten_PTAT av_extracted'. Run the 'dbRefreshCellView' SKILL function to refresh the cellview.
\w *WARNING* (CMGR-6144): The 'ciRefreshCellView' SKILL function is not applicable to the layout constraint cache 'FBIAS fbias_bias2_f av_extracted'. Run the 'dbRefreshCellView' SKILL function to refresh the cellview.
\o generate netlist...
\o Loading hnlInit.cxt 
\o Loading seCore.cxt 
\o function ansCdlCompPrim redefined
\o function ansCdlCompPrim redefined
\o Begin Incremental Netlisting Jun  3 15:53:06 2026
\o WARNING (OSSHNL-225): The design variable 'temperature', used in the last netlisting session in the current
\o run directory is not used in this netlisting session. The netlist(s) generated
\o in the last netlisting session cannot be reused for incremental netlisting.
\o Therefore re-netlisting the design.
\o 
\o WARNING (OSSHNL-325): Place master 'ESDLIB/esdnmos4/symbol' for instance 'MNLIB_DR1' has been modified since the last
\o extraction of its parent cellview 'IOLIB_ANA_4M/AGND3ALLP/schematic'.
\o Connectivity changes in the place master can cause issues in the generated
\o netlist. To resolve such issues:
\o -Reextract the parent cellview 'IOLIB_ANA_4M/AGND3ALLP/schematic' and regenerate the netlist. To avoid
\o multiple Check and Save operations, use the Check Hierarchy form or the
\o schHiCheckHier SKILL function to do a hierarchical check and save on the top
\o cell and then generate the netlist.
\o -Ignore all connectivity checks for this place master by specifying it to the
\o list of cellviews to be ignored using the hnlUserIgnoreCVModifyList variable.
\o -Change the severity of modification errors by setting the environment variable
\o simSymbolModifiedAction to 'ignore'. However, this may ignore both connectivity
\o and non-connectivity changes, thereby generating an incorrect netlist.
\o To avoid reporting of non-connectivity changes after performing a hierarchical
\o check and save operation, set 'schematic' 'autoEquivalentConnectivityTime' to
\o 't' in the .cdsenv file. After setting the autoEquivalentConnectivityTime
\o variable, set simSymbolModifiedAction to 'error' to receive reports of only
\o connectivity issues during netlisting.
\o The variable simSymbolModifiedAction controls the severity of this message,
\o which can be 'ignore', 'warning', or 'error'.
\o 
\o WARNING (OSSHNL-325): Place master 'PRIMLIB/rpoly1c/symbol' for instance 'RLIB_GC1' has been modified since the last
\o extraction of its parent cellview 'IOLIB_ANA_4M/AVDD3ALLP/schematic'.
\o Connectivity changes in the place master can cause issues in the generated
\o netlist. To resolve such issues:
\o -Reextract the parent cellview 'IOLIB_ANA_4M/AVDD3ALLP/schematic' and regenerate the netlist. To avoid
\o multiple Check and Save operations, use the Check Hierarchy form or the
\o schHiCheckHier SKILL function to do a hierarchical check and save on the top
\o cell and then generate the netlist.
\o -Ignore all connectivity checks for this place master by specifying it to the
\o list of cellviews to be ignored using the hnlUserIgnoreCVModifyList variable.
\o -Change the severity of modification errors by setting the environment variable
\o simSymbolModifiedAction to 'ignore'. However, this may ignore both connectivity
\o and non-connectivity changes, thereby generating an incorrect netlist.
\o To avoid reporting of non-connectivity changes after performing a hierarchical
\o check and save operation, set 'schematic' 'autoEquivalentConnectivityTime' to
\o 't' in the .cdsenv file. After setting the autoEquivalentConnectivityTime
\o variable, set simSymbolModifiedAction to 'error' to receive reports of only
\o connectivity issues during netlisting.
\o The variable simSymbolModifiedAction controls the severity of this message,
\o which can be 'ignore', 'warning', or 'error'.
\o 
\o WARNING (OSSHNL-325): Place master 'ESDLIB/esdnmos4/symbol' for instance 'MNLIB_DR1' has been modified since the last
\o extraction of its parent cellview 'IOLIB_ANA_4M/AVDD3ALLP/schematic'.
\o Connectivity changes in the place master can cause issues in the generated
\o netlist. To resolve such issues:
\o -Reextract the parent cellview 'IOLIB_ANA_4M/AVDD3ALLP/schematic' and regenerate the netlist. To avoid
\o multiple Check and Save operations, use the Check Hierarchy form or the
\o schHiCheckHier SKILL function to do a hierarchical check and save on the top
\o cell and then generate the netlist.
\o -Ignore all connectivity checks for this place master by specifying it to the
\o list of cellviews to be ignored using the hnlUserIgnoreCVModifyList variable.
\o -Change the severity of modification errors by setting the environment variable
\o simSymbolModifiedAction to 'ignore'. However, this may ignore both connectivity
\o and non-connectivity changes, thereby generating an incorrect netlist.
\o To avoid reporting of non-connectivity changes after performing a hierarchical
\o check and save operation, set 'schematic' 'autoEquivalentConnectivityTime' to
\o 't' in the .cdsenv file. After setting the autoEquivalentConnectivityTime
\o variable, set simSymbolModifiedAction to 'error' to receive reports of only
\o connectivity issues during netlisting.
\o The variable simSymbolModifiedAction controls the severity of this message,
\o which can be 'ignore', 'warning', or 'error'.
\o 
\o WARNING (OSSHNL-325): Place master 'PRIMLIB/rpoly2c/symbol' for instance 'R3' has been modified since the last
\o extraction of its parent cellview 'IOLIB_ANA_4M/APRIO200P/schematic'.
\o Connectivity changes in the place master can cause issues in the generated
\o netlist. To resolve such issues:
\o -Reextract the parent cellview 'IOLIB_ANA_4M/APRIO200P/schematic' and regenerate the netlist. To avoid
\o multiple Check and Save operations, use the Check Hierarchy form or the
\o schHiCheckHier SKILL function to do a hierarchical check and save on the top
\o cell and then generate the netlist.
\o -Ignore all connectivity checks for this place master by specifying it to the
\o list of cellviews to be ignored using the hnlUserIgnoreCVModifyList variable.
\o -Change the severity of modification errors by setting the environment variable
\o simSymbolModifiedAction to 'ignore'. However, this may ignore both connectivity
\o and non-connectivity changes, thereby generating an incorrect netlist.
\o To avoid reporting of non-connectivity changes after performing a hierarchical
\o check and save operation, set 'schematic' 'autoEquivalentConnectivityTime' to
\o 't' in the .cdsenv file. After setting the autoEquivalentConnectivityTime
\o variable, set simSymbolModifiedAction to 'error' to receive reports of only
\o connectivity issues during netlisting.
\o The variable simSymbolModifiedAction controls the severity of this message,
\o which can be 'ignore', 'warning', or 'error'.
\o 
\o WARNING (OSSHNL-325): Place master 'PRIMLIB/rpoly1c/symbol' for instance 'RLIB_GC1' has been modified since the last
\o extraction of its parent cellview 'IOLIB_4M/VDD3RP/cmos_sch'.
\o Connectivity changes in the place master can cause issues in the generated
\o netlist. To resolve such issues:
\o -Reextract the parent cellview 'IOLIB_4M/VDD3RP/cmos_sch' and regenerate the netlist. To avoid
\o multiple Check and Save operations, use the Check Hierarchy form or the
\o schHiCheckHier SKILL function to do a hierarchical check and save on the top
\o cell and then generate the netlist.
\o -Ignore all connectivity checks for this place master by specifying it to the
\o list of cellviews to be ignored using the hnlUserIgnoreCVModifyList variable.
\o -Change the severity of modification errors by setting the environment variable
\o simSymbolModifiedAction to 'ignore'. However, this may ignore both connectivity
\o and non-connectivity changes, thereby generating an incorrect netlist.
\o To avoid reporting of non-connectivity changes after performing a hierarchical
\o check and save operation, set 'schematic' 'autoEquivalentConnectivityTime' to
\o 't' in the .cdsenv file. After setting the autoEquivalentConnectivityTime
\o variable, set simSymbolModifiedAction to 'error' to receive reports of only
\o connectivity issues during netlisting.
\o The variable simSymbolModifiedAction controls the severity of this message,
\o which can be 'ignore', 'warning', or 'error'.
\o 
\o WARNING (OSSHNL-325): Place master 'ESDLIB/esdnmos4/symbol' for instance 'MNLIB_DR1' has been modified since the last
\o extraction of its parent cellview 'IOLIB_4M/VDD3RP/cmos_sch'.
\o Connectivity changes in the place master can cause issues in the generated
\o netlist. To resolve such issues:
\o -Reextract the parent cellview 'IOLIB_4M/VDD3RP/cmos_sch' and regenerate the netlist. To avoid
\o multiple Check and Save operations, use the Check Hierarchy form or the
\o schHiCheckHier SKILL function to do a hierarchical check and save on the top
\o cell and then generate the netlist.
\o -Ignore all connectivity checks for this place master by specifying it to the
\o list of cellviews to be ignored using the hnlUserIgnoreCVModifyList variable.
\o -Change the severity of modification errors by setting the environment variable
\o simSymbolModifiedAction to 'ignore'. However, this may ignore both connectivity
\o and non-connectivity changes, thereby generating an incorrect netlist.
\o To avoid reporting of non-connectivity changes after performing a hierarchical
\o check and save operation, set 'schematic' 'autoEquivalentConnectivityTime' to
\o 't' in the .cdsenv file. After setting the autoEquivalentConnectivityTime
\o variable, set simSymbolModifiedAction to 'error' to receive reports of only
\o connectivity issues during netlisting.
\o The variable simSymbolModifiedAction controls the severity of this message,
\o which can be 'ignore', 'warning', or 'error'.
\o 
\o WARNING (OSSHNL-325): Place master 'PRIMLIB/rpoly1c/symbol' for instance 'RLIB_GC1' has been modified since the last
\o extraction of its parent cellview 'IOLIB_4M/VDD3OP/cmos_sch'.
\o Connectivity changes in the place master can cause issues in the generated
\o netlist. To resolve such issues:
\o -Reextract the parent cellview 'IOLIB_4M/VDD3OP/cmos_sch' and regenerate the netlist. To avoid
\o multiple Check and Save operations, use the Check Hierarchy form or the
\o schHiCheckHier SKILL function to do a hierarchical check and save on the top
\o cell and then generate the netlist.
\o -Ignore all connectivity checks for this place master by specifying it to the
\o list of cellviews to be ignored using the hnlUserIgnoreCVModifyList variable.
\o -Change the severity of modification errors by setting the environment variable
\o simSymbolModifiedAction to 'ignore'. However, this may ignore both connectivity
\o and non-connectivity changes, thereby generating an incorrect netlist.
\o To avoid reporting of non-connectivity changes after performing a hierarchical
\o check and save operation, set 'schematic' 'autoEquivalentConnectivityTime' to
\o 't' in the .cdsenv file. After setting the autoEquivalentConnectivityTime
\o variable, set simSymbolModifiedAction to 'error' to receive reports of only
\o connectivity issues during netlisting.
\o The variable simSymbolModifiedAction controls the severity of this message,
\o which can be 'ignore', 'warning', or 'error'.
\o 
\o WARNING (OSSHNL-325): Place master 'ESDLIB/esdnmos4/symbol' for instance 'MNLIB_DR1' has been modified since the last
\o extraction of its parent cellview 'IOLIB_4M/VDD3OP/cmos_sch'.
\o Connectivity changes in the place master can cause issues in the generated
\o netlist. To resolve such issues:
\o -Reextract the parent cellview 'IOLIB_4M/VDD3OP/cmos_sch' and regenerate the netlist. To avoid
\o multiple Check and Save operations, use the Check Hierarchy form or the
\o schHiCheckHier SKILL function to do a hierarchical check and save on the top
\o cell and then generate the netlist.
\o -Ignore all connectivity checks for this place master by specifying it to the
\o list of cellviews to be ignored using the hnlUserIgnoreCVModifyList variable.
\o -Change the severity of modification errors by setting the environment variable
\o simSymbolModifiedAction to 'ignore'. However, this may ignore both connectivity
\o and non-connectivity changes, thereby generating an incorrect netlist.
\o To avoid reporting of non-connectivity changes after performing a hierarchical
\o check and save operation, set 'schematic' 'autoEquivalentConnectivityTime' to
\o 't' in the .cdsenv file. After setting the autoEquivalentConnectivityTime
\o variable, set simSymbolModifiedAction to 'error' to receive reports of only
\o connectivity issues during netlisting.
\o The variable simSymbolModifiedAction controls the severity of this message,
\o which can be 'ignore', 'warning', or 'error'.
\o 
\o WARNING (OSSHNL-325): Place master 'PRIMLIB/rpoly1c/symbol' for instance 'RLIB_GC1' has been modified since the last
\o extraction of its parent cellview 'IOLIB_4M/VDD3IP/cmos_sch'.
\o Connectivity changes in the place master can cause issues in the generated
\o netlist. To resolve such issues:
\o -Reextract the parent cellview 'IOLIB_4M/VDD3IP/cmos_sch' and regenerate the netlist. To avoid
\o multiple Check and Save operations, use the Check Hierarchy form or the
\o schHiCheckHier SKILL function to do a hierarchical check and save on the top
\o cell and then generate the netlist.
\o -Ignore all connectivity checks for this place master by specifying it to the
\o list of cellviews to be ignored using the hnlUserIgnoreCVModifyList variable.
\o -Change the severity of modification errors by setting the environment variable
\o simSymbolModifiedAction to 'ignore'. However, this may ignore both connectivity
\o and non-connectivity changes, thereby generating an incorrect netlist.
\o To avoid reporting of non-connectivity changes after performing a hierarchical
\o check and save operation, set 'schematic' 'autoEquivalentConnectivityTime' to
\o 't' in the .cdsenv file. After setting the autoEquivalentConnectivityTime
\o variable, set simSymbolModifiedAction to 'error' to receive reports of only
\o connectivity issues during netlisting.
\o The variable simSymbolModifiedAction controls the severity of this message,
\o which can be 'ignore', 'warning', or 'error'.
\o 
\o WARNING (OSSHNL-325): Place master 'ESDLIB/esdnmos4/symbol' for instance 'MNLIB_DR1' has been modified since the last
\o extraction of its parent cellview 'IOLIB_4M/VDD3IP/cmos_sch'.
\o Connectivity changes in the place master can cause issues in the generated
\o netlist. To resolve such issues:
\o -Reextract the parent cellview 'IOLIB_4M/VDD3IP/cmos_sch' and regenerate the netlist. To avoid
\o multiple Check and Save operations, use the Check Hierarchy form or the
\o schHiCheckHier SKILL function to do a hierarchical check and save on the top
\o cell and then generate the netlist.
\o -Ignore all connectivity checks for this place master by specifying it to the
\o list of cellviews to be ignored using the hnlUserIgnoreCVModifyList variable.
\o -Change the severity of modification errors by setting the environment variable
\o simSymbolModifiedAction to 'ignore'. However, this may ignore both connectivity
\o and non-connectivity changes, thereby generating an incorrect netlist.
\o To avoid reporting of non-connectivity changes after performing a hierarchical
\o check and save operation, set 'schematic' 'autoEquivalentConnectivityTime' to
\o 't' in the .cdsenv file. After setting the autoEquivalentConnectivityTime
\o variable, set simSymbolModifiedAction to 'error' to receive reports of only
\o connectivity issues during netlisting.
\o The variable simSymbolModifiedAction controls the severity of this message,
\o which can be 'ignore', 'warning', or 'error'.
\o 
\o WARNING (OSSHNL-325): Place master 'PRIMLIB/rpoly1c/symbol' for instance 'RLIB1' has been modified since the last
\o extraction of its parent cellview 'IOLIB_4M/ICP/cmos_sch'.
\o Connectivity changes in the place master can cause issues in the generated
\o netlist. To resolve such issues:
\o -Reextract the parent cellview 'IOLIB_4M/ICP/cmos_sch' and regenerate the netlist. To avoid
\o multiple Check and Save operations, use the Check Hierarchy form or the
\o schHiCheckHier SKILL function to do a hierarchical check and save on the top
\o cell and then generate the netlist.
\o -Ignore all connectivity checks for this place master by specifying it to the
\o list of cellviews to be ignored using the hnlUserIgnoreCVModifyList variable.
\o -Change the severity of modification errors by setting the environment variable
\o simSymbolModifiedAction to 'ignore'. However, this may ignore both connectivity
\o and non-connectivity changes, thereby generating an incorrect netlist.
\o To avoid reporting of non-connectivity changes after performing a hierarchical
\o check and save operation, set 'schematic' 'autoEquivalentConnectivityTime' to
\o 't' in the .cdsenv file. After setting the autoEquivalentConnectivityTime
\o variable, set simSymbolModifiedAction to 'error' to receive reports of only
\o connectivity issues during netlisting.
\o The variable simSymbolModifiedAction controls the severity of this message,
\o which can be 'ignore', 'warning', or 'error'.
\o 
\o WARNING (OSSHNL-325): Place master 'ESDLIB/esdnmos4/symbol' for instance 'MNLIB_DR1' has been modified since the last
\o extraction of its parent cellview 'IOLIB_4M/ICP/cmos_sch'.
\o Connectivity changes in the place master can cause issues in the generated
\o netlist. To resolve such issues:
\o -Reextract the parent cellview 'IOLIB_4M/ICP/cmos_sch' and regenerate the netlist. To avoid
\o multiple Check and Save operations, use the Check Hierarchy form or the
\o schHiCheckHier SKILL function to do a hierarchical check and save on the top
\o cell and then generate the netlist.
\o -Ignore all connectivity checks for this place master by specifying it to the
\o list of cellviews to be ignored using the hnlUserIgnoreCVModifyList variable.
\o -Change the severity of modification errors by setting the environment variable
\o simSymbolModifiedAction to 'ignore'. However, this may ignore both connectivity
\o and non-connectivity changes, thereby generating an incorrect netlist.
\o To avoid reporting of non-connectivity changes after performing a hierarchical
\o check and save operation, set 'schematic' 'autoEquivalentConnectivityTime' to
\o 't' in the .cdsenv file. After setting the autoEquivalentConnectivityTime
\o variable, set simSymbolModifiedAction to 'error' to receive reports of only
\o connectivity issues during netlisting.
\o The variable simSymbolModifiedAction controls the severity of this message,
\o which can be 'ignore', 'warning', or 'error'.
\o 
\o WARNING (OSSHNL-325): Place master 'ESDLIB/esdpmos4/symbol' for instance 'MPLIB_DR1' has been modified since the last
\o extraction of its parent cellview 'IOLIB_4M/ICP/cmos_sch'.
\o Connectivity changes in the place master can cause issues in the generated
\o netlist. To resolve such issues:
\o -Reextract the parent cellview 'IOLIB_4M/ICP/cmos_sch' and regenerate the netlist. To avoid
\o multiple Check and Save operations, use the Check Hierarchy form or the
\o schHiCheckHier SKILL function to do a hierarchical check and save on the top
\o cell and then generate the netlist.
\o -Ignore all connectivity checks for this place master by specifying it to the
\o list of cellviews to be ignored using the hnlUserIgnoreCVModifyList variable.
\o -Change the severity of modification errors by setting the environment variable
\o simSymbolModifiedAction to 'ignore'. However, this may ignore both connectivity
\o and non-connectivity changes, thereby generating an incorrect netlist.
\o To avoid reporting of non-connectivity changes after performing a hierarchical
\o check and save operation, set 'schematic' 'autoEquivalentConnectivityTime' to
\o 't' in the .cdsenv file. After setting the autoEquivalentConnectivityTime
\o variable, set simSymbolModifiedAction to 'error' to receive reports of only
\o connectivity issues during netlisting.
\o The variable simSymbolModifiedAction controls the severity of this message,
\o which can be 'ignore', 'warning', or 'error'.
\o 
\o WARNING (OSSHNL-325): Place master 'PRIMLIB/rdiffp3/symbol' for instance 'RLIB_GC2' has been modified since the last
\o extraction of its parent cellview 'IOLIB_4M/ICP/cmos_sch'.
\o Connectivity changes in the place master can cause issues in the generated
\o netlist. To resolve such issues:
\o -Reextract the parent cellview 'IOLIB_4M/ICP/cmos_sch' and regenerate the netlist. To avoid
\o multiple Check and Save operations, use the Check Hierarchy form or the
\o schHiCheckHier SKILL function to do a hierarchical check and save on the top
\o cell and then generate the netlist.
\o -Ignore all connectivity checks for this place master by specifying it to the
\o list of cellviews to be ignored using the hnlUserIgnoreCVModifyList variable.
\o -Change the severity of modification errors by setting the environment variable
\o simSymbolModifiedAction to 'ignore'. However, this may ignore both connectivity
\o and non-connectivity changes, thereby generating an incorrect netlist.
\o To avoid reporting of non-connectivity changes after performing a hierarchical
\o check and save operation, set 'schematic' 'autoEquivalentConnectivityTime' to
\o 't' in the .cdsenv file. After setting the autoEquivalentConnectivityTime
\o variable, set simSymbolModifiedAction to 'error' to receive reports of only
\o connectivity issues during netlisting.
\o The variable simSymbolModifiedAction controls the severity of this message,
\o which can be 'ignore', 'warning', or 'error'.
\o 
\o WARNING (OSSHNL-325): Place master 'PRIMLIB/rpoly1c/symbol' for instance 'RLIB_GC1' has been modified since the last
\o extraction of its parent cellview 'IOLIB_4M/GND3RP/cmos_sch'.
\o Connectivity changes in the place master can cause issues in the generated
\o netlist. To resolve such issues:
\o -Reextract the parent cellview 'IOLIB_4M/GND3RP/cmos_sch' and regenerate the netlist. To avoid
\o multiple Check and Save operations, use the Check Hierarchy form or the
\o schHiCheckHier SKILL function to do a hierarchical check and save on the top
\o cell and then generate the netlist.
\o -Ignore all connectivity checks for this place master by specifying it to the
\o list of cellviews to be ignored using the hnlUserIgnoreCVModifyList variable.
\o -Change the severity of modification errors by setting the environment variable
\o simSymbolModifiedAction to 'ignore'. However, this may ignore both connectivity
\o and non-connectivity changes, thereby generating an incorrect netlist.
\o To avoid reporting of non-connectivity changes after performing a hierarchical
\o check and save operation, set 'schematic' 'autoEquivalentConnectivityTime' to
\o 't' in the .cdsenv file. After setting the autoEquivalentConnectivityTime
\o variable, set simSymbolModifiedAction to 'error' to receive reports of only
\o connectivity issues during netlisting.
\o The variable simSymbolModifiedAction controls the severity of this message,
\o which can be 'ignore', 'warning', or 'error'.
\o 
\o WARNING (OSSHNL-325): Place master 'ESDLIB/esdnmos4/symbol' for instance 'MNLIB_DR1' has been modified since the last
\o extraction of its parent cellview 'IOLIB_4M/GND3RP/cmos_sch'.
\o Connectivity changes in the place master can cause issues in the generated
\o netlist. To resolve such issues:
\o -Reextract the parent cellview 'IOLIB_4M/GND3RP/cmos_sch' and regenerate the netlist. To avoid
\o multiple Check and Save operations, use the Check Hierarchy form or the
\o schHiCheckHier SKILL function to do a hierarchical check and save on the top
\o cell and then generate the netlist.
\o -Ignore all connectivity checks for this place master by specifying it to the
\o list of cellviews to be ignored using the hnlUserIgnoreCVModifyList variable.
\o -Change the severity of modification errors by setting the environment variable
\o simSymbolModifiedAction to 'ignore'. However, this may ignore both connectivity
\o and non-connectivity changes, thereby generating an incorrect netlist.
\o To avoid reporting of non-connectivity changes after performing a hierarchical
\o check and save operation, set 'schematic' 'autoEquivalentConnectivityTime' to
\o 't' in the .cdsenv file. After setting the autoEquivalentConnectivityTime
\o variable, set simSymbolModifiedAction to 'error' to receive reports of only
\o connectivity issues during netlisting.
\o The variable simSymbolModifiedAction controls the severity of this message,
\o which can be 'ignore', 'warning', or 'error'.
\o 
\o WARNING (OSSHNL-325): Place master 'PRIMLIB/rpoly1c/symbol' for instance 'RLIB_GC1' has been modified since the last
\o extraction of its parent cellview 'IOLIB_4M/GND3OP/cmos_sch'.
\o Connectivity changes in the place master can cause issues in the generated
\o netlist. To resolve such issues:
\o -Reextract the parent cellview 'IOLIB_4M/GND3OP/cmos_sch' and regenerate the netlist. To avoid
\o multiple Check and Save operations, use the Check Hierarchy form or the
\o schHiCheckHier SKILL function to do a hierarchical check and save on the top
\o cell and then generate the netlist.
\o -Ignore all connectivity checks for this place master by specifying it to the
\o list of cellviews to be ignored using the hnlUserIgnoreCVModifyList variable.
\o -Change the severity of modification errors by setting the environment variable
\o simSymbolModifiedAction to 'ignore'. However, this may ignore both connectivity
\o and non-connectivity changes, thereby generating an incorrect netlist.
\o To avoid reporting of non-connectivity changes after performing a hierarchical
\o check and save operation, set 'schematic' 'autoEquivalentConnectivityTime' to
\o 't' in the .cdsenv file. After setting the autoEquivalentConnectivityTime
\o variable, set simSymbolModifiedAction to 'error' to receive reports of only
\o connectivity issues during netlisting.
\o The variable simSymbolModifiedAction controls the severity of this message,
\o which can be 'ignore', 'warning', or 'error'.
\o 
\o WARNING (OSSHNL-325): Place master 'ESDLIB/esdnmos4/symbol' for instance 'MNLIB_DR1' has been modified since the last
\o extraction of its parent cellview 'IOLIB_4M/GND3OP/cmos_sch'.
\o Connectivity changes in the place master can cause issues in the generated
\o netlist. To resolve such issues:
\o -Reextract the parent cellview 'IOLIB_4M/GND3OP/cmos_sch' and regenerate the netlist. To avoid
\o multiple Check and Save operations, use the Check Hierarchy form or the
\o schHiCheckHier SKILL function to do a hierarchical check and save on the top
\o cell and then generate the netlist.
\o -Ignore all connectivity checks for this place master by specifying it to the
\o list of cellviews to be ignored using the hnlUserIgnoreCVModifyList variable.
\o -Change the severity of modification errors by setting the environment variable
\o simSymbolModifiedAction to 'ignore'. However, this may ignore both connectivity
\o and non-connectivity changes, thereby generating an incorrect netlist.
\o To avoid reporting of non-connectivity changes after performing a hierarchical
\o check and save operation, set 'schematic' 'autoEquivalentConnectivityTime' to
\o 't' in the .cdsenv file. After setting the autoEquivalentConnectivityTime
\o variable, set simSymbolModifiedAction to 'error' to receive reports of only
\o connectivity issues during netlisting.
\o The variable simSymbolModifiedAction controls the severity of this message,
\o which can be 'ignore', 'warning', or 'error'.
\o 
\o WARNING (OSSHNL-940): Same Cell name 'presistor' is present in multiple libraries -  PRIMLIB and analogLib.
\o 
\o [2026-06-03 15:53:17.019 Z] [INFO] [cadence.virtuoso.ade.services.netlister] - Heartbeat in netlister service {"point": 0, "testname": "TIA_Gain_Linearity_MC"}
\o [2026-06-03 15:53:28.031 Z] [INFO] [cadence.virtuoso.ade.services.netlister] - Heartbeat in netlister service {"point": 0, "testname": "TIA_Gain_Linearity_MC"}
\o Loading json.cxt 
\o End netlisting Jun  3 15:53:39 2026
\o 
\o Netlisting Statistics:
\o 	Number of components: 80662
\o 
\o 	Elapsed time:         33.0s (2444.30/s)
\o Errors: 0	Warnings: 0
\o       ...successful.
\o compose simulator input file...
\o       ...successful.
\o [2026-06-03 15:53:40.145 Z] [INFO] [cadence.virtuoso.ade.services.netlister] - Finished preparing netlist {"point": 0, "testname": "TIA_Gain_Linearity_MC", "testnameKey": "TIA_Gain_Linearity_MC"}
\o [2026-06-03 15:53:41.150 Z] [EVENT] [cadence.virtuoso.ade.services.netlister] - NewPoint {"point": 1, "testname": "TIA_Gain_Linearity_MC", "event": "NewPoint", "EventSource": "Netlist Service", "HistoryName": "MonteCarlo.2", "logFile": "/home/hrahimi/projects/POTENTIOSTAT_26/logs_hrahimi/logs0/Service45.log", "logFileSize": "42211"}
\o [2026-06-03 15:53:41.150 Z] [INFO] [cadence.virtuoso.ade.services.netlister] - Started netlisting {"point": 1, "testname": "TIA_Gain_Linearity_MC"}
\o Simulation design variables differ from those on the cellView,
\o they have been saved in the file "/tmp/saved-design-variables".
\o To save future changes, copy variables to cellView before exiting.
\o *Warning* AXL Context Manager : job 45 is already registered. 
\o 
\o 
\o 
\o *Info*    Configuring the session ...
\o 
\o 	Library      = Potentiostat_Top
\o 	Cell         = top
\o 	View         = config
\o 	Simulator    = spectre
\o 	State Path   = $AXL_SETUPDB_DIR/test_states
\o 	State Name   = MonteCarlo.2
\o 	Results DB   = /home/hrahimi/projects/POTENTIOSTAT_26/Potentiostat_Top/top/maestro/results/maestro/MonteCarlo.2.rdb
\o 	Results Dir  = /home/hrahimi/projects/POTENTIOSTAT_26/Sim/Potentiostat_Top/top/maestro/results/maestro/MonteCarlo.2/1/TIA_Gain_Linearity_MC
\o 	Results Loc  = /home/hrahimi/projects/POTENTIOSTAT_26/Sim/Potentiostat_Top/top/maestro/results/maestro
\o 	Project Dir  = /home/hrahimi/projects/POTENTIOSTAT_26/Sim
\o 	Setup DB loc = /home/hrahimi/projects/POTENTIOSTAT_26/Potentiostat_Top/top/maestro
\o 	File Encoding = 0
\o 
\o 
\o 
\o *Info*    The auto suspension is disabled.
\o 
\o Resetting statistical vars
\o 
\o *Info*    Setting parameter values ...
\o 
\o Setting var Calib_EN = "1"
\o Setting var Cdl = "10n"
\o Setting var Cdl_CE = "10n"
\o Setting var Idc = "0"
\o Setting var Iin_TIA_AC = "1"
\o Setting var Ipulse = "0"
\o Setting var PTAT_EN = "0"
\o Setting var R_ct = "500k"
\o Setting var Rct_CE = "100k"
\o Setting var Rs_CE = "10k"
\o Setting var Rs_WE = "10k"
\o Setting var S0 = "0"
\o Setting var S1 = "0"
\o Setting var S2 = "1"
\o Setting var S3 = "0"
\o Setting var Vb = "1.615"
\o Setting var Vin_CA_AC = "0"
\o Setting var temperature = "27"
\o Setting temp(T) = 27
\o Setting var vdd = "3.3"
\o Setting var vddpuls = "0"
\o Setting var vpuls = "0"
\o Setting var vref = "1.615"
\o Setting var vtran = "0"
\o 
\o *Info*    Netlist Directory =
\o           /home/hrahimi/projects/POTENTIOSTAT_26/Sim/Potentiostat_Top/top/maestro/results/maestro/MonteCarlo.2/1/TIA_Gain_Linearity_MC/groupRunDataDir/netlist
\o 
\o 
\o *Info*    Data Directory    =
\o           /home/hrahimi/projects/POTENTIOSTAT_26/Sim/Potentiostat_Top/top/maestro/results/maestro/MonteCarlo.2/1/TIA_Gain_Linearity_MC/groupRunDataDir
\o 
\o Reusing AHDL Data dir
\w *WARNING* (CMGR-6144): The 'ciRefreshCellView' SKILL function is not applicable to the layout constraint cache 'Potentiostat_cpoly 8_Poten_PTAT av_extracted'. Run the 'dbRefreshCellView' SKILL function to refresh the cellview.
\w *WARNING* (CMGR-6144): The 'ciRefreshCellView' SKILL function is not applicable to the layout constraint cache 'FBIAS fbias_bias2_f av_extracted'. Run the 'dbRefreshCellView' SKILL function to refresh the cellview.
\o generate netlist...
\o function ansCdlCompPrim redefined
\o Ignoring netlist creation since ignoreDesignChangesDuringRun is set to true
\o       ...successful.
\o compose simulator input file...
\o       ...successful.
\o WARNING (ADE-3080): Fast viewing extensions for PSF XL format (also known as RTSF) will be discontinued  
\o        and Virtuoso Visualization and Analysis XL will not use RTSF data to plot waveforms from IC6.1.8 ISR7 onward. 
\o        There will be no performance impact on data visualization due to this change.
\o [2026-06-03 15:53:44.703 Z] [PROCESS] [cadence.virtuoso.ade.services.netlister] - Current memory used: 846.3750 MBytes, peak memory used: 846.3750 MBytes {"hostname": "il2244vt26_hrahimi", "processid": 2620711, "testname": "TIA_Gain_Linearity_MC", "point": 1, "logfile": "/home/hrahimi/projects/POTENTIOSTAT_26/logs_hrahimi/logs0/Service45.log"}
\o [2026-06-03 15:53:44.704 Z] [INFO] [cadence.virtuoso.ade.services.netlister] - Finished netlisting {"point": 1, "testname": "TIA_Gain_Linearity_MC"}
\o [2026-06-03 15:58:27.142 Z] [EVENT] [cadence.virtuoso.ade.services.netlister] - NewPoint {"point": 0, "testname": "Poten_MC", "event": "NewPoint", "EventSource": "Netlist Service", "HistoryName": "MonteCarlo.3", "logFile": "/home/hrahimi/projects/POTENTIOSTAT_26/logs_hrahimi/logs0/Service45.log", "logFileSize": "46486"}
\o [2026-06-03 15:58:27.143 Z] [INFO] [cadence.virtuoso.ade.services.netlister] - Started preparing netlist {"point": 0, "testname": "Poten_MC", "testnameKey": "Poten_MC"}
\o Simulation design variables differ from those on the cellView,
\o they have been saved in the file "/tmp/saved-design-variables".
\o To save future changes, copy variables to cellView before exiting.
\o *Warning* AXL Context Manager : job 45 is already registered. 
\o 
\o 
\o 
\o *Info*    Configuring the session ...
\o 
\o 	Library      = Potentiostat_Top
\o 	Cell         = top
\o 	View         = config
\o 	Simulator    = spectre
\o 	State Path   = $AXL_SETUPDB_DIR/test_states
\o 	State Name   = MonteCarlo.3
\o 	Results DB   = /home/hrahimi/projects/POTENTIOSTAT_26/Potentiostat_Top/top/maestro/results/maestro/MonteCarlo.3.rdb
\o 	Results Dir  = /home/hrahimi/projects/POTENTIOSTAT_26/Sim/Potentiostat_Top/top/maestro/results/maestro/MonteCarlo.3/1/Poten_MC
\o 	Results Loc  = /home/hrahimi/projects/POTENTIOSTAT_26/Sim/Potentiostat_Top/top/maestro/results/maestro
\o 	Project Dir  = /home/hrahimi/projects/POTENTIOSTAT_26/Sim
\o 	Setup DB loc = /home/hrahimi/projects/POTENTIOSTAT_26/Potentiostat_Top/top/maestro
\o 	File Encoding = 0
\o 
\o 
\o 
\o *Info*    The auto suspension is disabled.
\o 
\o Resetting statistical vars
\o 
\o *Info*    Setting parameter values ...
\o 
\o Setting var Calib_EN = "1"
\o Setting var Cdl = "10n"
\o Setting var Cdl_CE = "10n"
\o Setting var Idc = "0"
\o Setting var Iin_TIA_AC = "0"
\o Setting var Ipulse = "0"
\o Setting var PTAT_EN = "0"
\o Setting var R_ct = "500k"
\o Setting var Rct_CE = "100k"
\o Setting var Rs_CE = "10k"
\o Setting var Rs_WE = "10k"
\o Setting var S0 = "0"
\o Setting var S1 = "0"
\o Setting var S2 = "1"
\o Setting var S3 = "0"
\o Setting var Vb = "1.7"
\o Setting var Vin_CA_AC = "1"
\o Setting var vdd = "3.3"
\o Setting var vddpuls = "0"
\o Setting var vpuls = "-50m"
\o Setting var vref = "1.615"
\o Setting var vtran = "0"
\o Reusing AHDL Data dir
\o 
\o *Info*    Data Directory    =
\o           /home/hrahimi/projects/POTENTIOSTAT_26/Sim/Potentiostat_Top/top/maestro/results/maestro/MonteCarlo.3/psf/Poten_MC
\o 
\w *WARNING* (CMGR-6144): The 'ciRefreshCellView' SKILL function is not applicable to the layout constraint cache 'Potentiostat_cpoly 8_Poten_PTAT av_extracted'. Run the 'dbRefreshCellView' SKILL function to refresh the cellview.
\w *WARNING* (CMGR-6144): The 'ciRefreshCellView' SKILL function is not applicable to the layout constraint cache 'FBIAS fbias_bias2_f av_extracted'. Run the 'dbRefreshCellView' SKILL function to refresh the cellview.
\o generate netlist...
\o function ansCdlCompPrim redefined
\o function ansCdlCompPrim redefined
\o Begin Incremental Netlisting Jun  3 15:58:31 2026
\o WARNING (OSSHNL-325): Place master 'ESDLIB/esdnmos4/symbol' for instance 'MNLIB_DR1' has been modified since the last
\o extraction of its parent cellview 'IOLIB_ANA_4M/AGND3ALLP/schematic'.
\o Connectivity changes in the place master can cause issues in the generated
\o netlist. To resolve such issues:
\o -Reextract the parent cellview 'IOLIB_ANA_4M/AGND3ALLP/schematic' and regenerate the netlist. To avoid
\o multiple Check and Save operations, use the Check Hierarchy form or the
\o schHiCheckHier SKILL function to do a hierarchical check and save on the top
\o cell and then generate the netlist.
\o -Ignore all connectivity checks for this place master by specifying it to the
\o list of cellviews to be ignored using the hnlUserIgnoreCVModifyList variable.
\o -Change the severity of modification errors by setting the environment variable
\o simSymbolModifiedAction to 'ignore'. However, this may ignore both connectivity
\o and non-connectivity changes, thereby generating an incorrect netlist.
\o To avoid reporting of non-connectivity changes after performing a hierarchical
\o check and save operation, set 'schematic' 'autoEquivalentConnectivityTime' to
\o 't' in the .cdsenv file. After setting the autoEquivalentConnectivityTime
\o variable, set simSymbolModifiedAction to 'error' to receive reports of only
\o connectivity issues during netlisting.
\o The variable simSymbolModifiedAction controls the severity of this message,
\o which can be 'ignore', 'warning', or 'error'.
\o 
\o WARNING (OSSHNL-325): Place master 'PRIMLIB/rpoly1c/symbol' for instance 'RLIB_GC1' has been modified since the last
\o extraction of its parent cellview 'IOLIB_ANA_4M/AVDD3ALLP/schematic'.
\o Connectivity changes in the place master can cause issues in the generated
\o netlist. To resolve such issues:
\o -Reextract the parent cellview 'IOLIB_ANA_4M/AVDD3ALLP/schematic' and regenerate the netlist. To avoid
\o multiple Check and Save operations, use the Check Hierarchy form or the
\o schHiCheckHier SKILL function to do a hierarchical check and save on the top
\o cell and then generate the netlist.
\o -Ignore all connectivity checks for this place master by specifying it to the
\o list of cellviews to be ignored using the hnlUserIgnoreCVModifyList variable.
\o -Change the severity of modification errors by setting the environment variable
\o simSymbolModifiedAction to 'ignore'. However, this may ignore both connectivity
\o and non-connectivity changes, thereby generating an incorrect netlist.
\o To avoid reporting of non-connectivity changes after performing a hierarchical
\o check and save operation, set 'schematic' 'autoEquivalentConnectivityTime' to
\o 't' in the .cdsenv file. After setting the autoEquivalentConnectivityTime
\o variable, set simSymbolModifiedAction to 'error' to receive reports of only
\o connectivity issues during netlisting.
\o The variable simSymbolModifiedAction controls the severity of this message,
\o which can be 'ignore', 'warning', or 'error'.
\o 
\o WARNING (OSSHNL-325): Place master 'ESDLIB/esdnmos4/symbol' for instance 'MNLIB_DR1' has been modified since the last
\o extraction of its parent cellview 'IOLIB_ANA_4M/AVDD3ALLP/schematic'.
\o Connectivity changes in the place master can cause issues in the generated
\o netlist. To resolve such issues:
\o -Reextract the parent cellview 'IOLIB_ANA_4M/AVDD3ALLP/schematic' and regenerate the netlist. To avoid
\o multiple Check and Save operations, use the Check Hierarchy form or the
\o schHiCheckHier SKILL function to do a hierarchical check and save on the top
\o cell and then generate the netlist.
\o -Ignore all connectivity checks for this place master by specifying it to the
\o list of cellviews to be ignored using the hnlUserIgnoreCVModifyList variable.
\o -Change the severity of modification errors by setting the environment variable
\o simSymbolModifiedAction to 'ignore'. However, this may ignore both connectivity
\o and non-connectivity changes, thereby generating an incorrect netlist.
\o To avoid reporting of non-connectivity changes after performing a hierarchical
\o check and save operation, set 'schematic' 'autoEquivalentConnectivityTime' to
\o 't' in the .cdsenv file. After setting the autoEquivalentConnectivityTime
\o variable, set simSymbolModifiedAction to 'error' to receive reports of only
\o connectivity issues during netlisting.
\o The variable simSymbolModifiedAction controls the severity of this message,
\o which can be 'ignore', 'warning', or 'error'.
\o 
\o [2026-06-03 15:58:31.620 Z] [INFO] [cadence.virtuoso.ade.services.netlister] - Heartbeat in netlister service {"point": 0, "testname": "Poten_MC"}
\o WARNING (OSSHNL-325): Place master 'PRIMLIB/rpoly2c/symbol' for instance 'R3' has been modified since the last
\o extraction of its parent cellview 'IOLIB_ANA_4M/APRIO200P/schematic'.
\o Connectivity changes in the place master can cause issues in the generated
\o netlist. To resolve such issues:
\o -Reextract the parent cellview 'IOLIB_ANA_4M/APRIO200P/schematic' and regenerate the netlist. To avoid
\o multiple Check and Save operations, use the Check Hierarchy form or the
\o schHiCheckHier SKILL function to do a hierarchical check and save on the top
\o cell and then generate the netlist.
\o -Ignore all connectivity checks for this place master by specifying it to the
\o list of cellviews to be ignored using the hnlUserIgnoreCVModifyList variable.
\o -Change the severity of modification errors by setting the environment variable
\o simSymbolModifiedAction to 'ignore'. However, this may ignore both connectivity
\o and non-connectivity changes, thereby generating an incorrect netlist.
\o To avoid reporting of non-connectivity changes after performing a hierarchical
\o check and save operation, set 'schematic' 'autoEquivalentConnectivityTime' to
\o 't' in the .cdsenv file. After setting the autoEquivalentConnectivityTime
\o variable, set simSymbolModifiedAction to 'error' to receive reports of only
\o connectivity issues during netlisting.
\o The variable simSymbolModifiedAction controls the severity of this message,
\o which can be 'ignore', 'warning', or 'error'.
\o 
\o WARNING (OSSHNL-160): The primitive, 'IOLIB_4M/PWRCUT_DIG_P_DX/symbol', was not used in the last netlisting session in this
\o current run directory. Therefore, re-netlisting all cell views where this
\o primitive is instantiated.
\o 
\o WARNING (OSSHNL-160): The primitive, 'IOLIB_4M/VDD3RP/symbol', was not used in the last netlisting session in this
\o current run directory. Therefore, re-netlisting all cell views where this
\o primitive is instantiated.
\o 
\o WARNING (OSSHNL-160): The primitive, 'IOLIB_4M/VDD3OP/symbol', was not used in the last netlisting session in this
\o current run directory. Therefore, re-netlisting all cell views where this
\o primitive is instantiated.
\o 
\o WARNING (OSSHNL-160): The primitive, 'IOLIB_4M/VDD3IP/symbol', was not used in the last netlisting session in this
\o current run directory. Therefore, re-netlisting all cell views where this
\o primitive is instantiated.
\o 
\o WARNING (OSSHNL-160): The primitive, 'IOLIB_4M/ICP/symbol', was not used in the last netlisting session in this
\o current run directory. Therefore, re-netlisting all cell views where this
\o primitive is instantiated.
\o 
\o WARNING (OSSHNL-160): The primitive, 'IOLIB_4M/GND3RP/symbol', was not used in the last netlisting session in this
\o current run directory. Therefore, re-netlisting all cell views where this
\o primitive is instantiated.
\o 
\o WARNING (OSSHNL-160): The primitive, 'IOLIB_4M/GND3OP/symbol', was not used in the last netlisting session in this
\o current run directory. Therefore, re-netlisting all cell views where this
\o primitive is instantiated.
\o 
\o WARNING (OSSHNL-160): The primitive, 'IOLIB_4M/GND3IP/symbol', was not used in the last netlisting session in this
\o current run directory. Therefore, re-netlisting all cell views where this
\o primitive is instantiated.
\o 
\# Memory report: using         615 MB, process size 2,379 MB at UTC 2026.06.03 15:58:35.223
\o Netlist Error: Cannot find any info on instance "I20" in cell-view "VT26_IO_RING" "IO_RING_S_VHS" "schematic"
\o Netlist Error: Some cell-views used inside this block could not be netlisted in analog context
\o Netlist Error: Cannot find any info on instance "I19" in cell-view "VT26_IO_RING" "IO_RING_S_VHS" "schematic"
\o Netlist Error: Some cell-views used inside this block could not be netlisted in analog context
\o Netlist Error: Cannot find any info on instance "I1" in cell-view "VT26_IO_RING" "IO_RING_S_VHS" "schematic"
\o Netlist Error: Some cell-views used inside this block could not be netlisted in analog context
\o Netlist Error: Cannot find any info on instance "I2" in cell-view "VT26_IO_RING" "IO_RING_S_VHS" "schematic"
\o Netlist Error: Some cell-views used inside this block could not be netlisted in analog context
\o Netlist Error: Cannot find any info on instance "I6" in cell-view "VT26_IO_RING" "IO_RING_S_VHS" "schematic"
\o Netlist Error: Some cell-views used inside this block could not be netlisted in analog context
\o Netlist Error: Cannot find any info on instance "I3" in cell-view "VT26_IO_RING" "IO_RING_S_VHS" "schematic"
\o Netlist Error: Some cell-views used inside this block could not be netlisted in analog context
\o Netlist Error: Cannot find any info on instance "I5" in cell-view "VT26_IO_RING" "IO_RING_S_VHS" "schematic"
\o Netlist Error: Some cell-views used inside this block could not be netlisted in analog context
\o Netlist Error: Cannot find any info on instance "I4" in cell-view "VT26_IO_RING" "IO_RING_S_VHS" "schematic"
\o Netlist Error: Some cell-views used inside this block could not be netlisted in analog context
\o Netlist Error: Cannot find any info on instance "I18" in cell-view "VT26_IO_RING" "IO_RING_S_VHS" "schematic"
\o Netlist Error: Some cell-views used inside this block could not be netlisted in analog context
\o Netlist Error: Cannot find any info on instance "I17" in cell-view "VT26_IO_RING" "IO_RING_S_VHS" "schematic"
\o Netlist Error: Some cell-views used inside this block could not be netlisted in analog context
\o Netlist Error: Cannot find any info on instance "I0" in cell-view "VT26_IO_RING" "IO_RING_S_VHS" "schematic"
\o Netlist Error: Some cell-views used inside this block could not be netlisted in analog context
\o End netlisting Jun  3 15:58:35 2026
\o ERROR (OSSHNL-514): Netlist generation failed because of the errors reported above. The netlist might not have been generated at all, or the generated netlist could be corrupt. Fix the reported errors and regenerate the netlist.
\o       ...unsuccessful.
\e *Error* failed at creating netlist
\o [2026-06-03 15:58:35.385 Z] [INFO] [cadence.virtuoso.ade.services.netlister] - Finished preparing netlist {"point": 0, "testname": "Poten_MC", "testnameKey": "Poten_MC"}
\o Loading verilogI.cxt 
\o [2026-06-03 16:02:24.145 Z] [EVENT] [cadence.virtuoso.ade.services.netlister] - NewPoint {"point": 0, "testname": "Poten_MC", "event": "NewPoint", "EventSource": "Netlist Service", "HistoryName": "MonteCarlo.4", "logFile": "/home/hrahimi/projects/POTENTIOSTAT_26/logs_hrahimi/logs0/Service45.log", "logFileSize": "60510"}
\o [2026-06-03 16:02:24.145 Z] [INFO] [cadence.virtuoso.ade.services.netlister] - Started preparing netlist {"point": 0, "testname": "Poten_MC", "testnameKey": "Poten_MC"}
\o Simulation design variables differ from those on the cellView,
\o they have been saved in the file "/tmp/saved-design-variables".
\o To save future changes, copy variables to cellView before exiting.
\o *Warning* AXL Context Manager : job 45 is already registered. 
\o 
\o 
\o 
\o *Info*    Configuring the session ...
\o 
\o 	Library      = Potentiostat_Top
\o 	Cell         = top
\o 	View         = config
\o 	Simulator    = spectre
\o 	State Path   = $AXL_SETUPDB_DIR/test_states
\o 	State Name   = MonteCarlo.4
\o 	Results DB   = /home/hrahimi/projects/POTENTIOSTAT_26/Potentiostat_Top/top/maestro/results/maestro/MonteCarlo.4.rdb
\o 	Results Dir  = /home/hrahimi/projects/POTENTIOSTAT_26/Sim/Potentiostat_Top/top/maestro/results/maestro/MonteCarlo.4/1/Poten_MC
\o 	Results Loc  = /home/hrahimi/projects/POTENTIOSTAT_26/Sim/Potentiostat_Top/top/maestro/results/maestro
\o 	Project Dir  = /home/hrahimi/projects/POTENTIOSTAT_26/Sim
\o 	Setup DB loc = /home/hrahimi/projects/POTENTIOSTAT_26/Potentiostat_Top/top/maestro
\o 	File Encoding = 0
\o 
\o 
\o 
\o *Info*    The auto suspension is disabled.
\o 
\o Resetting statistical vars
\o 
\o *Info*    Setting parameter values ...
\o 
\o Setting var Calib_EN = "1"
\o Setting var Cdl = "10n"
\o Setting var Cdl_CE = "10n"
\o Setting var Idc = "0"
\o Setting var Iin_TIA_AC = "0"
\o Setting var Ipulse = "0"
\o Setting var PTAT_EN = "0"
\o Setting var R_ct = "500k"
\o Setting var Rct_CE = "100k"
\o Setting var Rs_CE = "10k"
\o Setting var Rs_WE = "10k"
\o Setting var S0 = "0"
\o Setting var S1 = "0"
\o Setting var S2 = "1"
\o Setting var S3 = "0"
\o Setting var Vb = "1.7"
\o Setting var Vin_CA_AC = "1"
\o Setting var vdd = "3.3"
\o Setting var vddpuls = "0"
\o Setting var vpuls = "-50m"
\o Setting var vref = "1.615"
\o Setting var vtran = "0"
\o Reusing AHDL Data dir
\o 
\o *Info*    Data Directory    =
\o           /home/hrahimi/projects/POTENTIOSTAT_26/Sim/Potentiostat_Top/top/maestro/results/maestro/MonteCarlo.4/psf/Poten_MC
\o 
\w *WARNING* (CMGR-6144): The 'ciRefreshCellView' SKILL function is not applicable to the layout constraint cache 'Potentiostat_cpoly 8_Poten_PTAT av_extracted'. Run the 'dbRefreshCellView' SKILL function to refresh the cellview.
\w *WARNING* (CMGR-6144): The 'ciRefreshCellView' SKILL function is not applicable to the layout constraint cache 'FBIAS fbias_bias2_f av_extracted'. Run the 'dbRefreshCellView' SKILL function to refresh the cellview.
\o generate netlist...
\o function ansCdlCompPrim redefined
\o function ansCdlCompPrim redefined
\o Begin Incremental Netlisting Jun  3 16:02:28 2026
\o WARNING (OSSHNL-335): Design configuration has changed since last netlisting session in this run
\o directory. Netlist(s) from last session cannot be reused for incremental
\o netlisting. Therefore, re-netlisting the design.
\o 
\o WARNING (OSSHNL-117): Ignoring switch view 'drc_extracted' of cell 'IO_RING_S_VHS' in library 'VT26_IO_RING', as it does not contain
\o any instance. To netlist this cell, add this switch view to the stop list or to
\o ignore any specific instance set the property 'nlAction' to value "ignore" on
\o this cell view.
\o 
\o [2026-06-03 16:02:28.996 Z] [INFO] [cadence.virtuoso.ade.services.netlister] - Heartbeat in netlister service {"point": 0, "testname": "Poten_MC"}
\# Memory report: using         730 MB, process size 2,495 MB at UTC 2026.06.03 16:02:32.761
\o [2026-06-03 16:02:39.013 Z] [INFO] [cadence.virtuoso.ade.services.netlister] - Heartbeat in netlister service {"point": 0, "testname": "Poten_MC"}
\o [2026-06-03 16:02:50.009 Z] [INFO] [cadence.virtuoso.ade.services.netlister] - Heartbeat in netlister service {"point": 0, "testname": "Poten_MC"}
\o End netlisting Jun  3 16:03:01 2026
\o 
\o Netlisting Statistics:
\o 	Number of components: 80506
\o 
\o 	Elapsed time:         34.0s (2367.82/s)
\o Errors: 0	Warnings: 0
\o       ...successful.
\o compose simulator input file...
\o       ...successful.
\o [2026-06-03 16:03:02.857 Z] [INFO] [cadence.virtuoso.ade.services.netlister] - Finished preparing netlist {"point": 0, "testname": "Poten_MC", "testnameKey": "Poten_MC"}
\o [2026-06-03 16:03:03.866 Z] [EVENT] [cadence.virtuoso.ade.services.netlister] - NewPoint {"point": 1, "testname": "Poten_MC", "event": "NewPoint", "EventSource": "Netlist Service", "HistoryName": "MonteCarlo.4", "logFile": "/home/hrahimi/projects/POTENTIOSTAT_26/logs_hrahimi/logs0/Service45.log", "logFileSize": "64739"}
\o [2026-06-03 16:03:03.866 Z] [INFO] [cadence.virtuoso.ade.services.netlister] - Started netlisting {"point": 1, "testname": "Poten_MC"}
\o Simulation design variables differ from those on the cellView,
\o they have been saved in the file "/tmp/saved-design-variables".
\o To save future changes, copy variables to cellView before exiting.
\o *Warning* AXL Context Manager : job 45 is already registered. 
\o 
\o 
\o 
\o *Info*    Configuring the session ...
\o 
\o 	Library      = Potentiostat_Top
\o 	Cell         = top
\o 	View         = config
\o 	Simulator    = spectre
\o 	State Path   = $AXL_SETUPDB_DIR/test_states
\o 	State Name   = MonteCarlo.4
\o 	Results DB   = /home/hrahimi/projects/POTENTIOSTAT_26/Potentiostat_Top/top/maestro/results/maestro/MonteCarlo.4.rdb
\o 	Results Dir  = /home/hrahimi/projects/POTENTIOSTAT_26/Sim/Potentiostat_Top/top/maestro/results/maestro/MonteCarlo.4/1/Poten_MC
\o 	Results Loc  = /home/hrahimi/projects/POTENTIOSTAT_26/Sim/Potentiostat_Top/top/maestro/results/maestro
\o 	Project Dir  = /home/hrahimi/projects/POTENTIOSTAT_26/Sim
\o 	Setup DB loc = /home/hrahimi/projects/POTENTIOSTAT_26/Potentiostat_Top/top/maestro
\o 	File Encoding = 0
\o 
\o 
\o 
\o *Info*    The auto suspension is disabled.
\o 
\o Resetting statistical vars
\o 
\o *Info*    Setting parameter values ...
\o 
\o Setting var Calib_EN = "1"
\o Setting var Cdl = "10n"
\o Setting var Cdl_CE = "10n"
\o Setting var Idc = "0"
\o Setting var Iin_TIA_AC = "0"
\o Setting var Ipulse = "0"
\o Setting var PTAT_EN = "0"
\o Setting var R_ct = "500k"
\o Setting var Rct_CE = "100k"
\o Setting var Rs_CE = "10k"
\o Setting var Rs_WE = "10k"
\o Setting var S0 = "0"
\o Setting var S1 = "0"
\o Setting var S2 = "1"
\o Setting var S3 = "0"
\o Setting var Vb = "1.7"
\o Setting var Vin_CA_AC = "1"
\o Setting var temperature = "27"
\o Setting temp(T) = 27
\o Setting var vdd = "3.3"
\o Setting var vddpuls = "0"
\o Setting var vpuls = "-50m"
\o Setting var vref = "1.615"
\o Setting var vtran = "0"
\o 
\o *Info*    Netlist Directory =
\o           /home/hrahimi/projects/POTENTIOSTAT_26/Sim/Potentiostat_Top/top/maestro/results/maestro/MonteCarlo.4/1/Poten_MC/groupRunDataDir/netlist
\o 
\o 
\o *Info*    Data Directory    =
\o           /home/hrahimi/projects/POTENTIOSTAT_26/Sim/Potentiostat_Top/top/maestro/results/maestro/MonteCarlo.4/1/Poten_MC/groupRunDataDir
\o 
\o Reusing AHDL Data dir
\w *WARNING* (CMGR-6144): The 'ciRefreshCellView' SKILL function is not applicable to the layout constraint cache 'Potentiostat_cpoly 8_Poten_PTAT av_extracted'. Run the 'dbRefreshCellView' SKILL function to refresh the cellview.
\w *WARNING* (CMGR-6144): The 'ciRefreshCellView' SKILL function is not applicable to the layout constraint cache 'FBIAS fbias_bias2_f av_extracted'. Run the 'dbRefreshCellView' SKILL function to refresh the cellview.
\o generate netlist...
\o function ansCdlCompPrim redefined
\o Ignoring netlist creation since ignoreDesignChangesDuringRun is set to true
\o       ...successful.
\o compose simulator input file...
\o       ...successful.
\o WARNING (ADE-3080): Fast viewing extensions for PSF XL format (also known as RTSF) will be discontinued  
\o        and Virtuoso Visualization and Analysis XL will not use RTSF data to plot waveforms from IC6.1.8 ISR7 onward. 
\o        There will be no performance impact on data visualization due to this change.
\o [2026-06-03 16:03:07.523 Z] [PROCESS] [cadence.virtuoso.ade.services.netlister] - Current memory used: 1.0045 GBytes, peak memory used: 1.0045 GBytes {"hostname": "il2244vt26_hrahimi", "processid": 2620711, "testname": "Poten_MC", "point": 1, "logfile": "/home/hrahimi/projects/POTENTIOSTAT_26/logs_hrahimi/logs0/Service45.log"}
\o [2026-06-03 16:03:07.524 Z] [INFO] [cadence.virtuoso.ade.services.netlister] - Finished netlisting {"point": 1, "testname": "Poten_MC"}
\o [2026-06-03 16:06:20.297 Z] [EVENT] [cadence.virtuoso.ade.services.netlister] - NewPoint {"point": 0, "testname": "Poten_MC", "event": "NewPoint", "EventSource": "Netlist Service", "HistoryName": "MonteCarlo.5", "logFile": "/home/hrahimi/projects/POTENTIOSTAT_26/logs_hrahimi/logs0/Service45.log", "logFileSize": "69311"}
\o [2026-06-03 16:06:20.298 Z] [INFO] [cadence.virtuoso.ade.services.netlister] - Started preparing netlist {"point": 0, "testname": "Poten_MC", "testnameKey": "Poten_MC"}
\o Simulation design variables differ from those on the cellView,
\o they have been saved in the file "/tmp/saved-design-variables".
\o To save future changes, copy variables to cellView before exiting.
\o *Warning* AXL Context Manager : job 45 is already registered. 
\o 
\o 
\o 
\o *Info*    Configuring the session ...
\o 
\o 	Library      = Potentiostat_Top
\o 	Cell         = top
\o 	View         = config
\o 	Simulator    = spectre
\o 	State Path   = $AXL_SETUPDB_DIR/test_states
\o 	State Name   = MonteCarlo.5
\o 	Results DB   = /home/hrahimi/projects/POTENTIOSTAT_26/Potentiostat_Top/top/maestro/results/maestro/MonteCarlo.5.rdb
\o 	Results Dir  = /home/hrahimi/projects/POTENTIOSTAT_26/Sim/Potentiostat_Top/top/maestro/results/maestro/MonteCarlo.5/1/Poten_MC
\o 	Results Loc  = /home/hrahimi/projects/POTENTIOSTAT_26/Sim/Potentiostat_Top/top/maestro/results/maestro
\o 	Project Dir  = /home/hrahimi/projects/POTENTIOSTAT_26/Sim
\o 	Setup DB loc = /home/hrahimi/projects/POTENTIOSTAT_26/Potentiostat_Top/top/maestro
\o 	File Encoding = 0
\o 
\o 
\o 
\o *Info*    The auto suspension is disabled.
\o 
\o Resetting statistical vars
\o 
\o *Info*    Setting parameter values ...
\o 
\o Setting var Calib_EN = "1"
\o Setting var Cdl = "10n"
\o Setting var Cdl_CE = "10n"
\o Setting var Idc = "0"
\o Setting var Iin_TIA_AC = "0"
\o Setting var Ipulse = "0"
\o Setting var PTAT_EN = "0"
\o Setting var R_ct = "500k"
\o Setting var Rct_CE = "100k"
\o Setting var Rs_CE = "10k"
\o Setting var Rs_WE = "10k"
\o Setting var S0 = "0"
\o Setting var S1 = "0"
\o Setting var S2 = "1"
\o Setting var S3 = "0"
\o Setting var Vb = "1.7"
\o Setting var Vin_CA_AC = "1"
\o Setting var vdd = "3.3"
\o Setting var vddpuls = "0"
\o Setting var vpuls = "-50m"
\o Setting var vref = "1.615"
\o Setting var vtran = "0"
\o Reusing AHDL Data dir
\o 
\o *Info*    Data Directory    =
\o           /home/hrahimi/projects/POTENTIOSTAT_26/Sim/Potentiostat_Top/top/maestro/results/maestro/MonteCarlo.5/psf/Poten_MC
\o 
\w *WARNING* (CMGR-6144): The 'ciRefreshCellView' SKILL function is not applicable to the layout constraint cache 'Potentiostat_cpoly 8_Poten_PTAT av_extracted'. Run the 'dbRefreshCellView' SKILL function to refresh the cellview.
\w *WARNING* (CMGR-6144): The 'ciRefreshCellView' SKILL function is not applicable to the layout constraint cache 'FBIAS fbias_bias2_f av_extracted'. Run the 'dbRefreshCellView' SKILL function to refresh the cellview.
\o generate netlist...
\o function ansCdlCompPrim redefined
\o function ansCdlCompPrim redefined
\o Begin Incremental Netlisting Jun  3 16:06:24 2026
\o WARNING (OSSHNL-335): Design configuration has changed since last netlisting session in this run
\o directory. Netlist(s) from last session cannot be reused for incremental
\o netlisting. Therefore, re-netlisting the design.
\o 
\o WARNING (OSSHNL-325): Place master 'ESDLIB/esdnmos4/symbol' for instance 'MNLIB_DR1' has been modified since the last
\o extraction of its parent cellview 'IOLIB_ANA_4M/AGND3ALLP/schematic'.
\o Connectivity changes in the place master can cause issues in the generated
\o netlist. To resolve such issues:
\o -Reextract the parent cellview 'IOLIB_ANA_4M/AGND3ALLP/schematic' and regenerate the netlist. To avoid
\o multiple Check and Save operations, use the Check Hierarchy form or the
\o schHiCheckHier SKILL function to do a hierarchical check and save on the top
\o cell and then generate the netlist.
\o -Ignore all connectivity checks for this place master by specifying it to the
\o list of cellviews to be ignored using the hnlUserIgnoreCVModifyList variable.
\o -Change the severity of modification errors by setting the environment variable
\o simSymbolModifiedAction to 'ignore'. However, this may ignore both connectivity
\o and non-connectivity changes, thereby generating an incorrect netlist.
\o To avoid reporting of non-connectivity changes after performing a hierarchical
\o check and save operation, set 'schematic' 'autoEquivalentConnectivityTime' to
\o 't' in the .cdsenv file. After setting the autoEquivalentConnectivityTime
\o variable, set simSymbolModifiedAction to 'error' to receive reports of only
\o connectivity issues during netlisting.
\o The variable simSymbolModifiedAction controls the severity of this message,
\o which can be 'ignore', 'warning', or 'error'.
\o 
\o WARNING (OSSHNL-325): Place master 'PRIMLIB/rpoly1c/symbol' for instance 'RLIB_GC1' has been modified since the last
\o extraction of its parent cellview 'IOLIB_ANA_4M/AVDD3ALLP/schematic'.
\o Connectivity changes in the place master can cause issues in the generated
\o netlist. To resolve such issues:
\o -Reextract the parent cellview 'IOLIB_ANA_4M/AVDD3ALLP/schematic' and regenerate the netlist. To avoid
\o multiple Check and Save operations, use the Check Hierarchy form or the
\o schHiCheckHier SKILL function to do a hierarchical check and save on the top
\o cell and then generate the netlist.
\o -Ignore all connectivity checks for this place master by specifying it to the
\o list of cellviews to be ignored using the hnlUserIgnoreCVModifyList variable.
\o -Change the severity of modification errors by setting the environment variable
\o simSymbolModifiedAction to 'ignore'. However, this may ignore both connectivity
\o and non-connectivity changes, thereby generating an incorrect netlist.
\o To avoid reporting of non-connectivity changes after performing a hierarchical
\o check and save operation, set 'schematic' 'autoEquivalentConnectivityTime' to
\o 't' in the .cdsenv file. After setting the autoEquivalentConnectivityTime
\o variable, set simSymbolModifiedAction to 'error' to receive reports of only
\o connectivity issues during netlisting.
\o The variable simSymbolModifiedAction controls the severity of this message,
\o which can be 'ignore', 'warning', or 'error'.
\o 
\o WARNING (OSSHNL-325): Place master 'ESDLIB/esdnmos4/symbol' for instance 'MNLIB_DR1' has been modified since the last
\o extraction of its parent cellview 'IOLIB_ANA_4M/AVDD3ALLP/schematic'.
\o Connectivity changes in the place master can cause issues in the generated
\o netlist. To resolve such issues:
\o -Reextract the parent cellview 'IOLIB_ANA_4M/AVDD3ALLP/schematic' and regenerate the netlist. To avoid
\o multiple Check and Save operations, use the Check Hierarchy form or the
\o schHiCheckHier SKILL function to do a hierarchical check and save on the top
\o cell and then generate the netlist.
\o -Ignore all connectivity checks for this place master by specifying it to the
\o list of cellviews to be ignored using the hnlUserIgnoreCVModifyList variable.
\o -Change the severity of modification errors by setting the environment variable
\o simSymbolModifiedAction to 'ignore'. However, this may ignore both connectivity
\o and non-connectivity changes, thereby generating an incorrect netlist.
\o To avoid reporting of non-connectivity changes after performing a hierarchical
\o check and save operation, set 'schematic' 'autoEquivalentConnectivityTime' to
\o 't' in the .cdsenv file. After setting the autoEquivalentConnectivityTime
\o variable, set simSymbolModifiedAction to 'error' to receive reports of only
\o connectivity issues during netlisting.
\o The variable simSymbolModifiedAction controls the severity of this message,
\o which can be 'ignore', 'warning', or 'error'.
\o 
\o [2026-06-03 16:06:24.951 Z] [INFO] [cadence.virtuoso.ade.services.netlister] - Heartbeat in netlister service {"point": 0, "testname": "Poten_MC"}
\o WARNING (OSSHNL-325): Place master 'PRIMLIB/rpoly2c/symbol' for instance 'R3' has been modified since the last
\o extraction of its parent cellview 'IOLIB_ANA_4M/APRIO200P/schematic'.
\o Connectivity changes in the place master can cause issues in the generated
\o netlist. To resolve such issues:
\o -Reextract the parent cellview 'IOLIB_ANA_4M/APRIO200P/schematic' and regenerate the netlist. To avoid
\o multiple Check and Save operations, use the Check Hierarchy form or the
\o schHiCheckHier SKILL function to do a hierarchical check and save on the top
\o cell and then generate the netlist.
\o -Ignore all connectivity checks for this place master by specifying it to the
\o list of cellviews to be ignored using the hnlUserIgnoreCVModifyList variable.
\o -Change the severity of modification errors by setting the environment variable
\o simSymbolModifiedAction to 'ignore'. However, this may ignore both connectivity
\o and non-connectivity changes, thereby generating an incorrect netlist.
\o To avoid reporting of non-connectivity changes after performing a hierarchical
\o check and save operation, set 'schematic' 'autoEquivalentConnectivityTime' to
\o 't' in the .cdsenv file. After setting the autoEquivalentConnectivityTime
\o variable, set simSymbolModifiedAction to 'error' to receive reports of only
\o connectivity issues during netlisting.
\o The variable simSymbolModifiedAction controls the severity of this message,
\o which can be 'ignore', 'warning', or 'error'.
\o 
\o WARNING (OSSHNL-325): Place master 'PRIMLIB/rpoly1c/symbol' for instance 'RLIB_GC1' has been modified since the last
\o extraction of its parent cellview 'IOLIB_4M/VDD3RP/cmos_sch'.
\o Connectivity changes in the place master can cause issues in the generated
\o netlist. To resolve such issues:
\o -Reextract the parent cellview 'IOLIB_4M/VDD3RP/cmos_sch' and regenerate the netlist. To avoid
\o multiple Check and Save operations, use the Check Hierarchy form or the
\o schHiCheckHier SKILL function to do a hierarchical check and save on the top
\o cell and then generate the netlist.
\o -Ignore all connectivity checks for this place master by specifying it to the
\o list of cellviews to be ignored using the hnlUserIgnoreCVModifyList variable.
\o -Change the severity of modification errors by setting the environment variable
\o simSymbolModifiedAction to 'ignore'. However, this may ignore both connectivity
\o and non-connectivity changes, thereby generating an incorrect netlist.
\o To avoid reporting of non-connectivity changes after performing a hierarchical
\o check and save operation, set 'schematic' 'autoEquivalentConnectivityTime' to
\o 't' in the .cdsenv file. After setting the autoEquivalentConnectivityTime
\o variable, set simSymbolModifiedAction to 'error' to receive reports of only
\o connectivity issues during netlisting.
\o The variable simSymbolModifiedAction controls the severity of this message,
\o which can be 'ignore', 'warning', or 'error'.
\o 
\o WARNING (OSSHNL-325): Place master 'ESDLIB/esdnmos4/symbol' for instance 'MNLIB_DR1' has been modified since the last
\o extraction of its parent cellview 'IOLIB_4M/VDD3RP/cmos_sch'.
\o Connectivity changes in the place master can cause issues in the generated
\o netlist. To resolve such issues:
\o -Reextract the parent cellview 'IOLIB_4M/VDD3RP/cmos_sch' and regenerate the netlist. To avoid
\o multiple Check and Save operations, use the Check Hierarchy form or the
\o schHiCheckHier SKILL function to do a hierarchical check and save on the top
\o cell and then generate the netlist.
\o -Ignore all connectivity checks for this place master by specifying it to the
\o list of cellviews to be ignored using the hnlUserIgnoreCVModifyList variable.
\o -Change the severity of modification errors by setting the environment variable
\o simSymbolModifiedAction to 'ignore'. However, this may ignore both connectivity
\o and non-connectivity changes, thereby generating an incorrect netlist.
\o To avoid reporting of non-connectivity changes after performing a hierarchical
\o check and save operation, set 'schematic' 'autoEquivalentConnectivityTime' to
\o 't' in the .cdsenv file. After setting the autoEquivalentConnectivityTime
\o variable, set simSymbolModifiedAction to 'error' to receive reports of only
\o connectivity issues during netlisting.
\o The variable simSymbolModifiedAction controls the severity of this message,
\o which can be 'ignore', 'warning', or 'error'.
\o 
\o WARNING (OSSHNL-325): Place master 'PRIMLIB/rpoly1c/symbol' for instance 'RLIB_GC1' has been modified since the last
\o extraction of its parent cellview 'IOLIB_4M/VDD3OP/cmos_sch'.
\o Connectivity changes in the place master can cause issues in the generated
\o netlist. To resolve such issues:
\o -Reextract the parent cellview 'IOLIB_4M/VDD3OP/cmos_sch' and regenerate the netlist. To avoid
\o multiple Check and Save operations, use the Check Hierarchy form or the
\o schHiCheckHier SKILL function to do a hierarchical check and save on the top
\o cell and then generate the netlist.
\o -Ignore all connectivity checks for this place master by specifying it to the
\o list of cellviews to be ignored using the hnlUserIgnoreCVModifyList variable.
\o -Change the severity of modification errors by setting the environment variable
\o simSymbolModifiedAction to 'ignore'. However, this may ignore both connectivity
\o and non-connectivity changes, thereby generating an incorrect netlist.
\o To avoid reporting of non-connectivity changes after performing a hierarchical
\o check and save operation, set 'schematic' 'autoEquivalentConnectivityTime' to
\o 't' in the .cdsenv file. After setting the autoEquivalentConnectivityTime
\o variable, set simSymbolModifiedAction to 'error' to receive reports of only
\o connectivity issues during netlisting.
\o The variable simSymbolModifiedAction controls the severity of this message,
\o which can be 'ignore', 'warning', or 'error'.
\o 
\o WARNING (OSSHNL-325): Place master 'ESDLIB/esdnmos4/symbol' for instance 'MNLIB_DR1' has been modified since the last
\o extraction of its parent cellview 'IOLIB_4M/VDD3OP/cmos_sch'.
\o Connectivity changes in the place master can cause issues in the generated
\o netlist. To resolve such issues:
\o -Reextract the parent cellview 'IOLIB_4M/VDD3OP/cmos_sch' and regenerate the netlist. To avoid
\o multiple Check and Save operations, use the Check Hierarchy form or the
\o schHiCheckHier SKILL function to do a hierarchical check and save on the top
\o cell and then generate the netlist.
\o -Ignore all connectivity checks for this place master by specifying it to the
\o list of cellviews to be ignored using the hnlUserIgnoreCVModifyList variable.
\o -Change the severity of modification errors by setting the environment variable
\o simSymbolModifiedAction to 'ignore'. However, this may ignore both connectivity
\o and non-connectivity changes, thereby generating an incorrect netlist.
\o To avoid reporting of non-connectivity changes after performing a hierarchical
\o check and save operation, set 'schematic' 'autoEquivalentConnectivityTime' to
\o 't' in the .cdsenv file. After setting the autoEquivalentConnectivityTime
\o variable, set simSymbolModifiedAction to 'error' to receive reports of only
\o connectivity issues during netlisting.
\o The variable simSymbolModifiedAction controls the severity of this message,
\o which can be 'ignore', 'warning', or 'error'.
\o 
\o WARNING (OSSHNL-325): Place master 'PRIMLIB/rpoly1c/symbol' for instance 'RLIB_GC1' has been modified since the last
\o extraction of its parent cellview 'IOLIB_4M/VDD3IP/cmos_sch'.
\o Connectivity changes in the place master can cause issues in the generated
\o netlist. To resolve such issues:
\o -Reextract the parent cellview 'IOLIB_4M/VDD3IP/cmos_sch' and regenerate the netlist. To avoid
\o multiple Check and Save operations, use the Check Hierarchy form or the
\o schHiCheckHier SKILL function to do a hierarchical check and save on the top
\o cell and then generate the netlist.
\o -Ignore all connectivity checks for this place master by specifying it to the
\o list of cellviews to be ignored using the hnlUserIgnoreCVModifyList variable.
\o -Change the severity of modification errors by setting the environment variable
\o simSymbolModifiedAction to 'ignore'. However, this may ignore both connectivity
\o and non-connectivity changes, thereby generating an incorrect netlist.
\o To avoid reporting of non-connectivity changes after performing a hierarchical
\o check and save operation, set 'schematic' 'autoEquivalentConnectivityTime' to
\o 't' in the .cdsenv file. After setting the autoEquivalentConnectivityTime
\o variable, set simSymbolModifiedAction to 'error' to receive reports of only
\o connectivity issues during netlisting.
\o The variable simSymbolModifiedAction controls the severity of this message,
\o which can be 'ignore', 'warning', or 'error'.
\o 
\o WARNING (OSSHNL-325): Place master 'ESDLIB/esdnmos4/symbol' for instance 'MNLIB_DR1' has been modified since the last
\o extraction of its parent cellview 'IOLIB_4M/VDD3IP/cmos_sch'.
\o Connectivity changes in the place master can cause issues in the generated
\o netlist. To resolve such issues:
\o -Reextract the parent cellview 'IOLIB_4M/VDD3IP/cmos_sch' and regenerate the netlist. To avoid
\o multiple Check and Save operations, use the Check Hierarchy form or the
\o schHiCheckHier SKILL function to do a hierarchical check and save on the top
\o cell and then generate the netlist.
\o -Ignore all connectivity checks for this place master by specifying it to the
\o list of cellviews to be ignored using the hnlUserIgnoreCVModifyList variable.
\o -Change the severity of modification errors by setting the environment variable
\o simSymbolModifiedAction to 'ignore'. However, this may ignore both connectivity
\o and non-connectivity changes, thereby generating an incorrect netlist.
\o To avoid reporting of non-connectivity changes after performing a hierarchical
\o check and save operation, set 'schematic' 'autoEquivalentConnectivityTime' to
\o 't' in the .cdsenv file. After setting the autoEquivalentConnectivityTime
\o variable, set simSymbolModifiedAction to 'error' to receive reports of only
\o connectivity issues during netlisting.
\o The variable simSymbolModifiedAction controls the severity of this message,
\o which can be 'ignore', 'warning', or 'error'.
\o 
\o WARNING (OSSHNL-325): Place master 'PRIMLIB/rpoly1c/symbol' for instance 'RLIB1' has been modified since the last
\o extraction of its parent cellview 'IOLIB_4M/ICP/cmos_sch'.
\o Connectivity changes in the place master can cause issues in the generated
\o netlist. To resolve such issues:
\o -Reextract the parent cellview 'IOLIB_4M/ICP/cmos_sch' and regenerate the netlist. To avoid
\o multiple Check and Save operations, use the Check Hierarchy form or the
\o schHiCheckHier SKILL function to do a hierarchical check and save on the top
\o cell and then generate the netlist.
\o -Ignore all connectivity checks for this place master by specifying it to the
\o list of cellviews to be ignored using the hnlUserIgnoreCVModifyList variable.
\o -Change the severity of modification errors by setting the environment variable
\o simSymbolModifiedAction to 'ignore'. However, this may ignore both connectivity
\o and non-connectivity changes, thereby generating an incorrect netlist.
\o To avoid reporting of non-connectivity changes after performing a hierarchical
\o check and save operation, set 'schematic' 'autoEquivalentConnectivityTime' to
\o 't' in the .cdsenv file. After setting the autoEquivalentConnectivityTime
\o variable, set simSymbolModifiedAction to 'error' to receive reports of only
\o connectivity issues during netlisting.
\o The variable simSymbolModifiedAction controls the severity of this message,
\o which can be 'ignore', 'warning', or 'error'.
\o 
\o WARNING (OSSHNL-325): Place master 'ESDLIB/esdnmos4/symbol' for instance 'MNLIB_DR1' has been modified since the last
\o extraction of its parent cellview 'IOLIB_4M/ICP/cmos_sch'.
\o Connectivity changes in the place master can cause issues in the generated
\o netlist. To resolve such issues:
\o -Reextract the parent cellview 'IOLIB_4M/ICP/cmos_sch' and regenerate the netlist. To avoid
\o multiple Check and Save operations, use the Check Hierarchy form or the
\o schHiCheckHier SKILL function to do a hierarchical check and save on the top
\o cell and then generate the netlist.
\o -Ignore all connectivity checks for this place master by specifying it to the
\o list of cellviews to be ignored using the hnlUserIgnoreCVModifyList variable.
\o -Change the severity of modification errors by setting the environment variable
\o simSymbolModifiedAction to 'ignore'. However, this may ignore both connectivity
\o and non-connectivity changes, thereby generating an incorrect netlist.
\o To avoid reporting of non-connectivity changes after performing a hierarchical
\o check and save operation, set 'schematic' 'autoEquivalentConnectivityTime' to
\o 't' in the .cdsenv file. After setting the autoEquivalentConnectivityTime
\o variable, set simSymbolModifiedAction to 'error' to receive reports of only
\o connectivity issues during netlisting.
\o The variable simSymbolModifiedAction controls the severity of this message,
\o which can be 'ignore', 'warning', or 'error'.
\o 
\o WARNING (OSSHNL-325): Place master 'ESDLIB/esdpmos4/symbol' for instance 'MPLIB_DR1' has been modified since the last
\o extraction of its parent cellview 'IOLIB_4M/ICP/cmos_sch'.
\o Connectivity changes in the place master can cause issues in the generated
\o netlist. To resolve such issues:
\o -Reextract the parent cellview 'IOLIB_4M/ICP/cmos_sch' and regenerate the netlist. To avoid
\o multiple Check and Save operations, use the Check Hierarchy form or the
\o schHiCheckHier SKILL function to do a hierarchical check and save on the top
\o cell and then generate the netlist.
\o -Ignore all connectivity checks for this place master by specifying it to the
\o list of cellviews to be ignored using the hnlUserIgnoreCVModifyList variable.
\o -Change the severity of modification errors by setting the environment variable
\o simSymbolModifiedAction to 'ignore'. However, this may ignore both connectivity
\o and non-connectivity changes, thereby generating an incorrect netlist.
\o To avoid reporting of non-connectivity changes after performing a hierarchical
\o check and save operation, set 'schematic' 'autoEquivalentConnectivityTime' to
\o 't' in the .cdsenv file. After setting the autoEquivalentConnectivityTime
\o variable, set simSymbolModifiedAction to 'error' to receive reports of only
\o connectivity issues during netlisting.
\o The variable simSymbolModifiedAction controls the severity of this message,
\o which can be 'ignore', 'warning', or 'error'.
\o 
\o WARNING (OSSHNL-325): Place master 'PRIMLIB/rdiffp3/symbol' for instance 'RLIB_GC2' has been modified since the last
\o extraction of its parent cellview 'IOLIB_4M/ICP/cmos_sch'.
\o Connectivity changes in the place master can cause issues in the generated
\o netlist. To resolve such issues:
\o -Reextract the parent cellview 'IOLIB_4M/ICP/cmos_sch' and regenerate the netlist. To avoid
\o multiple Check and Save operations, use the Check Hierarchy form or the
\o schHiCheckHier SKILL function to do a hierarchical check and save on the top
\o cell and then generate the netlist.
\o -Ignore all connectivity checks for this place master by specifying it to the
\o list of cellviews to be ignored using the hnlUserIgnoreCVModifyList variable.
\o -Change the severity of modification errors by setting the environment variable
\o simSymbolModifiedAction to 'ignore'. However, this may ignore both connectivity
\o and non-connectivity changes, thereby generating an incorrect netlist.
\o To avoid reporting of non-connectivity changes after performing a hierarchical
\o check and save operation, set 'schematic' 'autoEquivalentConnectivityTime' to
\o 't' in the .cdsenv file. After setting the autoEquivalentConnectivityTime
\o variable, set simSymbolModifiedAction to 'error' to receive reports of only
\o connectivity issues during netlisting.
\o The variable simSymbolModifiedAction controls the severity of this message,
\o which can be 'ignore', 'warning', or 'error'.
\o 
\o WARNING (OSSHNL-325): Place master 'PRIMLIB/rpoly1c/symbol' for instance 'RLIB_GC1' has been modified since the last
\o extraction of its parent cellview 'IOLIB_4M/GND3RP/cmos_sch'.
\o Connectivity changes in the place master can cause issues in the generated
\o netlist. To resolve such issues:
\o -Reextract the parent cellview 'IOLIB_4M/GND3RP/cmos_sch' and regenerate the netlist. To avoid
\o multiple Check and Save operations, use the Check Hierarchy form or the
\o schHiCheckHier SKILL function to do a hierarchical check and save on the top
\o cell and then generate the netlist.
\o -Ignore all connectivity checks for this place master by specifying it to the
\o list of cellviews to be ignored using the hnlUserIgnoreCVModifyList variable.
\o -Change the severity of modification errors by setting the environment variable
\o simSymbolModifiedAction to 'ignore'. However, this may ignore both connectivity
\o and non-connectivity changes, thereby generating an incorrect netlist.
\o To avoid reporting of non-connectivity changes after performing a hierarchical
\o check and save operation, set 'schematic' 'autoEquivalentConnectivityTime' to
\o 't' in the .cdsenv file. After setting the autoEquivalentConnectivityTime
\o variable, set simSymbolModifiedAction to 'error' to receive reports of only
\o connectivity issues during netlisting.
\o The variable simSymbolModifiedAction controls the severity of this message,
\o which can be 'ignore', 'warning', or 'error'.
\o 
\o WARNING (OSSHNL-325): Place master 'ESDLIB/esdnmos4/symbol' for instance 'MNLIB_DR1' has been modified since the last
\o extraction of its parent cellview 'IOLIB_4M/GND3RP/cmos_sch'.
\o Connectivity changes in the place master can cause issues in the generated
\o netlist. To resolve such issues:
\o -Reextract the parent cellview 'IOLIB_4M/GND3RP/cmos_sch' and regenerate the netlist. To avoid
\o multiple Check and Save operations, use the Check Hierarchy form or the
\o schHiCheckHier SKILL function to do a hierarchical check and save on the top
\o cell and then generate the netlist.
\o -Ignore all connectivity checks for this place master by specifying it to the
\o list of cellviews to be ignored using the hnlUserIgnoreCVModifyList variable.
\o -Change the severity of modification errors by setting the environment variable
\o simSymbolModifiedAction to 'ignore'. However, this may ignore both connectivity
\o and non-connectivity changes, thereby generating an incorrect netlist.
\o To avoid reporting of non-connectivity changes after performing a hierarchical
\o check and save operation, set 'schematic' 'autoEquivalentConnectivityTime' to
\o 't' in the .cdsenv file. After setting the autoEquivalentConnectivityTime
\o variable, set simSymbolModifiedAction to 'error' to receive reports of only
\o connectivity issues during netlisting.
\o The variable simSymbolModifiedAction controls the severity of this message,
\o which can be 'ignore', 'warning', or 'error'.
\o 
\o WARNING (OSSHNL-325): Place master 'PRIMLIB/rpoly1c/symbol' for instance 'RLIB_GC1' has been modified since the last
\o extraction of its parent cellview 'IOLIB_4M/GND3OP/cmos_sch'.
\o Connectivity changes in the place master can cause issues in the generated
\o netlist. To resolve such issues:
\o -Reextract the parent cellview 'IOLIB_4M/GND3OP/cmos_sch' and regenerate the netlist. To avoid
\o multiple Check and Save operations, use the Check Hierarchy form or the
\o schHiCheckHier SKILL function to do a hierarchical check and save on the top
\o cell and then generate the netlist.
\o -Ignore all connectivity checks for this place master by specifying it to the
\o list of cellviews to be ignored using the hnlUserIgnoreCVModifyList variable.
\o -Change the severity of modification errors by setting the environment variable
\o simSymbolModifiedAction to 'ignore'. However, this may ignore both connectivity
\o and non-connectivity changes, thereby generating an incorrect netlist.
\o To avoid reporting of non-connectivity changes after performing a hierarchical
\o check and save operation, set 'schematic' 'autoEquivalentConnectivityTime' to
\o 't' in the .cdsenv file. After setting the autoEquivalentConnectivityTime
\o variable, set simSymbolModifiedAction to 'error' to receive reports of only
\o connectivity issues during netlisting.
\o The variable simSymbolModifiedAction controls the severity of this message,
\o which can be 'ignore', 'warning', or 'error'.
\o 
\o WARNING (OSSHNL-325): Place master 'ESDLIB/esdnmos4/symbol' for instance 'MNLIB_DR1' has been modified since the last
\o extraction of its parent cellview 'IOLIB_4M/GND3OP/cmos_sch'.
\o Connectivity changes in the place master can cause issues in the generated
\o netlist. To resolve such issues:
\o -Reextract the parent cellview 'IOLIB_4M/GND3OP/cmos_sch' and regenerate the netlist. To avoid
\o multiple Check and Save operations, use the Check Hierarchy form or the
\o schHiCheckHier SKILL function to do a hierarchical check and save on the top
\o cell and then generate the netlist.
\o -Ignore all connectivity checks for this place master by specifying it to the
\o list of cellviews to be ignored using the hnlUserIgnoreCVModifyList variable.
\o -Change the severity of modification errors by setting the environment variable
\o simSymbolModifiedAction to 'ignore'. However, this may ignore both connectivity
\o and non-connectivity changes, thereby generating an incorrect netlist.
\o To avoid reporting of non-connectivity changes after performing a hierarchical
\o check and save operation, set 'schematic' 'autoEquivalentConnectivityTime' to
\o 't' in the .cdsenv file. After setting the autoEquivalentConnectivityTime
\o variable, set simSymbolModifiedAction to 'error' to receive reports of only
\o connectivity issues during netlisting.
\o The variable simSymbolModifiedAction controls the severity of this message,
\o which can be 'ignore', 'warning', or 'error'.
\o 
\o WARNING (OSSHNL-940): Same Cell name 'presistor' is present in multiple libraries -  PRIMLIB and analogLib.
\o 
\o [2026-06-03 16:06:35.016 Z] [INFO] [cadence.virtuoso.ade.services.netlister] - Heartbeat in netlister service {"point": 0, "testname": "Poten_MC"}
\o [2026-06-03 16:06:46.026 Z] [INFO] [cadence.virtuoso.ade.services.netlister] - Heartbeat in netlister service {"point": 0, "testname": "Poten_MC"}
\o End netlisting Jun  3 16:06:58 2026
\o 
\o Netlisting Statistics:
\o 	Number of components: 80662
\o 
\o 	Elapsed time:         34.0s (2372.41/s)
\o Errors: 0	Warnings: 0
\o       ...successful.
\o compose simulator input file...
\o       ...successful.
\o [2026-06-03 16:06:59.001 Z] [INFO] [cadence.virtuoso.ade.services.netlister] - Finished preparing netlist {"point": 0, "testname": "Poten_MC", "testnameKey": "Poten_MC"}
\o [2026-06-03 16:07:00.009 Z] [EVENT] [cadence.virtuoso.ade.services.netlister] - NewPoint {"point": 1, "testname": "Poten_MC", "event": "NewPoint", "EventSource": "Netlist Service", "HistoryName": "MonteCarlo.5", "logFile": "/home/hrahimi/projects/POTENTIOSTAT_26/logs_hrahimi/logs0/Service45.log", "logFileSize": "100027"}
\o [2026-06-03 16:07:00.010 Z] [INFO] [cadence.virtuoso.ade.services.netlister] - Started netlisting {"point": 1, "testname": "Poten_MC"}
\o Simulation design variables differ from those on the cellView,
\o they have been saved in the file "/tmp/saved-design-variables".
\o To save future changes, copy variables to cellView before exiting.
\o *Warning* AXL Context Manager : job 45 is already registered. 
\o 
\o 
\o 
\o *Info*    Configuring the session ...
\o 
\o 	Library      = Potentiostat_Top
\o 	Cell         = top
\o 	View         = config
\o 	Simulator    = spectre
\o 	State Path   = $AXL_SETUPDB_DIR/test_states
\o 	State Name   = MonteCarlo.5
\o 	Results DB   = /home/hrahimi/projects/POTENTIOSTAT_26/Potentiostat_Top/top/maestro/results/maestro/MonteCarlo.5.rdb
\o 	Results Dir  = /home/hrahimi/projects/POTENTIOSTAT_26/Sim/Potentiostat_Top/top/maestro/results/maestro/MonteCarlo.5/1/Poten_MC
\o 	Results Loc  = /home/hrahimi/projects/POTENTIOSTAT_26/Sim/Potentiostat_Top/top/maestro/results/maestro
\o 	Project Dir  = /home/hrahimi/projects/POTENTIOSTAT_26/Sim
\o 	Setup DB loc = /home/hrahimi/projects/POTENTIOSTAT_26/Potentiostat_Top/top/maestro
\o 	File Encoding = 0
\o 
\o 
\o 
\o *Info*    The auto suspension is disabled.
\o 
\o Resetting statistical vars
\o 
\o *Info*    Setting parameter values ...
\o 
\o Setting var Calib_EN = "1"
\o Setting var Cdl = "10n"
\o Setting var Cdl_CE = "10n"
\o Setting var Idc = "0"
\o Setting var Iin_TIA_AC = "0"
\o Setting var Ipulse = "0"
\o Setting var PTAT_EN = "0"
\o Setting var R_ct = "500k"
\o Setting var Rct_CE = "100k"
\o Setting var Rs_CE = "10k"
\o Setting var Rs_WE = "10k"
\o Setting var S0 = "0"
\o Setting var S1 = "0"
\o Setting var S2 = "1"
\o Setting var S3 = "0"
\o Setting var Vb = "1.7"
\o Setting var Vin_CA_AC = "1"
\o Setting var temperature = "27"
\o Setting temp(T) = 27
\o Setting var vdd = "3.3"
\o Setting var vddpuls = "0"
\o Setting var vpuls = "-50m"
\o Setting var vref = "1.615"
\o Setting var vtran = "0"
\o 
\o *Info*    Netlist Directory =
\o           /home/hrahimi/projects/POTENTIOSTAT_26/Sim/Potentiostat_Top/top/maestro/results/maestro/MonteCarlo.5/1/Poten_MC/groupRunDataDir/netlist
\o 
\o 
\o *Info*    Data Directory    =
\o           /home/hrahimi/projects/POTENTIOSTAT_26/Sim/Potentiostat_Top/top/maestro/results/maestro/MonteCarlo.5/1/Poten_MC/groupRunDataDir
\o 
\o Reusing AHDL Data dir
\w *WARNING* (CMGR-6144): The 'ciRefreshCellView' SKILL function is not applicable to the layout constraint cache 'Potentiostat_cpoly 8_Poten_PTAT av_extracted'. Run the 'dbRefreshCellView' SKILL function to refresh the cellview.
\w *WARNING* (CMGR-6144): The 'ciRefreshCellView' SKILL function is not applicable to the layout constraint cache 'FBIAS fbias_bias2_f av_extracted'. Run the 'dbRefreshCellView' SKILL function to refresh the cellview.
\o generate netlist...
\o function ansCdlCompPrim redefined
\o Ignoring netlist creation since ignoreDesignChangesDuringRun is set to true
\o       ...successful.
\o compose simulator input file...
\o       ...successful.
\o WARNING (ADE-3080): Fast viewing extensions for PSF XL format (also known as RTSF) will be discontinued  
\o        and Virtuoso Visualization and Analysis XL will not use RTSF data to plot waveforms from IC6.1.8 ISR7 onward. 
\o        There will be no performance impact on data visualization due to this change.
\o [2026-06-03 16:07:04.112 Z] [PROCESS] [cadence.virtuoso.ade.services.netlister] - Current memory used: 1.0283 GBytes, peak memory used: 1.0283 GBytes {"hostname": "il2244vt26_hrahimi", "processid": 2620711, "testname": "Poten_MC", "point": 1, "logfile": "/home/hrahimi/projects/POTENTIOSTAT_26/logs_hrahimi/logs0/Service45.log"}
\o [2026-06-03 16:07:04.114 Z] [INFO] [cadence.virtuoso.ade.services.netlister] - Finished netlisting {"point": 1, "testname": "Poten_MC"}
\o [2026-06-03 16:09:06.842 Z] [EVENT] [cadence.virtuoso.ade.services.netlister] - NewPoint {"point": 0, "testname": "Poten_MC", "event": "NewPoint", "EventSource": "Netlist Service", "HistoryName": "MonteCarlo.6", "logFile": "/home/hrahimi/projects/POTENTIOSTAT_26/logs_hrahimi/logs0/Service45.log", "logFileSize": "104600"}
\o [2026-06-03 16:09:06.842 Z] [INFO] [cadence.virtuoso.ade.services.netlister] - Started preparing netlist {"point": 0, "testname": "Poten_MC", "testnameKey": "Poten_MC"}
\o Simulation design variables differ from those on the cellView,
\o they have been saved in the file "/tmp/saved-design-variables".
\o To save future changes, copy variables to cellView before exiting.
\o *Warning* AXL Context Manager : job 45 is already registered. 
\o 
\o 
\o 
\o *Info*    Configuring the session ...
\o 
\o 	Library      = Potentiostat_Top
\o 	Cell         = top
\o 	View         = config
\o 	Simulator    = spectre
\o 	State Path   = $AXL_SETUPDB_DIR/test_states
\o 	State Name   = MonteCarlo.6
\o 	Results DB   = /home/hrahimi/projects/POTENTIOSTAT_26/Potentiostat_Top/top/maestro/results/maestro/MonteCarlo.6.rdb
\o 	Results Dir  = /home/hrahimi/projects/POTENTIOSTAT_26/Sim/Potentiostat_Top/top/maestro/results/maestro/MonteCarlo.6/1/Poten_MC
\o 	Results Loc  = /home/hrahimi/projects/POTENTIOSTAT_26/Sim/Potentiostat_Top/top/maestro/results/maestro
\o 	Project Dir  = /home/hrahimi/projects/POTENTIOSTAT_26/Sim
\o 	Setup DB loc = /home/hrahimi/projects/POTENTIOSTAT_26/Potentiostat_Top/top/maestro
\o 	File Encoding = 0
\o 
\o 
\o 
\o *Info*    The auto suspension is disabled.
\o 
\o Resetting statistical vars
\o 
\o *Info*    Setting parameter values ...
\o 
\o Setting var Calib_EN = "1"
\o Setting var Cdl = "10n"
\o Setting var Cdl_CE = "10n"
\o Setting var Idc = "0"
\o Setting var Iin_TIA_AC = "0"
\o Setting var Ipulse = "0"
\o Setting var PTAT_EN = "0"
\o Setting var R_ct = "500k"
\o Setting var Rct_CE = "100k"
\o Setting var Rs_CE = "10k"
\o Setting var Rs_WE = "10k"
\o Setting var S0 = "0"
\o Setting var S1 = "0"
\o Setting var S2 = "1"
\o Setting var S3 = "0"
\o Setting var Vb = "1.7"
\o Setting var Vin_CA_AC = "1"
\o Setting var vdd = "3.3"
\o Setting var vddpuls = "0"
\o Setting var vpuls = "-50m"
\o Setting var vref = "1.615"
\o Setting var vtran = "0"
\o Reusing AHDL Data dir
\o 
\o *Info*    Data Directory    =
\o           /home/hrahimi/projects/POTENTIOSTAT_26/Sim/Potentiostat_Top/top/maestro/results/maestro/MonteCarlo.6/psf/Poten_MC
\o 
\w *WARNING* (CMGR-6144): The 'ciRefreshCellView' SKILL function is not applicable to the layout constraint cache 'Potentiostat_cpoly 8_Poten_PTAT av_extracted'. Run the 'dbRefreshCellView' SKILL function to refresh the cellview.
\w *WARNING* (CMGR-6144): The 'ciRefreshCellView' SKILL function is not applicable to the layout constraint cache 'FBIAS fbias_bias2_f av_extracted'. Run the 'dbRefreshCellView' SKILL function to refresh the cellview.
\o generate netlist...
\o function ansCdlCompPrim redefined
\o function ansCdlCompPrim redefined
\o Begin Incremental Netlisting Jun  3 16:09:11 2026
\o WARNING (OSSHNL-325): Place master 'ESDLIB/esdnmos4/symbol' for instance 'MNLIB_DR1' has been modified since the last
\o extraction of its parent cellview 'IOLIB_ANA_4M/AGND3ALLP/schematic'.
\o Connectivity changes in the place master can cause issues in the generated
\o netlist. To resolve such issues:
\o -Reextract the parent cellview 'IOLIB_ANA_4M/AGND3ALLP/schematic' and regenerate the netlist. To avoid
\o multiple Check and Save operations, use the Check Hierarchy form or the
\o schHiCheckHier SKILL function to do a hierarchical check and save on the top
\o cell and then generate the netlist.
\o -Ignore all connectivity checks for this place master by specifying it to the
\o list of cellviews to be ignored using the hnlUserIgnoreCVModifyList variable.
\o -Change the severity of modification errors by setting the environment variable
\o simSymbolModifiedAction to 'ignore'. However, this may ignore both connectivity
\o and non-connectivity changes, thereby generating an incorrect netlist.
\o To avoid reporting of non-connectivity changes after performing a hierarchical
\o check and save operation, set 'schematic' 'autoEquivalentConnectivityTime' to
\o 't' in the .cdsenv file. After setting the autoEquivalentConnectivityTime
\o variable, set simSymbolModifiedAction to 'error' to receive reports of only
\o connectivity issues during netlisting.
\o The variable simSymbolModifiedAction controls the severity of this message,
\o which can be 'ignore', 'warning', or 'error'.
\o 
\o WARNING (OSSHNL-325): Place master 'PRIMLIB/rpoly1c/symbol' for instance 'RLIB_GC1' has been modified since the last
\o extraction of its parent cellview 'IOLIB_ANA_4M/AVDD3ALLP/schematic'.
\o Connectivity changes in the place master can cause issues in the generated
\o netlist. To resolve such issues:
\o -Reextract the parent cellview 'IOLIB_ANA_4M/AVDD3ALLP/schematic' and regenerate the netlist. To avoid
\o multiple Check and Save operations, use the Check Hierarchy form or the
\o schHiCheckHier SKILL function to do a hierarchical check and save on the top
\o cell and then generate the netlist.
\o -Ignore all connectivity checks for this place master by specifying it to the
\o list of cellviews to be ignored using the hnlUserIgnoreCVModifyList variable.
\o -Change the severity of modification errors by setting the environment variable
\o simSymbolModifiedAction to 'ignore'. However, this may ignore both connectivity
\o and non-connectivity changes, thereby generating an incorrect netlist.
\o To avoid reporting of non-connectivity changes after performing a hierarchical
\o check and save operation, set 'schematic' 'autoEquivalentConnectivityTime' to
\o 't' in the .cdsenv file. After setting the autoEquivalentConnectivityTime
\o variable, set simSymbolModifiedAction to 'error' to receive reports of only
\o connectivity issues during netlisting.
\o The variable simSymbolModifiedAction controls the severity of this message,
\o which can be 'ignore', 'warning', or 'error'.
\o 
\o WARNING (OSSHNL-325): Place master 'ESDLIB/esdnmos4/symbol' for instance 'MNLIB_DR1' has been modified since the last
\o extraction of its parent cellview 'IOLIB_ANA_4M/AVDD3ALLP/schematic'.
\o Connectivity changes in the place master can cause issues in the generated
\o netlist. To resolve such issues:
\o -Reextract the parent cellview 'IOLIB_ANA_4M/AVDD3ALLP/schematic' and regenerate the netlist. To avoid
\o multiple Check and Save operations, use the Check Hierarchy form or the
\o schHiCheckHier SKILL function to do a hierarchical check and save on the top
\o cell and then generate the netlist.
\o -Ignore all connectivity checks for this place master by specifying it to the
\o list of cellviews to be ignored using the hnlUserIgnoreCVModifyList variable.
\o -Change the severity of modification errors by setting the environment variable
\o simSymbolModifiedAction to 'ignore'. However, this may ignore both connectivity
\o and non-connectivity changes, thereby generating an incorrect netlist.
\o To avoid reporting of non-connectivity changes after performing a hierarchical
\o check and save operation, set 'schematic' 'autoEquivalentConnectivityTime' to
\o 't' in the .cdsenv file. After setting the autoEquivalentConnectivityTime
\o variable, set simSymbolModifiedAction to 'error' to receive reports of only
\o connectivity issues during netlisting.
\o The variable simSymbolModifiedAction controls the severity of this message,
\o which can be 'ignore', 'warning', or 'error'.
\o 
\o [2026-06-03 16:09:11.462 Z] [INFO] [cadence.virtuoso.ade.services.netlister] - Heartbeat in netlister service {"point": 0, "testname": "Poten_MC"}
\o WARNING (OSSHNL-325): Place master 'PRIMLIB/rpoly2c/symbol' for instance 'R3' has been modified since the last
\o extraction of its parent cellview 'IOLIB_ANA_4M/APRIO200P/schematic'.
\o Connectivity changes in the place master can cause issues in the generated
\o netlist. To resolve such issues:
\o -Reextract the parent cellview 'IOLIB_ANA_4M/APRIO200P/schematic' and regenerate the netlist. To avoid
\o multiple Check and Save operations, use the Check Hierarchy form or the
\o schHiCheckHier SKILL function to do a hierarchical check and save on the top
\o cell and then generate the netlist.
\o -Ignore all connectivity checks for this place master by specifying it to the
\o list of cellviews to be ignored using the hnlUserIgnoreCVModifyList variable.
\o -Change the severity of modification errors by setting the environment variable
\o simSymbolModifiedAction to 'ignore'. However, this may ignore both connectivity
\o and non-connectivity changes, thereby generating an incorrect netlist.
\o To avoid reporting of non-connectivity changes after performing a hierarchical
\o check and save operation, set 'schematic' 'autoEquivalentConnectivityTime' to
\o 't' in the .cdsenv file. After setting the autoEquivalentConnectivityTime
\o variable, set simSymbolModifiedAction to 'error' to receive reports of only
\o connectivity issues during netlisting.
\o The variable simSymbolModifiedAction controls the severity of this message,
\o which can be 'ignore', 'warning', or 'error'.
\o 
\o WARNING (OSSHNL-325): Place master 'PRIMLIB/rpoly1c/symbol' for instance 'RLIB_GC1' has been modified since the last
\o extraction of its parent cellview 'IOLIB_4M/VDD3RP/cmos_sch'.
\o Connectivity changes in the place master can cause issues in the generated
\o netlist. To resolve such issues:
\o -Reextract the parent cellview 'IOLIB_4M/VDD3RP/cmos_sch' and regenerate the netlist. To avoid
\o multiple Check and Save operations, use the Check Hierarchy form or the
\o schHiCheckHier SKILL function to do a hierarchical check and save on the top
\o cell and then generate the netlist.
\o -Ignore all connectivity checks for this place master by specifying it to the
\o list of cellviews to be ignored using the hnlUserIgnoreCVModifyList variable.
\o -Change the severity of modification errors by setting the environment variable
\o simSymbolModifiedAction to 'ignore'. However, this may ignore both connectivity
\o and non-connectivity changes, thereby generating an incorrect netlist.
\o To avoid reporting of non-connectivity changes after performing a hierarchical
\o check and save operation, set 'schematic' 'autoEquivalentConnectivityTime' to
\o 't' in the .cdsenv file. After setting the autoEquivalentConnectivityTime
\o variable, set simSymbolModifiedAction to 'error' to receive reports of only
\o connectivity issues during netlisting.
\o The variable simSymbolModifiedAction controls the severity of this message,
\o which can be 'ignore', 'warning', or 'error'.
\o 
\o WARNING (OSSHNL-325): Place master 'ESDLIB/esdnmos4/symbol' for instance 'MNLIB_DR1' has been modified since the last
\o extraction of its parent cellview 'IOLIB_4M/VDD3RP/cmos_sch'.
\o Connectivity changes in the place master can cause issues in the generated
\o netlist. To resolve such issues:
\o -Reextract the parent cellview 'IOLIB_4M/VDD3RP/cmos_sch' and regenerate the netlist. To avoid
\o multiple Check and Save operations, use the Check Hierarchy form or the
\o schHiCheckHier SKILL function to do a hierarchical check and save on the top
\o cell and then generate the netlist.
\o -Ignore all connectivity checks for this place master by specifying it to the
\o list of cellviews to be ignored using the hnlUserIgnoreCVModifyList variable.
\o -Change the severity of modification errors by setting the environment variable
\o simSymbolModifiedAction to 'ignore'. However, this may ignore both connectivity
\o and non-connectivity changes, thereby generating an incorrect netlist.
\o To avoid reporting of non-connectivity changes after performing a hierarchical
\o check and save operation, set 'schematic' 'autoEquivalentConnectivityTime' to
\o 't' in the .cdsenv file. After setting the autoEquivalentConnectivityTime
\o variable, set simSymbolModifiedAction to 'error' to receive reports of only
\o connectivity issues during netlisting.
\o The variable simSymbolModifiedAction controls the severity of this message,
\o which can be 'ignore', 'warning', or 'error'.
\o 
\o WARNING (OSSHNL-325): Place master 'PRIMLIB/rpoly1c/symbol' for instance 'RLIB_GC1' has been modified since the last
\o extraction of its parent cellview 'IOLIB_4M/VDD3OP/cmos_sch'.
\o Connectivity changes in the place master can cause issues in the generated
\o netlist. To resolve such issues:
\o -Reextract the parent cellview 'IOLIB_4M/VDD3OP/cmos_sch' and regenerate the netlist. To avoid
\o multiple Check and Save operations, use the Check Hierarchy form or the
\o schHiCheckHier SKILL function to do a hierarchical check and save on the top
\o cell and then generate the netlist.
\o -Ignore all connectivity checks for this place master by specifying it to the
\o list of cellviews to be ignored using the hnlUserIgnoreCVModifyList variable.
\o -Change the severity of modification errors by setting the environment variable
\o simSymbolModifiedAction to 'ignore'. However, this may ignore both connectivity
\o and non-connectivity changes, thereby generating an incorrect netlist.
\o To avoid reporting of non-connectivity changes after performing a hierarchical
\o check and save operation, set 'schematic' 'autoEquivalentConnectivityTime' to
\o 't' in the .cdsenv file. After setting the autoEquivalentConnectivityTime
\o variable, set simSymbolModifiedAction to 'error' to receive reports of only
\o connectivity issues during netlisting.
\o The variable simSymbolModifiedAction controls the severity of this message,
\o which can be 'ignore', 'warning', or 'error'.
\o 
\o WARNING (OSSHNL-325): Place master 'ESDLIB/esdnmos4/symbol' for instance 'MNLIB_DR1' has been modified since the last
\o extraction of its parent cellview 'IOLIB_4M/VDD3OP/cmos_sch'.
\o Connectivity changes in the place master can cause issues in the generated
\o netlist. To resolve such issues:
\o -Reextract the parent cellview 'IOLIB_4M/VDD3OP/cmos_sch' and regenerate the netlist. To avoid
\o multiple Check and Save operations, use the Check Hierarchy form or the
\o schHiCheckHier SKILL function to do a hierarchical check and save on the top
\o cell and then generate the netlist.
\o -Ignore all connectivity checks for this place master by specifying it to the
\o list of cellviews to be ignored using the hnlUserIgnoreCVModifyList variable.
\o -Change the severity of modification errors by setting the environment variable
\o simSymbolModifiedAction to 'ignore'. However, this may ignore both connectivity
\o and non-connectivity changes, thereby generating an incorrect netlist.
\o To avoid reporting of non-connectivity changes after performing a hierarchical
\o check and save operation, set 'schematic' 'autoEquivalentConnectivityTime' to
\o 't' in the .cdsenv file. After setting the autoEquivalentConnectivityTime
\o variable, set simSymbolModifiedAction to 'error' to receive reports of only
\o connectivity issues during netlisting.
\o The variable simSymbolModifiedAction controls the severity of this message,
\o which can be 'ignore', 'warning', or 'error'.
\o 
\o WARNING (OSSHNL-325): Place master 'PRIMLIB/rpoly1c/symbol' for instance 'RLIB_GC1' has been modified since the last
\o extraction of its parent cellview 'IOLIB_4M/VDD3IP/cmos_sch'.
\o Connectivity changes in the place master can cause issues in the generated
\o netlist. To resolve such issues:
\o -Reextract the parent cellview 'IOLIB_4M/VDD3IP/cmos_sch' and regenerate the netlist. To avoid
\o multiple Check and Save operations, use the Check Hierarchy form or the
\o schHiCheckHier SKILL function to do a hierarchical check and save on the top
\o cell and then generate the netlist.
\o -Ignore all connectivity checks for this place master by specifying it to the
\o list of cellviews to be ignored using the hnlUserIgnoreCVModifyList variable.
\o -Change the severity of modification errors by setting the environment variable
\o simSymbolModifiedAction to 'ignore'. However, this may ignore both connectivity
\o and non-connectivity changes, thereby generating an incorrect netlist.
\o To avoid reporting of non-connectivity changes after performing a hierarchical
\o check and save operation, set 'schematic' 'autoEquivalentConnectivityTime' to
\o 't' in the .cdsenv file. After setting the autoEquivalentConnectivityTime
\o variable, set simSymbolModifiedAction to 'error' to receive reports of only
\o connectivity issues during netlisting.
\o The variable simSymbolModifiedAction controls the severity of this message,
\o which can be 'ignore', 'warning', or 'error'.
\o 
\o WARNING (OSSHNL-325): Place master 'ESDLIB/esdnmos4/symbol' for instance 'MNLIB_DR1' has been modified since the last
\o extraction of its parent cellview 'IOLIB_4M/VDD3IP/cmos_sch'.
\o Connectivity changes in the place master can cause issues in the generated
\o netlist. To resolve such issues:
\o -Reextract the parent cellview 'IOLIB_4M/VDD3IP/cmos_sch' and regenerate the netlist. To avoid
\o multiple Check and Save operations, use the Check Hierarchy form or the
\o schHiCheckHier SKILL function to do a hierarchical check and save on the top
\o cell and then generate the netlist.
\o -Ignore all connectivity checks for this place master by specifying it to the
\o list of cellviews to be ignored using the hnlUserIgnoreCVModifyList variable.
\o -Change the severity of modification errors by setting the environment variable
\o simSymbolModifiedAction to 'ignore'. However, this may ignore both connectivity
\o and non-connectivity changes, thereby generating an incorrect netlist.
\o To avoid reporting of non-connectivity changes after performing a hierarchical
\o check and save operation, set 'schematic' 'autoEquivalentConnectivityTime' to
\o 't' in the .cdsenv file. After setting the autoEquivalentConnectivityTime
\o variable, set simSymbolModifiedAction to 'error' to receive reports of only
\o connectivity issues during netlisting.
\o The variable simSymbolModifiedAction controls the severity of this message,
\o which can be 'ignore', 'warning', or 'error'.
\o 
\o WARNING (OSSHNL-325): Place master 'PRIMLIB/rpoly1c/symbol' for instance 'RLIB1' has been modified since the last
\o extraction of its parent cellview 'IOLIB_4M/ICP/cmos_sch'.
\o Connectivity changes in the place master can cause issues in the generated
\o netlist. To resolve such issues:
\o -Reextract the parent cellview 'IOLIB_4M/ICP/cmos_sch' and regenerate the netlist. To avoid
\o multiple Check and Save operations, use the Check Hierarchy form or the
\o schHiCheckHier SKILL function to do a hierarchical check and save on the top
\o cell and then generate the netlist.
\o -Ignore all connectivity checks for this place master by specifying it to the
\o list of cellviews to be ignored using the hnlUserIgnoreCVModifyList variable.
\o -Change the severity of modification errors by setting the environment variable
\o simSymbolModifiedAction to 'ignore'. However, this may ignore both connectivity
\o and non-connectivity changes, thereby generating an incorrect netlist.
\o To avoid reporting of non-connectivity changes after performing a hierarchical
\o check and save operation, set 'schematic' 'autoEquivalentConnectivityTime' to
\o 't' in the .cdsenv file. After setting the autoEquivalentConnectivityTime
\o variable, set simSymbolModifiedAction to 'error' to receive reports of only
\o connectivity issues during netlisting.
\o The variable simSymbolModifiedAction controls the severity of this message,
\o which can be 'ignore', 'warning', or 'error'.
\o 
\o WARNING (OSSHNL-325): Place master 'ESDLIB/esdnmos4/symbol' for instance 'MNLIB_DR1' has been modified since the last
\o extraction of its parent cellview 'IOLIB_4M/ICP/cmos_sch'.
\o Connectivity changes in the place master can cause issues in the generated
\o netlist. To resolve such issues:
\o -Reextract the parent cellview 'IOLIB_4M/ICP/cmos_sch' and regenerate the netlist. To avoid
\o multiple Check and Save operations, use the Check Hierarchy form or the
\o schHiCheckHier SKILL function to do a hierarchical check and save on the top
\o cell and then generate the netlist.
\o -Ignore all connectivity checks for this place master by specifying it to the
\o list of cellviews to be ignored using the hnlUserIgnoreCVModifyList variable.
\o -Change the severity of modification errors by setting the environment variable
\o simSymbolModifiedAction to 'ignore'. However, this may ignore both connectivity
\o and non-connectivity changes, thereby generating an incorrect netlist.
\o To avoid reporting of non-connectivity changes after performing a hierarchical
\o check and save operation, set 'schematic' 'autoEquivalentConnectivityTime' to
\o 't' in the .cdsenv file. After setting the autoEquivalentConnectivityTime
\o variable, set simSymbolModifiedAction to 'error' to receive reports of only
\o connectivity issues during netlisting.
\o The variable simSymbolModifiedAction controls the severity of this message,
\o which can be 'ignore', 'warning', or 'error'.
\o 
\o WARNING (OSSHNL-325): Place master 'ESDLIB/esdpmos4/symbol' for instance 'MPLIB_DR1' has been modified since the last
\o extraction of its parent cellview 'IOLIB_4M/ICP/cmos_sch'.
\o Connectivity changes in the place master can cause issues in the generated
\o netlist. To resolve such issues:
\o -Reextract the parent cellview 'IOLIB_4M/ICP/cmos_sch' and regenerate the netlist. To avoid
\o multiple Check and Save operations, use the Check Hierarchy form or the
\o schHiCheckHier SKILL function to do a hierarchical check and save on the top
\o cell and then generate the netlist.
\o -Ignore all connectivity checks for this place master by specifying it to the
\o list of cellviews to be ignored using the hnlUserIgnoreCVModifyList variable.
\o -Change the severity of modification errors by setting the environment variable
\o simSymbolModifiedAction to 'ignore'. However, this may ignore both connectivity
\o and non-connectivity changes, thereby generating an incorrect netlist.
\o To avoid reporting of non-connectivity changes after performing a hierarchical
\o check and save operation, set 'schematic' 'autoEquivalentConnectivityTime' to
\o 't' in the .cdsenv file. After setting the autoEquivalentConnectivityTime
\o variable, set simSymbolModifiedAction to 'error' to receive reports of only
\o connectivity issues during netlisting.
\o The variable simSymbolModifiedAction controls the severity of this message,
\o which can be 'ignore', 'warning', or 'error'.
\o 
\o WARNING (OSSHNL-325): Place master 'PRIMLIB/rdiffp3/symbol' for instance 'RLIB_GC2' has been modified since the last
\o extraction of its parent cellview 'IOLIB_4M/ICP/cmos_sch'.
\o Connectivity changes in the place master can cause issues in the generated
\o netlist. To resolve such issues:
\o -Reextract the parent cellview 'IOLIB_4M/ICP/cmos_sch' and regenerate the netlist. To avoid
\o multiple Check and Save operations, use the Check Hierarchy form or the
\o schHiCheckHier SKILL function to do a hierarchical check and save on the top
\o cell and then generate the netlist.
\o -Ignore all connectivity checks for this place master by specifying it to the
\o list of cellviews to be ignored using the hnlUserIgnoreCVModifyList variable.
\o -Change the severity of modification errors by setting the environment variable
\o simSymbolModifiedAction to 'ignore'. However, this may ignore both connectivity
\o and non-connectivity changes, thereby generating an incorrect netlist.
\o To avoid reporting of non-connectivity changes after performing a hierarchical
\o check and save operation, set 'schematic' 'autoEquivalentConnectivityTime' to
\o 't' in the .cdsenv file. After setting the autoEquivalentConnectivityTime
\o variable, set simSymbolModifiedAction to 'error' to receive reports of only
\o connectivity issues during netlisting.
\o The variable simSymbolModifiedAction controls the severity of this message,
\o which can be 'ignore', 'warning', or 'error'.
\o 
\o WARNING (OSSHNL-325): Place master 'PRIMLIB/rpoly1c/symbol' for instance 'RLIB_GC1' has been modified since the last
\o extraction of its parent cellview 'IOLIB_4M/GND3RP/cmos_sch'.
\o Connectivity changes in the place master can cause issues in the generated
\o netlist. To resolve such issues:
\o -Reextract the parent cellview 'IOLIB_4M/GND3RP/cmos_sch' and regenerate the netlist. To avoid
\o multiple Check and Save operations, use the Check Hierarchy form or the
\o schHiCheckHier SKILL function to do a hierarchical check and save on the top
\o cell and then generate the netlist.
\o -Ignore all connectivity checks for this place master by specifying it to the
\o list of cellviews to be ignored using the hnlUserIgnoreCVModifyList variable.
\o -Change the severity of modification errors by setting the environment variable
\o simSymbolModifiedAction to 'ignore'. However, this may ignore both connectivity
\o and non-connectivity changes, thereby generating an incorrect netlist.
\o To avoid reporting of non-connectivity changes after performing a hierarchical
\o check and save operation, set 'schematic' 'autoEquivalentConnectivityTime' to
\o 't' in the .cdsenv file. After setting the autoEquivalentConnectivityTime
\o variable, set simSymbolModifiedAction to 'error' to receive reports of only
\o connectivity issues during netlisting.
\o The variable simSymbolModifiedAction controls the severity of this message,
\o which can be 'ignore', 'warning', or 'error'.
\o 
\o WARNING (OSSHNL-325): Place master 'ESDLIB/esdnmos4/symbol' for instance 'MNLIB_DR1' has been modified since the last
\o extraction of its parent cellview 'IOLIB_4M/GND3RP/cmos_sch'.
\o Connectivity changes in the place master can cause issues in the generated
\o netlist. To resolve such issues:
\o -Reextract the parent cellview 'IOLIB_4M/GND3RP/cmos_sch' and regenerate the netlist. To avoid
\o multiple Check and Save operations, use the Check Hierarchy form or the
\o schHiCheckHier SKILL function to do a hierarchical check and save on the top
\o cell and then generate the netlist.
\o -Ignore all connectivity checks for this place master by specifying it to the
\o list of cellviews to be ignored using the hnlUserIgnoreCVModifyList variable.
\o -Change the severity of modification errors by setting the environment variable
\o simSymbolModifiedAction to 'ignore'. However, this may ignore both connectivity
\o and non-connectivity changes, thereby generating an incorrect netlist.
\o To avoid reporting of non-connectivity changes after performing a hierarchical
\o check and save operation, set 'schematic' 'autoEquivalentConnectivityTime' to
\o 't' in the .cdsenv file. After setting the autoEquivalentConnectivityTime
\o variable, set simSymbolModifiedAction to 'error' to receive reports of only
\o connectivity issues during netlisting.
\o The variable simSymbolModifiedAction controls the severity of this message,
\o which can be 'ignore', 'warning', or 'error'.
\o 
\o WARNING (OSSHNL-325): Place master 'PRIMLIB/rpoly1c/symbol' for instance 'RLIB_GC1' has been modified since the last
\o extraction of its parent cellview 'IOLIB_4M/GND3OP/cmos_sch'.
\o Connectivity changes in the place master can cause issues in the generated
\o netlist. To resolve such issues:
\o -Reextract the parent cellview 'IOLIB_4M/GND3OP/cmos_sch' and regenerate the netlist. To avoid
\o multiple Check and Save operations, use the Check Hierarchy form or the
\o schHiCheckHier SKILL function to do a hierarchical check and save on the top
\o cell and then generate the netlist.
\o -Ignore all connectivity checks for this place master by specifying it to the
\o list of cellviews to be ignored using the hnlUserIgnoreCVModifyList variable.
\o -Change the severity of modification errors by setting the environment variable
\o simSymbolModifiedAction to 'ignore'. However, this may ignore both connectivity
\o and non-connectivity changes, thereby generating an incorrect netlist.
\o To avoid reporting of non-connectivity changes after performing a hierarchical
\o check and save operation, set 'schematic' 'autoEquivalentConnectivityTime' to
\o 't' in the .cdsenv file. After setting the autoEquivalentConnectivityTime
\o variable, set simSymbolModifiedAction to 'error' to receive reports of only
\o connectivity issues during netlisting.
\o The variable simSymbolModifiedAction controls the severity of this message,
\o which can be 'ignore', 'warning', or 'error'.
\o 
\o WARNING (OSSHNL-325): Place master 'ESDLIB/esdnmos4/symbol' for instance 'MNLIB_DR1' has been modified since the last
\o extraction of its parent cellview 'IOLIB_4M/GND3OP/cmos_sch'.
\o Connectivity changes in the place master can cause issues in the generated
\o netlist. To resolve such issues:
\o -Reextract the parent cellview 'IOLIB_4M/GND3OP/cmos_sch' and regenerate the netlist. To avoid
\o multiple Check and Save operations, use the Check Hierarchy form or the
\o schHiCheckHier SKILL function to do a hierarchical check and save on the top
\o cell and then generate the netlist.
\o -Ignore all connectivity checks for this place master by specifying it to the
\o list of cellviews to be ignored using the hnlUserIgnoreCVModifyList variable.
\o -Change the severity of modification errors by setting the environment variable
\o simSymbolModifiedAction to 'ignore'. However, this may ignore both connectivity
\o and non-connectivity changes, thereby generating an incorrect netlist.
\o To avoid reporting of non-connectivity changes after performing a hierarchical
\o check and save operation, set 'schematic' 'autoEquivalentConnectivityTime' to
\o 't' in the .cdsenv file. After setting the autoEquivalentConnectivityTime
\o variable, set simSymbolModifiedAction to 'error' to receive reports of only
\o connectivity issues during netlisting.
\o The variable simSymbolModifiedAction controls the severity of this message,
\o which can be 'ignore', 'warning', or 'error'.
\o 
\o WARNING (OSSHNL-940): Same Cell name 'presistor' is present in multiple libraries -  PRIMLIB and analogLib.
\o 
\o End netlisting Jun  3 16:09:14 2026
\o 
\o 	The netlist is up to date.
\o 	Time taken to compare the design with netlist:   3.0s
\o       ...successful.
\o compose simulator input file...
\o       ...successful.
\o [2026-06-03 16:09:15.081 Z] [INFO] [cadence.virtuoso.ade.services.netlister] - Finished preparing netlist {"point": 0, "testname": "Poten_MC", "testnameKey": "Poten_MC"}
\o [2026-06-03 16:09:15.084 Z] [EVENT] [cadence.virtuoso.ade.services.netlister] - NewPoint {"point": 0, "testname": "PTAT_MC", "event": "NewPoint", "EventSource": "Netlist Service", "HistoryName": "MonteCarlo.6", "logFile": "/home/hrahimi/projects/POTENTIOSTAT_26/logs_hrahimi/logs0/Service45.log", "logFileSize": "134785"}
\o [2026-06-03 16:09:15.084 Z] [INFO] [cadence.virtuoso.ade.services.netlister] - Started preparing netlist {"point": 0, "testname": "PTAT_MC", "testnameKey": "PTAT_MC"}
\o Simulation design variables differ from those on the cellView,
\o they have been saved in the file "/tmp/saved-design-variables".
\o To save future changes, copy variables to cellView before exiting.
\o *Warning* AXL Context Manager : job 45 is already registered. 
\o 
\o 
\o 
\o *Info*    Configuring the session ...
\o 
\o 	Library      = Potentiostat_Top
\o 	Cell         = top
\o 	View         = config
\o 	Simulator    = spectre
\o 	State Path   = $AXL_SETUPDB_DIR/test_states
\o 	State Name   = MonteCarlo.6
\o 	Results DB   = /home/hrahimi/projects/POTENTIOSTAT_26/Potentiostat_Top/top/maestro/results/maestro/MonteCarlo.6.rdb
\o 	Results Dir  = /home/hrahimi/projects/POTENTIOSTAT_26/Sim/Potentiostat_Top/top/maestro/results/maestro/MonteCarlo.6/1/PTAT_MC
\o 	Results Loc  = /home/hrahimi/projects/POTENTIOSTAT_26/Sim/Potentiostat_Top/top/maestro/results/maestro
\o 	Project Dir  = /home/hrahimi/projects/POTENTIOSTAT_26/Sim
\o 	Setup DB loc = /home/hrahimi/projects/POTENTIOSTAT_26/Potentiostat_Top/top/maestro
\o 	File Encoding = 0
\o 
\o 
\o 
\o *Info*    The auto suspension is disabled.
\o 
\o Resetting statistical vars
\o 
\o *Info*    Setting parameter values ...
\o 
\o Setting var Calib_EN = "1"
\o Setting var Cdl = "10n"
\o Setting var Cdl_CE = "10n"
\o Setting var Idc = "0"
\o Setting var Iin_TIA_AC = "0"
\o Setting var Ipulse = "0"
\o Setting var PTAT_EN = "0"
\o Setting var R_ct = "500k"
\o Setting var Rct_CE = "100k"
\o Setting var Rs_CE = "10k"
\o Setting var Rs_WE = "10k"
\o Setting var S0 = "0"
\o Setting var S1 = "0"
\o Setting var S2 = "1"
\o Setting var S3 = "0"
\o Setting var Vb = "0"
\o Setting var Vin_CA_AC = "0"
\o Setting var vdd = "3.3"
\o Setting var vddpuls = "0"
\o Setting var vpuls = "0"
\o Setting var vref = "1.615"
\o Setting var vtran = "0"
\o Reusing AHDL Data dir
\o 
\o *Info*    Data Directory    =
\o           /home/hrahimi/projects/POTENTIOSTAT_26/Sim/Potentiostat_Top/top/maestro/results/maestro/MonteCarlo.6/psf/PTAT_MC
\o 
\w *WARNING* (CMGR-6144): The 'ciRefreshCellView' SKILL function is not applicable to the layout constraint cache 'Potentiostat_cpoly 8_Poten_PTAT av_extracted'. Run the 'dbRefreshCellView' SKILL function to refresh the cellview.
\w *WARNING* (CMGR-6144): The 'ciRefreshCellView' SKILL function is not applicable to the layout constraint cache 'FBIAS fbias_bias2_f av_extracted'. Run the 'dbRefreshCellView' SKILL function to refresh the cellview.
\o generate netlist...
\o function ansCdlCompPrim redefined
\o function ansCdlCompPrim redefined
\o Begin Incremental Netlisting Jun  3 16:09:17 2026
\o WARNING (OSSHNL-335): Design configuration has changed since last netlisting session in this run
\o directory. Netlist(s) from last session cannot be reused for incremental
\o netlisting. Therefore, re-netlisting the design.
\o 
\o WARNING (OSSHNL-325): Place master 'ESDLIB/esdnmos4/symbol' for instance 'MNLIB_DR1' has been modified since the last
\o extraction of its parent cellview 'IOLIB_ANA_4M/AGND3ALLP/schematic'.
\o Connectivity changes in the place master can cause issues in the generated
\o netlist. To resolve such issues:
\o -Reextract the parent cellview 'IOLIB_ANA_4M/AGND3ALLP/schematic' and regenerate the netlist. To avoid
\o multiple Check and Save operations, use the Check Hierarchy form or the
\o schHiCheckHier SKILL function to do a hierarchical check and save on the top
\o cell and then generate the netlist.
\o -Ignore all connectivity checks for this place master by specifying it to the
\o list of cellviews to be ignored using the hnlUserIgnoreCVModifyList variable.
\o -Change the severity of modification errors by setting the environment variable
\o simSymbolModifiedAction to 'ignore'. However, this may ignore both connectivity
\o and non-connectivity changes, thereby generating an incorrect netlist.
\o To avoid reporting of non-connectivity changes after performing a hierarchical
\o check and save operation, set 'schematic' 'autoEquivalentConnectivityTime' to
\o 't' in the .cdsenv file. After setting the autoEquivalentConnectivityTime
\o variable, set simSymbolModifiedAction to 'error' to receive reports of only
\o connectivity issues during netlisting.
\o The variable simSymbolModifiedAction controls the severity of this message,
\o which can be 'ignore', 'warning', or 'error'.
\o 
\o WARNING (OSSHNL-325): Place master 'PRIMLIB/rpoly1c/symbol' for instance 'RLIB_GC1' has been modified since the last
\o extraction of its parent cellview 'IOLIB_ANA_4M/AVDD3ALLP/schematic'.
\o Connectivity changes in the place master can cause issues in the generated
\o netlist. To resolve such issues:
\o -Reextract the parent cellview 'IOLIB_ANA_4M/AVDD3ALLP/schematic' and regenerate the netlist. To avoid
\o multiple Check and Save operations, use the Check Hierarchy form or the
\o schHiCheckHier SKILL function to do a hierarchical check and save on the top
\o cell and then generate the netlist.
\o -Ignore all connectivity checks for this place master by specifying it to the
\o list of cellviews to be ignored using the hnlUserIgnoreCVModifyList variable.
\o -Change the severity of modification errors by setting the environment variable
\o simSymbolModifiedAction to 'ignore'. However, this may ignore both connectivity
\o and non-connectivity changes, thereby generating an incorrect netlist.
\o To avoid reporting of non-connectivity changes after performing a hierarchical
\o check and save operation, set 'schematic' 'autoEquivalentConnectivityTime' to
\o 't' in the .cdsenv file. After setting the autoEquivalentConnectivityTime
\o variable, set simSymbolModifiedAction to 'error' to receive reports of only
\o connectivity issues during netlisting.
\o The variable simSymbolModifiedAction controls the severity of this message,
\o which can be 'ignore', 'warning', or 'error'.
\o 
\o WARNING (OSSHNL-325): Place master 'ESDLIB/esdnmos4/symbol' for instance 'MNLIB_DR1' has been modified since the last
\o extraction of its parent cellview 'IOLIB_ANA_4M/AVDD3ALLP/schematic'.
\o Connectivity changes in the place master can cause issues in the generated
\o netlist. To resolve such issues:
\o -Reextract the parent cellview 'IOLIB_ANA_4M/AVDD3ALLP/schematic' and regenerate the netlist. To avoid
\o multiple Check and Save operations, use the Check Hierarchy form or the
\o schHiCheckHier SKILL function to do a hierarchical check and save on the top
\o cell and then generate the netlist.
\o -Ignore all connectivity checks for this place master by specifying it to the
\o list of cellviews to be ignored using the hnlUserIgnoreCVModifyList variable.
\o -Change the severity of modification errors by setting the environment variable
\o simSymbolModifiedAction to 'ignore'. However, this may ignore both connectivity
\o and non-connectivity changes, thereby generating an incorrect netlist.
\o To avoid reporting of non-connectivity changes after performing a hierarchical
\o check and save operation, set 'schematic' 'autoEquivalentConnectivityTime' to
\o 't' in the .cdsenv file. After setting the autoEquivalentConnectivityTime
\o variable, set simSymbolModifiedAction to 'error' to receive reports of only
\o connectivity issues during netlisting.
\o The variable simSymbolModifiedAction controls the severity of this message,
\o which can be 'ignore', 'warning', or 'error'.
\o 
\o WARNING (OSSHNL-325): Place master 'PRIMLIB/rpoly2c/symbol' for instance 'R3' has been modified since the last
\o extraction of its parent cellview 'IOLIB_ANA_4M/APRIO200P/schematic'.
\o Connectivity changes in the place master can cause issues in the generated
\o netlist. To resolve such issues:
\o -Reextract the parent cellview 'IOLIB_ANA_4M/APRIO200P/schematic' and regenerate the netlist. To avoid
\o multiple Check and Save operations, use the Check Hierarchy form or the
\o schHiCheckHier SKILL function to do a hierarchical check and save on the top
\o cell and then generate the netlist.
\o -Ignore all connectivity checks for this place master by specifying it to the
\o list of cellviews to be ignored using the hnlUserIgnoreCVModifyList variable.
\o -Change the severity of modification errors by setting the environment variable
\o simSymbolModifiedAction to 'ignore'. However, this may ignore both connectivity
\o and non-connectivity changes, thereby generating an incorrect netlist.
\o To avoid reporting of non-connectivity changes after performing a hierarchical
\o check and save operation, set 'schematic' 'autoEquivalentConnectivityTime' to
\o 't' in the .cdsenv file. After setting the autoEquivalentConnectivityTime
\o variable, set simSymbolModifiedAction to 'error' to receive reports of only
\o connectivity issues during netlisting.
\o The variable simSymbolModifiedAction controls the severity of this message,
\o which can be 'ignore', 'warning', or 'error'.
\o 
\o WARNING (OSSHNL-325): Place master 'PRIMLIB/rpoly1c/symbol' for instance 'RLIB_GC1' has been modified since the last
\o extraction of its parent cellview 'IOLIB_4M/VDD3RP/cmos_sch'.
\o Connectivity changes in the place master can cause issues in the generated
\o netlist. To resolve such issues:
\o -Reextract the parent cellview 'IOLIB_4M/VDD3RP/cmos_sch' and regenerate the netlist. To avoid
\o multiple Check and Save operations, use the Check Hierarchy form or the
\o schHiCheckHier SKILL function to do a hierarchical check and save on the top
\o cell and then generate the netlist.
\o -Ignore all connectivity checks for this place master by specifying it to the
\o list of cellviews to be ignored using the hnlUserIgnoreCVModifyList variable.
\o -Change the severity of modification errors by setting the environment variable
\o simSymbolModifiedAction to 'ignore'. However, this may ignore both connectivity
\o and non-connectivity changes, thereby generating an incorrect netlist.
\o To avoid reporting of non-connectivity changes after performing a hierarchical
\o check and save operation, set 'schematic' 'autoEquivalentConnectivityTime' to
\o 't' in the .cdsenv file. After setting the autoEquivalentConnectivityTime
\o variable, set simSymbolModifiedAction to 'error' to receive reports of only
\o connectivity issues during netlisting.
\o The variable simSymbolModifiedAction controls the severity of this message,
\o which can be 'ignore', 'warning', or 'error'.
\o 
\o WARNING (OSSHNL-325): Place master 'ESDLIB/esdnmos4/symbol' for instance 'MNLIB_DR1' has been modified since the last
\o extraction of its parent cellview 'IOLIB_4M/VDD3RP/cmos_sch'.
\o Connectivity changes in the place master can cause issues in the generated
\o netlist. To resolve such issues:
\o -Reextract the parent cellview 'IOLIB_4M/VDD3RP/cmos_sch' and regenerate the netlist. To avoid
\o multiple Check and Save operations, use the Check Hierarchy form or the
\o schHiCheckHier SKILL function to do a hierarchical check and save on the top
\o cell and then generate the netlist.
\o -Ignore all connectivity checks for this place master by specifying it to the
\o list of cellviews to be ignored using the hnlUserIgnoreCVModifyList variable.
\o -Change the severity of modification errors by setting the environment variable
\o simSymbolModifiedAction to 'ignore'. However, this may ignore both connectivity
\o and non-connectivity changes, thereby generating an incorrect netlist.
\o To avoid reporting of non-connectivity changes after performing a hierarchical
\o check and save operation, set 'schematic' 'autoEquivalentConnectivityTime' to
\o 't' in the .cdsenv file. After setting the autoEquivalentConnectivityTime
\o variable, set simSymbolModifiedAction to 'error' to receive reports of only
\o connectivity issues during netlisting.
\o The variable simSymbolModifiedAction controls the severity of this message,
\o which can be 'ignore', 'warning', or 'error'.
\o 
\o WARNING (OSSHNL-325): Place master 'PRIMLIB/rpoly1c/symbol' for instance 'RLIB_GC1' has been modified since the last
\o extraction of its parent cellview 'IOLIB_4M/VDD3OP/cmos_sch'.
\o Connectivity changes in the place master can cause issues in the generated
\o netlist. To resolve such issues:
\o -Reextract the parent cellview 'IOLIB_4M/VDD3OP/cmos_sch' and regenerate the netlist. To avoid
\o multiple Check and Save operations, use the Check Hierarchy form or the
\o schHiCheckHier SKILL function to do a hierarchical check and save on the top
\o cell and then generate the netlist.
\o -Ignore all connectivity checks for this place master by specifying it to the
\o list of cellviews to be ignored using the hnlUserIgnoreCVModifyList variable.
\o -Change the severity of modification errors by setting the environment variable
\o simSymbolModifiedAction to 'ignore'. However, this may ignore both connectivity
\o and non-connectivity changes, thereby generating an incorrect netlist.
\o To avoid reporting of non-connectivity changes after performing a hierarchical
\o check and save operation, set 'schematic' 'autoEquivalentConnectivityTime' to
\o 't' in the .cdsenv file. After setting the autoEquivalentConnectivityTime
\o variable, set simSymbolModifiedAction to 'error' to receive reports of only
\o connectivity issues during netlisting.
\o The variable simSymbolModifiedAction controls the severity of this message,
\o which can be 'ignore', 'warning', or 'error'.
\o 
\o WARNING (OSSHNL-325): Place master 'ESDLIB/esdnmos4/symbol' for instance 'MNLIB_DR1' has been modified since the last
\o extraction of its parent cellview 'IOLIB_4M/VDD3OP/cmos_sch'.
\o Connectivity changes in the place master can cause issues in the generated
\o netlist. To resolve such issues:
\o -Reextract the parent cellview 'IOLIB_4M/VDD3OP/cmos_sch' and regenerate the netlist. To avoid
\o multiple Check and Save operations, use the Check Hierarchy form or the
\o schHiCheckHier SKILL function to do a hierarchical check and save on the top
\o cell and then generate the netlist.
\o -Ignore all connectivity checks for this place master by specifying it to the
\o list of cellviews to be ignored using the hnlUserIgnoreCVModifyList variable.
\o -Change the severity of modification errors by setting the environment variable
\o simSymbolModifiedAction to 'ignore'. However, this may ignore both connectivity
\o and non-connectivity changes, thereby generating an incorrect netlist.
\o To avoid reporting of non-connectivity changes after performing a hierarchical
\o check and save operation, set 'schematic' 'autoEquivalentConnectivityTime' to
\o 't' in the .cdsenv file. After setting the autoEquivalentConnectivityTime
\o variable, set simSymbolModifiedAction to 'error' to receive reports of only
\o connectivity issues during netlisting.
\o The variable simSymbolModifiedAction controls the severity of this message,
\o which can be 'ignore', 'warning', or 'error'.
\o 
\o WARNING (OSSHNL-325): Place master 'PRIMLIB/rpoly1c/symbol' for instance 'RLIB_GC1' has been modified since the last
\o extraction of its parent cellview 'IOLIB_4M/VDD3IP/cmos_sch'.
\o Connectivity changes in the place master can cause issues in the generated
\o netlist. To resolve such issues:
\o -Reextract the parent cellview 'IOLIB_4M/VDD3IP/cmos_sch' and regenerate the netlist. To avoid
\o multiple Check and Save operations, use the Check Hierarchy form or the
\o schHiCheckHier SKILL function to do a hierarchical check and save on the top
\o cell and then generate the netlist.
\o -Ignore all connectivity checks for this place master by specifying it to the
\o list of cellviews to be ignored using the hnlUserIgnoreCVModifyList variable.
\o -Change the severity of modification errors by setting the environment variable
\o simSymbolModifiedAction to 'ignore'. However, this may ignore both connectivity
\o and non-connectivity changes, thereby generating an incorrect netlist.
\o To avoid reporting of non-connectivity changes after performing a hierarchical
\o check and save operation, set 'schematic' 'autoEquivalentConnectivityTime' to
\o 't' in the .cdsenv file. After setting the autoEquivalentConnectivityTime
\o variable, set simSymbolModifiedAction to 'error' to receive reports of only
\o connectivity issues during netlisting.
\o The variable simSymbolModifiedAction controls the severity of this message,
\o which can be 'ignore', 'warning', or 'error'.
\o 
\o WARNING (OSSHNL-325): Place master 'ESDLIB/esdnmos4/symbol' for instance 'MNLIB_DR1' has been modified since the last
\o extraction of its parent cellview 'IOLIB_4M/VDD3IP/cmos_sch'.
\o Connectivity changes in the place master can cause issues in the generated
\o netlist. To resolve such issues:
\o -Reextract the parent cellview 'IOLIB_4M/VDD3IP/cmos_sch' and regenerate the netlist. To avoid
\o multiple Check and Save operations, use the Check Hierarchy form or the
\o schHiCheckHier SKILL function to do a hierarchical check and save on the top
\o cell and then generate the netlist.
\o -Ignore all connectivity checks for this place master by specifying it to the
\o list of cellviews to be ignored using the hnlUserIgnoreCVModifyList variable.
\o -Change the severity of modification errors by setting the environment variable
\o simSymbolModifiedAction to 'ignore'. However, this may ignore both connectivity
\o and non-connectivity changes, thereby generating an incorrect netlist.
\o To avoid reporting of non-connectivity changes after performing a hierarchical
\o check and save operation, set 'schematic' 'autoEquivalentConnectivityTime' to
\o 't' in the .cdsenv file. After setting the autoEquivalentConnectivityTime
\o variable, set simSymbolModifiedAction to 'error' to receive reports of only
\o connectivity issues during netlisting.
\o The variable simSymbolModifiedAction controls the severity of this message,
\o which can be 'ignore', 'warning', or 'error'.
\o 
\o WARNING (OSSHNL-325): Place master 'PRIMLIB/rpoly1c/symbol' for instance 'RLIB1' has been modified since the last
\o extraction of its parent cellview 'IOLIB_4M/ICP/cmos_sch'.
\o Connectivity changes in the place master can cause issues in the generated
\o netlist. To resolve such issues:
\o -Reextract the parent cellview 'IOLIB_4M/ICP/cmos_sch' and regenerate the netlist. To avoid
\o multiple Check and Save operations, use the Check Hierarchy form or the
\o schHiCheckHier SKILL function to do a hierarchical check and save on the top
\o cell and then generate the netlist.
\o -Ignore all connectivity checks for this place master by specifying it to the
\o list of cellviews to be ignored using the hnlUserIgnoreCVModifyList variable.
\o -Change the severity of modification errors by setting the environment variable
\o simSymbolModifiedAction to 'ignore'. However, this may ignore both connectivity
\o and non-connectivity changes, thereby generating an incorrect netlist.
\o To avoid reporting of non-connectivity changes after performing a hierarchical
\o check and save operation, set 'schematic' 'autoEquivalentConnectivityTime' to
\o 't' in the .cdsenv file. After setting the autoEquivalentConnectivityTime
\o variable, set simSymbolModifiedAction to 'error' to receive reports of only
\o connectivity issues during netlisting.
\o The variable simSymbolModifiedAction controls the severity of this message,
\o which can be 'ignore', 'warning', or 'error'.
\o 
\o WARNING (OSSHNL-325): Place master 'ESDLIB/esdnmos4/symbol' for instance 'MNLIB_DR1' has been modified since the last
\o extraction of its parent cellview 'IOLIB_4M/ICP/cmos_sch'.
\o Connectivity changes in the place master can cause issues in the generated
\o netlist. To resolve such issues:
\o -Reextract the parent cellview 'IOLIB_4M/ICP/cmos_sch' and regenerate the netlist. To avoid
\o multiple Check and Save operations, use the Check Hierarchy form or the
\o schHiCheckHier SKILL function to do a hierarchical check and save on the top
\o cell and then generate the netlist.
\o -Ignore all connectivity checks for this place master by specifying it to the
\o list of cellviews to be ignored using the hnlUserIgnoreCVModifyList variable.
\o -Change the severity of modification errors by setting the environment variable
\o simSymbolModifiedAction to 'ignore'. However, this may ignore both connectivity
\o and non-connectivity changes, thereby generating an incorrect netlist.
\o To avoid reporting of non-connectivity changes after performing a hierarchical
\o check and save operation, set 'schematic' 'autoEquivalentConnectivityTime' to
\o 't' in the .cdsenv file. After setting the autoEquivalentConnectivityTime
\o variable, set simSymbolModifiedAction to 'error' to receive reports of only
\o connectivity issues during netlisting.
\o The variable simSymbolModifiedAction controls the severity of this message,
\o which can be 'ignore', 'warning', or 'error'.
\o 
\o WARNING (OSSHNL-325): Place master 'ESDLIB/esdpmos4/symbol' for instance 'MPLIB_DR1' has been modified since the last
\o extraction of its parent cellview 'IOLIB_4M/ICP/cmos_sch'.
\o Connectivity changes in the place master can cause issues in the generated
\o netlist. To resolve such issues:
\o -Reextract the parent cellview 'IOLIB_4M/ICP/cmos_sch' and regenerate the netlist. To avoid
\o multiple Check and Save operations, use the Check Hierarchy form or the
\o schHiCheckHier SKILL function to do a hierarchical check and save on the top
\o cell and then generate the netlist.
\o -Ignore all connectivity checks for this place master by specifying it to the
\o list of cellviews to be ignored using the hnlUserIgnoreCVModifyList variable.
\o -Change the severity of modification errors by setting the environment variable
\o simSymbolModifiedAction to 'ignore'. However, this may ignore both connectivity
\o and non-connectivity changes, thereby generating an incorrect netlist.
\o To avoid reporting of non-connectivity changes after performing a hierarchical
\o check and save operation, set 'schematic' 'autoEquivalentConnectivityTime' to
\o 't' in the .cdsenv file. After setting the autoEquivalentConnectivityTime
\o variable, set simSymbolModifiedAction to 'error' to receive reports of only
\o connectivity issues during netlisting.
\o The variable simSymbolModifiedAction controls the severity of this message,
\o which can be 'ignore', 'warning', or 'error'.
\o 
\o WARNING (OSSHNL-325): Place master 'PRIMLIB/rdiffp3/symbol' for instance 'RLIB_GC2' has been modified since the last
\o extraction of its parent cellview 'IOLIB_4M/ICP/cmos_sch'.
\o Connectivity changes in the place master can cause issues in the generated
\o netlist. To resolve such issues:
\o -Reextract the parent cellview 'IOLIB_4M/ICP/cmos_sch' and regenerate the netlist. To avoid
\o multiple Check and Save operations, use the Check Hierarchy form or the
\o schHiCheckHier SKILL function to do a hierarchical check and save on the top
\o cell and then generate the netlist.
\o -Ignore all connectivity checks for this place master by specifying it to the
\o list of cellviews to be ignored using the hnlUserIgnoreCVModifyList variable.
\o -Change the severity of modification errors by setting the environment variable
\o simSymbolModifiedAction to 'ignore'. However, this may ignore both connectivity
\o and non-connectivity changes, thereby generating an incorrect netlist.
\o To avoid reporting of non-connectivity changes after performing a hierarchical
\o check and save operation, set 'schematic' 'autoEquivalentConnectivityTime' to
\o 't' in the .cdsenv file. After setting the autoEquivalentConnectivityTime
\o variable, set simSymbolModifiedAction to 'error' to receive reports of only
\o connectivity issues during netlisting.
\o The variable simSymbolModifiedAction controls the severity of this message,
\o which can be 'ignore', 'warning', or 'error'.
\o 
\o WARNING (OSSHNL-325): Place master 'PRIMLIB/rpoly1c/symbol' for instance 'RLIB_GC1' has been modified since the last
\o extraction of its parent cellview 'IOLIB_4M/GND3RP/cmos_sch'.
\o Connectivity changes in the place master can cause issues in the generated
\o netlist. To resolve such issues:
\o -Reextract the parent cellview 'IOLIB_4M/GND3RP/cmos_sch' and regenerate the netlist. To avoid
\o multiple Check and Save operations, use the Check Hierarchy form or the
\o schHiCheckHier SKILL function to do a hierarchical check and save on the top
\o cell and then generate the netlist.
\o -Ignore all connectivity checks for this place master by specifying it to the
\o list of cellviews to be ignored using the hnlUserIgnoreCVModifyList variable.
\o -Change the severity of modification errors by setting the environment variable
\o simSymbolModifiedAction to 'ignore'. However, this may ignore both connectivity
\o and non-connectivity changes, thereby generating an incorrect netlist.
\o To avoid reporting of non-connectivity changes after performing a hierarchical
\o check and save operation, set 'schematic' 'autoEquivalentConnectivityTime' to
\o 't' in the .cdsenv file. After setting the autoEquivalentConnectivityTime
\o variable, set simSymbolModifiedAction to 'error' to receive reports of only
\o connectivity issues during netlisting.
\o The variable simSymbolModifiedAction controls the severity of this message,
\o which can be 'ignore', 'warning', or 'error'.
\o 
\o WARNING (OSSHNL-325): Place master 'ESDLIB/esdnmos4/symbol' for instance 'MNLIB_DR1' has been modified since the last
\o extraction of its parent cellview 'IOLIB_4M/GND3RP/cmos_sch'.
\o Connectivity changes in the place master can cause issues in the generated
\o netlist. To resolve such issues:
\o -Reextract the parent cellview 'IOLIB_4M/GND3RP/cmos_sch' and regenerate the netlist. To avoid
\o multiple Check and Save operations, use the Check Hierarchy form or the
\o schHiCheckHier SKILL function to do a hierarchical check and save on the top
\o cell and then generate the netlist.
\o -Ignore all connectivity checks for this place master by specifying it to the
\o list of cellviews to be ignored using the hnlUserIgnoreCVModifyList variable.
\o -Change the severity of modification errors by setting the environment variable
\o simSymbolModifiedAction to 'ignore'. However, this may ignore both connectivity
\o and non-connectivity changes, thereby generating an incorrect netlist.
\o To avoid reporting of non-connectivity changes after performing a hierarchical
\o check and save operation, set 'schematic' 'autoEquivalentConnectivityTime' to
\o 't' in the .cdsenv file. After setting the autoEquivalentConnectivityTime
\o variable, set simSymbolModifiedAction to 'error' to receive reports of only
\o connectivity issues during netlisting.
\o The variable simSymbolModifiedAction controls the severity of this message,
\o which can be 'ignore', 'warning', or 'error'.
\o 
\o WARNING (OSSHNL-325): Place master 'PRIMLIB/rpoly1c/symbol' for instance 'RLIB_GC1' has been modified since the last
\o extraction of its parent cellview 'IOLIB_4M/GND3OP/cmos_sch'.
\o Connectivity changes in the place master can cause issues in the generated
\o netlist. To resolve such issues:
\o -Reextract the parent cellview 'IOLIB_4M/GND3OP/cmos_sch' and regenerate the netlist. To avoid
\o multiple Check and Save operations, use the Check Hierarchy form or the
\o schHiCheckHier SKILL function to do a hierarchical check and save on the top
\o cell and then generate the netlist.
\o -Ignore all connectivity checks for this place master by specifying it to the
\o list of cellviews to be ignored using the hnlUserIgnoreCVModifyList variable.
\o -Change the severity of modification errors by setting the environment variable
\o simSymbolModifiedAction to 'ignore'. However, this may ignore both connectivity
\o and non-connectivity changes, thereby generating an incorrect netlist.
\o To avoid reporting of non-connectivity changes after performing a hierarchical
\o check and save operation, set 'schematic' 'autoEquivalentConnectivityTime' to
\o 't' in the .cdsenv file. After setting the autoEquivalentConnectivityTime
\o variable, set simSymbolModifiedAction to 'error' to receive reports of only
\o connectivity issues during netlisting.
\o The variable simSymbolModifiedAction controls the severity of this message,
\o which can be 'ignore', 'warning', or 'error'.
\o 
\o WARNING (OSSHNL-325): Place master 'ESDLIB/esdnmos4/symbol' for instance 'MNLIB_DR1' has been modified since the last
\o extraction of its parent cellview 'IOLIB_4M/GND3OP/cmos_sch'.
\o Connectivity changes in the place master can cause issues in the generated
\o netlist. To resolve such issues:
\o -Reextract the parent cellview 'IOLIB_4M/GND3OP/cmos_sch' and regenerate the netlist. To avoid
\o multiple Check and Save operations, use the Check Hierarchy form or the
\o schHiCheckHier SKILL function to do a hierarchical check and save on the top
\o cell and then generate the netlist.
\o -Ignore all connectivity checks for this place master by specifying it to the
\o list of cellviews to be ignored using the hnlUserIgnoreCVModifyList variable.
\o -Change the severity of modification errors by setting the environment variable
\o simSymbolModifiedAction to 'ignore'. However, this may ignore both connectivity
\o and non-connectivity changes, thereby generating an incorrect netlist.
\o To avoid reporting of non-connectivity changes after performing a hierarchical
\o check and save operation, set 'schematic' 'autoEquivalentConnectivityTime' to
\o 't' in the .cdsenv file. After setting the autoEquivalentConnectivityTime
\o variable, set simSymbolModifiedAction to 'error' to receive reports of only
\o connectivity issues during netlisting.
\o The variable simSymbolModifiedAction controls the severity of this message,
\o which can be 'ignore', 'warning', or 'error'.
\o 
\o WARNING (OSSHNL-940): Same Cell name 'presistor' is present in multiple libraries -  PRIMLIB and analogLib.
\o 
\o [2026-06-03 16:09:22.010 Z] [INFO] [cadence.virtuoso.ade.services.netlister] - Heartbeat in netlister service {"point": 0, "testname": "PTAT_MC"}
\o [2026-06-03 16:09:33.034 Z] [INFO] [cadence.virtuoso.ade.services.netlister] - Heartbeat in netlister service {"point": 0, "testname": "PTAT_MC"}
\o [2026-06-03 16:09:44.037 Z] [INFO] [cadence.virtuoso.ade.services.netlister] - Heartbeat in netlister service {"point": 0, "testname": "PTAT_MC"}
\o End netlisting Jun  3 16:09:51 2026
\o 
\o Netlisting Statistics:
\o 	Number of components: 80662
\o 
\o 	Elapsed time:         34.0s (2372.41/s)
\o Errors: 0	Warnings: 0
\o       ...successful.
\o compose simulator input file...
\o       ...successful.
\o [2026-06-03 16:09:52.247 Z] [INFO] [cadence.virtuoso.ade.services.netlister] - Finished preparing netlist {"point": 0, "testname": "PTAT_MC", "testnameKey": "PTAT_MC"}
\o [2026-06-03 16:09:52.250 Z] [EVENT] [cadence.virtuoso.ade.services.netlister] - NewPoint {"point": 0, "testname": "TIA_Gain_Linearity_MC", "event": "NewPoint", "EventSource": "Netlist Service", "HistoryName": "MonteCarlo.6", "logFile": "/home/hrahimi/projects/POTENTIOSTAT_26/logs_hrahimi/logs0/Service45.log", "logFileSize": "165838"}
\o [2026-06-03 16:09:52.250 Z] [INFO] [cadence.virtuoso.ade.services.netlister] - Started preparing netlist {"point": 0, "testname": "TIA_Gain_Linearity_MC", "testnameKey": "TIA_Gain_Linearity_MC"}
\o Simulation design variables differ from those on the cellView,
\o they have been saved in the file "/tmp/saved-design-variables".
\o To save future changes, copy variables to cellView before exiting.
\o *Warning* AXL Context Manager : job 45 is already registered. 
\o 
\o 
\o 
\o *Info*    Configuring the session ...
\o 
\o 	Library      = Potentiostat_Top
\o 	Cell         = top
\o 	View         = config
\o 	Simulator    = spectre
\o 	State Path   = $AXL_SETUPDB_DIR/test_states
\o 	State Name   = MonteCarlo.6
\o 	Results DB   = /home/hrahimi/projects/POTENTIOSTAT_26/Potentiostat_Top/top/maestro/results/maestro/MonteCarlo.6.rdb
\o 	Results Dir  = /home/hrahimi/projects/POTENTIOSTAT_26/Sim/Potentiostat_Top/top/maestro/results/maestro/MonteCarlo.6/1/TIA_Gain_Linearity_MC
\o 	Results Loc  = /home/hrahimi/projects/POTENTIOSTAT_26/Sim/Potentiostat_Top/top/maestro/results/maestro
\o 	Project Dir  = /home/hrahimi/projects/POTENTIOSTAT_26/Sim
\o 	Setup DB loc = /home/hrahimi/projects/POTENTIOSTAT_26/Potentiostat_Top/top/maestro
\o 	File Encoding = 0
\o 
\o 
\o 
\o *Info*    The auto suspension is disabled.
\o 
\o Resetting statistical vars
\o 
\o *Info*    Setting parameter values ...
\o 
\o Setting var Calib_EN = "1"
\o Setting var Cdl = "10n"
\o Setting var Cdl_CE = "10n"
\o Setting var Idc = "0"
\o Setting var Iin_TIA_AC = "1"
\o Setting var Ipulse = "0"
\o Setting var PTAT_EN = "0"
\o Setting var R_ct = "500k"
\o Setting var Rct_CE = "100k"
\o Setting var Rs_CE = "10k"
\o Setting var Rs_WE = "10k"
\o Setting var S0 = "0"
\o Setting var S1 = "0"
\o Setting var S2 = "1"
\o Setting var S3 = "0"
\o Setting var Vb = "1.615"
\o Setting var Vin_CA_AC = "0"
\o Setting var vdd = "3.3"
\o Setting var vddpuls = "0"
\o Setting var vpuls = "0"
\o Setting var vref = "1.615"
\o Setting var vtran = "0"
\o Reusing AHDL Data dir
\o 
\o *Info*    Data Directory    =
\o           /home/hrahimi/projects/POTENTIOSTAT_26/Sim/Potentiostat_Top/top/maestro/results/maestro/MonteCarlo.6/psf/TIA_Gain_Linearity_MC
\o 
\w *WARNING* (CMGR-6144): The 'ciRefreshCellView' SKILL function is not applicable to the layout constraint cache 'Potentiostat_cpoly 8_Poten_PTAT av_extracted'. Run the 'dbRefreshCellView' SKILL function to refresh the cellview.
\w *WARNING* (CMGR-6144): The 'ciRefreshCellView' SKILL function is not applicable to the layout constraint cache 'FBIAS fbias_bias2_f av_extracted'. Run the 'dbRefreshCellView' SKILL function to refresh the cellview.
\o generate netlist...
\o function ansCdlCompPrim redefined
\o Ignoring netlist creation since ignoreDesignChangesDuringRun is set to true
\o       ...successful.
\o compose simulator input file...
\o       ...successful.
\o [2026-06-03 16:09:56.671 Z] [INFO] [cadence.virtuoso.ade.services.netlister] - Finished preparing netlist {"point": 0, "testname": "TIA_Gain_Linearity_MC", "testnameKey": "TIA_Gain_Linearity_MC"}
\o [2026-06-03 16:09:57.681 Z] [EVENT] [cadence.virtuoso.ade.services.netlister] - GroupPoints {"point": 1, "testname": "Poten_MC", "event": "GroupPoints", "EventSource": "Netlist Service", "Points": "1:1:75", "HistoryName": "MonteCarlo.6", "logFile": "/home/hrahimi/projects/POTENTIOSTAT_26/logs_hrahimi/logs0/Service45.log", "logFileSize": "168605"}
\o [2026-06-03 16:09:57.682 Z] [INFO] [cadence.virtuoso.ade.services.netlister] - Started netlisting {"point": 1, "testname": "Poten_MC"}
\o Simulation design variables differ from those on the cellView,
\o they have been saved in the file "/tmp/saved-design-variables".
\o To save future changes, copy variables to cellView before exiting.
\o *Warning* AXL Context Manager : job 45 is already registered. 
\o 
\o 
\o 
\o *Info*    Configuring the session ...
\o 
\o 	Library      = Potentiostat_Top
\o 	Cell         = top
\o 	View         = config
\o 	Simulator    = spectre
\o 	State Path   = $AXL_SETUPDB_DIR/test_states
\o 	State Name   = MonteCarlo.6
\o 	Results DB   = /home/hrahimi/projects/POTENTIOSTAT_26/Potentiostat_Top/top/maestro/results/maestro/MonteCarlo.6.rdb
\o 	Results Dir  = /home/hrahimi/projects/POTENTIOSTAT_26/Sim/Potentiostat_Top/top/maestro/results/maestro/MonteCarlo.6/1/Poten_MC
\o 	Results Loc  = /home/hrahimi/projects/POTENTIOSTAT_26/Sim/Potentiostat_Top/top/maestro/results/maestro
\o 	Project Dir  = /home/hrahimi/projects/POTENTIOSTAT_26/Sim
\o 	Setup DB loc = /home/hrahimi/projects/POTENTIOSTAT_26/Potentiostat_Top/top/maestro
\o 	File Encoding = 0
\o 
\o 
\o 
\o *Info*    The auto suspension is disabled.
\o 
\o Resetting statistical vars
\o 
\o *Info*    Setting parameter values ...
\o 
\o Setting var Calib_EN = "1"
\o Setting var Cdl = "10n"
\o Setting var Cdl_CE = "10n"
\o Setting var Idc = "0"
\o Setting var Iin_TIA_AC = "0"
\o Setting var Ipulse = "0"
\o Setting var PTAT_EN = "0"
\o Setting var R_ct = "500k"
\o Setting var Rct_CE = "100k"
\o Setting var Rs_CE = "10k"
\o Setting var Rs_WE = "10k"
\o Setting var S0 = "0"
\o Setting var S1 = "0"
\o Setting var S2 = "1"
\o Setting var S3 = "0"
\o Setting var Vb = "1.7"
\o Setting var Vin_CA_AC = "1"
\o Setting var temperature = "27"
\o Setting temp(T) = 27
\o Setting var vdd = "3.3"
\o Setting var vddpuls = "0"
\o Setting var vpuls = "-50m"
\o Setting var vref = "1.615"
\o Setting var vtran = "0"
\o 
\o *Info*    Netlist Directory =
\o           /home/hrahimi/projects/POTENTIOSTAT_26/Sim/Potentiostat_Top/top/maestro/results/maestro/MonteCarlo.6/1/Poten_MC/groupRunDataDir/netlist
\o 
\o 
\o *Info*    Data Directory    =
\o           /home/hrahimi/projects/POTENTIOSTAT_26/Sim/Potentiostat_Top/top/maestro/results/maestro/MonteCarlo.6/1/Poten_MC/groupRunDataDir
\o 
\o Reusing AHDL Data dir
\w *WARNING* (CMGR-6144): The 'ciRefreshCellView' SKILL function is not applicable to the layout constraint cache 'Potentiostat_cpoly 8_Poten_PTAT av_extracted'. Run the 'dbRefreshCellView' SKILL function to refresh the cellview.
\w *WARNING* (CMGR-6144): The 'ciRefreshCellView' SKILL function is not applicable to the layout constraint cache 'FBIAS fbias_bias2_f av_extracted'. Run the 'dbRefreshCellView' SKILL function to refresh the cellview.
\o generate netlist...
\o function ansCdlCompPrim redefined
\o Ignoring netlist creation since ignoreDesignChangesDuringRun is set to true
\o       ...successful.
\o compose simulator input file...
\o       ...successful.
\o WARNING (ADE-3080): Fast viewing extensions for PSF XL format (also known as RTSF) will be discontinued  
\o        and Virtuoso Visualization and Analysis XL will not use RTSF data to plot waveforms from IC6.1.8 ISR7 onward. 
\o        There will be no performance impact on data visualization due to this change.
\o [2026-06-03 16:10:01.625 Z] [PROCESS] [cadence.virtuoso.ade.services.netlister] - Current memory used: 1.0616 GBytes, peak memory used: 1.0616 GBytes {"hostname": "il2244vt26_hrahimi", "processid": 2620711, "testname": "Poten_MC", "point": 1, "logfile": "/home/hrahimi/projects/POTENTIOSTAT_26/logs_hrahimi/logs0/Service45.log"}
\o [2026-06-03 16:10:01.626 Z] [INFO] [cadence.virtuoso.ade.services.netlister] - Finished netlisting {"point": 1, "testname": "Poten_MC"}
\o [2026-06-03 16:10:01.630 Z] [EVENT] [cadence.virtuoso.ade.services.netlister] - GroupPoints {"point": 76, "testname": "Poten_MC", "event": "GroupPoints", "EventSource": "Netlist Service", "Points": "76:1:150", "HistoryName": "MonteCarlo.6", "logFile": "/home/hrahimi/projects/POTENTIOSTAT_26/logs_hrahimi/logs0/Service45.log", "logFileSize": "173863"}
\o [2026-06-03 16:10:01.631 Z] [INFO] [cadence.virtuoso.ade.services.netlister] - Started netlisting {"point": 76, "testname": "Poten_MC"}
\o Resetting statistical vars
\o 
\o *Info*    Setting parameter values ...
\o 
\o 
\o *Info*    Netlist Directory =
\o           /home/hrahimi/projects/POTENTIOSTAT_26/Sim/Potentiostat_Top/top/maestro/results/maestro/MonteCarlo.6/76/Poten_MC/groupRunDataDir/netlist
\o 
\o 
\o *Info*    Data Directory    =
\o           /home/hrahimi/projects/POTENTIOSTAT_26/Sim/Potentiostat_Top/top/maestro/results/maestro/MonteCarlo.6/76/Poten_MC/groupRunDataDir
\o 
\o Reusing AHDL Data dir
\w *WARNING* (CMGR-6144): The 'ciRefreshCellView' SKILL function is not applicable to the layout constraint cache 'Potentiostat_cpoly 8_Poten_PTAT av_extracted'. Run the 'dbRefreshCellView' SKILL function to refresh the cellview.
\w *WARNING* (CMGR-6144): The 'ciRefreshCellView' SKILL function is not applicable to the layout constraint cache 'FBIAS fbias_bias2_f av_extracted'. Run the 'dbRefreshCellView' SKILL function to refresh the cellview.
\o generate netlist...
\o function ansCdlCompPrim redefined
\o Ignoring netlist creation since ignoreDesignChangesDuringRun is set to true
\o       ...successful.
\o compose simulator input file...
\o       ...successful.
\o WARNING (ADE-3080): Fast viewing extensions for PSF XL format (also known as RTSF) will be discontinued  
\o        and Virtuoso Visualization and Analysis XL will not use RTSF data to plot waveforms from IC6.1.8 ISR7 onward. 
\o        There will be no performance impact on data visualization due to this change.
\o [2026-06-03 16:10:03.263 Z] [PROCESS] [cadence.virtuoso.ade.services.netlister] - Current memory used: 1.0616 GBytes, peak memory used: 1.0616 GBytes {"hostname": "il2244vt26_hrahimi", "processid": 2620711, "testname": "Poten_MC", "point": 76, "logfile": "/home/hrahimi/projects/POTENTIOSTAT_26/logs_hrahimi/logs0/Service45.log"}
\o [2026-06-03 16:10:03.264 Z] [INFO] [cadence.virtuoso.ade.services.netlister] - Finished netlisting {"point": 76, "testname": "Poten_MC"}
\o [2026-06-03 16:10:03.267 Z] [EVENT] [cadence.virtuoso.ade.services.netlister] - GroupPoints {"point": 151, "testname": "Poten_MC", "event": "GroupPoints", "EventSource": "Netlist Service", "Points": "151:1:200", "HistoryName": "MonteCarlo.6", "logFile": "/home/hrahimi/projects/POTENTIOSTAT_26/logs_hrahimi/logs0/Service45.log", "logFileSize": "176297"}
\o [2026-06-03 16:10:03.267 Z] [INFO] [cadence.virtuoso.ade.services.netlister] - Started netlisting {"point": 151, "testname": "Poten_MC"}
\o Resetting statistical vars
\o 
\o *Info*    Setting parameter values ...
\o 
\o 
\o *Info*    Netlist Directory =
\o           /home/hrahimi/projects/POTENTIOSTAT_26/Sim/Potentiostat_Top/top/maestro/results/maestro/MonteCarlo.6/151/Poten_MC/groupRunDataDir/netlist
\o 
\o 
\o *Info*    Data Directory    =
\o           /home/hrahimi/projects/POTENTIOSTAT_26/Sim/Potentiostat_Top/top/maestro/results/maestro/MonteCarlo.6/151/Poten_MC/groupRunDataDir
\o 
\o Reusing AHDL Data dir
\w *WARNING* (CMGR-6144): The 'ciRefreshCellView' SKILL function is not applicable to the layout constraint cache 'Potentiostat_cpoly 8_Poten_PTAT av_extracted'. Run the 'dbRefreshCellView' SKILL function to refresh the cellview.
\w *WARNING* (CMGR-6144): The 'ciRefreshCellView' SKILL function is not applicable to the layout constraint cache 'FBIAS fbias_bias2_f av_extracted'. Run the 'dbRefreshCellView' SKILL function to refresh the cellview.
\o generate netlist...
\o function ansCdlCompPrim redefined
\o Ignoring netlist creation since ignoreDesignChangesDuringRun is set to true
\o       ...successful.
\o compose simulator input file...
\o       ...successful.
\o WARNING (ADE-3080): Fast viewing extensions for PSF XL format (also known as RTSF) will be discontinued  
\o        and Virtuoso Visualization and Analysis XL will not use RTSF data to plot waveforms from IC6.1.8 ISR7 onward. 
\o        There will be no performance impact on data visualization due to this change.
\o [2026-06-03 16:10:04.790 Z] [PROCESS] [cadence.virtuoso.ade.services.netlister] - Current memory used: 1.0616 GBytes, peak memory used: 1.0616 GBytes {"hostname": "il2244vt26_hrahimi", "processid": 2620711, "testname": "Poten_MC", "point": 151, "logfile": "/home/hrahimi/projects/POTENTIOSTAT_26/logs_hrahimi/logs0/Service45.log"}
\o [2026-06-03 16:10:04.791 Z] [INFO] [cadence.virtuoso.ade.services.netlister] - Finished netlisting {"point": 151, "testname": "Poten_MC"}
\o [2026-06-03 16:10:05.797 Z] [EVENT] [cadence.virtuoso.ade.services.netlister] - GroupPoints {"point": 1, "testname": "PTAT_MC", "event": "GroupPoints", "EventSource": "Netlist Service", "Points": "1:1:75", "HistoryName": "MonteCarlo.6", "logFile": "/home/hrahimi/projects/POTENTIOSTAT_26/logs_hrahimi/logs0/Service45.log", "logFileSize": "178738"}
\o [2026-06-03 16:10:05.797 Z] [INFO] [cadence.virtuoso.ade.services.netlister] - Started netlisting {"point": 1, "testname": "PTAT_MC"}
\o Simulation design variables differ from those on the cellView,
\o they have been saved in the file "/tmp/saved-design-variables".
\o To save future changes, copy variables to cellView before exiting.
\o *Warning* AXL Context Manager : job 45 is already registered. 
\o 
\o 
\o 
\o *Info*    Configuring the session ...
\o 
\o 	Library      = Potentiostat_Top
\o 	Cell         = top
\o 	View         = config
\o 	Simulator    = spectre
\o 	State Path   = $AXL_SETUPDB_DIR/test_states
\o 	State Name   = MonteCarlo.6
\o 	Results DB   = /home/hrahimi/projects/POTENTIOSTAT_26/Potentiostat_Top/top/maestro/results/maestro/MonteCarlo.6.rdb
\o 	Results Dir  = /home/hrahimi/projects/POTENTIOSTAT_26/Sim/Potentiostat_Top/top/maestro/results/maestro/MonteCarlo.6/1/PTAT_MC
\o 	Results Loc  = /home/hrahimi/projects/POTENTIOSTAT_26/Sim/Potentiostat_Top/top/maestro/results/maestro
\o 	Project Dir  = /home/hrahimi/projects/POTENTIOSTAT_26/Sim
\o 	Setup DB loc = /home/hrahimi/projects/POTENTIOSTAT_26/Potentiostat_Top/top/maestro
\o 	File Encoding = 0
\o 
\o 
\o 
\o *Info*    The auto suspension is disabled.
\o 
\o Resetting statistical vars
\o 
\o *Info*    Setting parameter values ...
\o 
\o Setting var Calib_EN = "1"
\o Setting var Cdl = "10n"
\o Setting var Cdl_CE = "10n"
\o Setting var Idc = "0"
\o Setting var Iin_TIA_AC = "0"
\o Setting var Ipulse = "0"
\o Setting var PTAT_EN = "0"
\o Setting var R_ct = "500k"
\o Setting var Rct_CE = "100k"
\o Setting var Rs_CE = "10k"
\o Setting var Rs_WE = "10k"
\o Setting var S0 = "0"
\o Setting var S1 = "0"
\o Setting var S2 = "1"
\o Setting var S3 = "0"
\o Setting var Vb = "0"
\o Setting var Vin_CA_AC = "0"
\o Setting var temperature = "27"
\o Setting temp(T) = 27
\o Setting var vdd = "3.3"
\o Setting var vddpuls = "0"
\o Setting var vpuls = "0"
\o Setting var vref = "1.615"
\o Setting var vtran = "0"
\o 
\o *Info*    Netlist Directory =
\o           /home/hrahimi/projects/POTENTIOSTAT_26/Sim/Potentiostat_Top/top/maestro/results/maestro/MonteCarlo.6/1/PTAT_MC/groupRunDataDir/netlist
\o 
\o 
\o *Info*    Data Directory    =
\o           /home/hrahimi/projects/POTENTIOSTAT_26/Sim/Potentiostat_Top/top/maestro/results/maestro/MonteCarlo.6/1/PTAT_MC/groupRunDataDir
\o 
\o Reusing AHDL Data dir
\w *WARNING* (CMGR-6144): The 'ciRefreshCellView' SKILL function is not applicable to the layout constraint cache 'Potentiostat_cpoly 8_Poten_PTAT av_extracted'. Run the 'dbRefreshCellView' SKILL function to refresh the cellview.
\w *WARNING* (CMGR-6144): The 'ciRefreshCellView' SKILL function is not applicable to the layout constraint cache 'FBIAS fbias_bias2_f av_extracted'. Run the 'dbRefreshCellView' SKILL function to refresh the cellview.
\o generate netlist...
\o function ansCdlCompPrim redefined
\o Ignoring netlist creation since ignoreDesignChangesDuringRun is set to true
\o       ...successful.
\o compose simulator input file...
\o       ...successful.
\o WARNING (ADE-3080): Fast viewing extensions for PSF XL format (also known as RTSF) will be discontinued  
\o        and Virtuoso Visualization and Analysis XL will not use RTSF data to plot waveforms from IC6.1.8 ISR7 onward. 
\o        There will be no performance impact on data visualization due to this change.
\o [2026-06-03 16:10:09.853 Z] [PROCESS] [cadence.virtuoso.ade.services.netlister] - Current memory used: 1.0622 GBytes, peak memory used: 1.0622 GBytes {"hostname": "il2244vt26_hrahimi", "processid": 2620711, "testname": "PTAT_MC", "point": 1, "logfile": "/home/hrahimi/projects/POTENTIOSTAT_26/logs_hrahimi/logs0/Service45.log"}
\o [2026-06-03 16:10:09.854 Z] [INFO] [cadence.virtuoso.ade.services.netlister] - Finished netlisting {"point": 1, "testname": "PTAT_MC"}
\o [2026-06-03 16:10:09.858 Z] [EVENT] [cadence.virtuoso.ade.services.netlister] - GroupPoints {"point": 76, "testname": "PTAT_MC", "event": "GroupPoints", "EventSource": "Netlist Service", "Points": "76:1:150", "HistoryName": "MonteCarlo.6", "logFile": "/home/hrahimi/projects/POTENTIOSTAT_26/logs_hrahimi/logs0/Service45.log", "logFileSize": "182934"}
\o [2026-06-03 16:10:09.859 Z] [INFO] [cadence.virtuoso.ade.services.netlister] - Started netlisting {"point": 76, "testname": "PTAT_MC"}
\o Resetting statistical vars
\o 
\o *Info*    Setting parameter values ...
\o 
\o 
\o *Info*    Netlist Directory =
\o           /home/hrahimi/projects/POTENTIOSTAT_26/Sim/Potentiostat_Top/top/maestro/results/maestro/MonteCarlo.6/76/PTAT_MC/groupRunDataDir/netlist
\o 
\o 
\o *Info*    Data Directory    =
\o           /home/hrahimi/projects/POTENTIOSTAT_26/Sim/Potentiostat_Top/top/maestro/results/maestro/MonteCarlo.6/76/PTAT_MC/groupRunDataDir
\o 
\o Reusing AHDL Data dir
\w *WARNING* (CMGR-6144): The 'ciRefreshCellView' SKILL function is not applicable to the layout constraint cache 'Potentiostat_cpoly 8_Poten_PTAT av_extracted'. Run the 'dbRefreshCellView' SKILL function to refresh the cellview.
\w *WARNING* (CMGR-6144): The 'ciRefreshCellView' SKILL function is not applicable to the layout constraint cache 'FBIAS fbias_bias2_f av_extracted'. Run the 'dbRefreshCellView' SKILL function to refresh the cellview.
\o generate netlist...
\o function ansCdlCompPrim redefined
\o Ignoring netlist creation since ignoreDesignChangesDuringRun is set to true
\o       ...successful.
\o compose simulator input file...
\o       ...successful.
\o WARNING (ADE-3080): Fast viewing extensions for PSF XL format (also known as RTSF) will be discontinued  
\o        and Virtuoso Visualization and Analysis XL will not use RTSF data to plot waveforms from IC6.1.8 ISR7 onward. 
\o        There will be no performance impact on data visualization due to this change.
\o [2026-06-03 16:10:11.550 Z] [PROCESS] [cadence.virtuoso.ade.services.netlister] - Current memory used: 1.0622 GBytes, peak memory used: 1.0622 GBytes {"hostname": "il2244vt26_hrahimi", "processid": 2620711, "testname": "PTAT_MC", "point": 76, "logfile": "/home/hrahimi/projects/POTENTIOSTAT_26/logs_hrahimi/logs0/Service45.log"}
\o [2026-06-03 16:10:11.551 Z] [INFO] [cadence.virtuoso.ade.services.netlister] - Finished netlisting {"point": 76, "testname": "PTAT_MC"}
\o [2026-06-03 16:10:11.554 Z] [EVENT] [cadence.virtuoso.ade.services.netlister] - GroupPoints {"point": 151, "testname": "PTAT_MC", "event": "GroupPoints", "EventSource": "Netlist Service", "Points": "151:1:200", "HistoryName": "MonteCarlo.6", "logFile": "/home/hrahimi/projects/POTENTIOSTAT_26/logs_hrahimi/logs0/Service45.log", "logFileSize": "185362"}
\o [2026-06-03 16:10:11.555 Z] [INFO] [cadence.virtuoso.ade.services.netlister] - Started netlisting {"point": 151, "testname": "PTAT_MC"}
\o Resetting statistical vars
\o 
\o *Info*    Setting parameter values ...
\o 
\o 
\o *Info*    Netlist Directory =
\o           /home/hrahimi/projects/POTENTIOSTAT_26/Sim/Potentiostat_Top/top/maestro/results/maestro/MonteCarlo.6/151/PTAT_MC/groupRunDataDir/netlist
\o 
\o 
\o *Info*    Data Directory    =
\o           /home/hrahimi/projects/POTENTIOSTAT_26/Sim/Potentiostat_Top/top/maestro/results/maestro/MonteCarlo.6/151/PTAT_MC/groupRunDataDir
\o 
\o Reusing AHDL Data dir
\w *WARNING* (CMGR-6144): The 'ciRefreshCellView' SKILL function is not applicable to the layout constraint cache 'Potentiostat_cpoly 8_Poten_PTAT av_extracted'. Run the 'dbRefreshCellView' SKILL function to refresh the cellview.
\w *WARNING* (CMGR-6144): The 'ciRefreshCellView' SKILL function is not applicable to the layout constraint cache 'FBIAS fbias_bias2_f av_extracted'. Run the 'dbRefreshCellView' SKILL function to refresh the cellview.
\o generate netlist...
\o function ansCdlCompPrim redefined
\o Ignoring netlist creation since ignoreDesignChangesDuringRun is set to true
\o       ...successful.
\o compose simulator input file...
\o       ...successful.
\o WARNING (ADE-3080): Fast viewing extensions for PSF XL format (also known as RTSF) will be discontinued  
\o        and Virtuoso Visualization and Analysis XL will not use RTSF data to plot waveforms from IC6.1.8 ISR7 onward. 
\o        There will be no performance impact on data visualization due to this change.
\o [2026-06-03 16:10:13.097 Z] [PROCESS] [cadence.virtuoso.ade.services.netlister] - Current memory used: 1.0622 GBytes, peak memory used: 1.0622 GBytes {"hostname": "il2244vt26_hrahimi", "processid": 2620711, "testname": "PTAT_MC", "point": 151, "logfile": "/home/hrahimi/projects/POTENTIOSTAT_26/logs_hrahimi/logs0/Service45.log"}
\o [2026-06-03 16:10:13.098 Z] [INFO] [cadence.virtuoso.ade.services.netlister] - Finished netlisting {"point": 151, "testname": "PTAT_MC"}
\o [2026-06-03 16:10:14.104 Z] [EVENT] [cadence.virtuoso.ade.services.netlister] - GroupPoints {"point": 1, "testname": "TIA_Gain_Linearity_MC", "event": "GroupPoints", "EventSource": "Netlist Service", "Points": "1:1:75", "HistoryName": "MonteCarlo.6", "logFile": "/home/hrahimi/projects/POTENTIOSTAT_26/logs_hrahimi/logs0/Service45.log", "logFileSize": "187797"}
\o [2026-06-03 16:10:14.104 Z] [INFO] [cadence.virtuoso.ade.services.netlister] - Started netlisting {"point": 1, "testname": "TIA_Gain_Linearity_MC"}
\o Simulation design variables differ from those on the cellView,
\o they have been saved in the file "/tmp/saved-design-variables".
\o To save future changes, copy variables to cellView before exiting.
\o *Warning* AXL Context Manager : job 45 is already registered. 
\o 
\o 
\o 
\o *Info*    Configuring the session ...
\o 
\o 	Library      = Potentiostat_Top
\o 	Cell         = top
\o 	View         = config
\o 	Simulator    = spectre
\o 	State Path   = $AXL_SETUPDB_DIR/test_states
\o 	State Name   = MonteCarlo.6
\o 	Results DB   = /home/hrahimi/projects/POTENTIOSTAT_26/Potentiostat_Top/top/maestro/results/maestro/MonteCarlo.6.rdb
\o 	Results Dir  = /home/hrahimi/projects/POTENTIOSTAT_26/Sim/Potentiostat_Top/top/maestro/results/maestro/MonteCarlo.6/1/TIA_Gain_Linearity_MC
\o 	Results Loc  = /home/hrahimi/projects/POTENTIOSTAT_26/Sim/Potentiostat_Top/top/maestro/results/maestro
\o 	Project Dir  = /home/hrahimi/projects/POTENTIOSTAT_26/Sim
\o 	Setup DB loc = /home/hrahimi/projects/POTENTIOSTAT_26/Potentiostat_Top/top/maestro
\o 	File Encoding = 0
\o 
\o 
\o 
\o *Info*    The auto suspension is disabled.
\o 
\o Resetting statistical vars
\o 
\o *Info*    Setting parameter values ...
\o 
\o Setting var Calib_EN = "1"
\o Setting var Cdl = "10n"
\o Setting var Cdl_CE = "10n"
\o Setting var Idc = "0"
\o Setting var Iin_TIA_AC = "1"
\o Setting var Ipulse = "0"
\o Setting var PTAT_EN = "0"
\o Setting var R_ct = "500k"
\o Setting var Rct_CE = "100k"
\o Setting var Rs_CE = "10k"
\o Setting var Rs_WE = "10k"
\o Setting var S0 = "0"
\o Setting var S1 = "0"
\o Setting var S2 = "1"
\o Setting var S3 = "0"
\o Setting var Vb = "1.615"
\o Setting var Vin_CA_AC = "0"
\o Setting var temperature = "27"
\o Setting temp(T) = 27
\o Setting var vdd = "3.3"
\o Setting var vddpuls = "0"
\o Setting var vpuls = "0"
\o Setting var vref = "1.615"
\o Setting var vtran = "0"
\o 
\o *Info*    Netlist Directory =
\o           /home/hrahimi/projects/POTENTIOSTAT_26/Sim/Potentiostat_Top/top/maestro/results/maestro/MonteCarlo.6/1/TIA_Gain_Linearity_MC/groupRunDataDir/netlist
\o 
\o 
\o *Info*    Data Directory    =
\o           /home/hrahimi/projects/POTENTIOSTAT_26/Sim/Potentiostat_Top/top/maestro/results/maestro/MonteCarlo.6/1/TIA_Gain_Linearity_MC/groupRunDataDir
\o 
\o Reusing AHDL Data dir
\w *WARNING* (CMGR-6144): The 'ciRefreshCellView' SKILL function is not applicable to the layout constraint cache 'Potentiostat_cpoly 8_Poten_PTAT av_extracted'. Run the 'dbRefreshCellView' SKILL function to refresh the cellview.
\w *WARNING* (CMGR-6144): The 'ciRefreshCellView' SKILL function is not applicable to the layout constraint cache 'FBIAS fbias_bias2_f av_extracted'. Run the 'dbRefreshCellView' SKILL function to refresh the cellview.
\o generate netlist...
\o function ansCdlCompPrim redefined
\o Ignoring netlist creation since ignoreDesignChangesDuringRun is set to true
\o       ...successful.
\o compose simulator input file...
\o       ...successful.
\o WARNING (ADE-3080): Fast viewing extensions for PSF XL format (also known as RTSF) will be discontinued  
\o        and Virtuoso Visualization and Analysis XL will not use RTSF data to plot waveforms from IC6.1.8 ISR7 onward. 
\o        There will be no performance impact on data visualization due to this change.
\o [2026-06-03 16:10:17.471 Z] [PROCESS] [cadence.virtuoso.ade.services.netlister] - Current memory used: 1.0703 GBytes, peak memory used: 1.0703 GBytes {"hostname": "il2244vt26_hrahimi", "processid": 2620711, "testname": "TIA_Gain_Linearity_MC", "point": 1, "logfile": "/home/hrahimi/projects/POTENTIOSTAT_26/logs_hrahimi/logs0/Service45.log"}
\o [2026-06-03 16:10:17.472 Z] [INFO] [cadence.virtuoso.ade.services.netlister] - Finished netlisting {"point": 1, "testname": "TIA_Gain_Linearity_MC"}
\o [2026-06-03 16:10:17.475 Z] [EVENT] [cadence.virtuoso.ade.services.netlister] - GroupPoints {"point": 76, "testname": "TIA_Gain_Linearity_MC", "event": "GroupPoints", "EventSource": "Netlist Service", "Points": "76:1:150", "HistoryName": "MonteCarlo.6", "logFile": "/home/hrahimi/projects/POTENTIOSTAT_26/logs_hrahimi/logs0/Service45.log", "logFileSize": "192095"}
\o [2026-06-03 16:10:17.475 Z] [INFO] [cadence.virtuoso.ade.services.netlister] - Started netlisting {"point": 76, "testname": "TIA_Gain_Linearity_MC"}
\o Resetting statistical vars
\o 
\o *Info*    Setting parameter values ...
\o 
\o 
\o *Info*    Netlist Directory =
\o           /home/hrahimi/projects/POTENTIOSTAT_26/Sim/Potentiostat_Top/top/maestro/results/maestro/MonteCarlo.6/76/TIA_Gain_Linearity_MC/groupRunDataDir/netlist
\o 
\o 
\o *Info*    Data Directory    =
\o           /home/hrahimi/projects/POTENTIOSTAT_26/Sim/Potentiostat_Top/top/maestro/results/maestro/MonteCarlo.6/76/TIA_Gain_Linearity_MC/groupRunDataDir
\o 
\o Reusing AHDL Data dir
\w *WARNING* (CMGR-6144): The 'ciRefreshCellView' SKILL function is not applicable to the layout constraint cache 'Potentiostat_cpoly 8_Poten_PTAT av_extracted'. Run the 'dbRefreshCellView' SKILL function to refresh the cellview.
\w *WARNING* (CMGR-6144): The 'ciRefreshCellView' SKILL function is not applicable to the layout constraint cache 'FBIAS fbias_bias2_f av_extracted'. Run the 'dbRefreshCellView' SKILL function to refresh the cellview.
\o generate netlist...
\o function ansCdlCompPrim redefined
\o Ignoring netlist creation since ignoreDesignChangesDuringRun is set to true
\o       ...successful.
\o compose simulator input file...
\o       ...successful.
\o WARNING (ADE-3080): Fast viewing extensions for PSF XL format (also known as RTSF) will be discontinued  
\o        and Virtuoso Visualization and Analysis XL will not use RTSF data to plot waveforms from IC6.1.8 ISR7 onward. 
\o        There will be no performance impact on data visualization due to this change.
\o [2026-06-03 16:10:19.347 Z] [PROCESS] [cadence.virtuoso.ade.services.netlister] - Current memory used: 1.0703 GBytes, peak memory used: 1.0703 GBytes {"hostname": "il2244vt26_hrahimi", "processid": 2620711, "testname": "TIA_Gain_Linearity_MC", "point": 76, "logfile": "/home/hrahimi/projects/POTENTIOSTAT_26/logs_hrahimi/logs0/Service45.log"}
\o [2026-06-03 16:10:19.348 Z] [INFO] [cadence.virtuoso.ade.services.netlister] - Finished netlisting {"point": 76, "testname": "TIA_Gain_Linearity_MC"}
\o [2026-06-03 16:10:19.350 Z] [EVENT] [cadence.virtuoso.ade.services.netlister] - GroupPoints {"point": 151, "testname": "TIA_Gain_Linearity_MC", "event": "GroupPoints", "EventSource": "Netlist Service", "Points": "151:1:200", "HistoryName": "MonteCarlo.6", "logFile": "/home/hrahimi/projects/POTENTIOSTAT_26/logs_hrahimi/logs0/Service45.log", "logFileSize": "194607"}
\o [2026-06-03 16:10:19.351 Z] [INFO] [cadence.virtuoso.ade.services.netlister] - Started netlisting {"point": 151, "testname": "TIA_Gain_Linearity_MC"}
\o Resetting statistical vars
\o 
\o *Info*    Setting parameter values ...
\o 
\o 
\o *Info*    Netlist Directory =
\o           /home/hrahimi/projects/POTENTIOSTAT_26/Sim/Potentiostat_Top/top/maestro/results/maestro/MonteCarlo.6/151/TIA_Gain_Linearity_MC/groupRunDataDir/netlist
\o 
\o 
\o *Info*    Data Directory    =
\o           /home/hrahimi/projects/POTENTIOSTAT_26/Sim/Potentiostat_Top/top/maestro/results/maestro/MonteCarlo.6/151/TIA_Gain_Linearity_MC/groupRunDataDir
\o 
\o Reusing AHDL Data dir
\w *WARNING* (CMGR-6144): The 'ciRefreshCellView' SKILL function is not applicable to the layout constraint cache 'Potentiostat_cpoly 8_Poten_PTAT av_extracted'. Run the 'dbRefreshCellView' SKILL function to refresh the cellview.
\w *WARNING* (CMGR-6144): The 'ciRefreshCellView' SKILL function is not applicable to the layout constraint cache 'FBIAS fbias_bias2_f av_extracted'. Run the 'dbRefreshCellView' SKILL function to refresh the cellview.
\o generate netlist...
\o function ansCdlCompPrim redefined
\o Ignoring netlist creation since ignoreDesignChangesDuringRun is set to true
\o       ...successful.
\o compose simulator input file...
\o       ...successful.
\o WARNING (ADE-3080): Fast viewing extensions for PSF XL format (also known as RTSF) will be discontinued  
\o        and Virtuoso Visualization and Analysis XL will not use RTSF data to plot waveforms from IC6.1.8 ISR7 onward. 
\o        There will be no performance impact on data visualization due to this change.
\o [2026-06-03 16:10:20.860 Z] [PROCESS] [cadence.virtuoso.ade.services.netlister] - Current memory used: 1.0703 GBytes, peak memory used: 1.0703 GBytes {"hostname": "il2244vt26_hrahimi", "processid": 2620711, "testname": "TIA_Gain_Linearity_MC", "point": 151, "logfile": "/home/hrahimi/projects/POTENTIOSTAT_26/logs_hrahimi/logs0/Service45.log"}
\o [2026-06-03 16:10:20.862 Z] [INFO] [cadence.virtuoso.ade.services.netlister] - Finished netlisting {"point": 151, "testname": "TIA_Gain_Linearity_MC"}
\o Simulation design variables differ from those on the cellView,
\o they have been saved in the file "/tmp/saved-design-variables".
\o To save future changes, copy variables to cellView before exiting.
\# Lic Summary:
\# [16:15:22.307417] Cdslmd servers:3000@lic08.ug.kth.se:29000@lic06.ug.kth.se
\# [16:15:22.307441] Feature usage summary:
\# Memory report: on exit            809 MB, process size 2,571 MB at UTC 2026.06.03 16:15:22.307
\# Memory report: peak usage         809 MB, process size 2,574 MB
