\# Program start time:     UTC 2026.05.30 19:38:13.489
\# Local time: UTC (UTC+00:00) 2026.05.30 19:38:13.489
\o Program:		@(#)$CDS: virtuoso version 6.1.8-64b 09/03/2024 19:11 (sjfhw316) $
\o Hierarchy:		/opt/tools/cadence/installs/IC618/tools.lnx86/dfII/
\o Sub version:		sub-version  IC6.1.8-64b.500.36  (64-bit addresses)
\# Command line:	/opt/tools/cadence/installs/IC618/tools.lnx86/dfII/bin/64bit/virtuoso -beanhost il2244vt26_hrahimi -beanport 11300 -beanbinlog  -beanLogFile /home/hrahimi/projects/POTENTIOSTAT_26/logs_hrahimi/logs0/amps_Service91.log -mpssession virtuoso660032 -mpshost il2244vt26_hrahimi -davinciService DaVinciService_660032_1780048312 -scopedPid 660032 -axlSession fnxSession0 -axlServiceIdFlag 91 -uuid a67de648-3d4c-4070-a8b6-a3346b280ef4 -heartbeat /dev/shm/swift-heartbeat.8ORoASvcLM -log /home/hrahimi/projects/POTENTIOSTAT_26/logs_hrahimi/logs0/Service91.log -noautostart -nographE -lscs 000175E1894CBE06FF0966E38F1FFC06BC4D6EE68E6D9506D52060E590078A72887903BA9319D236867C66E38F1FFC06BC4D66E38F1FFC06BC4D0CF8B3BCC0A5D65600001E06 -interactive -offlineExprEval -fenixMode assembler -heartbeatTimeout  -lingerTimeout 300 -pointlifetime -1
\# Host name (type):	il2244vt26_hrahimi (x86_64)
\# Operating system:	Linux 5.15.0-164-generic #174-Ubuntu SMP Fri Nov 14 20:25:16 UTC 2025
\# Linux /etc/issue:	\S
\# Linux /etc/issue:	Kernel \r on an \m
\# X display name (WxH):	:1990 (1024x868)
\# Available geometry:			TL(0:0) BR(1023:867)
\# X server:			The X.Org Foundation
\# Depth of Visual (Root):	24 (24)
\# Number of Planes Used:	24
\# X version:		11.0 (vendor release 12011000)
\# X resource pool:	base 0x400000, mask 0x1fffff (2097151), shift 0
\# 			current id 0x0, current max 0x1ffffa (2097146)
\# Max data seg size:	     unlimited
\# Max process size:	     unlimited
\# Initial sbrk value:	      1,239 MB
\# Available memory:	  2,337,327 MB
\# System memory:	  3,104,512 MB
\# Maximum memory size:	  3,103,394 MB
\# Max mem available:	  2,337,448 MB
\# Initial memory used:	        121 MB
\#        process size:	      1,677 MB
\# Thread usage limits (effective/default):	maxthreads 4294967295/4294967295 maxload 48.00/48.00
\# Qt version:		5.9.1
\# Window Manager:	other
\# User Name:		hrahimi
\o Working Directory:	il2244vt26_hrahimi:/home/hrahimi/projects/POTENTIOSTAT_26
\# Process Id:		1068918
\o 
\o COPYRIGHT (C) 1992-2024  CADENCE DESIGN SYSTEMS INC.  ALL RIGHTS RESERVED.
\o           (C) 1992-2024  UNIX SYSTEMS Laboratories INC.,
\o                          Reproduced with permission.
\o 
\o This Cadence Design Systems program and online documentation are
\o proprietary/confidential information and may be disclosed/used only
\o as authorized in a license agreement controlling such use and disclosure.
\o 
\o           RESTRICTED RIGHTS NOTICE (SHORT FORM)
\o Use/reproduction/disclosure is subject to restriction
\o set forth at FAR 1252.227-19 or its equivalent.
\o Loading geView.cxt 
\o Loading menuBuilder.cxt 
\o Loading schView.cxt 
\o Loading selectSv.cxt 
\o Loading wireEdit.cxt 
\o Loading pte2.cxt 
\w Qt Warning: setNativeLocks failed: "Resource temporarily unavailable"
\o Loading xlUI.cxt 
\o Loading auCore.cxt 
\o Loading vhdl.cxt 
\o Loading seismic.cxt 
\o Loading ci.cxt 
\o Loading ams.cxt 
\o Loading oasis.cxt 
\o Loading analog.cxt 
\o Loading asimenv.cxt 
\o Loading dal.cxt 
\o Loading awv.cxt 
\o Loading socket.cxt 
\o Loading par.cxt 
\o Loading alvs.cxt 
\o Loading caa.cxt 
\o Loading amps.cxt 
\o Loading adexlCore.cxt 
\# Memory report: using         231 MB, process size 1,873 MB at UTC 2026.05.30 19:38:15.523
\o Loading adexl.cxt 
\o *Info*    Exporting services from client ... 
\o 
\o Loading adexlDM.cxt 
\o Loading cpf.cxt 
\o Loading cli.cxt 
\o Loading lp.cxt 
\o INFO (ELI-00302) Connecting to parent process (session=virtuoso660032, host=il2244vt26_hrahimi). Connection mode is LSCS. Total timeout is 180 seconds. Connection timeout is 90 seconds.
\o INFO (ELI-00303) Step 1: Connecting to parent. Time spent is 0 seconds.
\o INFO (ELI-00304) The registration of the child 1068918 within 90 seconds is being processed...
\o INFO (ELI-00305) The result of registration is true. Time spent is 0 seconds.
\o INFO (ELI-00308) The connection has ended. Result is true. Total time spent is 0 seconds.
\# [19:38:13.445386] Configured Lic search path (22.01-s002): 3000@lic08.ug.kth.se:29000@lic06.ug.kth.se
\o ......................................................................................
\o            ams AG HIT-Kit v.ams_4.10
\o ......................................................................................
\o COPYRIGHT (c) 2012 Full Service Foundry @ ams AG.  ALL RIGHTS RESERVED
\o This HIT-Kit and attached documentation are confidential information and may 
\o only be used as authorized by the HIT-Kit license agreement.
\o ......................................................................................
\# Current Window: window(2)
\o Loading simulator default settings.
\w 
\w load( "/opt/tools/mentor/CALIBRE_2022.4_16/aoi_cal_2022.4_16.8/lib/calibre.skl" ))
\w                                                                                  ^
\w PARSER WARNING at line 63 column 82 of file ./.cdsinit_local
\w *WARNING* (Parser): extra ')' ignored
\o //
\o //  Calibre Skill Interface * (v2022.4_16.8) *
\o //
\o //                         Copyright Siemens 1996-2020     
\o //                             All Rights Reserved.
\o //         THIS WORK CONTAINS TRADE SECRET AND PROPRIETARY INFORMATION
\o //            WHICH IS THE PROPERTY OF MENTOR GRAPHICS CORPORATION
\o //              OR ITS LICENSORS AND IS SUBJECT TO LICENSE TERMS.
\o //
\o //
\o Loading simulator default settings.
\p hitkit: ams_4.10  Tech: c35b4c3  User: hrahimi 
\w *WARNING* could not load font "-*-courier-medium-r-*-*-12-*", using font "fixed"
\# Loading perfDiag...
\# (PerfDiag): Set GDB path to environment variable 'gdbPath' (gdb).
\# Performance Diagnostic tool is installed. You can access PerfDiag from CIW Tools or use the shell command 'cdsPerfDiag -p 1068918' to open it when Virtuoso freezes.
\# (PerfDiag): Use backtrace from GLIBC.
\w *WARNING* _perfPstackCheck: Cannot find pstack/gstack. Please setup PATH environment variable to pstack/gstack executable.
\i _axlRunServices()
\# [19:38:19.068715] Periodic Lic check successful
\# [19:38:19.068720] Feature usage summary:
\o Loading simui.cxt 
\o [2026-05-30 19:38:19.104 Z] [PROCESS] [cadence.virtuoso.ade.services] - Netlist Service has successfully started. Waiting for incoming messages ... {"hostname": "il2244vt26_hrahimi", "processid": 1068918, "logfile": "/home/hrahimi/projects/POTENTIOSTAT_26/logs_hrahimi/logs0/Service91.log"}
\o [2026-05-30 19:38:19.153 Z] [EVENT] [cadence.virtuoso.ade.services.netlister] - NewPoint {"point": 0, "testname": "TIA_Gain_Linearity", "event": "NewPoint", "EventSource": "Netlist Service", "HistoryName": "MonteCarlo.1", "logFile": "/home/hrahimi/projects/POTENTIOSTAT_26/logs_hrahimi/logs0/Service91.log", "logFileSize": "6154"}
\o [2026-05-30 19:38:19.154 Z] [INFO] [cadence.virtuoso.ade.services.netlister] - Started preparing netlist {"point": 0, "testname": "TIA_Gain_Linearity", "testnameKey": "TIA_Gain_Linearity"}
\o [2026-05-30 19:38:20.235 Z] [INFO] [cadence.virtuoso.ade.services.netlister] - Finished preparing netlist {"point": 0, "testname": "TIA_Gain_Linearity", "testnameKey": "TIA_Gain_Linearity"}
\o [2026-05-30 19:38:20.282 Z] [EVENT] [cadence.virtuoso.ade.services.netlister] - NewPoint {"point": 0, "testname": "TIA_Gain_Linearity", "event": "NewPoint", "EventSource": "Netlist Service", "HistoryName": "Interactive.306", "logFile": "/home/hrahimi/projects/POTENTIOSTAT_26/logs_hrahimi/logs0/Service91.log", "logFileSize": "7431"}
\o [2026-05-30 19:38:20.283 Z] [INFO] [cadence.virtuoso.ade.services.netlister] - Started preparing netlist {"point": 0, "testname": "TIA_Gain_Linearity", "testnameKey": "TIA_Gain_Linearity"}
\o Loading vqp.cxt 
\o Loading vdsil.cxt 
\o *Warning* AXL Context Manager : job 91 is already registered. 
\o 
\o Loading hdlPkg.cxt 
\o 
\o 
\o *Info*    Configuring the session ...
\o 
\o 	Library      = Potentiostat_Top
\o 	Cell         = top
\o 	View         = config
\o 	Simulator    = spectre
\o 	State Path   = $AXL_SETUPDB_DIR/test_states
\o 	State Name   = Interactive.306
\o 	Results DB   = /home/hrahimi/projects/POTENTIOSTAT_26/Potentiostat_Top/top/maestro/results/maestro/Interactive.306.rdb
\o 	Results Dir  = /home/hrahimi/projects/POTENTIOSTAT_26/Sim/Potentiostat_Top/top/maestro/results/maestro/Interactive.306/1/TIA_Gain_Linearity
\o 	Results Loc  = /home/hrahimi/projects/POTENTIOSTAT_26/Sim/Potentiostat_Top/top/maestro/results/maestro
\o 	Project Dir  = /home/hrahimi/projects/POTENTIOSTAT_26/Sim
\o 	Setup DB loc = /home/hrahimi/projects/POTENTIOSTAT_26/Potentiostat_Top/top/maestro
\o 	File Encoding = 0
\o 
\o 
\o Loading viva.cxt 
\o Loading spectrei.cxt 
\o Loading devCheck.cxt 
\o Loading relXpert.cxt 
\# Memory report: using         388 MB, process size 2,147 MB at UTC 2026.05.30 19:38:23.001
\o Loading hspiceD.cxt 
\o Loading spectreinl.cxt 
\o Loading msgHandler.cxt 
\o Loading UltraSim.cxt 
\o Loading AMSOSS.cxt 
\o Loading AMS.cxt 
\# Available memory:      2,337,223 MB at UTC 2026.05.30 19:38:24.103
\# Memory report: Maximum memory size now 2,337,638 MB at UTC 2026.05.30 19:38:24.103
\# Thread usage report: 54 active threads, active load 1.40 at UTC 2026.05.30 19:38:24.103
\o 
\o *Info*    The auto suspension is disabled.
\o 
\o Loading elec.cxt 
\o Resetting statistical vars
\o 
\o *Info*    Setting parameter values ...
\o 
\o Setting var Calib_EN = "0"
\o Setting var Cdl = "10n"
\o Setting var Cdl_CE = "10n"
\o Setting var Idc = "0"
\o Setting var Iin_TIA_AC = "1"
\o Setting var Ipulse = "0"
\o Setting var PTAT_EN = "0"
\o Setting var R_ct = "500k"
\o Setting var Rct_CE = "100k"
\o Setting var Rs_CE = "10k"
\o Setting var Rs_WE = "10k"
\o Setting var S0 = "0"
\o Setting var S1 = "1"
\o Setting var S2 = "0"
\o Setting var S3 = "0"
\o Setting var Vb = "1.615"
\o Setting var Vin_CA_AC = "0"
\o Setting var vdd = "3.3"
\o Setting var vddpuls = "0"
\o Setting var vpuls = "0"
\o Setting var vref = "1.615"
\o Setting var vtran = "0"
\o Loading monte.cxt 
\o Reusing AHDL Data dir
\o 
\o *Info*    Data Directory    =
\o           /home/hrahimi/projects/POTENTIOSTAT_26/Sim/Potentiostat_Top/top/maestro/results/maestro/Interactive.306/psf/TIA_Gain_Linearity
\o 
\o generate netlist...
\o Loading hnlInit.cxt 
\o Loading seCore.cxt 
\o function ansCdlCompPrim redefined
\o function ansCdlCompPrim redefined
\o Begin Incremental Netlisting May 30 19:38:25 2026
\o WARNING (OSSHNL-225): The design variable 'temperature', used in the last netlisting session in the current
\o run directory is not used in this netlisting session. The netlist(s) generated
\o in the last netlisting session cannot be reused for incremental netlisting.
\o Therefore re-netlisting the design.
\o 
\w *WARNING* (SCH-2162): "ESDLIB esdnmos4 symbol" has been updated since "IOLIB_ANA_4M AGND3ALLP schematic" was last saved. Validate that the schematic is correct and run Check and Save to suppress this warning.
\o WARNING (OSSHNL-325): Place master 'ESDLIB/esdnmos4/symbol' for instance 'MNLIB_DR1' has been modified since the last
\o extraction of its parent cellview 'IOLIB_ANA_4M/AGND3ALLP/schematic'.
\o Connectivity changes in the place master can cause issues in the generated
\o netlist. To resolve such issues:
\o -Reextract the parent cellview 'IOLIB_ANA_4M/AGND3ALLP/schematic' and regenerate the netlist. To avoid
\o multiple Check and Save operations, use the Check Hierarchy form or the
\o schHiCheckHier SKILL function to do a hierarchical check and save on the top
\o cell and then generate the netlist.
\o -Ignore all connectivity checks for this place master by specifying it to the
\o list of cellviews to be ignored using the hnlUserIgnoreCVModifyList variable.
\o -Change the severity of modification errors by setting the environment variable
\o simSymbolModifiedAction to 'ignore'. However, this may ignore both connectivity
\o and non-connectivity changes, thereby generating an incorrect netlist.
\o To avoid reporting of non-connectivity changes after performing a hierarchical
\o check and save operation, set 'schematic' 'autoEquivalentConnectivityTime' to
\o 't' in the .cdsenv file. After setting the autoEquivalentConnectivityTime
\o variable, set simSymbolModifiedAction to 'error' to receive reports of only
\o connectivity issues during netlisting.
\o The variable simSymbolModifiedAction controls the severity of this message,
\o which can be 'ignore', 'warning', or 'error'.
\o 
\w *WARNING* (SCH-2162): "PRIMLIB rpoly1c symbol" has been updated since "IOLIB_ANA_4M AVDD3ALLP schematic" was last saved. Validate that the schematic is correct and run Check and Save to suppress this warning.
\w *WARNING* (SCH-2162): "ESDLIB esdnmos4 symbol" has been updated since "IOLIB_ANA_4M AVDD3ALLP schematic" was last saved. Validate that the schematic is correct and run Check and Save to suppress this warning.
\o WARNING (OSSHNL-325): Place master 'PRIMLIB/rpoly1c/symbol' for instance 'RLIB_GC1' has been modified since the last
\o extraction of its parent cellview 'IOLIB_ANA_4M/AVDD3ALLP/schematic'.
\o Connectivity changes in the place master can cause issues in the generated
\o netlist. To resolve such issues:
\o -Reextract the parent cellview 'IOLIB_ANA_4M/AVDD3ALLP/schematic' and regenerate the netlist. To avoid
\o multiple Check and Save operations, use the Check Hierarchy form or the
\o schHiCheckHier SKILL function to do a hierarchical check and save on the top
\o cell and then generate the netlist.
\o -Ignore all connectivity checks for this place master by specifying it to the
\o list of cellviews to be ignored using the hnlUserIgnoreCVModifyList variable.
\o -Change the severity of modification errors by setting the environment variable
\o simSymbolModifiedAction to 'ignore'. However, this may ignore both connectivity
\o and non-connectivity changes, thereby generating an incorrect netlist.
\o To avoid reporting of non-connectivity changes after performing a hierarchical
\o check and save operation, set 'schematic' 'autoEquivalentConnectivityTime' to
\o 't' in the .cdsenv file. After setting the autoEquivalentConnectivityTime
\o variable, set simSymbolModifiedAction to 'error' to receive reports of only
\o connectivity issues during netlisting.
\o The variable simSymbolModifiedAction controls the severity of this message,
\o which can be 'ignore', 'warning', or 'error'.
\o 
\o WARNING (OSSHNL-325): Place master 'ESDLIB/esdnmos4/symbol' for instance 'MNLIB_DR1' has been modified since the last
\o extraction of its parent cellview 'IOLIB_ANA_4M/AVDD3ALLP/schematic'.
\o Connectivity changes in the place master can cause issues in the generated
\o netlist. To resolve such issues:
\o -Reextract the parent cellview 'IOLIB_ANA_4M/AVDD3ALLP/schematic' and regenerate the netlist. To avoid
\o multiple Check and Save operations, use the Check Hierarchy form or the
\o schHiCheckHier SKILL function to do a hierarchical check and save on the top
\o cell and then generate the netlist.
\o -Ignore all connectivity checks for this place master by specifying it to the
\o list of cellviews to be ignored using the hnlUserIgnoreCVModifyList variable.
\o -Change the severity of modification errors by setting the environment variable
\o simSymbolModifiedAction to 'ignore'. However, this may ignore both connectivity
\o and non-connectivity changes, thereby generating an incorrect netlist.
\o To avoid reporting of non-connectivity changes after performing a hierarchical
\o check and save operation, set 'schematic' 'autoEquivalentConnectivityTime' to
\o 't' in the .cdsenv file. After setting the autoEquivalentConnectivityTime
\o variable, set simSymbolModifiedAction to 'error' to receive reports of only
\o connectivity issues during netlisting.
\o The variable simSymbolModifiedAction controls the severity of this message,
\o which can be 'ignore', 'warning', or 'error'.
\o 
\w *WARNING* (SCH-2162): "PRIMLIB rpoly2c symbol" has been updated since "IOLIB_ANA_4M APRIO200P schematic" was last saved. Validate that the schematic is correct and run Check and Save to suppress this warning.
\o WARNING (OSSHNL-325): Place master 'PRIMLIB/rpoly2c/symbol' for instance 'R3' has been modified since the last
\o extraction of its parent cellview 'IOLIB_ANA_4M/APRIO200P/schematic'.
\o Connectivity changes in the place master can cause issues in the generated
\o netlist. To resolve such issues:
\o -Reextract the parent cellview 'IOLIB_ANA_4M/APRIO200P/schematic' and regenerate the netlist. To avoid
\o multiple Check and Save operations, use the Check Hierarchy form or the
\o schHiCheckHier SKILL function to do a hierarchical check and save on the top
\o cell and then generate the netlist.
\o -Ignore all connectivity checks for this place master by specifying it to the
\o list of cellviews to be ignored using the hnlUserIgnoreCVModifyList variable.
\o -Change the severity of modification errors by setting the environment variable
\o simSymbolModifiedAction to 'ignore'. However, this may ignore both connectivity
\o and non-connectivity changes, thereby generating an incorrect netlist.
\o To avoid reporting of non-connectivity changes after performing a hierarchical
\o check and save operation, set 'schematic' 'autoEquivalentConnectivityTime' to
\o 't' in the .cdsenv file. After setting the autoEquivalentConnectivityTime
\o variable, set simSymbolModifiedAction to 'error' to receive reports of only
\o connectivity issues during netlisting.
\o The variable simSymbolModifiedAction controls the severity of this message,
\o which can be 'ignore', 'warning', or 'error'.
\o 
\w *WARNING* (SCH-2162): "PRIMLIB rpoly1c symbol" has been updated since "IOLIB_4M VDD3RP cmos_sch" was last saved. Validate that the schematic is correct and run Check and Save to suppress this warning.
\w *WARNING* (SCH-2162): "ESDLIB esdnmos4 symbol" has been updated since "IOLIB_4M VDD3RP cmos_sch" was last saved. Validate that the schematic is correct and run Check and Save to suppress this warning.
\o WARNING (OSSHNL-325): Place master 'PRIMLIB/rpoly1c/symbol' for instance 'RLIB_GC1' has been modified since the last
\o extraction of its parent cellview 'IOLIB_4M/VDD3RP/cmos_sch'.
\o Connectivity changes in the place master can cause issues in the generated
\o netlist. To resolve such issues:
\o -Reextract the parent cellview 'IOLIB_4M/VDD3RP/cmos_sch' and regenerate the netlist. To avoid
\o multiple Check and Save operations, use the Check Hierarchy form or the
\o schHiCheckHier SKILL function to do a hierarchical check and save on the top
\o cell and then generate the netlist.
\o -Ignore all connectivity checks for this place master by specifying it to the
\o list of cellviews to be ignored using the hnlUserIgnoreCVModifyList variable.
\o -Change the severity of modification errors by setting the environment variable
\o simSymbolModifiedAction to 'ignore'. However, this may ignore both connectivity
\o and non-connectivity changes, thereby generating an incorrect netlist.
\o To avoid reporting of non-connectivity changes after performing a hierarchical
\o check and save operation, set 'schematic' 'autoEquivalentConnectivityTime' to
\o 't' in the .cdsenv file. After setting the autoEquivalentConnectivityTime
\o variable, set simSymbolModifiedAction to 'error' to receive reports of only
\o connectivity issues during netlisting.
\o The variable simSymbolModifiedAction controls the severity of this message,
\o which can be 'ignore', 'warning', or 'error'.
\o 
\o WARNING (OSSHNL-325): Place master 'ESDLIB/esdnmos4/symbol' for instance 'MNLIB_DR1' has been modified since the last
\o extraction of its parent cellview 'IOLIB_4M/VDD3RP/cmos_sch'.
\o Connectivity changes in the place master can cause issues in the generated
\o netlist. To resolve such issues:
\o -Reextract the parent cellview 'IOLIB_4M/VDD3RP/cmos_sch' and regenerate the netlist. To avoid
\o multiple Check and Save operations, use the Check Hierarchy form or the
\o schHiCheckHier SKILL function to do a hierarchical check and save on the top
\o cell and then generate the netlist.
\o -Ignore all connectivity checks for this place master by specifying it to the
\o list of cellviews to be ignored using the hnlUserIgnoreCVModifyList variable.
\o -Change the severity of modification errors by setting the environment variable
\o simSymbolModifiedAction to 'ignore'. However, this may ignore both connectivity
\o and non-connectivity changes, thereby generating an incorrect netlist.
\o To avoid reporting of non-connectivity changes after performing a hierarchical
\o check and save operation, set 'schematic' 'autoEquivalentConnectivityTime' to
\o 't' in the .cdsenv file. After setting the autoEquivalentConnectivityTime
\o variable, set simSymbolModifiedAction to 'error' to receive reports of only
\o connectivity issues during netlisting.
\o The variable simSymbolModifiedAction controls the severity of this message,
\o which can be 'ignore', 'warning', or 'error'.
\o 
\w *WARNING* (SCH-2162): "PRIMLIB rpoly1c symbol" has been updated since "IOLIB_4M VDD3OP cmos_sch" was last saved. Validate that the schematic is correct and run Check and Save to suppress this warning.
\w *WARNING* (SCH-2162): "ESDLIB esdnmos4 symbol" has been updated since "IOLIB_4M VDD3OP cmos_sch" was last saved. Validate that the schematic is correct and run Check and Save to suppress this warning.
\o WARNING (OSSHNL-325): Place master 'PRIMLIB/rpoly1c/symbol' for instance 'RLIB_GC1' has been modified since the last
\o extraction of its parent cellview 'IOLIB_4M/VDD3OP/cmos_sch'.
\o Connectivity changes in the place master can cause issues in the generated
\o netlist. To resolve such issues:
\o -Reextract the parent cellview 'IOLIB_4M/VDD3OP/cmos_sch' and regenerate the netlist. To avoid
\o multiple Check and Save operations, use the Check Hierarchy form or the
\o schHiCheckHier SKILL function to do a hierarchical check and save on the top
\o cell and then generate the netlist.
\o -Ignore all connectivity checks for this place master by specifying it to the
\o list of cellviews to be ignored using the hnlUserIgnoreCVModifyList variable.
\o -Change the severity of modification errors by setting the environment variable
\o simSymbolModifiedAction to 'ignore'. However, this may ignore both connectivity
\o and non-connectivity changes, thereby generating an incorrect netlist.
\o To avoid reporting of non-connectivity changes after performing a hierarchical
\o check and save operation, set 'schematic' 'autoEquivalentConnectivityTime' to
\o 't' in the .cdsenv file. After setting the autoEquivalentConnectivityTime
\o variable, set simSymbolModifiedAction to 'error' to receive reports of only
\o connectivity issues during netlisting.
\o The variable simSymbolModifiedAction controls the severity of this message,
\o which can be 'ignore', 'warning', or 'error'.
\o 
\o WARNING (OSSHNL-325): Place master 'ESDLIB/esdnmos4/symbol' for instance 'MNLIB_DR1' has been modified since the last
\o extraction of its parent cellview 'IOLIB_4M/VDD3OP/cmos_sch'.
\o Connectivity changes in the place master can cause issues in the generated
\o netlist. To resolve such issues:
\o -Reextract the parent cellview 'IOLIB_4M/VDD3OP/cmos_sch' and regenerate the netlist. To avoid
\o multiple Check and Save operations, use the Check Hierarchy form or the
\o schHiCheckHier SKILL function to do a hierarchical check and save on the top
\o cell and then generate the netlist.
\o -Ignore all connectivity checks for this place master by specifying it to the
\o list of cellviews to be ignored using the hnlUserIgnoreCVModifyList variable.
\o -Change the severity of modification errors by setting the environment variable
\o simSymbolModifiedAction to 'ignore'. However, this may ignore both connectivity
\o and non-connectivity changes, thereby generating an incorrect netlist.
\o To avoid reporting of non-connectivity changes after performing a hierarchical
\o check and save operation, set 'schematic' 'autoEquivalentConnectivityTime' to
\o 't' in the .cdsenv file. After setting the autoEquivalentConnectivityTime
\o variable, set simSymbolModifiedAction to 'error' to receive reports of only
\o connectivity issues during netlisting.
\o The variable simSymbolModifiedAction controls the severity of this message,
\o which can be 'ignore', 'warning', or 'error'.
\o 
\w *WARNING* (SCH-2162): "PRIMLIB rpoly1c symbol" has been updated since "IOLIB_4M VDD3IP cmos_sch" was last saved. Validate that the schematic is correct and run Check and Save to suppress this warning.
\w *WARNING* (SCH-2162): "ESDLIB esdnmos4 symbol" has been updated since "IOLIB_4M VDD3IP cmos_sch" was last saved. Validate that the schematic is correct and run Check and Save to suppress this warning.
\o WARNING (OSSHNL-325): Place master 'PRIMLIB/rpoly1c/symbol' for instance 'RLIB_GC1' has been modified since the last
\o extraction of its parent cellview 'IOLIB_4M/VDD3IP/cmos_sch'.
\o Connectivity changes in the place master can cause issues in the generated
\o netlist. To resolve such issues:
\o -Reextract the parent cellview 'IOLIB_4M/VDD3IP/cmos_sch' and regenerate the netlist. To avoid
\o multiple Check and Save operations, use the Check Hierarchy form or the
\o schHiCheckHier SKILL function to do a hierarchical check and save on the top
\o cell and then generate the netlist.
\o -Ignore all connectivity checks for this place master by specifying it to the
\o list of cellviews to be ignored using the hnlUserIgnoreCVModifyList variable.
\o -Change the severity of modification errors by setting the environment variable
\o simSymbolModifiedAction to 'ignore'. However, this may ignore both connectivity
\o and non-connectivity changes, thereby generating an incorrect netlist.
\o To avoid reporting of non-connectivity changes after performing a hierarchical
\o check and save operation, set 'schematic' 'autoEquivalentConnectivityTime' to
\o 't' in the .cdsenv file. After setting the autoEquivalentConnectivityTime
\o variable, set simSymbolModifiedAction to 'error' to receive reports of only
\o connectivity issues during netlisting.
\o The variable simSymbolModifiedAction controls the severity of this message,
\o which can be 'ignore', 'warning', or 'error'.
\o 
\o WARNING (OSSHNL-325): Place master 'ESDLIB/esdnmos4/symbol' for instance 'MNLIB_DR1' has been modified since the last
\o extraction of its parent cellview 'IOLIB_4M/VDD3IP/cmos_sch'.
\o Connectivity changes in the place master can cause issues in the generated
\o netlist. To resolve such issues:
\o -Reextract the parent cellview 'IOLIB_4M/VDD3IP/cmos_sch' and regenerate the netlist. To avoid
\o multiple Check and Save operations, use the Check Hierarchy form or the
\o schHiCheckHier SKILL function to do a hierarchical check and save on the top
\o cell and then generate the netlist.
\o -Ignore all connectivity checks for this place master by specifying it to the
\o list of cellviews to be ignored using the hnlUserIgnoreCVModifyList variable.
\o -Change the severity of modification errors by setting the environment variable
\o simSymbolModifiedAction to 'ignore'. However, this may ignore both connectivity
\o and non-connectivity changes, thereby generating an incorrect netlist.
\o To avoid reporting of non-connectivity changes after performing a hierarchical
\o check and save operation, set 'schematic' 'autoEquivalentConnectivityTime' to
\o 't' in the .cdsenv file. After setting the autoEquivalentConnectivityTime
\o variable, set simSymbolModifiedAction to 'error' to receive reports of only
\o connectivity issues during netlisting.
\o The variable simSymbolModifiedAction controls the severity of this message,
\o which can be 'ignore', 'warning', or 'error'.
\o 
\w *WARNING* (SCH-2162): "PRIMLIB rpoly1c symbol" has been updated since "IOLIB_4M ICP cmos_sch" was last saved. Validate that the schematic is correct and run Check and Save to suppress this warning.
\w *WARNING* (SCH-2162): "ESDLIB esdnmos4 symbol" has been updated since "IOLIB_4M ICP cmos_sch" was last saved. Validate that the schematic is correct and run Check and Save to suppress this warning.
\w *WARNING* (SCH-2162): "ESDLIB esdpmos4 symbol" has been updated since "IOLIB_4M ICP cmos_sch" was last saved. Validate that the schematic is correct and run Check and Save to suppress this warning.
\w *WARNING* (SCH-2162): "PRIMLIB rdiffp3 symbol" has been updated since "IOLIB_4M ICP cmos_sch" was last saved. Validate that the schematic is correct and run Check and Save to suppress this warning.
\o WARNING (OSSHNL-325): Place master 'PRIMLIB/rpoly1c/symbol' for instance 'RLIB1' has been modified since the last
\o extraction of its parent cellview 'IOLIB_4M/ICP/cmos_sch'.
\o Connectivity changes in the place master can cause issues in the generated
\o netlist. To resolve such issues:
\o -Reextract the parent cellview 'IOLIB_4M/ICP/cmos_sch' and regenerate the netlist. To avoid
\o multiple Check and Save operations, use the Check Hierarchy form or the
\o schHiCheckHier SKILL function to do a hierarchical check and save on the top
\o cell and then generate the netlist.
\o -Ignore all connectivity checks for this place master by specifying it to the
\o list of cellviews to be ignored using the hnlUserIgnoreCVModifyList variable.
\o -Change the severity of modification errors by setting the environment variable
\o simSymbolModifiedAction to 'ignore'. However, this may ignore both connectivity
\o and non-connectivity changes, thereby generating an incorrect netlist.
\o To avoid reporting of non-connectivity changes after performing a hierarchical
\o check and save operation, set 'schematic' 'autoEquivalentConnectivityTime' to
\o 't' in the .cdsenv file. After setting the autoEquivalentConnectivityTime
\o variable, set simSymbolModifiedAction to 'error' to receive reports of only
\o connectivity issues during netlisting.
\o The variable simSymbolModifiedAction controls the severity of this message,
\o which can be 'ignore', 'warning', or 'error'.
\o 
\o WARNING (OSSHNL-325): Place master 'ESDLIB/esdnmos4/symbol' for instance 'MNLIB_DR1' has been modified since the last
\o extraction of its parent cellview 'IOLIB_4M/ICP/cmos_sch'.
\o Connectivity changes in the place master can cause issues in the generated
\o netlist. To resolve such issues:
\o -Reextract the parent cellview 'IOLIB_4M/ICP/cmos_sch' and regenerate the netlist. To avoid
\o multiple Check and Save operations, use the Check Hierarchy form or the
\o schHiCheckHier SKILL function to do a hierarchical check and save on the top
\o cell and then generate the netlist.
\o -Ignore all connectivity checks for this place master by specifying it to the
\o list of cellviews to be ignored using the hnlUserIgnoreCVModifyList variable.
\o -Change the severity of modification errors by setting the environment variable
\o simSymbolModifiedAction to 'ignore'. However, this may ignore both connectivity
\o and non-connectivity changes, thereby generating an incorrect netlist.
\o To avoid reporting of non-connectivity changes after performing a hierarchical
\o check and save operation, set 'schematic' 'autoEquivalentConnectivityTime' to
\o 't' in the .cdsenv file. After setting the autoEquivalentConnectivityTime
\o variable, set simSymbolModifiedAction to 'error' to receive reports of only
\o connectivity issues during netlisting.
\o The variable simSymbolModifiedAction controls the severity of this message,
\o which can be 'ignore', 'warning', or 'error'.
\o 
\o WARNING (OSSHNL-325): Place master 'ESDLIB/esdpmos4/symbol' for instance 'MPLIB_DR1' has been modified since the last
\o extraction of its parent cellview 'IOLIB_4M/ICP/cmos_sch'.
\o Connectivity changes in the place master can cause issues in the generated
\o netlist. To resolve such issues:
\o -Reextract the parent cellview 'IOLIB_4M/ICP/cmos_sch' and regenerate the netlist. To avoid
\o multiple Check and Save operations, use the Check Hierarchy form or the
\o schHiCheckHier SKILL function to do a hierarchical check and save on the top
\o cell and then generate the netlist.
\o -Ignore all connectivity checks for this place master by specifying it to the
\o list of cellviews to be ignored using the hnlUserIgnoreCVModifyList variable.
\o -Change the severity of modification errors by setting the environment variable
\o simSymbolModifiedAction to 'ignore'. However, this may ignore both connectivity
\o and non-connectivity changes, thereby generating an incorrect netlist.
\o To avoid reporting of non-connectivity changes after performing a hierarchical
\o check and save operation, set 'schematic' 'autoEquivalentConnectivityTime' to
\o 't' in the .cdsenv file. After setting the autoEquivalentConnectivityTime
\o variable, set simSymbolModifiedAction to 'error' to receive reports of only
\o connectivity issues during netlisting.
\o The variable simSymbolModifiedAction controls the severity of this message,
\o which can be 'ignore', 'warning', or 'error'.
\o 
\o WARNING (OSSHNL-325): Place master 'PRIMLIB/rdiffp3/symbol' for instance 'RLIB_GC2' has been modified since the last
\o extraction of its parent cellview 'IOLIB_4M/ICP/cmos_sch'.
\o Connectivity changes in the place master can cause issues in the generated
\o netlist. To resolve such issues:
\o -Reextract the parent cellview 'IOLIB_4M/ICP/cmos_sch' and regenerate the netlist. To avoid
\o multiple Check and Save operations, use the Check Hierarchy form or the
\o schHiCheckHier SKILL function to do a hierarchical check and save on the top
\o cell and then generate the netlist.
\o -Ignore all connectivity checks for this place master by specifying it to the
\o list of cellviews to be ignored using the hnlUserIgnoreCVModifyList variable.
\o -Change the severity of modification errors by setting the environment variable
\o simSymbolModifiedAction to 'ignore'. However, this may ignore both connectivity
\o and non-connectivity changes, thereby generating an incorrect netlist.
\o To avoid reporting of non-connectivity changes after performing a hierarchical
\o check and save operation, set 'schematic' 'autoEquivalentConnectivityTime' to
\o 't' in the .cdsenv file. After setting the autoEquivalentConnectivityTime
\o variable, set simSymbolModifiedAction to 'error' to receive reports of only
\o connectivity issues during netlisting.
\o The variable simSymbolModifiedAction controls the severity of this message,
\o which can be 'ignore', 'warning', or 'error'.
\o 
\w *WARNING* (SCH-2162): "PRIMLIB rpoly1c symbol" has been updated since "IOLIB_4M GND3RP cmos_sch" was last saved. Validate that the schematic is correct and run Check and Save to suppress this warning.
\w *WARNING* (SCH-2162): "ESDLIB esdnmos4 symbol" has been updated since "IOLIB_4M GND3RP cmos_sch" was last saved. Validate that the schematic is correct and run Check and Save to suppress this warning.
\o WARNING (OSSHNL-325): Place master 'PRIMLIB/rpoly1c/symbol' for instance 'RLIB_GC1' has been modified since the last
\o extraction of its parent cellview 'IOLIB_4M/GND3RP/cmos_sch'.
\o Connectivity changes in the place master can cause issues in the generated
\o netlist. To resolve such issues:
\o -Reextract the parent cellview 'IOLIB_4M/GND3RP/cmos_sch' and regenerate the netlist. To avoid
\o multiple Check and Save operations, use the Check Hierarchy form or the
\o schHiCheckHier SKILL function to do a hierarchical check and save on the top
\o cell and then generate the netlist.
\o -Ignore all connectivity checks for this place master by specifying it to the
\o list of cellviews to be ignored using the hnlUserIgnoreCVModifyList variable.
\o -Change the severity of modification errors by setting the environment variable
\o simSymbolModifiedAction to 'ignore'. However, this may ignore both connectivity
\o and non-connectivity changes, thereby generating an incorrect netlist.
\o To avoid reporting of non-connectivity changes after performing a hierarchical
\o check and save operation, set 'schematic' 'autoEquivalentConnectivityTime' to
\o 't' in the .cdsenv file. After setting the autoEquivalentConnectivityTime
\o variable, set simSymbolModifiedAction to 'error' to receive reports of only
\o connectivity issues during netlisting.
\o The variable simSymbolModifiedAction controls the severity of this message,
\o which can be 'ignore', 'warning', or 'error'.
\o 
\o WARNING (OSSHNL-325): Place master 'ESDLIB/esdnmos4/symbol' for instance 'MNLIB_DR1' has been modified since the last
\o extraction of its parent cellview 'IOLIB_4M/GND3RP/cmos_sch'.
\o Connectivity changes in the place master can cause issues in the generated
\o netlist. To resolve such issues:
\o -Reextract the parent cellview 'IOLIB_4M/GND3RP/cmos_sch' and regenerate the netlist. To avoid
\o multiple Check and Save operations, use the Check Hierarchy form or the
\o schHiCheckHier SKILL function to do a hierarchical check and save on the top
\o cell and then generate the netlist.
\o -Ignore all connectivity checks for this place master by specifying it to the
\o list of cellviews to be ignored using the hnlUserIgnoreCVModifyList variable.
\o -Change the severity of modification errors by setting the environment variable
\o simSymbolModifiedAction to 'ignore'. However, this may ignore both connectivity
\o and non-connectivity changes, thereby generating an incorrect netlist.
\o To avoid reporting of non-connectivity changes after performing a hierarchical
\o check and save operation, set 'schematic' 'autoEquivalentConnectivityTime' to
\o 't' in the .cdsenv file. After setting the autoEquivalentConnectivityTime
\o variable, set simSymbolModifiedAction to 'error' to receive reports of only
\o connectivity issues during netlisting.
\o The variable simSymbolModifiedAction controls the severity of this message,
\o which can be 'ignore', 'warning', or 'error'.
\o 
\w *WARNING* (SCH-2162): "PRIMLIB rpoly1c symbol" has been updated since "IOLIB_4M GND3OP cmos_sch" was last saved. Validate that the schematic is correct and run Check and Save to suppress this warning.
\w *WARNING* (SCH-2162): "ESDLIB esdnmos4 symbol" has been updated since "IOLIB_4M GND3OP cmos_sch" was last saved. Validate that the schematic is correct and run Check and Save to suppress this warning.
\o WARNING (OSSHNL-325): Place master 'PRIMLIB/rpoly1c/symbol' for instance 'RLIB_GC1' has been modified since the last
\o extraction of its parent cellview 'IOLIB_4M/GND3OP/cmos_sch'.
\o Connectivity changes in the place master can cause issues in the generated
\o netlist. To resolve such issues:
\o -Reextract the parent cellview 'IOLIB_4M/GND3OP/cmos_sch' and regenerate the netlist. To avoid
\o multiple Check and Save operations, use the Check Hierarchy form or the
\o schHiCheckHier SKILL function to do a hierarchical check and save on the top
\o cell and then generate the netlist.
\o -Ignore all connectivity checks for this place master by specifying it to the
\o list of cellviews to be ignored using the hnlUserIgnoreCVModifyList variable.
\o -Change the severity of modification errors by setting the environment variable
\o simSymbolModifiedAction to 'ignore'. However, this may ignore both connectivity
\o and non-connectivity changes, thereby generating an incorrect netlist.
\o To avoid reporting of non-connectivity changes after performing a hierarchical
\o check and save operation, set 'schematic' 'autoEquivalentConnectivityTime' to
\o 't' in the .cdsenv file. After setting the autoEquivalentConnectivityTime
\o variable, set simSymbolModifiedAction to 'error' to receive reports of only
\o connectivity issues during netlisting.
\o The variable simSymbolModifiedAction controls the severity of this message,
\o which can be 'ignore', 'warning', or 'error'.
\o 
\o WARNING (OSSHNL-325): Place master 'ESDLIB/esdnmos4/symbol' for instance 'MNLIB_DR1' has been modified since the last
\o extraction of its parent cellview 'IOLIB_4M/GND3OP/cmos_sch'.
\o Connectivity changes in the place master can cause issues in the generated
\o netlist. To resolve such issues:
\o -Reextract the parent cellview 'IOLIB_4M/GND3OP/cmos_sch' and regenerate the netlist. To avoid
\o multiple Check and Save operations, use the Check Hierarchy form or the
\o schHiCheckHier SKILL function to do a hierarchical check and save on the top
\o cell and then generate the netlist.
\o -Ignore all connectivity checks for this place master by specifying it to the
\o list of cellviews to be ignored using the hnlUserIgnoreCVModifyList variable.
\o -Change the severity of modification errors by setting the environment variable
\o simSymbolModifiedAction to 'ignore'. However, this may ignore both connectivity
\o and non-connectivity changes, thereby generating an incorrect netlist.
\o To avoid reporting of non-connectivity changes after performing a hierarchical
\o check and save operation, set 'schematic' 'autoEquivalentConnectivityTime' to
\o 't' in the .cdsenv file. After setting the autoEquivalentConnectivityTime
\o variable, set simSymbolModifiedAction to 'error' to receive reports of only
\o connectivity issues during netlisting.
\o The variable simSymbolModifiedAction controls the severity of this message,
\o which can be 'ignore', 'warning', or 'error'.
\o 
\o WARNING (OSSHNL-940): Same Cell name 'presistor' is present in multiple libraries -  PRIMLIB and analogLib.
\o 
\# Memory report: using         489 MB, process size 2,253 MB at UTC 2026.05.30 19:38:28.312
\o [2026-05-30 19:38:36.015 Z] [INFO] [cadence.virtuoso.ade.services.netlister] - Heartbeat in netlister service {"point": 0, "testname": "TIA_Gain_Linearity"}
\o WARNING (ADE-6003): Terminal "CE", specified in the CDF termOrder, does not exist
\o            in the cell-view "Potentiostat" "6_CA_Front_Layout" "schematic"
\o WARNING (ADE-6004): Mismatch was found between the terminals in the cellView and those on the
\o            termOrder property on the CDF. Because of the mismatch, the CDF termOrder will
\o            be ignored. The terminals in the cellView will be netlisted in the alphabetical
\o            order of their names. Eliminate the mismatch if you want the CDF termOrder
\o            property to be used for netlisting.
\o            To edit CDF of a cell, 
\o            i) Open CIW->Tools->CDF->Edit.
\o            ii) Select Library Name & Cell Name.
\o            iii) Click on the Edit button in the simulation information section of the
\o                 Edit CDF window.
\o [2026-05-30 19:38:47.034 Z] [INFO] [cadence.virtuoso.ade.services.netlister] - Heartbeat in netlister service {"point": 0, "testname": "TIA_Gain_Linearity"}
\o Loading json.cxt 
\o End netlisting May 30 19:38:47 2026
\o 
\o Netlisting Statistics:
\o 	Number of components: 54804
\o 
\o 	Elapsed time:         22.0s (2491.09/s)
\o Errors: 0	Warnings: 2
\o       ...successful.
\o compose simulator input file...
\o       ...successful.
\o [2026-05-30 19:38:48.834 Z] [INFO] [cadence.virtuoso.ade.services.netlister] - Finished preparing netlist {"point": 0, "testname": "TIA_Gain_Linearity", "testnameKey": "TIA_Gain_Linearity"}
\o [2026-05-30 19:38:49.840 Z] [EVENT] [cadence.virtuoso.ade.services.netlister] - NewPoint {"point": 1, "testname": "TIA_Gain_Linearity", "event": "NewPoint", "EventSource": "Netlist Service", "HistoryName": "Interactive.306", "logFile": "/home/hrahimi/projects/POTENTIOSTAT_26/logs_hrahimi/logs0/Service91.log", "logFileSize": "43118"}
\o [2026-05-30 19:38:49.840 Z] [INFO] [cadence.virtuoso.ade.services.netlister] - Started netlisting {"point": 1, "testname": "TIA_Gain_Linearity"}
\o Simulation design variables differ from those on the cellView,
\o they have been saved in the file "/tmp/saved-design-variables".
\o To save future changes, copy variables to cellView before exiting.
\o *Warning* AXL Context Manager : job 91 is already registered. 
\o 
\o 
\o 
\o *Info*    Configuring the session ...
\o 
\o 	Library      = Potentiostat_Top
\o 	Cell         = top
\o 	View         = config
\o 	Simulator    = spectre
\o 	State Path   = $AXL_SETUPDB_DIR/test_states
\o 	State Name   = Interactive.306
\o 	Results DB   = /home/hrahimi/projects/POTENTIOSTAT_26/Potentiostat_Top/top/maestro/results/maestro/Interactive.306.rdb
\o 	Results Dir  = /home/hrahimi/projects/POTENTIOSTAT_26/Sim/Potentiostat_Top/top/maestro/results/maestro/Interactive.306/1/TIA_Gain_Linearity
\o 	Results Loc  = /home/hrahimi/projects/POTENTIOSTAT_26/Sim/Potentiostat_Top/top/maestro/results/maestro
\o 	Project Dir  = /home/hrahimi/projects/POTENTIOSTAT_26/Sim
\o 	Setup DB loc = /home/hrahimi/projects/POTENTIOSTAT_26/Potentiostat_Top/top/maestro
\o 	File Encoding = 0
\o 
\o 
\o 
\o *Info*    The auto suspension is disabled.
\o 
\o Resetting statistical vars
\o 
\o *Info*    Setting parameter values ...
\o 
\o Setting var Calib_EN = "0"
\o Setting var Cdl = "10n"
\o Setting var Cdl_CE = "10n"
\o Setting var Idc = "0"
\o Setting var Iin_TIA_AC = "1"
\o Setting var Ipulse = "0"
\o Setting var PTAT_EN = "0"
\o Setting var R_ct = "500k"
\o Setting var Rct_CE = "100k"
\o Setting var Rs_CE = "10k"
\o Setting var Rs_WE = "10k"
\o Setting var S0 = "0"
\o Setting var S1 = "1"
\o Setting var S2 = "0"
\o Setting var S3 = "0"
\o Setting var Vb = "1.615"
\o Setting var Vin_CA_AC = "0"
\o Setting var temperature = "27"
\o Setting temp(T) = 27
\o Setting var vdd = "3.3"
\o Setting var vddpuls = "0"
\o Setting var vpuls = "0"
\o Setting var vref = "1.615"
\o Setting var vtran = "0"
\o 
\o *Info*    Netlist Directory =
\o           /home/hrahimi/projects/POTENTIOSTAT_26/Sim/Potentiostat_Top/top/maestro/results/maestro/Interactive.306/1/TIA_Gain_Linearity/netlist
\o 
\o 
\o *Info*    Data Directory    =
\o           /home/hrahimi/projects/POTENTIOSTAT_26/Sim/Potentiostat_Top/top/maestro/results/maestro/Interactive.306/1/TIA_Gain_Linearity
\o 
\o Reusing AHDL Data dir
\o generate netlist...
\o function ansCdlCompPrim redefined
\o Ignoring netlist creation since ignoreDesignChangesDuringRun is set to true
\o       ...successful.
\o compose simulator input file...
\o       ...successful.
\o WARNING (ADE-3080): Fast viewing extensions for PSF XL format (also known as RTSF) will be discontinued  
\o        and Virtuoso Visualization and Analysis XL will not use RTSF data to plot waveforms from IC6.1.8 ISR7 onward. 
\o        There will be no performance impact on data visualization due to this change.
\o [2026-05-30 19:38:53.367 Z] [PROCESS] [cadence.virtuoso.ade.services.netlister] - Current memory used: 798.4062 MBytes, peak memory used: 798.4062 MBytes {"hostname": "il2244vt26_hrahimi", "processid": 1068918, "testname": "TIA_Gain_Linearity", "point": 1, "logfile": "/home/hrahimi/projects/POTENTIOSTAT_26/logs_hrahimi/logs0/Service91.log"}
\o [2026-05-30 19:38:53.368 Z] [INFO] [cadence.virtuoso.ade.services.netlister] - Finished netlisting {"point": 1, "testname": "TIA_Gain_Linearity"}
\o [2026-05-30 19:38:53.371 Z] [EVENT] [cadence.virtuoso.ade.services.netlister] - NewPoint {"point": 2, "testname": "TIA_Gain_Linearity", "event": "NewPoint", "EventSource": "Netlist Service", "HistoryName": "Interactive.306", "logFile": "/home/hrahimi/projects/POTENTIOSTAT_26/logs_hrahimi/logs0/Service91.log", "logFileSize": "47103"}
\o [2026-05-30 19:38:53.371 Z] [INFO] [cadence.virtuoso.ade.services.netlister] - Started netlisting {"point": 2, "testname": "TIA_Gain_Linearity"}
\o Resetting statistical vars
\o 
\o *Info*    Setting parameter values ...
\o 
\o Setting var temperature = "-40"
\o Setting temp(T) = -40
\o Setting var vdd = "2.97"
\o 
\o *Info*    Netlist Directory =
\o           /home/hrahimi/projects/POTENTIOSTAT_26/Sim/Potentiostat_Top/top/maestro/results/maestro/Interactive.306/2/TIA_Gain_Linearity/netlist
\o 
\o 
\o *Info*    Data Directory    =
\o           /home/hrahimi/projects/POTENTIOSTAT_26/Sim/Potentiostat_Top/top/maestro/results/maestro/Interactive.306/2/TIA_Gain_Linearity
\o 
\o Reusing AHDL Data dir
\o generate netlist...
\o function ansCdlCompPrim redefined
\o Ignoring netlist creation since ignoreDesignChangesDuringRun is set to true
\o       ...successful.
\o compose simulator input file...
\o       ...successful.
\o WARNING (ADE-3080): Fast viewing extensions for PSF XL format (also known as RTSF) will be discontinued  
\o        and Virtuoso Visualization and Analysis XL will not use RTSF data to plot waveforms from IC6.1.8 ISR7 onward. 
\o        There will be no performance impact on data visualization due to this change.
\o [2026-05-30 19:38:54.243 Z] [PROCESS] [cadence.virtuoso.ade.services.netlister] - Current memory used: 798.4102 MBytes, peak memory used: 798.4102 MBytes {"hostname": "il2244vt26_hrahimi", "processid": 1068918, "testname": "TIA_Gain_Linearity", "point": 2, "logfile": "/home/hrahimi/projects/POTENTIOSTAT_26/logs_hrahimi/logs0/Service91.log"}
\o [2026-05-30 19:38:54.244 Z] [INFO] [cadence.virtuoso.ade.services.netlister] - Finished netlisting {"point": 2, "testname": "TIA_Gain_Linearity"}
\o [2026-05-30 19:38:54.246 Z] [EVENT] [cadence.virtuoso.ade.services.netlister] - NewPoint {"point": 3, "testname": "TIA_Gain_Linearity", "event": "NewPoint", "EventSource": "Netlist Service", "HistoryName": "Interactive.306", "logFile": "/home/hrahimi/projects/POTENTIOSTAT_26/logs_hrahimi/logs0/Service91.log", "logFileSize": "49183"}
\o [2026-05-30 19:38:54.247 Z] [INFO] [cadence.virtuoso.ade.services.netlister] - Started netlisting {"point": 3, "testname": "TIA_Gain_Linearity"}
\o Resetting statistical vars
\o 
\o *Info*    Setting parameter values ...
\o 
\o Setting var temperature = "85"
\o Setting temp(T) = 85
\o 
\o *Info*    Netlist Directory =
\o           /home/hrahimi/projects/POTENTIOSTAT_26/Sim/Potentiostat_Top/top/maestro/results/maestro/Interactive.306/3/TIA_Gain_Linearity/netlist
\o 
\o 
\o *Info*    Data Directory    =
\o           /home/hrahimi/projects/POTENTIOSTAT_26/Sim/Potentiostat_Top/top/maestro/results/maestro/Interactive.306/3/TIA_Gain_Linearity
\o 
\o Reusing AHDL Data dir
\o generate netlist...
\o function ansCdlCompPrim redefined
\o Ignoring netlist creation since ignoreDesignChangesDuringRun is set to true
\o       ...successful.
\o compose simulator input file...
\o       ...successful.
\o WARNING (ADE-3080): Fast viewing extensions for PSF XL format (also known as RTSF) will be discontinued  
\o        and Virtuoso Visualization and Analysis XL will not use RTSF data to plot waveforms from IC6.1.8 ISR7 onward. 
\o        There will be no performance impact on data visualization due to this change.
\o [2026-05-30 19:38:55.043 Z] [PROCESS] [cadence.virtuoso.ade.services.netlister] - Current memory used: 798.4102 MBytes, peak memory used: 798.4102 MBytes {"hostname": "il2244vt26_hrahimi", "processid": 1068918, "testname": "TIA_Gain_Linearity", "point": 3, "logfile": "/home/hrahimi/projects/POTENTIOSTAT_26/logs_hrahimi/logs0/Service91.log"}
\o [2026-05-30 19:38:55.044 Z] [INFO] [cadence.virtuoso.ade.services.netlister] - Finished netlisting {"point": 3, "testname": "TIA_Gain_Linearity"}
\o [2026-05-30 19:38:55.046 Z] [EVENT] [cadence.virtuoso.ade.services.netlister] - NewPoint {"point": 4, "testname": "TIA_Gain_Linearity", "event": "NewPoint", "EventSource": "Netlist Service", "HistoryName": "Interactive.306", "logFile": "/home/hrahimi/projects/POTENTIOSTAT_26/logs_hrahimi/logs0/Service91.log", "logFileSize": "51233"}
\o [2026-05-30 19:38:55.047 Z] [INFO] [cadence.virtuoso.ade.services.netlister] - Started netlisting {"point": 4, "testname": "TIA_Gain_Linearity"}
\o Resetting statistical vars
\o 
\o *Info*    Setting parameter values ...
\o 
\o Setting var temperature = "-40"
\o Setting temp(T) = -40
\o Setting var vdd = "3.63"
\o 
\o *Info*    Netlist Directory =
\o           /home/hrahimi/projects/POTENTIOSTAT_26/Sim/Potentiostat_Top/top/maestro/results/maestro/Interactive.306/4/TIA_Gain_Linearity/netlist
\o 
\o 
\o *Info*    Data Directory    =
\o           /home/hrahimi/projects/POTENTIOSTAT_26/Sim/Potentiostat_Top/top/maestro/results/maestro/Interactive.306/4/TIA_Gain_Linearity
\o 
\o Reusing AHDL Data dir
\o generate netlist...
\o function ansCdlCompPrim redefined
\o Ignoring netlist creation since ignoreDesignChangesDuringRun is set to true
\o       ...successful.
\o compose simulator input file...
\o       ...successful.
\o WARNING (ADE-3080): Fast viewing extensions for PSF XL format (also known as RTSF) will be discontinued  
\o        and Virtuoso Visualization and Analysis XL will not use RTSF data to plot waveforms from IC6.1.8 ISR7 onward. 
\o        There will be no performance impact on data visualization due to this change.
\o [2026-05-30 19:38:56.045 Z] [PROCESS] [cadence.virtuoso.ade.services.netlister] - Current memory used: 798.4102 MBytes, peak memory used: 798.4102 MBytes {"hostname": "il2244vt26_hrahimi", "processid": 1068918, "testname": "TIA_Gain_Linearity", "point": 4, "logfile": "/home/hrahimi/projects/POTENTIOSTAT_26/logs_hrahimi/logs0/Service91.log"}
\o [2026-05-30 19:38:56.047 Z] [INFO] [cadence.virtuoso.ade.services.netlister] - Finished netlisting {"point": 4, "testname": "TIA_Gain_Linearity"}
\o [2026-05-30 19:38:56.049 Z] [EVENT] [cadence.virtuoso.ade.services.netlister] - NewPoint {"point": 5, "testname": "TIA_Gain_Linearity", "event": "NewPoint", "EventSource": "Netlist Service", "HistoryName": "Interactive.306", "logFile": "/home/hrahimi/projects/POTENTIOSTAT_26/logs_hrahimi/logs0/Service91.log", "logFileSize": "53313"}
\o [2026-05-30 19:38:56.050 Z] [INFO] [cadence.virtuoso.ade.services.netlister] - Started netlisting {"point": 5, "testname": "TIA_Gain_Linearity"}
\o Resetting statistical vars
\o 
\o *Info*    Setting parameter values ...
\o 
\o Setting var temperature = "85"
\o Setting temp(T) = 85
\o 
\o *Info*    Netlist Directory =
\o           /home/hrahimi/projects/POTENTIOSTAT_26/Sim/Potentiostat_Top/top/maestro/results/maestro/Interactive.306/5/TIA_Gain_Linearity/netlist
\o 
\o 
\o *Info*    Data Directory    =
\o           /home/hrahimi/projects/POTENTIOSTAT_26/Sim/Potentiostat_Top/top/maestro/results/maestro/Interactive.306/5/TIA_Gain_Linearity
\o 
\o Reusing AHDL Data dir
\o generate netlist...
\o function ansCdlCompPrim redefined
\o Ignoring netlist creation since ignoreDesignChangesDuringRun is set to true
\o       ...successful.
\o compose simulator input file...
\o       ...successful.
\o WARNING (ADE-3080): Fast viewing extensions for PSF XL format (also known as RTSF) will be discontinued  
\o        and Virtuoso Visualization and Analysis XL will not use RTSF data to plot waveforms from IC6.1.8 ISR7 onward. 
\o        There will be no performance impact on data visualization due to this change.
\o [2026-05-30 19:38:57.060 Z] [PROCESS] [cadence.virtuoso.ade.services.netlister] - Current memory used: 798.4102 MBytes, peak memory used: 798.4102 MBytes {"hostname": "il2244vt26_hrahimi", "processid": 1068918, "testname": "TIA_Gain_Linearity", "point": 5, "logfile": "/home/hrahimi/projects/POTENTIOSTAT_26/logs_hrahimi/logs0/Service91.log"}
\o [2026-05-30 19:38:57.061 Z] [INFO] [cadence.virtuoso.ade.services.netlister] - Finished netlisting {"point": 5, "testname": "TIA_Gain_Linearity"}
\o [2026-05-30 19:38:57.068 Z] [EVENT] [cadence.virtuoso.ade.services.netlister] - NewPoint {"point": 6, "testname": "TIA_Gain_Linearity", "event": "NewPoint", "EventSource": "Netlist Service", "HistoryName": "Interactive.306", "logFile": "/home/hrahimi/projects/POTENTIOSTAT_26/logs_hrahimi/logs0/Service91.log", "logFileSize": "55363"}
\o [2026-05-30 19:38:57.068 Z] [INFO] [cadence.virtuoso.ade.services.netlister] - Started netlisting {"point": 6, "testname": "TIA_Gain_Linearity"}
\o Resetting statistical vars
\o 
\o *Info*    Setting parameter values ...
\o 
\o Setting var temperature = "-40"
\o Setting temp(T) = -40
\o Setting var vdd = "2.97"
\o 
\o *Info*    Netlist Directory =
\o           /home/hrahimi/projects/POTENTIOSTAT_26/Sim/Potentiostat_Top/top/maestro/results/maestro/Interactive.306/6/TIA_Gain_Linearity/netlist
\o 
\o 
\o *Info*    Data Directory    =
\o           /home/hrahimi/projects/POTENTIOSTAT_26/Sim/Potentiostat_Top/top/maestro/results/maestro/Interactive.306/6/TIA_Gain_Linearity
\o 
\o Reusing AHDL Data dir
\o generate netlist...
\o function ansCdlCompPrim redefined
\o Ignoring netlist creation since ignoreDesignChangesDuringRun is set to true
\o       ...successful.
\o compose simulator input file...
\o       ...successful.
\o WARNING (ADE-3080): Fast viewing extensions for PSF XL format (also known as RTSF) will be discontinued  
\o        and Virtuoso Visualization and Analysis XL will not use RTSF data to plot waveforms from IC6.1.8 ISR7 onward. 
\o        There will be no performance impact on data visualization due to this change.
\o [2026-05-30 19:38:57.923 Z] [PROCESS] [cadence.virtuoso.ade.services.netlister] - Current memory used: 798.4102 MBytes, peak memory used: 798.4102 MBytes {"hostname": "il2244vt26_hrahimi", "processid": 1068918, "testname": "TIA_Gain_Linearity", "point": 6, "logfile": "/home/hrahimi/projects/POTENTIOSTAT_26/logs_hrahimi/logs0/Service91.log"}
\o [2026-05-30 19:38:57.923 Z] [INFO] [cadence.virtuoso.ade.services.netlister] - Finished netlisting {"point": 6, "testname": "TIA_Gain_Linearity"}
\o [2026-05-30 19:38:57.926 Z] [EVENT] [cadence.virtuoso.ade.services.netlister] - NewPoint {"point": 7, "testname": "TIA_Gain_Linearity", "event": "NewPoint", "EventSource": "Netlist Service", "HistoryName": "Interactive.306", "logFile": "/home/hrahimi/projects/POTENTIOSTAT_26/logs_hrahimi/logs0/Service91.log", "logFileSize": "57443"}
\o [2026-05-30 19:38:57.926 Z] [INFO] [cadence.virtuoso.ade.services.netlister] - Started netlisting {"point": 7, "testname": "TIA_Gain_Linearity"}
\o Resetting statistical vars
\o 
\o *Info*    Setting parameter values ...
\o 
\o Setting var temperature = "85"
\o Setting temp(T) = 85
\o 
\o *Info*    Netlist Directory =
\o           /home/hrahimi/projects/POTENTIOSTAT_26/Sim/Potentiostat_Top/top/maestro/results/maestro/Interactive.306/7/TIA_Gain_Linearity/netlist
\o 
\o 
\o *Info*    Data Directory    =
\o           /home/hrahimi/projects/POTENTIOSTAT_26/Sim/Potentiostat_Top/top/maestro/results/maestro/Interactive.306/7/TIA_Gain_Linearity
\o 
\o Reusing AHDL Data dir
\o generate netlist...
\o function ansCdlCompPrim redefined
\o Ignoring netlist creation since ignoreDesignChangesDuringRun is set to true
\o       ...successful.
\o compose simulator input file...
\o       ...successful.
\o WARNING (ADE-3080): Fast viewing extensions for PSF XL format (also known as RTSF) will be discontinued  
\o        and Virtuoso Visualization and Analysis XL will not use RTSF data to plot waveforms from IC6.1.8 ISR7 onward. 
\o        There will be no performance impact on data visualization due to this change.
\o [2026-05-30 19:38:58.698 Z] [PROCESS] [cadence.virtuoso.ade.services.netlister] - Current memory used: 798.4102 MBytes, peak memory used: 798.4102 MBytes {"hostname": "il2244vt26_hrahimi", "processid": 1068918, "testname": "TIA_Gain_Linearity", "point": 7, "logfile": "/home/hrahimi/projects/POTENTIOSTAT_26/logs_hrahimi/logs0/Service91.log"}
\o [2026-05-30 19:38:58.699 Z] [INFO] [cadence.virtuoso.ade.services.netlister] - Finished netlisting {"point": 7, "testname": "TIA_Gain_Linearity"}
\o [2026-05-30 19:38:58.701 Z] [EVENT] [cadence.virtuoso.ade.services.netlister] - NewPoint {"point": 8, "testname": "TIA_Gain_Linearity", "event": "NewPoint", "EventSource": "Netlist Service", "HistoryName": "Interactive.306", "logFile": "/home/hrahimi/projects/POTENTIOSTAT_26/logs_hrahimi/logs0/Service91.log", "logFileSize": "59493"}
\o [2026-05-30 19:38:58.702 Z] [INFO] [cadence.virtuoso.ade.services.netlister] - Started netlisting {"point": 8, "testname": "TIA_Gain_Linearity"}
\o Resetting statistical vars
\o 
\o *Info*    Setting parameter values ...
\o 
\o Setting var temperature = "-40"
\o Setting temp(T) = -40
\o Setting var vdd = "3.63"
\o 
\o *Info*    Netlist Directory =
\o           /home/hrahimi/projects/POTENTIOSTAT_26/Sim/Potentiostat_Top/top/maestro/results/maestro/Interactive.306/8/TIA_Gain_Linearity/netlist
\o 
\o 
\o *Info*    Data Directory    =
\o           /home/hrahimi/projects/POTENTIOSTAT_26/Sim/Potentiostat_Top/top/maestro/results/maestro/Interactive.306/8/TIA_Gain_Linearity
\o 
\o Reusing AHDL Data dir
\o generate netlist...
\o function ansCdlCompPrim redefined
\o Ignoring netlist creation since ignoreDesignChangesDuringRun is set to true
\o       ...successful.
\o compose simulator input file...
\o       ...successful.
\o WARNING (ADE-3080): Fast viewing extensions for PSF XL format (also known as RTSF) will be discontinued  
\o        and Virtuoso Visualization and Analysis XL will not use RTSF data to plot waveforms from IC6.1.8 ISR7 onward. 
\o        There will be no performance impact on data visualization due to this change.
\o [2026-05-30 19:38:59.481 Z] [PROCESS] [cadence.virtuoso.ade.services.netlister] - Current memory used: 798.4102 MBytes, peak memory used: 798.4102 MBytes {"hostname": "il2244vt26_hrahimi", "processid": 1068918, "testname": "TIA_Gain_Linearity", "point": 8, "logfile": "/home/hrahimi/projects/POTENTIOSTAT_26/logs_hrahimi/logs0/Service91.log"}
\o [2026-05-30 19:38:59.482 Z] [INFO] [cadence.virtuoso.ade.services.netlister] - Finished netlisting {"point": 8, "testname": "TIA_Gain_Linearity"}
\o [2026-05-30 19:38:59.484 Z] [EVENT] [cadence.virtuoso.ade.services.netlister] - NewPoint {"point": 9, "testname": "TIA_Gain_Linearity", "event": "NewPoint", "EventSource": "Netlist Service", "HistoryName": "Interactive.306", "logFile": "/home/hrahimi/projects/POTENTIOSTAT_26/logs_hrahimi/logs0/Service91.log", "logFileSize": "61573"}
\o [2026-05-30 19:38:59.485 Z] [INFO] [cadence.virtuoso.ade.services.netlister] - Started netlisting {"point": 9, "testname": "TIA_Gain_Linearity"}
\o Resetting statistical vars
\o 
\o *Info*    Setting parameter values ...
\o 
\o Setting var temperature = "85"
\o Setting temp(T) = 85
\o 
\o *Info*    Netlist Directory =
\o           /home/hrahimi/projects/POTENTIOSTAT_26/Sim/Potentiostat_Top/top/maestro/results/maestro/Interactive.306/9/TIA_Gain_Linearity/netlist
\o 
\o 
\o *Info*    Data Directory    =
\o           /home/hrahimi/projects/POTENTIOSTAT_26/Sim/Potentiostat_Top/top/maestro/results/maestro/Interactive.306/9/TIA_Gain_Linearity
\o 
\o Reusing AHDL Data dir
\o generate netlist...
\o function ansCdlCompPrim redefined
\o Ignoring netlist creation since ignoreDesignChangesDuringRun is set to true
\o       ...successful.
\o compose simulator input file...
\o       ...successful.
\o WARNING (ADE-3080): Fast viewing extensions for PSF XL format (also known as RTSF) will be discontinued  
\o        and Virtuoso Visualization and Analysis XL will not use RTSF data to plot waveforms from IC6.1.8 ISR7 onward. 
\o        There will be no performance impact on data visualization due to this change.
\o [2026-05-30 19:39:00.292 Z] [PROCESS] [cadence.virtuoso.ade.services.netlister] - Current memory used: 798.4102 MBytes, peak memory used: 798.4102 MBytes {"hostname": "il2244vt26_hrahimi", "processid": 1068918, "testname": "TIA_Gain_Linearity", "point": 9, "logfile": "/home/hrahimi/projects/POTENTIOSTAT_26/logs_hrahimi/logs0/Service91.log"}
\o [2026-05-30 19:39:00.293 Z] [INFO] [cadence.virtuoso.ade.services.netlister] - Finished netlisting {"point": 9, "testname": "TIA_Gain_Linearity"}
\o [2026-05-30 19:39:00.296 Z] [EVENT] [cadence.virtuoso.ade.services.netlister] - NewPoint {"point": 10, "testname": "TIA_Gain_Linearity", "event": "NewPoint", "EventSource": "Netlist Service", "HistoryName": "Interactive.306", "logFile": "/home/hrahimi/projects/POTENTIOSTAT_26/logs_hrahimi/logs0/Service91.log", "logFileSize": "63623"}
\o [2026-05-30 19:39:00.296 Z] [INFO] [cadence.virtuoso.ade.services.netlister] - Started netlisting {"point": 10, "testname": "TIA_Gain_Linearity"}
\o Resetting statistical vars
\o 
\o *Info*    Setting parameter values ...
\o 
\o Setting var temperature = "-40"
\o Setting temp(T) = -40
\o Setting var vdd = "2.97"
\o 
\o *Info*    Netlist Directory =
\o           /home/hrahimi/projects/POTENTIOSTAT_26/Sim/Potentiostat_Top/top/maestro/results/maestro/Interactive.306/10/TIA_Gain_Linearity/netlist
\o 
\o 
\o *Info*    Data Directory    =
\o           /home/hrahimi/projects/POTENTIOSTAT_26/Sim/Potentiostat_Top/top/maestro/results/maestro/Interactive.306/10/TIA_Gain_Linearity
\o 
\o Reusing AHDL Data dir
\o generate netlist...
\o function ansCdlCompPrim redefined
\o Ignoring netlist creation since ignoreDesignChangesDuringRun is set to true
\o       ...successful.
\o compose simulator input file...
\o       ...successful.
\o WARNING (ADE-3080): Fast viewing extensions for PSF XL format (also known as RTSF) will be discontinued  
\o        and Virtuoso Visualization and Analysis XL will not use RTSF data to plot waveforms from IC6.1.8 ISR7 onward. 
\o        There will be no performance impact on data visualization due to this change.
\o [2026-05-30 19:39:01.177 Z] [PROCESS] [cadence.virtuoso.ade.services.netlister] - Current memory used: 798.4102 MBytes, peak memory used: 798.4102 MBytes {"hostname": "il2244vt26_hrahimi", "processid": 1068918, "testname": "TIA_Gain_Linearity", "point": 10, "logfile": "/home/hrahimi/projects/POTENTIOSTAT_26/logs_hrahimi/logs0/Service91.log"}
\o [2026-05-30 19:39:01.178 Z] [INFO] [cadence.virtuoso.ade.services.netlister] - Finished netlisting {"point": 10, "testname": "TIA_Gain_Linearity"}
\o [2026-05-30 19:39:01.180 Z] [EVENT] [cadence.virtuoso.ade.services.netlister] - NewPoint {"point": 11, "testname": "TIA_Gain_Linearity", "event": "NewPoint", "EventSource": "Netlist Service", "HistoryName": "Interactive.306", "logFile": "/home/hrahimi/projects/POTENTIOSTAT_26/logs_hrahimi/logs0/Service91.log", "logFileSize": "65709"}
\o [2026-05-30 19:39:01.180 Z] [INFO] [cadence.virtuoso.ade.services.netlister] - Started netlisting {"point": 11, "testname": "TIA_Gain_Linearity"}
\o Resetting statistical vars
\o 
\o *Info*    Setting parameter values ...
\o 
\o Setting var temperature = "85"
\o Setting temp(T) = 85
\o 
\o *Info*    Netlist Directory =
\o           /home/hrahimi/projects/POTENTIOSTAT_26/Sim/Potentiostat_Top/top/maestro/results/maestro/Interactive.306/11/TIA_Gain_Linearity/netlist
\o 
\o 
\o *Info*    Data Directory    =
\o           /home/hrahimi/projects/POTENTIOSTAT_26/Sim/Potentiostat_Top/top/maestro/results/maestro/Interactive.306/11/TIA_Gain_Linearity
\o 
\o Reusing AHDL Data dir
\o generate netlist...
\o function ansCdlCompPrim redefined
\o Ignoring netlist creation since ignoreDesignChangesDuringRun is set to true
\o       ...successful.
\o compose simulator input file...
\o       ...successful.
\o WARNING (ADE-3080): Fast viewing extensions for PSF XL format (also known as RTSF) will be discontinued  
\o        and Virtuoso Visualization and Analysis XL will not use RTSF data to plot waveforms from IC6.1.8 ISR7 onward. 
\o        There will be no performance impact on data visualization due to this change.
\o [2026-05-30 19:39:02.012 Z] [PROCESS] [cadence.virtuoso.ade.services.netlister] - Current memory used: 798.4102 MBytes, peak memory used: 798.4102 MBytes {"hostname": "il2244vt26_hrahimi", "processid": 1068918, "testname": "TIA_Gain_Linearity", "point": 11, "logfile": "/home/hrahimi/projects/POTENTIOSTAT_26/logs_hrahimi/logs0/Service91.log"}
\o [2026-05-30 19:39:02.013 Z] [INFO] [cadence.virtuoso.ade.services.netlister] - Finished netlisting {"point": 11, "testname": "TIA_Gain_Linearity"}
\o [2026-05-30 19:39:02.017 Z] [EVENT] [cadence.virtuoso.ade.services.netlister] - NewPoint {"point": 12, "testname": "TIA_Gain_Linearity", "event": "NewPoint", "EventSource": "Netlist Service", "HistoryName": "Interactive.306", "logFile": "/home/hrahimi/projects/POTENTIOSTAT_26/logs_hrahimi/logs0/Service91.log", "logFileSize": "67765"}
\o [2026-05-30 19:39:02.017 Z] [INFO] [cadence.virtuoso.ade.services.netlister] - Started netlisting {"point": 12, "testname": "TIA_Gain_Linearity"}
\o Resetting statistical vars
\o 
\o *Info*    Setting parameter values ...
\o 
\o Setting var temperature = "-40"
\o Setting temp(T) = -40
\o Setting var vdd = "3.63"
\o 
\o *Info*    Netlist Directory =
\o           /home/hrahimi/projects/POTENTIOSTAT_26/Sim/Potentiostat_Top/top/maestro/results/maestro/Interactive.306/12/TIA_Gain_Linearity/netlist
\o 
\o 
\o *Info*    Data Directory    =
\o           /home/hrahimi/projects/POTENTIOSTAT_26/Sim/Potentiostat_Top/top/maestro/results/maestro/Interactive.306/12/TIA_Gain_Linearity
\o 
\o Reusing AHDL Data dir
\o generate netlist...
\o function ansCdlCompPrim redefined
\o Ignoring netlist creation since ignoreDesignChangesDuringRun is set to true
\o       ...successful.
\o compose simulator input file...
\o       ...successful.
\o WARNING (ADE-3080): Fast viewing extensions for PSF XL format (also known as RTSF) will be discontinued  
\o        and Virtuoso Visualization and Analysis XL will not use RTSF data to plot waveforms from IC6.1.8 ISR7 onward. 
\o        There will be no performance impact on data visualization due to this change.
\o [2026-05-30 19:39:03.149 Z] [PROCESS] [cadence.virtuoso.ade.services.netlister] - Current memory used: 798.4102 MBytes, peak memory used: 798.4102 MBytes {"hostname": "il2244vt26_hrahimi", "processid": 1068918, "testname": "TIA_Gain_Linearity", "point": 12, "logfile": "/home/hrahimi/projects/POTENTIOSTAT_26/logs_hrahimi/logs0/Service91.log"}
\o [2026-05-30 19:39:03.150 Z] [INFO] [cadence.virtuoso.ade.services.netlister] - Finished netlisting {"point": 12, "testname": "TIA_Gain_Linearity"}
\o [2026-05-30 19:39:03.152 Z] [EVENT] [cadence.virtuoso.ade.services.netlister] - NewPoint {"point": 13, "testname": "TIA_Gain_Linearity", "event": "NewPoint", "EventSource": "Netlist Service", "HistoryName": "Interactive.306", "logFile": "/home/hrahimi/projects/POTENTIOSTAT_26/logs_hrahimi/logs0/Service91.log", "logFileSize": "69851"}
\o [2026-05-30 19:39:03.152 Z] [INFO] [cadence.virtuoso.ade.services.netlister] - Started netlisting {"point": 13, "testname": "TIA_Gain_Linearity"}
\o Resetting statistical vars
\o 
\o *Info*    Setting parameter values ...
\o 
\o Setting var temperature = "85"
\o Setting temp(T) = 85
\o 
\o *Info*    Netlist Directory =
\o           /home/hrahimi/projects/POTENTIOSTAT_26/Sim/Potentiostat_Top/top/maestro/results/maestro/Interactive.306/13/TIA_Gain_Linearity/netlist
\o 
\o 
\o *Info*    Data Directory    =
\o           /home/hrahimi/projects/POTENTIOSTAT_26/Sim/Potentiostat_Top/top/maestro/results/maestro/Interactive.306/13/TIA_Gain_Linearity
\o 
\o Reusing AHDL Data dir
\o generate netlist...
\o function ansCdlCompPrim redefined
\o Ignoring netlist creation since ignoreDesignChangesDuringRun is set to true
\o       ...successful.
\o compose simulator input file...
\o       ...successful.
\o WARNING (ADE-3080): Fast viewing extensions for PSF XL format (also known as RTSF) will be discontinued  
\o        and Virtuoso Visualization and Analysis XL will not use RTSF data to plot waveforms from IC6.1.8 ISR7 onward. 
\o        There will be no performance impact on data visualization due to this change.
\o [2026-05-30 19:39:03.910 Z] [PROCESS] [cadence.virtuoso.ade.services.netlister] - Current memory used: 798.4102 MBytes, peak memory used: 798.4102 MBytes {"hostname": "il2244vt26_hrahimi", "processid": 1068918, "testname": "TIA_Gain_Linearity", "point": 13, "logfile": "/home/hrahimi/projects/POTENTIOSTAT_26/logs_hrahimi/logs0/Service91.log"}
\o [2026-05-30 19:39:03.911 Z] [INFO] [cadence.virtuoso.ade.services.netlister] - Finished netlisting {"point": 13, "testname": "TIA_Gain_Linearity"}
\o [2026-05-30 19:39:03.913 Z] [EVENT] [cadence.virtuoso.ade.services.netlister] - NewPoint {"point": 14, "testname": "TIA_Gain_Linearity", "event": "NewPoint", "EventSource": "Netlist Service", "HistoryName": "Interactive.306", "logFile": "/home/hrahimi/projects/POTENTIOSTAT_26/logs_hrahimi/logs0/Service91.log", "logFileSize": "71907"}
\o [2026-05-30 19:39:03.913 Z] [INFO] [cadence.virtuoso.ade.services.netlister] - Started netlisting {"point": 14, "testname": "TIA_Gain_Linearity"}
\o Resetting statistical vars
\o 
\o *Info*    Setting parameter values ...
\o 
\o Setting var temperature = "-40"
\o Setting temp(T) = -40
\o Setting var vdd = "2.97"
\o 
\o *Info*    Netlist Directory =
\o           /home/hrahimi/projects/POTENTIOSTAT_26/Sim/Potentiostat_Top/top/maestro/results/maestro/Interactive.306/14/TIA_Gain_Linearity/netlist
\o 
\o 
\o *Info*    Data Directory    =
\o           /home/hrahimi/projects/POTENTIOSTAT_26/Sim/Potentiostat_Top/top/maestro/results/maestro/Interactive.306/14/TIA_Gain_Linearity
\o 
\o Reusing AHDL Data dir
\o generate netlist...
\o function ansCdlCompPrim redefined
\o Ignoring netlist creation since ignoreDesignChangesDuringRun is set to true
\o       ...successful.
\o compose simulator input file...
\o       ...successful.
\o WARNING (ADE-3080): Fast viewing extensions for PSF XL format (also known as RTSF) will be discontinued  
\o        and Virtuoso Visualization and Analysis XL will not use RTSF data to plot waveforms from IC6.1.8 ISR7 onward. 
\o        There will be no performance impact on data visualization due to this change.
\o [2026-05-30 19:39:04.689 Z] [PROCESS] [cadence.virtuoso.ade.services.netlister] - Current memory used: 798.4102 MBytes, peak memory used: 798.4102 MBytes {"hostname": "il2244vt26_hrahimi", "processid": 1068918, "testname": "TIA_Gain_Linearity", "point": 14, "logfile": "/home/hrahimi/projects/POTENTIOSTAT_26/logs_hrahimi/logs0/Service91.log"}
\o [2026-05-30 19:39:04.690 Z] [INFO] [cadence.virtuoso.ade.services.netlister] - Finished netlisting {"point": 14, "testname": "TIA_Gain_Linearity"}
\o [2026-05-30 19:39:04.692 Z] [EVENT] [cadence.virtuoso.ade.services.netlister] - NewPoint {"point": 15, "testname": "TIA_Gain_Linearity", "event": "NewPoint", "EventSource": "Netlist Service", "HistoryName": "Interactive.306", "logFile": "/home/hrahimi/projects/POTENTIOSTAT_26/logs_hrahimi/logs0/Service91.log", "logFileSize": "73993"}
\o [2026-05-30 19:39:04.693 Z] [INFO] [cadence.virtuoso.ade.services.netlister] - Started netlisting {"point": 15, "testname": "TIA_Gain_Linearity"}
\o Resetting statistical vars
\o 
\o *Info*    Setting parameter values ...
\o 
\o Setting var temperature = "85"
\o Setting temp(T) = 85
\o 
\o *Info*    Netlist Directory =
\o           /home/hrahimi/projects/POTENTIOSTAT_26/Sim/Potentiostat_Top/top/maestro/results/maestro/Interactive.306/15/TIA_Gain_Linearity/netlist
\o 
\o 
\o *Info*    Data Directory    =
\o           /home/hrahimi/projects/POTENTIOSTAT_26/Sim/Potentiostat_Top/top/maestro/results/maestro/Interactive.306/15/TIA_Gain_Linearity
\o 
\o Reusing AHDL Data dir
\o generate netlist...
\o function ansCdlCompPrim redefined
\o Ignoring netlist creation since ignoreDesignChangesDuringRun is set to true
\o       ...successful.
\o compose simulator input file...
\o       ...successful.
\o WARNING (ADE-3080): Fast viewing extensions for PSF XL format (also known as RTSF) will be discontinued  
\o        and Virtuoso Visualization and Analysis XL will not use RTSF data to plot waveforms from IC6.1.8 ISR7 onward. 
\o        There will be no performance impact on data visualization due to this change.
\o [2026-05-30 19:39:05.705 Z] [PROCESS] [cadence.virtuoso.ade.services.netlister] - Current memory used: 798.4102 MBytes, peak memory used: 798.4102 MBytes {"hostname": "il2244vt26_hrahimi", "processid": 1068918, "testname": "TIA_Gain_Linearity", "point": 15, "logfile": "/home/hrahimi/projects/POTENTIOSTAT_26/logs_hrahimi/logs0/Service91.log"}
\o [2026-05-30 19:39:05.709 Z] [INFO] [cadence.virtuoso.ade.services.netlister] - Finished netlisting {"point": 15, "testname": "TIA_Gain_Linearity"}
\o [2026-05-30 19:39:05.713 Z] [EVENT] [cadence.virtuoso.ade.services.netlister] - NewPoint {"point": 16, "testname": "TIA_Gain_Linearity", "event": "NewPoint", "EventSource": "Netlist Service", "HistoryName": "Interactive.306", "logFile": "/home/hrahimi/projects/POTENTIOSTAT_26/logs_hrahimi/logs0/Service91.log", "logFileSize": "76049"}
\o [2026-05-30 19:39:05.714 Z] [INFO] [cadence.virtuoso.ade.services.netlister] - Started netlisting {"point": 16, "testname": "TIA_Gain_Linearity"}
\o Resetting statistical vars
\o 
\o *Info*    Setting parameter values ...
\o 
\o Setting var temperature = "-40"
\o Setting temp(T) = -40
\o Setting var vdd = "3.63"
\o 
\o *Info*    Netlist Directory =
\o           /home/hrahimi/projects/POTENTIOSTAT_26/Sim/Potentiostat_Top/top/maestro/results/maestro/Interactive.306/16/TIA_Gain_Linearity/netlist
\o 
\o 
\o *Info*    Data Directory    =
\o           /home/hrahimi/projects/POTENTIOSTAT_26/Sim/Potentiostat_Top/top/maestro/results/maestro/Interactive.306/16/TIA_Gain_Linearity
\o 
\o Reusing AHDL Data dir
\o generate netlist...
\o function ansCdlCompPrim redefined
\o Ignoring netlist creation since ignoreDesignChangesDuringRun is set to true
\o       ...successful.
\o compose simulator input file...
\o       ...successful.
\o WARNING (ADE-3080): Fast viewing extensions for PSF XL format (also known as RTSF) will be discontinued  
\o        and Virtuoso Visualization and Analysis XL will not use RTSF data to plot waveforms from IC6.1.8 ISR7 onward. 
\o        There will be no performance impact on data visualization due to this change.
\o [2026-05-30 19:39:06.552 Z] [PROCESS] [cadence.virtuoso.ade.services.netlister] - Current memory used: 798.4102 MBytes, peak memory used: 798.4102 MBytes {"hostname": "il2244vt26_hrahimi", "processid": 1068918, "testname": "TIA_Gain_Linearity", "point": 16, "logfile": "/home/hrahimi/projects/POTENTIOSTAT_26/logs_hrahimi/logs0/Service91.log"}
\o [2026-05-30 19:39:06.553 Z] [INFO] [cadence.virtuoso.ade.services.netlister] - Finished netlisting {"point": 16, "testname": "TIA_Gain_Linearity"}
\o [2026-05-30 19:39:06.555 Z] [EVENT] [cadence.virtuoso.ade.services.netlister] - NewPoint {"point": 17, "testname": "TIA_Gain_Linearity", "event": "NewPoint", "EventSource": "Netlist Service", "HistoryName": "Interactive.306", "logFile": "/home/hrahimi/projects/POTENTIOSTAT_26/logs_hrahimi/logs0/Service91.log", "logFileSize": "78135"}
\o [2026-05-30 19:39:06.556 Z] [INFO] [cadence.virtuoso.ade.services.netlister] - Started netlisting {"point": 17, "testname": "TIA_Gain_Linearity"}
\o Resetting statistical vars
\o 
\o *Info*    Setting parameter values ...
\o 
\o Setting var temperature = "85"
\o Setting temp(T) = 85
\o 
\o *Info*    Netlist Directory =
\o           /home/hrahimi/projects/POTENTIOSTAT_26/Sim/Potentiostat_Top/top/maestro/results/maestro/Interactive.306/17/TIA_Gain_Linearity/netlist
\o 
\o 
\o *Info*    Data Directory    =
\o           /home/hrahimi/projects/POTENTIOSTAT_26/Sim/Potentiostat_Top/top/maestro/results/maestro/Interactive.306/17/TIA_Gain_Linearity
\o 
\o Reusing AHDL Data dir
\o generate netlist...
\o function ansCdlCompPrim redefined
\o Ignoring netlist creation since ignoreDesignChangesDuringRun is set to true
\o       ...successful.
\o compose simulator input file...
\o       ...successful.
\o WARNING (ADE-3080): Fast viewing extensions for PSF XL format (also known as RTSF) will be discontinued  
\o        and Virtuoso Visualization and Analysis XL will not use RTSF data to plot waveforms from IC6.1.8 ISR7 onward. 
\o        There will be no performance impact on data visualization due to this change.
\o [2026-05-30 19:39:07.422 Z] [PROCESS] [cadence.virtuoso.ade.services.netlister] - Current memory used: 798.4102 MBytes, peak memory used: 798.4102 MBytes {"hostname": "il2244vt26_hrahimi", "processid": 1068918, "testname": "TIA_Gain_Linearity", "point": 17, "logfile": "/home/hrahimi/projects/POTENTIOSTAT_26/logs_hrahimi/logs0/Service91.log"}
\o [2026-05-30 19:39:07.423 Z] [INFO] [cadence.virtuoso.ade.services.netlister] - Finished netlisting {"point": 17, "testname": "TIA_Gain_Linearity"}
\o [2026-05-30 19:39:07.426 Z] [EVENT] [cadence.virtuoso.ade.services.netlister] - NewPoint {"point": 18, "testname": "TIA_Gain_Linearity", "event": "NewPoint", "EventSource": "Netlist Service", "HistoryName": "Interactive.306", "logFile": "/home/hrahimi/projects/POTENTIOSTAT_26/logs_hrahimi/logs0/Service91.log", "logFileSize": "80191"}
\o [2026-05-30 19:39:07.426 Z] [INFO] [cadence.virtuoso.ade.services.netlister] - Started netlisting {"point": 18, "testname": "TIA_Gain_Linearity"}
\o Resetting statistical vars
\o 
\o *Info*    Setting parameter values ...
\o 
\o Setting var temperature = "-40"
\o Setting temp(T) = -40
\o Setting var vdd = "2.97"
\o 
\o *Info*    Netlist Directory =
\o           /home/hrahimi/projects/POTENTIOSTAT_26/Sim/Potentiostat_Top/top/maestro/results/maestro/Interactive.306/18/TIA_Gain_Linearity/netlist
\o 
\o 
\o *Info*    Data Directory    =
\o           /home/hrahimi/projects/POTENTIOSTAT_26/Sim/Potentiostat_Top/top/maestro/results/maestro/Interactive.306/18/TIA_Gain_Linearity
\o 
\o Reusing AHDL Data dir
\o generate netlist...
\o function ansCdlCompPrim redefined
\o Ignoring netlist creation since ignoreDesignChangesDuringRun is set to true
\o       ...successful.
\o compose simulator input file...
\o       ...successful.
\o WARNING (ADE-3080): Fast viewing extensions for PSF XL format (also known as RTSF) will be discontinued  
\o        and Virtuoso Visualization and Analysis XL will not use RTSF data to plot waveforms from IC6.1.8 ISR7 onward. 
\o        There will be no performance impact on data visualization due to this change.
\o [2026-05-30 19:39:08.275 Z] [PROCESS] [cadence.virtuoso.ade.services.netlister] - Current memory used: 798.4102 MBytes, peak memory used: 798.4102 MBytes {"hostname": "il2244vt26_hrahimi", "processid": 1068918, "testname": "TIA_Gain_Linearity", "point": 18, "logfile": "/home/hrahimi/projects/POTENTIOSTAT_26/logs_hrahimi/logs0/Service91.log"}
\o [2026-05-30 19:39:08.276 Z] [INFO] [cadence.virtuoso.ade.services.netlister] - Finished netlisting {"point": 18, "testname": "TIA_Gain_Linearity"}
\o [2026-05-30 19:39:08.280 Z] [EVENT] [cadence.virtuoso.ade.services.netlister] - NewPoint {"point": 19, "testname": "TIA_Gain_Linearity", "event": "NewPoint", "EventSource": "Netlist Service", "HistoryName": "Interactive.306", "logFile": "/home/hrahimi/projects/POTENTIOSTAT_26/logs_hrahimi/logs0/Service91.log", "logFileSize": "82277"}
\o [2026-05-30 19:39:08.281 Z] [INFO] [cadence.virtuoso.ade.services.netlister] - Started netlisting {"point": 19, "testname": "TIA_Gain_Linearity"}
\o Resetting statistical vars
\o 
\o *Info*    Setting parameter values ...
\o 
\o Setting var temperature = "85"
\o Setting temp(T) = 85
\o 
\o *Info*    Netlist Directory =
\o           /home/hrahimi/projects/POTENTIOSTAT_26/Sim/Potentiostat_Top/top/maestro/results/maestro/Interactive.306/19/TIA_Gain_Linearity/netlist
\o 
\o 
\o *Info*    Data Directory    =
\o           /home/hrahimi/projects/POTENTIOSTAT_26/Sim/Potentiostat_Top/top/maestro/results/maestro/Interactive.306/19/TIA_Gain_Linearity
\o 
\o Reusing AHDL Data dir
\o generate netlist...
\o function ansCdlCompPrim redefined
\o Ignoring netlist creation since ignoreDesignChangesDuringRun is set to true
\o       ...successful.
\o compose simulator input file...
\o       ...successful.
\o WARNING (ADE-3080): Fast viewing extensions for PSF XL format (also known as RTSF) will be discontinued  
\o        and Virtuoso Visualization and Analysis XL will not use RTSF data to plot waveforms from IC6.1.8 ISR7 onward. 
\o        There will be no performance impact on data visualization due to this change.
\o [2026-05-30 19:39:09.152 Z] [PROCESS] [cadence.virtuoso.ade.services.netlister] - Current memory used: 798.4102 MBytes, peak memory used: 798.4102 MBytes {"hostname": "il2244vt26_hrahimi", "processid": 1068918, "testname": "TIA_Gain_Linearity", "point": 19, "logfile": "/home/hrahimi/projects/POTENTIOSTAT_26/logs_hrahimi/logs0/Service91.log"}
\o [2026-05-30 19:39:09.153 Z] [INFO] [cadence.virtuoso.ade.services.netlister] - Finished netlisting {"point": 19, "testname": "TIA_Gain_Linearity"}
\o [2026-05-30 19:39:09.157 Z] [EVENT] [cadence.virtuoso.ade.services.netlister] - NewPoint {"point": 20, "testname": "TIA_Gain_Linearity", "event": "NewPoint", "EventSource": "Netlist Service", "HistoryName": "Interactive.306", "logFile": "/home/hrahimi/projects/POTENTIOSTAT_26/logs_hrahimi/logs0/Service91.log", "logFileSize": "84333"}
\o [2026-05-30 19:39:09.157 Z] [INFO] [cadence.virtuoso.ade.services.netlister] - Started netlisting {"point": 20, "testname": "TIA_Gain_Linearity"}
\o Resetting statistical vars
\o 
\o *Info*    Setting parameter values ...
\o 
\o Setting var temperature = "-40"
\o Setting temp(T) = -40
\o Setting var vdd = "3.63"
\o 
\o *Info*    Netlist Directory =
\o           /home/hrahimi/projects/POTENTIOSTAT_26/Sim/Potentiostat_Top/top/maestro/results/maestro/Interactive.306/20/TIA_Gain_Linearity/netlist
\o 
\o 
\o *Info*    Data Directory    =
\o           /home/hrahimi/projects/POTENTIOSTAT_26/Sim/Potentiostat_Top/top/maestro/results/maestro/Interactive.306/20/TIA_Gain_Linearity
\o 
\o Reusing AHDL Data dir
\o generate netlist...
\o function ansCdlCompPrim redefined
\o Ignoring netlist creation since ignoreDesignChangesDuringRun is set to true
\o       ...successful.
\o compose simulator input file...
\o       ...successful.
\o WARNING (ADE-3080): Fast viewing extensions for PSF XL format (also known as RTSF) will be discontinued  
\o        and Virtuoso Visualization and Analysis XL will not use RTSF data to plot waveforms from IC6.1.8 ISR7 onward. 
\o        There will be no performance impact on data visualization due to this change.
\o [2026-05-30 19:39:10.318 Z] [PROCESS] [cadence.virtuoso.ade.services.netlister] - Current memory used: 798.4102 MBytes, peak memory used: 798.4102 MBytes {"hostname": "il2244vt26_hrahimi", "processid": 1068918, "testname": "TIA_Gain_Linearity", "point": 20, "logfile": "/home/hrahimi/projects/POTENTIOSTAT_26/logs_hrahimi/logs0/Service91.log"}
\o [2026-05-30 19:39:10.321 Z] [INFO] [cadence.virtuoso.ade.services.netlister] - Finished netlisting {"point": 20, "testname": "TIA_Gain_Linearity"}
\o [2026-05-30 19:39:10.325 Z] [EVENT] [cadence.virtuoso.ade.services.netlister] - NewPoint {"point": 21, "testname": "TIA_Gain_Linearity", "event": "NewPoint", "EventSource": "Netlist Service", "HistoryName": "Interactive.306", "logFile": "/home/hrahimi/projects/POTENTIOSTAT_26/logs_hrahimi/logs0/Service91.log", "logFileSize": "86419"}
\o [2026-05-30 19:39:10.327 Z] [INFO] [cadence.virtuoso.ade.services.netlister] - Started netlisting {"point": 21, "testname": "TIA_Gain_Linearity"}
\o Resetting statistical vars
\o 
\o *Info*    Setting parameter values ...
\o 
\o Setting var temperature = "85"
\o Setting temp(T) = 85
\o 
\o *Info*    Netlist Directory =
\o           /home/hrahimi/projects/POTENTIOSTAT_26/Sim/Potentiostat_Top/top/maestro/results/maestro/Interactive.306/21/TIA_Gain_Linearity/netlist
\o 
\o 
\o *Info*    Data Directory    =
\o           /home/hrahimi/projects/POTENTIOSTAT_26/Sim/Potentiostat_Top/top/maestro/results/maestro/Interactive.306/21/TIA_Gain_Linearity
\o 
\o Reusing AHDL Data dir
\o generate netlist...
\o function ansCdlCompPrim redefined
\o Ignoring netlist creation since ignoreDesignChangesDuringRun is set to true
\o       ...successful.
\o compose simulator input file...
\o       ...successful.
\o WARNING (ADE-3080): Fast viewing extensions for PSF XL format (also known as RTSF) will be discontinued  
\o        and Virtuoso Visualization and Analysis XL will not use RTSF data to plot waveforms from IC6.1.8 ISR7 onward. 
\o        There will be no performance impact on data visualization due to this change.
\o [2026-05-30 19:39:11.974 Z] [PROCESS] [cadence.virtuoso.ade.services.netlister] - Current memory used: 798.4102 MBytes, peak memory used: 798.4102 MBytes {"hostname": "il2244vt26_hrahimi", "processid": 1068918, "testname": "TIA_Gain_Linearity", "point": 21, "logfile": "/home/hrahimi/projects/POTENTIOSTAT_26/logs_hrahimi/logs0/Service91.log"}
\o [2026-05-30 19:39:11.976 Z] [INFO] [cadence.virtuoso.ade.services.netlister] - Finished netlisting {"point": 21, "testname": "TIA_Gain_Linearity"}
\o [2026-05-30 19:39:11.985 Z] [EVENT] [cadence.virtuoso.ade.services.netlister] - NewPoint {"point": 22, "testname": "TIA_Gain_Linearity", "event": "NewPoint", "EventSource": "Netlist Service", "HistoryName": "Interactive.306", "logFile": "/home/hrahimi/projects/POTENTIOSTAT_26/logs_hrahimi/logs0/Service91.log", "logFileSize": "88475"}
\o [2026-05-30 19:39:11.986 Z] [INFO] [cadence.virtuoso.ade.services.netlister] - Started netlisting {"point": 22, "testname": "TIA_Gain_Linearity"}
\o Resetting statistical vars
\o 
\o *Info*    Setting parameter values ...
\o 
\o Setting var temperature = "-40"
\o Setting temp(T) = -40
\o Setting var vdd = "2.97"
\o 
\o *Info*    Netlist Directory =
\o           /home/hrahimi/projects/POTENTIOSTAT_26/Sim/Potentiostat_Top/top/maestro/results/maestro/Interactive.306/22/TIA_Gain_Linearity/netlist
\o 
\o 
\o *Info*    Data Directory    =
\o           /home/hrahimi/projects/POTENTIOSTAT_26/Sim/Potentiostat_Top/top/maestro/results/maestro/Interactive.306/22/TIA_Gain_Linearity
\o 
\o Reusing AHDL Data dir
\o generate netlist...
\o function ansCdlCompPrim redefined
\o Ignoring netlist creation since ignoreDesignChangesDuringRun is set to true
\o       ...successful.
\o compose simulator input file...
\o       ...successful.
\o WARNING (ADE-3080): Fast viewing extensions for PSF XL format (also known as RTSF) will be discontinued  
\o        and Virtuoso Visualization and Analysis XL will not use RTSF data to plot waveforms from IC6.1.8 ISR7 onward. 
\o        There will be no performance impact on data visualization due to this change.
\o [2026-05-30 19:39:13.569 Z] [PROCESS] [cadence.virtuoso.ade.services.netlister] - Current memory used: 798.4102 MBytes, peak memory used: 798.4102 MBytes {"hostname": "il2244vt26_hrahimi", "processid": 1068918, "testname": "TIA_Gain_Linearity", "point": 22, "logfile": "/home/hrahimi/projects/POTENTIOSTAT_26/logs_hrahimi/logs0/Service91.log"}
\o [2026-05-30 19:39:13.571 Z] [INFO] [cadence.virtuoso.ade.services.netlister] - Finished netlisting {"point": 22, "testname": "TIA_Gain_Linearity"}
\o [2026-05-30 19:39:13.575 Z] [EVENT] [cadence.virtuoso.ade.services.netlister] - NewPoint {"point": 23, "testname": "TIA_Gain_Linearity", "event": "NewPoint", "EventSource": "Netlist Service", "HistoryName": "Interactive.306", "logFile": "/home/hrahimi/projects/POTENTIOSTAT_26/logs_hrahimi/logs0/Service91.log", "logFileSize": "90561"}
\o [2026-05-30 19:39:13.576 Z] [INFO] [cadence.virtuoso.ade.services.netlister] - Started netlisting {"point": 23, "testname": "TIA_Gain_Linearity"}
\o Resetting statistical vars
\o 
\o *Info*    Setting parameter values ...
\o 
\o Setting var temperature = "85"
\o Setting temp(T) = 85
\o 
\o *Info*    Netlist Directory =
\o           /home/hrahimi/projects/POTENTIOSTAT_26/Sim/Potentiostat_Top/top/maestro/results/maestro/Interactive.306/23/TIA_Gain_Linearity/netlist
\o 
\o 
\o *Info*    Data Directory    =
\o           /home/hrahimi/projects/POTENTIOSTAT_26/Sim/Potentiostat_Top/top/maestro/results/maestro/Interactive.306/23/TIA_Gain_Linearity
\o 
\o Reusing AHDL Data dir
\o generate netlist...
\o function ansCdlCompPrim redefined
\o Ignoring netlist creation since ignoreDesignChangesDuringRun is set to true
\o       ...successful.
\o compose simulator input file...
\o       ...successful.
\o WARNING (ADE-3080): Fast viewing extensions for PSF XL format (also known as RTSF) will be discontinued  
\o        and Virtuoso Visualization and Analysis XL will not use RTSF data to plot waveforms from IC6.1.8 ISR7 onward. 
\o        There will be no performance impact on data visualization due to this change.
\o [2026-05-30 19:39:15.281 Z] [PROCESS] [cadence.virtuoso.ade.services.netlister] - Current memory used: 798.4102 MBytes, peak memory used: 798.4102 MBytes {"hostname": "il2244vt26_hrahimi", "processid": 1068918, "testname": "TIA_Gain_Linearity", "point": 23, "logfile": "/home/hrahimi/projects/POTENTIOSTAT_26/logs_hrahimi/logs0/Service91.log"}
\o [2026-05-30 19:39:15.283 Z] [INFO] [cadence.virtuoso.ade.services.netlister] - Finished netlisting {"point": 23, "testname": "TIA_Gain_Linearity"}
\o [2026-05-30 19:39:15.288 Z] [EVENT] [cadence.virtuoso.ade.services.netlister] - NewPoint {"point": 24, "testname": "TIA_Gain_Linearity", "event": "NewPoint", "EventSource": "Netlist Service", "HistoryName": "Interactive.306", "logFile": "/home/hrahimi/projects/POTENTIOSTAT_26/logs_hrahimi/logs0/Service91.log", "logFileSize": "92617"}
\o [2026-05-30 19:39:15.289 Z] [INFO] [cadence.virtuoso.ade.services.netlister] - Started netlisting {"point": 24, "testname": "TIA_Gain_Linearity"}
\o Resetting statistical vars
\o 
\o *Info*    Setting parameter values ...
\o 
\o Setting var temperature = "-40"
\o Setting temp(T) = -40
\o Setting var vdd = "3.63"
\o 
\o *Info*    Netlist Directory =
\o           /home/hrahimi/projects/POTENTIOSTAT_26/Sim/Potentiostat_Top/top/maestro/results/maestro/Interactive.306/24/TIA_Gain_Linearity/netlist
\o 
\o 
\o *Info*    Data Directory    =
\o           /home/hrahimi/projects/POTENTIOSTAT_26/Sim/Potentiostat_Top/top/maestro/results/maestro/Interactive.306/24/TIA_Gain_Linearity
\o 
\o Reusing AHDL Data dir
\o generate netlist...
\o function ansCdlCompPrim redefined
\o Ignoring netlist creation since ignoreDesignChangesDuringRun is set to true
\o       ...successful.
\o compose simulator input file...
\o       ...successful.
\o WARNING (ADE-3080): Fast viewing extensions for PSF XL format (also known as RTSF) will be discontinued  
\o        and Virtuoso Visualization and Analysis XL will not use RTSF data to plot waveforms from IC6.1.8 ISR7 onward. 
\o        There will be no performance impact on data visualization due to this change.
\o [2026-05-30 19:39:17.222 Z] [PROCESS] [cadence.virtuoso.ade.services.netlister] - Current memory used: 798.4102 MBytes, peak memory used: 798.4102 MBytes {"hostname": "il2244vt26_hrahimi", "processid": 1068918, "testname": "TIA_Gain_Linearity", "point": 24, "logfile": "/home/hrahimi/projects/POTENTIOSTAT_26/logs_hrahimi/logs0/Service91.log"}
\o [2026-05-30 19:39:17.224 Z] [INFO] [cadence.virtuoso.ade.services.netlister] - Finished netlisting {"point": 24, "testname": "TIA_Gain_Linearity"}
\o [2026-05-30 19:39:17.234 Z] [EVENT] [cadence.virtuoso.ade.services.netlister] - NewPoint {"point": 25, "testname": "TIA_Gain_Linearity", "event": "NewPoint", "EventSource": "Netlist Service", "HistoryName": "Interactive.306", "logFile": "/home/hrahimi/projects/POTENTIOSTAT_26/logs_hrahimi/logs0/Service91.log", "logFileSize": "94703"}
\o [2026-05-30 19:39:17.234 Z] [INFO] [cadence.virtuoso.ade.services.netlister] - Started netlisting {"point": 25, "testname": "TIA_Gain_Linearity"}
\o Resetting statistical vars
\o 
\o *Info*    Setting parameter values ...
\o 
\o Setting var temperature = "85"
\o Setting temp(T) = 85
\o 
\o *Info*    Netlist Directory =
\o           /home/hrahimi/projects/POTENTIOSTAT_26/Sim/Potentiostat_Top/top/maestro/results/maestro/Interactive.306/25/TIA_Gain_Linearity/netlist
\o 
\o 
\o *Info*    Data Directory    =
\o           /home/hrahimi/projects/POTENTIOSTAT_26/Sim/Potentiostat_Top/top/maestro/results/maestro/Interactive.306/25/TIA_Gain_Linearity
\o 
\o Reusing AHDL Data dir
\o generate netlist...
\o function ansCdlCompPrim redefined
\o Ignoring netlist creation since ignoreDesignChangesDuringRun is set to true
\o       ...successful.
\o compose simulator input file...
\o       ...successful.
\o WARNING (ADE-3080): Fast viewing extensions for PSF XL format (also known as RTSF) will be discontinued  
\o        and Virtuoso Visualization and Analysis XL will not use RTSF data to plot waveforms from IC6.1.8 ISR7 onward. 
\o        There will be no performance impact on data visualization due to this change.
\o [2026-05-30 19:39:19.437 Z] [PROCESS] [cadence.virtuoso.ade.services.netlister] - Current memory used: 798.4102 MBytes, peak memory used: 798.4102 MBytes {"hostname": "il2244vt26_hrahimi", "processid": 1068918, "testname": "TIA_Gain_Linearity", "point": 25, "logfile": "/home/hrahimi/projects/POTENTIOSTAT_26/logs_hrahimi/logs0/Service91.log"}
\o [2026-05-30 19:39:19.442 Z] [INFO] [cadence.virtuoso.ade.services.netlister] - Finished netlisting {"point": 25, "testname": "TIA_Gain_Linearity"}
\o [2026-05-30 19:39:19.445 Z] [EVENT] [cadence.virtuoso.ade.services.netlister] - NewPoint {"point": 26, "testname": "TIA_Gain_Linearity", "event": "NewPoint", "EventSource": "Netlist Service", "HistoryName": "Interactive.306", "logFile": "/home/hrahimi/projects/POTENTIOSTAT_26/logs_hrahimi/logs0/Service91.log", "logFileSize": "96759"}
\o [2026-05-30 19:39:19.446 Z] [INFO] [cadence.virtuoso.ade.services.netlister] - Started netlisting {"point": 26, "testname": "TIA_Gain_Linearity"}
\o Resetting statistical vars
\o 
\o *Info*    Setting parameter values ...
\o 
\o Setting var temperature = "-40"
\o Setting temp(T) = -40
\o Setting var vdd = "2.97"
\o 
\o *Info*    Netlist Directory =
\o           /home/hrahimi/projects/POTENTIOSTAT_26/Sim/Potentiostat_Top/top/maestro/results/maestro/Interactive.306/26/TIA_Gain_Linearity/netlist
\o 
\o 
\o *Info*    Data Directory    =
\o           /home/hrahimi/projects/POTENTIOSTAT_26/Sim/Potentiostat_Top/top/maestro/results/maestro/Interactive.306/26/TIA_Gain_Linearity
\o 
\o Reusing AHDL Data dir
\o generate netlist...
\o function ansCdlCompPrim redefined
\o Ignoring netlist creation since ignoreDesignChangesDuringRun is set to true
\o       ...successful.
\o compose simulator input file...
\o       ...successful.
\o WARNING (ADE-3080): Fast viewing extensions for PSF XL format (also known as RTSF) will be discontinued  
\o        and Virtuoso Visualization and Analysis XL will not use RTSF data to plot waveforms from IC6.1.8 ISR7 onward. 
\o        There will be no performance impact on data visualization due to this change.
\o [2026-05-30 19:39:21.802 Z] [PROCESS] [cadence.virtuoso.ade.services.netlister] - Current memory used: 798.4102 MBytes, peak memory used: 798.4102 MBytes {"hostname": "il2244vt26_hrahimi", "processid": 1068918, "testname": "TIA_Gain_Linearity", "point": 26, "logfile": "/home/hrahimi/projects/POTENTIOSTAT_26/logs_hrahimi/logs0/Service91.log"}
\o [2026-05-30 19:39:21.803 Z] [INFO] [cadence.virtuoso.ade.services.netlister] - Finished netlisting {"point": 26, "testname": "TIA_Gain_Linearity"}
\o [2026-05-30 19:39:21.807 Z] [EVENT] [cadence.virtuoso.ade.services.netlister] - NewPoint {"point": 27, "testname": "TIA_Gain_Linearity", "event": "NewPoint", "EventSource": "Netlist Service", "HistoryName": "Interactive.306", "logFile": "/home/hrahimi/projects/POTENTIOSTAT_26/logs_hrahimi/logs0/Service91.log", "logFileSize": "98845"}
\o [2026-05-30 19:39:21.808 Z] [INFO] [cadence.virtuoso.ade.services.netlister] - Started netlisting {"point": 27, "testname": "TIA_Gain_Linearity"}
\o Resetting statistical vars
\o 
\o *Info*    Setting parameter values ...
\o 
\o Setting var temperature = "85"
\o Setting temp(T) = 85
\o 
\o *Info*    Netlist Directory =
\o           /home/hrahimi/projects/POTENTIOSTAT_26/Sim/Potentiostat_Top/top/maestro/results/maestro/Interactive.306/27/TIA_Gain_Linearity/netlist
\o 
\o 
\o *Info*    Data Directory    =
\o           /home/hrahimi/projects/POTENTIOSTAT_26/Sim/Potentiostat_Top/top/maestro/results/maestro/Interactive.306/27/TIA_Gain_Linearity
\o 
\o Reusing AHDL Data dir
\o generate netlist...
\o function ansCdlCompPrim redefined
\o Ignoring netlist creation since ignoreDesignChangesDuringRun is set to true
\o       ...successful.
\o compose simulator input file...
\o       ...successful.
\o WARNING (ADE-3080): Fast viewing extensions for PSF XL format (also known as RTSF) will be discontinued  
\o        and Virtuoso Visualization and Analysis XL will not use RTSF data to plot waveforms from IC6.1.8 ISR7 onward. 
\o        There will be no performance impact on data visualization due to this change.
\o [2026-05-30 19:39:23.896 Z] [PROCESS] [cadence.virtuoso.ade.services.netlister] - Current memory used: 798.4102 MBytes, peak memory used: 798.4102 MBytes {"hostname": "il2244vt26_hrahimi", "processid": 1068918, "testname": "TIA_Gain_Linearity", "point": 27, "logfile": "/home/hrahimi/projects/POTENTIOSTAT_26/logs_hrahimi/logs0/Service91.log"}
\o [2026-05-30 19:39:23.897 Z] [INFO] [cadence.virtuoso.ade.services.netlister] - Finished netlisting {"point": 27, "testname": "TIA_Gain_Linearity"}
\o [2026-05-30 19:39:23.901 Z] [EVENT] [cadence.virtuoso.ade.services.netlister] - NewPoint {"point": 28, "testname": "TIA_Gain_Linearity", "event": "NewPoint", "EventSource": "Netlist Service", "HistoryName": "Interactive.306", "logFile": "/home/hrahimi/projects/POTENTIOSTAT_26/logs_hrahimi/logs0/Service91.log", "logFileSize": "100901"}
\o [2026-05-30 19:39:23.902 Z] [INFO] [cadence.virtuoso.ade.services.netlister] - Started netlisting {"point": 28, "testname": "TIA_Gain_Linearity"}
\o Resetting statistical vars
\o 
\o *Info*    Setting parameter values ...
\o 
\o Setting var temperature = "-40"
\o Setting temp(T) = -40
\o Setting var vdd = "3.63"
\o 
\o *Info*    Netlist Directory =
\o           /home/hrahimi/projects/POTENTIOSTAT_26/Sim/Potentiostat_Top/top/maestro/results/maestro/Interactive.306/28/TIA_Gain_Linearity/netlist
\o 
\o 
\o *Info*    Data Directory    =
\o           /home/hrahimi/projects/POTENTIOSTAT_26/Sim/Potentiostat_Top/top/maestro/results/maestro/Interactive.306/28/TIA_Gain_Linearity
\o 
\o Reusing AHDL Data dir
\o generate netlist...
\o function ansCdlCompPrim redefined
\o Ignoring netlist creation since ignoreDesignChangesDuringRun is set to true
\o       ...successful.
\o compose simulator input file...
\o       ...successful.
\o WARNING (ADE-3080): Fast viewing extensions for PSF XL format (also known as RTSF) will be discontinued  
\o        and Virtuoso Visualization and Analysis XL will not use RTSF data to plot waveforms from IC6.1.8 ISR7 onward. 
\o        There will be no performance impact on data visualization due to this change.
\o [2026-05-30 19:39:25.420 Z] [PROCESS] [cadence.virtuoso.ade.services.netlister] - Current memory used: 798.4102 MBytes, peak memory used: 798.4102 MBytes {"hostname": "il2244vt26_hrahimi", "processid": 1068918, "testname": "TIA_Gain_Linearity", "point": 28, "logfile": "/home/hrahimi/projects/POTENTIOSTAT_26/logs_hrahimi/logs0/Service91.log"}
\o [2026-05-30 19:39:25.422 Z] [INFO] [cadence.virtuoso.ade.services.netlister] - Finished netlisting {"point": 28, "testname": "TIA_Gain_Linearity"}
\o [2026-05-30 19:39:25.434 Z] [EVENT] [cadence.virtuoso.ade.services.netlister] - NewPoint {"point": 29, "testname": "TIA_Gain_Linearity", "event": "NewPoint", "EventSource": "Netlist Service", "HistoryName": "Interactive.306", "logFile": "/home/hrahimi/projects/POTENTIOSTAT_26/logs_hrahimi/logs0/Service91.log", "logFileSize": "102988"}
\o [2026-05-30 19:39:25.436 Z] [INFO] [cadence.virtuoso.ade.services.netlister] - Started netlisting {"point": 29, "testname": "TIA_Gain_Linearity"}
\o Resetting statistical vars
\o 
\o *Info*    Setting parameter values ...
\o 
\o Setting var temperature = "85"
\o Setting temp(T) = 85
\o 
\o *Info*    Netlist Directory =
\o           /home/hrahimi/projects/POTENTIOSTAT_26/Sim/Potentiostat_Top/top/maestro/results/maestro/Interactive.306/29/TIA_Gain_Linearity/netlist
\o 
\o 
\o *Info*    Data Directory    =
\o           /home/hrahimi/projects/POTENTIOSTAT_26/Sim/Potentiostat_Top/top/maestro/results/maestro/Interactive.306/29/TIA_Gain_Linearity
\o 
\o Reusing AHDL Data dir
\o generate netlist...
\o function ansCdlCompPrim redefined
\o Ignoring netlist creation since ignoreDesignChangesDuringRun is set to true
\o       ...successful.
\o compose simulator input file...
\o       ...successful.
\o WARNING (ADE-3080): Fast viewing extensions for PSF XL format (also known as RTSF) will be discontinued  
\o        and Virtuoso Visualization and Analysis XL will not use RTSF data to plot waveforms from IC6.1.8 ISR7 onward. 
\o        There will be no performance impact on data visualization due to this change.
\o [2026-05-30 19:39:27.311 Z] [PROCESS] [cadence.virtuoso.ade.services.netlister] - Current memory used: 798.4102 MBytes, peak memory used: 798.4102 MBytes {"hostname": "il2244vt26_hrahimi", "processid": 1068918, "testname": "TIA_Gain_Linearity", "point": 29, "logfile": "/home/hrahimi/projects/POTENTIOSTAT_26/logs_hrahimi/logs0/Service91.log"}
\o [2026-05-30 19:39:27.312 Z] [INFO] [cadence.virtuoso.ade.services.netlister] - Finished netlisting {"point": 29, "testname": "TIA_Gain_Linearity"}
\o [2026-05-30 19:39:27.316 Z] [EVENT] [cadence.virtuoso.ade.services.netlister] - NewPoint {"point": 30, "testname": "TIA_Gain_Linearity", "event": "NewPoint", "EventSource": "Netlist Service", "HistoryName": "Interactive.306", "logFile": "/home/hrahimi/projects/POTENTIOSTAT_26/logs_hrahimi/logs0/Service91.log", "logFileSize": "105045"}
\o [2026-05-30 19:39:27.317 Z] [INFO] [cadence.virtuoso.ade.services.netlister] - Started netlisting {"point": 30, "testname": "TIA_Gain_Linearity"}
\o Resetting statistical vars
\o 
\o *Info*    Setting parameter values ...
\o 
\o Setting var temperature = "-40"
\o Setting temp(T) = -40
\o Setting var vdd = "2.97"
\o 
\o *Info*    Netlist Directory =
\o           /home/hrahimi/projects/POTENTIOSTAT_26/Sim/Potentiostat_Top/top/maestro/results/maestro/Interactive.306/30/TIA_Gain_Linearity/netlist
\o 
\o 
\o *Info*    Data Directory    =
\o           /home/hrahimi/projects/POTENTIOSTAT_26/Sim/Potentiostat_Top/top/maestro/results/maestro/Interactive.306/30/TIA_Gain_Linearity
\o 
\o Reusing AHDL Data dir
\o generate netlist...
\o function ansCdlCompPrim redefined
\o Ignoring netlist creation since ignoreDesignChangesDuringRun is set to true
\o       ...successful.
\o compose simulator input file...
\o       ...successful.
\o WARNING (ADE-3080): Fast viewing extensions for PSF XL format (also known as RTSF) will be discontinued  
\o        and Virtuoso Visualization and Analysis XL will not use RTSF data to plot waveforms from IC6.1.8 ISR7 onward. 
\o        There will be no performance impact on data visualization due to this change.
\o [2026-05-30 19:39:28.910 Z] [PROCESS] [cadence.virtuoso.ade.services.netlister] - Current memory used: 798.4102 MBytes, peak memory used: 798.4102 MBytes {"hostname": "il2244vt26_hrahimi", "processid": 1068918, "testname": "TIA_Gain_Linearity", "point": 30, "logfile": "/home/hrahimi/projects/POTENTIOSTAT_26/logs_hrahimi/logs0/Service91.log"}
\o [2026-05-30 19:39:28.912 Z] [INFO] [cadence.virtuoso.ade.services.netlister] - Finished netlisting {"point": 30, "testname": "TIA_Gain_Linearity"}
\o [2026-05-30 19:39:28.917 Z] [EVENT] [cadence.virtuoso.ade.services.netlister] - NewPoint {"point": 31, "testname": "TIA_Gain_Linearity", "event": "NewPoint", "EventSource": "Netlist Service", "HistoryName": "Interactive.306", "logFile": "/home/hrahimi/projects/POTENTIOSTAT_26/logs_hrahimi/logs0/Service91.log", "logFileSize": "107132"}
\o [2026-05-30 19:39:28.918 Z] [INFO] [cadence.virtuoso.ade.services.netlister] - Started netlisting {"point": 31, "testname": "TIA_Gain_Linearity"}
\o Resetting statistical vars
\o 
\o *Info*    Setting parameter values ...
\o 
\o Setting var temperature = "85"
\o Setting temp(T) = 85
\o 
\o *Info*    Netlist Directory =
\o           /home/hrahimi/projects/POTENTIOSTAT_26/Sim/Potentiostat_Top/top/maestro/results/maestro/Interactive.306/31/TIA_Gain_Linearity/netlist
\o 
\o 
\o *Info*    Data Directory    =
\o           /home/hrahimi/projects/POTENTIOSTAT_26/Sim/Potentiostat_Top/top/maestro/results/maestro/Interactive.306/31/TIA_Gain_Linearity
\o 
\o Reusing AHDL Data dir
\o generate netlist...
\o function ansCdlCompPrim redefined
\o Ignoring netlist creation since ignoreDesignChangesDuringRun is set to true
\o       ...successful.
\o compose simulator input file...
\o       ...successful.
\o WARNING (ADE-3080): Fast viewing extensions for PSF XL format (also known as RTSF) will be discontinued  
\o        and Virtuoso Visualization and Analysis XL will not use RTSF data to plot waveforms from IC6.1.8 ISR7 onward. 
\o        There will be no performance impact on data visualization due to this change.
\o [2026-05-30 19:39:30.343 Z] [PROCESS] [cadence.virtuoso.ade.services.netlister] - Current memory used: 798.4102 MBytes, peak memory used: 798.4102 MBytes {"hostname": "il2244vt26_hrahimi", "processid": 1068918, "testname": "TIA_Gain_Linearity", "point": 31, "logfile": "/home/hrahimi/projects/POTENTIOSTAT_26/logs_hrahimi/logs0/Service91.log"}
\o [2026-05-30 19:39:30.345 Z] [INFO] [cadence.virtuoso.ade.services.netlister] - Finished netlisting {"point": 31, "testname": "TIA_Gain_Linearity"}
\o [2026-05-30 19:39:30.350 Z] [EVENT] [cadence.virtuoso.ade.services.netlister] - NewPoint {"point": 32, "testname": "TIA_Gain_Linearity", "event": "NewPoint", "EventSource": "Netlist Service", "HistoryName": "Interactive.306", "logFile": "/home/hrahimi/projects/POTENTIOSTAT_26/logs_hrahimi/logs0/Service91.log", "logFileSize": "109189"}
\o [2026-05-30 19:39:30.351 Z] [INFO] [cadence.virtuoso.ade.services.netlister] - Started netlisting {"point": 32, "testname": "TIA_Gain_Linearity"}
\o Resetting statistical vars
\o 
\o *Info*    Setting parameter values ...
\o 
\o Setting var temperature = "-40"
\o Setting temp(T) = -40
\o Setting var vdd = "3.63"
\o 
\o *Info*    Netlist Directory =
\o           /home/hrahimi/projects/POTENTIOSTAT_26/Sim/Potentiostat_Top/top/maestro/results/maestro/Interactive.306/32/TIA_Gain_Linearity/netlist
\o 
\o 
\o *Info*    Data Directory    =
\o           /home/hrahimi/projects/POTENTIOSTAT_26/Sim/Potentiostat_Top/top/maestro/results/maestro/Interactive.306/32/TIA_Gain_Linearity
\o 
\o Reusing AHDL Data dir
\o generate netlist...
\o function ansCdlCompPrim redefined
\o Ignoring netlist creation since ignoreDesignChangesDuringRun is set to true
\o       ...successful.
\o compose simulator input file...
\o       ...successful.
\o WARNING (ADE-3080): Fast viewing extensions for PSF XL format (also known as RTSF) will be discontinued  
\o        and Virtuoso Visualization and Analysis XL will not use RTSF data to plot waveforms from IC6.1.8 ISR7 onward. 
\o        There will be no performance impact on data visualization due to this change.
\o [2026-05-30 19:39:31.935 Z] [PROCESS] [cadence.virtuoso.ade.services.netlister] - Current memory used: 798.4102 MBytes, peak memory used: 798.4102 MBytes {"hostname": "il2244vt26_hrahimi", "processid": 1068918, "testname": "TIA_Gain_Linearity", "point": 32, "logfile": "/home/hrahimi/projects/POTENTIOSTAT_26/logs_hrahimi/logs0/Service91.log"}
\o [2026-05-30 19:39:31.936 Z] [INFO] [cadence.virtuoso.ade.services.netlister] - Finished netlisting {"point": 32, "testname": "TIA_Gain_Linearity"}
\o [2026-05-30 19:39:31.943 Z] [EVENT] [cadence.virtuoso.ade.services.netlister] - NewPoint {"point": 33, "testname": "TIA_Gain_Linearity", "event": "NewPoint", "EventSource": "Netlist Service", "HistoryName": "Interactive.306", "logFile": "/home/hrahimi/projects/POTENTIOSTAT_26/logs_hrahimi/logs0/Service91.log", "logFileSize": "111276"}
\o [2026-05-30 19:39:31.944 Z] [INFO] [cadence.virtuoso.ade.services.netlister] - Started netlisting {"point": 33, "testname": "TIA_Gain_Linearity"}
\o Resetting statistical vars
\o 
\o *Info*    Setting parameter values ...
\o 
\o Setting var temperature = "85"
\o Setting temp(T) = 85
\o 
\o *Info*    Netlist Directory =
\o           /home/hrahimi/projects/POTENTIOSTAT_26/Sim/Potentiostat_Top/top/maestro/results/maestro/Interactive.306/33/TIA_Gain_Linearity/netlist
\o 
\o 
\o *Info*    Data Directory    =
\o           /home/hrahimi/projects/POTENTIOSTAT_26/Sim/Potentiostat_Top/top/maestro/results/maestro/Interactive.306/33/TIA_Gain_Linearity
\o 
\o Reusing AHDL Data dir
\o generate netlist...
\o function ansCdlCompPrim redefined
\o Ignoring netlist creation since ignoreDesignChangesDuringRun is set to true
\o       ...successful.
\o compose simulator input file...
\o       ...successful.
\o WARNING (ADE-3080): Fast viewing extensions for PSF XL format (also known as RTSF) will be discontinued  
\o        and Virtuoso Visualization and Analysis XL will not use RTSF data to plot waveforms from IC6.1.8 ISR7 onward. 
\o        There will be no performance impact on data visualization due to this change.
\o [2026-05-30 19:39:33.422 Z] [PROCESS] [cadence.virtuoso.ade.services.netlister] - Current memory used: 798.4102 MBytes, peak memory used: 798.4102 MBytes {"hostname": "il2244vt26_hrahimi", "processid": 1068918, "testname": "TIA_Gain_Linearity", "point": 33, "logfile": "/home/hrahimi/projects/POTENTIOSTAT_26/logs_hrahimi/logs0/Service91.log"}
\o [2026-05-30 19:39:33.423 Z] [INFO] [cadence.virtuoso.ade.services.netlister] - Finished netlisting {"point": 33, "testname": "TIA_Gain_Linearity"}
\o [2026-05-30 19:39:33.430 Z] [EVENT] [cadence.virtuoso.ade.services.netlister] - NewPoint {"point": 34, "testname": "TIA_Gain_Linearity", "event": "NewPoint", "EventSource": "Netlist Service", "HistoryName": "Interactive.306", "logFile": "/home/hrahimi/projects/POTENTIOSTAT_26/logs_hrahimi/logs0/Service91.log", "logFileSize": "113333"}
\o [2026-05-30 19:39:33.431 Z] [INFO] [cadence.virtuoso.ade.services.netlister] - Started netlisting {"point": 34, "testname": "TIA_Gain_Linearity"}
\o Resetting statistical vars
\o 
\o *Info*    Setting parameter values ...
\o 
\o Setting var temperature = "-40"
\o Setting temp(T) = -40
\o Setting var vdd = "2.97"
\o 
\o *Info*    Netlist Directory =
\o           /home/hrahimi/projects/POTENTIOSTAT_26/Sim/Potentiostat_Top/top/maestro/results/maestro/Interactive.306/34/TIA_Gain_Linearity/netlist
\o 
\o 
\o *Info*    Data Directory    =
\o           /home/hrahimi/projects/POTENTIOSTAT_26/Sim/Potentiostat_Top/top/maestro/results/maestro/Interactive.306/34/TIA_Gain_Linearity
\o 
\o Reusing AHDL Data dir
\o generate netlist...
\o function ansCdlCompPrim redefined
\o Ignoring netlist creation since ignoreDesignChangesDuringRun is set to true
\o       ...successful.
\o compose simulator input file...
\o       ...successful.
\o WARNING (ADE-3080): Fast viewing extensions for PSF XL format (also known as RTSF) will be discontinued  
\o        and Virtuoso Visualization and Analysis XL will not use RTSF data to plot waveforms from IC6.1.8 ISR7 onward. 
\o        There will be no performance impact on data visualization due to this change.
\o [2026-05-30 19:39:34.947 Z] [PROCESS] [cadence.virtuoso.ade.services.netlister] - Current memory used: 798.4102 MBytes, peak memory used: 798.4102 MBytes {"hostname": "il2244vt26_hrahimi", "processid": 1068918, "testname": "TIA_Gain_Linearity", "point": 34, "logfile": "/home/hrahimi/projects/POTENTIOSTAT_26/logs_hrahimi/logs0/Service91.log"}
\o [2026-05-30 19:39:34.949 Z] [INFO] [cadence.virtuoso.ade.services.netlister] - Finished netlisting {"point": 34, "testname": "TIA_Gain_Linearity"}
\o [2026-05-30 19:39:34.953 Z] [EVENT] [cadence.virtuoso.ade.services.netlister] - NewPoint {"point": 35, "testname": "TIA_Gain_Linearity", "event": "NewPoint", "EventSource": "Netlist Service", "HistoryName": "Interactive.306", "logFile": "/home/hrahimi/projects/POTENTIOSTAT_26/logs_hrahimi/logs0/Service91.log", "logFileSize": "115420"}
\o [2026-05-30 19:39:34.954 Z] [INFO] [cadence.virtuoso.ade.services.netlister] - Started netlisting {"point": 35, "testname": "TIA_Gain_Linearity"}
\o Resetting statistical vars
\o 
\o *Info*    Setting parameter values ...
\o 
\o Setting var temperature = "85"
\o Setting temp(T) = 85
\o 
\o *Info*    Netlist Directory =
\o           /home/hrahimi/projects/POTENTIOSTAT_26/Sim/Potentiostat_Top/top/maestro/results/maestro/Interactive.306/35/TIA_Gain_Linearity/netlist
\o 
\o 
\o *Info*    Data Directory    =
\o           /home/hrahimi/projects/POTENTIOSTAT_26/Sim/Potentiostat_Top/top/maestro/results/maestro/Interactive.306/35/TIA_Gain_Linearity
\o 
\o Reusing AHDL Data dir
\o generate netlist...
\o function ansCdlCompPrim redefined
\o Ignoring netlist creation since ignoreDesignChangesDuringRun is set to true
\o       ...successful.
\o compose simulator input file...
\o       ...successful.
\o WARNING (ADE-3080): Fast viewing extensions for PSF XL format (also known as RTSF) will be discontinued  
\o        and Virtuoso Visualization and Analysis XL will not use RTSF data to plot waveforms from IC6.1.8 ISR7 onward. 
\o        There will be no performance impact on data visualization due to this change.
\o [2026-05-30 19:39:36.930 Z] [PROCESS] [cadence.virtuoso.ade.services.netlister] - Current memory used: 798.4102 MBytes, peak memory used: 798.4102 MBytes {"hostname": "il2244vt26_hrahimi", "processid": 1068918, "testname": "TIA_Gain_Linearity", "point": 35, "logfile": "/home/hrahimi/projects/POTENTIOSTAT_26/logs_hrahimi/logs0/Service91.log"}
\o [2026-05-30 19:39:36.932 Z] [INFO] [cadence.virtuoso.ade.services.netlister] - Finished netlisting {"point": 35, "testname": "TIA_Gain_Linearity"}
\o [2026-05-30 19:39:36.939 Z] [EVENT] [cadence.virtuoso.ade.services.netlister] - NewPoint {"point": 36, "testname": "TIA_Gain_Linearity", "event": "NewPoint", "EventSource": "Netlist Service", "HistoryName": "Interactive.306", "logFile": "/home/hrahimi/projects/POTENTIOSTAT_26/logs_hrahimi/logs0/Service91.log", "logFileSize": "117477"}
\o [2026-05-30 19:39:36.940 Z] [INFO] [cadence.virtuoso.ade.services.netlister] - Started netlisting {"point": 36, "testname": "TIA_Gain_Linearity"}
\o Resetting statistical vars
\o 
\o *Info*    Setting parameter values ...
\o 
\o Setting var temperature = "-40"
\o Setting temp(T) = -40
\o Setting var vdd = "3.63"
\o 
\o *Info*    Netlist Directory =
\o           /home/hrahimi/projects/POTENTIOSTAT_26/Sim/Potentiostat_Top/top/maestro/results/maestro/Interactive.306/36/TIA_Gain_Linearity/netlist
\o 
\o 
\o *Info*    Data Directory    =
\o           /home/hrahimi/projects/POTENTIOSTAT_26/Sim/Potentiostat_Top/top/maestro/results/maestro/Interactive.306/36/TIA_Gain_Linearity
\o 
\o Reusing AHDL Data dir
\o generate netlist...
\o function ansCdlCompPrim redefined
\o Ignoring netlist creation since ignoreDesignChangesDuringRun is set to true
\o       ...successful.
\o compose simulator input file...
\o       ...successful.
\o WARNING (ADE-3080): Fast viewing extensions for PSF XL format (also known as RTSF) will be discontinued  
\o        and Virtuoso Visualization and Analysis XL will not use RTSF data to plot waveforms from IC6.1.8 ISR7 onward. 
\o        There will be no performance impact on data visualization due to this change.
\o [2026-05-30 19:39:38.775 Z] [PROCESS] [cadence.virtuoso.ade.services.netlister] - Current memory used: 798.4102 MBytes, peak memory used: 798.4102 MBytes {"hostname": "il2244vt26_hrahimi", "processid": 1068918, "testname": "TIA_Gain_Linearity", "point": 36, "logfile": "/home/hrahimi/projects/POTENTIOSTAT_26/logs_hrahimi/logs0/Service91.log"}
\o [2026-05-30 19:39:38.777 Z] [INFO] [cadence.virtuoso.ade.services.netlister] - Finished netlisting {"point": 36, "testname": "TIA_Gain_Linearity"}
\o [2026-05-30 19:39:38.781 Z] [EVENT] [cadence.virtuoso.ade.services.netlister] - NewPoint {"point": 37, "testname": "TIA_Gain_Linearity", "event": "NewPoint", "EventSource": "Netlist Service", "HistoryName": "Interactive.306", "logFile": "/home/hrahimi/projects/POTENTIOSTAT_26/logs_hrahimi/logs0/Service91.log", "logFileSize": "119564"}
\o [2026-05-30 19:39:38.781 Z] [INFO] [cadence.virtuoso.ade.services.netlister] - Started netlisting {"point": 37, "testname": "TIA_Gain_Linearity"}
\o Resetting statistical vars
\o 
\o *Info*    Setting parameter values ...
\o 
\o Setting var temperature = "85"
\o Setting temp(T) = 85
\o 
\o *Info*    Netlist Directory =
\o           /home/hrahimi/projects/POTENTIOSTAT_26/Sim/Potentiostat_Top/top/maestro/results/maestro/Interactive.306/37/TIA_Gain_Linearity/netlist
\o 
\o 
\o *Info*    Data Directory    =
\o           /home/hrahimi/projects/POTENTIOSTAT_26/Sim/Potentiostat_Top/top/maestro/results/maestro/Interactive.306/37/TIA_Gain_Linearity
\o 
\o Reusing AHDL Data dir
\o generate netlist...
\o function ansCdlCompPrim redefined
\o Ignoring netlist creation since ignoreDesignChangesDuringRun is set to true
\o       ...successful.
\o compose simulator input file...
\o       ...successful.
\o WARNING (ADE-3080): Fast viewing extensions for PSF XL format (also known as RTSF) will be discontinued  
\o        and Virtuoso Visualization and Analysis XL will not use RTSF data to plot waveforms from IC6.1.8 ISR7 onward. 
\o        There will be no performance impact on data visualization due to this change.
\o [2026-05-30 19:39:40.525 Z] [PROCESS] [cadence.virtuoso.ade.services.netlister] - Current memory used: 798.4102 MBytes, peak memory used: 798.4102 MBytes {"hostname": "il2244vt26_hrahimi", "processid": 1068918, "testname": "TIA_Gain_Linearity", "point": 37, "logfile": "/home/hrahimi/projects/POTENTIOSTAT_26/logs_hrahimi/logs0/Service91.log"}
\o [2026-05-30 19:39:40.527 Z] [INFO] [cadence.virtuoso.ade.services.netlister] - Finished netlisting {"point": 37, "testname": "TIA_Gain_Linearity"}
\o [2026-05-30 19:39:40.535 Z] [EVENT] [cadence.virtuoso.ade.services.netlister] - NewPoint {"point": 38, "testname": "TIA_Gain_Linearity", "event": "NewPoint", "EventSource": "Netlist Service", "HistoryName": "Interactive.306", "logFile": "/home/hrahimi/projects/POTENTIOSTAT_26/logs_hrahimi/logs0/Service91.log", "logFileSize": "121621"}
\o [2026-05-30 19:39:40.538 Z] [INFO] [cadence.virtuoso.ade.services.netlister] - Started netlisting {"point": 38, "testname": "TIA_Gain_Linearity"}
\o Resetting statistical vars
\o 
\o *Info*    Setting parameter values ...
\o 
\o Setting var temperature = "-40"
\o Setting temp(T) = -40
\o Setting var vdd = "2.97"
\o 
\o *Info*    Netlist Directory =
\o           /home/hrahimi/projects/POTENTIOSTAT_26/Sim/Potentiostat_Top/top/maestro/results/maestro/Interactive.306/38/TIA_Gain_Linearity/netlist
\o 
\o 
\o *Info*    Data Directory    =
\o           /home/hrahimi/projects/POTENTIOSTAT_26/Sim/Potentiostat_Top/top/maestro/results/maestro/Interactive.306/38/TIA_Gain_Linearity
\o 
\o Reusing AHDL Data dir
\o generate netlist...
\o function ansCdlCompPrim redefined
\o Ignoring netlist creation since ignoreDesignChangesDuringRun is set to true
\o       ...successful.
\o compose simulator input file...
\o       ...successful.
\o WARNING (ADE-3080): Fast viewing extensions for PSF XL format (also known as RTSF) will be discontinued  
\o        and Virtuoso Visualization and Analysis XL will not use RTSF data to plot waveforms from IC6.1.8 ISR7 onward. 
\o        There will be no performance impact on data visualization due to this change.
\o [2026-05-30 19:39:42.131 Z] [PROCESS] [cadence.virtuoso.ade.services.netlister] - Current memory used: 798.4102 MBytes, peak memory used: 798.4102 MBytes {"hostname": "il2244vt26_hrahimi", "processid": 1068918, "testname": "TIA_Gain_Linearity", "point": 38, "logfile": "/home/hrahimi/projects/POTENTIOSTAT_26/logs_hrahimi/logs0/Service91.log"}
\o [2026-05-30 19:39:42.132 Z] [INFO] [cadence.virtuoso.ade.services.netlister] - Finished netlisting {"point": 38, "testname": "TIA_Gain_Linearity"}
\o [2026-05-30 19:39:42.142 Z] [EVENT] [cadence.virtuoso.ade.services.netlister] - NewPoint {"point": 39, "testname": "TIA_Gain_Linearity", "event": "NewPoint", "EventSource": "Netlist Service", "HistoryName": "Interactive.306", "logFile": "/home/hrahimi/projects/POTENTIOSTAT_26/logs_hrahimi/logs0/Service91.log", "logFileSize": "123708"}
\o [2026-05-30 19:39:42.143 Z] [INFO] [cadence.virtuoso.ade.services.netlister] - Started netlisting {"point": 39, "testname": "TIA_Gain_Linearity"}
\o Resetting statistical vars
\o 
\o *Info*    Setting parameter values ...
\o 
\o Setting var temperature = "85"
\o Setting temp(T) = 85
\o 
\o *Info*    Netlist Directory =
\o           /home/hrahimi/projects/POTENTIOSTAT_26/Sim/Potentiostat_Top/top/maestro/results/maestro/Interactive.306/39/TIA_Gain_Linearity/netlist
\o 
\o 
\o *Info*    Data Directory    =
\o           /home/hrahimi/projects/POTENTIOSTAT_26/Sim/Potentiostat_Top/top/maestro/results/maestro/Interactive.306/39/TIA_Gain_Linearity
\o 
\o Reusing AHDL Data dir
\o generate netlist...
\o function ansCdlCompPrim redefined
\o Ignoring netlist creation since ignoreDesignChangesDuringRun is set to true
\o       ...successful.
\o compose simulator input file...
\o       ...successful.
\o WARNING (ADE-3080): Fast viewing extensions for PSF XL format (also known as RTSF) will be discontinued  
\o        and Virtuoso Visualization and Analysis XL will not use RTSF data to plot waveforms from IC6.1.8 ISR7 onward. 
\o        There will be no performance impact on data visualization due to this change.
\o [2026-05-30 19:39:43.443 Z] [PROCESS] [cadence.virtuoso.ade.services.netlister] - Current memory used: 798.4102 MBytes, peak memory used: 798.4102 MBytes {"hostname": "il2244vt26_hrahimi", "processid": 1068918, "testname": "TIA_Gain_Linearity", "point": 39, "logfile": "/home/hrahimi/projects/POTENTIOSTAT_26/logs_hrahimi/logs0/Service91.log"}
\o [2026-05-30 19:39:43.445 Z] [INFO] [cadence.virtuoso.ade.services.netlister] - Finished netlisting {"point": 39, "testname": "TIA_Gain_Linearity"}
\o [2026-05-30 19:39:43.448 Z] [EVENT] [cadence.virtuoso.ade.services.netlister] - NewPoint {"point": 40, "testname": "TIA_Gain_Linearity", "event": "NewPoint", "EventSource": "Netlist Service", "HistoryName": "Interactive.306", "logFile": "/home/hrahimi/projects/POTENTIOSTAT_26/logs_hrahimi/logs0/Service91.log", "logFileSize": "125765"}
\o [2026-05-30 19:39:43.449 Z] [INFO] [cadence.virtuoso.ade.services.netlister] - Started netlisting {"point": 40, "testname": "TIA_Gain_Linearity"}
\o Resetting statistical vars
\o 
\o *Info*    Setting parameter values ...
\o 
\o Setting var temperature = "-40"
\o Setting temp(T) = -40
\o Setting var vdd = "3.63"
\o 
\o *Info*    Netlist Directory =
\o           /home/hrahimi/projects/POTENTIOSTAT_26/Sim/Potentiostat_Top/top/maestro/results/maestro/Interactive.306/40/TIA_Gain_Linearity/netlist
\o 
\o 
\o *Info*    Data Directory    =
\o           /home/hrahimi/projects/POTENTIOSTAT_26/Sim/Potentiostat_Top/top/maestro/results/maestro/Interactive.306/40/TIA_Gain_Linearity
\o 
\o Reusing AHDL Data dir
\o generate netlist...
\o function ansCdlCompPrim redefined
\o Ignoring netlist creation since ignoreDesignChangesDuringRun is set to true
\o       ...successful.
\o compose simulator input file...
\o       ...successful.
\o WARNING (ADE-3080): Fast viewing extensions for PSF XL format (also known as RTSF) will be discontinued  
\o        and Virtuoso Visualization and Analysis XL will not use RTSF data to plot waveforms from IC6.1.8 ISR7 onward. 
\o        There will be no performance impact on data visualization due to this change.
\o [2026-05-30 19:39:45.008 Z] [PROCESS] [cadence.virtuoso.ade.services.netlister] - Current memory used: 798.4102 MBytes, peak memory used: 798.4102 MBytes {"hostname": "il2244vt26_hrahimi", "processid": 1068918, "testname": "TIA_Gain_Linearity", "point": 40, "logfile": "/home/hrahimi/projects/POTENTIOSTAT_26/logs_hrahimi/logs0/Service91.log"}
\o [2026-05-30 19:39:45.009 Z] [INFO] [cadence.virtuoso.ade.services.netlister] - Finished netlisting {"point": 40, "testname": "TIA_Gain_Linearity"}
\o [2026-05-30 19:39:45.015 Z] [EVENT] [cadence.virtuoso.ade.services.netlister] - NewPoint {"point": 41, "testname": "TIA_Gain_Linearity", "event": "NewPoint", "EventSource": "Netlist Service", "HistoryName": "Interactive.306", "logFile": "/home/hrahimi/projects/POTENTIOSTAT_26/logs_hrahimi/logs0/Service91.log", "logFileSize": "127852"}
\o [2026-05-30 19:39:45.016 Z] [INFO] [cadence.virtuoso.ade.services.netlister] - Started netlisting {"point": 41, "testname": "TIA_Gain_Linearity"}
\o Resetting statistical vars
\o 
\o *Info*    Setting parameter values ...
\o 
\o Setting var temperature = "85"
\o Setting temp(T) = 85
\o 
\o *Info*    Netlist Directory =
\o           /home/hrahimi/projects/POTENTIOSTAT_26/Sim/Potentiostat_Top/top/maestro/results/maestro/Interactive.306/41/TIA_Gain_Linearity/netlist
\o 
\o 
\o *Info*    Data Directory    =
\o           /home/hrahimi/projects/POTENTIOSTAT_26/Sim/Potentiostat_Top/top/maestro/results/maestro/Interactive.306/41/TIA_Gain_Linearity
\o 
\o Reusing AHDL Data dir
\o generate netlist...
\o function ansCdlCompPrim redefined
\o Ignoring netlist creation since ignoreDesignChangesDuringRun is set to true
\o       ...successful.
\o compose simulator input file...
\o       ...successful.
\o WARNING (ADE-3080): Fast viewing extensions for PSF XL format (also known as RTSF) will be discontinued  
\o        and Virtuoso Visualization and Analysis XL will not use RTSF data to plot waveforms from IC6.1.8 ISR7 onward. 
\o        There will be no performance impact on data visualization due to this change.
\o [2026-05-30 19:39:46.875 Z] [PROCESS] [cadence.virtuoso.ade.services.netlister] - Current memory used: 798.4102 MBytes, peak memory used: 798.4102 MBytes {"hostname": "il2244vt26_hrahimi", "processid": 1068918, "testname": "TIA_Gain_Linearity", "point": 41, "logfile": "/home/hrahimi/projects/POTENTIOSTAT_26/logs_hrahimi/logs0/Service91.log"}
\o [2026-05-30 19:39:46.877 Z] [INFO] [cadence.virtuoso.ade.services.netlister] - Finished netlisting {"point": 41, "testname": "TIA_Gain_Linearity"}
\o [2026-05-30 19:39:46.893 Z] [EVENT] [cadence.virtuoso.ade.services.netlister] - NewPoint {"point": 42, "testname": "TIA_Gain_Linearity", "event": "NewPoint", "EventSource": "Netlist Service", "HistoryName": "Interactive.306", "logFile": "/home/hrahimi/projects/POTENTIOSTAT_26/logs_hrahimi/logs0/Service91.log", "logFileSize": "129909"}
\o [2026-05-30 19:39:46.894 Z] [INFO] [cadence.virtuoso.ade.services.netlister] - Started netlisting {"point": 42, "testname": "TIA_Gain_Linearity"}
\o Resetting statistical vars
\o 
\o *Info*    Setting parameter values ...
\o 
\o Setting var temperature = "-40"
\o Setting temp(T) = -40
\o Setting var vdd = "2.97"
\o 
\o *Info*    Netlist Directory =
\o           /home/hrahimi/projects/POTENTIOSTAT_26/Sim/Potentiostat_Top/top/maestro/results/maestro/Interactive.306/42/TIA_Gain_Linearity/netlist
\o 
\o 
\o *Info*    Data Directory    =
\o           /home/hrahimi/projects/POTENTIOSTAT_26/Sim/Potentiostat_Top/top/maestro/results/maestro/Interactive.306/42/TIA_Gain_Linearity
\o 
\o Reusing AHDL Data dir
\o generate netlist...
\o function ansCdlCompPrim redefined
\o Ignoring netlist creation since ignoreDesignChangesDuringRun is set to true
\o       ...successful.
\o compose simulator input file...
\o       ...successful.
\o WARNING (ADE-3080): Fast viewing extensions for PSF XL format (also known as RTSF) will be discontinued  
\o        and Virtuoso Visualization and Analysis XL will not use RTSF data to plot waveforms from IC6.1.8 ISR7 onward. 
\o        There will be no performance impact on data visualization due to this change.
\o [2026-05-30 19:39:48.816 Z] [PROCESS] [cadence.virtuoso.ade.services.netlister] - Current memory used: 798.4102 MBytes, peak memory used: 798.4102 MBytes {"hostname": "il2244vt26_hrahimi", "processid": 1068918, "testname": "TIA_Gain_Linearity", "point": 42, "logfile": "/home/hrahimi/projects/POTENTIOSTAT_26/logs_hrahimi/logs0/Service91.log"}
\o [2026-05-30 19:39:48.817 Z] [INFO] [cadence.virtuoso.ade.services.netlister] - Finished netlisting {"point": 42, "testname": "TIA_Gain_Linearity"}
\o [2026-05-30 19:39:48.819 Z] [EVENT] [cadence.virtuoso.ade.services.netlister] - NewPoint {"point": 43, "testname": "TIA_Gain_Linearity", "event": "NewPoint", "EventSource": "Netlist Service", "HistoryName": "Interactive.306", "logFile": "/home/hrahimi/projects/POTENTIOSTAT_26/logs_hrahimi/logs0/Service91.log", "logFileSize": "131996"}
\o [2026-05-30 19:39:48.820 Z] [INFO] [cadence.virtuoso.ade.services.netlister] - Started netlisting {"point": 43, "testname": "TIA_Gain_Linearity"}
\o Resetting statistical vars
\o 
\o *Info*    Setting parameter values ...
\o 
\o Setting var temperature = "85"
\o Setting temp(T) = 85
\o 
\o *Info*    Netlist Directory =
\o           /home/hrahimi/projects/POTENTIOSTAT_26/Sim/Potentiostat_Top/top/maestro/results/maestro/Interactive.306/43/TIA_Gain_Linearity/netlist
\o 
\o 
\o *Info*    Data Directory    =
\o           /home/hrahimi/projects/POTENTIOSTAT_26/Sim/Potentiostat_Top/top/maestro/results/maestro/Interactive.306/43/TIA_Gain_Linearity
\o 
\o Reusing AHDL Data dir
\o generate netlist...
\o function ansCdlCompPrim redefined
\o Ignoring netlist creation since ignoreDesignChangesDuringRun is set to true
\o       ...successful.
\o compose simulator input file...
\o       ...successful.
\o WARNING (ADE-3080): Fast viewing extensions for PSF XL format (also known as RTSF) will be discontinued  
\o        and Virtuoso Visualization and Analysis XL will not use RTSF data to plot waveforms from IC6.1.8 ISR7 onward. 
\o        There will be no performance impact on data visualization due to this change.
\o [2026-05-30 19:39:50.822 Z] [PROCESS] [cadence.virtuoso.ade.services.netlister] - Current memory used: 798.4102 MBytes, peak memory used: 798.4102 MBytes {"hostname": "il2244vt26_hrahimi", "processid": 1068918, "testname": "TIA_Gain_Linearity", "point": 43, "logfile": "/home/hrahimi/projects/POTENTIOSTAT_26/logs_hrahimi/logs0/Service91.log"}
\o [2026-05-30 19:39:50.823 Z] [INFO] [cadence.virtuoso.ade.services.netlister] - Finished netlisting {"point": 43, "testname": "TIA_Gain_Linearity"}
\o [2026-05-30 19:39:50.827 Z] [EVENT] [cadence.virtuoso.ade.services.netlister] - NewPoint {"point": 44, "testname": "TIA_Gain_Linearity", "event": "NewPoint", "EventSource": "Netlist Service", "HistoryName": "Interactive.306", "logFile": "/home/hrahimi/projects/POTENTIOSTAT_26/logs_hrahimi/logs0/Service91.log", "logFileSize": "134053"}
\o [2026-05-30 19:39:50.827 Z] [INFO] [cadence.virtuoso.ade.services.netlister] - Started netlisting {"point": 44, "testname": "TIA_Gain_Linearity"}
\o Resetting statistical vars
\o 
\o *Info*    Setting parameter values ...
\o 
\o Setting var temperature = "-40"
\o Setting temp(T) = -40
\o Setting var vdd = "3.63"
\o 
\o *Info*    Netlist Directory =
\o           /home/hrahimi/projects/POTENTIOSTAT_26/Sim/Potentiostat_Top/top/maestro/results/maestro/Interactive.306/44/TIA_Gain_Linearity/netlist
\o 
\o 
\o *Info*    Data Directory    =
\o           /home/hrahimi/projects/POTENTIOSTAT_26/Sim/Potentiostat_Top/top/maestro/results/maestro/Interactive.306/44/TIA_Gain_Linearity
\o 
\o Reusing AHDL Data dir
\o generate netlist...
\o function ansCdlCompPrim redefined
\o Ignoring netlist creation since ignoreDesignChangesDuringRun is set to true
\o       ...successful.
\o compose simulator input file...
\o       ...successful.
\o WARNING (ADE-3080): Fast viewing extensions for PSF XL format (also known as RTSF) will be discontinued  
\o        and Virtuoso Visualization and Analysis XL will not use RTSF data to plot waveforms from IC6.1.8 ISR7 onward. 
\o        There will be no performance impact on data visualization due to this change.
\o [2026-05-30 19:39:52.655 Z] [PROCESS] [cadence.virtuoso.ade.services.netlister] - Current memory used: 798.4102 MBytes, peak memory used: 798.4102 MBytes {"hostname": "il2244vt26_hrahimi", "processid": 1068918, "testname": "TIA_Gain_Linearity", "point": 44, "logfile": "/home/hrahimi/projects/POTENTIOSTAT_26/logs_hrahimi/logs0/Service91.log"}
\o [2026-05-30 19:39:52.658 Z] [INFO] [cadence.virtuoso.ade.services.netlister] - Finished netlisting {"point": 44, "testname": "TIA_Gain_Linearity"}
\o [2026-05-30 19:39:52.665 Z] [EVENT] [cadence.virtuoso.ade.services.netlister] - NewPoint {"point": 45, "testname": "TIA_Gain_Linearity", "event": "NewPoint", "EventSource": "Netlist Service", "HistoryName": "Interactive.306", "logFile": "/home/hrahimi/projects/POTENTIOSTAT_26/logs_hrahimi/logs0/Service91.log", "logFileSize": "136140"}
\o [2026-05-30 19:39:52.666 Z] [INFO] [cadence.virtuoso.ade.services.netlister] - Started netlisting {"point": 45, "testname": "TIA_Gain_Linearity"}
\o Resetting statistical vars
\o 
\o *Info*    Setting parameter values ...
\o 
\o Setting var temperature = "85"
\o Setting temp(T) = 85
\o 
\o *Info*    Netlist Directory =
\o           /home/hrahimi/projects/POTENTIOSTAT_26/Sim/Potentiostat_Top/top/maestro/results/maestro/Interactive.306/45/TIA_Gain_Linearity/netlist
\o 
\o 
\o *Info*    Data Directory    =
\o           /home/hrahimi/projects/POTENTIOSTAT_26/Sim/Potentiostat_Top/top/maestro/results/maestro/Interactive.306/45/TIA_Gain_Linearity
\o 
\o Reusing AHDL Data dir
\o generate netlist...
\o function ansCdlCompPrim redefined
\o Ignoring netlist creation since ignoreDesignChangesDuringRun is set to true
\o       ...successful.
\o compose simulator input file...
\o       ...successful.
\o WARNING (ADE-3080): Fast viewing extensions for PSF XL format (also known as RTSF) will be discontinued  
\o        and Virtuoso Visualization and Analysis XL will not use RTSF data to plot waveforms from IC6.1.8 ISR7 onward. 
\o        There will be no performance impact on data visualization due to this change.
\o [2026-05-30 19:39:54.547 Z] [PROCESS] [cadence.virtuoso.ade.services.netlister] - Current memory used: 798.4102 MBytes, peak memory used: 798.4102 MBytes {"hostname": "il2244vt26_hrahimi", "processid": 1068918, "testname": "TIA_Gain_Linearity", "point": 45, "logfile": "/home/hrahimi/projects/POTENTIOSTAT_26/logs_hrahimi/logs0/Service91.log"}
\o [2026-05-30 19:39:54.549 Z] [INFO] [cadence.virtuoso.ade.services.netlister] - Finished netlisting {"point": 45, "testname": "TIA_Gain_Linearity"}
\o [2026-05-30 19:39:54.552 Z] [EVENT] [cadence.virtuoso.ade.services.netlister] - NewPoint {"point": 46, "testname": "TIA_Gain_Linearity", "event": "NewPoint", "EventSource": "Netlist Service", "HistoryName": "Interactive.306", "logFile": "/home/hrahimi/projects/POTENTIOSTAT_26/logs_hrahimi/logs0/Service91.log", "logFileSize": "138197"}
\o [2026-05-30 19:39:54.552 Z] [INFO] [cadence.virtuoso.ade.services.netlister] - Started netlisting {"point": 46, "testname": "TIA_Gain_Linearity"}
\o Resetting statistical vars
\o 
\o *Info*    Setting parameter values ...
\o 
\o Setting var temperature = "-40"
\o Setting temp(T) = -40
\o Setting var vdd = "2.97"
\o 
\o *Info*    Netlist Directory =
\o           /home/hrahimi/projects/POTENTIOSTAT_26/Sim/Potentiostat_Top/top/maestro/results/maestro/Interactive.306/46/TIA_Gain_Linearity/netlist
\o 
\o 
\o *Info*    Data Directory    =
\o           /home/hrahimi/projects/POTENTIOSTAT_26/Sim/Potentiostat_Top/top/maestro/results/maestro/Interactive.306/46/TIA_Gain_Linearity
\o 
\o Reusing AHDL Data dir
\o generate netlist...
\o function ansCdlCompPrim redefined
\o Ignoring netlist creation since ignoreDesignChangesDuringRun is set to true
\o       ...successful.
\o compose simulator input file...
\o       ...successful.
\o WARNING (ADE-3080): Fast viewing extensions for PSF XL format (also known as RTSF) will be discontinued  
\o        and Virtuoso Visualization and Analysis XL will not use RTSF data to plot waveforms from IC6.1.8 ISR7 onward. 
\o        There will be no performance impact on data visualization due to this change.
\o [2026-05-30 19:39:56.539 Z] [PROCESS] [cadence.virtuoso.ade.services.netlister] - Current memory used: 798.4102 MBytes, peak memory used: 798.4102 MBytes {"hostname": "il2244vt26_hrahimi", "processid": 1068918, "testname": "TIA_Gain_Linearity", "point": 46, "logfile": "/home/hrahimi/projects/POTENTIOSTAT_26/logs_hrahimi/logs0/Service91.log"}
\o [2026-05-30 19:39:56.540 Z] [INFO] [cadence.virtuoso.ade.services.netlister] - Finished netlisting {"point": 46, "testname": "TIA_Gain_Linearity"}
\o [2026-05-30 19:39:56.544 Z] [EVENT] [cadence.virtuoso.ade.services.netlister] - NewPoint {"point": 47, "testname": "TIA_Gain_Linearity", "event": "NewPoint", "EventSource": "Netlist Service", "HistoryName": "Interactive.306", "logFile": "/home/hrahimi/projects/POTENTIOSTAT_26/logs_hrahimi/logs0/Service91.log", "logFileSize": "140284"}
\o [2026-05-30 19:39:56.545 Z] [INFO] [cadence.virtuoso.ade.services.netlister] - Started netlisting {"point": 47, "testname": "TIA_Gain_Linearity"}
\o Resetting statistical vars
\o 
\o *Info*    Setting parameter values ...
\o 
\o Setting var temperature = "85"
\o Setting temp(T) = 85
\o 
\o *Info*    Netlist Directory =
\o           /home/hrahimi/projects/POTENTIOSTAT_26/Sim/Potentiostat_Top/top/maestro/results/maestro/Interactive.306/47/TIA_Gain_Linearity/netlist
\o 
\o 
\o *Info*    Data Directory    =
\o           /home/hrahimi/projects/POTENTIOSTAT_26/Sim/Potentiostat_Top/top/maestro/results/maestro/Interactive.306/47/TIA_Gain_Linearity
\o 
\o Reusing AHDL Data dir
\o generate netlist...
\o function ansCdlCompPrim redefined
\o Ignoring netlist creation since ignoreDesignChangesDuringRun is set to true
\o       ...successful.
\o compose simulator input file...
\o       ...successful.
\o WARNING (ADE-3080): Fast viewing extensions for PSF XL format (also known as RTSF) will be discontinued  
\o        and Virtuoso Visualization and Analysis XL will not use RTSF data to plot waveforms from IC6.1.8 ISR7 onward. 
\o        There will be no performance impact on data visualization due to this change.
\o [2026-05-30 19:39:58.319 Z] [PROCESS] [cadence.virtuoso.ade.services.netlister] - Current memory used: 798.4102 MBytes, peak memory used: 798.4102 MBytes {"hostname": "il2244vt26_hrahimi", "processid": 1068918, "testname": "TIA_Gain_Linearity", "point": 47, "logfile": "/home/hrahimi/projects/POTENTIOSTAT_26/logs_hrahimi/logs0/Service91.log"}
\o [2026-05-30 19:39:58.320 Z] [INFO] [cadence.virtuoso.ade.services.netlister] - Finished netlisting {"point": 47, "testname": "TIA_Gain_Linearity"}
\o [2026-05-30 19:39:58.324 Z] [EVENT] [cadence.virtuoso.ade.services.netlister] - NewPoint {"point": 48, "testname": "TIA_Gain_Linearity", "event": "NewPoint", "EventSource": "Netlist Service", "HistoryName": "Interactive.306", "logFile": "/home/hrahimi/projects/POTENTIOSTAT_26/logs_hrahimi/logs0/Service91.log", "logFileSize": "142341"}
\o [2026-05-30 19:39:58.325 Z] [INFO] [cadence.virtuoso.ade.services.netlister] - Started netlisting {"point": 48, "testname": "TIA_Gain_Linearity"}
\o Resetting statistical vars
\o 
\o *Info*    Setting parameter values ...
\o 
\o Setting var temperature = "-40"
\o Setting temp(T) = -40
\o Setting var vdd = "3.63"
\o 
\o *Info*    Netlist Directory =
\o           /home/hrahimi/projects/POTENTIOSTAT_26/Sim/Potentiostat_Top/top/maestro/results/maestro/Interactive.306/48/TIA_Gain_Linearity/netlist
\o 
\o 
\o *Info*    Data Directory    =
\o           /home/hrahimi/projects/POTENTIOSTAT_26/Sim/Potentiostat_Top/top/maestro/results/maestro/Interactive.306/48/TIA_Gain_Linearity
\o 
\o Reusing AHDL Data dir
\o generate netlist...
\o function ansCdlCompPrim redefined
\o Ignoring netlist creation since ignoreDesignChangesDuringRun is set to true
\o       ...successful.
\o compose simulator input file...
\o       ...successful.
\o WARNING (ADE-3080): Fast viewing extensions for PSF XL format (also known as RTSF) will be discontinued  
\o        and Virtuoso Visualization and Analysis XL will not use RTSF data to plot waveforms from IC6.1.8 ISR7 onward. 
\o        There will be no performance impact on data visualization due to this change.
\o [2026-05-30 19:39:59.843 Z] [PROCESS] [cadence.virtuoso.ade.services.netlister] - Current memory used: 798.4102 MBytes, peak memory used: 798.4102 MBytes {"hostname": "il2244vt26_hrahimi", "processid": 1068918, "testname": "TIA_Gain_Linearity", "point": 48, "logfile": "/home/hrahimi/projects/POTENTIOSTAT_26/logs_hrahimi/logs0/Service91.log"}
\o [2026-05-30 19:39:59.844 Z] [INFO] [cadence.virtuoso.ade.services.netlister] - Finished netlisting {"point": 48, "testname": "TIA_Gain_Linearity"}
\o [2026-05-30 19:39:59.848 Z] [EVENT] [cadence.virtuoso.ade.services.netlister] - NewPoint {"point": 49, "testname": "TIA_Gain_Linearity", "event": "NewPoint", "EventSource": "Netlist Service", "HistoryName": "Interactive.306", "logFile": "/home/hrahimi/projects/POTENTIOSTAT_26/logs_hrahimi/logs0/Service91.log", "logFileSize": "144428"}
\o [2026-05-30 19:39:59.848 Z] [INFO] [cadence.virtuoso.ade.services.netlister] - Started netlisting {"point": 49, "testname": "TIA_Gain_Linearity"}
\o Resetting statistical vars
\o 
\o *Info*    Setting parameter values ...
\o 
\o Setting var temperature = "85"
\o Setting temp(T) = 85
\o 
\o *Info*    Netlist Directory =
\o           /home/hrahimi/projects/POTENTIOSTAT_26/Sim/Potentiostat_Top/top/maestro/results/maestro/Interactive.306/49/TIA_Gain_Linearity/netlist
\o 
\o 
\o *Info*    Data Directory    =
\o           /home/hrahimi/projects/POTENTIOSTAT_26/Sim/Potentiostat_Top/top/maestro/results/maestro/Interactive.306/49/TIA_Gain_Linearity
\o 
\o Reusing AHDL Data dir
\o generate netlist...
\o function ansCdlCompPrim redefined
\o Ignoring netlist creation since ignoreDesignChangesDuringRun is set to true
\o       ...successful.
\o compose simulator input file...
\o       ...successful.
\o WARNING (ADE-3080): Fast viewing extensions for PSF XL format (also known as RTSF) will be discontinued  
\o        and Virtuoso Visualization and Analysis XL will not use RTSF data to plot waveforms from IC6.1.8 ISR7 onward. 
\o        There will be no performance impact on data visualization due to this change.
\o [2026-05-30 19:40:02.071 Z] [PROCESS] [cadence.virtuoso.ade.services.netlister] - Current memory used: 798.4102 MBytes, peak memory used: 798.4102 MBytes {"hostname": "il2244vt26_hrahimi", "processid": 1068918, "testname": "TIA_Gain_Linearity", "point": 49, "logfile": "/home/hrahimi/projects/POTENTIOSTAT_26/logs_hrahimi/logs0/Service91.log"}
\o [2026-05-30 19:40:02.072 Z] [INFO] [cadence.virtuoso.ade.services.netlister] - Finished netlisting {"point": 49, "testname": "TIA_Gain_Linearity"}
\o [2026-05-30 19:40:02.076 Z] [EVENT] [cadence.virtuoso.ade.services.netlister] - NewPoint {"point": 50, "testname": "TIA_Gain_Linearity", "event": "NewPoint", "EventSource": "Netlist Service", "HistoryName": "Interactive.306", "logFile": "/home/hrahimi/projects/POTENTIOSTAT_26/logs_hrahimi/logs0/Service91.log", "logFileSize": "146485"}
\o [2026-05-30 19:40:02.077 Z] [INFO] [cadence.virtuoso.ade.services.netlister] - Started netlisting {"point": 50, "testname": "TIA_Gain_Linearity"}
\o Resetting statistical vars
\o 
\o *Info*    Setting parameter values ...
\o 
\o Setting var temperature = "-40"
\o Setting temp(T) = -40
\o Setting var vdd = "2.97"
\o 
\o *Info*    Netlist Directory =
\o           /home/hrahimi/projects/POTENTIOSTAT_26/Sim/Potentiostat_Top/top/maestro/results/maestro/Interactive.306/50/TIA_Gain_Linearity/netlist
\o 
\o 
\o *Info*    Data Directory    =
\o           /home/hrahimi/projects/POTENTIOSTAT_26/Sim/Potentiostat_Top/top/maestro/results/maestro/Interactive.306/50/TIA_Gain_Linearity
\o 
\o Reusing AHDL Data dir
\o generate netlist...
\o function ansCdlCompPrim redefined
\o Ignoring netlist creation since ignoreDesignChangesDuringRun is set to true
\o       ...successful.
\o compose simulator input file...
\o       ...successful.
\o WARNING (ADE-3080): Fast viewing extensions for PSF XL format (also known as RTSF) will be discontinued  
\o        and Virtuoso Visualization and Analysis XL will not use RTSF data to plot waveforms from IC6.1.8 ISR7 onward. 
\o        There will be no performance impact on data visualization due to this change.
\o [2026-05-30 19:40:04.261 Z] [PROCESS] [cadence.virtuoso.ade.services.netlister] - Current memory used: 798.4102 MBytes, peak memory used: 798.4102 MBytes {"hostname": "il2244vt26_hrahimi", "processid": 1068918, "testname": "TIA_Gain_Linearity", "point": 50, "logfile": "/home/hrahimi/projects/POTENTIOSTAT_26/logs_hrahimi/logs0/Service91.log"}
\o [2026-05-30 19:40:04.263 Z] [INFO] [cadence.virtuoso.ade.services.netlister] - Finished netlisting {"point": 50, "testname": "TIA_Gain_Linearity"}
\o [2026-05-30 19:40:04.268 Z] [EVENT] [cadence.virtuoso.ade.services.netlister] - NewPoint {"point": 51, "testname": "TIA_Gain_Linearity", "event": "NewPoint", "EventSource": "Netlist Service", "HistoryName": "Interactive.306", "logFile": "/home/hrahimi/projects/POTENTIOSTAT_26/logs_hrahimi/logs0/Service91.log", "logFileSize": "148572"}
\o [2026-05-30 19:40:04.269 Z] [INFO] [cadence.virtuoso.ade.services.netlister] - Started netlisting {"point": 51, "testname": "TIA_Gain_Linearity"}
\o Resetting statistical vars
\o 
\o *Info*    Setting parameter values ...
\o 
\o Setting var temperature = "85"
\o Setting temp(T) = 85
\o 
\o *Info*    Netlist Directory =
\o           /home/hrahimi/projects/POTENTIOSTAT_26/Sim/Potentiostat_Top/top/maestro/results/maestro/Interactive.306/51/TIA_Gain_Linearity/netlist
\o 
\o 
\o *Info*    Data Directory    =
\o           /home/hrahimi/projects/POTENTIOSTAT_26/Sim/Potentiostat_Top/top/maestro/results/maestro/Interactive.306/51/TIA_Gain_Linearity
\o 
\o Reusing AHDL Data dir
\o generate netlist...
\o function ansCdlCompPrim redefined
\o Ignoring netlist creation since ignoreDesignChangesDuringRun is set to true
\o       ...successful.
\o compose simulator input file...
\o       ...successful.
\o WARNING (ADE-3080): Fast viewing extensions for PSF XL format (also known as RTSF) will be discontinued  
\o        and Virtuoso Visualization and Analysis XL will not use RTSF data to plot waveforms from IC6.1.8 ISR7 onward. 
\o        There will be no performance impact on data visualization due to this change.
\o [2026-05-30 19:40:06.297 Z] [PROCESS] [cadence.virtuoso.ade.services.netlister] - Current memory used: 798.4102 MBytes, peak memory used: 798.4102 MBytes {"hostname": "il2244vt26_hrahimi", "processid": 1068918, "testname": "TIA_Gain_Linearity", "point": 51, "logfile": "/home/hrahimi/projects/POTENTIOSTAT_26/logs_hrahimi/logs0/Service91.log"}
\o [2026-05-30 19:40:06.300 Z] [INFO] [cadence.virtuoso.ade.services.netlister] - Finished netlisting {"point": 51, "testname": "TIA_Gain_Linearity"}
\o [2026-05-30 19:40:06.304 Z] [EVENT] [cadence.virtuoso.ade.services.netlister] - NewPoint {"point": 52, "testname": "TIA_Gain_Linearity", "event": "NewPoint", "EventSource": "Netlist Service", "HistoryName": "Interactive.306", "logFile": "/home/hrahimi/projects/POTENTIOSTAT_26/logs_hrahimi/logs0/Service91.log", "logFileSize": "150629"}
\o [2026-05-30 19:40:06.304 Z] [INFO] [cadence.virtuoso.ade.services.netlister] - Started netlisting {"point": 52, "testname": "TIA_Gain_Linearity"}
\o Resetting statistical vars
\o 
\o *Info*    Setting parameter values ...
\o 
\o Setting var temperature = "-40"
\o Setting temp(T) = -40
\o Setting var vdd = "3.63"
\o 
\o *Info*    Netlist Directory =
\o           /home/hrahimi/projects/POTENTIOSTAT_26/Sim/Potentiostat_Top/top/maestro/results/maestro/Interactive.306/52/TIA_Gain_Linearity/netlist
\o 
\o 
\o *Info*    Data Directory    =
\o           /home/hrahimi/projects/POTENTIOSTAT_26/Sim/Potentiostat_Top/top/maestro/results/maestro/Interactive.306/52/TIA_Gain_Linearity
\o 
\o Reusing AHDL Data dir
\o generate netlist...
\o function ansCdlCompPrim redefined
\o Ignoring netlist creation since ignoreDesignChangesDuringRun is set to true
\o       ...successful.
\o compose simulator input file...
\o       ...successful.
\o WARNING (ADE-3080): Fast viewing extensions for PSF XL format (also known as RTSF) will be discontinued  
\o        and Virtuoso Visualization and Analysis XL will not use RTSF data to plot waveforms from IC6.1.8 ISR7 onward. 
\o        There will be no performance impact on data visualization due to this change.
\o [2026-05-30 19:40:07.878 Z] [PROCESS] [cadence.virtuoso.ade.services.netlister] - Current memory used: 798.4102 MBytes, peak memory used: 798.4102 MBytes {"hostname": "il2244vt26_hrahimi", "processid": 1068918, "testname": "TIA_Gain_Linearity", "point": 52, "logfile": "/home/hrahimi/projects/POTENTIOSTAT_26/logs_hrahimi/logs0/Service91.log"}
\o [2026-05-30 19:40:07.879 Z] [INFO] [cadence.virtuoso.ade.services.netlister] - Finished netlisting {"point": 52, "testname": "TIA_Gain_Linearity"}
\o [2026-05-30 19:40:07.890 Z] [EVENT] [cadence.virtuoso.ade.services.netlister] - NewPoint {"point": 53, "testname": "TIA_Gain_Linearity", "event": "NewPoint", "EventSource": "Netlist Service", "HistoryName": "Interactive.306", "logFile": "/home/hrahimi/projects/POTENTIOSTAT_26/logs_hrahimi/logs0/Service91.log", "logFileSize": "152716"}
\o [2026-05-30 19:40:07.891 Z] [INFO] [cadence.virtuoso.ade.services.netlister] - Started netlisting {"point": 53, "testname": "TIA_Gain_Linearity"}
\o Resetting statistical vars
\o 
\o *Info*    Setting parameter values ...
\o 
\o Setting var temperature = "85"
\o Setting temp(T) = 85
\o 
\o *Info*    Netlist Directory =
\o           /home/hrahimi/projects/POTENTIOSTAT_26/Sim/Potentiostat_Top/top/maestro/results/maestro/Interactive.306/53/TIA_Gain_Linearity/netlist
\o 
\o 
\o *Info*    Data Directory    =
\o           /home/hrahimi/projects/POTENTIOSTAT_26/Sim/Potentiostat_Top/top/maestro/results/maestro/Interactive.306/53/TIA_Gain_Linearity
\o 
\o Reusing AHDL Data dir
\o generate netlist...
\o function ansCdlCompPrim redefined
\o Ignoring netlist creation since ignoreDesignChangesDuringRun is set to true
\o       ...successful.
\o compose simulator input file...
\o       ...successful.
\o WARNING (ADE-3080): Fast viewing extensions for PSF XL format (also known as RTSF) will be discontinued  
\o        and Virtuoso Visualization and Analysis XL will not use RTSF data to plot waveforms from IC6.1.8 ISR7 onward. 
\o        There will be no performance impact on data visualization due to this change.
\o [2026-05-30 19:40:09.433 Z] [PROCESS] [cadence.virtuoso.ade.services.netlister] - Current memory used: 798.4102 MBytes, peak memory used: 798.4102 MBytes {"hostname": "il2244vt26_hrahimi", "processid": 1068918, "testname": "TIA_Gain_Linearity", "point": 53, "logfile": "/home/hrahimi/projects/POTENTIOSTAT_26/logs_hrahimi/logs0/Service91.log"}
\o [2026-05-30 19:40:09.434 Z] [INFO] [cadence.virtuoso.ade.services.netlister] - Finished netlisting {"point": 53, "testname": "TIA_Gain_Linearity"}
\o [2026-05-30 19:40:09.438 Z] [EVENT] [cadence.virtuoso.ade.services.netlister] - NewPoint {"point": 54, "testname": "TIA_Gain_Linearity", "event": "NewPoint", "EventSource": "Netlist Service", "HistoryName": "Interactive.306", "logFile": "/home/hrahimi/projects/POTENTIOSTAT_26/logs_hrahimi/logs0/Service91.log", "logFileSize": "154773"}
\o [2026-05-30 19:40:09.438 Z] [INFO] [cadence.virtuoso.ade.services.netlister] - Started netlisting {"point": 54, "testname": "TIA_Gain_Linearity"}
\o Resetting statistical vars
\o 
\o *Info*    Setting parameter values ...
\o 
\o Setting var temperature = "-40"
\o Setting temp(T) = -40
\o Setting var vdd = "2.97"
\o 
\o *Info*    Netlist Directory =
\o           /home/hrahimi/projects/POTENTIOSTAT_26/Sim/Potentiostat_Top/top/maestro/results/maestro/Interactive.306/54/TIA_Gain_Linearity/netlist
\o 
\o 
\o *Info*    Data Directory    =
\o           /home/hrahimi/projects/POTENTIOSTAT_26/Sim/Potentiostat_Top/top/maestro/results/maestro/Interactive.306/54/TIA_Gain_Linearity
\o 
\o Reusing AHDL Data dir
\o generate netlist...
\o function ansCdlCompPrim redefined
\o Ignoring netlist creation since ignoreDesignChangesDuringRun is set to true
\o       ...successful.
\o compose simulator input file...
\o       ...successful.
\o WARNING (ADE-3080): Fast viewing extensions for PSF XL format (also known as RTSF) will be discontinued  
\o        and Virtuoso Visualization and Analysis XL will not use RTSF data to plot waveforms from IC6.1.8 ISR7 onward. 
\o        There will be no performance impact on data visualization due to this change.
\o [2026-05-30 19:40:11.090 Z] [PROCESS] [cadence.virtuoso.ade.services.netlister] - Current memory used: 798.4102 MBytes, peak memory used: 798.4102 MBytes {"hostname": "il2244vt26_hrahimi", "processid": 1068918, "testname": "TIA_Gain_Linearity", "point": 54, "logfile": "/home/hrahimi/projects/POTENTIOSTAT_26/logs_hrahimi/logs0/Service91.log"}
\o [2026-05-30 19:40:11.092 Z] [INFO] [cadence.virtuoso.ade.services.netlister] - Finished netlisting {"point": 54, "testname": "TIA_Gain_Linearity"}
\o [2026-05-30 19:40:11.097 Z] [EVENT] [cadence.virtuoso.ade.services.netlister] - NewPoint {"point": 55, "testname": "TIA_Gain_Linearity", "event": "NewPoint", "EventSource": "Netlist Service", "HistoryName": "Interactive.306", "logFile": "/home/hrahimi/projects/POTENTIOSTAT_26/logs_hrahimi/logs0/Service91.log", "logFileSize": "156860"}
\o [2026-05-30 19:40:11.100 Z] [INFO] [cadence.virtuoso.ade.services.netlister] - Started netlisting {"point": 55, "testname": "TIA_Gain_Linearity"}
\o Resetting statistical vars
\o 
\o *Info*    Setting parameter values ...
\o 
\o Setting var temperature = "85"
\o Setting temp(T) = 85
\o 
\o *Info*    Netlist Directory =
\o           /home/hrahimi/projects/POTENTIOSTAT_26/Sim/Potentiostat_Top/top/maestro/results/maestro/Interactive.306/55/TIA_Gain_Linearity/netlist
\o 
\o 
\o *Info*    Data Directory    =
\o           /home/hrahimi/projects/POTENTIOSTAT_26/Sim/Potentiostat_Top/top/maestro/results/maestro/Interactive.306/55/TIA_Gain_Linearity
\o 
\o Reusing AHDL Data dir
\o generate netlist...
\o function ansCdlCompPrim redefined
\o Ignoring netlist creation since ignoreDesignChangesDuringRun is set to true
\o       ...successful.
\o compose simulator input file...
\o       ...successful.
\o WARNING (ADE-3080): Fast viewing extensions for PSF XL format (also known as RTSF) will be discontinued  
\o        and Virtuoso Visualization and Analysis XL will not use RTSF data to plot waveforms from IC6.1.8 ISR7 onward. 
\o        There will be no performance impact on data visualization due to this change.
\o [2026-05-30 19:40:12.544 Z] [PROCESS] [cadence.virtuoso.ade.services.netlister] - Current memory used: 798.4102 MBytes, peak memory used: 798.4102 MBytes {"hostname": "il2244vt26_hrahimi", "processid": 1068918, "testname": "TIA_Gain_Linearity", "point": 55, "logfile": "/home/hrahimi/projects/POTENTIOSTAT_26/logs_hrahimi/logs0/Service91.log"}
\o [2026-05-30 19:40:12.545 Z] [INFO] [cadence.virtuoso.ade.services.netlister] - Finished netlisting {"point": 55, "testname": "TIA_Gain_Linearity"}
\o [2026-05-30 19:40:12.548 Z] [EVENT] [cadence.virtuoso.ade.services.netlister] - NewPoint {"point": 56, "testname": "TIA_Gain_Linearity", "event": "NewPoint", "EventSource": "Netlist Service", "HistoryName": "Interactive.306", "logFile": "/home/hrahimi/projects/POTENTIOSTAT_26/logs_hrahimi/logs0/Service91.log", "logFileSize": "158917"}
\o [2026-05-30 19:40:12.548 Z] [INFO] [cadence.virtuoso.ade.services.netlister] - Started netlisting {"point": 56, "testname": "TIA_Gain_Linearity"}
\o Resetting statistical vars
\o 
\o *Info*    Setting parameter values ...
\o 
\o Setting var temperature = "-40"
\o Setting temp(T) = -40
\o Setting var vdd = "3.63"
\o 
\o *Info*    Netlist Directory =
\o           /home/hrahimi/projects/POTENTIOSTAT_26/Sim/Potentiostat_Top/top/maestro/results/maestro/Interactive.306/56/TIA_Gain_Linearity/netlist
\o 
\o 
\o *Info*    Data Directory    =
\o           /home/hrahimi/projects/POTENTIOSTAT_26/Sim/Potentiostat_Top/top/maestro/results/maestro/Interactive.306/56/TIA_Gain_Linearity
\o 
\o Reusing AHDL Data dir
\o generate netlist...
\o function ansCdlCompPrim redefined
\o Ignoring netlist creation since ignoreDesignChangesDuringRun is set to true
\o       ...successful.
\o compose simulator input file...
\o       ...successful.
\o WARNING (ADE-3080): Fast viewing extensions for PSF XL format (also known as RTSF) will be discontinued  
\o        and Virtuoso Visualization and Analysis XL will not use RTSF data to plot waveforms from IC6.1.8 ISR7 onward. 
\o        There will be no performance impact on data visualization due to this change.
\o [2026-05-30 19:40:13.888 Z] [PROCESS] [cadence.virtuoso.ade.services.netlister] - Current memory used: 798.4102 MBytes, peak memory used: 798.4102 MBytes {"hostname": "il2244vt26_hrahimi", "processid": 1068918, "testname": "TIA_Gain_Linearity", "point": 56, "logfile": "/home/hrahimi/projects/POTENTIOSTAT_26/logs_hrahimi/logs0/Service91.log"}
\o [2026-05-30 19:40:13.889 Z] [INFO] [cadence.virtuoso.ade.services.netlister] - Finished netlisting {"point": 56, "testname": "TIA_Gain_Linearity"}
\o [2026-05-30 19:40:13.897 Z] [EVENT] [cadence.virtuoso.ade.services.netlister] - NewPoint {"point": 57, "testname": "TIA_Gain_Linearity", "event": "NewPoint", "EventSource": "Netlist Service", "HistoryName": "Interactive.306", "logFile": "/home/hrahimi/projects/POTENTIOSTAT_26/logs_hrahimi/logs0/Service91.log", "logFileSize": "161004"}
\o [2026-05-30 19:40:13.898 Z] [INFO] [cadence.virtuoso.ade.services.netlister] - Started netlisting {"point": 57, "testname": "TIA_Gain_Linearity"}
\o Resetting statistical vars
\o 
\o *Info*    Setting parameter values ...
\o 
\o Setting var temperature = "85"
\o Setting temp(T) = 85
\o 
\o *Info*    Netlist Directory =
\o           /home/hrahimi/projects/POTENTIOSTAT_26/Sim/Potentiostat_Top/top/maestro/results/maestro/Interactive.306/57/TIA_Gain_Linearity/netlist
\o 
\o 
\o *Info*    Data Directory    =
\o           /home/hrahimi/projects/POTENTIOSTAT_26/Sim/Potentiostat_Top/top/maestro/results/maestro/Interactive.306/57/TIA_Gain_Linearity
\o 
\o Reusing AHDL Data dir
\o generate netlist...
\o function ansCdlCompPrim redefined
\o Ignoring netlist creation since ignoreDesignChangesDuringRun is set to true
\o       ...successful.
\o compose simulator input file...
\o       ...successful.
\o WARNING (ADE-3080): Fast viewing extensions for PSF XL format (also known as RTSF) will be discontinued  
\o        and Virtuoso Visualization and Analysis XL will not use RTSF data to plot waveforms from IC6.1.8 ISR7 onward. 
\o        There will be no performance impact on data visualization due to this change.
\o [2026-05-30 19:40:15.293 Z] [PROCESS] [cadence.virtuoso.ade.services.netlister] - Current memory used: 798.4102 MBytes, peak memory used: 798.4102 MBytes {"hostname": "il2244vt26_hrahimi", "processid": 1068918, "testname": "TIA_Gain_Linearity", "point": 57, "logfile": "/home/hrahimi/projects/POTENTIOSTAT_26/logs_hrahimi/logs0/Service91.log"}
\o [2026-05-30 19:40:15.294 Z] [INFO] [cadence.virtuoso.ade.services.netlister] - Finished netlisting {"point": 57, "testname": "TIA_Gain_Linearity"}
\o [2026-05-30 19:40:15.296 Z] [EVENT] [cadence.virtuoso.ade.services.netlister] - NewPoint {"point": 58, "testname": "TIA_Gain_Linearity", "event": "NewPoint", "EventSource": "Netlist Service", "HistoryName": "Interactive.306", "logFile": "/home/hrahimi/projects/POTENTIOSTAT_26/logs_hrahimi/logs0/Service91.log", "logFileSize": "163061"}
\o [2026-05-30 19:40:15.298 Z] [INFO] [cadence.virtuoso.ade.services.netlister] - Started netlisting {"point": 58, "testname": "TIA_Gain_Linearity"}
\o Resetting statistical vars
\o 
\o *Info*    Setting parameter values ...
\o 
\o Setting var temperature = "-40"
\o Setting temp(T) = -40
\o Setting var vdd = "2.97"
\o 
\o *Info*    Netlist Directory =
\o           /home/hrahimi/projects/POTENTIOSTAT_26/Sim/Potentiostat_Top/top/maestro/results/maestro/Interactive.306/58/TIA_Gain_Linearity/netlist
\o 
\o 
\o *Info*    Data Directory    =
\o           /home/hrahimi/projects/POTENTIOSTAT_26/Sim/Potentiostat_Top/top/maestro/results/maestro/Interactive.306/58/TIA_Gain_Linearity
\o 
\o Reusing AHDL Data dir
\o generate netlist...
\o function ansCdlCompPrim redefined
\o Ignoring netlist creation since ignoreDesignChangesDuringRun is set to true
\o       ...successful.
\o compose simulator input file...
\o       ...successful.
\o WARNING (ADE-3080): Fast viewing extensions for PSF XL format (also known as RTSF) will be discontinued  
\o        and Virtuoso Visualization and Analysis XL will not use RTSF data to plot waveforms from IC6.1.8 ISR7 onward. 
\o        There will be no performance impact on data visualization due to this change.
\o [2026-05-30 19:40:16.565 Z] [PROCESS] [cadence.virtuoso.ade.services.netlister] - Current memory used: 798.4102 MBytes, peak memory used: 798.4102 MBytes {"hostname": "il2244vt26_hrahimi", "processid": 1068918, "testname": "TIA_Gain_Linearity", "point": 58, "logfile": "/home/hrahimi/projects/POTENTIOSTAT_26/logs_hrahimi/logs0/Service91.log"}
\o [2026-05-30 19:40:16.567 Z] [INFO] [cadence.virtuoso.ade.services.netlister] - Finished netlisting {"point": 58, "testname": "TIA_Gain_Linearity"}
\o [2026-05-30 19:40:16.570 Z] [EVENT] [cadence.virtuoso.ade.services.netlister] - NewPoint {"point": 59, "testname": "TIA_Gain_Linearity", "event": "NewPoint", "EventSource": "Netlist Service", "HistoryName": "Interactive.306", "logFile": "/home/hrahimi/projects/POTENTIOSTAT_26/logs_hrahimi/logs0/Service91.log", "logFileSize": "165148"}
\o [2026-05-30 19:40:16.571 Z] [INFO] [cadence.virtuoso.ade.services.netlister] - Started netlisting {"point": 59, "testname": "TIA_Gain_Linearity"}
\o Resetting statistical vars
\o 
\o *Info*    Setting parameter values ...
\o 
\o Setting var temperature = "85"
\o Setting temp(T) = 85
\o 
\o *Info*    Netlist Directory =
\o           /home/hrahimi/projects/POTENTIOSTAT_26/Sim/Potentiostat_Top/top/maestro/results/maestro/Interactive.306/59/TIA_Gain_Linearity/netlist
\o 
\o 
\o *Info*    Data Directory    =
\o           /home/hrahimi/projects/POTENTIOSTAT_26/Sim/Potentiostat_Top/top/maestro/results/maestro/Interactive.306/59/TIA_Gain_Linearity
\o 
\o Reusing AHDL Data dir
\o generate netlist...
\o function ansCdlCompPrim redefined
\o Ignoring netlist creation since ignoreDesignChangesDuringRun is set to true
\o       ...successful.
\o compose simulator input file...
\o       ...successful.
\o WARNING (ADE-3080): Fast viewing extensions for PSF XL format (also known as RTSF) will be discontinued  
\o        and Virtuoso Visualization and Analysis XL will not use RTSF data to plot waveforms from IC6.1.8 ISR7 onward. 
\o        There will be no performance impact on data visualization due to this change.
\o [2026-05-30 19:40:17.736 Z] [PROCESS] [cadence.virtuoso.ade.services.netlister] - Current memory used: 798.4102 MBytes, peak memory used: 798.4102 MBytes {"hostname": "il2244vt26_hrahimi", "processid": 1068918, "testname": "TIA_Gain_Linearity", "point": 59, "logfile": "/home/hrahimi/projects/POTENTIOSTAT_26/logs_hrahimi/logs0/Service91.log"}
\o [2026-05-30 19:40:17.738 Z] [INFO] [cadence.virtuoso.ade.services.netlister] - Finished netlisting {"point": 59, "testname": "TIA_Gain_Linearity"}
\o [2026-05-30 19:40:17.743 Z] [EVENT] [cadence.virtuoso.ade.services.netlister] - NewPoint {"point": 60, "testname": "TIA_Gain_Linearity", "event": "NewPoint", "EventSource": "Netlist Service", "HistoryName": "Interactive.306", "logFile": "/home/hrahimi/projects/POTENTIOSTAT_26/logs_hrahimi/logs0/Service91.log", "logFileSize": "167205"}
\o [2026-05-30 19:40:17.743 Z] [INFO] [cadence.virtuoso.ade.services.netlister] - Started netlisting {"point": 60, "testname": "TIA_Gain_Linearity"}
\o Resetting statistical vars
\o 
\o *Info*    Setting parameter values ...
\o 
\o Setting var temperature = "-40"
\o Setting temp(T) = -40
\o Setting var vdd = "3.63"
\o 
\o *Info*    Netlist Directory =
\o           /home/hrahimi/projects/POTENTIOSTAT_26/Sim/Potentiostat_Top/top/maestro/results/maestro/Interactive.306/60/TIA_Gain_Linearity/netlist
\o 
\o 
\o *Info*    Data Directory    =
\o           /home/hrahimi/projects/POTENTIOSTAT_26/Sim/Potentiostat_Top/top/maestro/results/maestro/Interactive.306/60/TIA_Gain_Linearity
\o 
\o Reusing AHDL Data dir
\o generate netlist...
\o function ansCdlCompPrim redefined
\o Ignoring netlist creation since ignoreDesignChangesDuringRun is set to true
\o       ...successful.
\o compose simulator input file...
\o       ...successful.
\o WARNING (ADE-3080): Fast viewing extensions for PSF XL format (also known as RTSF) will be discontinued  
\o        and Virtuoso Visualization and Analysis XL will not use RTSF data to plot waveforms from IC6.1.8 ISR7 onward. 
\o        There will be no performance impact on data visualization due to this change.
\o [2026-05-30 19:40:19.134 Z] [PROCESS] [cadence.virtuoso.ade.services.netlister] - Current memory used: 798.4102 MBytes, peak memory used: 798.4102 MBytes {"hostname": "il2244vt26_hrahimi", "processid": 1068918, "testname": "TIA_Gain_Linearity", "point": 60, "logfile": "/home/hrahimi/projects/POTENTIOSTAT_26/logs_hrahimi/logs0/Service91.log"}
\o [2026-05-30 19:40:19.135 Z] [INFO] [cadence.virtuoso.ade.services.netlister] - Finished netlisting {"point": 60, "testname": "TIA_Gain_Linearity"}
\o [2026-05-30 19:40:19.142 Z] [EVENT] [cadence.virtuoso.ade.services.netlister] - NewPoint {"point": 61, "testname": "TIA_Gain_Linearity", "event": "NewPoint", "EventSource": "Netlist Service", "HistoryName": "Interactive.306", "logFile": "/home/hrahimi/projects/POTENTIOSTAT_26/logs_hrahimi/logs0/Service91.log", "logFileSize": "169292"}
\o [2026-05-30 19:40:19.143 Z] [INFO] [cadence.virtuoso.ade.services.netlister] - Started netlisting {"point": 61, "testname": "TIA_Gain_Linearity"}
\o Resetting statistical vars
\o 
\o *Info*    Setting parameter values ...
\o 
\o Setting var temperature = "85"
\o Setting temp(T) = 85
\o 
\o *Info*    Netlist Directory =
\o           /home/hrahimi/projects/POTENTIOSTAT_26/Sim/Potentiostat_Top/top/maestro/results/maestro/Interactive.306/61/TIA_Gain_Linearity/netlist
\o 
\o 
\o *Info*    Data Directory    =
\o           /home/hrahimi/projects/POTENTIOSTAT_26/Sim/Potentiostat_Top/top/maestro/results/maestro/Interactive.306/61/TIA_Gain_Linearity
\o 
\o Reusing AHDL Data dir
\o generate netlist...
\o function ansCdlCompPrim redefined
\o Ignoring netlist creation since ignoreDesignChangesDuringRun is set to true
\o       ...successful.
\o compose simulator input file...
\o       ...successful.
\o WARNING (ADE-3080): Fast viewing extensions for PSF XL format (also known as RTSF) will be discontinued  
\o        and Virtuoso Visualization and Analysis XL will not use RTSF data to plot waveforms from IC6.1.8 ISR7 onward. 
\o        There will be no performance impact on data visualization due to this change.
\o [2026-05-30 19:40:21.067 Z] [PROCESS] [cadence.virtuoso.ade.services.netlister] - Current memory used: 798.4102 MBytes, peak memory used: 798.4102 MBytes {"hostname": "il2244vt26_hrahimi", "processid": 1068918, "testname": "TIA_Gain_Linearity", "point": 61, "logfile": "/home/hrahimi/projects/POTENTIOSTAT_26/logs_hrahimi/logs0/Service91.log"}
\o [2026-05-30 19:40:21.069 Z] [INFO] [cadence.virtuoso.ade.services.netlister] - Finished netlisting {"point": 61, "testname": "TIA_Gain_Linearity"}
\o [2026-05-30 19:40:21.072 Z] [EVENT] [cadence.virtuoso.ade.services.netlister] - NewPoint {"point": 62, "testname": "TIA_Gain_Linearity", "event": "NewPoint", "EventSource": "Netlist Service", "HistoryName": "Interactive.306", "logFile": "/home/hrahimi/projects/POTENTIOSTAT_26/logs_hrahimi/logs0/Service91.log", "logFileSize": "171349"}
\o [2026-05-30 19:40:21.073 Z] [INFO] [cadence.virtuoso.ade.services.netlister] - Started netlisting {"point": 62, "testname": "TIA_Gain_Linearity"}
\o Resetting statistical vars
\o 
\o *Info*    Setting parameter values ...
\o 
\o Setting var temperature = "-40"
\o Setting temp(T) = -40
\o Setting var vdd = "2.97"
\o 
\o *Info*    Netlist Directory =
\o           /home/hrahimi/projects/POTENTIOSTAT_26/Sim/Potentiostat_Top/top/maestro/results/maestro/Interactive.306/62/TIA_Gain_Linearity/netlist
\o 
\o 
\o *Info*    Data Directory    =
\o           /home/hrahimi/projects/POTENTIOSTAT_26/Sim/Potentiostat_Top/top/maestro/results/maestro/Interactive.306/62/TIA_Gain_Linearity
\o 
\o Reusing AHDL Data dir
\o generate netlist...
\o function ansCdlCompPrim redefined
\o Ignoring netlist creation since ignoreDesignChangesDuringRun is set to true
\o       ...successful.
\o compose simulator input file...
\o       ...successful.
\o WARNING (ADE-3080): Fast viewing extensions for PSF XL format (also known as RTSF) will be discontinued  
\o        and Virtuoso Visualization and Analysis XL will not use RTSF data to plot waveforms from IC6.1.8 ISR7 onward. 
\o        There will be no performance impact on data visualization due to this change.
\o [2026-05-30 19:40:22.928 Z] [PROCESS] [cadence.virtuoso.ade.services.netlister] - Current memory used: 798.4102 MBytes, peak memory used: 798.4102 MBytes {"hostname": "il2244vt26_hrahimi", "processid": 1068918, "testname": "TIA_Gain_Linearity", "point": 62, "logfile": "/home/hrahimi/projects/POTENTIOSTAT_26/logs_hrahimi/logs0/Service91.log"}
\o [2026-05-30 19:40:22.929 Z] [INFO] [cadence.virtuoso.ade.services.netlister] - Finished netlisting {"point": 62, "testname": "TIA_Gain_Linearity"}
\o [2026-05-30 19:40:22.933 Z] [EVENT] [cadence.virtuoso.ade.services.netlister] - NewPoint {"point": 63, "testname": "TIA_Gain_Linearity", "event": "NewPoint", "EventSource": "Netlist Service", "HistoryName": "Interactive.306", "logFile": "/home/hrahimi/projects/POTENTIOSTAT_26/logs_hrahimi/logs0/Service91.log", "logFileSize": "173436"}
\o [2026-05-30 19:40:22.934 Z] [INFO] [cadence.virtuoso.ade.services.netlister] - Started netlisting {"point": 63, "testname": "TIA_Gain_Linearity"}
\o Resetting statistical vars
\o 
\o *Info*    Setting parameter values ...
\o 
\o Setting var temperature = "85"
\o Setting temp(T) = 85
\o 
\o *Info*    Netlist Directory =
\o           /home/hrahimi/projects/POTENTIOSTAT_26/Sim/Potentiostat_Top/top/maestro/results/maestro/Interactive.306/63/TIA_Gain_Linearity/netlist
\o 
\o 
\o *Info*    Data Directory    =
\o           /home/hrahimi/projects/POTENTIOSTAT_26/Sim/Potentiostat_Top/top/maestro/results/maestro/Interactive.306/63/TIA_Gain_Linearity
\o 
\o Reusing AHDL Data dir
\o generate netlist...
\o function ansCdlCompPrim redefined
\o Ignoring netlist creation since ignoreDesignChangesDuringRun is set to true
\o       ...successful.
\o compose simulator input file...
\o       ...successful.
\o WARNING (ADE-3080): Fast viewing extensions for PSF XL format (also known as RTSF) will be discontinued  
\o        and Virtuoso Visualization and Analysis XL will not use RTSF data to plot waveforms from IC6.1.8 ISR7 onward. 
\o        There will be no performance impact on data visualization due to this change.
\o [2026-05-30 19:40:24.618 Z] [PROCESS] [cadence.virtuoso.ade.services.netlister] - Current memory used: 798.4102 MBytes, peak memory used: 798.4102 MBytes {"hostname": "il2244vt26_hrahimi", "processid": 1068918, "testname": "TIA_Gain_Linearity", "point": 63, "logfile": "/home/hrahimi/projects/POTENTIOSTAT_26/logs_hrahimi/logs0/Service91.log"}
\o [2026-05-30 19:40:24.620 Z] [INFO] [cadence.virtuoso.ade.services.netlister] - Finished netlisting {"point": 63, "testname": "TIA_Gain_Linearity"}
\o [2026-05-30 19:40:24.627 Z] [EVENT] [cadence.virtuoso.ade.services.netlister] - NewPoint {"point": 64, "testname": "TIA_Gain_Linearity", "event": "NewPoint", "EventSource": "Netlist Service", "HistoryName": "Interactive.306", "logFile": "/home/hrahimi/projects/POTENTIOSTAT_26/logs_hrahimi/logs0/Service91.log", "logFileSize": "175493"}
\o [2026-05-30 19:40:24.627 Z] [INFO] [cadence.virtuoso.ade.services.netlister] - Started netlisting {"point": 64, "testname": "TIA_Gain_Linearity"}
\o Resetting statistical vars
\o 
\o *Info*    Setting parameter values ...
\o 
\o Setting var temperature = "-40"
\o Setting temp(T) = -40
\o Setting var vdd = "3.63"
\o 
\o *Info*    Netlist Directory =
\o           /home/hrahimi/projects/POTENTIOSTAT_26/Sim/Potentiostat_Top/top/maestro/results/maestro/Interactive.306/64/TIA_Gain_Linearity/netlist
\o 
\o 
\o *Info*    Data Directory    =
\o           /home/hrahimi/projects/POTENTIOSTAT_26/Sim/Potentiostat_Top/top/maestro/results/maestro/Interactive.306/64/TIA_Gain_Linearity
\o 
\o Reusing AHDL Data dir
\o generate netlist...
\o function ansCdlCompPrim redefined
\o Ignoring netlist creation since ignoreDesignChangesDuringRun is set to true
\o       ...successful.
\o compose simulator input file...
\o       ...successful.
\o WARNING (ADE-3080): Fast viewing extensions for PSF XL format (also known as RTSF) will be discontinued  
\o        and Virtuoso Visualization and Analysis XL will not use RTSF data to plot waveforms from IC6.1.8 ISR7 onward. 
\o        There will be no performance impact on data visualization due to this change.
\o [2026-05-30 19:40:26.386 Z] [PROCESS] [cadence.virtuoso.ade.services.netlister] - Current memory used: 798.4102 MBytes, peak memory used: 798.4102 MBytes {"hostname": "il2244vt26_hrahimi", "processid": 1068918, "testname": "TIA_Gain_Linearity", "point": 64, "logfile": "/home/hrahimi/projects/POTENTIOSTAT_26/logs_hrahimi/logs0/Service91.log"}
\o [2026-05-30 19:40:26.388 Z] [INFO] [cadence.virtuoso.ade.services.netlister] - Finished netlisting {"point": 64, "testname": "TIA_Gain_Linearity"}
\o [2026-05-30 19:40:26.391 Z] [EVENT] [cadence.virtuoso.ade.services.netlister] - NewPoint {"point": 65, "testname": "TIA_Gain_Linearity", "event": "NewPoint", "EventSource": "Netlist Service", "HistoryName": "Interactive.306", "logFile": "/home/hrahimi/projects/POTENTIOSTAT_26/logs_hrahimi/logs0/Service91.log", "logFileSize": "177580"}
\o [2026-05-30 19:40:26.392 Z] [INFO] [cadence.virtuoso.ade.services.netlister] - Started netlisting {"point": 65, "testname": "TIA_Gain_Linearity"}
\o Resetting statistical vars
\o 
\o *Info*    Setting parameter values ...
\o 
\o Setting var temperature = "85"
\o Setting temp(T) = 85
\o 
\o *Info*    Netlist Directory =
\o           /home/hrahimi/projects/POTENTIOSTAT_26/Sim/Potentiostat_Top/top/maestro/results/maestro/Interactive.306/65/TIA_Gain_Linearity/netlist
\o 
\o 
\o *Info*    Data Directory    =
\o           /home/hrahimi/projects/POTENTIOSTAT_26/Sim/Potentiostat_Top/top/maestro/results/maestro/Interactive.306/65/TIA_Gain_Linearity
\o 
\o Reusing AHDL Data dir
\o generate netlist...
\o function ansCdlCompPrim redefined
\o Ignoring netlist creation since ignoreDesignChangesDuringRun is set to true
\o       ...successful.
\o compose simulator input file...
\o       ...successful.
\o WARNING (ADE-3080): Fast viewing extensions for PSF XL format (also known as RTSF) will be discontinued  
\o        and Virtuoso Visualization and Analysis XL will not use RTSF data to plot waveforms from IC6.1.8 ISR7 onward. 
\o        There will be no performance impact on data visualization due to this change.
\o [2026-05-30 19:40:27.731 Z] [PROCESS] [cadence.virtuoso.ade.services.netlister] - Current memory used: 798.4102 MBytes, peak memory used: 798.4102 MBytes {"hostname": "il2244vt26_hrahimi", "processid": 1068918, "testname": "TIA_Gain_Linearity", "point": 65, "logfile": "/home/hrahimi/projects/POTENTIOSTAT_26/logs_hrahimi/logs0/Service91.log"}
\o [2026-05-30 19:40:27.732 Z] [INFO] [cadence.virtuoso.ade.services.netlister] - Finished netlisting {"point": 65, "testname": "TIA_Gain_Linearity"}
\o Simulation design variables differ from those on the cellView,
\o they have been saved in the file "/tmp/saved-design-variables".
\o To save future changes, copy variables to cellView before exiting.
\# Lic Summary:
\# [19:45:29.269576] Cdslmd servers:3000@lic08.ug.kth.se:29000@lic06.ug.kth.se
\# [19:45:29.269601] Feature usage summary:
\# Memory report: on exit            509 MB, process size 2,271 MB at UTC 2026.05.30 19:45:29.269
\# Memory report: peak usage         509 MB, process size 2,274 MB
