\# Program start time:     UTC 2026.06.02 17:38:58.067
\# Local time: UTC (UTC+00:00) 2026.06.02 17:38:58.067
\o Program:		@(#)$CDS: virtuoso version 6.1.8-64b 09/03/2024 19:11 (sjfhw316) $
\o Hierarchy:		/opt/tools/cadence/installs/IC618/tools.lnx86/dfII/
\o Sub version:		sub-version  IC6.1.8-64b.500.36  (64-bit addresses)
\# Command line:	/opt/tools/cadence/installs/IC618/tools.lnx86/dfII/bin/64bit/virtuoso -beanhost il2244vt26_hrahimi -beanport 11300 -beanbinlog  -beanLogFile /home/hrahimi/projects/POTENTIOSTAT_26/logs_hrahimi/logs0/amps_Service211.log -mpssession virtuoso1198870 -mpshost il2244vt26_hrahimi -davinciService DaVinciService_1198870_1780294063 -scopedPid 1198870 -axlSession fnxSession0 -axlServiceIdFlag 211 -uuid 05a43d97-f1ce-4b56-9a31-00ac45045677 -heartbeat /dev/shm/swift-heartbeat.jcTEvUsUzh -log /home/hrahimi/projects/POTENTIOSTAT_26/logs_hrahimi/logs0/Service211.log -noautostart -nographE -lscs 000175E1894CBE06FF0966E38F1FFC06BC4D6EE68E6D9506D52060E590078A72887903BA9319D236867C66E38F1FFC06BC4D66E38F1FFC06BC4D0CFC9A30E929D65200001DF0 -interactive -offlineExprEval -fenixMode assembler -heartbeatTimeout  -lingerTimeout 300 -pointlifetime -1
\# Host name (type):	il2244vt26_hrahimi (x86_64)
\# Operating system:	Linux 5.15.0-164-generic #174-Ubuntu SMP Fri Nov 14 20:25:16 UTC 2025
\# Linux /etc/issue:	\S
\# Linux /etc/issue:	Kernel \r on an \m
\# X display name (WxH):	:5288 (1024x868)
\# Available geometry:			TL(0:0) BR(1023:867)
\# X server:			The X.Org Foundation
\# Depth of Visual (Root):	24 (24)
\# Number of Planes Used:	24
\# X version:		11.0 (vendor release 12011000)
\# X resource pool:	base 0x400000, mask 0x1fffff (2097151), shift 0
\# 			current id 0x0, current max 0x1ffffa (2097146)
\# Max data seg size:	     unlimited
\# Max process size:	     unlimited
\# Initial sbrk value:	        839 MB
\# Available memory:	  2,329,963 MB
\# System memory:	  3,104,512 MB
\# Maximum memory size:	  3,103,794 MB
\# Max mem available:	  2,330,084 MB
\# Initial memory used:	        121 MB
\#        process size:	      1,677 MB
\# Thread usage limits (effective/default):	maxthreads 4294967295/4294967295 maxload 48.00/48.00
\# Qt version:		5.9.1
\# Window Manager:	other
\# User Name:		hrahimi
\o Working Directory:	il2244vt26_hrahimi:/home/hrahimi/projects/POTENTIOSTAT_26
\# Process Id:		2065497
\o 
\o COPYRIGHT (C) 1992-2024  CADENCE DESIGN SYSTEMS INC.  ALL RIGHTS RESERVED.
\o           (C) 1992-2024  UNIX SYSTEMS Laboratories INC.,
\o                          Reproduced with permission.
\o 
\o This Cadence Design Systems program and online documentation are
\o proprietary/confidential information and may be disclosed/used only
\o as authorized in a license agreement controlling such use and disclosure.
\o 
\o           RESTRICTED RIGHTS NOTICE (SHORT FORM)
\o Use/reproduction/disclosure is subject to restriction
\o set forth at FAR 1252.227-19 or its equivalent.
\o Loading geView.cxt 
\o Loading menuBuilder.cxt 
\o Loading schView.cxt 
\o Loading selectSv.cxt 
\o Loading wireEdit.cxt 
\o Loading pte2.cxt 
\w Qt Warning: setNativeLocks failed: "Resource temporarily unavailable"
\o Loading xlUI.cxt 
\o Loading auCore.cxt 
\o Loading vhdl.cxt 
\o Loading seismic.cxt 
\o Loading ci.cxt 
\o Loading ams.cxt 
\o Loading oasis.cxt 
\o Loading analog.cxt 
\o Loading asimenv.cxt 
\o Loading dal.cxt 
\o Loading awv.cxt 
\o Loading socket.cxt 
\o Loading par.cxt 
\o Loading alvs.cxt 
\o Loading caa.cxt 
\o Loading amps.cxt 
\o Loading adexlCore.cxt 
\# Memory report: using         231 MB, process size 1,873 MB at UTC 2026.06.02 17:39:00.330
\o Loading adexl.cxt 
\o *Info*    Exporting services from client ... 
\o 
\o Loading adexlDM.cxt 
\o Loading cpf.cxt 
\o Loading cli.cxt 
\o Loading lp.cxt 
\o INFO (ELI-00302) Connecting to parent process (session=virtuoso1198870, host=il2244vt26_hrahimi). Connection mode is LSCS. Total timeout is 180 seconds. Connection timeout is 90 seconds.
\o INFO (ELI-00303) Step 1: Connecting to parent. Time spent is 0 seconds.
\o INFO (ELI-00304) The registration of the child 2065497 within 90 seconds is being processed...
\o INFO (ELI-00305) The result of registration is true. Time spent is 0 seconds.
\o INFO (ELI-00308) The connection has ended. Result is true. Total time spent is 0 seconds.
\# [17:38:58.445442] Configured Lic search path (22.01-s002): 3000@lic08.ug.kth.se:29000@lic06.ug.kth.se
\o ......................................................................................
\o            ams AG HIT-Kit v.ams_4.10
\o ......................................................................................
\o COPYRIGHT (c) 2012 Full Service Foundry @ ams AG.  ALL RIGHTS RESERVED
\o This HIT-Kit and attached documentation are confidential information and may 
\o only be used as authorized by the HIT-Kit license agreement.
\o ......................................................................................
\# Current Window: window(2)
\o Loading simulator default settings.
\w 
\w load( "/opt/tools/mentor/CALIBRE_2022.4_16/aoi_cal_2022.4_16.8/lib/calibre.skl" ))
\w                                                                                  ^
\w PARSER WARNING at line 63 column 82 of file ./.cdsinit_local
\w *WARNING* (Parser): extra ')' ignored
\o //
\o //  Calibre Skill Interface * (v2022.4_16.8) *
\o //
\o //                         Copyright Siemens 1996-2020     
\o //                             All Rights Reserved.
\o //         THIS WORK CONTAINS TRADE SECRET AND PROPRIETARY INFORMATION
\o //            WHICH IS THE PROPERTY OF MENTOR GRAPHICS CORPORATION
\o //              OR ITS LICENSORS AND IS SUBJECT TO LICENSE TERMS.
\o //
\o //
\o Loading simulator default settings.
\p hitkit: ams_4.10  Tech: c35b4c3  User: hrahimi 
\w *WARNING* could not load font "-*-courier-medium-r-*-*-12-*", using font "fixed"
\# Loading perfDiag...
\# (PerfDiag): Set GDB path to environment variable 'gdbPath' (gdb).
\# Performance Diagnostic tool is installed. You can access PerfDiag from CIW Tools or use the shell command 'cdsPerfDiag -p 2065497' to open it when Virtuoso freezes.
\# (PerfDiag): Use backtrace from GLIBC.
\w *WARNING* _perfPstackCheck: Cannot find pstack/gstack. Please setup PATH environment variable to pstack/gstack executable.
\i _axlRunServices()
\# [17:39:03.259866] Periodic Lic check successful
\# [17:39:03.259872] Feature usage summary:
\o Loading simui.cxt 
\o [2026-06-02 17:39:03.819 Z] [PROCESS] [cadence.virtuoso.ade.services] - Netlist Service has successfully started. Waiting for incoming messages ... {"hostname": "il2244vt26_hrahimi", "processid": 2065497, "logfile": "/home/hrahimi/projects/POTENTIOSTAT_26/logs_hrahimi/logs0/Service211.log"}
\o [2026-06-02 17:39:03.865 Z] [EVENT] [cadence.virtuoso.ade.services.netlister] - NewPoint {"point": 0, "testname": "Poten", "event": "NewPoint", "EventSource": "Netlist Service", "HistoryName": "Interactive.343", "logFile": "/home/hrahimi/projects/POTENTIOSTAT_26/logs_hrahimi/logs0/Service211.log", "logFileSize": "6161"}
\o [2026-06-02 17:39:03.866 Z] [INFO] [cadence.virtuoso.ade.services.netlister] - Started preparing netlist {"point": 0, "testname": "Poten", "testnameKey": "Poten"}
\# Memory report: using         342 MB, process size 2,101 MB at UTC 2026.06.02 17:39:05.742
\o Loading vqp.cxt 
\o Loading vdsil.cxt 
\o *Warning* AXL Context Manager : job 211 is already registered. 
\o 
\o Loading hdlPkg.cxt 
\o 
\o 
\o *Info*    Configuring the session ...
\o 
\o 	Library      = Potentiostat_Top
\o 	Cell         = top
\o 	View         = config
\o 	Simulator    = spectre
\o 	State Path   = $AXL_SETUPDB_DIR/test_states
\o 	State Name   = Interactive.343
\o 	Results DB   = /home/hrahimi/projects/POTENTIOSTAT_26/Potentiostat_Top/top/maestro/results/maestro/Interactive.343.rdb
\o 	Results Dir  = /home/hrahimi/projects/POTENTIOSTAT_26/Sim/Potentiostat_Top/top/maestro/results/maestro/Interactive.343/1/Poten
\o 	Results Loc  = /home/hrahimi/projects/POTENTIOSTAT_26/Sim/Potentiostat_Top/top/maestro/results/maestro
\o 	Project Dir  = /home/hrahimi/projects/POTENTIOSTAT_26/Sim
\o 	Setup DB loc = /home/hrahimi/projects/POTENTIOSTAT_26/Potentiostat_Top/top/maestro
\o 	File Encoding = 0
\o 
\o 
\o Loading viva.cxt 
\o Loading spectrei.cxt 
\o Loading devCheck.cxt 
\o Loading relXpert.cxt 
\o Loading hspiceD.cxt 
\o Loading spectreinl.cxt 
\o Loading msgHandler.cxt 
\o Loading UltraSim.cxt 
\o Loading AMSOSS.cxt 
\o Loading AMS.cxt 
\# Available memory:      2,329,936 MB at UTC 2026.06.02 17:39:08.135
\# Memory report: Maximum memory size now 2,330,354 MB at UTC 2026.06.02 17:39:08.135
\# Thread usage report: 54 active threads, active load 1.40 at UTC 2026.06.02 17:39:08.135
\o 
\o *Info*    The auto suspension is disabled.
\o 
\o Loading elec.cxt 
\o Resetting statistical vars
\o 
\o *Info*    Setting parameter values ...
\o 
\o Setting var Calib_EN = "1"
\o Setting var Cdl = "10n"
\o Setting var Cdl_CE = "10n"
\o Setting var Idc = "0"
\o Setting var Iin_TIA_AC = "0"
\o Setting var Ipulse = "0"
\o Setting var PTAT_EN = "0"
\o Setting var R_ct = "500k"
\o Setting var Rct_CE = "100k"
\o Setting var Rs_CE = "10k"
\o Setting var Rs_WE = "10k"
\o Setting var S0 = "0"
\o Setting var S1 = "0"
\o Setting var S2 = "1"
\o Setting var S3 = "0"
\o Setting var Vb = "1.7"
\o Setting var Vin_CA_AC = "1"
\o Setting var vdd = "3.3"
\o Setting var vddpuls = "0"
\o Setting var vpuls = "-50m"
\o Setting var vref = "1.615"
\o Setting var vtran = "0"
\o Loading monte.cxt 
\o Reusing AHDL Data dir
\o 
\o *Info*    Data Directory    =
\o           /home/hrahimi/projects/POTENTIOSTAT_26/Sim/Potentiostat_Top/top/maestro/results/maestro/Interactive.343/psf/Poten
\o 
\o generate netlist...
\o Loading hnlInit.cxt 
\o Loading seCore.cxt 
\o function ansCdlCompPrim redefined
\o function ansCdlCompPrim redefined
\o Begin Incremental Netlisting Jun  2 17:39:09 2026
\o WARNING (OSSHNL-225): The design variable 'temperature', used in the last netlisting session in the current
\o run directory is not used in this netlisting session. The netlist(s) generated
\o in the last netlisting session cannot be reused for incremental netlisting.
\o Therefore re-netlisting the design.
\o 
\w *WARNING* (SCH-2162): "ESDLIB esdnmos4 symbol" has been updated since "IOLIB_ANA_4M AGND3ALLP schematic" was last saved. Validate that the schematic is correct and run Check and Save to suppress this warning.
\o WARNING (OSSHNL-325): Place master 'ESDLIB/esdnmos4/symbol' for instance 'MNLIB_DR1' has been modified since the last
\o extraction of its parent cellview 'IOLIB_ANA_4M/AGND3ALLP/schematic'.
\o Connectivity changes in the place master can cause issues in the generated
\o netlist. To resolve such issues:
\o -Reextract the parent cellview 'IOLIB_ANA_4M/AGND3ALLP/schematic' and regenerate the netlist. To avoid
\o multiple Check and Save operations, use the Check Hierarchy form or the
\o schHiCheckHier SKILL function to do a hierarchical check and save on the top
\o cell and then generate the netlist.
\o -Ignore all connectivity checks for this place master by specifying it to the
\o list of cellviews to be ignored using the hnlUserIgnoreCVModifyList variable.
\o -Change the severity of modification errors by setting the environment variable
\o simSymbolModifiedAction to 'ignore'. However, this may ignore both connectivity
\o and non-connectivity changes, thereby generating an incorrect netlist.
\o To avoid reporting of non-connectivity changes after performing a hierarchical
\o check and save operation, set 'schematic' 'autoEquivalentConnectivityTime' to
\o 't' in the .cdsenv file. After setting the autoEquivalentConnectivityTime
\o variable, set simSymbolModifiedAction to 'error' to receive reports of only
\o connectivity issues during netlisting.
\o The variable simSymbolModifiedAction controls the severity of this message,
\o which can be 'ignore', 'warning', or 'error'.
\o 
\w *WARNING* (SCH-2162): "PRIMLIB rpoly1c symbol" has been updated since "IOLIB_ANA_4M AVDD3ALLP schematic" was last saved. Validate that the schematic is correct and run Check and Save to suppress this warning.
\w *WARNING* (SCH-2162): "ESDLIB esdnmos4 symbol" has been updated since "IOLIB_ANA_4M AVDD3ALLP schematic" was last saved. Validate that the schematic is correct and run Check and Save to suppress this warning.
\o WARNING (OSSHNL-325): Place master 'PRIMLIB/rpoly1c/symbol' for instance 'RLIB_GC1' has been modified since the last
\o extraction of its parent cellview 'IOLIB_ANA_4M/AVDD3ALLP/schematic'.
\o Connectivity changes in the place master can cause issues in the generated
\o netlist. To resolve such issues:
\o -Reextract the parent cellview 'IOLIB_ANA_4M/AVDD3ALLP/schematic' and regenerate the netlist. To avoid
\o multiple Check and Save operations, use the Check Hierarchy form or the
\o schHiCheckHier SKILL function to do a hierarchical check and save on the top
\o cell and then generate the netlist.
\o -Ignore all connectivity checks for this place master by specifying it to the
\o list of cellviews to be ignored using the hnlUserIgnoreCVModifyList variable.
\o -Change the severity of modification errors by setting the environment variable
\o simSymbolModifiedAction to 'ignore'. However, this may ignore both connectivity
\o and non-connectivity changes, thereby generating an incorrect netlist.
\o To avoid reporting of non-connectivity changes after performing a hierarchical
\o check and save operation, set 'schematic' 'autoEquivalentConnectivityTime' to
\o 't' in the .cdsenv file. After setting the autoEquivalentConnectivityTime
\o variable, set simSymbolModifiedAction to 'error' to receive reports of only
\o connectivity issues during netlisting.
\o The variable simSymbolModifiedAction controls the severity of this message,
\o which can be 'ignore', 'warning', or 'error'.
\o 
\o WARNING (OSSHNL-325): Place master 'ESDLIB/esdnmos4/symbol' for instance 'MNLIB_DR1' has been modified since the last
\o extraction of its parent cellview 'IOLIB_ANA_4M/AVDD3ALLP/schematic'.
\o Connectivity changes in the place master can cause issues in the generated
\o netlist. To resolve such issues:
\o -Reextract the parent cellview 'IOLIB_ANA_4M/AVDD3ALLP/schematic' and regenerate the netlist. To avoid
\o multiple Check and Save operations, use the Check Hierarchy form or the
\o schHiCheckHier SKILL function to do a hierarchical check and save on the top
\o cell and then generate the netlist.
\o -Ignore all connectivity checks for this place master by specifying it to the
\o list of cellviews to be ignored using the hnlUserIgnoreCVModifyList variable.
\o -Change the severity of modification errors by setting the environment variable
\o simSymbolModifiedAction to 'ignore'. However, this may ignore both connectivity
\o and non-connectivity changes, thereby generating an incorrect netlist.
\o To avoid reporting of non-connectivity changes after performing a hierarchical
\o check and save operation, set 'schematic' 'autoEquivalentConnectivityTime' to
\o 't' in the .cdsenv file. After setting the autoEquivalentConnectivityTime
\o variable, set simSymbolModifiedAction to 'error' to receive reports of only
\o connectivity issues during netlisting.
\o The variable simSymbolModifiedAction controls the severity of this message,
\o which can be 'ignore', 'warning', or 'error'.
\o 
\w *WARNING* (SCH-2162): "PRIMLIB rpoly2c symbol" has been updated since "IOLIB_ANA_4M APRIO200P schematic" was last saved. Validate that the schematic is correct and run Check and Save to suppress this warning.
\o WARNING (OSSHNL-325): Place master 'PRIMLIB/rpoly2c/symbol' for instance 'R3' has been modified since the last
\o extraction of its parent cellview 'IOLIB_ANA_4M/APRIO200P/schematic'.
\o Connectivity changes in the place master can cause issues in the generated
\o netlist. To resolve such issues:
\o -Reextract the parent cellview 'IOLIB_ANA_4M/APRIO200P/schematic' and regenerate the netlist. To avoid
\o multiple Check and Save operations, use the Check Hierarchy form or the
\o schHiCheckHier SKILL function to do a hierarchical check and save on the top
\o cell and then generate the netlist.
\o -Ignore all connectivity checks for this place master by specifying it to the
\o list of cellviews to be ignored using the hnlUserIgnoreCVModifyList variable.
\o -Change the severity of modification errors by setting the environment variable
\o simSymbolModifiedAction to 'ignore'. However, this may ignore both connectivity
\o and non-connectivity changes, thereby generating an incorrect netlist.
\o To avoid reporting of non-connectivity changes after performing a hierarchical
\o check and save operation, set 'schematic' 'autoEquivalentConnectivityTime' to
\o 't' in the .cdsenv file. After setting the autoEquivalentConnectivityTime
\o variable, set simSymbolModifiedAction to 'error' to receive reports of only
\o connectivity issues during netlisting.
\o The variable simSymbolModifiedAction controls the severity of this message,
\o which can be 'ignore', 'warning', or 'error'.
\o 
\w *WARNING* (SCH-2162): "PRIMLIB rpoly1c symbol" has been updated since "IOLIB_4M VDD3RP cmos_sch" was last saved. Validate that the schematic is correct and run Check and Save to suppress this warning.
\w *WARNING* (SCH-2162): "ESDLIB esdnmos4 symbol" has been updated since "IOLIB_4M VDD3RP cmos_sch" was last saved. Validate that the schematic is correct and run Check and Save to suppress this warning.
\o WARNING (OSSHNL-325): Place master 'PRIMLIB/rpoly1c/symbol' for instance 'RLIB_GC1' has been modified since the last
\o extraction of its parent cellview 'IOLIB_4M/VDD3RP/cmos_sch'.
\o Connectivity changes in the place master can cause issues in the generated
\o netlist. To resolve such issues:
\o -Reextract the parent cellview 'IOLIB_4M/VDD3RP/cmos_sch' and regenerate the netlist. To avoid
\o multiple Check and Save operations, use the Check Hierarchy form or the
\o schHiCheckHier SKILL function to do a hierarchical check and save on the top
\o cell and then generate the netlist.
\o -Ignore all connectivity checks for this place master by specifying it to the
\o list of cellviews to be ignored using the hnlUserIgnoreCVModifyList variable.
\o -Change the severity of modification errors by setting the environment variable
\o simSymbolModifiedAction to 'ignore'. However, this may ignore both connectivity
\o and non-connectivity changes, thereby generating an incorrect netlist.
\o To avoid reporting of non-connectivity changes after performing a hierarchical
\o check and save operation, set 'schematic' 'autoEquivalentConnectivityTime' to
\o 't' in the .cdsenv file. After setting the autoEquivalentConnectivityTime
\o variable, set simSymbolModifiedAction to 'error' to receive reports of only
\o connectivity issues during netlisting.
\o The variable simSymbolModifiedAction controls the severity of this message,
\o which can be 'ignore', 'warning', or 'error'.
\o 
\o WARNING (OSSHNL-325): Place master 'ESDLIB/esdnmos4/symbol' for instance 'MNLIB_DR1' has been modified since the last
\o extraction of its parent cellview 'IOLIB_4M/VDD3RP/cmos_sch'.
\o Connectivity changes in the place master can cause issues in the generated
\o netlist. To resolve such issues:
\o -Reextract the parent cellview 'IOLIB_4M/VDD3RP/cmos_sch' and regenerate the netlist. To avoid
\o multiple Check and Save operations, use the Check Hierarchy form or the
\o schHiCheckHier SKILL function to do a hierarchical check and save on the top
\o cell and then generate the netlist.
\o -Ignore all connectivity checks for this place master by specifying it to the
\o list of cellviews to be ignored using the hnlUserIgnoreCVModifyList variable.
\o -Change the severity of modification errors by setting the environment variable
\o simSymbolModifiedAction to 'ignore'. However, this may ignore both connectivity
\o and non-connectivity changes, thereby generating an incorrect netlist.
\o To avoid reporting of non-connectivity changes after performing a hierarchical
\o check and save operation, set 'schematic' 'autoEquivalentConnectivityTime' to
\o 't' in the .cdsenv file. After setting the autoEquivalentConnectivityTime
\o variable, set simSymbolModifiedAction to 'error' to receive reports of only
\o connectivity issues during netlisting.
\o The variable simSymbolModifiedAction controls the severity of this message,
\o which can be 'ignore', 'warning', or 'error'.
\o 
\w *WARNING* (SCH-2162): "PRIMLIB rpoly1c symbol" has been updated since "IOLIB_4M VDD3OP cmos_sch" was last saved. Validate that the schematic is correct and run Check and Save to suppress this warning.
\w *WARNING* (SCH-2162): "ESDLIB esdnmos4 symbol" has been updated since "IOLIB_4M VDD3OP cmos_sch" was last saved. Validate that the schematic is correct and run Check and Save to suppress this warning.
\o WARNING (OSSHNL-325): Place master 'PRIMLIB/rpoly1c/symbol' for instance 'RLIB_GC1' has been modified since the last
\o extraction of its parent cellview 'IOLIB_4M/VDD3OP/cmos_sch'.
\o Connectivity changes in the place master can cause issues in the generated
\o netlist. To resolve such issues:
\o -Reextract the parent cellview 'IOLIB_4M/VDD3OP/cmos_sch' and regenerate the netlist. To avoid
\o multiple Check and Save operations, use the Check Hierarchy form or the
\o schHiCheckHier SKILL function to do a hierarchical check and save on the top
\o cell and then generate the netlist.
\o -Ignore all connectivity checks for this place master by specifying it to the
\o list of cellviews to be ignored using the hnlUserIgnoreCVModifyList variable.
\o -Change the severity of modification errors by setting the environment variable
\o simSymbolModifiedAction to 'ignore'. However, this may ignore both connectivity
\o and non-connectivity changes, thereby generating an incorrect netlist.
\o To avoid reporting of non-connectivity changes after performing a hierarchical
\o check and save operation, set 'schematic' 'autoEquivalentConnectivityTime' to
\o 't' in the .cdsenv file. After setting the autoEquivalentConnectivityTime
\o variable, set simSymbolModifiedAction to 'error' to receive reports of only
\o connectivity issues during netlisting.
\o The variable simSymbolModifiedAction controls the severity of this message,
\o which can be 'ignore', 'warning', or 'error'.
\o 
\o WARNING (OSSHNL-325): Place master 'ESDLIB/esdnmos4/symbol' for instance 'MNLIB_DR1' has been modified since the last
\o extraction of its parent cellview 'IOLIB_4M/VDD3OP/cmos_sch'.
\o Connectivity changes in the place master can cause issues in the generated
\o netlist. To resolve such issues:
\o -Reextract the parent cellview 'IOLIB_4M/VDD3OP/cmos_sch' and regenerate the netlist. To avoid
\o multiple Check and Save operations, use the Check Hierarchy form or the
\o schHiCheckHier SKILL function to do a hierarchical check and save on the top
\o cell and then generate the netlist.
\o -Ignore all connectivity checks for this place master by specifying it to the
\o list of cellviews to be ignored using the hnlUserIgnoreCVModifyList variable.
\o -Change the severity of modification errors by setting the environment variable
\o simSymbolModifiedAction to 'ignore'. However, this may ignore both connectivity
\o and non-connectivity changes, thereby generating an incorrect netlist.
\o To avoid reporting of non-connectivity changes after performing a hierarchical
\o check and save operation, set 'schematic' 'autoEquivalentConnectivityTime' to
\o 't' in the .cdsenv file. After setting the autoEquivalentConnectivityTime
\o variable, set simSymbolModifiedAction to 'error' to receive reports of only
\o connectivity issues during netlisting.
\o The variable simSymbolModifiedAction controls the severity of this message,
\o which can be 'ignore', 'warning', or 'error'.
\o 
\w *WARNING* (SCH-2162): "PRIMLIB rpoly1c symbol" has been updated since "IOLIB_4M VDD3IP cmos_sch" was last saved. Validate that the schematic is correct and run Check and Save to suppress this warning.
\w *WARNING* (SCH-2162): "ESDLIB esdnmos4 symbol" has been updated since "IOLIB_4M VDD3IP cmos_sch" was last saved. Validate that the schematic is correct and run Check and Save to suppress this warning.
\o WARNING (OSSHNL-325): Place master 'PRIMLIB/rpoly1c/symbol' for instance 'RLIB_GC1' has been modified since the last
\o extraction of its parent cellview 'IOLIB_4M/VDD3IP/cmos_sch'.
\o Connectivity changes in the place master can cause issues in the generated
\o netlist. To resolve such issues:
\o -Reextract the parent cellview 'IOLIB_4M/VDD3IP/cmos_sch' and regenerate the netlist. To avoid
\o multiple Check and Save operations, use the Check Hierarchy form or the
\o schHiCheckHier SKILL function to do a hierarchical check and save on the top
\o cell and then generate the netlist.
\o -Ignore all connectivity checks for this place master by specifying it to the
\o list of cellviews to be ignored using the hnlUserIgnoreCVModifyList variable.
\o -Change the severity of modification errors by setting the environment variable
\o simSymbolModifiedAction to 'ignore'. However, this may ignore both connectivity
\o and non-connectivity changes, thereby generating an incorrect netlist.
\o To avoid reporting of non-connectivity changes after performing a hierarchical
\o check and save operation, set 'schematic' 'autoEquivalentConnectivityTime' to
\o 't' in the .cdsenv file. After setting the autoEquivalentConnectivityTime
\o variable, set simSymbolModifiedAction to 'error' to receive reports of only
\o connectivity issues during netlisting.
\o The variable simSymbolModifiedAction controls the severity of this message,
\o which can be 'ignore', 'warning', or 'error'.
\o 
\o WARNING (OSSHNL-325): Place master 'ESDLIB/esdnmos4/symbol' for instance 'MNLIB_DR1' has been modified since the last
\o extraction of its parent cellview 'IOLIB_4M/VDD3IP/cmos_sch'.
\o Connectivity changes in the place master can cause issues in the generated
\o netlist. To resolve such issues:
\o -Reextract the parent cellview 'IOLIB_4M/VDD3IP/cmos_sch' and regenerate the netlist. To avoid
\o multiple Check and Save operations, use the Check Hierarchy form or the
\o schHiCheckHier SKILL function to do a hierarchical check and save on the top
\o cell and then generate the netlist.
\o -Ignore all connectivity checks for this place master by specifying it to the
\o list of cellviews to be ignored using the hnlUserIgnoreCVModifyList variable.
\o -Change the severity of modification errors by setting the environment variable
\o simSymbolModifiedAction to 'ignore'. However, this may ignore both connectivity
\o and non-connectivity changes, thereby generating an incorrect netlist.
\o To avoid reporting of non-connectivity changes after performing a hierarchical
\o check and save operation, set 'schematic' 'autoEquivalentConnectivityTime' to
\o 't' in the .cdsenv file. After setting the autoEquivalentConnectivityTime
\o variable, set simSymbolModifiedAction to 'error' to receive reports of only
\o connectivity issues during netlisting.
\o The variable simSymbolModifiedAction controls the severity of this message,
\o which can be 'ignore', 'warning', or 'error'.
\o 
\w *WARNING* (SCH-2162): "PRIMLIB rpoly1c symbol" has been updated since "IOLIB_4M ICP cmos_sch" was last saved. Validate that the schematic is correct and run Check and Save to suppress this warning.
\w *WARNING* (SCH-2162): "ESDLIB esdnmos4 symbol" has been updated since "IOLIB_4M ICP cmos_sch" was last saved. Validate that the schematic is correct and run Check and Save to suppress this warning.
\w *WARNING* (SCH-2162): "ESDLIB esdpmos4 symbol" has been updated since "IOLIB_4M ICP cmos_sch" was last saved. Validate that the schematic is correct and run Check and Save to suppress this warning.
\w *WARNING* (SCH-2162): "PRIMLIB rdiffp3 symbol" has been updated since "IOLIB_4M ICP cmos_sch" was last saved. Validate that the schematic is correct and run Check and Save to suppress this warning.
\o WARNING (OSSHNL-325): Place master 'PRIMLIB/rpoly1c/symbol' for instance 'RLIB1' has been modified since the last
\o extraction of its parent cellview 'IOLIB_4M/ICP/cmos_sch'.
\o Connectivity changes in the place master can cause issues in the generated
\o netlist. To resolve such issues:
\o -Reextract the parent cellview 'IOLIB_4M/ICP/cmos_sch' and regenerate the netlist. To avoid
\o multiple Check and Save operations, use the Check Hierarchy form or the
\o schHiCheckHier SKILL function to do a hierarchical check and save on the top
\o cell and then generate the netlist.
\o -Ignore all connectivity checks for this place master by specifying it to the
\o list of cellviews to be ignored using the hnlUserIgnoreCVModifyList variable.
\o -Change the severity of modification errors by setting the environment variable
\o simSymbolModifiedAction to 'ignore'. However, this may ignore both connectivity
\o and non-connectivity changes, thereby generating an incorrect netlist.
\o To avoid reporting of non-connectivity changes after performing a hierarchical
\o check and save operation, set 'schematic' 'autoEquivalentConnectivityTime' to
\o 't' in the .cdsenv file. After setting the autoEquivalentConnectivityTime
\o variable, set simSymbolModifiedAction to 'error' to receive reports of only
\o connectivity issues during netlisting.
\o The variable simSymbolModifiedAction controls the severity of this message,
\o which can be 'ignore', 'warning', or 'error'.
\o 
\o WARNING (OSSHNL-325): Place master 'ESDLIB/esdnmos4/symbol' for instance 'MNLIB_DR1' has been modified since the last
\o extraction of its parent cellview 'IOLIB_4M/ICP/cmos_sch'.
\o Connectivity changes in the place master can cause issues in the generated
\o netlist. To resolve such issues:
\o -Reextract the parent cellview 'IOLIB_4M/ICP/cmos_sch' and regenerate the netlist. To avoid
\o multiple Check and Save operations, use the Check Hierarchy form or the
\o schHiCheckHier SKILL function to do a hierarchical check and save on the top
\o cell and then generate the netlist.
\o -Ignore all connectivity checks for this place master by specifying it to the
\o list of cellviews to be ignored using the hnlUserIgnoreCVModifyList variable.
\o -Change the severity of modification errors by setting the environment variable
\o simSymbolModifiedAction to 'ignore'. However, this may ignore both connectivity
\o and non-connectivity changes, thereby generating an incorrect netlist.
\o To avoid reporting of non-connectivity changes after performing a hierarchical
\o check and save operation, set 'schematic' 'autoEquivalentConnectivityTime' to
\o 't' in the .cdsenv file. After setting the autoEquivalentConnectivityTime
\o variable, set simSymbolModifiedAction to 'error' to receive reports of only
\o connectivity issues during netlisting.
\o The variable simSymbolModifiedAction controls the severity of this message,
\o which can be 'ignore', 'warning', or 'error'.
\o 
\o WARNING (OSSHNL-325): Place master 'ESDLIB/esdpmos4/symbol' for instance 'MPLIB_DR1' has been modified since the last
\o extraction of its parent cellview 'IOLIB_4M/ICP/cmos_sch'.
\o Connectivity changes in the place master can cause issues in the generated
\o netlist. To resolve such issues:
\o -Reextract the parent cellview 'IOLIB_4M/ICP/cmos_sch' and regenerate the netlist. To avoid
\o multiple Check and Save operations, use the Check Hierarchy form or the
\o schHiCheckHier SKILL function to do a hierarchical check and save on the top
\o cell and then generate the netlist.
\o -Ignore all connectivity checks for this place master by specifying it to the
\o list of cellviews to be ignored using the hnlUserIgnoreCVModifyList variable.
\o -Change the severity of modification errors by setting the environment variable
\o simSymbolModifiedAction to 'ignore'. However, this may ignore both connectivity
\o and non-connectivity changes, thereby generating an incorrect netlist.
\o To avoid reporting of non-connectivity changes after performing a hierarchical
\o check and save operation, set 'schematic' 'autoEquivalentConnectivityTime' to
\o 't' in the .cdsenv file. After setting the autoEquivalentConnectivityTime
\o variable, set simSymbolModifiedAction to 'error' to receive reports of only
\o connectivity issues during netlisting.
\o The variable simSymbolModifiedAction controls the severity of this message,
\o which can be 'ignore', 'warning', or 'error'.
\o 
\o WARNING (OSSHNL-325): Place master 'PRIMLIB/rdiffp3/symbol' for instance 'RLIB_GC2' has been modified since the last
\o extraction of its parent cellview 'IOLIB_4M/ICP/cmos_sch'.
\o Connectivity changes in the place master can cause issues in the generated
\o netlist. To resolve such issues:
\o -Reextract the parent cellview 'IOLIB_4M/ICP/cmos_sch' and regenerate the netlist. To avoid
\o multiple Check and Save operations, use the Check Hierarchy form or the
\o schHiCheckHier SKILL function to do a hierarchical check and save on the top
\o cell and then generate the netlist.
\o -Ignore all connectivity checks for this place master by specifying it to the
\o list of cellviews to be ignored using the hnlUserIgnoreCVModifyList variable.
\o -Change the severity of modification errors by setting the environment variable
\o simSymbolModifiedAction to 'ignore'. However, this may ignore both connectivity
\o and non-connectivity changes, thereby generating an incorrect netlist.
\o To avoid reporting of non-connectivity changes after performing a hierarchical
\o check and save operation, set 'schematic' 'autoEquivalentConnectivityTime' to
\o 't' in the .cdsenv file. After setting the autoEquivalentConnectivityTime
\o variable, set simSymbolModifiedAction to 'error' to receive reports of only
\o connectivity issues during netlisting.
\o The variable simSymbolModifiedAction controls the severity of this message,
\o which can be 'ignore', 'warning', or 'error'.
\o 
\w *WARNING* (SCH-2162): "PRIMLIB rpoly1c symbol" has been updated since "IOLIB_4M GND3RP cmos_sch" was last saved. Validate that the schematic is correct and run Check and Save to suppress this warning.
\w *WARNING* (SCH-2162): "ESDLIB esdnmos4 symbol" has been updated since "IOLIB_4M GND3RP cmos_sch" was last saved. Validate that the schematic is correct and run Check and Save to suppress this warning.
\o WARNING (OSSHNL-325): Place master 'PRIMLIB/rpoly1c/symbol' for instance 'RLIB_GC1' has been modified since the last
\o extraction of its parent cellview 'IOLIB_4M/GND3RP/cmos_sch'.
\o Connectivity changes in the place master can cause issues in the generated
\o netlist. To resolve such issues:
\o -Reextract the parent cellview 'IOLIB_4M/GND3RP/cmos_sch' and regenerate the netlist. To avoid
\o multiple Check and Save operations, use the Check Hierarchy form or the
\o schHiCheckHier SKILL function to do a hierarchical check and save on the top
\o cell and then generate the netlist.
\o -Ignore all connectivity checks for this place master by specifying it to the
\o list of cellviews to be ignored using the hnlUserIgnoreCVModifyList variable.
\o -Change the severity of modification errors by setting the environment variable
\o simSymbolModifiedAction to 'ignore'. However, this may ignore both connectivity
\o and non-connectivity changes, thereby generating an incorrect netlist.
\o To avoid reporting of non-connectivity changes after performing a hierarchical
\o check and save operation, set 'schematic' 'autoEquivalentConnectivityTime' to
\o 't' in the .cdsenv file. After setting the autoEquivalentConnectivityTime
\o variable, set simSymbolModifiedAction to 'error' to receive reports of only
\o connectivity issues during netlisting.
\o The variable simSymbolModifiedAction controls the severity of this message,
\o which can be 'ignore', 'warning', or 'error'.
\o 
\o WARNING (OSSHNL-325): Place master 'ESDLIB/esdnmos4/symbol' for instance 'MNLIB_DR1' has been modified since the last
\o extraction of its parent cellview 'IOLIB_4M/GND3RP/cmos_sch'.
\o Connectivity changes in the place master can cause issues in the generated
\o netlist. To resolve such issues:
\o -Reextract the parent cellview 'IOLIB_4M/GND3RP/cmos_sch' and regenerate the netlist. To avoid
\o multiple Check and Save operations, use the Check Hierarchy form or the
\o schHiCheckHier SKILL function to do a hierarchical check and save on the top
\o cell and then generate the netlist.
\o -Ignore all connectivity checks for this place master by specifying it to the
\o list of cellviews to be ignored using the hnlUserIgnoreCVModifyList variable.
\o -Change the severity of modification errors by setting the environment variable
\o simSymbolModifiedAction to 'ignore'. However, this may ignore both connectivity
\o and non-connectivity changes, thereby generating an incorrect netlist.
\o To avoid reporting of non-connectivity changes after performing a hierarchical
\o check and save operation, set 'schematic' 'autoEquivalentConnectivityTime' to
\o 't' in the .cdsenv file. After setting the autoEquivalentConnectivityTime
\o variable, set simSymbolModifiedAction to 'error' to receive reports of only
\o connectivity issues during netlisting.
\o The variable simSymbolModifiedAction controls the severity of this message,
\o which can be 'ignore', 'warning', or 'error'.
\o 
\w *WARNING* (SCH-2162): "PRIMLIB rpoly1c symbol" has been updated since "IOLIB_4M GND3OP cmos_sch" was last saved. Validate that the schematic is correct and run Check and Save to suppress this warning.
\w *WARNING* (SCH-2162): "ESDLIB esdnmos4 symbol" has been updated since "IOLIB_4M GND3OP cmos_sch" was last saved. Validate that the schematic is correct and run Check and Save to suppress this warning.
\o WARNING (OSSHNL-325): Place master 'PRIMLIB/rpoly1c/symbol' for instance 'RLIB_GC1' has been modified since the last
\o extraction of its parent cellview 'IOLIB_4M/GND3OP/cmos_sch'.
\o Connectivity changes in the place master can cause issues in the generated
\o netlist. To resolve such issues:
\o -Reextract the parent cellview 'IOLIB_4M/GND3OP/cmos_sch' and regenerate the netlist. To avoid
\o multiple Check and Save operations, use the Check Hierarchy form or the
\o schHiCheckHier SKILL function to do a hierarchical check and save on the top
\o cell and then generate the netlist.
\o -Ignore all connectivity checks for this place master by specifying it to the
\o list of cellviews to be ignored using the hnlUserIgnoreCVModifyList variable.
\o -Change the severity of modification errors by setting the environment variable
\o simSymbolModifiedAction to 'ignore'. However, this may ignore both connectivity
\o and non-connectivity changes, thereby generating an incorrect netlist.
\o To avoid reporting of non-connectivity changes after performing a hierarchical
\o check and save operation, set 'schematic' 'autoEquivalentConnectivityTime' to
\o 't' in the .cdsenv file. After setting the autoEquivalentConnectivityTime
\o variable, set simSymbolModifiedAction to 'error' to receive reports of only
\o connectivity issues during netlisting.
\o The variable simSymbolModifiedAction controls the severity of this message,
\o which can be 'ignore', 'warning', or 'error'.
\o 
\o WARNING (OSSHNL-325): Place master 'ESDLIB/esdnmos4/symbol' for instance 'MNLIB_DR1' has been modified since the last
\o extraction of its parent cellview 'IOLIB_4M/GND3OP/cmos_sch'.
\o Connectivity changes in the place master can cause issues in the generated
\o netlist. To resolve such issues:
\o -Reextract the parent cellview 'IOLIB_4M/GND3OP/cmos_sch' and regenerate the netlist. To avoid
\o multiple Check and Save operations, use the Check Hierarchy form or the
\o schHiCheckHier SKILL function to do a hierarchical check and save on the top
\o cell and then generate the netlist.
\o -Ignore all connectivity checks for this place master by specifying it to the
\o list of cellviews to be ignored using the hnlUserIgnoreCVModifyList variable.
\o -Change the severity of modification errors by setting the environment variable
\o simSymbolModifiedAction to 'ignore'. However, this may ignore both connectivity
\o and non-connectivity changes, thereby generating an incorrect netlist.
\o To avoid reporting of non-connectivity changes after performing a hierarchical
\o check and save operation, set 'schematic' 'autoEquivalentConnectivityTime' to
\o 't' in the .cdsenv file. After setting the autoEquivalentConnectivityTime
\o variable, set simSymbolModifiedAction to 'error' to receive reports of only
\o connectivity issues during netlisting.
\o The variable simSymbolModifiedAction controls the severity of this message,
\o which can be 'ignore', 'warning', or 'error'.
\o 
\o WARNING (OSSHNL-940): Same Cell name 'presistor' is present in multiple libraries -  PRIMLIB and analogLib.
\o 
\# Memory report: using         446 MB, process size 2,210 MB at UTC 2026.06.02 17:39:11.436
\o [2026-06-02 17:39:20.038 Z] [INFO] [cadence.virtuoso.ade.services.netlister] - Heartbeat in netlister service {"point": 0, "testname": "Poten"}
\o Loading json.cxt 
\o End netlisting Jun  2 17:39:31 2026
\o 
\o Netlisting Statistics:
\o 	Number of components: 52508
\o 
\o 	Elapsed time:         23.0s (2282.96/s)
\o Errors: 0	Warnings: 0
\o       ...successful.
\o compose simulator input file...
\o       ...successful.
\o [2026-06-02 17:39:33.085 Z] [INFO] [cadence.virtuoso.ade.services.netlister] - Finished preparing netlist {"point": 0, "testname": "Poten", "testnameKey": "Poten"}
\o [2026-06-02 17:39:33.087 Z] [EVENT] [cadence.virtuoso.ade.services.netlister] - NewPoint {"point": 0, "testname": "TIA_Gain_Linearity", "event": "NewPoint", "EventSource": "Netlist Service", "HistoryName": "Interactive.343", "logFile": "/home/hrahimi/projects/POTENTIOSTAT_26/logs_hrahimi/logs0/Service211.log", "logFileSize": "41113"}
\o [2026-06-02 17:39:33.087 Z] [INFO] [cadence.virtuoso.ade.services.netlister] - Started preparing netlist {"point": 0, "testname": "TIA_Gain_Linearity", "testnameKey": "TIA_Gain_Linearity"}
\o Simulation design variables differ from those on the cellView,
\o they have been saved in the file "/tmp/saved-design-variables".
\o To save future changes, copy variables to cellView before exiting.
\o *Warning* AXL Context Manager : job 211 is already registered. 
\o 
\o 
\o 
\o *Info*    Configuring the session ...
\o 
\o 	Library      = Potentiostat_Top
\o 	Cell         = top
\o 	View         = config
\o 	Simulator    = spectre
\o 	State Path   = $AXL_SETUPDB_DIR/test_states
\o 	State Name   = Interactive.343
\o 	Results DB   = /home/hrahimi/projects/POTENTIOSTAT_26/Potentiostat_Top/top/maestro/results/maestro/Interactive.343.rdb
\o 	Results Dir  = /home/hrahimi/projects/POTENTIOSTAT_26/Sim/Potentiostat_Top/top/maestro/results/maestro/Interactive.343/1/TIA_Gain_Linearity
\o 	Results Loc  = /home/hrahimi/projects/POTENTIOSTAT_26/Sim/Potentiostat_Top/top/maestro/results/maestro
\o 	Project Dir  = /home/hrahimi/projects/POTENTIOSTAT_26/Sim
\o 	Setup DB loc = /home/hrahimi/projects/POTENTIOSTAT_26/Potentiostat_Top/top/maestro
\o 	File Encoding = 0
\o 
\o 
\o 
\o *Info*    The auto suspension is disabled.
\o 
\o Resetting statistical vars
\o 
\o *Info*    Setting parameter values ...
\o 
\o Setting var Calib_EN = "1"
\o Setting var Cdl = "10n"
\o Setting var Cdl_CE = "10n"
\o Setting var Idc = "0"
\o Setting var Iin_TIA_AC = "1"
\o Setting var Ipulse = "0"
\o Setting var PTAT_EN = "0"
\o Setting var R_ct = "500k"
\o Setting var Rct_CE = "100k"
\o Setting var Rs_CE = "10k"
\o Setting var Rs_WE = "10k"
\o Setting var S0 = "0"
\o Setting var S1 = "0"
\o Setting var S2 = "1"
\o Setting var S3 = "0"
\o Setting var Vb = "1.615"
\o Setting var Vin_CA_AC = "0"
\o Setting var vdd = "3.3"
\o Setting var vddpuls = "0"
\o Setting var vpuls = "0"
\o Setting var vref = "1.615"
\o Setting var vtran = "0"
\o Reusing AHDL Data dir
\o 
\o *Info*    Data Directory    =
\o           /home/hrahimi/projects/POTENTIOSTAT_26/Sim/Potentiostat_Top/top/maestro/results/maestro/Interactive.343/psf/TIA_Gain_Linearity
\o 
\o generate netlist...
\o function ansCdlCompPrim redefined
\o function ansCdlCompPrim redefined
\o Begin Incremental Netlisting Jun  2 17:39:36 2026
\o WARNING (OSSHNL-335): Design configuration has changed since last netlisting session in this run
\o directory. Netlist(s) from last session cannot be reused for incremental
\o netlisting. Therefore, re-netlisting the design.
\o 
\w *WARNING* (SCH-2162): "ESDLIB esdnmos4 symbol" has been updated since "IOLIB_ANA_4M AGND3ALLP schematic" was last saved. Validate that the schematic is correct and run Check and Save to suppress this warning.
\o WARNING (OSSHNL-325): Place master 'ESDLIB/esdnmos4/symbol' for instance 'MNLIB_DR1' has been modified since the last
\o extraction of its parent cellview 'IOLIB_ANA_4M/AGND3ALLP/schematic'.
\o Connectivity changes in the place master can cause issues in the generated
\o netlist. To resolve such issues:
\o -Reextract the parent cellview 'IOLIB_ANA_4M/AGND3ALLP/schematic' and regenerate the netlist. To avoid
\o multiple Check and Save operations, use the Check Hierarchy form or the
\o schHiCheckHier SKILL function to do a hierarchical check and save on the top
\o cell and then generate the netlist.
\o -Ignore all connectivity checks for this place master by specifying it to the
\o list of cellviews to be ignored using the hnlUserIgnoreCVModifyList variable.
\o -Change the severity of modification errors by setting the environment variable
\o simSymbolModifiedAction to 'ignore'. However, this may ignore both connectivity
\o and non-connectivity changes, thereby generating an incorrect netlist.
\o To avoid reporting of non-connectivity changes after performing a hierarchical
\o check and save operation, set 'schematic' 'autoEquivalentConnectivityTime' to
\o 't' in the .cdsenv file. After setting the autoEquivalentConnectivityTime
\o variable, set simSymbolModifiedAction to 'error' to receive reports of only
\o connectivity issues during netlisting.
\o The variable simSymbolModifiedAction controls the severity of this message,
\o which can be 'ignore', 'warning', or 'error'.
\o 
\w *WARNING* (SCH-2162): "PRIMLIB rpoly1c symbol" has been updated since "IOLIB_ANA_4M AVDD3ALLP schematic" was last saved. Validate that the schematic is correct and run Check and Save to suppress this warning.
\w *WARNING* (SCH-2162): "ESDLIB esdnmos4 symbol" has been updated since "IOLIB_ANA_4M AVDD3ALLP schematic" was last saved. Validate that the schematic is correct and run Check and Save to suppress this warning.
\o WARNING (OSSHNL-325): Place master 'PRIMLIB/rpoly1c/symbol' for instance 'RLIB_GC1' has been modified since the last
\o extraction of its parent cellview 'IOLIB_ANA_4M/AVDD3ALLP/schematic'.
\o Connectivity changes in the place master can cause issues in the generated
\o netlist. To resolve such issues:
\o -Reextract the parent cellview 'IOLIB_ANA_4M/AVDD3ALLP/schematic' and regenerate the netlist. To avoid
\o multiple Check and Save operations, use the Check Hierarchy form or the
\o schHiCheckHier SKILL function to do a hierarchical check and save on the top
\o cell and then generate the netlist.
\o -Ignore all connectivity checks for this place master by specifying it to the
\o list of cellviews to be ignored using the hnlUserIgnoreCVModifyList variable.
\o -Change the severity of modification errors by setting the environment variable
\o simSymbolModifiedAction to 'ignore'. However, this may ignore both connectivity
\o and non-connectivity changes, thereby generating an incorrect netlist.
\o To avoid reporting of non-connectivity changes after performing a hierarchical
\o check and save operation, set 'schematic' 'autoEquivalentConnectivityTime' to
\o 't' in the .cdsenv file. After setting the autoEquivalentConnectivityTime
\o variable, set simSymbolModifiedAction to 'error' to receive reports of only
\o connectivity issues during netlisting.
\o The variable simSymbolModifiedAction controls the severity of this message,
\o which can be 'ignore', 'warning', or 'error'.
\o 
\o WARNING (OSSHNL-325): Place master 'ESDLIB/esdnmos4/symbol' for instance 'MNLIB_DR1' has been modified since the last
\o extraction of its parent cellview 'IOLIB_ANA_4M/AVDD3ALLP/schematic'.
\o Connectivity changes in the place master can cause issues in the generated
\o netlist. To resolve such issues:
\o -Reextract the parent cellview 'IOLIB_ANA_4M/AVDD3ALLP/schematic' and regenerate the netlist. To avoid
\o multiple Check and Save operations, use the Check Hierarchy form or the
\o schHiCheckHier SKILL function to do a hierarchical check and save on the top
\o cell and then generate the netlist.
\o -Ignore all connectivity checks for this place master by specifying it to the
\o list of cellviews to be ignored using the hnlUserIgnoreCVModifyList variable.
\o -Change the severity of modification errors by setting the environment variable
\o simSymbolModifiedAction to 'ignore'. However, this may ignore both connectivity
\o and non-connectivity changes, thereby generating an incorrect netlist.
\o To avoid reporting of non-connectivity changes after performing a hierarchical
\o check and save operation, set 'schematic' 'autoEquivalentConnectivityTime' to
\o 't' in the .cdsenv file. After setting the autoEquivalentConnectivityTime
\o variable, set simSymbolModifiedAction to 'error' to receive reports of only
\o connectivity issues during netlisting.
\o The variable simSymbolModifiedAction controls the severity of this message,
\o which can be 'ignore', 'warning', or 'error'.
\o 
\w *WARNING* (SCH-2162): "PRIMLIB rpoly2c symbol" has been updated since "IOLIB_ANA_4M APRIO200P schematic" was last saved. Validate that the schematic is correct and run Check and Save to suppress this warning.
\o WARNING (OSSHNL-325): Place master 'PRIMLIB/rpoly2c/symbol' for instance 'R3' has been modified since the last
\o extraction of its parent cellview 'IOLIB_ANA_4M/APRIO200P/schematic'.
\o Connectivity changes in the place master can cause issues in the generated
\o netlist. To resolve such issues:
\o -Reextract the parent cellview 'IOLIB_ANA_4M/APRIO200P/schematic' and regenerate the netlist. To avoid
\o multiple Check and Save operations, use the Check Hierarchy form or the
\o schHiCheckHier SKILL function to do a hierarchical check and save on the top
\o cell and then generate the netlist.
\o -Ignore all connectivity checks for this place master by specifying it to the
\o list of cellviews to be ignored using the hnlUserIgnoreCVModifyList variable.
\o -Change the severity of modification errors by setting the environment variable
\o simSymbolModifiedAction to 'ignore'. However, this may ignore both connectivity
\o and non-connectivity changes, thereby generating an incorrect netlist.
\o To avoid reporting of non-connectivity changes after performing a hierarchical
\o check and save operation, set 'schematic' 'autoEquivalentConnectivityTime' to
\o 't' in the .cdsenv file. After setting the autoEquivalentConnectivityTime
\o variable, set simSymbolModifiedAction to 'error' to receive reports of only
\o connectivity issues during netlisting.
\o The variable simSymbolModifiedAction controls the severity of this message,
\o which can be 'ignore', 'warning', or 'error'.
\o 
\o [2026-06-02 17:39:36.588 Z] [INFO] [cadence.virtuoso.ade.services.netlister] - Heartbeat in netlister service {"point": 0, "testname": "TIA_Gain_Linearity"}
\w *WARNING* (SCH-2162): "PRIMLIB rpoly1c symbol" has been updated since "IOLIB_4M VDD3RP cmos_sch" was last saved. Validate that the schematic is correct and run Check and Save to suppress this warning.
\w *WARNING* (SCH-2162): "ESDLIB esdnmos4 symbol" has been updated since "IOLIB_4M VDD3RP cmos_sch" was last saved. Validate that the schematic is correct and run Check and Save to suppress this warning.
\o WARNING (OSSHNL-325): Place master 'PRIMLIB/rpoly1c/symbol' for instance 'RLIB_GC1' has been modified since the last
\o extraction of its parent cellview 'IOLIB_4M/VDD3RP/cmos_sch'.
\o Connectivity changes in the place master can cause issues in the generated
\o netlist. To resolve such issues:
\o -Reextract the parent cellview 'IOLIB_4M/VDD3RP/cmos_sch' and regenerate the netlist. To avoid
\o multiple Check and Save operations, use the Check Hierarchy form or the
\o schHiCheckHier SKILL function to do a hierarchical check and save on the top
\o cell and then generate the netlist.
\o -Ignore all connectivity checks for this place master by specifying it to the
\o list of cellviews to be ignored using the hnlUserIgnoreCVModifyList variable.
\o -Change the severity of modification errors by setting the environment variable
\o simSymbolModifiedAction to 'ignore'. However, this may ignore both connectivity
\o and non-connectivity changes, thereby generating an incorrect netlist.
\o To avoid reporting of non-connectivity changes after performing a hierarchical
\o check and save operation, set 'schematic' 'autoEquivalentConnectivityTime' to
\o 't' in the .cdsenv file. After setting the autoEquivalentConnectivityTime
\o variable, set simSymbolModifiedAction to 'error' to receive reports of only
\o connectivity issues during netlisting.
\o The variable simSymbolModifiedAction controls the severity of this message,
\o which can be 'ignore', 'warning', or 'error'.
\o 
\o WARNING (OSSHNL-325): Place master 'ESDLIB/esdnmos4/symbol' for instance 'MNLIB_DR1' has been modified since the last
\o extraction of its parent cellview 'IOLIB_4M/VDD3RP/cmos_sch'.
\o Connectivity changes in the place master can cause issues in the generated
\o netlist. To resolve such issues:
\o -Reextract the parent cellview 'IOLIB_4M/VDD3RP/cmos_sch' and regenerate the netlist. To avoid
\o multiple Check and Save operations, use the Check Hierarchy form or the
\o schHiCheckHier SKILL function to do a hierarchical check and save on the top
\o cell and then generate the netlist.
\o -Ignore all connectivity checks for this place master by specifying it to the
\o list of cellviews to be ignored using the hnlUserIgnoreCVModifyList variable.
\o -Change the severity of modification errors by setting the environment variable
\o simSymbolModifiedAction to 'ignore'. However, this may ignore both connectivity
\o and non-connectivity changes, thereby generating an incorrect netlist.
\o To avoid reporting of non-connectivity changes after performing a hierarchical
\o check and save operation, set 'schematic' 'autoEquivalentConnectivityTime' to
\o 't' in the .cdsenv file. After setting the autoEquivalentConnectivityTime
\o variable, set simSymbolModifiedAction to 'error' to receive reports of only
\o connectivity issues during netlisting.
\o The variable simSymbolModifiedAction controls the severity of this message,
\o which can be 'ignore', 'warning', or 'error'.
\o 
\w *WARNING* (SCH-2162): "PRIMLIB rpoly1c symbol" has been updated since "IOLIB_4M VDD3OP cmos_sch" was last saved. Validate that the schematic is correct and run Check and Save to suppress this warning.
\w *WARNING* (SCH-2162): "ESDLIB esdnmos4 symbol" has been updated since "IOLIB_4M VDD3OP cmos_sch" was last saved. Validate that the schematic is correct and run Check and Save to suppress this warning.
\o WARNING (OSSHNL-325): Place master 'PRIMLIB/rpoly1c/symbol' for instance 'RLIB_GC1' has been modified since the last
\o extraction of its parent cellview 'IOLIB_4M/VDD3OP/cmos_sch'.
\o Connectivity changes in the place master can cause issues in the generated
\o netlist. To resolve such issues:
\o -Reextract the parent cellview 'IOLIB_4M/VDD3OP/cmos_sch' and regenerate the netlist. To avoid
\o multiple Check and Save operations, use the Check Hierarchy form or the
\o schHiCheckHier SKILL function to do a hierarchical check and save on the top
\o cell and then generate the netlist.
\o -Ignore all connectivity checks for this place master by specifying it to the
\o list of cellviews to be ignored using the hnlUserIgnoreCVModifyList variable.
\o -Change the severity of modification errors by setting the environment variable
\o simSymbolModifiedAction to 'ignore'. However, this may ignore both connectivity
\o and non-connectivity changes, thereby generating an incorrect netlist.
\o To avoid reporting of non-connectivity changes after performing a hierarchical
\o check and save operation, set 'schematic' 'autoEquivalentConnectivityTime' to
\o 't' in the .cdsenv file. After setting the autoEquivalentConnectivityTime
\o variable, set simSymbolModifiedAction to 'error' to receive reports of only
\o connectivity issues during netlisting.
\o The variable simSymbolModifiedAction controls the severity of this message,
\o which can be 'ignore', 'warning', or 'error'.
\o 
\o WARNING (OSSHNL-325): Place master 'ESDLIB/esdnmos4/symbol' for instance 'MNLIB_DR1' has been modified since the last
\o extraction of its parent cellview 'IOLIB_4M/VDD3OP/cmos_sch'.
\o Connectivity changes in the place master can cause issues in the generated
\o netlist. To resolve such issues:
\o -Reextract the parent cellview 'IOLIB_4M/VDD3OP/cmos_sch' and regenerate the netlist. To avoid
\o multiple Check and Save operations, use the Check Hierarchy form or the
\o schHiCheckHier SKILL function to do a hierarchical check and save on the top
\o cell and then generate the netlist.
\o -Ignore all connectivity checks for this place master by specifying it to the
\o list of cellviews to be ignored using the hnlUserIgnoreCVModifyList variable.
\o -Change the severity of modification errors by setting the environment variable
\o simSymbolModifiedAction to 'ignore'. However, this may ignore both connectivity
\o and non-connectivity changes, thereby generating an incorrect netlist.
\o To avoid reporting of non-connectivity changes after performing a hierarchical
\o check and save operation, set 'schematic' 'autoEquivalentConnectivityTime' to
\o 't' in the .cdsenv file. After setting the autoEquivalentConnectivityTime
\o variable, set simSymbolModifiedAction to 'error' to receive reports of only
\o connectivity issues during netlisting.
\o The variable simSymbolModifiedAction controls the severity of this message,
\o which can be 'ignore', 'warning', or 'error'.
\o 
\w *WARNING* (SCH-2162): "PRIMLIB rpoly1c symbol" has been updated since "IOLIB_4M VDD3IP cmos_sch" was last saved. Validate that the schematic is correct and run Check and Save to suppress this warning.
\w *WARNING* (SCH-2162): "ESDLIB esdnmos4 symbol" has been updated since "IOLIB_4M VDD3IP cmos_sch" was last saved. Validate that the schematic is correct and run Check and Save to suppress this warning.
\o WARNING (OSSHNL-325): Place master 'PRIMLIB/rpoly1c/symbol' for instance 'RLIB_GC1' has been modified since the last
\o extraction of its parent cellview 'IOLIB_4M/VDD3IP/cmos_sch'.
\o Connectivity changes in the place master can cause issues in the generated
\o netlist. To resolve such issues:
\o -Reextract the parent cellview 'IOLIB_4M/VDD3IP/cmos_sch' and regenerate the netlist. To avoid
\o multiple Check and Save operations, use the Check Hierarchy form or the
\o schHiCheckHier SKILL function to do a hierarchical check and save on the top
\o cell and then generate the netlist.
\o -Ignore all connectivity checks for this place master by specifying it to the
\o list of cellviews to be ignored using the hnlUserIgnoreCVModifyList variable.
\o -Change the severity of modification errors by setting the environment variable
\o simSymbolModifiedAction to 'ignore'. However, this may ignore both connectivity
\o and non-connectivity changes, thereby generating an incorrect netlist.
\o To avoid reporting of non-connectivity changes after performing a hierarchical
\o check and save operation, set 'schematic' 'autoEquivalentConnectivityTime' to
\o 't' in the .cdsenv file. After setting the autoEquivalentConnectivityTime
\o variable, set simSymbolModifiedAction to 'error' to receive reports of only
\o connectivity issues during netlisting.
\o The variable simSymbolModifiedAction controls the severity of this message,
\o which can be 'ignore', 'warning', or 'error'.
\o 
\o WARNING (OSSHNL-325): Place master 'ESDLIB/esdnmos4/symbol' for instance 'MNLIB_DR1' has been modified since the last
\o extraction of its parent cellview 'IOLIB_4M/VDD3IP/cmos_sch'.
\o Connectivity changes in the place master can cause issues in the generated
\o netlist. To resolve such issues:
\o -Reextract the parent cellview 'IOLIB_4M/VDD3IP/cmos_sch' and regenerate the netlist. To avoid
\o multiple Check and Save operations, use the Check Hierarchy form or the
\o schHiCheckHier SKILL function to do a hierarchical check and save on the top
\o cell and then generate the netlist.
\o -Ignore all connectivity checks for this place master by specifying it to the
\o list of cellviews to be ignored using the hnlUserIgnoreCVModifyList variable.
\o -Change the severity of modification errors by setting the environment variable
\o simSymbolModifiedAction to 'ignore'. However, this may ignore both connectivity
\o and non-connectivity changes, thereby generating an incorrect netlist.
\o To avoid reporting of non-connectivity changes after performing a hierarchical
\o check and save operation, set 'schematic' 'autoEquivalentConnectivityTime' to
\o 't' in the .cdsenv file. After setting the autoEquivalentConnectivityTime
\o variable, set simSymbolModifiedAction to 'error' to receive reports of only
\o connectivity issues during netlisting.
\o The variable simSymbolModifiedAction controls the severity of this message,
\o which can be 'ignore', 'warning', or 'error'.
\o 
\w *WARNING* (SCH-2162): "PRIMLIB rpoly1c symbol" has been updated since "IOLIB_4M ICP cmos_sch" was last saved. Validate that the schematic is correct and run Check and Save to suppress this warning.
\w *WARNING* (SCH-2162): "ESDLIB esdnmos4 symbol" has been updated since "IOLIB_4M ICP cmos_sch" was last saved. Validate that the schematic is correct and run Check and Save to suppress this warning.
\w *WARNING* (SCH-2162): "ESDLIB esdpmos4 symbol" has been updated since "IOLIB_4M ICP cmos_sch" was last saved. Validate that the schematic is correct and run Check and Save to suppress this warning.
\w *WARNING* (SCH-2162): "PRIMLIB rdiffp3 symbol" has been updated since "IOLIB_4M ICP cmos_sch" was last saved. Validate that the schematic is correct and run Check and Save to suppress this warning.
\o WARNING (OSSHNL-325): Place master 'PRIMLIB/rpoly1c/symbol' for instance 'RLIB1' has been modified since the last
\o extraction of its parent cellview 'IOLIB_4M/ICP/cmos_sch'.
\o Connectivity changes in the place master can cause issues in the generated
\o netlist. To resolve such issues:
\o -Reextract the parent cellview 'IOLIB_4M/ICP/cmos_sch' and regenerate the netlist. To avoid
\o multiple Check and Save operations, use the Check Hierarchy form or the
\o schHiCheckHier SKILL function to do a hierarchical check and save on the top
\o cell and then generate the netlist.
\o -Ignore all connectivity checks for this place master by specifying it to the
\o list of cellviews to be ignored using the hnlUserIgnoreCVModifyList variable.
\o -Change the severity of modification errors by setting the environment variable
\o simSymbolModifiedAction to 'ignore'. However, this may ignore both connectivity
\o and non-connectivity changes, thereby generating an incorrect netlist.
\o To avoid reporting of non-connectivity changes after performing a hierarchical
\o check and save operation, set 'schematic' 'autoEquivalentConnectivityTime' to
\o 't' in the .cdsenv file. After setting the autoEquivalentConnectivityTime
\o variable, set simSymbolModifiedAction to 'error' to receive reports of only
\o connectivity issues during netlisting.
\o The variable simSymbolModifiedAction controls the severity of this message,
\o which can be 'ignore', 'warning', or 'error'.
\o 
\o WARNING (OSSHNL-325): Place master 'ESDLIB/esdnmos4/symbol' for instance 'MNLIB_DR1' has been modified since the last
\o extraction of its parent cellview 'IOLIB_4M/ICP/cmos_sch'.
\o Connectivity changes in the place master can cause issues in the generated
\o netlist. To resolve such issues:
\o -Reextract the parent cellview 'IOLIB_4M/ICP/cmos_sch' and regenerate the netlist. To avoid
\o multiple Check and Save operations, use the Check Hierarchy form or the
\o schHiCheckHier SKILL function to do a hierarchical check and save on the top
\o cell and then generate the netlist.
\o -Ignore all connectivity checks for this place master by specifying it to the
\o list of cellviews to be ignored using the hnlUserIgnoreCVModifyList variable.
\o -Change the severity of modification errors by setting the environment variable
\o simSymbolModifiedAction to 'ignore'. However, this may ignore both connectivity
\o and non-connectivity changes, thereby generating an incorrect netlist.
\o To avoid reporting of non-connectivity changes after performing a hierarchical
\o check and save operation, set 'schematic' 'autoEquivalentConnectivityTime' to
\o 't' in the .cdsenv file. After setting the autoEquivalentConnectivityTime
\o variable, set simSymbolModifiedAction to 'error' to receive reports of only
\o connectivity issues during netlisting.
\o The variable simSymbolModifiedAction controls the severity of this message,
\o which can be 'ignore', 'warning', or 'error'.
\o 
\o WARNING (OSSHNL-325): Place master 'ESDLIB/esdpmos4/symbol' for instance 'MPLIB_DR1' has been modified since the last
\o extraction of its parent cellview 'IOLIB_4M/ICP/cmos_sch'.
\o Connectivity changes in the place master can cause issues in the generated
\o netlist. To resolve such issues:
\o -Reextract the parent cellview 'IOLIB_4M/ICP/cmos_sch' and regenerate the netlist. To avoid
\o multiple Check and Save operations, use the Check Hierarchy form or the
\o schHiCheckHier SKILL function to do a hierarchical check and save on the top
\o cell and then generate the netlist.
\o -Ignore all connectivity checks for this place master by specifying it to the
\o list of cellviews to be ignored using the hnlUserIgnoreCVModifyList variable.
\o -Change the severity of modification errors by setting the environment variable
\o simSymbolModifiedAction to 'ignore'. However, this may ignore both connectivity
\o and non-connectivity changes, thereby generating an incorrect netlist.
\o To avoid reporting of non-connectivity changes after performing a hierarchical
\o check and save operation, set 'schematic' 'autoEquivalentConnectivityTime' to
\o 't' in the .cdsenv file. After setting the autoEquivalentConnectivityTime
\o variable, set simSymbolModifiedAction to 'error' to receive reports of only
\o connectivity issues during netlisting.
\o The variable simSymbolModifiedAction controls the severity of this message,
\o which can be 'ignore', 'warning', or 'error'.
\o 
\o WARNING (OSSHNL-325): Place master 'PRIMLIB/rdiffp3/symbol' for instance 'RLIB_GC2' has been modified since the last
\o extraction of its parent cellview 'IOLIB_4M/ICP/cmos_sch'.
\o Connectivity changes in the place master can cause issues in the generated
\o netlist. To resolve such issues:
\o -Reextract the parent cellview 'IOLIB_4M/ICP/cmos_sch' and regenerate the netlist. To avoid
\o multiple Check and Save operations, use the Check Hierarchy form or the
\o schHiCheckHier SKILL function to do a hierarchical check and save on the top
\o cell and then generate the netlist.
\o -Ignore all connectivity checks for this place master by specifying it to the
\o list of cellviews to be ignored using the hnlUserIgnoreCVModifyList variable.
\o -Change the severity of modification errors by setting the environment variable
\o simSymbolModifiedAction to 'ignore'. However, this may ignore both connectivity
\o and non-connectivity changes, thereby generating an incorrect netlist.
\o To avoid reporting of non-connectivity changes after performing a hierarchical
\o check and save operation, set 'schematic' 'autoEquivalentConnectivityTime' to
\o 't' in the .cdsenv file. After setting the autoEquivalentConnectivityTime
\o variable, set simSymbolModifiedAction to 'error' to receive reports of only
\o connectivity issues during netlisting.
\o The variable simSymbolModifiedAction controls the severity of this message,
\o which can be 'ignore', 'warning', or 'error'.
\o 
\w *WARNING* (SCH-2162): "PRIMLIB rpoly1c symbol" has been updated since "IOLIB_4M GND3RP cmos_sch" was last saved. Validate that the schematic is correct and run Check and Save to suppress this warning.
\w *WARNING* (SCH-2162): "ESDLIB esdnmos4 symbol" has been updated since "IOLIB_4M GND3RP cmos_sch" was last saved. Validate that the schematic is correct and run Check and Save to suppress this warning.
\o WARNING (OSSHNL-325): Place master 'PRIMLIB/rpoly1c/symbol' for instance 'RLIB_GC1' has been modified since the last
\o extraction of its parent cellview 'IOLIB_4M/GND3RP/cmos_sch'.
\o Connectivity changes in the place master can cause issues in the generated
\o netlist. To resolve such issues:
\o -Reextract the parent cellview 'IOLIB_4M/GND3RP/cmos_sch' and regenerate the netlist. To avoid
\o multiple Check and Save operations, use the Check Hierarchy form or the
\o schHiCheckHier SKILL function to do a hierarchical check and save on the top
\o cell and then generate the netlist.
\o -Ignore all connectivity checks for this place master by specifying it to the
\o list of cellviews to be ignored using the hnlUserIgnoreCVModifyList variable.
\o -Change the severity of modification errors by setting the environment variable
\o simSymbolModifiedAction to 'ignore'. However, this may ignore both connectivity
\o and non-connectivity changes, thereby generating an incorrect netlist.
\o To avoid reporting of non-connectivity changes after performing a hierarchical
\o check and save operation, set 'schematic' 'autoEquivalentConnectivityTime' to
\o 't' in the .cdsenv file. After setting the autoEquivalentConnectivityTime
\o variable, set simSymbolModifiedAction to 'error' to receive reports of only
\o connectivity issues during netlisting.
\o The variable simSymbolModifiedAction controls the severity of this message,
\o which can be 'ignore', 'warning', or 'error'.
\o 
\o WARNING (OSSHNL-325): Place master 'ESDLIB/esdnmos4/symbol' for instance 'MNLIB_DR1' has been modified since the last
\o extraction of its parent cellview 'IOLIB_4M/GND3RP/cmos_sch'.
\o Connectivity changes in the place master can cause issues in the generated
\o netlist. To resolve such issues:
\o -Reextract the parent cellview 'IOLIB_4M/GND3RP/cmos_sch' and regenerate the netlist. To avoid
\o multiple Check and Save operations, use the Check Hierarchy form or the
\o schHiCheckHier SKILL function to do a hierarchical check and save on the top
\o cell and then generate the netlist.
\o -Ignore all connectivity checks for this place master by specifying it to the
\o list of cellviews to be ignored using the hnlUserIgnoreCVModifyList variable.
\o -Change the severity of modification errors by setting the environment variable
\o simSymbolModifiedAction to 'ignore'. However, this may ignore both connectivity
\o and non-connectivity changes, thereby generating an incorrect netlist.
\o To avoid reporting of non-connectivity changes after performing a hierarchical
\o check and save operation, set 'schematic' 'autoEquivalentConnectivityTime' to
\o 't' in the .cdsenv file. After setting the autoEquivalentConnectivityTime
\o variable, set simSymbolModifiedAction to 'error' to receive reports of only
\o connectivity issues during netlisting.
\o The variable simSymbolModifiedAction controls the severity of this message,
\o which can be 'ignore', 'warning', or 'error'.
\o 
\w *WARNING* (SCH-2162): "PRIMLIB rpoly1c symbol" has been updated since "IOLIB_4M GND3OP cmos_sch" was last saved. Validate that the schematic is correct and run Check and Save to suppress this warning.
\w *WARNING* (SCH-2162): "ESDLIB esdnmos4 symbol" has been updated since "IOLIB_4M GND3OP cmos_sch" was last saved. Validate that the schematic is correct and run Check and Save to suppress this warning.
\o WARNING (OSSHNL-325): Place master 'PRIMLIB/rpoly1c/symbol' for instance 'RLIB_GC1' has been modified since the last
\o extraction of its parent cellview 'IOLIB_4M/GND3OP/cmos_sch'.
\o Connectivity changes in the place master can cause issues in the generated
\o netlist. To resolve such issues:
\o -Reextract the parent cellview 'IOLIB_4M/GND3OP/cmos_sch' and regenerate the netlist. To avoid
\o multiple Check and Save operations, use the Check Hierarchy form or the
\o schHiCheckHier SKILL function to do a hierarchical check and save on the top
\o cell and then generate the netlist.
\o -Ignore all connectivity checks for this place master by specifying it to the
\o list of cellviews to be ignored using the hnlUserIgnoreCVModifyList variable.
\o -Change the severity of modification errors by setting the environment variable
\o simSymbolModifiedAction to 'ignore'. However, this may ignore both connectivity
\o and non-connectivity changes, thereby generating an incorrect netlist.
\o To avoid reporting of non-connectivity changes after performing a hierarchical
\o check and save operation, set 'schematic' 'autoEquivalentConnectivityTime' to
\o 't' in the .cdsenv file. After setting the autoEquivalentConnectivityTime
\o variable, set simSymbolModifiedAction to 'error' to receive reports of only
\o connectivity issues during netlisting.
\o The variable simSymbolModifiedAction controls the severity of this message,
\o which can be 'ignore', 'warning', or 'error'.
\o 
\o WARNING (OSSHNL-325): Place master 'ESDLIB/esdnmos4/symbol' for instance 'MNLIB_DR1' has been modified since the last
\o extraction of its parent cellview 'IOLIB_4M/GND3OP/cmos_sch'.
\o Connectivity changes in the place master can cause issues in the generated
\o netlist. To resolve such issues:
\o -Reextract the parent cellview 'IOLIB_4M/GND3OP/cmos_sch' and regenerate the netlist. To avoid
\o multiple Check and Save operations, use the Check Hierarchy form or the
\o schHiCheckHier SKILL function to do a hierarchical check and save on the top
\o cell and then generate the netlist.
\o -Ignore all connectivity checks for this place master by specifying it to the
\o list of cellviews to be ignored using the hnlUserIgnoreCVModifyList variable.
\o -Change the severity of modification errors by setting the environment variable
\o simSymbolModifiedAction to 'ignore'. However, this may ignore both connectivity
\o and non-connectivity changes, thereby generating an incorrect netlist.
\o To avoid reporting of non-connectivity changes after performing a hierarchical
\o check and save operation, set 'schematic' 'autoEquivalentConnectivityTime' to
\o 't' in the .cdsenv file. After setting the autoEquivalentConnectivityTime
\o variable, set simSymbolModifiedAction to 'error' to receive reports of only
\o connectivity issues during netlisting.
\o The variable simSymbolModifiedAction controls the severity of this message,
\o which can be 'ignore', 'warning', or 'error'.
\o 
\o WARNING (OSSHNL-940): Same Cell name 'presistor' is present in multiple libraries -  PRIMLIB and analogLib.
\o 
\# Memory report: using         569 MB, process size 2,334 MB at UTC 2026.06.02 17:39:39.125
\o [2026-06-02 17:39:47.011 Z] [INFO] [cadence.virtuoso.ade.services.netlister] - Heartbeat in netlister service {"point": 0, "testname": "TIA_Gain_Linearity"}
\o [2026-06-02 17:39:58.040 Z] [INFO] [cadence.virtuoso.ade.services.netlister] - Heartbeat in netlister service {"point": 0, "testname": "TIA_Gain_Linearity"}
\o End netlisting Jun  2 17:39:58 2026
\o 
\o Netlisting Statistics:
\o 	Number of components: 52508
\o 
\o 	Elapsed time:         22.0s (2386.73/s)
\o Errors: 0	Warnings: 0
\o       ...successful.
\o compose simulator input file...
\o       ...successful.
\o [2026-06-02 17:39:59.972 Z] [INFO] [cadence.virtuoso.ade.services.netlister] - Finished preparing netlist {"point": 0, "testname": "TIA_Gain_Linearity", "testnameKey": "TIA_Gain_Linearity"}
\o [2026-06-02 17:39:59.975 Z] [EVENT] [cadence.virtuoso.ade.services.netlister] - NewPoint {"point": 0, "testname": "PTAT", "event": "NewPoint", "EventSource": "Netlist Service", "HistoryName": "Interactive.343", "logFile": "/home/hrahimi/projects/POTENTIOSTAT_26/logs_hrahimi/logs0/Service211.log", "logFileSize": "75861"}
\o [2026-06-02 17:39:59.975 Z] [INFO] [cadence.virtuoso.ade.services.netlister] - Started preparing netlist {"point": 0, "testname": "PTAT", "testnameKey": "PTAT"}
\o Simulation design variables differ from those on the cellView,
\o they have been saved in the file "/tmp/saved-design-variables".
\o To save future changes, copy variables to cellView before exiting.
\o *Warning* AXL Context Manager : job 211 is already registered. 
\o 
\o 
\o 
\o *Info*    Configuring the session ...
\o 
\o 	Library      = Potentiostat_Top
\o 	Cell         = top
\o 	View         = config
\o 	Simulator    = spectre
\o 	State Path   = $AXL_SETUPDB_DIR/test_states
\o 	State Name   = Interactive.343
\o 	Results DB   = /home/hrahimi/projects/POTENTIOSTAT_26/Potentiostat_Top/top/maestro/results/maestro/Interactive.343.rdb
\o 	Results Dir  = /home/hrahimi/projects/POTENTIOSTAT_26/Sim/Potentiostat_Top/top/maestro/results/maestro/Interactive.343/1/PTAT
\o 	Results Loc  = /home/hrahimi/projects/POTENTIOSTAT_26/Sim/Potentiostat_Top/top/maestro/results/maestro
\o 	Project Dir  = /home/hrahimi/projects/POTENTIOSTAT_26/Sim
\o 	Setup DB loc = /home/hrahimi/projects/POTENTIOSTAT_26/Potentiostat_Top/top/maestro
\o 	File Encoding = 0
\o 
\o 
\o 
\o *Info*    The auto suspension is disabled.
\o 
\o Resetting statistical vars
\o 
\o *Info*    Setting parameter values ...
\o 
\o Setting var Calib_EN = "1"
\o Setting var Cdl = "10n"
\o Setting var Cdl_CE = "10n"
\o Setting var Idc = "0"
\o Setting var Iin_TIA_AC = "0"
\o Setting var Ipulse = "0"
\o Setting var PTAT_EN = "0"
\o Setting var R_ct = "500k"
\o Setting var Rct_CE = "100k"
\o Setting var Rs_CE = "10k"
\o Setting var Rs_WE = "10k"
\o Setting var S0 = "0"
\o Setting var S1 = "0"
\o Setting var S2 = "1"
\o Setting var S3 = "0"
\o Setting var Vb = "0"
\o Setting var Vin_CA_AC = "0"
\o Setting var vdd = "3.3"
\o Setting var vddpuls = "0"
\o Setting var vpuls = "0"
\o Setting var vref = "1.615"
\o Setting var vtran = "0"
\o Reusing AHDL Data dir
\o 
\o *Info*    Data Directory    =
\o           /home/hrahimi/projects/POTENTIOSTAT_26/Sim/Potentiostat_Top/top/maestro/results/maestro/Interactive.343/psf/PTAT
\o 
\o generate netlist...
\o function ansCdlCompPrim redefined
\o function ansCdlCompPrim redefined
\o Initializing the control file using cp:
\o     cp /opt/tools/cadence/installs/IC618/tools.lnx86/dfII/etc/si/control.spectre /home/hrahimi/projects/POTENTIOSTAT_26/Sim/Potentiostat_Top/top/maestro/results/maestro/Interactive.343/psf/PTAT/netlist/control
\o Copying Spectre source file 'spectre.inp'
\o Copying Spectre command file 'spectre.sim'
\o Begin Incremental Netlisting Jun  2 17:40:03 2026
\w *WARNING* (SCH-2162): "ESDLIB esdnmos4 symbol" has been updated since "IOLIB_ANA_4M AGND3ALLP schematic" was last saved. Validate that the schematic is correct and run Check and Save to suppress this warning.
\o WARNING (OSSHNL-325): Place master 'ESDLIB/esdnmos4/symbol' for instance 'MNLIB_DR1' has been modified since the last
\o extraction of its parent cellview 'IOLIB_ANA_4M/AGND3ALLP/schematic'.
\o Connectivity changes in the place master can cause issues in the generated
\o netlist. To resolve such issues:
\o -Reextract the parent cellview 'IOLIB_ANA_4M/AGND3ALLP/schematic' and regenerate the netlist. To avoid
\o multiple Check and Save operations, use the Check Hierarchy form or the
\o schHiCheckHier SKILL function to do a hierarchical check and save on the top
\o cell and then generate the netlist.
\o -Ignore all connectivity checks for this place master by specifying it to the
\o list of cellviews to be ignored using the hnlUserIgnoreCVModifyList variable.
\o -Change the severity of modification errors by setting the environment variable
\o simSymbolModifiedAction to 'ignore'. However, this may ignore both connectivity
\o and non-connectivity changes, thereby generating an incorrect netlist.
\o To avoid reporting of non-connectivity changes after performing a hierarchical
\o check and save operation, set 'schematic' 'autoEquivalentConnectivityTime' to
\o 't' in the .cdsenv file. After setting the autoEquivalentConnectivityTime
\o variable, set simSymbolModifiedAction to 'error' to receive reports of only
\o connectivity issues during netlisting.
\o The variable simSymbolModifiedAction controls the severity of this message,
\o which can be 'ignore', 'warning', or 'error'.
\o 
\w *WARNING* (SCH-2162): "PRIMLIB rpoly1c symbol" has been updated since "IOLIB_ANA_4M AVDD3ALLP schematic" was last saved. Validate that the schematic is correct and run Check and Save to suppress this warning.
\w *WARNING* (SCH-2162): "ESDLIB esdnmos4 symbol" has been updated since "IOLIB_ANA_4M AVDD3ALLP schematic" was last saved. Validate that the schematic is correct and run Check and Save to suppress this warning.
\o WARNING (OSSHNL-325): Place master 'PRIMLIB/rpoly1c/symbol' for instance 'RLIB_GC1' has been modified since the last
\o extraction of its parent cellview 'IOLIB_ANA_4M/AVDD3ALLP/schematic'.
\o Connectivity changes in the place master can cause issues in the generated
\o netlist. To resolve such issues:
\o -Reextract the parent cellview 'IOLIB_ANA_4M/AVDD3ALLP/schematic' and regenerate the netlist. To avoid
\o multiple Check and Save operations, use the Check Hierarchy form or the
\o schHiCheckHier SKILL function to do a hierarchical check and save on the top
\o cell and then generate the netlist.
\o -Ignore all connectivity checks for this place master by specifying it to the
\o list of cellviews to be ignored using the hnlUserIgnoreCVModifyList variable.
\o -Change the severity of modification errors by setting the environment variable
\o simSymbolModifiedAction to 'ignore'. However, this may ignore both connectivity
\o and non-connectivity changes, thereby generating an incorrect netlist.
\o To avoid reporting of non-connectivity changes after performing a hierarchical
\o check and save operation, set 'schematic' 'autoEquivalentConnectivityTime' to
\o 't' in the .cdsenv file. After setting the autoEquivalentConnectivityTime
\o variable, set simSymbolModifiedAction to 'error' to receive reports of only
\o connectivity issues during netlisting.
\o The variable simSymbolModifiedAction controls the severity of this message,
\o which can be 'ignore', 'warning', or 'error'.
\o 
\o WARNING (OSSHNL-325): Place master 'ESDLIB/esdnmos4/symbol' for instance 'MNLIB_DR1' has been modified since the last
\o extraction of its parent cellview 'IOLIB_ANA_4M/AVDD3ALLP/schematic'.
\o Connectivity changes in the place master can cause issues in the generated
\o netlist. To resolve such issues:
\o -Reextract the parent cellview 'IOLIB_ANA_4M/AVDD3ALLP/schematic' and regenerate the netlist. To avoid
\o multiple Check and Save operations, use the Check Hierarchy form or the
\o schHiCheckHier SKILL function to do a hierarchical check and save on the top
\o cell and then generate the netlist.
\o -Ignore all connectivity checks for this place master by specifying it to the
\o list of cellviews to be ignored using the hnlUserIgnoreCVModifyList variable.
\o -Change the severity of modification errors by setting the environment variable
\o simSymbolModifiedAction to 'ignore'. However, this may ignore both connectivity
\o and non-connectivity changes, thereby generating an incorrect netlist.
\o To avoid reporting of non-connectivity changes after performing a hierarchical
\o check and save operation, set 'schematic' 'autoEquivalentConnectivityTime' to
\o 't' in the .cdsenv file. After setting the autoEquivalentConnectivityTime
\o variable, set simSymbolModifiedAction to 'error' to receive reports of only
\o connectivity issues during netlisting.
\o The variable simSymbolModifiedAction controls the severity of this message,
\o which can be 'ignore', 'warning', or 'error'.
\o 
\w *WARNING* (SCH-2162): "PRIMLIB rpoly2c symbol" has been updated since "IOLIB_ANA_4M APRIO200P schematic" was last saved. Validate that the schematic is correct and run Check and Save to suppress this warning.
\o WARNING (OSSHNL-325): Place master 'PRIMLIB/rpoly2c/symbol' for instance 'R3' has been modified since the last
\o extraction of its parent cellview 'IOLIB_ANA_4M/APRIO200P/schematic'.
\o Connectivity changes in the place master can cause issues in the generated
\o netlist. To resolve such issues:
\o -Reextract the parent cellview 'IOLIB_ANA_4M/APRIO200P/schematic' and regenerate the netlist. To avoid
\o multiple Check and Save operations, use the Check Hierarchy form or the
\o schHiCheckHier SKILL function to do a hierarchical check and save on the top
\o cell and then generate the netlist.
\o -Ignore all connectivity checks for this place master by specifying it to the
\o list of cellviews to be ignored using the hnlUserIgnoreCVModifyList variable.
\o -Change the severity of modification errors by setting the environment variable
\o simSymbolModifiedAction to 'ignore'. However, this may ignore both connectivity
\o and non-connectivity changes, thereby generating an incorrect netlist.
\o To avoid reporting of non-connectivity changes after performing a hierarchical
\o check and save operation, set 'schematic' 'autoEquivalentConnectivityTime' to
\o 't' in the .cdsenv file. After setting the autoEquivalentConnectivityTime
\o variable, set simSymbolModifiedAction to 'error' to receive reports of only
\o connectivity issues during netlisting.
\o The variable simSymbolModifiedAction controls the severity of this message,
\o which can be 'ignore', 'warning', or 'error'.
\o 
\w *WARNING* (SCH-2162): "PRIMLIB rpoly1c symbol" has been updated since "IOLIB_4M VDD3RP cmos_sch" was last saved. Validate that the schematic is correct and run Check and Save to suppress this warning.
\w *WARNING* (SCH-2162): "ESDLIB esdnmos4 symbol" has been updated since "IOLIB_4M VDD3RP cmos_sch" was last saved. Validate that the schematic is correct and run Check and Save to suppress this warning.
\o WARNING (OSSHNL-325): Place master 'PRIMLIB/rpoly1c/symbol' for instance 'RLIB_GC1' has been modified since the last
\o extraction of its parent cellview 'IOLIB_4M/VDD3RP/cmos_sch'.
\o Connectivity changes in the place master can cause issues in the generated
\o netlist. To resolve such issues:
\o -Reextract the parent cellview 'IOLIB_4M/VDD3RP/cmos_sch' and regenerate the netlist. To avoid
\o multiple Check and Save operations, use the Check Hierarchy form or the
\o schHiCheckHier SKILL function to do a hierarchical check and save on the top
\o cell and then generate the netlist.
\o -Ignore all connectivity checks for this place master by specifying it to the
\o list of cellviews to be ignored using the hnlUserIgnoreCVModifyList variable.
\o -Change the severity of modification errors by setting the environment variable
\o simSymbolModifiedAction to 'ignore'. However, this may ignore both connectivity
\o and non-connectivity changes, thereby generating an incorrect netlist.
\o To avoid reporting of non-connectivity changes after performing a hierarchical
\o check and save operation, set 'schematic' 'autoEquivalentConnectivityTime' to
\o 't' in the .cdsenv file. After setting the autoEquivalentConnectivityTime
\o variable, set simSymbolModifiedAction to 'error' to receive reports of only
\o connectivity issues during netlisting.
\o The variable simSymbolModifiedAction controls the severity of this message,
\o which can be 'ignore', 'warning', or 'error'.
\o 
\o WARNING (OSSHNL-325): Place master 'ESDLIB/esdnmos4/symbol' for instance 'MNLIB_DR1' has been modified since the last
\o extraction of its parent cellview 'IOLIB_4M/VDD3RP/cmos_sch'.
\o Connectivity changes in the place master can cause issues in the generated
\o netlist. To resolve such issues:
\o -Reextract the parent cellview 'IOLIB_4M/VDD3RP/cmos_sch' and regenerate the netlist. To avoid
\o multiple Check and Save operations, use the Check Hierarchy form or the
\o schHiCheckHier SKILL function to do a hierarchical check and save on the top
\o cell and then generate the netlist.
\o -Ignore all connectivity checks for this place master by specifying it to the
\o list of cellviews to be ignored using the hnlUserIgnoreCVModifyList variable.
\o -Change the severity of modification errors by setting the environment variable
\o simSymbolModifiedAction to 'ignore'. However, this may ignore both connectivity
\o and non-connectivity changes, thereby generating an incorrect netlist.
\o To avoid reporting of non-connectivity changes after performing a hierarchical
\o check and save operation, set 'schematic' 'autoEquivalentConnectivityTime' to
\o 't' in the .cdsenv file. After setting the autoEquivalentConnectivityTime
\o variable, set simSymbolModifiedAction to 'error' to receive reports of only
\o connectivity issues during netlisting.
\o The variable simSymbolModifiedAction controls the severity of this message,
\o which can be 'ignore', 'warning', or 'error'.
\o 
\w *WARNING* (SCH-2162): "PRIMLIB rpoly1c symbol" has been updated since "IOLIB_4M VDD3OP cmos_sch" was last saved. Validate that the schematic is correct and run Check and Save to suppress this warning.
\w *WARNING* (SCH-2162): "ESDLIB esdnmos4 symbol" has been updated since "IOLIB_4M VDD3OP cmos_sch" was last saved. Validate that the schematic is correct and run Check and Save to suppress this warning.
\o WARNING (OSSHNL-325): Place master 'PRIMLIB/rpoly1c/symbol' for instance 'RLIB_GC1' has been modified since the last
\o extraction of its parent cellview 'IOLIB_4M/VDD3OP/cmos_sch'.
\o Connectivity changes in the place master can cause issues in the generated
\o netlist. To resolve such issues:
\o -Reextract the parent cellview 'IOLIB_4M/VDD3OP/cmos_sch' and regenerate the netlist. To avoid
\o multiple Check and Save operations, use the Check Hierarchy form or the
\o schHiCheckHier SKILL function to do a hierarchical check and save on the top
\o cell and then generate the netlist.
\o -Ignore all connectivity checks for this place master by specifying it to the
\o list of cellviews to be ignored using the hnlUserIgnoreCVModifyList variable.
\o -Change the severity of modification errors by setting the environment variable
\o simSymbolModifiedAction to 'ignore'. However, this may ignore both connectivity
\o and non-connectivity changes, thereby generating an incorrect netlist.
\o To avoid reporting of non-connectivity changes after performing a hierarchical
\o check and save operation, set 'schematic' 'autoEquivalentConnectivityTime' to
\o 't' in the .cdsenv file. After setting the autoEquivalentConnectivityTime
\o variable, set simSymbolModifiedAction to 'error' to receive reports of only
\o connectivity issues during netlisting.
\o The variable simSymbolModifiedAction controls the severity of this message,
\o which can be 'ignore', 'warning', or 'error'.
\o 
\o WARNING (OSSHNL-325): Place master 'ESDLIB/esdnmos4/symbol' for instance 'MNLIB_DR1' has been modified since the last
\o extraction of its parent cellview 'IOLIB_4M/VDD3OP/cmos_sch'.
\o Connectivity changes in the place master can cause issues in the generated
\o netlist. To resolve such issues:
\o -Reextract the parent cellview 'IOLIB_4M/VDD3OP/cmos_sch' and regenerate the netlist. To avoid
\o multiple Check and Save operations, use the Check Hierarchy form or the
\o schHiCheckHier SKILL function to do a hierarchical check and save on the top
\o cell and then generate the netlist.
\o -Ignore all connectivity checks for this place master by specifying it to the
\o list of cellviews to be ignored using the hnlUserIgnoreCVModifyList variable.
\o -Change the severity of modification errors by setting the environment variable
\o simSymbolModifiedAction to 'ignore'. However, this may ignore both connectivity
\o and non-connectivity changes, thereby generating an incorrect netlist.
\o To avoid reporting of non-connectivity changes after performing a hierarchical
\o check and save operation, set 'schematic' 'autoEquivalentConnectivityTime' to
\o 't' in the .cdsenv file. After setting the autoEquivalentConnectivityTime
\o variable, set simSymbolModifiedAction to 'error' to receive reports of only
\o connectivity issues during netlisting.
\o The variable simSymbolModifiedAction controls the severity of this message,
\o which can be 'ignore', 'warning', or 'error'.
\o 
\w *WARNING* (SCH-2162): "PRIMLIB rpoly1c symbol" has been updated since "IOLIB_4M VDD3IP cmos_sch" was last saved. Validate that the schematic is correct and run Check and Save to suppress this warning.
\w *WARNING* (SCH-2162): "ESDLIB esdnmos4 symbol" has been updated since "IOLIB_4M VDD3IP cmos_sch" was last saved. Validate that the schematic is correct and run Check and Save to suppress this warning.
\o WARNING (OSSHNL-325): Place master 'PRIMLIB/rpoly1c/symbol' for instance 'RLIB_GC1' has been modified since the last
\o extraction of its parent cellview 'IOLIB_4M/VDD3IP/cmos_sch'.
\o Connectivity changes in the place master can cause issues in the generated
\o netlist. To resolve such issues:
\o -Reextract the parent cellview 'IOLIB_4M/VDD3IP/cmos_sch' and regenerate the netlist. To avoid
\o multiple Check and Save operations, use the Check Hierarchy form or the
\o schHiCheckHier SKILL function to do a hierarchical check and save on the top
\o cell and then generate the netlist.
\o -Ignore all connectivity checks for this place master by specifying it to the
\o list of cellviews to be ignored using the hnlUserIgnoreCVModifyList variable.
\o -Change the severity of modification errors by setting the environment variable
\o simSymbolModifiedAction to 'ignore'. However, this may ignore both connectivity
\o and non-connectivity changes, thereby generating an incorrect netlist.
\o To avoid reporting of non-connectivity changes after performing a hierarchical
\o check and save operation, set 'schematic' 'autoEquivalentConnectivityTime' to
\o 't' in the .cdsenv file. After setting the autoEquivalentConnectivityTime
\o variable, set simSymbolModifiedAction to 'error' to receive reports of only
\o connectivity issues during netlisting.
\o The variable simSymbolModifiedAction controls the severity of this message,
\o which can be 'ignore', 'warning', or 'error'.
\o 
\o WARNING (OSSHNL-325): Place master 'ESDLIB/esdnmos4/symbol' for instance 'MNLIB_DR1' has been modified since the last
\o extraction of its parent cellview 'IOLIB_4M/VDD3IP/cmos_sch'.
\o Connectivity changes in the place master can cause issues in the generated
\o netlist. To resolve such issues:
\o -Reextract the parent cellview 'IOLIB_4M/VDD3IP/cmos_sch' and regenerate the netlist. To avoid
\o multiple Check and Save operations, use the Check Hierarchy form or the
\o schHiCheckHier SKILL function to do a hierarchical check and save on the top
\o cell and then generate the netlist.
\o -Ignore all connectivity checks for this place master by specifying it to the
\o list of cellviews to be ignored using the hnlUserIgnoreCVModifyList variable.
\o -Change the severity of modification errors by setting the environment variable
\o simSymbolModifiedAction to 'ignore'. However, this may ignore both connectivity
\o and non-connectivity changes, thereby generating an incorrect netlist.
\o To avoid reporting of non-connectivity changes after performing a hierarchical
\o check and save operation, set 'schematic' 'autoEquivalentConnectivityTime' to
\o 't' in the .cdsenv file. After setting the autoEquivalentConnectivityTime
\o variable, set simSymbolModifiedAction to 'error' to receive reports of only
\o connectivity issues during netlisting.
\o The variable simSymbolModifiedAction controls the severity of this message,
\o which can be 'ignore', 'warning', or 'error'.
\o 
\w *WARNING* (SCH-2162): "PRIMLIB rpoly1c symbol" has been updated since "IOLIB_4M ICP cmos_sch" was last saved. Validate that the schematic is correct and run Check and Save to suppress this warning.
\w *WARNING* (SCH-2162): "ESDLIB esdnmos4 symbol" has been updated since "IOLIB_4M ICP cmos_sch" was last saved. Validate that the schematic is correct and run Check and Save to suppress this warning.
\w *WARNING* (SCH-2162): "ESDLIB esdpmos4 symbol" has been updated since "IOLIB_4M ICP cmos_sch" was last saved. Validate that the schematic is correct and run Check and Save to suppress this warning.
\w *WARNING* (SCH-2162): "PRIMLIB rdiffp3 symbol" has been updated since "IOLIB_4M ICP cmos_sch" was last saved. Validate that the schematic is correct and run Check and Save to suppress this warning.
\o WARNING (OSSHNL-325): Place master 'PRIMLIB/rpoly1c/symbol' for instance 'RLIB1' has been modified since the last
\o extraction of its parent cellview 'IOLIB_4M/ICP/cmos_sch'.
\o Connectivity changes in the place master can cause issues in the generated
\o netlist. To resolve such issues:
\o -Reextract the parent cellview 'IOLIB_4M/ICP/cmos_sch' and regenerate the netlist. To avoid
\o multiple Check and Save operations, use the Check Hierarchy form or the
\o schHiCheckHier SKILL function to do a hierarchical check and save on the top
\o cell and then generate the netlist.
\o -Ignore all connectivity checks for this place master by specifying it to the
\o list of cellviews to be ignored using the hnlUserIgnoreCVModifyList variable.
\o -Change the severity of modification errors by setting the environment variable
\o simSymbolModifiedAction to 'ignore'. However, this may ignore both connectivity
\o and non-connectivity changes, thereby generating an incorrect netlist.
\o To avoid reporting of non-connectivity changes after performing a hierarchical
\o check and save operation, set 'schematic' 'autoEquivalentConnectivityTime' to
\o 't' in the .cdsenv file. After setting the autoEquivalentConnectivityTime
\o variable, set simSymbolModifiedAction to 'error' to receive reports of only
\o connectivity issues during netlisting.
\o The variable simSymbolModifiedAction controls the severity of this message,
\o which can be 'ignore', 'warning', or 'error'.
\o 
\o WARNING (OSSHNL-325): Place master 'ESDLIB/esdnmos4/symbol' for instance 'MNLIB_DR1' has been modified since the last
\o extraction of its parent cellview 'IOLIB_4M/ICP/cmos_sch'.
\o Connectivity changes in the place master can cause issues in the generated
\o netlist. To resolve such issues:
\o -Reextract the parent cellview 'IOLIB_4M/ICP/cmos_sch' and regenerate the netlist. To avoid
\o multiple Check and Save operations, use the Check Hierarchy form or the
\o schHiCheckHier SKILL function to do a hierarchical check and save on the top
\o cell and then generate the netlist.
\o -Ignore all connectivity checks for this place master by specifying it to the
\o list of cellviews to be ignored using the hnlUserIgnoreCVModifyList variable.
\o -Change the severity of modification errors by setting the environment variable
\o simSymbolModifiedAction to 'ignore'. However, this may ignore both connectivity
\o and non-connectivity changes, thereby generating an incorrect netlist.
\o To avoid reporting of non-connectivity changes after performing a hierarchical
\o check and save operation, set 'schematic' 'autoEquivalentConnectivityTime' to
\o 't' in the .cdsenv file. After setting the autoEquivalentConnectivityTime
\o variable, set simSymbolModifiedAction to 'error' to receive reports of only
\o connectivity issues during netlisting.
\o The variable simSymbolModifiedAction controls the severity of this message,
\o which can be 'ignore', 'warning', or 'error'.
\o 
\o WARNING (OSSHNL-325): Place master 'ESDLIB/esdpmos4/symbol' for instance 'MPLIB_DR1' has been modified since the last
\o extraction of its parent cellview 'IOLIB_4M/ICP/cmos_sch'.
\o Connectivity changes in the place master can cause issues in the generated
\o netlist. To resolve such issues:
\o -Reextract the parent cellview 'IOLIB_4M/ICP/cmos_sch' and regenerate the netlist. To avoid
\o multiple Check and Save operations, use the Check Hierarchy form or the
\o schHiCheckHier SKILL function to do a hierarchical check and save on the top
\o cell and then generate the netlist.
\o -Ignore all connectivity checks for this place master by specifying it to the
\o list of cellviews to be ignored using the hnlUserIgnoreCVModifyList variable.
\o -Change the severity of modification errors by setting the environment variable
\o simSymbolModifiedAction to 'ignore'. However, this may ignore both connectivity
\o and non-connectivity changes, thereby generating an incorrect netlist.
\o To avoid reporting of non-connectivity changes after performing a hierarchical
\o check and save operation, set 'schematic' 'autoEquivalentConnectivityTime' to
\o 't' in the .cdsenv file. After setting the autoEquivalentConnectivityTime
\o variable, set simSymbolModifiedAction to 'error' to receive reports of only
\o connectivity issues during netlisting.
\o The variable simSymbolModifiedAction controls the severity of this message,
\o which can be 'ignore', 'warning', or 'error'.
\o 
\o WARNING (OSSHNL-325): Place master 'PRIMLIB/rdiffp3/symbol' for instance 'RLIB_GC2' has been modified since the last
\o extraction of its parent cellview 'IOLIB_4M/ICP/cmos_sch'.
\o Connectivity changes in the place master can cause issues in the generated
\o netlist. To resolve such issues:
\o -Reextract the parent cellview 'IOLIB_4M/ICP/cmos_sch' and regenerate the netlist. To avoid
\o multiple Check and Save operations, use the Check Hierarchy form or the
\o schHiCheckHier SKILL function to do a hierarchical check and save on the top
\o cell and then generate the netlist.
\o -Ignore all connectivity checks for this place master by specifying it to the
\o list of cellviews to be ignored using the hnlUserIgnoreCVModifyList variable.
\o -Change the severity of modification errors by setting the environment variable
\o simSymbolModifiedAction to 'ignore'. However, this may ignore both connectivity
\o and non-connectivity changes, thereby generating an incorrect netlist.
\o To avoid reporting of non-connectivity changes after performing a hierarchical
\o check and save operation, set 'schematic' 'autoEquivalentConnectivityTime' to
\o 't' in the .cdsenv file. After setting the autoEquivalentConnectivityTime
\o variable, set simSymbolModifiedAction to 'error' to receive reports of only
\o connectivity issues during netlisting.
\o The variable simSymbolModifiedAction controls the severity of this message,
\o which can be 'ignore', 'warning', or 'error'.
\o 
\w *WARNING* (SCH-2162): "PRIMLIB rpoly1c symbol" has been updated since "IOLIB_4M GND3RP cmos_sch" was last saved. Validate that the schematic is correct and run Check and Save to suppress this warning.
\w *WARNING* (SCH-2162): "ESDLIB esdnmos4 symbol" has been updated since "IOLIB_4M GND3RP cmos_sch" was last saved. Validate that the schematic is correct and run Check and Save to suppress this warning.
\o WARNING (OSSHNL-325): Place master 'PRIMLIB/rpoly1c/symbol' for instance 'RLIB_GC1' has been modified since the last
\o extraction of its parent cellview 'IOLIB_4M/GND3RP/cmos_sch'.
\o Connectivity changes in the place master can cause issues in the generated
\o netlist. To resolve such issues:
\o -Reextract the parent cellview 'IOLIB_4M/GND3RP/cmos_sch' and regenerate the netlist. To avoid
\o multiple Check and Save operations, use the Check Hierarchy form or the
\o schHiCheckHier SKILL function to do a hierarchical check and save on the top
\o cell and then generate the netlist.
\o -Ignore all connectivity checks for this place master by specifying it to the
\o list of cellviews to be ignored using the hnlUserIgnoreCVModifyList variable.
\o -Change the severity of modification errors by setting the environment variable
\o simSymbolModifiedAction to 'ignore'. However, this may ignore both connectivity
\o and non-connectivity changes, thereby generating an incorrect netlist.
\o To avoid reporting of non-connectivity changes after performing a hierarchical
\o check and save operation, set 'schematic' 'autoEquivalentConnectivityTime' to
\o 't' in the .cdsenv file. After setting the autoEquivalentConnectivityTime
\o variable, set simSymbolModifiedAction to 'error' to receive reports of only
\o connectivity issues during netlisting.
\o The variable simSymbolModifiedAction controls the severity of this message,
\o which can be 'ignore', 'warning', or 'error'.
\o 
\o WARNING (OSSHNL-325): Place master 'ESDLIB/esdnmos4/symbol' for instance 'MNLIB_DR1' has been modified since the last
\o extraction of its parent cellview 'IOLIB_4M/GND3RP/cmos_sch'.
\o Connectivity changes in the place master can cause issues in the generated
\o netlist. To resolve such issues:
\o -Reextract the parent cellview 'IOLIB_4M/GND3RP/cmos_sch' and regenerate the netlist. To avoid
\o multiple Check and Save operations, use the Check Hierarchy form or the
\o schHiCheckHier SKILL function to do a hierarchical check and save on the top
\o cell and then generate the netlist.
\o -Ignore all connectivity checks for this place master by specifying it to the
\o list of cellviews to be ignored using the hnlUserIgnoreCVModifyList variable.
\o -Change the severity of modification errors by setting the environment variable
\o simSymbolModifiedAction to 'ignore'. However, this may ignore both connectivity
\o and non-connectivity changes, thereby generating an incorrect netlist.
\o To avoid reporting of non-connectivity changes after performing a hierarchical
\o check and save operation, set 'schematic' 'autoEquivalentConnectivityTime' to
\o 't' in the .cdsenv file. After setting the autoEquivalentConnectivityTime
\o variable, set simSymbolModifiedAction to 'error' to receive reports of only
\o connectivity issues during netlisting.
\o The variable simSymbolModifiedAction controls the severity of this message,
\o which can be 'ignore', 'warning', or 'error'.
\o 
\w *WARNING* (SCH-2162): "PRIMLIB rpoly1c symbol" has been updated since "IOLIB_4M GND3OP cmos_sch" was last saved. Validate that the schematic is correct and run Check and Save to suppress this warning.
\w *WARNING* (SCH-2162): "ESDLIB esdnmos4 symbol" has been updated since "IOLIB_4M GND3OP cmos_sch" was last saved. Validate that the schematic is correct and run Check and Save to suppress this warning.
\o WARNING (OSSHNL-325): Place master 'PRIMLIB/rpoly1c/symbol' for instance 'RLIB_GC1' has been modified since the last
\o extraction of its parent cellview 'IOLIB_4M/GND3OP/cmos_sch'.
\o Connectivity changes in the place master can cause issues in the generated
\o netlist. To resolve such issues:
\o -Reextract the parent cellview 'IOLIB_4M/GND3OP/cmos_sch' and regenerate the netlist. To avoid
\o multiple Check and Save operations, use the Check Hierarchy form or the
\o schHiCheckHier SKILL function to do a hierarchical check and save on the top
\o cell and then generate the netlist.
\o -Ignore all connectivity checks for this place master by specifying it to the
\o list of cellviews to be ignored using the hnlUserIgnoreCVModifyList variable.
\o -Change the severity of modification errors by setting the environment variable
\o simSymbolModifiedAction to 'ignore'. However, this may ignore both connectivity
\o and non-connectivity changes, thereby generating an incorrect netlist.
\o To avoid reporting of non-connectivity changes after performing a hierarchical
\o check and save operation, set 'schematic' 'autoEquivalentConnectivityTime' to
\o 't' in the .cdsenv file. After setting the autoEquivalentConnectivityTime
\o variable, set simSymbolModifiedAction to 'error' to receive reports of only
\o connectivity issues during netlisting.
\o The variable simSymbolModifiedAction controls the severity of this message,
\o which can be 'ignore', 'warning', or 'error'.
\o 
\o WARNING (OSSHNL-325): Place master 'ESDLIB/esdnmos4/symbol' for instance 'MNLIB_DR1' has been modified since the last
\o extraction of its parent cellview 'IOLIB_4M/GND3OP/cmos_sch'.
\o Connectivity changes in the place master can cause issues in the generated
\o netlist. To resolve such issues:
\o -Reextract the parent cellview 'IOLIB_4M/GND3OP/cmos_sch' and regenerate the netlist. To avoid
\o multiple Check and Save operations, use the Check Hierarchy form or the
\o schHiCheckHier SKILL function to do a hierarchical check and save on the top
\o cell and then generate the netlist.
\o -Ignore all connectivity checks for this place master by specifying it to the
\o list of cellviews to be ignored using the hnlUserIgnoreCVModifyList variable.
\o -Change the severity of modification errors by setting the environment variable
\o simSymbolModifiedAction to 'ignore'. However, this may ignore both connectivity
\o and non-connectivity changes, thereby generating an incorrect netlist.
\o To avoid reporting of non-connectivity changes after performing a hierarchical
\o check and save operation, set 'schematic' 'autoEquivalentConnectivityTime' to
\o 't' in the .cdsenv file. After setting the autoEquivalentConnectivityTime
\o variable, set simSymbolModifiedAction to 'error' to receive reports of only
\o connectivity issues during netlisting.
\o The variable simSymbolModifiedAction controls the severity of this message,
\o which can be 'ignore', 'warning', or 'error'.
\o 
\o WARNING (OSSHNL-940): Same Cell name 'presistor' is present in multiple libraries -  PRIMLIB and analogLib.
\o 
\o [2026-06-02 17:40:09.015 Z] [INFO] [cadence.virtuoso.ade.services.netlister] - Heartbeat in netlister service {"point": 0, "testname": "PTAT"}
\o [2026-06-02 17:40:20.039 Z] [INFO] [cadence.virtuoso.ade.services.netlister] - Heartbeat in netlister service {"point": 0, "testname": "PTAT"}
\o End netlisting Jun  2 17:40:24 2026
\o 
\o Netlisting Statistics:
\o 	Number of components: 52508
\o 
\o 	Elapsed time:         21.0s (2500.38/s)
\o Errors: 0	Warnings: 0
\o       ...successful.
\o compose simulator input file...
\o       ...successful.
\o [2026-06-02 17:40:24.769 Z] [INFO] [cadence.virtuoso.ade.services.netlister] - Finished preparing netlist {"point": 0, "testname": "PTAT", "testnameKey": "PTAT"}
\o [2026-06-02 17:40:25.789 Z] [EVENT] [cadence.virtuoso.ade.services.netlister] - NewPoint {"point": 1, "testname": "Poten", "event": "NewPoint", "EventSource": "Netlist Service", "HistoryName": "Interactive.343", "logFile": "/home/hrahimi/projects/POTENTIOSTAT_26/logs_hrahimi/logs0/Service211.log", "logFileSize": "109963"}
\o [2026-06-02 17:40:25.789 Z] [INFO] [cadence.virtuoso.ade.services.netlister] - Started netlisting {"point": 1, "testname": "Poten"}
\o Simulation design variables differ from those on the cellView,
\o they have been saved in the file "/tmp/saved-design-variables".
\o To save future changes, copy variables to cellView before exiting.
\o *Warning* AXL Context Manager : job 211 is already registered. 
\o 
\o 
\o 
\o *Info*    Configuring the session ...
\o 
\o 	Library      = Potentiostat_Top
\o 	Cell         = top
\o 	View         = config
\o 	Simulator    = spectre
\o 	State Path   = $AXL_SETUPDB_DIR/test_states
\o 	State Name   = Interactive.343
\o 	Results DB   = /home/hrahimi/projects/POTENTIOSTAT_26/Potentiostat_Top/top/maestro/results/maestro/Interactive.343.rdb
\o 	Results Dir  = /home/hrahimi/projects/POTENTIOSTAT_26/Sim/Potentiostat_Top/top/maestro/results/maestro/Interactive.343/1/Poten
\o 	Results Loc  = /home/hrahimi/projects/POTENTIOSTAT_26/Sim/Potentiostat_Top/top/maestro/results/maestro
\o 	Project Dir  = /home/hrahimi/projects/POTENTIOSTAT_26/Sim
\o 	Setup DB loc = /home/hrahimi/projects/POTENTIOSTAT_26/Potentiostat_Top/top/maestro
\o 	File Encoding = 0
\o 
\o 
\o 
\o *Info*    The auto suspension is disabled.
\o 
\o Resetting statistical vars
\o 
\o *Info*    Setting parameter values ...
\o 
\o Setting var Calib_EN = "1"
\o Setting var Cdl = "10n"
\o Setting var Cdl_CE = "10n"
\o Setting var Idc = "0"
\o Setting var Iin_TIA_AC = "0"
\o Setting var Ipulse = "0"
\o Setting var PTAT_EN = "0"
\o Setting var R_ct = "500k"
\o Setting var Rct_CE = "100k"
\o Setting var Rs_CE = "10k"
\o Setting var Rs_WE = "10k"
\o Setting var S0 = "0"
\o Setting var S1 = "0"
\o Setting var S2 = "1"
\o Setting var S3 = "0"
\o Setting var Vb = "1.7"
\o Setting var Vin_CA_AC = "1"
\o Setting var temperature = "27"
\o Setting temp(T) = 27
\o Setting var vdd = "3.3"
\o Setting var vddpuls = "0"
\o Setting var vpuls = "-50m"
\o Setting var vref = "1.615"
\o Setting var vtran = "0"
\o 
\o *Info*    Netlist Directory =
\o           /home/hrahimi/projects/POTENTIOSTAT_26/Sim/Potentiostat_Top/top/maestro/results/maestro/Interactive.343/1/Poten/netlist
\o 
\o 
\o *Info*    Data Directory    =
\o           /home/hrahimi/projects/POTENTIOSTAT_26/Sim/Potentiostat_Top/top/maestro/results/maestro/Interactive.343/1/Poten
\o 
\o Reusing AHDL Data dir
\o generate netlist...
\o function ansCdlCompPrim redefined
\o Ignoring netlist creation since ignoreDesignChangesDuringRun is set to true
\o       ...successful.
\o compose simulator input file...
\o       ...successful.
\o WARNING (ADE-3080): Fast viewing extensions for PSF XL format (also known as RTSF) will be discontinued  
\o        and Virtuoso Visualization and Analysis XL will not use RTSF data to plot waveforms from IC6.1.8 ISR7 onward. 
\o        There will be no performance impact on data visualization due to this change.
\o [2026-06-02 17:40:29.766 Z] [PROCESS] [cadence.virtuoso.ade.services.netlister] - Current memory used: 874.9023 MBytes, peak memory used: 874.9023 MBytes {"hostname": "il2244vt26_hrahimi", "processid": 2065497, "testname": "Poten", "point": 1, "logfile": "/home/hrahimi/projects/POTENTIOSTAT_26/logs_hrahimi/logs0/Service211.log"}
\o [2026-06-02 17:40:29.767 Z] [INFO] [cadence.virtuoso.ade.services.netlister] - Finished netlisting {"point": 1, "testname": "Poten"}
\o [2026-06-02 17:40:29.771 Z] [EVENT] [cadence.virtuoso.ade.services.netlister] - NewPoint {"point": 2, "testname": "Poten", "event": "NewPoint", "EventSource": "Netlist Service", "HistoryName": "Interactive.343", "logFile": "/home/hrahimi/projects/POTENTIOSTAT_26/logs_hrahimi/logs0/Service211.log", "logFileSize": "114052"}
\o [2026-06-02 17:40:29.772 Z] [INFO] [cadence.virtuoso.ade.services.netlister] - Started netlisting {"point": 2, "testname": "Poten"}
\o Resetting statistical vars
\o 
\o *Info*    Setting parameter values ...
\o 
\o Setting var temperature = "-40"
\o Setting temp(T) = -40
\o Setting var vdd = "2.97"
\o 
\o *Info*    Netlist Directory =
\o           /home/hrahimi/projects/POTENTIOSTAT_26/Sim/Potentiostat_Top/top/maestro/results/maestro/Interactive.343/2/Poten/netlist
\o 
\o 
\o *Info*    Data Directory    =
\o           /home/hrahimi/projects/POTENTIOSTAT_26/Sim/Potentiostat_Top/top/maestro/results/maestro/Interactive.343/2/Poten
\o 
\o Reusing AHDL Data dir
\o generate netlist...
\o function ansCdlCompPrim redefined
\o Ignoring netlist creation since ignoreDesignChangesDuringRun is set to true
\o       ...successful.
\o compose simulator input file...
\o       ...successful.
\o WARNING (ADE-3080): Fast viewing extensions for PSF XL format (also known as RTSF) will be discontinued  
\o        and Virtuoso Visualization and Analysis XL will not use RTSF data to plot waveforms from IC6.1.8 ISR7 onward. 
\o        There will be no performance impact on data visualization due to this change.
\o [2026-06-02 17:40:30.946 Z] [PROCESS] [cadence.virtuoso.ade.services.netlister] - Current memory used: 874.9062 MBytes, peak memory used: 874.9062 MBytes {"hostname": "il2244vt26_hrahimi", "processid": 2065497, "testname": "Poten", "point": 2, "logfile": "/home/hrahimi/projects/POTENTIOSTAT_26/logs_hrahimi/logs0/Service211.log"}
\o [2026-06-02 17:40:30.947 Z] [INFO] [cadence.virtuoso.ade.services.netlister] - Finished netlisting {"point": 2, "testname": "Poten"}
\o [2026-06-02 17:40:30.958 Z] [EVENT] [cadence.virtuoso.ade.services.netlister] - NewPoint {"point": 3, "testname": "Poten", "event": "NewPoint", "EventSource": "Netlist Service", "HistoryName": "Interactive.343", "logFile": "/home/hrahimi/projects/POTENTIOSTAT_26/logs_hrahimi/logs0/Service211.log", "logFileSize": "116057"}
\o [2026-06-02 17:40:30.958 Z] [INFO] [cadence.virtuoso.ade.services.netlister] - Started netlisting {"point": 3, "testname": "Poten"}
\o Resetting statistical vars
\o 
\o *Info*    Setting parameter values ...
\o 
\o Setting var temperature = "85"
\o Setting temp(T) = 85
\o 
\o *Info*    Netlist Directory =
\o           /home/hrahimi/projects/POTENTIOSTAT_26/Sim/Potentiostat_Top/top/maestro/results/maestro/Interactive.343/3/Poten/netlist
\o 
\o 
\o *Info*    Data Directory    =
\o           /home/hrahimi/projects/POTENTIOSTAT_26/Sim/Potentiostat_Top/top/maestro/results/maestro/Interactive.343/3/Poten
\o 
\o Reusing AHDL Data dir
\o generate netlist...
\o function ansCdlCompPrim redefined
\o Ignoring netlist creation since ignoreDesignChangesDuringRun is set to true
\o       ...successful.
\o compose simulator input file...
\o       ...successful.
\o WARNING (ADE-3080): Fast viewing extensions for PSF XL format (also known as RTSF) will be discontinued  
\o        and Virtuoso Visualization and Analysis XL will not use RTSF data to plot waveforms from IC6.1.8 ISR7 onward. 
\o        There will be no performance impact on data visualization due to this change.
\o [2026-06-02 17:40:31.854 Z] [PROCESS] [cadence.virtuoso.ade.services.netlister] - Current memory used: 874.9062 MBytes, peak memory used: 874.9062 MBytes {"hostname": "il2244vt26_hrahimi", "processid": 2065497, "testname": "Poten", "point": 3, "logfile": "/home/hrahimi/projects/POTENTIOSTAT_26/logs_hrahimi/logs0/Service211.log"}
\o [2026-06-02 17:40:31.856 Z] [INFO] [cadence.virtuoso.ade.services.netlister] - Finished netlisting {"point": 3, "testname": "Poten"}
\o [2026-06-02 17:40:31.860 Z] [EVENT] [cadence.virtuoso.ade.services.netlister] - NewPoint {"point": 4, "testname": "Poten", "event": "NewPoint", "EventSource": "Netlist Service", "HistoryName": "Interactive.343", "logFile": "/home/hrahimi/projects/POTENTIOSTAT_26/logs_hrahimi/logs0/Service211.log", "logFileSize": "118032"}
\o [2026-06-02 17:40:31.861 Z] [INFO] [cadence.virtuoso.ade.services.netlister] - Started netlisting {"point": 4, "testname": "Poten"}
\o Resetting statistical vars
\o 
\o *Info*    Setting parameter values ...
\o 
\o Setting var temperature = "-40"
\o Setting temp(T) = -40
\o Setting var vdd = "3.63"
\o 
\o *Info*    Netlist Directory =
\o           /home/hrahimi/projects/POTENTIOSTAT_26/Sim/Potentiostat_Top/top/maestro/results/maestro/Interactive.343/4/Poten/netlist
\o 
\o 
\o *Info*    Data Directory    =
\o           /home/hrahimi/projects/POTENTIOSTAT_26/Sim/Potentiostat_Top/top/maestro/results/maestro/Interactive.343/4/Poten
\o 
\o Reusing AHDL Data dir
\o generate netlist...
\o function ansCdlCompPrim redefined
\o Ignoring netlist creation since ignoreDesignChangesDuringRun is set to true
\o       ...successful.
\o compose simulator input file...
\o       ...successful.
\o WARNING (ADE-3080): Fast viewing extensions for PSF XL format (also known as RTSF) will be discontinued  
\o        and Virtuoso Visualization and Analysis XL will not use RTSF data to plot waveforms from IC6.1.8 ISR7 onward. 
\o        There will be no performance impact on data visualization due to this change.
\o [2026-06-02 17:40:32.728 Z] [PROCESS] [cadence.virtuoso.ade.services.netlister] - Current memory used: 874.9062 MBytes, peak memory used: 874.9062 MBytes {"hostname": "il2244vt26_hrahimi", "processid": 2065497, "testname": "Poten", "point": 4, "logfile": "/home/hrahimi/projects/POTENTIOSTAT_26/logs_hrahimi/logs0/Service211.log"}
\o [2026-06-02 17:40:32.729 Z] [INFO] [cadence.virtuoso.ade.services.netlister] - Finished netlisting {"point": 4, "testname": "Poten"}
\o [2026-06-02 17:40:32.731 Z] [EVENT] [cadence.virtuoso.ade.services.netlister] - NewPoint {"point": 5, "testname": "Poten", "event": "NewPoint", "EventSource": "Netlist Service", "HistoryName": "Interactive.343", "logFile": "/home/hrahimi/projects/POTENTIOSTAT_26/logs_hrahimi/logs0/Service211.log", "logFileSize": "120037"}
\o [2026-06-02 17:40:32.732 Z] [INFO] [cadence.virtuoso.ade.services.netlister] - Started netlisting {"point": 5, "testname": "Poten"}
\o Resetting statistical vars
\o 
\o *Info*    Setting parameter values ...
\o 
\o Setting var temperature = "85"
\o Setting temp(T) = 85
\o 
\o *Info*    Netlist Directory =
\o           /home/hrahimi/projects/POTENTIOSTAT_26/Sim/Potentiostat_Top/top/maestro/results/maestro/Interactive.343/5/Poten/netlist
\o 
\o 
\o *Info*    Data Directory    =
\o           /home/hrahimi/projects/POTENTIOSTAT_26/Sim/Potentiostat_Top/top/maestro/results/maestro/Interactive.343/5/Poten
\o 
\o Reusing AHDL Data dir
\o generate netlist...
\o function ansCdlCompPrim redefined
\o Ignoring netlist creation since ignoreDesignChangesDuringRun is set to true
\o       ...successful.
\o compose simulator input file...
\o       ...successful.
\o WARNING (ADE-3080): Fast viewing extensions for PSF XL format (also known as RTSF) will be discontinued  
\o        and Virtuoso Visualization and Analysis XL will not use RTSF data to plot waveforms from IC6.1.8 ISR7 onward. 
\o        There will be no performance impact on data visualization due to this change.
\o [2026-06-02 17:40:33.617 Z] [PROCESS] [cadence.virtuoso.ade.services.netlister] - Current memory used: 874.9062 MBytes, peak memory used: 874.9062 MBytes {"hostname": "il2244vt26_hrahimi", "processid": 2065497, "testname": "Poten", "point": 5, "logfile": "/home/hrahimi/projects/POTENTIOSTAT_26/logs_hrahimi/logs0/Service211.log"}
\o [2026-06-02 17:40:33.618 Z] [INFO] [cadence.virtuoso.ade.services.netlister] - Finished netlisting {"point": 5, "testname": "Poten"}
\o [2026-06-02 17:40:33.621 Z] [EVENT] [cadence.virtuoso.ade.services.netlister] - NewPoint {"point": 6, "testname": "Poten", "event": "NewPoint", "EventSource": "Netlist Service", "HistoryName": "Interactive.343", "logFile": "/home/hrahimi/projects/POTENTIOSTAT_26/logs_hrahimi/logs0/Service211.log", "logFileSize": "122012"}
\o [2026-06-02 17:40:33.621 Z] [INFO] [cadence.virtuoso.ade.services.netlister] - Started netlisting {"point": 6, "testname": "Poten"}
\o Resetting statistical vars
\o 
\o *Info*    Setting parameter values ...
\o 
\o Setting var temperature = "-40"
\o Setting temp(T) = -40
\o Setting var vdd = "2.97"
\o 
\o *Info*    Netlist Directory =
\o           /home/hrahimi/projects/POTENTIOSTAT_26/Sim/Potentiostat_Top/top/maestro/results/maestro/Interactive.343/6/Poten/netlist
\o 
\o 
\o *Info*    Data Directory    =
\o           /home/hrahimi/projects/POTENTIOSTAT_26/Sim/Potentiostat_Top/top/maestro/results/maestro/Interactive.343/6/Poten
\o 
\o Reusing AHDL Data dir
\o generate netlist...
\o function ansCdlCompPrim redefined
\o Ignoring netlist creation since ignoreDesignChangesDuringRun is set to true
\o       ...successful.
\o compose simulator input file...
\o       ...successful.
\o WARNING (ADE-3080): Fast viewing extensions for PSF XL format (also known as RTSF) will be discontinued  
\o        and Virtuoso Visualization and Analysis XL will not use RTSF data to plot waveforms from IC6.1.8 ISR7 onward. 
\o        There will be no performance impact on data visualization due to this change.
\o [2026-06-02 17:40:34.586 Z] [PROCESS] [cadence.virtuoso.ade.services.netlister] - Current memory used: 874.9062 MBytes, peak memory used: 874.9062 MBytes {"hostname": "il2244vt26_hrahimi", "processid": 2065497, "testname": "Poten", "point": 6, "logfile": "/home/hrahimi/projects/POTENTIOSTAT_26/logs_hrahimi/logs0/Service211.log"}
\o [2026-06-02 17:40:34.587 Z] [INFO] [cadence.virtuoso.ade.services.netlister] - Finished netlisting {"point": 6, "testname": "Poten"}
\o [2026-06-02 17:40:34.590 Z] [EVENT] [cadence.virtuoso.ade.services.netlister] - NewPoint {"point": 7, "testname": "Poten", "event": "NewPoint", "EventSource": "Netlist Service", "HistoryName": "Interactive.343", "logFile": "/home/hrahimi/projects/POTENTIOSTAT_26/logs_hrahimi/logs0/Service211.log", "logFileSize": "124017"}
\o [2026-06-02 17:40:34.590 Z] [INFO] [cadence.virtuoso.ade.services.netlister] - Started netlisting {"point": 7, "testname": "Poten"}
\o Resetting statistical vars
\o 
\o *Info*    Setting parameter values ...
\o 
\o Setting var temperature = "85"
\o Setting temp(T) = 85
\o 
\o *Info*    Netlist Directory =
\o           /home/hrahimi/projects/POTENTIOSTAT_26/Sim/Potentiostat_Top/top/maestro/results/maestro/Interactive.343/7/Poten/netlist
\o 
\o 
\o *Info*    Data Directory    =
\o           /home/hrahimi/projects/POTENTIOSTAT_26/Sim/Potentiostat_Top/top/maestro/results/maestro/Interactive.343/7/Poten
\o 
\o Reusing AHDL Data dir
\o generate netlist...
\o function ansCdlCompPrim redefined
\o Ignoring netlist creation since ignoreDesignChangesDuringRun is set to true
\o       ...successful.
\o compose simulator input file...
\o       ...successful.
\o WARNING (ADE-3080): Fast viewing extensions for PSF XL format (also known as RTSF) will be discontinued  
\o        and Virtuoso Visualization and Analysis XL will not use RTSF data to plot waveforms from IC6.1.8 ISR7 onward. 
\o        There will be no performance impact on data visualization due to this change.
\o [2026-06-02 17:40:35.440 Z] [PROCESS] [cadence.virtuoso.ade.services.netlister] - Current memory used: 874.9062 MBytes, peak memory used: 874.9062 MBytes {"hostname": "il2244vt26_hrahimi", "processid": 2065497, "testname": "Poten", "point": 7, "logfile": "/home/hrahimi/projects/POTENTIOSTAT_26/logs_hrahimi/logs0/Service211.log"}
\o [2026-06-02 17:40:35.441 Z] [INFO] [cadence.virtuoso.ade.services.netlister] - Finished netlisting {"point": 7, "testname": "Poten"}
\o [2026-06-02 17:40:35.443 Z] [EVENT] [cadence.virtuoso.ade.services.netlister] - NewPoint {"point": 8, "testname": "Poten", "event": "NewPoint", "EventSource": "Netlist Service", "HistoryName": "Interactive.343", "logFile": "/home/hrahimi/projects/POTENTIOSTAT_26/logs_hrahimi/logs0/Service211.log", "logFileSize": "125992"}
\o [2026-06-02 17:40:35.443 Z] [INFO] [cadence.virtuoso.ade.services.netlister] - Started netlisting {"point": 8, "testname": "Poten"}
\o Resetting statistical vars
\o 
\o *Info*    Setting parameter values ...
\o 
\o Setting var temperature = "-40"
\o Setting temp(T) = -40
\o Setting var vdd = "3.63"
\o 
\o *Info*    Netlist Directory =
\o           /home/hrahimi/projects/POTENTIOSTAT_26/Sim/Potentiostat_Top/top/maestro/results/maestro/Interactive.343/8/Poten/netlist
\o 
\o 
\o *Info*    Data Directory    =
\o           /home/hrahimi/projects/POTENTIOSTAT_26/Sim/Potentiostat_Top/top/maestro/results/maestro/Interactive.343/8/Poten
\o 
\o Reusing AHDL Data dir
\o generate netlist...
\o function ansCdlCompPrim redefined
\o Ignoring netlist creation since ignoreDesignChangesDuringRun is set to true
\o       ...successful.
\o compose simulator input file...
\o       ...successful.
\o WARNING (ADE-3080): Fast viewing extensions for PSF XL format (also known as RTSF) will be discontinued  
\o        and Virtuoso Visualization and Analysis XL will not use RTSF data to plot waveforms from IC6.1.8 ISR7 onward. 
\o        There will be no performance impact on data visualization due to this change.
\o [2026-06-02 17:40:36.512 Z] [PROCESS] [cadence.virtuoso.ade.services.netlister] - Current memory used: 874.9062 MBytes, peak memory used: 874.9062 MBytes {"hostname": "il2244vt26_hrahimi", "processid": 2065497, "testname": "Poten", "point": 8, "logfile": "/home/hrahimi/projects/POTENTIOSTAT_26/logs_hrahimi/logs0/Service211.log"}
\o [2026-06-02 17:40:36.513 Z] [INFO] [cadence.virtuoso.ade.services.netlister] - Finished netlisting {"point": 8, "testname": "Poten"}
\o [2026-06-02 17:40:36.517 Z] [EVENT] [cadence.virtuoso.ade.services.netlister] - NewPoint {"point": 9, "testname": "Poten", "event": "NewPoint", "EventSource": "Netlist Service", "HistoryName": "Interactive.343", "logFile": "/home/hrahimi/projects/POTENTIOSTAT_26/logs_hrahimi/logs0/Service211.log", "logFileSize": "127997"}
\o [2026-06-02 17:40:36.517 Z] [INFO] [cadence.virtuoso.ade.services.netlister] - Started netlisting {"point": 9, "testname": "Poten"}
\o Resetting statistical vars
\o 
\o *Info*    Setting parameter values ...
\o 
\o Setting var temperature = "85"
\o Setting temp(T) = 85
\o 
\o *Info*    Netlist Directory =
\o           /home/hrahimi/projects/POTENTIOSTAT_26/Sim/Potentiostat_Top/top/maestro/results/maestro/Interactive.343/9/Poten/netlist
\o 
\o 
\o *Info*    Data Directory    =
\o           /home/hrahimi/projects/POTENTIOSTAT_26/Sim/Potentiostat_Top/top/maestro/results/maestro/Interactive.343/9/Poten
\o 
\o Reusing AHDL Data dir
\o generate netlist...
\o function ansCdlCompPrim redefined
\o Ignoring netlist creation since ignoreDesignChangesDuringRun is set to true
\o       ...successful.
\o compose simulator input file...
\o       ...successful.
\o WARNING (ADE-3080): Fast viewing extensions for PSF XL format (also known as RTSF) will be discontinued  
\o        and Virtuoso Visualization and Analysis XL will not use RTSF data to plot waveforms from IC6.1.8 ISR7 onward. 
\o        There will be no performance impact on data visualization due to this change.
\o [2026-06-02 17:40:37.496 Z] [PROCESS] [cadence.virtuoso.ade.services.netlister] - Current memory used: 874.9062 MBytes, peak memory used: 874.9062 MBytes {"hostname": "il2244vt26_hrahimi", "processid": 2065497, "testname": "Poten", "point": 9, "logfile": "/home/hrahimi/projects/POTENTIOSTAT_26/logs_hrahimi/logs0/Service211.log"}
\o [2026-06-02 17:40:37.497 Z] [INFO] [cadence.virtuoso.ade.services.netlister] - Finished netlisting {"point": 9, "testname": "Poten"}
\o [2026-06-02 17:40:37.500 Z] [EVENT] [cadence.virtuoso.ade.services.netlister] - NewPoint {"point": 10, "testname": "Poten", "event": "NewPoint", "EventSource": "Netlist Service", "HistoryName": "Interactive.343", "logFile": "/home/hrahimi/projects/POTENTIOSTAT_26/logs_hrahimi/logs0/Service211.log", "logFileSize": "129972"}
\o [2026-06-02 17:40:37.500 Z] [INFO] [cadence.virtuoso.ade.services.netlister] - Started netlisting {"point": 10, "testname": "Poten"}
\o Resetting statistical vars
\o 
\o *Info*    Setting parameter values ...
\o 
\o Setting var temperature = "-40"
\o Setting temp(T) = -40
\o Setting var vdd = "2.97"
\o 
\o *Info*    Netlist Directory =
\o           /home/hrahimi/projects/POTENTIOSTAT_26/Sim/Potentiostat_Top/top/maestro/results/maestro/Interactive.343/10/Poten/netlist
\o 
\o 
\o *Info*    Data Directory    =
\o           /home/hrahimi/projects/POTENTIOSTAT_26/Sim/Potentiostat_Top/top/maestro/results/maestro/Interactive.343/10/Poten
\o 
\o Reusing AHDL Data dir
\o generate netlist...
\o function ansCdlCompPrim redefined
\o Ignoring netlist creation since ignoreDesignChangesDuringRun is set to true
\o       ...successful.
\o compose simulator input file...
\o       ...successful.
\o WARNING (ADE-3080): Fast viewing extensions for PSF XL format (also known as RTSF) will be discontinued  
\o        and Virtuoso Visualization and Analysis XL will not use RTSF data to plot waveforms from IC6.1.8 ISR7 onward. 
\o        There will be no performance impact on data visualization due to this change.
\o [2026-06-02 17:40:38.394 Z] [PROCESS] [cadence.virtuoso.ade.services.netlister] - Current memory used: 874.9062 MBytes, peak memory used: 874.9062 MBytes {"hostname": "il2244vt26_hrahimi", "processid": 2065497, "testname": "Poten", "point": 10, "logfile": "/home/hrahimi/projects/POTENTIOSTAT_26/logs_hrahimi/logs0/Service211.log"}
\o [2026-06-02 17:40:38.395 Z] [INFO] [cadence.virtuoso.ade.services.netlister] - Finished netlisting {"point": 10, "testname": "Poten"}
\o [2026-06-02 17:40:38.398 Z] [EVENT] [cadence.virtuoso.ade.services.netlister] - NewPoint {"point": 11, "testname": "Poten", "event": "NewPoint", "EventSource": "Netlist Service", "HistoryName": "Interactive.343", "logFile": "/home/hrahimi/projects/POTENTIOSTAT_26/logs_hrahimi/logs0/Service211.log", "logFileSize": "131983"}
\o [2026-06-02 17:40:38.398 Z] [INFO] [cadence.virtuoso.ade.services.netlister] - Started netlisting {"point": 11, "testname": "Poten"}
\o Resetting statistical vars
\o 
\o *Info*    Setting parameter values ...
\o 
\o Setting var temperature = "85"
\o Setting temp(T) = 85
\o 
\o *Info*    Netlist Directory =
\o           /home/hrahimi/projects/POTENTIOSTAT_26/Sim/Potentiostat_Top/top/maestro/results/maestro/Interactive.343/11/Poten/netlist
\o 
\o 
\o *Info*    Data Directory    =
\o           /home/hrahimi/projects/POTENTIOSTAT_26/Sim/Potentiostat_Top/top/maestro/results/maestro/Interactive.343/11/Poten
\o 
\o Reusing AHDL Data dir
\o generate netlist...
\o function ansCdlCompPrim redefined
\o Ignoring netlist creation since ignoreDesignChangesDuringRun is set to true
\o       ...successful.
\o compose simulator input file...
\o       ...successful.
\o WARNING (ADE-3080): Fast viewing extensions for PSF XL format (also known as RTSF) will be discontinued  
\o        and Virtuoso Visualization and Analysis XL will not use RTSF data to plot waveforms from IC6.1.8 ISR7 onward. 
\o        There will be no performance impact on data visualization due to this change.
\o [2026-06-02 17:40:39.178 Z] [PROCESS] [cadence.virtuoso.ade.services.netlister] - Current memory used: 874.9062 MBytes, peak memory used: 874.9062 MBytes {"hostname": "il2244vt26_hrahimi", "processid": 2065497, "testname": "Poten", "point": 11, "logfile": "/home/hrahimi/projects/POTENTIOSTAT_26/logs_hrahimi/logs0/Service211.log"}
\o [2026-06-02 17:40:39.179 Z] [INFO] [cadence.virtuoso.ade.services.netlister] - Finished netlisting {"point": 11, "testname": "Poten"}
\o [2026-06-02 17:40:39.181 Z] [EVENT] [cadence.virtuoso.ade.services.netlister] - NewPoint {"point": 12, "testname": "Poten", "event": "NewPoint", "EventSource": "Netlist Service", "HistoryName": "Interactive.343", "logFile": "/home/hrahimi/projects/POTENTIOSTAT_26/logs_hrahimi/logs0/Service211.log", "logFileSize": "133964"}
\o [2026-06-02 17:40:39.181 Z] [INFO] [cadence.virtuoso.ade.services.netlister] - Started netlisting {"point": 12, "testname": "Poten"}
\o Resetting statistical vars
\o 
\o *Info*    Setting parameter values ...
\o 
\o Setting var temperature = "-40"
\o Setting temp(T) = -40
\o Setting var vdd = "3.63"
\o 
\o *Info*    Netlist Directory =
\o           /home/hrahimi/projects/POTENTIOSTAT_26/Sim/Potentiostat_Top/top/maestro/results/maestro/Interactive.343/12/Poten/netlist
\o 
\o 
\o *Info*    Data Directory    =
\o           /home/hrahimi/projects/POTENTIOSTAT_26/Sim/Potentiostat_Top/top/maestro/results/maestro/Interactive.343/12/Poten
\o 
\o Reusing AHDL Data dir
\o generate netlist...
\o function ansCdlCompPrim redefined
\o Ignoring netlist creation since ignoreDesignChangesDuringRun is set to true
\o       ...successful.
\o compose simulator input file...
\o       ...successful.
\o WARNING (ADE-3080): Fast viewing extensions for PSF XL format (also known as RTSF) will be discontinued  
\o        and Virtuoso Visualization and Analysis XL will not use RTSF data to plot waveforms from IC6.1.8 ISR7 onward. 
\o        There will be no performance impact on data visualization due to this change.
\o [2026-06-02 17:40:40.237 Z] [PROCESS] [cadence.virtuoso.ade.services.netlister] - Current memory used: 874.9062 MBytes, peak memory used: 874.9062 MBytes {"hostname": "il2244vt26_hrahimi", "processid": 2065497, "testname": "Poten", "point": 12, "logfile": "/home/hrahimi/projects/POTENTIOSTAT_26/logs_hrahimi/logs0/Service211.log"}
\o [2026-06-02 17:40:40.238 Z] [INFO] [cadence.virtuoso.ade.services.netlister] - Finished netlisting {"point": 12, "testname": "Poten"}
\o [2026-06-02 17:40:40.241 Z] [EVENT] [cadence.virtuoso.ade.services.netlister] - NewPoint {"point": 13, "testname": "Poten", "event": "NewPoint", "EventSource": "Netlist Service", "HistoryName": "Interactive.343", "logFile": "/home/hrahimi/projects/POTENTIOSTAT_26/logs_hrahimi/logs0/Service211.log", "logFileSize": "135975"}
\o [2026-06-02 17:40:40.242 Z] [INFO] [cadence.virtuoso.ade.services.netlister] - Started netlisting {"point": 13, "testname": "Poten"}
\o Resetting statistical vars
\o 
\o *Info*    Setting parameter values ...
\o 
\o Setting var temperature = "85"
\o Setting temp(T) = 85
\o 
\o *Info*    Netlist Directory =
\o           /home/hrahimi/projects/POTENTIOSTAT_26/Sim/Potentiostat_Top/top/maestro/results/maestro/Interactive.343/13/Poten/netlist
\o 
\o 
\o *Info*    Data Directory    =
\o           /home/hrahimi/projects/POTENTIOSTAT_26/Sim/Potentiostat_Top/top/maestro/results/maestro/Interactive.343/13/Poten
\o 
\o Reusing AHDL Data dir
\o generate netlist...
\o function ansCdlCompPrim redefined
\o Ignoring netlist creation since ignoreDesignChangesDuringRun is set to true
\o       ...successful.
\o compose simulator input file...
\o       ...successful.
\o WARNING (ADE-3080): Fast viewing extensions for PSF XL format (also known as RTSF) will be discontinued  
\o        and Virtuoso Visualization and Analysis XL will not use RTSF data to plot waveforms from IC6.1.8 ISR7 onward. 
\o        There will be no performance impact on data visualization due to this change.
\o [2026-06-02 17:40:41.053 Z] [PROCESS] [cadence.virtuoso.ade.services.netlister] - Current memory used: 874.9062 MBytes, peak memory used: 874.9062 MBytes {"hostname": "il2244vt26_hrahimi", "processid": 2065497, "testname": "Poten", "point": 13, "logfile": "/home/hrahimi/projects/POTENTIOSTAT_26/logs_hrahimi/logs0/Service211.log"}
\o [2026-06-02 17:40:41.054 Z] [INFO] [cadence.virtuoso.ade.services.netlister] - Finished netlisting {"point": 13, "testname": "Poten"}
\o [2026-06-02 17:40:41.056 Z] [EVENT] [cadence.virtuoso.ade.services.netlister] - NewPoint {"point": 14, "testname": "Poten", "event": "NewPoint", "EventSource": "Netlist Service", "HistoryName": "Interactive.343", "logFile": "/home/hrahimi/projects/POTENTIOSTAT_26/logs_hrahimi/logs0/Service211.log", "logFileSize": "137956"}
\o [2026-06-02 17:40:41.056 Z] [INFO] [cadence.virtuoso.ade.services.netlister] - Started netlisting {"point": 14, "testname": "Poten"}
\o Resetting statistical vars
\o 
\o *Info*    Setting parameter values ...
\o 
\o Setting var temperature = "-40"
\o Setting temp(T) = -40
\o Setting var vdd = "2.97"
\o 
\o *Info*    Netlist Directory =
\o           /home/hrahimi/projects/POTENTIOSTAT_26/Sim/Potentiostat_Top/top/maestro/results/maestro/Interactive.343/14/Poten/netlist
\o 
\o 
\o *Info*    Data Directory    =
\o           /home/hrahimi/projects/POTENTIOSTAT_26/Sim/Potentiostat_Top/top/maestro/results/maestro/Interactive.343/14/Poten
\o 
\o Reusing AHDL Data dir
\o generate netlist...
\o function ansCdlCompPrim redefined
\o Ignoring netlist creation since ignoreDesignChangesDuringRun is set to true
\o       ...successful.
\o compose simulator input file...
\o       ...successful.
\o WARNING (ADE-3080): Fast viewing extensions for PSF XL format (also known as RTSF) will be discontinued  
\o        and Virtuoso Visualization and Analysis XL will not use RTSF data to plot waveforms from IC6.1.8 ISR7 onward. 
\o        There will be no performance impact on data visualization due to this change.
\o [2026-06-02 17:40:41.881 Z] [PROCESS] [cadence.virtuoso.ade.services.netlister] - Current memory used: 874.9062 MBytes, peak memory used: 874.9062 MBytes {"hostname": "il2244vt26_hrahimi", "processid": 2065497, "testname": "Poten", "point": 14, "logfile": "/home/hrahimi/projects/POTENTIOSTAT_26/logs_hrahimi/logs0/Service211.log"}
\o [2026-06-02 17:40:41.883 Z] [INFO] [cadence.virtuoso.ade.services.netlister] - Finished netlisting {"point": 14, "testname": "Poten"}
\o [2026-06-02 17:40:41.888 Z] [EVENT] [cadence.virtuoso.ade.services.netlister] - NewPoint {"point": 15, "testname": "Poten", "event": "NewPoint", "EventSource": "Netlist Service", "HistoryName": "Interactive.343", "logFile": "/home/hrahimi/projects/POTENTIOSTAT_26/logs_hrahimi/logs0/Service211.log", "logFileSize": "139967"}
\o [2026-06-02 17:40:41.888 Z] [INFO] [cadence.virtuoso.ade.services.netlister] - Started netlisting {"point": 15, "testname": "Poten"}
\o Resetting statistical vars
\o 
\o *Info*    Setting parameter values ...
\o 
\o Setting var temperature = "85"
\o Setting temp(T) = 85
\o 
\o *Info*    Netlist Directory =
\o           /home/hrahimi/projects/POTENTIOSTAT_26/Sim/Potentiostat_Top/top/maestro/results/maestro/Interactive.343/15/Poten/netlist
\o 
\o 
\o *Info*    Data Directory    =
\o           /home/hrahimi/projects/POTENTIOSTAT_26/Sim/Potentiostat_Top/top/maestro/results/maestro/Interactive.343/15/Poten
\o 
\o Reusing AHDL Data dir
\o generate netlist...
\o function ansCdlCompPrim redefined
\o Ignoring netlist creation since ignoreDesignChangesDuringRun is set to true
\o       ...successful.
\o compose simulator input file...
\o       ...successful.
\o WARNING (ADE-3080): Fast viewing extensions for PSF XL format (also known as RTSF) will be discontinued  
\o        and Virtuoso Visualization and Analysis XL will not use RTSF data to plot waveforms from IC6.1.8 ISR7 onward. 
\o        There will be no performance impact on data visualization due to this change.
\o [2026-06-02 17:40:42.706 Z] [PROCESS] [cadence.virtuoso.ade.services.netlister] - Current memory used: 874.9062 MBytes, peak memory used: 874.9062 MBytes {"hostname": "il2244vt26_hrahimi", "processid": 2065497, "testname": "Poten", "point": 15, "logfile": "/home/hrahimi/projects/POTENTIOSTAT_26/logs_hrahimi/logs0/Service211.log"}
\o [2026-06-02 17:40:42.707 Z] [INFO] [cadence.virtuoso.ade.services.netlister] - Finished netlisting {"point": 15, "testname": "Poten"}
\o [2026-06-02 17:40:42.710 Z] [EVENT] [cadence.virtuoso.ade.services.netlister] - NewPoint {"point": 16, "testname": "Poten", "event": "NewPoint", "EventSource": "Netlist Service", "HistoryName": "Interactive.343", "logFile": "/home/hrahimi/projects/POTENTIOSTAT_26/logs_hrahimi/logs0/Service211.log", "logFileSize": "141948"}
\o [2026-06-02 17:40:42.710 Z] [INFO] [cadence.virtuoso.ade.services.netlister] - Started netlisting {"point": 16, "testname": "Poten"}
\o Resetting statistical vars
\o 
\o *Info*    Setting parameter values ...
\o 
\o Setting var temperature = "-40"
\o Setting temp(T) = -40
\o Setting var vdd = "3.63"
\o 
\o *Info*    Netlist Directory =
\o           /home/hrahimi/projects/POTENTIOSTAT_26/Sim/Potentiostat_Top/top/maestro/results/maestro/Interactive.343/16/Poten/netlist
\o 
\o 
\o *Info*    Data Directory    =
\o           /home/hrahimi/projects/POTENTIOSTAT_26/Sim/Potentiostat_Top/top/maestro/results/maestro/Interactive.343/16/Poten
\o 
\o Reusing AHDL Data dir
\o generate netlist...
\o function ansCdlCompPrim redefined
\o Ignoring netlist creation since ignoreDesignChangesDuringRun is set to true
\o       ...successful.
\o compose simulator input file...
\o       ...successful.
\o WARNING (ADE-3080): Fast viewing extensions for PSF XL format (also known as RTSF) will be discontinued  
\o        and Virtuoso Visualization and Analysis XL will not use RTSF data to plot waveforms from IC6.1.8 ISR7 onward. 
\o        There will be no performance impact on data visualization due to this change.
\o [2026-06-02 17:40:43.636 Z] [PROCESS] [cadence.virtuoso.ade.services.netlister] - Current memory used: 874.9062 MBytes, peak memory used: 874.9062 MBytes {"hostname": "il2244vt26_hrahimi", "processid": 2065497, "testname": "Poten", "point": 16, "logfile": "/home/hrahimi/projects/POTENTIOSTAT_26/logs_hrahimi/logs0/Service211.log"}
\o [2026-06-02 17:40:43.637 Z] [INFO] [cadence.virtuoso.ade.services.netlister] - Finished netlisting {"point": 16, "testname": "Poten"}
\o [2026-06-02 17:40:43.639 Z] [EVENT] [cadence.virtuoso.ade.services.netlister] - NewPoint {"point": 17, "testname": "Poten", "event": "NewPoint", "EventSource": "Netlist Service", "HistoryName": "Interactive.343", "logFile": "/home/hrahimi/projects/POTENTIOSTAT_26/logs_hrahimi/logs0/Service211.log", "logFileSize": "143959"}
\o [2026-06-02 17:40:43.639 Z] [INFO] [cadence.virtuoso.ade.services.netlister] - Started netlisting {"point": 17, "testname": "Poten"}
\o Resetting statistical vars
\o 
\o *Info*    Setting parameter values ...
\o 
\o Setting var temperature = "85"
\o Setting temp(T) = 85
\o 
\o *Info*    Netlist Directory =
\o           /home/hrahimi/projects/POTENTIOSTAT_26/Sim/Potentiostat_Top/top/maestro/results/maestro/Interactive.343/17/Poten/netlist
\o 
\o 
\o *Info*    Data Directory    =
\o           /home/hrahimi/projects/POTENTIOSTAT_26/Sim/Potentiostat_Top/top/maestro/results/maestro/Interactive.343/17/Poten
\o 
\o Reusing AHDL Data dir
\o generate netlist...
\o function ansCdlCompPrim redefined
\o Ignoring netlist creation since ignoreDesignChangesDuringRun is set to true
\o       ...successful.
\o compose simulator input file...
\o       ...successful.
\o WARNING (ADE-3080): Fast viewing extensions for PSF XL format (also known as RTSF) will be discontinued  
\o        and Virtuoso Visualization and Analysis XL will not use RTSF data to plot waveforms from IC6.1.8 ISR7 onward. 
\o        There will be no performance impact on data visualization due to this change.
\o [2026-06-02 17:40:44.552 Z] [PROCESS] [cadence.virtuoso.ade.services.netlister] - Current memory used: 874.9062 MBytes, peak memory used: 874.9062 MBytes {"hostname": "il2244vt26_hrahimi", "processid": 2065497, "testname": "Poten", "point": 17, "logfile": "/home/hrahimi/projects/POTENTIOSTAT_26/logs_hrahimi/logs0/Service211.log"}
\o [2026-06-02 17:40:44.553 Z] [INFO] [cadence.virtuoso.ade.services.netlister] - Finished netlisting {"point": 17, "testname": "Poten"}
\o [2026-06-02 17:40:44.556 Z] [EVENT] [cadence.virtuoso.ade.services.netlister] - NewPoint {"point": 18, "testname": "Poten", "event": "NewPoint", "EventSource": "Netlist Service", "HistoryName": "Interactive.343", "logFile": "/home/hrahimi/projects/POTENTIOSTAT_26/logs_hrahimi/logs0/Service211.log", "logFileSize": "145940"}
\o [2026-06-02 17:40:44.557 Z] [INFO] [cadence.virtuoso.ade.services.netlister] - Started netlisting {"point": 18, "testname": "Poten"}
\o Resetting statistical vars
\o 
\o *Info*    Setting parameter values ...
\o 
\o Setting var temperature = "-40"
\o Setting temp(T) = -40
\o Setting var vdd = "2.97"
\o 
\o *Info*    Netlist Directory =
\o           /home/hrahimi/projects/POTENTIOSTAT_26/Sim/Potentiostat_Top/top/maestro/results/maestro/Interactive.343/18/Poten/netlist
\o 
\o 
\o *Info*    Data Directory    =
\o           /home/hrahimi/projects/POTENTIOSTAT_26/Sim/Potentiostat_Top/top/maestro/results/maestro/Interactive.343/18/Poten
\o 
\o Reusing AHDL Data dir
\o generate netlist...
\o function ansCdlCompPrim redefined
\o Ignoring netlist creation since ignoreDesignChangesDuringRun is set to true
\o       ...successful.
\o compose simulator input file...
\o       ...successful.
\o WARNING (ADE-3080): Fast viewing extensions for PSF XL format (also known as RTSF) will be discontinued  
\o        and Virtuoso Visualization and Analysis XL will not use RTSF data to plot waveforms from IC6.1.8 ISR7 onward. 
\o        There will be no performance impact on data visualization due to this change.
\o [2026-06-02 17:40:45.621 Z] [PROCESS] [cadence.virtuoso.ade.services.netlister] - Current memory used: 874.9062 MBytes, peak memory used: 874.9062 MBytes {"hostname": "il2244vt26_hrahimi", "processid": 2065497, "testname": "Poten", "point": 18, "logfile": "/home/hrahimi/projects/POTENTIOSTAT_26/logs_hrahimi/logs0/Service211.log"}
\o [2026-06-02 17:40:45.622 Z] [INFO] [cadence.virtuoso.ade.services.netlister] - Finished netlisting {"point": 18, "testname": "Poten"}
\o [2026-06-02 17:40:45.626 Z] [EVENT] [cadence.virtuoso.ade.services.netlister] - NewPoint {"point": 19, "testname": "Poten", "event": "NewPoint", "EventSource": "Netlist Service", "HistoryName": "Interactive.343", "logFile": "/home/hrahimi/projects/POTENTIOSTAT_26/logs_hrahimi/logs0/Service211.log", "logFileSize": "147951"}
\o [2026-06-02 17:40:45.626 Z] [INFO] [cadence.virtuoso.ade.services.netlister] - Started netlisting {"point": 19, "testname": "Poten"}
\o Resetting statistical vars
\o 
\o *Info*    Setting parameter values ...
\o 
\o Setting var temperature = "85"
\o Setting temp(T) = 85
\o 
\o *Info*    Netlist Directory =
\o           /home/hrahimi/projects/POTENTIOSTAT_26/Sim/Potentiostat_Top/top/maestro/results/maestro/Interactive.343/19/Poten/netlist
\o 
\o 
\o *Info*    Data Directory    =
\o           /home/hrahimi/projects/POTENTIOSTAT_26/Sim/Potentiostat_Top/top/maestro/results/maestro/Interactive.343/19/Poten
\o 
\o Reusing AHDL Data dir
\o generate netlist...
\o function ansCdlCompPrim redefined
\o Ignoring netlist creation since ignoreDesignChangesDuringRun is set to true
\o       ...successful.
\o compose simulator input file...
\o       ...successful.
\o WARNING (ADE-3080): Fast viewing extensions for PSF XL format (also known as RTSF) will be discontinued  
\o        and Virtuoso Visualization and Analysis XL will not use RTSF data to plot waveforms from IC6.1.8 ISR7 onward. 
\o        There will be no performance impact on data visualization due to this change.
\o [2026-06-02 17:40:46.772 Z] [PROCESS] [cadence.virtuoso.ade.services.netlister] - Current memory used: 874.9062 MBytes, peak memory used: 874.9062 MBytes {"hostname": "il2244vt26_hrahimi", "processid": 2065497, "testname": "Poten", "point": 19, "logfile": "/home/hrahimi/projects/POTENTIOSTAT_26/logs_hrahimi/logs0/Service211.log"}
\o [2026-06-02 17:40:46.773 Z] [INFO] [cadence.virtuoso.ade.services.netlister] - Finished netlisting {"point": 19, "testname": "Poten"}
\o [2026-06-02 17:40:46.777 Z] [EVENT] [cadence.virtuoso.ade.services.netlister] - NewPoint {"point": 20, "testname": "Poten", "event": "NewPoint", "EventSource": "Netlist Service", "HistoryName": "Interactive.343", "logFile": "/home/hrahimi/projects/POTENTIOSTAT_26/logs_hrahimi/logs0/Service211.log", "logFileSize": "149932"}
\o [2026-06-02 17:40:46.777 Z] [INFO] [cadence.virtuoso.ade.services.netlister] - Started netlisting {"point": 20, "testname": "Poten"}
\o Resetting statistical vars
\o 
\o *Info*    Setting parameter values ...
\o 
\o Setting var temperature = "-40"
\o Setting temp(T) = -40
\o Setting var vdd = "3.63"
\o 
\o *Info*    Netlist Directory =
\o           /home/hrahimi/projects/POTENTIOSTAT_26/Sim/Potentiostat_Top/top/maestro/results/maestro/Interactive.343/20/Poten/netlist
\o 
\o 
\o *Info*    Data Directory    =
\o           /home/hrahimi/projects/POTENTIOSTAT_26/Sim/Potentiostat_Top/top/maestro/results/maestro/Interactive.343/20/Poten
\o 
\o Reusing AHDL Data dir
\o generate netlist...
\o function ansCdlCompPrim redefined
\o Ignoring netlist creation since ignoreDesignChangesDuringRun is set to true
\o       ...successful.
\o compose simulator input file...
\o       ...successful.
\o WARNING (ADE-3080): Fast viewing extensions for PSF XL format (also known as RTSF) will be discontinued  
\o        and Virtuoso Visualization and Analysis XL will not use RTSF data to plot waveforms from IC6.1.8 ISR7 onward. 
\o        There will be no performance impact on data visualization due to this change.
\o [2026-06-02 17:40:48.243 Z] [PROCESS] [cadence.virtuoso.ade.services.netlister] - Current memory used: 874.9062 MBytes, peak memory used: 874.9062 MBytes {"hostname": "il2244vt26_hrahimi", "processid": 2065497, "testname": "Poten", "point": 20, "logfile": "/home/hrahimi/projects/POTENTIOSTAT_26/logs_hrahimi/logs0/Service211.log"}
\o [2026-06-02 17:40:48.245 Z] [INFO] [cadence.virtuoso.ade.services.netlister] - Finished netlisting {"point": 20, "testname": "Poten"}
\o [2026-06-02 17:40:48.249 Z] [EVENT] [cadence.virtuoso.ade.services.netlister] - NewPoint {"point": 21, "testname": "Poten", "event": "NewPoint", "EventSource": "Netlist Service", "HistoryName": "Interactive.343", "logFile": "/home/hrahimi/projects/POTENTIOSTAT_26/logs_hrahimi/logs0/Service211.log", "logFileSize": "151943"}
\o [2026-06-02 17:40:48.250 Z] [INFO] [cadence.virtuoso.ade.services.netlister] - Started netlisting {"point": 21, "testname": "Poten"}
\o Resetting statistical vars
\o 
\o *Info*    Setting parameter values ...
\o 
\o Setting var temperature = "85"
\o Setting temp(T) = 85
\o 
\o *Info*    Netlist Directory =
\o           /home/hrahimi/projects/POTENTIOSTAT_26/Sim/Potentiostat_Top/top/maestro/results/maestro/Interactive.343/21/Poten/netlist
\o 
\o 
\o *Info*    Data Directory    =
\o           /home/hrahimi/projects/POTENTIOSTAT_26/Sim/Potentiostat_Top/top/maestro/results/maestro/Interactive.343/21/Poten
\o 
\o Reusing AHDL Data dir
\o generate netlist...
\o function ansCdlCompPrim redefined
\o Ignoring netlist creation since ignoreDesignChangesDuringRun is set to true
\o       ...successful.
\o compose simulator input file...
\o       ...successful.
\o WARNING (ADE-3080): Fast viewing extensions for PSF XL format (also known as RTSF) will be discontinued  
\o        and Virtuoso Visualization and Analysis XL will not use RTSF data to plot waveforms from IC6.1.8 ISR7 onward. 
\o        There will be no performance impact on data visualization due to this change.
\o [2026-06-02 17:40:50.097 Z] [PROCESS] [cadence.virtuoso.ade.services.netlister] - Current memory used: 874.9062 MBytes, peak memory used: 874.9062 MBytes {"hostname": "il2244vt26_hrahimi", "processid": 2065497, "testname": "Poten", "point": 21, "logfile": "/home/hrahimi/projects/POTENTIOSTAT_26/logs_hrahimi/logs0/Service211.log"}
\o [2026-06-02 17:40:50.098 Z] [INFO] [cadence.virtuoso.ade.services.netlister] - Finished netlisting {"point": 21, "testname": "Poten"}
\o [2026-06-02 17:40:50.109 Z] [EVENT] [cadence.virtuoso.ade.services.netlister] - NewPoint {"point": 22, "testname": "Poten", "event": "NewPoint", "EventSource": "Netlist Service", "HistoryName": "Interactive.343", "logFile": "/home/hrahimi/projects/POTENTIOSTAT_26/logs_hrahimi/logs0/Service211.log", "logFileSize": "153924"}
\o [2026-06-02 17:40:50.110 Z] [INFO] [cadence.virtuoso.ade.services.netlister] - Started netlisting {"point": 22, "testname": "Poten"}
\o Resetting statistical vars
\o 
\o *Info*    Setting parameter values ...
\o 
\o Setting var temperature = "-40"
\o Setting temp(T) = -40
\o Setting var vdd = "2.97"
\o 
\o *Info*    Netlist Directory =
\o           /home/hrahimi/projects/POTENTIOSTAT_26/Sim/Potentiostat_Top/top/maestro/results/maestro/Interactive.343/22/Poten/netlist
\o 
\o 
\o *Info*    Data Directory    =
\o           /home/hrahimi/projects/POTENTIOSTAT_26/Sim/Potentiostat_Top/top/maestro/results/maestro/Interactive.343/22/Poten
\o 
\o Reusing AHDL Data dir
\o generate netlist...
\o function ansCdlCompPrim redefined
\o Ignoring netlist creation since ignoreDesignChangesDuringRun is set to true
\o       ...successful.
\o compose simulator input file...
\o       ...successful.
\o WARNING (ADE-3080): Fast viewing extensions for PSF XL format (also known as RTSF) will be discontinued  
\o        and Virtuoso Visualization and Analysis XL will not use RTSF data to plot waveforms from IC6.1.8 ISR7 onward. 
\o        There will be no performance impact on data visualization due to this change.
\o [2026-06-02 17:40:52.465 Z] [PROCESS] [cadence.virtuoso.ade.services.netlister] - Current memory used: 874.9062 MBytes, peak memory used: 874.9062 MBytes {"hostname": "il2244vt26_hrahimi", "processid": 2065497, "testname": "Poten", "point": 22, "logfile": "/home/hrahimi/projects/POTENTIOSTAT_26/logs_hrahimi/logs0/Service211.log"}
\o [2026-06-02 17:40:52.466 Z] [INFO] [cadence.virtuoso.ade.services.netlister] - Finished netlisting {"point": 22, "testname": "Poten"}
\o [2026-06-02 17:40:52.476 Z] [EVENT] [cadence.virtuoso.ade.services.netlister] - NewPoint {"point": 23, "testname": "Poten", "event": "NewPoint", "EventSource": "Netlist Service", "HistoryName": "Interactive.343", "logFile": "/home/hrahimi/projects/POTENTIOSTAT_26/logs_hrahimi/logs0/Service211.log", "logFileSize": "155935"}
\o [2026-06-02 17:40:52.476 Z] [INFO] [cadence.virtuoso.ade.services.netlister] - Started netlisting {"point": 23, "testname": "Poten"}
\o Resetting statistical vars
\o 
\o *Info*    Setting parameter values ...
\o 
\o Setting var temperature = "85"
\o Setting temp(T) = 85
\o 
\o *Info*    Netlist Directory =
\o           /home/hrahimi/projects/POTENTIOSTAT_26/Sim/Potentiostat_Top/top/maestro/results/maestro/Interactive.343/23/Poten/netlist
\o 
\o 
\o *Info*    Data Directory    =
\o           /home/hrahimi/projects/POTENTIOSTAT_26/Sim/Potentiostat_Top/top/maestro/results/maestro/Interactive.343/23/Poten
\o 
\o Reusing AHDL Data dir
\o generate netlist...
\o function ansCdlCompPrim redefined
\o Ignoring netlist creation since ignoreDesignChangesDuringRun is set to true
\o       ...successful.
\o compose simulator input file...
\o       ...successful.
\o WARNING (ADE-3080): Fast viewing extensions for PSF XL format (also known as RTSF) will be discontinued  
\o        and Virtuoso Visualization and Analysis XL will not use RTSF data to plot waveforms from IC6.1.8 ISR7 onward. 
\o        There will be no performance impact on data visualization due to this change.
\o [2026-06-02 17:40:54.944 Z] [PROCESS] [cadence.virtuoso.ade.services.netlister] - Current memory used: 874.9062 MBytes, peak memory used: 874.9062 MBytes {"hostname": "il2244vt26_hrahimi", "processid": 2065497, "testname": "Poten", "point": 23, "logfile": "/home/hrahimi/projects/POTENTIOSTAT_26/logs_hrahimi/logs0/Service211.log"}
\o [2026-06-02 17:40:54.946 Z] [INFO] [cadence.virtuoso.ade.services.netlister] - Finished netlisting {"point": 23, "testname": "Poten"}
\o [2026-06-02 17:40:54.963 Z] [EVENT] [cadence.virtuoso.ade.services.netlister] - NewPoint {"point": 24, "testname": "Poten", "event": "NewPoint", "EventSource": "Netlist Service", "HistoryName": "Interactive.343", "logFile": "/home/hrahimi/projects/POTENTIOSTAT_26/logs_hrahimi/logs0/Service211.log", "logFileSize": "157916"}
\o [2026-06-02 17:40:54.966 Z] [INFO] [cadence.virtuoso.ade.services.netlister] - Started netlisting {"point": 24, "testname": "Poten"}
\o Resetting statistical vars
\o 
\o *Info*    Setting parameter values ...
\o 
\o Setting var temperature = "-40"
\o Setting temp(T) = -40
\o Setting var vdd = "3.63"
\o 
\o *Info*    Netlist Directory =
\o           /home/hrahimi/projects/POTENTIOSTAT_26/Sim/Potentiostat_Top/top/maestro/results/maestro/Interactive.343/24/Poten/netlist
\o 
\o 
\o *Info*    Data Directory    =
\o           /home/hrahimi/projects/POTENTIOSTAT_26/Sim/Potentiostat_Top/top/maestro/results/maestro/Interactive.343/24/Poten
\o 
\o Reusing AHDL Data dir
\o generate netlist...
\o function ansCdlCompPrim redefined
\o Ignoring netlist creation since ignoreDesignChangesDuringRun is set to true
\o       ...successful.
\o compose simulator input file...
\o       ...successful.
\o WARNING (ADE-3080): Fast viewing extensions for PSF XL format (also known as RTSF) will be discontinued  
\o        and Virtuoso Visualization and Analysis XL will not use RTSF data to plot waveforms from IC6.1.8 ISR7 onward. 
\o        There will be no performance impact on data visualization due to this change.
\o [2026-06-02 17:40:57.574 Z] [PROCESS] [cadence.virtuoso.ade.services.netlister] - Current memory used: 874.9062 MBytes, peak memory used: 874.9062 MBytes {"hostname": "il2244vt26_hrahimi", "processid": 2065497, "testname": "Poten", "point": 24, "logfile": "/home/hrahimi/projects/POTENTIOSTAT_26/logs_hrahimi/logs0/Service211.log"}
\o [2026-06-02 17:40:57.576 Z] [INFO] [cadence.virtuoso.ade.services.netlister] - Finished netlisting {"point": 24, "testname": "Poten"}
\o [2026-06-02 17:40:57.587 Z] [EVENT] [cadence.virtuoso.ade.services.netlister] - NewPoint {"point": 25, "testname": "Poten", "event": "NewPoint", "EventSource": "Netlist Service", "HistoryName": "Interactive.343", "logFile": "/home/hrahimi/projects/POTENTIOSTAT_26/logs_hrahimi/logs0/Service211.log", "logFileSize": "159927"}
\o [2026-06-02 17:40:57.587 Z] [INFO] [cadence.virtuoso.ade.services.netlister] - Started netlisting {"point": 25, "testname": "Poten"}
\o Resetting statistical vars
\o 
\o *Info*    Setting parameter values ...
\o 
\o Setting var temperature = "85"
\o Setting temp(T) = 85
\o 
\o *Info*    Netlist Directory =
\o           /home/hrahimi/projects/POTENTIOSTAT_26/Sim/Potentiostat_Top/top/maestro/results/maestro/Interactive.343/25/Poten/netlist
\o 
\o 
\o *Info*    Data Directory    =
\o           /home/hrahimi/projects/POTENTIOSTAT_26/Sim/Potentiostat_Top/top/maestro/results/maestro/Interactive.343/25/Poten
\o 
\o Reusing AHDL Data dir
\o generate netlist...
\o function ansCdlCompPrim redefined
\o Ignoring netlist creation since ignoreDesignChangesDuringRun is set to true
\o       ...successful.
\o compose simulator input file...
\o       ...successful.
\o WARNING (ADE-3080): Fast viewing extensions for PSF XL format (also known as RTSF) will be discontinued  
\o        and Virtuoso Visualization and Analysis XL will not use RTSF data to plot waveforms from IC6.1.8 ISR7 onward. 
\o        There will be no performance impact on data visualization due to this change.
\o [2026-06-02 17:41:00.015 Z] [PROCESS] [cadence.virtuoso.ade.services.netlister] - Current memory used: 874.9062 MBytes, peak memory used: 874.9062 MBytes {"hostname": "il2244vt26_hrahimi", "processid": 2065497, "testname": "Poten", "point": 25, "logfile": "/home/hrahimi/projects/POTENTIOSTAT_26/logs_hrahimi/logs0/Service211.log"}
\o [2026-06-02 17:41:00.017 Z] [INFO] [cadence.virtuoso.ade.services.netlister] - Finished netlisting {"point": 25, "testname": "Poten"}
\o [2026-06-02 17:41:00.021 Z] [EVENT] [cadence.virtuoso.ade.services.netlister] - NewPoint {"point": 26, "testname": "Poten", "event": "NewPoint", "EventSource": "Netlist Service", "HistoryName": "Interactive.343", "logFile": "/home/hrahimi/projects/POTENTIOSTAT_26/logs_hrahimi/logs0/Service211.log", "logFileSize": "161908"}
\o [2026-06-02 17:41:00.022 Z] [INFO] [cadence.virtuoso.ade.services.netlister] - Started netlisting {"point": 26, "testname": "Poten"}
\o Resetting statistical vars
\o 
\o *Info*    Setting parameter values ...
\o 
\o Setting var temperature = "-40"
\o Setting temp(T) = -40
\o Setting var vdd = "2.97"
\o 
\o *Info*    Netlist Directory =
\o           /home/hrahimi/projects/POTENTIOSTAT_26/Sim/Potentiostat_Top/top/maestro/results/maestro/Interactive.343/26/Poten/netlist
\o 
\o 
\o *Info*    Data Directory    =
\o           /home/hrahimi/projects/POTENTIOSTAT_26/Sim/Potentiostat_Top/top/maestro/results/maestro/Interactive.343/26/Poten
\o 
\o Reusing AHDL Data dir
\o generate netlist...
\o function ansCdlCompPrim redefined
\o Ignoring netlist creation since ignoreDesignChangesDuringRun is set to true
\o       ...successful.
\o compose simulator input file...
\o       ...successful.
\o WARNING (ADE-3080): Fast viewing extensions for PSF XL format (also known as RTSF) will be discontinued  
\o        and Virtuoso Visualization and Analysis XL will not use RTSF data to plot waveforms from IC6.1.8 ISR7 onward. 
\o        There will be no performance impact on data visualization due to this change.
\o [2026-06-02 17:41:02.401 Z] [PROCESS] [cadence.virtuoso.ade.services.netlister] - Current memory used: 874.9062 MBytes, peak memory used: 874.9062 MBytes {"hostname": "il2244vt26_hrahimi", "processid": 2065497, "testname": "Poten", "point": 26, "logfile": "/home/hrahimi/projects/POTENTIOSTAT_26/logs_hrahimi/logs0/Service211.log"}
\o [2026-06-02 17:41:02.403 Z] [INFO] [cadence.virtuoso.ade.services.netlister] - Finished netlisting {"point": 26, "testname": "Poten"}
\o [2026-06-02 17:41:02.406 Z] [EVENT] [cadence.virtuoso.ade.services.netlister] - NewPoint {"point": 27, "testname": "Poten", "event": "NewPoint", "EventSource": "Netlist Service", "HistoryName": "Interactive.343", "logFile": "/home/hrahimi/projects/POTENTIOSTAT_26/logs_hrahimi/logs0/Service211.log", "logFileSize": "163919"}
\o [2026-06-02 17:41:02.407 Z] [INFO] [cadence.virtuoso.ade.services.netlister] - Started netlisting {"point": 27, "testname": "Poten"}
\o Resetting statistical vars
\o 
\o *Info*    Setting parameter values ...
\o 
\o Setting var temperature = "85"
\o Setting temp(T) = 85
\o 
\o *Info*    Netlist Directory =
\o           /home/hrahimi/projects/POTENTIOSTAT_26/Sim/Potentiostat_Top/top/maestro/results/maestro/Interactive.343/27/Poten/netlist
\o 
\o 
\o *Info*    Data Directory    =
\o           /home/hrahimi/projects/POTENTIOSTAT_26/Sim/Potentiostat_Top/top/maestro/results/maestro/Interactive.343/27/Poten
\o 
\o Reusing AHDL Data dir
\o generate netlist...
\o function ansCdlCompPrim redefined
\o Ignoring netlist creation since ignoreDesignChangesDuringRun is set to true
\o       ...successful.
\o compose simulator input file...
\o       ...successful.
\o WARNING (ADE-3080): Fast viewing extensions for PSF XL format (also known as RTSF) will be discontinued  
\o        and Virtuoso Visualization and Analysis XL will not use RTSF data to plot waveforms from IC6.1.8 ISR7 onward. 
\o        There will be no performance impact on data visualization due to this change.
\o [2026-06-02 17:41:04.348 Z] [PROCESS] [cadence.virtuoso.ade.services.netlister] - Current memory used: 874.9062 MBytes, peak memory used: 874.9062 MBytes {"hostname": "il2244vt26_hrahimi", "processid": 2065497, "testname": "Poten", "point": 27, "logfile": "/home/hrahimi/projects/POTENTIOSTAT_26/logs_hrahimi/logs0/Service211.log"}
\o [2026-06-02 17:41:04.355 Z] [INFO] [cadence.virtuoso.ade.services.netlister] - Finished netlisting {"point": 27, "testname": "Poten"}
\o [2026-06-02 17:41:04.363 Z] [EVENT] [cadence.virtuoso.ade.services.netlister] - NewPoint {"point": 28, "testname": "Poten", "event": "NewPoint", "EventSource": "Netlist Service", "HistoryName": "Interactive.343", "logFile": "/home/hrahimi/projects/POTENTIOSTAT_26/logs_hrahimi/logs0/Service211.log", "logFileSize": "165900"}
\o [2026-06-02 17:41:04.363 Z] [INFO] [cadence.virtuoso.ade.services.netlister] - Started netlisting {"point": 28, "testname": "Poten"}
\o Resetting statistical vars
\o 
\o *Info*    Setting parameter values ...
\o 
\o Setting var temperature = "-40"
\o Setting temp(T) = -40
\o Setting var vdd = "3.63"
\o 
\o *Info*    Netlist Directory =
\o           /home/hrahimi/projects/POTENTIOSTAT_26/Sim/Potentiostat_Top/top/maestro/results/maestro/Interactive.343/28/Poten/netlist
\o 
\o 
\o *Info*    Data Directory    =
\o           /home/hrahimi/projects/POTENTIOSTAT_26/Sim/Potentiostat_Top/top/maestro/results/maestro/Interactive.343/28/Poten
\o 
\o Reusing AHDL Data dir
\o generate netlist...
\o function ansCdlCompPrim redefined
\o Ignoring netlist creation since ignoreDesignChangesDuringRun is set to true
\o       ...successful.
\o compose simulator input file...
\o       ...successful.
\o WARNING (ADE-3080): Fast viewing extensions for PSF XL format (also known as RTSF) will be discontinued  
\o        and Virtuoso Visualization and Analysis XL will not use RTSF data to plot waveforms from IC6.1.8 ISR7 onward. 
\o        There will be no performance impact on data visualization due to this change.
\o [2026-06-02 17:41:06.523 Z] [PROCESS] [cadence.virtuoso.ade.services.netlister] - Current memory used: 874.9062 MBytes, peak memory used: 874.9062 MBytes {"hostname": "il2244vt26_hrahimi", "processid": 2065497, "testname": "Poten", "point": 28, "logfile": "/home/hrahimi/projects/POTENTIOSTAT_26/logs_hrahimi/logs0/Service211.log"}
\o [2026-06-02 17:41:06.525 Z] [INFO] [cadence.virtuoso.ade.services.netlister] - Finished netlisting {"point": 28, "testname": "Poten"}
\o [2026-06-02 17:41:06.529 Z] [EVENT] [cadence.virtuoso.ade.services.netlister] - NewPoint {"point": 29, "testname": "Poten", "event": "NewPoint", "EventSource": "Netlist Service", "HistoryName": "Interactive.343", "logFile": "/home/hrahimi/projects/POTENTIOSTAT_26/logs_hrahimi/logs0/Service211.log", "logFileSize": "167911"}
\o [2026-06-02 17:41:06.530 Z] [INFO] [cadence.virtuoso.ade.services.netlister] - Started netlisting {"point": 29, "testname": "Poten"}
\o Resetting statistical vars
\o 
\o *Info*    Setting parameter values ...
\o 
\o Setting var temperature = "85"
\o Setting temp(T) = 85
\o 
\o *Info*    Netlist Directory =
\o           /home/hrahimi/projects/POTENTIOSTAT_26/Sim/Potentiostat_Top/top/maestro/results/maestro/Interactive.343/29/Poten/netlist
\o 
\o 
\o *Info*    Data Directory    =
\o           /home/hrahimi/projects/POTENTIOSTAT_26/Sim/Potentiostat_Top/top/maestro/results/maestro/Interactive.343/29/Poten
\o 
\o Reusing AHDL Data dir
\o generate netlist...
\o function ansCdlCompPrim redefined
\o Ignoring netlist creation since ignoreDesignChangesDuringRun is set to true
\o       ...successful.
\o compose simulator input file...
\o       ...successful.
\o WARNING (ADE-3080): Fast viewing extensions for PSF XL format (also known as RTSF) will be discontinued  
\o        and Virtuoso Visualization and Analysis XL will not use RTSF data to plot waveforms from IC6.1.8 ISR7 onward. 
\o        There will be no performance impact on data visualization due to this change.
\o [2026-06-02 17:41:07.341 Z] [PROCESS] [cadence.virtuoso.ade.services.netlister] - Current memory used: 874.9062 MBytes, peak memory used: 874.9062 MBytes {"hostname": "il2244vt26_hrahimi", "processid": 2065497, "testname": "Poten", "point": 29, "logfile": "/home/hrahimi/projects/POTENTIOSTAT_26/logs_hrahimi/logs0/Service211.log"}
\o [2026-06-02 17:41:07.342 Z] [INFO] [cadence.virtuoso.ade.services.netlister] - Finished netlisting {"point": 29, "testname": "Poten"}
\o [2026-06-02 17:41:07.345 Z] [EVENT] [cadence.virtuoso.ade.services.netlister] - NewPoint {"point": 30, "testname": "Poten", "event": "NewPoint", "EventSource": "Netlist Service", "HistoryName": "Interactive.343", "logFile": "/home/hrahimi/projects/POTENTIOSTAT_26/logs_hrahimi/logs0/Service211.log", "logFileSize": "169892"}
\o [2026-06-02 17:41:07.345 Z] [INFO] [cadence.virtuoso.ade.services.netlister] - Started netlisting {"point": 30, "testname": "Poten"}
\o Resetting statistical vars
\o 
\o *Info*    Setting parameter values ...
\o 
\o Setting var temperature = "-40"
\o Setting temp(T) = -40
\o Setting var vdd = "2.97"
\o 
\o *Info*    Netlist Directory =
\o           /home/hrahimi/projects/POTENTIOSTAT_26/Sim/Potentiostat_Top/top/maestro/results/maestro/Interactive.343/30/Poten/netlist
\o 
\o 
\o *Info*    Data Directory    =
\o           /home/hrahimi/projects/POTENTIOSTAT_26/Sim/Potentiostat_Top/top/maestro/results/maestro/Interactive.343/30/Poten
\o 
\o Reusing AHDL Data dir
\o generate netlist...
\o function ansCdlCompPrim redefined
\o Ignoring netlist creation since ignoreDesignChangesDuringRun is set to true
\o       ...successful.
\o compose simulator input file...
\o       ...successful.
\o WARNING (ADE-3080): Fast viewing extensions for PSF XL format (also known as RTSF) will be discontinued  
\o        and Virtuoso Visualization and Analysis XL will not use RTSF data to plot waveforms from IC6.1.8 ISR7 onward. 
\o        There will be no performance impact on data visualization due to this change.
\o [2026-06-02 17:41:08.185 Z] [PROCESS] [cadence.virtuoso.ade.services.netlister] - Current memory used: 874.9062 MBytes, peak memory used: 874.9062 MBytes {"hostname": "il2244vt26_hrahimi", "processid": 2065497, "testname": "Poten", "point": 30, "logfile": "/home/hrahimi/projects/POTENTIOSTAT_26/logs_hrahimi/logs0/Service211.log"}
\o [2026-06-02 17:41:08.186 Z] [INFO] [cadence.virtuoso.ade.services.netlister] - Finished netlisting {"point": 30, "testname": "Poten"}
\o [2026-06-02 17:41:08.190 Z] [EVENT] [cadence.virtuoso.ade.services.netlister] - NewPoint {"point": 31, "testname": "Poten", "event": "NewPoint", "EventSource": "Netlist Service", "HistoryName": "Interactive.343", "logFile": "/home/hrahimi/projects/POTENTIOSTAT_26/logs_hrahimi/logs0/Service211.log", "logFileSize": "171903"}
\o [2026-06-02 17:41:08.191 Z] [INFO] [cadence.virtuoso.ade.services.netlister] - Started netlisting {"point": 31, "testname": "Poten"}
\o Resetting statistical vars
\o 
\o *Info*    Setting parameter values ...
\o 
\o Setting var temperature = "85"
\o Setting temp(T) = 85
\o 
\o *Info*    Netlist Directory =
\o           /home/hrahimi/projects/POTENTIOSTAT_26/Sim/Potentiostat_Top/top/maestro/results/maestro/Interactive.343/31/Poten/netlist
\o 
\o 
\o *Info*    Data Directory    =
\o           /home/hrahimi/projects/POTENTIOSTAT_26/Sim/Potentiostat_Top/top/maestro/results/maestro/Interactive.343/31/Poten
\o 
\o Reusing AHDL Data dir
\o generate netlist...
\o function ansCdlCompPrim redefined
\o Ignoring netlist creation since ignoreDesignChangesDuringRun is set to true
\o       ...successful.
\o compose simulator input file...
\o       ...successful.
\o WARNING (ADE-3080): Fast viewing extensions for PSF XL format (also known as RTSF) will be discontinued  
\o        and Virtuoso Visualization and Analysis XL will not use RTSF data to plot waveforms from IC6.1.8 ISR7 onward. 
\o        There will be no performance impact on data visualization due to this change.
\o [2026-06-02 17:41:09.284 Z] [PROCESS] [cadence.virtuoso.ade.services.netlister] - Current memory used: 874.9062 MBytes, peak memory used: 874.9062 MBytes {"hostname": "il2244vt26_hrahimi", "processid": 2065497, "testname": "Poten", "point": 31, "logfile": "/home/hrahimi/projects/POTENTIOSTAT_26/logs_hrahimi/logs0/Service211.log"}
\o [2026-06-02 17:41:09.286 Z] [INFO] [cadence.virtuoso.ade.services.netlister] - Finished netlisting {"point": 31, "testname": "Poten"}
\o [2026-06-02 17:41:09.300 Z] [EVENT] [cadence.virtuoso.ade.services.netlister] - NewPoint {"point": 32, "testname": "Poten", "event": "NewPoint", "EventSource": "Netlist Service", "HistoryName": "Interactive.343", "logFile": "/home/hrahimi/projects/POTENTIOSTAT_26/logs_hrahimi/logs0/Service211.log", "logFileSize": "173884"}
\o [2026-06-02 17:41:09.300 Z] [INFO] [cadence.virtuoso.ade.services.netlister] - Started netlisting {"point": 32, "testname": "Poten"}
\o Resetting statistical vars
\o 
\o *Info*    Setting parameter values ...
\o 
\o Setting var temperature = "-40"
\o Setting temp(T) = -40
\o Setting var vdd = "3.63"
\o 
\o *Info*    Netlist Directory =
\o           /home/hrahimi/projects/POTENTIOSTAT_26/Sim/Potentiostat_Top/top/maestro/results/maestro/Interactive.343/32/Poten/netlist
\o 
\o 
\o *Info*    Data Directory    =
\o           /home/hrahimi/projects/POTENTIOSTAT_26/Sim/Potentiostat_Top/top/maestro/results/maestro/Interactive.343/32/Poten
\o 
\o Reusing AHDL Data dir
\o generate netlist...
\o function ansCdlCompPrim redefined
\o Ignoring netlist creation since ignoreDesignChangesDuringRun is set to true
\o       ...successful.
\o compose simulator input file...
\o       ...successful.
\o WARNING (ADE-3080): Fast viewing extensions for PSF XL format (also known as RTSF) will be discontinued  
\o        and Virtuoso Visualization and Analysis XL will not use RTSF data to plot waveforms from IC6.1.8 ISR7 onward. 
\o        There will be no performance impact on data visualization due to this change.
\o [2026-06-02 17:41:10.372 Z] [PROCESS] [cadence.virtuoso.ade.services.netlister] - Current memory used: 874.9062 MBytes, peak memory used: 874.9062 MBytes {"hostname": "il2244vt26_hrahimi", "processid": 2065497, "testname": "Poten", "point": 32, "logfile": "/home/hrahimi/projects/POTENTIOSTAT_26/logs_hrahimi/logs0/Service211.log"}
\o [2026-06-02 17:41:10.374 Z] [INFO] [cadence.virtuoso.ade.services.netlister] - Finished netlisting {"point": 32, "testname": "Poten"}
\o [2026-06-02 17:41:10.376 Z] [EVENT] [cadence.virtuoso.ade.services.netlister] - NewPoint {"point": 33, "testname": "Poten", "event": "NewPoint", "EventSource": "Netlist Service", "HistoryName": "Interactive.343", "logFile": "/home/hrahimi/projects/POTENTIOSTAT_26/logs_hrahimi/logs0/Service211.log", "logFileSize": "175895"}
\o [2026-06-02 17:41:10.377 Z] [INFO] [cadence.virtuoso.ade.services.netlister] - Started netlisting {"point": 33, "testname": "Poten"}
\o Resetting statistical vars
\o 
\o *Info*    Setting parameter values ...
\o 
\o Setting var temperature = "85"
\o Setting temp(T) = 85
\o 
\o *Info*    Netlist Directory =
\o           /home/hrahimi/projects/POTENTIOSTAT_26/Sim/Potentiostat_Top/top/maestro/results/maestro/Interactive.343/33/Poten/netlist
\o 
\o 
\o *Info*    Data Directory    =
\o           /home/hrahimi/projects/POTENTIOSTAT_26/Sim/Potentiostat_Top/top/maestro/results/maestro/Interactive.343/33/Poten
\o 
\o Reusing AHDL Data dir
\o generate netlist...
\o function ansCdlCompPrim redefined
\o Ignoring netlist creation since ignoreDesignChangesDuringRun is set to true
\o       ...successful.
\o compose simulator input file...
\o       ...successful.
\o WARNING (ADE-3080): Fast viewing extensions for PSF XL format (also known as RTSF) will be discontinued  
\o        and Virtuoso Visualization and Analysis XL will not use RTSF data to plot waveforms from IC6.1.8 ISR7 onward. 
\o        There will be no performance impact on data visualization due to this change.
\o [2026-06-02 17:41:11.160 Z] [PROCESS] [cadence.virtuoso.ade.services.netlister] - Current memory used: 874.9062 MBytes, peak memory used: 874.9062 MBytes {"hostname": "il2244vt26_hrahimi", "processid": 2065497, "testname": "Poten", "point": 33, "logfile": "/home/hrahimi/projects/POTENTIOSTAT_26/logs_hrahimi/logs0/Service211.log"}
\o [2026-06-02 17:41:11.161 Z] [INFO] [cadence.virtuoso.ade.services.netlister] - Finished netlisting {"point": 33, "testname": "Poten"}
\o [2026-06-02 17:41:11.164 Z] [EVENT] [cadence.virtuoso.ade.services.netlister] - NewPoint {"point": 34, "testname": "Poten", "event": "NewPoint", "EventSource": "Netlist Service", "HistoryName": "Interactive.343", "logFile": "/home/hrahimi/projects/POTENTIOSTAT_26/logs_hrahimi/logs0/Service211.log", "logFileSize": "177876"}
\o [2026-06-02 17:41:11.165 Z] [INFO] [cadence.virtuoso.ade.services.netlister] - Started netlisting {"point": 34, "testname": "Poten"}
\o Resetting statistical vars
\o 
\o *Info*    Setting parameter values ...
\o 
\o Setting var temperature = "-40"
\o Setting temp(T) = -40
\o Setting var vdd = "2.97"
\o 
\o *Info*    Netlist Directory =
\o           /home/hrahimi/projects/POTENTIOSTAT_26/Sim/Potentiostat_Top/top/maestro/results/maestro/Interactive.343/34/Poten/netlist
\o 
\o 
\o *Info*    Data Directory    =
\o           /home/hrahimi/projects/POTENTIOSTAT_26/Sim/Potentiostat_Top/top/maestro/results/maestro/Interactive.343/34/Poten
\o 
\o Reusing AHDL Data dir
\o generate netlist...
\o function ansCdlCompPrim redefined
\o Ignoring netlist creation since ignoreDesignChangesDuringRun is set to true
\o       ...successful.
\o compose simulator input file...
\o       ...successful.
\o WARNING (ADE-3080): Fast viewing extensions for PSF XL format (also known as RTSF) will be discontinued  
\o        and Virtuoso Visualization and Analysis XL will not use RTSF data to plot waveforms from IC6.1.8 ISR7 onward. 
\o        There will be no performance impact on data visualization due to this change.
\o [2026-06-02 17:41:12.122 Z] [PROCESS] [cadence.virtuoso.ade.services.netlister] - Current memory used: 874.9062 MBytes, peak memory used: 874.9062 MBytes {"hostname": "il2244vt26_hrahimi", "processid": 2065497, "testname": "Poten", "point": 34, "logfile": "/home/hrahimi/projects/POTENTIOSTAT_26/logs_hrahimi/logs0/Service211.log"}
\o [2026-06-02 17:41:12.124 Z] [INFO] [cadence.virtuoso.ade.services.netlister] - Finished netlisting {"point": 34, "testname": "Poten"}
\o [2026-06-02 17:41:12.128 Z] [EVENT] [cadence.virtuoso.ade.services.netlister] - NewPoint {"point": 35, "testname": "Poten", "event": "NewPoint", "EventSource": "Netlist Service", "HistoryName": "Interactive.343", "logFile": "/home/hrahimi/projects/POTENTIOSTAT_26/logs_hrahimi/logs0/Service211.log", "logFileSize": "179887"}
\o [2026-06-02 17:41:12.128 Z] [INFO] [cadence.virtuoso.ade.services.netlister] - Started netlisting {"point": 35, "testname": "Poten"}
\o Resetting statistical vars
\o 
\o *Info*    Setting parameter values ...
\o 
\o Setting var temperature = "85"
\o Setting temp(T) = 85
\o 
\o *Info*    Netlist Directory =
\o           /home/hrahimi/projects/POTENTIOSTAT_26/Sim/Potentiostat_Top/top/maestro/results/maestro/Interactive.343/35/Poten/netlist
\o 
\o 
\o *Info*    Data Directory    =
\o           /home/hrahimi/projects/POTENTIOSTAT_26/Sim/Potentiostat_Top/top/maestro/results/maestro/Interactive.343/35/Poten
\o 
\o Reusing AHDL Data dir
\o generate netlist...
\o function ansCdlCompPrim redefined
\o Ignoring netlist creation since ignoreDesignChangesDuringRun is set to true
\o       ...successful.
\o compose simulator input file...
\o       ...successful.
\o WARNING (ADE-3080): Fast viewing extensions for PSF XL format (also known as RTSF) will be discontinued  
\o        and Virtuoso Visualization and Analysis XL will not use RTSF data to plot waveforms from IC6.1.8 ISR7 onward. 
\o        There will be no performance impact on data visualization due to this change.
\o [2026-06-02 17:41:13.357 Z] [PROCESS] [cadence.virtuoso.ade.services.netlister] - Current memory used: 874.9062 MBytes, peak memory used: 874.9062 MBytes {"hostname": "il2244vt26_hrahimi", "processid": 2065497, "testname": "Poten", "point": 35, "logfile": "/home/hrahimi/projects/POTENTIOSTAT_26/logs_hrahimi/logs0/Service211.log"}
\o [2026-06-02 17:41:13.358 Z] [INFO] [cadence.virtuoso.ade.services.netlister] - Finished netlisting {"point": 35, "testname": "Poten"}
\o [2026-06-02 17:41:13.360 Z] [EVENT] [cadence.virtuoso.ade.services.netlister] - NewPoint {"point": 36, "testname": "Poten", "event": "NewPoint", "EventSource": "Netlist Service", "HistoryName": "Interactive.343", "logFile": "/home/hrahimi/projects/POTENTIOSTAT_26/logs_hrahimi/logs0/Service211.log", "logFileSize": "181868"}
\o [2026-06-02 17:41:13.360 Z] [INFO] [cadence.virtuoso.ade.services.netlister] - Started netlisting {"point": 36, "testname": "Poten"}
\o Resetting statistical vars
\o 
\o *Info*    Setting parameter values ...
\o 
\o Setting var temperature = "-40"
\o Setting temp(T) = -40
\o Setting var vdd = "3.63"
\o 
\o *Info*    Netlist Directory =
\o           /home/hrahimi/projects/POTENTIOSTAT_26/Sim/Potentiostat_Top/top/maestro/results/maestro/Interactive.343/36/Poten/netlist
\o 
\o 
\o *Info*    Data Directory    =
\o           /home/hrahimi/projects/POTENTIOSTAT_26/Sim/Potentiostat_Top/top/maestro/results/maestro/Interactive.343/36/Poten
\o 
\o Reusing AHDL Data dir
\o generate netlist...
\o function ansCdlCompPrim redefined
\o Ignoring netlist creation since ignoreDesignChangesDuringRun is set to true
\o       ...successful.
\o compose simulator input file...
\o       ...successful.
\o WARNING (ADE-3080): Fast viewing extensions for PSF XL format (also known as RTSF) will be discontinued  
\o        and Virtuoso Visualization and Analysis XL will not use RTSF data to plot waveforms from IC6.1.8 ISR7 onward. 
\o        There will be no performance impact on data visualization due to this change.
\o [2026-06-02 17:41:14.382 Z] [PROCESS] [cadence.virtuoso.ade.services.netlister] - Current memory used: 874.9062 MBytes, peak memory used: 874.9062 MBytes {"hostname": "il2244vt26_hrahimi", "processid": 2065497, "testname": "Poten", "point": 36, "logfile": "/home/hrahimi/projects/POTENTIOSTAT_26/logs_hrahimi/logs0/Service211.log"}
\o [2026-06-02 17:41:14.384 Z] [INFO] [cadence.virtuoso.ade.services.netlister] - Finished netlisting {"point": 36, "testname": "Poten"}
\o [2026-06-02 17:41:14.386 Z] [EVENT] [cadence.virtuoso.ade.services.netlister] - NewPoint {"point": 37, "testname": "Poten", "event": "NewPoint", "EventSource": "Netlist Service", "HistoryName": "Interactive.343", "logFile": "/home/hrahimi/projects/POTENTIOSTAT_26/logs_hrahimi/logs0/Service211.log", "logFileSize": "183879"}
\o [2026-06-02 17:41:14.387 Z] [INFO] [cadence.virtuoso.ade.services.netlister] - Started netlisting {"point": 37, "testname": "Poten"}
\o Resetting statistical vars
\o 
\o *Info*    Setting parameter values ...
\o 
\o Setting var temperature = "85"
\o Setting temp(T) = 85
\o 
\o *Info*    Netlist Directory =
\o           /home/hrahimi/projects/POTENTIOSTAT_26/Sim/Potentiostat_Top/top/maestro/results/maestro/Interactive.343/37/Poten/netlist
\o 
\o 
\o *Info*    Data Directory    =
\o           /home/hrahimi/projects/POTENTIOSTAT_26/Sim/Potentiostat_Top/top/maestro/results/maestro/Interactive.343/37/Poten
\o 
\o Reusing AHDL Data dir
\o generate netlist...
\o function ansCdlCompPrim redefined
\o Ignoring netlist creation since ignoreDesignChangesDuringRun is set to true
\o       ...successful.
\o compose simulator input file...
\o       ...successful.
\o WARNING (ADE-3080): Fast viewing extensions for PSF XL format (also known as RTSF) will be discontinued  
\o        and Virtuoso Visualization and Analysis XL will not use RTSF data to plot waveforms from IC6.1.8 ISR7 onward. 
\o        There will be no performance impact on data visualization due to this change.
\o [2026-06-02 17:41:15.268 Z] [PROCESS] [cadence.virtuoso.ade.services.netlister] - Current memory used: 874.9062 MBytes, peak memory used: 874.9062 MBytes {"hostname": "il2244vt26_hrahimi", "processid": 2065497, "testname": "Poten", "point": 37, "logfile": "/home/hrahimi/projects/POTENTIOSTAT_26/logs_hrahimi/logs0/Service211.log"}
\o [2026-06-02 17:41:15.269 Z] [INFO] [cadence.virtuoso.ade.services.netlister] - Finished netlisting {"point": 37, "testname": "Poten"}
\o [2026-06-02 17:41:15.272 Z] [EVENT] [cadence.virtuoso.ade.services.netlister] - NewPoint {"point": 38, "testname": "Poten", "event": "NewPoint", "EventSource": "Netlist Service", "HistoryName": "Interactive.343", "logFile": "/home/hrahimi/projects/POTENTIOSTAT_26/logs_hrahimi/logs0/Service211.log", "logFileSize": "185860"}
\o [2026-06-02 17:41:15.272 Z] [INFO] [cadence.virtuoso.ade.services.netlister] - Started netlisting {"point": 38, "testname": "Poten"}
\o Resetting statistical vars
\o 
\o *Info*    Setting parameter values ...
\o 
\o Setting var temperature = "-40"
\o Setting temp(T) = -40
\o Setting var vdd = "2.97"
\o 
\o *Info*    Netlist Directory =
\o           /home/hrahimi/projects/POTENTIOSTAT_26/Sim/Potentiostat_Top/top/maestro/results/maestro/Interactive.343/38/Poten/netlist
\o 
\o 
\o *Info*    Data Directory    =
\o           /home/hrahimi/projects/POTENTIOSTAT_26/Sim/Potentiostat_Top/top/maestro/results/maestro/Interactive.343/38/Poten
\o 
\o Reusing AHDL Data dir
\o generate netlist...
\o function ansCdlCompPrim redefined
\o Ignoring netlist creation since ignoreDesignChangesDuringRun is set to true
\o       ...successful.
\o compose simulator input file...
\o       ...successful.
\o WARNING (ADE-3080): Fast viewing extensions for PSF XL format (also known as RTSF) will be discontinued  
\o        and Virtuoso Visualization and Analysis XL will not use RTSF data to plot waveforms from IC6.1.8 ISR7 onward. 
\o        There will be no performance impact on data visualization due to this change.
\o [2026-06-02 17:41:16.127 Z] [PROCESS] [cadence.virtuoso.ade.services.netlister] - Current memory used: 874.9062 MBytes, peak memory used: 874.9062 MBytes {"hostname": "il2244vt26_hrahimi", "processid": 2065497, "testname": "Poten", "point": 38, "logfile": "/home/hrahimi/projects/POTENTIOSTAT_26/logs_hrahimi/logs0/Service211.log"}
\o [2026-06-02 17:41:16.128 Z] [INFO] [cadence.virtuoso.ade.services.netlister] - Finished netlisting {"point": 38, "testname": "Poten"}
\o [2026-06-02 17:41:16.130 Z] [EVENT] [cadence.virtuoso.ade.services.netlister] - NewPoint {"point": 39, "testname": "Poten", "event": "NewPoint", "EventSource": "Netlist Service", "HistoryName": "Interactive.343", "logFile": "/home/hrahimi/projects/POTENTIOSTAT_26/logs_hrahimi/logs0/Service211.log", "logFileSize": "187871"}
\o [2026-06-02 17:41:16.131 Z] [INFO] [cadence.virtuoso.ade.services.netlister] - Started netlisting {"point": 39, "testname": "Poten"}
\o Resetting statistical vars
\o 
\o *Info*    Setting parameter values ...
\o 
\o Setting var temperature = "85"
\o Setting temp(T) = 85
\o 
\o *Info*    Netlist Directory =
\o           /home/hrahimi/projects/POTENTIOSTAT_26/Sim/Potentiostat_Top/top/maestro/results/maestro/Interactive.343/39/Poten/netlist
\o 
\o 
\o *Info*    Data Directory    =
\o           /home/hrahimi/projects/POTENTIOSTAT_26/Sim/Potentiostat_Top/top/maestro/results/maestro/Interactive.343/39/Poten
\o 
\o Reusing AHDL Data dir
\o generate netlist...
\o function ansCdlCompPrim redefined
\o Ignoring netlist creation since ignoreDesignChangesDuringRun is set to true
\o       ...successful.
\o compose simulator input file...
\o       ...successful.
\o WARNING (ADE-3080): Fast viewing extensions for PSF XL format (also known as RTSF) will be discontinued  
\o        and Virtuoso Visualization and Analysis XL will not use RTSF data to plot waveforms from IC6.1.8 ISR7 onward. 
\o        There will be no performance impact on data visualization due to this change.
\o [2026-06-02 17:41:17.025 Z] [PROCESS] [cadence.virtuoso.ade.services.netlister] - Current memory used: 874.9062 MBytes, peak memory used: 874.9062 MBytes {"hostname": "il2244vt26_hrahimi", "processid": 2065497, "testname": "Poten", "point": 39, "logfile": "/home/hrahimi/projects/POTENTIOSTAT_26/logs_hrahimi/logs0/Service211.log"}
\o [2026-06-02 17:41:17.026 Z] [INFO] [cadence.virtuoso.ade.services.netlister] - Finished netlisting {"point": 39, "testname": "Poten"}
\o [2026-06-02 17:41:17.030 Z] [EVENT] [cadence.virtuoso.ade.services.netlister] - NewPoint {"point": 40, "testname": "Poten", "event": "NewPoint", "EventSource": "Netlist Service", "HistoryName": "Interactive.343", "logFile": "/home/hrahimi/projects/POTENTIOSTAT_26/logs_hrahimi/logs0/Service211.log", "logFileSize": "189852"}
\o [2026-06-02 17:41:17.031 Z] [INFO] [cadence.virtuoso.ade.services.netlister] - Started netlisting {"point": 40, "testname": "Poten"}
\o Resetting statistical vars
\o 
\o *Info*    Setting parameter values ...
\o 
\o Setting var temperature = "-40"
\o Setting temp(T) = -40
\o Setting var vdd = "3.63"
\o 
\o *Info*    Netlist Directory =
\o           /home/hrahimi/projects/POTENTIOSTAT_26/Sim/Potentiostat_Top/top/maestro/results/maestro/Interactive.343/40/Poten/netlist
\o 
\o 
\o *Info*    Data Directory    =
\o           /home/hrahimi/projects/POTENTIOSTAT_26/Sim/Potentiostat_Top/top/maestro/results/maestro/Interactive.343/40/Poten
\o 
\o Reusing AHDL Data dir
\o generate netlist...
\o function ansCdlCompPrim redefined
\o Ignoring netlist creation since ignoreDesignChangesDuringRun is set to true
\o       ...successful.
\o compose simulator input file...
\o       ...successful.
\o WARNING (ADE-3080): Fast viewing extensions for PSF XL format (also known as RTSF) will be discontinued  
\o        and Virtuoso Visualization and Analysis XL will not use RTSF data to plot waveforms from IC6.1.8 ISR7 onward. 
\o        There will be no performance impact on data visualization due to this change.
\o [2026-06-02 17:41:18.097 Z] [PROCESS] [cadence.virtuoso.ade.services.netlister] - Current memory used: 874.9062 MBytes, peak memory used: 874.9062 MBytes {"hostname": "il2244vt26_hrahimi", "processid": 2065497, "testname": "Poten", "point": 40, "logfile": "/home/hrahimi/projects/POTENTIOSTAT_26/logs_hrahimi/logs0/Service211.log"}
\o [2026-06-02 17:41:18.099 Z] [INFO] [cadence.virtuoso.ade.services.netlister] - Finished netlisting {"point": 40, "testname": "Poten"}
\o [2026-06-02 17:41:18.102 Z] [EVENT] [cadence.virtuoso.ade.services.netlister] - NewPoint {"point": 41, "testname": "Poten", "event": "NewPoint", "EventSource": "Netlist Service", "HistoryName": "Interactive.343", "logFile": "/home/hrahimi/projects/POTENTIOSTAT_26/logs_hrahimi/logs0/Service211.log", "logFileSize": "191863"}
\o [2026-06-02 17:41:18.102 Z] [INFO] [cadence.virtuoso.ade.services.netlister] - Started netlisting {"point": 41, "testname": "Poten"}
\o Resetting statistical vars
\o 
\o *Info*    Setting parameter values ...
\o 
\o Setting var temperature = "85"
\o Setting temp(T) = 85
\o 
\o *Info*    Netlist Directory =
\o           /home/hrahimi/projects/POTENTIOSTAT_26/Sim/Potentiostat_Top/top/maestro/results/maestro/Interactive.343/41/Poten/netlist
\o 
\o 
\o *Info*    Data Directory    =
\o           /home/hrahimi/projects/POTENTIOSTAT_26/Sim/Potentiostat_Top/top/maestro/results/maestro/Interactive.343/41/Poten
\o 
\o Reusing AHDL Data dir
\o generate netlist...
\o function ansCdlCompPrim redefined
\o Ignoring netlist creation since ignoreDesignChangesDuringRun is set to true
\o       ...successful.
\o compose simulator input file...
\o       ...successful.
\o WARNING (ADE-3080): Fast viewing extensions for PSF XL format (also known as RTSF) will be discontinued  
\o        and Virtuoso Visualization and Analysis XL will not use RTSF data to plot waveforms from IC6.1.8 ISR7 onward. 
\o        There will be no performance impact on data visualization due to this change.
\o [2026-06-02 17:41:19.533 Z] [PROCESS] [cadence.virtuoso.ade.services.netlister] - Current memory used: 874.9062 MBytes, peak memory used: 874.9062 MBytes {"hostname": "il2244vt26_hrahimi", "processid": 2065497, "testname": "Poten", "point": 41, "logfile": "/home/hrahimi/projects/POTENTIOSTAT_26/logs_hrahimi/logs0/Service211.log"}
\o [2026-06-02 17:41:19.534 Z] [INFO] [cadence.virtuoso.ade.services.netlister] - Finished netlisting {"point": 41, "testname": "Poten"}
\o [2026-06-02 17:41:19.537 Z] [EVENT] [cadence.virtuoso.ade.services.netlister] - NewPoint {"point": 42, "testname": "Poten", "event": "NewPoint", "EventSource": "Netlist Service", "HistoryName": "Interactive.343", "logFile": "/home/hrahimi/projects/POTENTIOSTAT_26/logs_hrahimi/logs0/Service211.log", "logFileSize": "193844"}
\o [2026-06-02 17:41:19.537 Z] [INFO] [cadence.virtuoso.ade.services.netlister] - Started netlisting {"point": 42, "testname": "Poten"}
\o Resetting statistical vars
\o 
\o *Info*    Setting parameter values ...
\o 
\o Setting var temperature = "-40"
\o Setting temp(T) = -40
\o Setting var vdd = "2.97"
\o 
\o *Info*    Netlist Directory =
\o           /home/hrahimi/projects/POTENTIOSTAT_26/Sim/Potentiostat_Top/top/maestro/results/maestro/Interactive.343/42/Poten/netlist
\o 
\o 
\o *Info*    Data Directory    =
\o           /home/hrahimi/projects/POTENTIOSTAT_26/Sim/Potentiostat_Top/top/maestro/results/maestro/Interactive.343/42/Poten
\o 
\o Reusing AHDL Data dir
\o generate netlist...
\o function ansCdlCompPrim redefined
\o Ignoring netlist creation since ignoreDesignChangesDuringRun is set to true
\o       ...successful.
\o compose simulator input file...
\o       ...successful.
\o WARNING (ADE-3080): Fast viewing extensions for PSF XL format (also known as RTSF) will be discontinued  
\o        and Virtuoso Visualization and Analysis XL will not use RTSF data to plot waveforms from IC6.1.8 ISR7 onward. 
\o        There will be no performance impact on data visualization due to this change.
\o [2026-06-02 17:41:20.662 Z] [PROCESS] [cadence.virtuoso.ade.services.netlister] - Current memory used: 874.9062 MBytes, peak memory used: 874.9062 MBytes {"hostname": "il2244vt26_hrahimi", "processid": 2065497, "testname": "Poten", "point": 42, "logfile": "/home/hrahimi/projects/POTENTIOSTAT_26/logs_hrahimi/logs0/Service211.log"}
\o [2026-06-02 17:41:20.663 Z] [INFO] [cadence.virtuoso.ade.services.netlister] - Finished netlisting {"point": 42, "testname": "Poten"}
\o [2026-06-02 17:41:20.667 Z] [EVENT] [cadence.virtuoso.ade.services.netlister] - NewPoint {"point": 43, "testname": "Poten", "event": "NewPoint", "EventSource": "Netlist Service", "HistoryName": "Interactive.343", "logFile": "/home/hrahimi/projects/POTENTIOSTAT_26/logs_hrahimi/logs0/Service211.log", "logFileSize": "195855"}
\o [2026-06-02 17:41:20.667 Z] [INFO] [cadence.virtuoso.ade.services.netlister] - Started netlisting {"point": 43, "testname": "Poten"}
\o Resetting statistical vars
\o 
\o *Info*    Setting parameter values ...
\o 
\o Setting var temperature = "85"
\o Setting temp(T) = 85
\o 
\o *Info*    Netlist Directory =
\o           /home/hrahimi/projects/POTENTIOSTAT_26/Sim/Potentiostat_Top/top/maestro/results/maestro/Interactive.343/43/Poten/netlist
\o 
\o 
\o *Info*    Data Directory    =
\o           /home/hrahimi/projects/POTENTIOSTAT_26/Sim/Potentiostat_Top/top/maestro/results/maestro/Interactive.343/43/Poten
\o 
\o Reusing AHDL Data dir
\o generate netlist...
\o function ansCdlCompPrim redefined
\o Ignoring netlist creation since ignoreDesignChangesDuringRun is set to true
\o       ...successful.
\o compose simulator input file...
\o       ...successful.
\o WARNING (ADE-3080): Fast viewing extensions for PSF XL format (also known as RTSF) will be discontinued  
\o        and Virtuoso Visualization and Analysis XL will not use RTSF data to plot waveforms from IC6.1.8 ISR7 onward. 
\o        There will be no performance impact on data visualization due to this change.
\o [2026-06-02 17:41:21.769 Z] [PROCESS] [cadence.virtuoso.ade.services.netlister] - Current memory used: 874.9062 MBytes, peak memory used: 874.9062 MBytes {"hostname": "il2244vt26_hrahimi", "processid": 2065497, "testname": "Poten", "point": 43, "logfile": "/home/hrahimi/projects/POTENTIOSTAT_26/logs_hrahimi/logs0/Service211.log"}
\o [2026-06-02 17:41:21.770 Z] [INFO] [cadence.virtuoso.ade.services.netlister] - Finished netlisting {"point": 43, "testname": "Poten"}
\o [2026-06-02 17:41:21.773 Z] [EVENT] [cadence.virtuoso.ade.services.netlister] - NewPoint {"point": 44, "testname": "Poten", "event": "NewPoint", "EventSource": "Netlist Service", "HistoryName": "Interactive.343", "logFile": "/home/hrahimi/projects/POTENTIOSTAT_26/logs_hrahimi/logs0/Service211.log", "logFileSize": "197836"}
\o [2026-06-02 17:41:21.774 Z] [INFO] [cadence.virtuoso.ade.services.netlister] - Started netlisting {"point": 44, "testname": "Poten"}
\o Resetting statistical vars
\o 
\o *Info*    Setting parameter values ...
\o 
\o Setting var temperature = "-40"
\o Setting temp(T) = -40
\o Setting var vdd = "3.63"
\o 
\o *Info*    Netlist Directory =
\o           /home/hrahimi/projects/POTENTIOSTAT_26/Sim/Potentiostat_Top/top/maestro/results/maestro/Interactive.343/44/Poten/netlist
\o 
\o 
\o *Info*    Data Directory    =
\o           /home/hrahimi/projects/POTENTIOSTAT_26/Sim/Potentiostat_Top/top/maestro/results/maestro/Interactive.343/44/Poten
\o 
\o Reusing AHDL Data dir
\o generate netlist...
\o function ansCdlCompPrim redefined
\o Ignoring netlist creation since ignoreDesignChangesDuringRun is set to true
\o       ...successful.
\o compose simulator input file...
\o       ...successful.
\o WARNING (ADE-3080): Fast viewing extensions for PSF XL format (also known as RTSF) will be discontinued  
\o        and Virtuoso Visualization and Analysis XL will not use RTSF data to plot waveforms from IC6.1.8 ISR7 onward. 
\o        There will be no performance impact on data visualization due to this change.
\o [2026-06-02 17:41:22.722 Z] [PROCESS] [cadence.virtuoso.ade.services.netlister] - Current memory used: 874.9062 MBytes, peak memory used: 874.9062 MBytes {"hostname": "il2244vt26_hrahimi", "processid": 2065497, "testname": "Poten", "point": 44, "logfile": "/home/hrahimi/projects/POTENTIOSTAT_26/logs_hrahimi/logs0/Service211.log"}
\o [2026-06-02 17:41:22.724 Z] [INFO] [cadence.virtuoso.ade.services.netlister] - Finished netlisting {"point": 44, "testname": "Poten"}
\o [2026-06-02 17:41:22.729 Z] [EVENT] [cadence.virtuoso.ade.services.netlister] - NewPoint {"point": 45, "testname": "Poten", "event": "NewPoint", "EventSource": "Netlist Service", "HistoryName": "Interactive.343", "logFile": "/home/hrahimi/projects/POTENTIOSTAT_26/logs_hrahimi/logs0/Service211.log", "logFileSize": "199847"}
\o [2026-06-02 17:41:22.730 Z] [INFO] [cadence.virtuoso.ade.services.netlister] - Started netlisting {"point": 45, "testname": "Poten"}
\o Resetting statistical vars
\o 
\o *Info*    Setting parameter values ...
\o 
\o Setting var temperature = "85"
\o Setting temp(T) = 85
\o 
\o *Info*    Netlist Directory =
\o           /home/hrahimi/projects/POTENTIOSTAT_26/Sim/Potentiostat_Top/top/maestro/results/maestro/Interactive.343/45/Poten/netlist
\o 
\o 
\o *Info*    Data Directory    =
\o           /home/hrahimi/projects/POTENTIOSTAT_26/Sim/Potentiostat_Top/top/maestro/results/maestro/Interactive.343/45/Poten
\o 
\o Reusing AHDL Data dir
\o generate netlist...
\o function ansCdlCompPrim redefined
\o Ignoring netlist creation since ignoreDesignChangesDuringRun is set to true
\o       ...successful.
\o compose simulator input file...
\o       ...successful.
\o WARNING (ADE-3080): Fast viewing extensions for PSF XL format (also known as RTSF) will be discontinued  
\o        and Virtuoso Visualization and Analysis XL will not use RTSF data to plot waveforms from IC6.1.8 ISR7 onward. 
\o        There will be no performance impact on data visualization due to this change.
\o [2026-06-02 17:41:23.649 Z] [PROCESS] [cadence.virtuoso.ade.services.netlister] - Current memory used: 874.9062 MBytes, peak memory used: 874.9062 MBytes {"hostname": "il2244vt26_hrahimi", "processid": 2065497, "testname": "Poten", "point": 45, "logfile": "/home/hrahimi/projects/POTENTIOSTAT_26/logs_hrahimi/logs0/Service211.log"}
\o [2026-06-02 17:41:23.651 Z] [INFO] [cadence.virtuoso.ade.services.netlister] - Finished netlisting {"point": 45, "testname": "Poten"}
\o [2026-06-02 17:41:23.654 Z] [EVENT] [cadence.virtuoso.ade.services.netlister] - NewPoint {"point": 46, "testname": "Poten", "event": "NewPoint", "EventSource": "Netlist Service", "HistoryName": "Interactive.343", "logFile": "/home/hrahimi/projects/POTENTIOSTAT_26/logs_hrahimi/logs0/Service211.log", "logFileSize": "201828"}
\o [2026-06-02 17:41:23.654 Z] [INFO] [cadence.virtuoso.ade.services.netlister] - Started netlisting {"point": 46, "testname": "Poten"}
\o Resetting statistical vars
\o 
\o *Info*    Setting parameter values ...
\o 
\o Setting var temperature = "-40"
\o Setting temp(T) = -40
\o Setting var vdd = "2.97"
\o 
\o *Info*    Netlist Directory =
\o           /home/hrahimi/projects/POTENTIOSTAT_26/Sim/Potentiostat_Top/top/maestro/results/maestro/Interactive.343/46/Poten/netlist
\o 
\o 
\o *Info*    Data Directory    =
\o           /home/hrahimi/projects/POTENTIOSTAT_26/Sim/Potentiostat_Top/top/maestro/results/maestro/Interactive.343/46/Poten
\o 
\o Reusing AHDL Data dir
\o generate netlist...
\o function ansCdlCompPrim redefined
\o Ignoring netlist creation since ignoreDesignChangesDuringRun is set to true
\o       ...successful.
\o compose simulator input file...
\o       ...successful.
\o WARNING (ADE-3080): Fast viewing extensions for PSF XL format (also known as RTSF) will be discontinued  
\o        and Virtuoso Visualization and Analysis XL will not use RTSF data to plot waveforms from IC6.1.8 ISR7 onward. 
\o        There will be no performance impact on data visualization due to this change.
\o [2026-06-02 17:41:24.520 Z] [PROCESS] [cadence.virtuoso.ade.services.netlister] - Current memory used: 874.9062 MBytes, peak memory used: 874.9062 MBytes {"hostname": "il2244vt26_hrahimi", "processid": 2065497, "testname": "Poten", "point": 46, "logfile": "/home/hrahimi/projects/POTENTIOSTAT_26/logs_hrahimi/logs0/Service211.log"}
\o [2026-06-02 17:41:24.522 Z] [INFO] [cadence.virtuoso.ade.services.netlister] - Finished netlisting {"point": 46, "testname": "Poten"}
\o [2026-06-02 17:41:24.524 Z] [EVENT] [cadence.virtuoso.ade.services.netlister] - NewPoint {"point": 47, "testname": "Poten", "event": "NewPoint", "EventSource": "Netlist Service", "HistoryName": "Interactive.343", "logFile": "/home/hrahimi/projects/POTENTIOSTAT_26/logs_hrahimi/logs0/Service211.log", "logFileSize": "203839"}
\o [2026-06-02 17:41:24.525 Z] [INFO] [cadence.virtuoso.ade.services.netlister] - Started netlisting {"point": 47, "testname": "Poten"}
\o Resetting statistical vars
\o 
\o *Info*    Setting parameter values ...
\o 
\o Setting var temperature = "85"
\o Setting temp(T) = 85
\o 
\o *Info*    Netlist Directory =
\o           /home/hrahimi/projects/POTENTIOSTAT_26/Sim/Potentiostat_Top/top/maestro/results/maestro/Interactive.343/47/Poten/netlist
\o 
\o 
\o *Info*    Data Directory    =
\o           /home/hrahimi/projects/POTENTIOSTAT_26/Sim/Potentiostat_Top/top/maestro/results/maestro/Interactive.343/47/Poten
\o 
\o Reusing AHDL Data dir
\o generate netlist...
\o function ansCdlCompPrim redefined
\o Ignoring netlist creation since ignoreDesignChangesDuringRun is set to true
\o       ...successful.
\o compose simulator input file...
\o       ...successful.
\o WARNING (ADE-3080): Fast viewing extensions for PSF XL format (also known as RTSF) will be discontinued  
\o        and Virtuoso Visualization and Analysis XL will not use RTSF data to plot waveforms from IC6.1.8 ISR7 onward. 
\o        There will be no performance impact on data visualization due to this change.
\o [2026-06-02 17:41:25.502 Z] [PROCESS] [cadence.virtuoso.ade.services.netlister] - Current memory used: 874.9062 MBytes, peak memory used: 874.9062 MBytes {"hostname": "il2244vt26_hrahimi", "processid": 2065497, "testname": "Poten", "point": 47, "logfile": "/home/hrahimi/projects/POTENTIOSTAT_26/logs_hrahimi/logs0/Service211.log"}
\o [2026-06-02 17:41:25.503 Z] [INFO] [cadence.virtuoso.ade.services.netlister] - Finished netlisting {"point": 47, "testname": "Poten"}
\o [2026-06-02 17:41:25.506 Z] [EVENT] [cadence.virtuoso.ade.services.netlister] - NewPoint {"point": 48, "testname": "Poten", "event": "NewPoint", "EventSource": "Netlist Service", "HistoryName": "Interactive.343", "logFile": "/home/hrahimi/projects/POTENTIOSTAT_26/logs_hrahimi/logs0/Service211.log", "logFileSize": "205820"}
\o [2026-06-02 17:41:25.506 Z] [INFO] [cadence.virtuoso.ade.services.netlister] - Started netlisting {"point": 48, "testname": "Poten"}
\o Resetting statistical vars
\o 
\o *Info*    Setting parameter values ...
\o 
\o Setting var temperature = "-40"
\o Setting temp(T) = -40
\o Setting var vdd = "3.63"
\o 
\o *Info*    Netlist Directory =
\o           /home/hrahimi/projects/POTENTIOSTAT_26/Sim/Potentiostat_Top/top/maestro/results/maestro/Interactive.343/48/Poten/netlist
\o 
\o 
\o *Info*    Data Directory    =
\o           /home/hrahimi/projects/POTENTIOSTAT_26/Sim/Potentiostat_Top/top/maestro/results/maestro/Interactive.343/48/Poten
\o 
\o Reusing AHDL Data dir
\o generate netlist...
\o function ansCdlCompPrim redefined
\o Ignoring netlist creation since ignoreDesignChangesDuringRun is set to true
\o       ...successful.
\o compose simulator input file...
\o       ...successful.
\o WARNING (ADE-3080): Fast viewing extensions for PSF XL format (also known as RTSF) will be discontinued  
\o        and Virtuoso Visualization and Analysis XL will not use RTSF data to plot waveforms from IC6.1.8 ISR7 onward. 
\o        There will be no performance impact on data visualization due to this change.
\o [2026-06-02 17:41:26.422 Z] [PROCESS] [cadence.virtuoso.ade.services.netlister] - Current memory used: 874.9062 MBytes, peak memory used: 874.9062 MBytes {"hostname": "il2244vt26_hrahimi", "processid": 2065497, "testname": "Poten", "point": 48, "logfile": "/home/hrahimi/projects/POTENTIOSTAT_26/logs_hrahimi/logs0/Service211.log"}
\o [2026-06-02 17:41:26.423 Z] [INFO] [cadence.virtuoso.ade.services.netlister] - Finished netlisting {"point": 48, "testname": "Poten"}
\o [2026-06-02 17:41:26.425 Z] [EVENT] [cadence.virtuoso.ade.services.netlister] - NewPoint {"point": 49, "testname": "Poten", "event": "NewPoint", "EventSource": "Netlist Service", "HistoryName": "Interactive.343", "logFile": "/home/hrahimi/projects/POTENTIOSTAT_26/logs_hrahimi/logs0/Service211.log", "logFileSize": "207831"}
\o [2026-06-02 17:41:26.426 Z] [INFO] [cadence.virtuoso.ade.services.netlister] - Started netlisting {"point": 49, "testname": "Poten"}
\o Resetting statistical vars
\o 
\o *Info*    Setting parameter values ...
\o 
\o Setting var temperature = "85"
\o Setting temp(T) = 85
\o 
\o *Info*    Netlist Directory =
\o           /home/hrahimi/projects/POTENTIOSTAT_26/Sim/Potentiostat_Top/top/maestro/results/maestro/Interactive.343/49/Poten/netlist
\o 
\o 
\o *Info*    Data Directory    =
\o           /home/hrahimi/projects/POTENTIOSTAT_26/Sim/Potentiostat_Top/top/maestro/results/maestro/Interactive.343/49/Poten
\o 
\o Reusing AHDL Data dir
\o generate netlist...
\o function ansCdlCompPrim redefined
\o Ignoring netlist creation since ignoreDesignChangesDuringRun is set to true
\o       ...successful.
\o compose simulator input file...
\o       ...successful.
\o WARNING (ADE-3080): Fast viewing extensions for PSF XL format (also known as RTSF) will be discontinued  
\o        and Virtuoso Visualization and Analysis XL will not use RTSF data to plot waveforms from IC6.1.8 ISR7 onward. 
\o        There will be no performance impact on data visualization due to this change.
\o [2026-06-02 17:41:27.256 Z] [PROCESS] [cadence.virtuoso.ade.services.netlister] - Current memory used: 874.9062 MBytes, peak memory used: 874.9062 MBytes {"hostname": "il2244vt26_hrahimi", "processid": 2065497, "testname": "Poten", "point": 49, "logfile": "/home/hrahimi/projects/POTENTIOSTAT_26/logs_hrahimi/logs0/Service211.log"}
\o [2026-06-02 17:41:27.257 Z] [INFO] [cadence.virtuoso.ade.services.netlister] - Finished netlisting {"point": 49, "testname": "Poten"}
\o [2026-06-02 17:41:27.259 Z] [EVENT] [cadence.virtuoso.ade.services.netlister] - NewPoint {"point": 50, "testname": "Poten", "event": "NewPoint", "EventSource": "Netlist Service", "HistoryName": "Interactive.343", "logFile": "/home/hrahimi/projects/POTENTIOSTAT_26/logs_hrahimi/logs0/Service211.log", "logFileSize": "209812"}
\o [2026-06-02 17:41:27.259 Z] [INFO] [cadence.virtuoso.ade.services.netlister] - Started netlisting {"point": 50, "testname": "Poten"}
\o Resetting statistical vars
\o 
\o *Info*    Setting parameter values ...
\o 
\o Setting var temperature = "-40"
\o Setting temp(T) = -40
\o Setting var vdd = "2.97"
\o 
\o *Info*    Netlist Directory =
\o           /home/hrahimi/projects/POTENTIOSTAT_26/Sim/Potentiostat_Top/top/maestro/results/maestro/Interactive.343/50/Poten/netlist
\o 
\o 
\o *Info*    Data Directory    =
\o           /home/hrahimi/projects/POTENTIOSTAT_26/Sim/Potentiostat_Top/top/maestro/results/maestro/Interactive.343/50/Poten
\o 
\o Reusing AHDL Data dir
\o generate netlist...
\o function ansCdlCompPrim redefined
\o Ignoring netlist creation since ignoreDesignChangesDuringRun is set to true
\o       ...successful.
\o compose simulator input file...
\o       ...successful.
\o WARNING (ADE-3080): Fast viewing extensions for PSF XL format (also known as RTSF) will be discontinued  
\o        and Virtuoso Visualization and Analysis XL will not use RTSF data to plot waveforms from IC6.1.8 ISR7 onward. 
\o        There will be no performance impact on data visualization due to this change.
\o [2026-06-02 17:41:28.097 Z] [PROCESS] [cadence.virtuoso.ade.services.netlister] - Current memory used: 874.9062 MBytes, peak memory used: 874.9062 MBytes {"hostname": "il2244vt26_hrahimi", "processid": 2065497, "testname": "Poten", "point": 50, "logfile": "/home/hrahimi/projects/POTENTIOSTAT_26/logs_hrahimi/logs0/Service211.log"}
\o [2026-06-02 17:41:28.098 Z] [INFO] [cadence.virtuoso.ade.services.netlister] - Finished netlisting {"point": 50, "testname": "Poten"}
\o [2026-06-02 17:41:28.100 Z] [EVENT] [cadence.virtuoso.ade.services.netlister] - NewPoint {"point": 51, "testname": "Poten", "event": "NewPoint", "EventSource": "Netlist Service", "HistoryName": "Interactive.343", "logFile": "/home/hrahimi/projects/POTENTIOSTAT_26/logs_hrahimi/logs0/Service211.log", "logFileSize": "211823"}
\o [2026-06-02 17:41:28.101 Z] [INFO] [cadence.virtuoso.ade.services.netlister] - Started netlisting {"point": 51, "testname": "Poten"}
\o Resetting statistical vars
\o 
\o *Info*    Setting parameter values ...
\o 
\o Setting var temperature = "85"
\o Setting temp(T) = 85
\o 
\o *Info*    Netlist Directory =
\o           /home/hrahimi/projects/POTENTIOSTAT_26/Sim/Potentiostat_Top/top/maestro/results/maestro/Interactive.343/51/Poten/netlist
\o 
\o 
\o *Info*    Data Directory    =
\o           /home/hrahimi/projects/POTENTIOSTAT_26/Sim/Potentiostat_Top/top/maestro/results/maestro/Interactive.343/51/Poten
\o 
\o Reusing AHDL Data dir
\o generate netlist...
\o function ansCdlCompPrim redefined
\o Ignoring netlist creation since ignoreDesignChangesDuringRun is set to true
\o       ...successful.
\o compose simulator input file...
\o       ...successful.
\o WARNING (ADE-3080): Fast viewing extensions for PSF XL format (also known as RTSF) will be discontinued  
\o        and Virtuoso Visualization and Analysis XL will not use RTSF data to plot waveforms from IC6.1.8 ISR7 onward. 
\o        There will be no performance impact on data visualization due to this change.
\o [2026-06-02 17:41:29.126 Z] [PROCESS] [cadence.virtuoso.ade.services.netlister] - Current memory used: 874.9062 MBytes, peak memory used: 874.9062 MBytes {"hostname": "il2244vt26_hrahimi", "processid": 2065497, "testname": "Poten", "point": 51, "logfile": "/home/hrahimi/projects/POTENTIOSTAT_26/logs_hrahimi/logs0/Service211.log"}
\o [2026-06-02 17:41:29.127 Z] [INFO] [cadence.virtuoso.ade.services.netlister] - Finished netlisting {"point": 51, "testname": "Poten"}
\o [2026-06-02 17:41:29.129 Z] [EVENT] [cadence.virtuoso.ade.services.netlister] - NewPoint {"point": 52, "testname": "Poten", "event": "NewPoint", "EventSource": "Netlist Service", "HistoryName": "Interactive.343", "logFile": "/home/hrahimi/projects/POTENTIOSTAT_26/logs_hrahimi/logs0/Service211.log", "logFileSize": "213804"}
\o [2026-06-02 17:41:29.129 Z] [INFO] [cadence.virtuoso.ade.services.netlister] - Started netlisting {"point": 52, "testname": "Poten"}
\o Resetting statistical vars
\o 
\o *Info*    Setting parameter values ...
\o 
\o Setting var temperature = "-40"
\o Setting temp(T) = -40
\o Setting var vdd = "3.63"
\o 
\o *Info*    Netlist Directory =
\o           /home/hrahimi/projects/POTENTIOSTAT_26/Sim/Potentiostat_Top/top/maestro/results/maestro/Interactive.343/52/Poten/netlist
\o 
\o 
\o *Info*    Data Directory    =
\o           /home/hrahimi/projects/POTENTIOSTAT_26/Sim/Potentiostat_Top/top/maestro/results/maestro/Interactive.343/52/Poten
\o 
\o Reusing AHDL Data dir
\o generate netlist...
\o function ansCdlCompPrim redefined
\o Ignoring netlist creation since ignoreDesignChangesDuringRun is set to true
\o       ...successful.
\o compose simulator input file...
\o       ...successful.
\o WARNING (ADE-3080): Fast viewing extensions for PSF XL format (also known as RTSF) will be discontinued  
\o        and Virtuoso Visualization and Analysis XL will not use RTSF data to plot waveforms from IC6.1.8 ISR7 onward. 
\o        There will be no performance impact on data visualization due to this change.
\o [2026-06-02 17:41:29.913 Z] [PROCESS] [cadence.virtuoso.ade.services.netlister] - Current memory used: 874.9062 MBytes, peak memory used: 874.9062 MBytes {"hostname": "il2244vt26_hrahimi", "processid": 2065497, "testname": "Poten", "point": 52, "logfile": "/home/hrahimi/projects/POTENTIOSTAT_26/logs_hrahimi/logs0/Service211.log"}
\o [2026-06-02 17:41:29.913 Z] [INFO] [cadence.virtuoso.ade.services.netlister] - Finished netlisting {"point": 52, "testname": "Poten"}
\o [2026-06-02 17:41:29.916 Z] [EVENT] [cadence.virtuoso.ade.services.netlister] - NewPoint {"point": 53, "testname": "Poten", "event": "NewPoint", "EventSource": "Netlist Service", "HistoryName": "Interactive.343", "logFile": "/home/hrahimi/projects/POTENTIOSTAT_26/logs_hrahimi/logs0/Service211.log", "logFileSize": "215815"}
\o [2026-06-02 17:41:29.916 Z] [INFO] [cadence.virtuoso.ade.services.netlister] - Started netlisting {"point": 53, "testname": "Poten"}
\o Resetting statistical vars
\o 
\o *Info*    Setting parameter values ...
\o 
\o Setting var temperature = "85"
\o Setting temp(T) = 85
\o 
\o *Info*    Netlist Directory =
\o           /home/hrahimi/projects/POTENTIOSTAT_26/Sim/Potentiostat_Top/top/maestro/results/maestro/Interactive.343/53/Poten/netlist
\o 
\o 
\o *Info*    Data Directory    =
\o           /home/hrahimi/projects/POTENTIOSTAT_26/Sim/Potentiostat_Top/top/maestro/results/maestro/Interactive.343/53/Poten
\o 
\o Reusing AHDL Data dir
\o generate netlist...
\o function ansCdlCompPrim redefined
\o Ignoring netlist creation since ignoreDesignChangesDuringRun is set to true
\o       ...successful.
\o compose simulator input file...
\o       ...successful.
\o WARNING (ADE-3080): Fast viewing extensions for PSF XL format (also known as RTSF) will be discontinued  
\o        and Virtuoso Visualization and Analysis XL will not use RTSF data to plot waveforms from IC6.1.8 ISR7 onward. 
\o        There will be no performance impact on data visualization due to this change.
\o [2026-06-02 17:41:30.719 Z] [PROCESS] [cadence.virtuoso.ade.services.netlister] - Current memory used: 874.9062 MBytes, peak memory used: 874.9062 MBytes {"hostname": "il2244vt26_hrahimi", "processid": 2065497, "testname": "Poten", "point": 53, "logfile": "/home/hrahimi/projects/POTENTIOSTAT_26/logs_hrahimi/logs0/Service211.log"}
\o [2026-06-02 17:41:30.720 Z] [INFO] [cadence.virtuoso.ade.services.netlister] - Finished netlisting {"point": 53, "testname": "Poten"}
\o [2026-06-02 17:41:30.724 Z] [EVENT] [cadence.virtuoso.ade.services.netlister] - NewPoint {"point": 54, "testname": "Poten", "event": "NewPoint", "EventSource": "Netlist Service", "HistoryName": "Interactive.343", "logFile": "/home/hrahimi/projects/POTENTIOSTAT_26/logs_hrahimi/logs0/Service211.log", "logFileSize": "217796"}
\o [2026-06-02 17:41:30.724 Z] [INFO] [cadence.virtuoso.ade.services.netlister] - Started netlisting {"point": 54, "testname": "Poten"}
\o Resetting statistical vars
\o 
\o *Info*    Setting parameter values ...
\o 
\o Setting var temperature = "-40"
\o Setting temp(T) = -40
\o Setting var vdd = "2.97"
\o 
\o *Info*    Netlist Directory =
\o           /home/hrahimi/projects/POTENTIOSTAT_26/Sim/Potentiostat_Top/top/maestro/results/maestro/Interactive.343/54/Poten/netlist
\o 
\o 
\o *Info*    Data Directory    =
\o           /home/hrahimi/projects/POTENTIOSTAT_26/Sim/Potentiostat_Top/top/maestro/results/maestro/Interactive.343/54/Poten
\o 
\o Reusing AHDL Data dir
\o generate netlist...
\o function ansCdlCompPrim redefined
\o Ignoring netlist creation since ignoreDesignChangesDuringRun is set to true
\o       ...successful.
\o compose simulator input file...
\o       ...successful.
\o WARNING (ADE-3080): Fast viewing extensions for PSF XL format (also known as RTSF) will be discontinued  
\o        and Virtuoso Visualization and Analysis XL will not use RTSF data to plot waveforms from IC6.1.8 ISR7 onward. 
\o        There will be no performance impact on data visualization due to this change.
\o [2026-06-02 17:41:31.499 Z] [PROCESS] [cadence.virtuoso.ade.services.netlister] - Current memory used: 874.9062 MBytes, peak memory used: 874.9062 MBytes {"hostname": "il2244vt26_hrahimi", "processid": 2065497, "testname": "Poten", "point": 54, "logfile": "/home/hrahimi/projects/POTENTIOSTAT_26/logs_hrahimi/logs0/Service211.log"}
\o [2026-06-02 17:41:31.500 Z] [INFO] [cadence.virtuoso.ade.services.netlister] - Finished netlisting {"point": 54, "testname": "Poten"}
\o [2026-06-02 17:41:31.502 Z] [EVENT] [cadence.virtuoso.ade.services.netlister] - NewPoint {"point": 55, "testname": "Poten", "event": "NewPoint", "EventSource": "Netlist Service", "HistoryName": "Interactive.343", "logFile": "/home/hrahimi/projects/POTENTIOSTAT_26/logs_hrahimi/logs0/Service211.log", "logFileSize": "219807"}
\o [2026-06-02 17:41:31.503 Z] [INFO] [cadence.virtuoso.ade.services.netlister] - Started netlisting {"point": 55, "testname": "Poten"}
\o Resetting statistical vars
\o 
\o *Info*    Setting parameter values ...
\o 
\o Setting var temperature = "85"
\o Setting temp(T) = 85
\o 
\o *Info*    Netlist Directory =
\o           /home/hrahimi/projects/POTENTIOSTAT_26/Sim/Potentiostat_Top/top/maestro/results/maestro/Interactive.343/55/Poten/netlist
\o 
\o 
\o *Info*    Data Directory    =
\o           /home/hrahimi/projects/POTENTIOSTAT_26/Sim/Potentiostat_Top/top/maestro/results/maestro/Interactive.343/55/Poten
\o 
\o Reusing AHDL Data dir
\o generate netlist...
\o function ansCdlCompPrim redefined
\o Ignoring netlist creation since ignoreDesignChangesDuringRun is set to true
\o       ...successful.
\o compose simulator input file...
\o       ...successful.
\o WARNING (ADE-3080): Fast viewing extensions for PSF XL format (also known as RTSF) will be discontinued  
\o        and Virtuoso Visualization and Analysis XL will not use RTSF data to plot waveforms from IC6.1.8 ISR7 onward. 
\o        There will be no performance impact on data visualization due to this change.
\o [2026-06-02 17:41:32.527 Z] [PROCESS] [cadence.virtuoso.ade.services.netlister] - Current memory used: 874.9062 MBytes, peak memory used: 874.9062 MBytes {"hostname": "il2244vt26_hrahimi", "processid": 2065497, "testname": "Poten", "point": 55, "logfile": "/home/hrahimi/projects/POTENTIOSTAT_26/logs_hrahimi/logs0/Service211.log"}
\o [2026-06-02 17:41:32.528 Z] [INFO] [cadence.virtuoso.ade.services.netlister] - Finished netlisting {"point": 55, "testname": "Poten"}
\o [2026-06-02 17:41:32.530 Z] [EVENT] [cadence.virtuoso.ade.services.netlister] - NewPoint {"point": 56, "testname": "Poten", "event": "NewPoint", "EventSource": "Netlist Service", "HistoryName": "Interactive.343", "logFile": "/home/hrahimi/projects/POTENTIOSTAT_26/logs_hrahimi/logs0/Service211.log", "logFileSize": "221788"}
\o [2026-06-02 17:41:32.531 Z] [INFO] [cadence.virtuoso.ade.services.netlister] - Started netlisting {"point": 56, "testname": "Poten"}
\o Resetting statistical vars
\o 
\o *Info*    Setting parameter values ...
\o 
\o Setting var temperature = "-40"
\o Setting temp(T) = -40
\o Setting var vdd = "3.63"
\o 
\o *Info*    Netlist Directory =
\o           /home/hrahimi/projects/POTENTIOSTAT_26/Sim/Potentiostat_Top/top/maestro/results/maestro/Interactive.343/56/Poten/netlist
\o 
\o 
\o *Info*    Data Directory    =
\o           /home/hrahimi/projects/POTENTIOSTAT_26/Sim/Potentiostat_Top/top/maestro/results/maestro/Interactive.343/56/Poten
\o 
\o Reusing AHDL Data dir
\o generate netlist...
\o function ansCdlCompPrim redefined
\o Ignoring netlist creation since ignoreDesignChangesDuringRun is set to true
\o       ...successful.
\o compose simulator input file...
\o       ...successful.
\o WARNING (ADE-3080): Fast viewing extensions for PSF XL format (also known as RTSF) will be discontinued  
\o        and Virtuoso Visualization and Analysis XL will not use RTSF data to plot waveforms from IC6.1.8 ISR7 onward. 
\o        There will be no performance impact on data visualization due to this change.
\o [2026-06-02 17:41:33.415 Z] [PROCESS] [cadence.virtuoso.ade.services.netlister] - Current memory used: 874.9062 MBytes, peak memory used: 874.9062 MBytes {"hostname": "il2244vt26_hrahimi", "processid": 2065497, "testname": "Poten", "point": 56, "logfile": "/home/hrahimi/projects/POTENTIOSTAT_26/logs_hrahimi/logs0/Service211.log"}
\o [2026-06-02 17:41:33.416 Z] [INFO] [cadence.virtuoso.ade.services.netlister] - Finished netlisting {"point": 56, "testname": "Poten"}
\o [2026-06-02 17:41:33.419 Z] [EVENT] [cadence.virtuoso.ade.services.netlister] - NewPoint {"point": 57, "testname": "Poten", "event": "NewPoint", "EventSource": "Netlist Service", "HistoryName": "Interactive.343", "logFile": "/home/hrahimi/projects/POTENTIOSTAT_26/logs_hrahimi/logs0/Service211.log", "logFileSize": "223799"}
\o [2026-06-02 17:41:33.419 Z] [INFO] [cadence.virtuoso.ade.services.netlister] - Started netlisting {"point": 57, "testname": "Poten"}
\o Resetting statistical vars
\o 
\o *Info*    Setting parameter values ...
\o 
\o Setting var temperature = "85"
\o Setting temp(T) = 85
\o 
\o *Info*    Netlist Directory =
\o           /home/hrahimi/projects/POTENTIOSTAT_26/Sim/Potentiostat_Top/top/maestro/results/maestro/Interactive.343/57/Poten/netlist
\o 
\o 
\o *Info*    Data Directory    =
\o           /home/hrahimi/projects/POTENTIOSTAT_26/Sim/Potentiostat_Top/top/maestro/results/maestro/Interactive.343/57/Poten
\o 
\o Reusing AHDL Data dir
\o generate netlist...
\o function ansCdlCompPrim redefined
\o Ignoring netlist creation since ignoreDesignChangesDuringRun is set to true
\o       ...successful.
\o compose simulator input file...
\o       ...successful.
\o WARNING (ADE-3080): Fast viewing extensions for PSF XL format (also known as RTSF) will be discontinued  
\o        and Virtuoso Visualization and Analysis XL will not use RTSF data to plot waveforms from IC6.1.8 ISR7 onward. 
\o        There will be no performance impact on data visualization due to this change.
\o [2026-06-02 17:41:34.246 Z] [PROCESS] [cadence.virtuoso.ade.services.netlister] - Current memory used: 874.9062 MBytes, peak memory used: 874.9062 MBytes {"hostname": "il2244vt26_hrahimi", "processid": 2065497, "testname": "Poten", "point": 57, "logfile": "/home/hrahimi/projects/POTENTIOSTAT_26/logs_hrahimi/logs0/Service211.log"}
\o [2026-06-02 17:41:34.247 Z] [INFO] [cadence.virtuoso.ade.services.netlister] - Finished netlisting {"point": 57, "testname": "Poten"}
\o [2026-06-02 17:41:34.249 Z] [EVENT] [cadence.virtuoso.ade.services.netlister] - NewPoint {"point": 58, "testname": "Poten", "event": "NewPoint", "EventSource": "Netlist Service", "HistoryName": "Interactive.343", "logFile": "/home/hrahimi/projects/POTENTIOSTAT_26/logs_hrahimi/logs0/Service211.log", "logFileSize": "225780"}
\o [2026-06-02 17:41:34.250 Z] [INFO] [cadence.virtuoso.ade.services.netlister] - Started netlisting {"point": 58, "testname": "Poten"}
\o Resetting statistical vars
\o 
\o *Info*    Setting parameter values ...
\o 
\o Setting var temperature = "-40"
\o Setting temp(T) = -40
\o Setting var vdd = "2.97"
\o 
\o *Info*    Netlist Directory =
\o           /home/hrahimi/projects/POTENTIOSTAT_26/Sim/Potentiostat_Top/top/maestro/results/maestro/Interactive.343/58/Poten/netlist
\o 
\o 
\o *Info*    Data Directory    =
\o           /home/hrahimi/projects/POTENTIOSTAT_26/Sim/Potentiostat_Top/top/maestro/results/maestro/Interactive.343/58/Poten
\o 
\o Reusing AHDL Data dir
\o generate netlist...
\o function ansCdlCompPrim redefined
\o Ignoring netlist creation since ignoreDesignChangesDuringRun is set to true
\o       ...successful.
\o compose simulator input file...
\o       ...successful.
\o WARNING (ADE-3080): Fast viewing extensions for PSF XL format (also known as RTSF) will be discontinued  
\o        and Virtuoso Visualization and Analysis XL will not use RTSF data to plot waveforms from IC6.1.8 ISR7 onward. 
\o        There will be no performance impact on data visualization due to this change.
\o [2026-06-02 17:41:35.059 Z] [PROCESS] [cadence.virtuoso.ade.services.netlister] - Current memory used: 874.9062 MBytes, peak memory used: 874.9062 MBytes {"hostname": "il2244vt26_hrahimi", "processid": 2065497, "testname": "Poten", "point": 58, "logfile": "/home/hrahimi/projects/POTENTIOSTAT_26/logs_hrahimi/logs0/Service211.log"}
\o [2026-06-02 17:41:35.060 Z] [INFO] [cadence.virtuoso.ade.services.netlister] - Finished netlisting {"point": 58, "testname": "Poten"}
\o [2026-06-02 17:41:35.062 Z] [EVENT] [cadence.virtuoso.ade.services.netlister] - NewPoint {"point": 59, "testname": "Poten", "event": "NewPoint", "EventSource": "Netlist Service", "HistoryName": "Interactive.343", "logFile": "/home/hrahimi/projects/POTENTIOSTAT_26/logs_hrahimi/logs0/Service211.log", "logFileSize": "227791"}
\o [2026-06-02 17:41:35.063 Z] [INFO] [cadence.virtuoso.ade.services.netlister] - Started netlisting {"point": 59, "testname": "Poten"}
\o Resetting statistical vars
\o 
\o *Info*    Setting parameter values ...
\o 
\o Setting var temperature = "85"
\o Setting temp(T) = 85
\o 
\o *Info*    Netlist Directory =
\o           /home/hrahimi/projects/POTENTIOSTAT_26/Sim/Potentiostat_Top/top/maestro/results/maestro/Interactive.343/59/Poten/netlist
\o 
\o 
\o *Info*    Data Directory    =
\o           /home/hrahimi/projects/POTENTIOSTAT_26/Sim/Potentiostat_Top/top/maestro/results/maestro/Interactive.343/59/Poten
\o 
\o Reusing AHDL Data dir
\o generate netlist...
\o function ansCdlCompPrim redefined
\o Ignoring netlist creation since ignoreDesignChangesDuringRun is set to true
\o       ...successful.
\o compose simulator input file...
\o       ...successful.
\o WARNING (ADE-3080): Fast viewing extensions for PSF XL format (also known as RTSF) will be discontinued  
\o        and Virtuoso Visualization and Analysis XL will not use RTSF data to plot waveforms from IC6.1.8 ISR7 onward. 
\o        There will be no performance impact on data visualization due to this change.
\o [2026-06-02 17:41:36.029 Z] [PROCESS] [cadence.virtuoso.ade.services.netlister] - Current memory used: 874.9062 MBytes, peak memory used: 874.9062 MBytes {"hostname": "il2244vt26_hrahimi", "processid": 2065497, "testname": "Poten", "point": 59, "logfile": "/home/hrahimi/projects/POTENTIOSTAT_26/logs_hrahimi/logs0/Service211.log"}
\o [2026-06-02 17:41:36.030 Z] [INFO] [cadence.virtuoso.ade.services.netlister] - Finished netlisting {"point": 59, "testname": "Poten"}
\o [2026-06-02 17:41:36.033 Z] [EVENT] [cadence.virtuoso.ade.services.netlister] - NewPoint {"point": 60, "testname": "Poten", "event": "NewPoint", "EventSource": "Netlist Service", "HistoryName": "Interactive.343", "logFile": "/home/hrahimi/projects/POTENTIOSTAT_26/logs_hrahimi/logs0/Service211.log", "logFileSize": "229772"}
\o [2026-06-02 17:41:36.033 Z] [INFO] [cadence.virtuoso.ade.services.netlister] - Started netlisting {"point": 60, "testname": "Poten"}
\o Resetting statistical vars
\o 
\o *Info*    Setting parameter values ...
\o 
\o Setting var temperature = "-40"
\o Setting temp(T) = -40
\o Setting var vdd = "3.63"
\o 
\o *Info*    Netlist Directory =
\o           /home/hrahimi/projects/POTENTIOSTAT_26/Sim/Potentiostat_Top/top/maestro/results/maestro/Interactive.343/60/Poten/netlist
\o 
\o 
\o *Info*    Data Directory    =
\o           /home/hrahimi/projects/POTENTIOSTAT_26/Sim/Potentiostat_Top/top/maestro/results/maestro/Interactive.343/60/Poten
\o 
\o Reusing AHDL Data dir
\o generate netlist...
\o function ansCdlCompPrim redefined
\o Ignoring netlist creation since ignoreDesignChangesDuringRun is set to true
\o       ...successful.
\o compose simulator input file...
\o       ...successful.
\o WARNING (ADE-3080): Fast viewing extensions for PSF XL format (also known as RTSF) will be discontinued  
\o        and Virtuoso Visualization and Analysis XL will not use RTSF data to plot waveforms from IC6.1.8 ISR7 onward. 
\o        There will be no performance impact on data visualization due to this change.
\o [2026-06-02 17:41:37.274 Z] [PROCESS] [cadence.virtuoso.ade.services.netlister] - Current memory used: 874.9062 MBytes, peak memory used: 874.9062 MBytes {"hostname": "il2244vt26_hrahimi", "processid": 2065497, "testname": "Poten", "point": 60, "logfile": "/home/hrahimi/projects/POTENTIOSTAT_26/logs_hrahimi/logs0/Service211.log"}
\o [2026-06-02 17:41:37.275 Z] [INFO] [cadence.virtuoso.ade.services.netlister] - Finished netlisting {"point": 60, "testname": "Poten"}
\o [2026-06-02 17:41:37.282 Z] [EVENT] [cadence.virtuoso.ade.services.netlister] - NewPoint {"point": 61, "testname": "Poten", "event": "NewPoint", "EventSource": "Netlist Service", "HistoryName": "Interactive.343", "logFile": "/home/hrahimi/projects/POTENTIOSTAT_26/logs_hrahimi/logs0/Service211.log", "logFileSize": "231783"}
\o [2026-06-02 17:41:37.283 Z] [INFO] [cadence.virtuoso.ade.services.netlister] - Started netlisting {"point": 61, "testname": "Poten"}
\o Resetting statistical vars
\o 
\o *Info*    Setting parameter values ...
\o 
\o Setting var temperature = "85"
\o Setting temp(T) = 85
\o 
\o *Info*    Netlist Directory =
\o           /home/hrahimi/projects/POTENTIOSTAT_26/Sim/Potentiostat_Top/top/maestro/results/maestro/Interactive.343/61/Poten/netlist
\o 
\o 
\o *Info*    Data Directory    =
\o           /home/hrahimi/projects/POTENTIOSTAT_26/Sim/Potentiostat_Top/top/maestro/results/maestro/Interactive.343/61/Poten
\o 
\o Reusing AHDL Data dir
\o generate netlist...
\o function ansCdlCompPrim redefined
\o Ignoring netlist creation since ignoreDesignChangesDuringRun is set to true
\o       ...successful.
\o compose simulator input file...
\o       ...successful.
\o WARNING (ADE-3080): Fast viewing extensions for PSF XL format (also known as RTSF) will be discontinued  
\o        and Virtuoso Visualization and Analysis XL will not use RTSF data to plot waveforms from IC6.1.8 ISR7 onward. 
\o        There will be no performance impact on data visualization due to this change.
\o [2026-06-02 17:41:38.320 Z] [PROCESS] [cadence.virtuoso.ade.services.netlister] - Current memory used: 874.9062 MBytes, peak memory used: 874.9062 MBytes {"hostname": "il2244vt26_hrahimi", "processid": 2065497, "testname": "Poten", "point": 61, "logfile": "/home/hrahimi/projects/POTENTIOSTAT_26/logs_hrahimi/logs0/Service211.log"}
\o [2026-06-02 17:41:38.321 Z] [INFO] [cadence.virtuoso.ade.services.netlister] - Finished netlisting {"point": 61, "testname": "Poten"}
\o [2026-06-02 17:41:38.327 Z] [EVENT] [cadence.virtuoso.ade.services.netlister] - NewPoint {"point": 62, "testname": "Poten", "event": "NewPoint", "EventSource": "Netlist Service", "HistoryName": "Interactive.343", "logFile": "/home/hrahimi/projects/POTENTIOSTAT_26/logs_hrahimi/logs0/Service211.log", "logFileSize": "233764"}
\o [2026-06-02 17:41:38.328 Z] [INFO] [cadence.virtuoso.ade.services.netlister] - Started netlisting {"point": 62, "testname": "Poten"}
\o Resetting statistical vars
\o 
\o *Info*    Setting parameter values ...
\o 
\o Setting var temperature = "-40"
\o Setting temp(T) = -40
\o Setting var vdd = "2.97"
\o 
\o *Info*    Netlist Directory =
\o           /home/hrahimi/projects/POTENTIOSTAT_26/Sim/Potentiostat_Top/top/maestro/results/maestro/Interactive.343/62/Poten/netlist
\o 
\o 
\o *Info*    Data Directory    =
\o           /home/hrahimi/projects/POTENTIOSTAT_26/Sim/Potentiostat_Top/top/maestro/results/maestro/Interactive.343/62/Poten
\o 
\o Reusing AHDL Data dir
\o generate netlist...
\o function ansCdlCompPrim redefined
\o Ignoring netlist creation since ignoreDesignChangesDuringRun is set to true
\o       ...successful.
\o compose simulator input file...
\o       ...successful.
\o WARNING (ADE-3080): Fast viewing extensions for PSF XL format (also known as RTSF) will be discontinued  
\o        and Virtuoso Visualization and Analysis XL will not use RTSF data to plot waveforms from IC6.1.8 ISR7 onward. 
\o        There will be no performance impact on data visualization due to this change.
\o [2026-06-02 17:41:39.656 Z] [PROCESS] [cadence.virtuoso.ade.services.netlister] - Current memory used: 874.9062 MBytes, peak memory used: 874.9062 MBytes {"hostname": "il2244vt26_hrahimi", "processid": 2065497, "testname": "Poten", "point": 62, "logfile": "/home/hrahimi/projects/POTENTIOSTAT_26/logs_hrahimi/logs0/Service211.log"}
\o [2026-06-02 17:41:39.657 Z] [INFO] [cadence.virtuoso.ade.services.netlister] - Finished netlisting {"point": 62, "testname": "Poten"}
\o [2026-06-02 17:41:39.660 Z] [EVENT] [cadence.virtuoso.ade.services.netlister] - NewPoint {"point": 63, "testname": "Poten", "event": "NewPoint", "EventSource": "Netlist Service", "HistoryName": "Interactive.343", "logFile": "/home/hrahimi/projects/POTENTIOSTAT_26/logs_hrahimi/logs0/Service211.log", "logFileSize": "235775"}
\o [2026-06-02 17:41:39.661 Z] [INFO] [cadence.virtuoso.ade.services.netlister] - Started netlisting {"point": 63, "testname": "Poten"}
\o Resetting statistical vars
\o 
\o *Info*    Setting parameter values ...
\o 
\o Setting var temperature = "85"
\o Setting temp(T) = 85
\o 
\o *Info*    Netlist Directory =
\o           /home/hrahimi/projects/POTENTIOSTAT_26/Sim/Potentiostat_Top/top/maestro/results/maestro/Interactive.343/63/Poten/netlist
\o 
\o 
\o *Info*    Data Directory    =
\o           /home/hrahimi/projects/POTENTIOSTAT_26/Sim/Potentiostat_Top/top/maestro/results/maestro/Interactive.343/63/Poten
\o 
\o Reusing AHDL Data dir
\o generate netlist...
\o function ansCdlCompPrim redefined
\o Ignoring netlist creation since ignoreDesignChangesDuringRun is set to true
\o       ...successful.
\o compose simulator input file...
\o       ...successful.
\o WARNING (ADE-3080): Fast viewing extensions for PSF XL format (also known as RTSF) will be discontinued  
\o        and Virtuoso Visualization and Analysis XL will not use RTSF data to plot waveforms from IC6.1.8 ISR7 onward. 
\o        There will be no performance impact on data visualization due to this change.
\o [2026-06-02 17:41:40.945 Z] [PROCESS] [cadence.virtuoso.ade.services.netlister] - Current memory used: 874.9062 MBytes, peak memory used: 874.9062 MBytes {"hostname": "il2244vt26_hrahimi", "processid": 2065497, "testname": "Poten", "point": 63, "logfile": "/home/hrahimi/projects/POTENTIOSTAT_26/logs_hrahimi/logs0/Service211.log"}
\o [2026-06-02 17:41:40.947 Z] [INFO] [cadence.virtuoso.ade.services.netlister] - Finished netlisting {"point": 63, "testname": "Poten"}
\o [2026-06-02 17:41:40.951 Z] [EVENT] [cadence.virtuoso.ade.services.netlister] - NewPoint {"point": 64, "testname": "Poten", "event": "NewPoint", "EventSource": "Netlist Service", "HistoryName": "Interactive.343", "logFile": "/home/hrahimi/projects/POTENTIOSTAT_26/logs_hrahimi/logs0/Service211.log", "logFileSize": "237756"}
\o [2026-06-02 17:41:40.952 Z] [INFO] [cadence.virtuoso.ade.services.netlister] - Started netlisting {"point": 64, "testname": "Poten"}
\o Resetting statistical vars
\o 
\o *Info*    Setting parameter values ...
\o 
\o Setting var temperature = "-40"
\o Setting temp(T) = -40
\o Setting var vdd = "3.63"
\o 
\o *Info*    Netlist Directory =
\o           /home/hrahimi/projects/POTENTIOSTAT_26/Sim/Potentiostat_Top/top/maestro/results/maestro/Interactive.343/64/Poten/netlist
\o 
\o 
\o *Info*    Data Directory    =
\o           /home/hrahimi/projects/POTENTIOSTAT_26/Sim/Potentiostat_Top/top/maestro/results/maestro/Interactive.343/64/Poten
\o 
\o Reusing AHDL Data dir
\o generate netlist...
\o function ansCdlCompPrim redefined
\o Ignoring netlist creation since ignoreDesignChangesDuringRun is set to true
\o       ...successful.
\o compose simulator input file...
\o       ...successful.
\o WARNING (ADE-3080): Fast viewing extensions for PSF XL format (also known as RTSF) will be discontinued  
\o        and Virtuoso Visualization and Analysis XL will not use RTSF data to plot waveforms from IC6.1.8 ISR7 onward. 
\o        There will be no performance impact on data visualization due to this change.
\o [2026-06-02 17:41:42.341 Z] [PROCESS] [cadence.virtuoso.ade.services.netlister] - Current memory used: 874.9062 MBytes, peak memory used: 874.9062 MBytes {"hostname": "il2244vt26_hrahimi", "processid": 2065497, "testname": "Poten", "point": 64, "logfile": "/home/hrahimi/projects/POTENTIOSTAT_26/logs_hrahimi/logs0/Service211.log"}
\o [2026-06-02 17:41:42.343 Z] [INFO] [cadence.virtuoso.ade.services.netlister] - Finished netlisting {"point": 64, "testname": "Poten"}
\o [2026-06-02 17:41:42.354 Z] [EVENT] [cadence.virtuoso.ade.services.netlister] - NewPoint {"point": 65, "testname": "Poten", "event": "NewPoint", "EventSource": "Netlist Service", "HistoryName": "Interactive.343", "logFile": "/home/hrahimi/projects/POTENTIOSTAT_26/logs_hrahimi/logs0/Service211.log", "logFileSize": "239767"}
\o [2026-06-02 17:41:42.355 Z] [INFO] [cadence.virtuoso.ade.services.netlister] - Started netlisting {"point": 65, "testname": "Poten"}
\o Resetting statistical vars
\o 
\o *Info*    Setting parameter values ...
\o 
\o Setting var temperature = "85"
\o Setting temp(T) = 85
\o 
\o *Info*    Netlist Directory =
\o           /home/hrahimi/projects/POTENTIOSTAT_26/Sim/Potentiostat_Top/top/maestro/results/maestro/Interactive.343/65/Poten/netlist
\o 
\o 
\o *Info*    Data Directory    =
\o           /home/hrahimi/projects/POTENTIOSTAT_26/Sim/Potentiostat_Top/top/maestro/results/maestro/Interactive.343/65/Poten
\o 
\o Reusing AHDL Data dir
\o generate netlist...
\o function ansCdlCompPrim redefined
\o Ignoring netlist creation since ignoreDesignChangesDuringRun is set to true
\o       ...successful.
\o compose simulator input file...
\o       ...successful.
\o WARNING (ADE-3080): Fast viewing extensions for PSF XL format (also known as RTSF) will be discontinued  
\o        and Virtuoso Visualization and Analysis XL will not use RTSF data to plot waveforms from IC6.1.8 ISR7 onward. 
\o        There will be no performance impact on data visualization due to this change.
\o [2026-06-02 17:41:43.859 Z] [PROCESS] [cadence.virtuoso.ade.services.netlister] - Current memory used: 874.9062 MBytes, peak memory used: 874.9062 MBytes {"hostname": "il2244vt26_hrahimi", "processid": 2065497, "testname": "Poten", "point": 65, "logfile": "/home/hrahimi/projects/POTENTIOSTAT_26/logs_hrahimi/logs0/Service211.log"}
\o [2026-06-02 17:41:43.861 Z] [INFO] [cadence.virtuoso.ade.services.netlister] - Finished netlisting {"point": 65, "testname": "Poten"}
\o [2026-06-02 17:41:44.877 Z] [EVENT] [cadence.virtuoso.ade.services.netlister] - NewPoint {"point": 1, "testname": "TIA_Gain_Linearity", "event": "NewPoint", "EventSource": "Netlist Service", "HistoryName": "Interactive.343", "logFile": "/home/hrahimi/projects/POTENTIOSTAT_26/logs_hrahimi/logs0/Service211.log", "logFileSize": "241748"}
\o [2026-06-02 17:41:44.878 Z] [INFO] [cadence.virtuoso.ade.services.netlister] - Started netlisting {"point": 1, "testname": "TIA_Gain_Linearity"}
\o Simulation design variables differ from those on the cellView,
\o they have been saved in the file "/tmp/saved-design-variables".
\o To save future changes, copy variables to cellView before exiting.
\o *Warning* AXL Context Manager : job 211 is already registered. 
\o 
\o 
\o 
\o *Info*    Configuring the session ...
\o 
\o 	Library      = Potentiostat_Top
\o 	Cell         = top
\o 	View         = config
\o 	Simulator    = spectre
\o 	State Path   = $AXL_SETUPDB_DIR/test_states
\o 	State Name   = Interactive.343
\o 	Results DB   = /home/hrahimi/projects/POTENTIOSTAT_26/Potentiostat_Top/top/maestro/results/maestro/Interactive.343.rdb
\o 	Results Dir  = /home/hrahimi/projects/POTENTIOSTAT_26/Sim/Potentiostat_Top/top/maestro/results/maestro/Interactive.343/1/TIA_Gain_Linearity
\o 	Results Loc  = /home/hrahimi/projects/POTENTIOSTAT_26/Sim/Potentiostat_Top/top/maestro/results/maestro
\o 	Project Dir  = /home/hrahimi/projects/POTENTIOSTAT_26/Sim
\o 	Setup DB loc = /home/hrahimi/projects/POTENTIOSTAT_26/Potentiostat_Top/top/maestro
\o 	File Encoding = 0
\o 
\o 
\o 
\o *Info*    The auto suspension is disabled.
\o 
\o Resetting statistical vars
\o 
\o *Info*    Setting parameter values ...
\o 
\o Setting var Calib_EN = "1"
\o Setting var Cdl = "10n"
\o Setting var Cdl_CE = "10n"
\o Setting var Idc = "0"
\o Setting var Iin_TIA_AC = "1"
\o Setting var Ipulse = "0"
\o Setting var PTAT_EN = "0"
\o Setting var R_ct = "500k"
\o Setting var Rct_CE = "100k"
\o Setting var Rs_CE = "10k"
\o Setting var Rs_WE = "10k"
\o Setting var S0 = "0"
\o Setting var S1 = "0"
\o Setting var S2 = "1"
\o Setting var S3 = "0"
\o Setting var Vb = "1.615"
\o Setting var Vin_CA_AC = "0"
\o Setting var temperature = "27"
\o Setting temp(T) = 27
\o Setting var vdd = "3.3"
\o Setting var vddpuls = "0"
\o Setting var vpuls = "0"
\o Setting var vref = "1.615"
\o Setting var vtran = "0"
\o 
\o *Info*    Netlist Directory =
\o           /home/hrahimi/projects/POTENTIOSTAT_26/Sim/Potentiostat_Top/top/maestro/results/maestro/Interactive.343/1/TIA_Gain_Linearity/netlist
\o 
\o 
\o *Info*    Data Directory    =
\o           /home/hrahimi/projects/POTENTIOSTAT_26/Sim/Potentiostat_Top/top/maestro/results/maestro/Interactive.343/1/TIA_Gain_Linearity
\o 
\o Reusing AHDL Data dir
\o generate netlist...
\o function ansCdlCompPrim redefined
\o Ignoring netlist creation since ignoreDesignChangesDuringRun is set to true
\o       ...successful.
\o compose simulator input file...
\o       ...successful.
\o WARNING (ADE-3080): Fast viewing extensions for PSF XL format (also known as RTSF) will be discontinued  
\o        and Virtuoso Visualization and Analysis XL will not use RTSF data to plot waveforms from IC6.1.8 ISR7 onward. 
\o        There will be no performance impact on data visualization due to this change.
\o [2026-06-02 17:41:48.724 Z] [PROCESS] [cadence.virtuoso.ade.services.netlister] - Current memory used: 874.9062 MBytes, peak memory used: 874.9062 MBytes {"hostname": "il2244vt26_hrahimi", "processid": 2065497, "testname": "TIA_Gain_Linearity", "point": 1, "logfile": "/home/hrahimi/projects/POTENTIOSTAT_26/logs_hrahimi/logs0/Service211.log"}
\o [2026-06-02 17:41:48.725 Z] [INFO] [cadence.virtuoso.ade.services.netlister] - Finished netlisting {"point": 1, "testname": "TIA_Gain_Linearity"}
\o [2026-06-02 17:41:48.733 Z] [EVENT] [cadence.virtuoso.ade.services.netlister] - NewPoint {"point": 2, "testname": "TIA_Gain_Linearity", "event": "NewPoint", "EventSource": "Netlist Service", "HistoryName": "Interactive.343", "logFile": "/home/hrahimi/projects/POTENTIOSTAT_26/logs_hrahimi/logs0/Service211.log", "logFileSize": "245544"}
\o [2026-06-02 17:41:48.733 Z] [INFO] [cadence.virtuoso.ade.services.netlister] - Started netlisting {"point": 2, "testname": "TIA_Gain_Linearity"}
\o Resetting statistical vars
\o 
\o *Info*    Setting parameter values ...
\o 
\o Setting var temperature = "-40"
\o Setting temp(T) = -40
\o Setting var vdd = "2.97"
\o 
\o *Info*    Netlist Directory =
\o           /home/hrahimi/projects/POTENTIOSTAT_26/Sim/Potentiostat_Top/top/maestro/results/maestro/Interactive.343/2/TIA_Gain_Linearity/netlist
\o 
\o 
\o *Info*    Data Directory    =
\o           /home/hrahimi/projects/POTENTIOSTAT_26/Sim/Potentiostat_Top/top/maestro/results/maestro/Interactive.343/2/TIA_Gain_Linearity
\o 
\o Reusing AHDL Data dir
\o generate netlist...
\o function ansCdlCompPrim redefined
\o Ignoring netlist creation since ignoreDesignChangesDuringRun is set to true
\o       ...successful.
\o compose simulator input file...
\o       ...successful.
\o WARNING (ADE-3080): Fast viewing extensions for PSF XL format (also known as RTSF) will be discontinued  
\o        and Virtuoso Visualization and Analysis XL will not use RTSF data to plot waveforms from IC6.1.8 ISR7 onward. 
\o        There will be no performance impact on data visualization due to this change.
\o [2026-06-02 17:41:49.825 Z] [PROCESS] [cadence.virtuoso.ade.services.netlister] - Current memory used: 874.9062 MBytes, peak memory used: 874.9062 MBytes {"hostname": "il2244vt26_hrahimi", "processid": 2065497, "testname": "TIA_Gain_Linearity", "point": 2, "logfile": "/home/hrahimi/projects/POTENTIOSTAT_26/logs_hrahimi/logs0/Service211.log"}
\o [2026-06-02 17:41:49.829 Z] [INFO] [cadence.virtuoso.ade.services.netlister] - Finished netlisting {"point": 2, "testname": "TIA_Gain_Linearity"}
\o [2026-06-02 17:41:49.835 Z] [EVENT] [cadence.virtuoso.ade.services.netlister] - NewPoint {"point": 3, "testname": "TIA_Gain_Linearity", "event": "NewPoint", "EventSource": "Netlist Service", "HistoryName": "Interactive.343", "logFile": "/home/hrahimi/projects/POTENTIOSTAT_26/logs_hrahimi/logs0/Service211.log", "logFileSize": "247627"}
\o [2026-06-02 17:41:49.836 Z] [INFO] [cadence.virtuoso.ade.services.netlister] - Started netlisting {"point": 3, "testname": "TIA_Gain_Linearity"}
\o Resetting statistical vars
\o 
\o *Info*    Setting parameter values ...
\o 
\o Setting var temperature = "85"
\o Setting temp(T) = 85
\o 
\o *Info*    Netlist Directory =
\o           /home/hrahimi/projects/POTENTIOSTAT_26/Sim/Potentiostat_Top/top/maestro/results/maestro/Interactive.343/3/TIA_Gain_Linearity/netlist
\o 
\o 
\o *Info*    Data Directory    =
\o           /home/hrahimi/projects/POTENTIOSTAT_26/Sim/Potentiostat_Top/top/maestro/results/maestro/Interactive.343/3/TIA_Gain_Linearity
\o 
\o Reusing AHDL Data dir
\o generate netlist...
\o function ansCdlCompPrim redefined
\o Ignoring netlist creation since ignoreDesignChangesDuringRun is set to true
\o       ...successful.
\o compose simulator input file...
\o       ...successful.
\o WARNING (ADE-3080): Fast viewing extensions for PSF XL format (also known as RTSF) will be discontinued  
\o        and Virtuoso Visualization and Analysis XL will not use RTSF data to plot waveforms from IC6.1.8 ISR7 onward. 
\o        There will be no performance impact on data visualization due to this change.
\o [2026-06-02 17:41:51.241 Z] [PROCESS] [cadence.virtuoso.ade.services.netlister] - Current memory used: 874.9062 MBytes, peak memory used: 874.9062 MBytes {"hostname": "il2244vt26_hrahimi", "processid": 2065497, "testname": "TIA_Gain_Linearity", "point": 3, "logfile": "/home/hrahimi/projects/POTENTIOSTAT_26/logs_hrahimi/logs0/Service211.log"}
\o [2026-06-02 17:41:51.242 Z] [INFO] [cadence.virtuoso.ade.services.netlister] - Finished netlisting {"point": 3, "testname": "TIA_Gain_Linearity"}
\o [2026-06-02 17:41:51.250 Z] [EVENT] [cadence.virtuoso.ade.services.netlister] - NewPoint {"point": 4, "testname": "TIA_Gain_Linearity", "event": "NewPoint", "EventSource": "Netlist Service", "HistoryName": "Interactive.343", "logFile": "/home/hrahimi/projects/POTENTIOSTAT_26/logs_hrahimi/logs0/Service211.log", "logFileSize": "249680"}
\o [2026-06-02 17:41:51.251 Z] [INFO] [cadence.virtuoso.ade.services.netlister] - Started netlisting {"point": 4, "testname": "TIA_Gain_Linearity"}
\o Resetting statistical vars
\o 
\o *Info*    Setting parameter values ...
\o 
\o Setting var temperature = "-40"
\o Setting temp(T) = -40
\o Setting var vdd = "3.63"
\o 
\o *Info*    Netlist Directory =
\o           /home/hrahimi/projects/POTENTIOSTAT_26/Sim/Potentiostat_Top/top/maestro/results/maestro/Interactive.343/4/TIA_Gain_Linearity/netlist
\o 
\o 
\o *Info*    Data Directory    =
\o           /home/hrahimi/projects/POTENTIOSTAT_26/Sim/Potentiostat_Top/top/maestro/results/maestro/Interactive.343/4/TIA_Gain_Linearity
\o 
\o Reusing AHDL Data dir
\o generate netlist...
\o function ansCdlCompPrim redefined
\o Ignoring netlist creation since ignoreDesignChangesDuringRun is set to true
\o       ...successful.
\o compose simulator input file...
\o       ...successful.
\o WARNING (ADE-3080): Fast viewing extensions for PSF XL format (also known as RTSF) will be discontinued  
\o        and Virtuoso Visualization and Analysis XL will not use RTSF data to plot waveforms from IC6.1.8 ISR7 onward. 
\o        There will be no performance impact on data visualization due to this change.
\o [2026-06-02 17:41:52.504 Z] [PROCESS] [cadence.virtuoso.ade.services.netlister] - Current memory used: 874.9062 MBytes, peak memory used: 874.9062 MBytes {"hostname": "il2244vt26_hrahimi", "processid": 2065497, "testname": "TIA_Gain_Linearity", "point": 4, "logfile": "/home/hrahimi/projects/POTENTIOSTAT_26/logs_hrahimi/logs0/Service211.log"}
\o [2026-06-02 17:41:52.505 Z] [INFO] [cadence.virtuoso.ade.services.netlister] - Finished netlisting {"point": 4, "testname": "TIA_Gain_Linearity"}
\o [2026-06-02 17:41:52.509 Z] [EVENT] [cadence.virtuoso.ade.services.netlister] - NewPoint {"point": 5, "testname": "TIA_Gain_Linearity", "event": "NewPoint", "EventSource": "Netlist Service", "HistoryName": "Interactive.343", "logFile": "/home/hrahimi/projects/POTENTIOSTAT_26/logs_hrahimi/logs0/Service211.log", "logFileSize": "251763"}
\o [2026-06-02 17:41:52.510 Z] [INFO] [cadence.virtuoso.ade.services.netlister] - Started netlisting {"point": 5, "testname": "TIA_Gain_Linearity"}
\o Resetting statistical vars
\o 
\o *Info*    Setting parameter values ...
\o 
\o Setting var temperature = "85"
\o Setting temp(T) = 85
\o 
\o *Info*    Netlist Directory =
\o           /home/hrahimi/projects/POTENTIOSTAT_26/Sim/Potentiostat_Top/top/maestro/results/maestro/Interactive.343/5/TIA_Gain_Linearity/netlist
\o 
\o 
\o *Info*    Data Directory    =
\o           /home/hrahimi/projects/POTENTIOSTAT_26/Sim/Potentiostat_Top/top/maestro/results/maestro/Interactive.343/5/TIA_Gain_Linearity
\o 
\o Reusing AHDL Data dir
\o generate netlist...
\o function ansCdlCompPrim redefined
\o Ignoring netlist creation since ignoreDesignChangesDuringRun is set to true
\o       ...successful.
\o compose simulator input file...
\o       ...successful.
\o WARNING (ADE-3080): Fast viewing extensions for PSF XL format (also known as RTSF) will be discontinued  
\o        and Virtuoso Visualization and Analysis XL will not use RTSF data to plot waveforms from IC6.1.8 ISR7 onward. 
\o        There will be no performance impact on data visualization due to this change.
\o [2026-06-02 17:41:53.715 Z] [PROCESS] [cadence.virtuoso.ade.services.netlister] - Current memory used: 874.9062 MBytes, peak memory used: 874.9062 MBytes {"hostname": "il2244vt26_hrahimi", "processid": 2065497, "testname": "TIA_Gain_Linearity", "point": 5, "logfile": "/home/hrahimi/projects/POTENTIOSTAT_26/logs_hrahimi/logs0/Service211.log"}
\o [2026-06-02 17:41:53.716 Z] [INFO] [cadence.virtuoso.ade.services.netlister] - Finished netlisting {"point": 5, "testname": "TIA_Gain_Linearity"}
\o [2026-06-02 17:41:53.719 Z] [EVENT] [cadence.virtuoso.ade.services.netlister] - NewPoint {"point": 6, "testname": "TIA_Gain_Linearity", "event": "NewPoint", "EventSource": "Netlist Service", "HistoryName": "Interactive.343", "logFile": "/home/hrahimi/projects/POTENTIOSTAT_26/logs_hrahimi/logs0/Service211.log", "logFileSize": "253816"}
\o [2026-06-02 17:41:53.719 Z] [INFO] [cadence.virtuoso.ade.services.netlister] - Started netlisting {"point": 6, "testname": "TIA_Gain_Linearity"}
\o Resetting statistical vars
\o 
\o *Info*    Setting parameter values ...
\o 
\o Setting var temperature = "-40"
\o Setting temp(T) = -40
\o Setting var vdd = "2.97"
\o 
\o *Info*    Netlist Directory =
\o           /home/hrahimi/projects/POTENTIOSTAT_26/Sim/Potentiostat_Top/top/maestro/results/maestro/Interactive.343/6/TIA_Gain_Linearity/netlist
\o 
\o 
\o *Info*    Data Directory    =
\o           /home/hrahimi/projects/POTENTIOSTAT_26/Sim/Potentiostat_Top/top/maestro/results/maestro/Interactive.343/6/TIA_Gain_Linearity
\o 
\o Reusing AHDL Data dir
\o generate netlist...
\o function ansCdlCompPrim redefined
\o Ignoring netlist creation since ignoreDesignChangesDuringRun is set to true
\o       ...successful.
\o compose simulator input file...
\o       ...successful.
\o WARNING (ADE-3080): Fast viewing extensions for PSF XL format (also known as RTSF) will be discontinued  
\o        and Virtuoso Visualization and Analysis XL will not use RTSF data to plot waveforms from IC6.1.8 ISR7 onward. 
\o        There will be no performance impact on data visualization due to this change.
\o [2026-06-02 17:41:54.700 Z] [PROCESS] [cadence.virtuoso.ade.services.netlister] - Current memory used: 874.9062 MBytes, peak memory used: 874.9062 MBytes {"hostname": "il2244vt26_hrahimi", "processid": 2065497, "testname": "TIA_Gain_Linearity", "point": 6, "logfile": "/home/hrahimi/projects/POTENTIOSTAT_26/logs_hrahimi/logs0/Service211.log"}
\o [2026-06-02 17:41:54.701 Z] [INFO] [cadence.virtuoso.ade.services.netlister] - Finished netlisting {"point": 6, "testname": "TIA_Gain_Linearity"}
\o [2026-06-02 17:41:54.704 Z] [EVENT] [cadence.virtuoso.ade.services.netlister] - NewPoint {"point": 7, "testname": "TIA_Gain_Linearity", "event": "NewPoint", "EventSource": "Netlist Service", "HistoryName": "Interactive.343", "logFile": "/home/hrahimi/projects/POTENTIOSTAT_26/logs_hrahimi/logs0/Service211.log", "logFileSize": "255899"}
\o [2026-06-02 17:41:54.704 Z] [INFO] [cadence.virtuoso.ade.services.netlister] - Started netlisting {"point": 7, "testname": "TIA_Gain_Linearity"}
\o Resetting statistical vars
\o 
\o *Info*    Setting parameter values ...
\o 
\o Setting var temperature = "85"
\o Setting temp(T) = 85
\o 
\o *Info*    Netlist Directory =
\o           /home/hrahimi/projects/POTENTIOSTAT_26/Sim/Potentiostat_Top/top/maestro/results/maestro/Interactive.343/7/TIA_Gain_Linearity/netlist
\o 
\o 
\o *Info*    Data Directory    =
\o           /home/hrahimi/projects/POTENTIOSTAT_26/Sim/Potentiostat_Top/top/maestro/results/maestro/Interactive.343/7/TIA_Gain_Linearity
\o 
\o Reusing AHDL Data dir
\o generate netlist...
\o function ansCdlCompPrim redefined
\o Ignoring netlist creation since ignoreDesignChangesDuringRun is set to true
\o       ...successful.
\o compose simulator input file...
\o       ...successful.
\o WARNING (ADE-3080): Fast viewing extensions for PSF XL format (also known as RTSF) will be discontinued  
\o        and Virtuoso Visualization and Analysis XL will not use RTSF data to plot waveforms from IC6.1.8 ISR7 onward. 
\o        There will be no performance impact on data visualization due to this change.
\o [2026-06-02 17:41:55.529 Z] [PROCESS] [cadence.virtuoso.ade.services.netlister] - Current memory used: 874.9062 MBytes, peak memory used: 874.9062 MBytes {"hostname": "il2244vt26_hrahimi", "processid": 2065497, "testname": "TIA_Gain_Linearity", "point": 7, "logfile": "/home/hrahimi/projects/POTENTIOSTAT_26/logs_hrahimi/logs0/Service211.log"}
\o [2026-06-02 17:41:55.530 Z] [INFO] [cadence.virtuoso.ade.services.netlister] - Finished netlisting {"point": 7, "testname": "TIA_Gain_Linearity"}
\o [2026-06-02 17:41:55.534 Z] [EVENT] [cadence.virtuoso.ade.services.netlister] - NewPoint {"point": 8, "testname": "TIA_Gain_Linearity", "event": "NewPoint", "EventSource": "Netlist Service", "HistoryName": "Interactive.343", "logFile": "/home/hrahimi/projects/POTENTIOSTAT_26/logs_hrahimi/logs0/Service211.log", "logFileSize": "257952"}
\o [2026-06-02 17:41:55.534 Z] [INFO] [cadence.virtuoso.ade.services.netlister] - Started netlisting {"point": 8, "testname": "TIA_Gain_Linearity"}
\o Resetting statistical vars
\o 
\o *Info*    Setting parameter values ...
\o 
\o Setting var temperature = "-40"
\o Setting temp(T) = -40
\o Setting var vdd = "3.63"
\o 
\o *Info*    Netlist Directory =
\o           /home/hrahimi/projects/POTENTIOSTAT_26/Sim/Potentiostat_Top/top/maestro/results/maestro/Interactive.343/8/TIA_Gain_Linearity/netlist
\o 
\o 
\o *Info*    Data Directory    =
\o           /home/hrahimi/projects/POTENTIOSTAT_26/Sim/Potentiostat_Top/top/maestro/results/maestro/Interactive.343/8/TIA_Gain_Linearity
\o 
\o Reusing AHDL Data dir
\o generate netlist...
\o function ansCdlCompPrim redefined
\o Ignoring netlist creation since ignoreDesignChangesDuringRun is set to true
\o       ...successful.
\o compose simulator input file...
\o       ...successful.
\o WARNING (ADE-3080): Fast viewing extensions for PSF XL format (also known as RTSF) will be discontinued  
\o        and Virtuoso Visualization and Analysis XL will not use RTSF data to plot waveforms from IC6.1.8 ISR7 onward. 
\o        There will be no performance impact on data visualization due to this change.
\o [2026-06-02 17:41:56.479 Z] [PROCESS] [cadence.virtuoso.ade.services.netlister] - Current memory used: 874.9062 MBytes, peak memory used: 874.9062 MBytes {"hostname": "il2244vt26_hrahimi", "processid": 2065497, "testname": "TIA_Gain_Linearity", "point": 8, "logfile": "/home/hrahimi/projects/POTENTIOSTAT_26/logs_hrahimi/logs0/Service211.log"}
\o [2026-06-02 17:41:56.480 Z] [INFO] [cadence.virtuoso.ade.services.netlister] - Finished netlisting {"point": 8, "testname": "TIA_Gain_Linearity"}
\o [2026-06-02 17:41:56.482 Z] [EVENT] [cadence.virtuoso.ade.services.netlister] - NewPoint {"point": 9, "testname": "TIA_Gain_Linearity", "event": "NewPoint", "EventSource": "Netlist Service", "HistoryName": "Interactive.343", "logFile": "/home/hrahimi/projects/POTENTIOSTAT_26/logs_hrahimi/logs0/Service211.log", "logFileSize": "260035"}
\o [2026-06-02 17:41:56.482 Z] [INFO] [cadence.virtuoso.ade.services.netlister] - Started netlisting {"point": 9, "testname": "TIA_Gain_Linearity"}
\o Resetting statistical vars
\o 
\o *Info*    Setting parameter values ...
\o 
\o Setting var temperature = "85"
\o Setting temp(T) = 85
\o 
\o *Info*    Netlist Directory =
\o           /home/hrahimi/projects/POTENTIOSTAT_26/Sim/Potentiostat_Top/top/maestro/results/maestro/Interactive.343/9/TIA_Gain_Linearity/netlist
\o 
\o 
\o *Info*    Data Directory    =
\o           /home/hrahimi/projects/POTENTIOSTAT_26/Sim/Potentiostat_Top/top/maestro/results/maestro/Interactive.343/9/TIA_Gain_Linearity
\o 
\o Reusing AHDL Data dir
\o generate netlist...
\o function ansCdlCompPrim redefined
\o Ignoring netlist creation since ignoreDesignChangesDuringRun is set to true
\o       ...successful.
\o compose simulator input file...
\o       ...successful.
\o WARNING (ADE-3080): Fast viewing extensions for PSF XL format (also known as RTSF) will be discontinued  
\o        and Virtuoso Visualization and Analysis XL will not use RTSF data to plot waveforms from IC6.1.8 ISR7 onward. 
\o        There will be no performance impact on data visualization due to this change.
\o [2026-06-02 17:41:57.456 Z] [PROCESS] [cadence.virtuoso.ade.services.netlister] - Current memory used: 874.9062 MBytes, peak memory used: 874.9062 MBytes {"hostname": "il2244vt26_hrahimi", "processid": 2065497, "testname": "TIA_Gain_Linearity", "point": 9, "logfile": "/home/hrahimi/projects/POTENTIOSTAT_26/logs_hrahimi/logs0/Service211.log"}
\o [2026-06-02 17:41:57.457 Z] [INFO] [cadence.virtuoso.ade.services.netlister] - Finished netlisting {"point": 9, "testname": "TIA_Gain_Linearity"}
\o [2026-06-02 17:41:57.459 Z] [EVENT] [cadence.virtuoso.ade.services.netlister] - NewPoint {"point": 10, "testname": "TIA_Gain_Linearity", "event": "NewPoint", "EventSource": "Netlist Service", "HistoryName": "Interactive.343", "logFile": "/home/hrahimi/projects/POTENTIOSTAT_26/logs_hrahimi/logs0/Service211.log", "logFileSize": "262088"}
\o [2026-06-02 17:41:57.460 Z] [INFO] [cadence.virtuoso.ade.services.netlister] - Started netlisting {"point": 10, "testname": "TIA_Gain_Linearity"}
\o Resetting statistical vars
\o 
\o *Info*    Setting parameter values ...
\o 
\o Setting var temperature = "-40"
\o Setting temp(T) = -40
\o Setting var vdd = "2.97"
\o 
\o *Info*    Netlist Directory =
\o           /home/hrahimi/projects/POTENTIOSTAT_26/Sim/Potentiostat_Top/top/maestro/results/maestro/Interactive.343/10/TIA_Gain_Linearity/netlist
\o 
\o 
\o *Info*    Data Directory    =
\o           /home/hrahimi/projects/POTENTIOSTAT_26/Sim/Potentiostat_Top/top/maestro/results/maestro/Interactive.343/10/TIA_Gain_Linearity
\o 
\o Reusing AHDL Data dir
\o generate netlist...
\o function ansCdlCompPrim redefined
\o Ignoring netlist creation since ignoreDesignChangesDuringRun is set to true
\o       ...successful.
\o compose simulator input file...
\o       ...successful.
\o WARNING (ADE-3080): Fast viewing extensions for PSF XL format (also known as RTSF) will be discontinued  
\o        and Virtuoso Visualization and Analysis XL will not use RTSF data to plot waveforms from IC6.1.8 ISR7 onward. 
\o        There will be no performance impact on data visualization due to this change.
\o [2026-06-02 17:41:58.678 Z] [PROCESS] [cadence.virtuoso.ade.services.netlister] - Current memory used: 874.9062 MBytes, peak memory used: 874.9062 MBytes {"hostname": "il2244vt26_hrahimi", "processid": 2065497, "testname": "TIA_Gain_Linearity", "point": 10, "logfile": "/home/hrahimi/projects/POTENTIOSTAT_26/logs_hrahimi/logs0/Service211.log"}
\o [2026-06-02 17:41:58.679 Z] [INFO] [cadence.virtuoso.ade.services.netlister] - Finished netlisting {"point": 10, "testname": "TIA_Gain_Linearity"}
\o [2026-06-02 17:41:58.682 Z] [EVENT] [cadence.virtuoso.ade.services.netlister] - NewPoint {"point": 11, "testname": "TIA_Gain_Linearity", "event": "NewPoint", "EventSource": "Netlist Service", "HistoryName": "Interactive.343", "logFile": "/home/hrahimi/projects/POTENTIOSTAT_26/logs_hrahimi/logs0/Service211.log", "logFileSize": "264177"}
\o [2026-06-02 17:41:58.683 Z] [INFO] [cadence.virtuoso.ade.services.netlister] - Started netlisting {"point": 11, "testname": "TIA_Gain_Linearity"}
\o Resetting statistical vars
\o 
\o *Info*    Setting parameter values ...
\o 
\o Setting var temperature = "85"
\o Setting temp(T) = 85
\o 
\o *Info*    Netlist Directory =
\o           /home/hrahimi/projects/POTENTIOSTAT_26/Sim/Potentiostat_Top/top/maestro/results/maestro/Interactive.343/11/TIA_Gain_Linearity/netlist
\o 
\o 
\o *Info*    Data Directory    =
\o           /home/hrahimi/projects/POTENTIOSTAT_26/Sim/Potentiostat_Top/top/maestro/results/maestro/Interactive.343/11/TIA_Gain_Linearity
\o 
\o Reusing AHDL Data dir
\o generate netlist...
\o function ansCdlCompPrim redefined
\o Ignoring netlist creation since ignoreDesignChangesDuringRun is set to true
\o       ...successful.
\o compose simulator input file...
\o       ...successful.
\o WARNING (ADE-3080): Fast viewing extensions for PSF XL format (also known as RTSF) will be discontinued  
\o        and Virtuoso Visualization and Analysis XL will not use RTSF data to plot waveforms from IC6.1.8 ISR7 onward. 
\o        There will be no performance impact on data visualization due to this change.
\o [2026-06-02 17:41:59.586 Z] [PROCESS] [cadence.virtuoso.ade.services.netlister] - Current memory used: 874.9062 MBytes, peak memory used: 874.9062 MBytes {"hostname": "il2244vt26_hrahimi", "processid": 2065497, "testname": "TIA_Gain_Linearity", "point": 11, "logfile": "/home/hrahimi/projects/POTENTIOSTAT_26/logs_hrahimi/logs0/Service211.log"}
\o [2026-06-02 17:41:59.587 Z] [INFO] [cadence.virtuoso.ade.services.netlister] - Finished netlisting {"point": 11, "testname": "TIA_Gain_Linearity"}
\o [2026-06-02 17:41:59.590 Z] [EVENT] [cadence.virtuoso.ade.services.netlister] - NewPoint {"point": 12, "testname": "TIA_Gain_Linearity", "event": "NewPoint", "EventSource": "Netlist Service", "HistoryName": "Interactive.343", "logFile": "/home/hrahimi/projects/POTENTIOSTAT_26/logs_hrahimi/logs0/Service211.log", "logFileSize": "266236"}
\o [2026-06-02 17:41:59.590 Z] [INFO] [cadence.virtuoso.ade.services.netlister] - Started netlisting {"point": 12, "testname": "TIA_Gain_Linearity"}
\o Resetting statistical vars
\o 
\o *Info*    Setting parameter values ...
\o 
\o Setting var temperature = "-40"
\o Setting temp(T) = -40
\o Setting var vdd = "3.63"
\o 
\o *Info*    Netlist Directory =
\o           /home/hrahimi/projects/POTENTIOSTAT_26/Sim/Potentiostat_Top/top/maestro/results/maestro/Interactive.343/12/TIA_Gain_Linearity/netlist
\o 
\o 
\o *Info*    Data Directory    =
\o           /home/hrahimi/projects/POTENTIOSTAT_26/Sim/Potentiostat_Top/top/maestro/results/maestro/Interactive.343/12/TIA_Gain_Linearity
\o 
\o Reusing AHDL Data dir
\o generate netlist...
\o function ansCdlCompPrim redefined
\o Ignoring netlist creation since ignoreDesignChangesDuringRun is set to true
\o       ...successful.
\o compose simulator input file...
\o       ...successful.
\o WARNING (ADE-3080): Fast viewing extensions for PSF XL format (also known as RTSF) will be discontinued  
\o        and Virtuoso Visualization and Analysis XL will not use RTSF data to plot waveforms from IC6.1.8 ISR7 onward. 
\o        There will be no performance impact on data visualization due to this change.
\o [2026-06-02 17:42:00.304 Z] [PROCESS] [cadence.virtuoso.ade.services.netlister] - Current memory used: 874.9062 MBytes, peak memory used: 874.9062 MBytes {"hostname": "il2244vt26_hrahimi", "processid": 2065497, "testname": "TIA_Gain_Linearity", "point": 12, "logfile": "/home/hrahimi/projects/POTENTIOSTAT_26/logs_hrahimi/logs0/Service211.log"}
\o [2026-06-02 17:42:00.305 Z] [INFO] [cadence.virtuoso.ade.services.netlister] - Finished netlisting {"point": 12, "testname": "TIA_Gain_Linearity"}
\o [2026-06-02 17:42:00.309 Z] [EVENT] [cadence.virtuoso.ade.services.netlister] - NewPoint {"point": 13, "testname": "TIA_Gain_Linearity", "event": "NewPoint", "EventSource": "Netlist Service", "HistoryName": "Interactive.343", "logFile": "/home/hrahimi/projects/POTENTIOSTAT_26/logs_hrahimi/logs0/Service211.log", "logFileSize": "268325"}
\o [2026-06-02 17:42:00.309 Z] [INFO] [cadence.virtuoso.ade.services.netlister] - Started netlisting {"point": 13, "testname": "TIA_Gain_Linearity"}
\o Resetting statistical vars
\o 
\o *Info*    Setting parameter values ...
\o 
\o Setting var temperature = "85"
\o Setting temp(T) = 85
\o 
\o *Info*    Netlist Directory =
\o           /home/hrahimi/projects/POTENTIOSTAT_26/Sim/Potentiostat_Top/top/maestro/results/maestro/Interactive.343/13/TIA_Gain_Linearity/netlist
\o 
\o 
\o *Info*    Data Directory    =
\o           /home/hrahimi/projects/POTENTIOSTAT_26/Sim/Potentiostat_Top/top/maestro/results/maestro/Interactive.343/13/TIA_Gain_Linearity
\o 
\o Reusing AHDL Data dir
\o generate netlist...
\o function ansCdlCompPrim redefined
\o Ignoring netlist creation since ignoreDesignChangesDuringRun is set to true
\o       ...successful.
\o compose simulator input file...
\o       ...successful.
\o WARNING (ADE-3080): Fast viewing extensions for PSF XL format (also known as RTSF) will be discontinued  
\o        and Virtuoso Visualization and Analysis XL will not use RTSF data to plot waveforms from IC6.1.8 ISR7 onward. 
\o        There will be no performance impact on data visualization due to this change.
\o [2026-06-02 17:42:01.076 Z] [PROCESS] [cadence.virtuoso.ade.services.netlister] - Current memory used: 874.9062 MBytes, peak memory used: 874.9062 MBytes {"hostname": "il2244vt26_hrahimi", "processid": 2065497, "testname": "TIA_Gain_Linearity", "point": 13, "logfile": "/home/hrahimi/projects/POTENTIOSTAT_26/logs_hrahimi/logs0/Service211.log"}
\o [2026-06-02 17:42:01.077 Z] [INFO] [cadence.virtuoso.ade.services.netlister] - Finished netlisting {"point": 13, "testname": "TIA_Gain_Linearity"}
\o [2026-06-02 17:42:01.080 Z] [EVENT] [cadence.virtuoso.ade.services.netlister] - NewPoint {"point": 14, "testname": "TIA_Gain_Linearity", "event": "NewPoint", "EventSource": "Netlist Service", "HistoryName": "Interactive.343", "logFile": "/home/hrahimi/projects/POTENTIOSTAT_26/logs_hrahimi/logs0/Service211.log", "logFileSize": "270384"}
\o [2026-06-02 17:42:01.081 Z] [INFO] [cadence.virtuoso.ade.services.netlister] - Started netlisting {"point": 14, "testname": "TIA_Gain_Linearity"}
\o Resetting statistical vars
\o 
\o *Info*    Setting parameter values ...
\o 
\o Setting var temperature = "-40"
\o Setting temp(T) = -40
\o Setting var vdd = "2.97"
\o 
\o *Info*    Netlist Directory =
\o           /home/hrahimi/projects/POTENTIOSTAT_26/Sim/Potentiostat_Top/top/maestro/results/maestro/Interactive.343/14/TIA_Gain_Linearity/netlist
\o 
\o 
\o *Info*    Data Directory    =
\o           /home/hrahimi/projects/POTENTIOSTAT_26/Sim/Potentiostat_Top/top/maestro/results/maestro/Interactive.343/14/TIA_Gain_Linearity
\o 
\o Reusing AHDL Data dir
\o generate netlist...
\o function ansCdlCompPrim redefined
\o Ignoring netlist creation since ignoreDesignChangesDuringRun is set to true
\o       ...successful.
\o compose simulator input file...
\o       ...successful.
\o WARNING (ADE-3080): Fast viewing extensions for PSF XL format (also known as RTSF) will be discontinued  
\o        and Virtuoso Visualization and Analysis XL will not use RTSF data to plot waveforms from IC6.1.8 ISR7 onward. 
\o        There will be no performance impact on data visualization due to this change.
\o [2026-06-02 17:42:01.864 Z] [PROCESS] [cadence.virtuoso.ade.services.netlister] - Current memory used: 874.9062 MBytes, peak memory used: 874.9062 MBytes {"hostname": "il2244vt26_hrahimi", "processid": 2065497, "testname": "TIA_Gain_Linearity", "point": 14, "logfile": "/home/hrahimi/projects/POTENTIOSTAT_26/logs_hrahimi/logs0/Service211.log"}
\o [2026-06-02 17:42:01.865 Z] [INFO] [cadence.virtuoso.ade.services.netlister] - Finished netlisting {"point": 14, "testname": "TIA_Gain_Linearity"}
\o [2026-06-02 17:42:01.867 Z] [EVENT] [cadence.virtuoso.ade.services.netlister] - NewPoint {"point": 15, "testname": "TIA_Gain_Linearity", "event": "NewPoint", "EventSource": "Netlist Service", "HistoryName": "Interactive.343", "logFile": "/home/hrahimi/projects/POTENTIOSTAT_26/logs_hrahimi/logs0/Service211.log", "logFileSize": "272473"}
\o [2026-06-02 17:42:01.868 Z] [INFO] [cadence.virtuoso.ade.services.netlister] - Started netlisting {"point": 15, "testname": "TIA_Gain_Linearity"}
\o Resetting statistical vars
\o 
\o *Info*    Setting parameter values ...
\o 
\o Setting var temperature = "85"
\o Setting temp(T) = 85
\o 
\o *Info*    Netlist Directory =
\o           /home/hrahimi/projects/POTENTIOSTAT_26/Sim/Potentiostat_Top/top/maestro/results/maestro/Interactive.343/15/TIA_Gain_Linearity/netlist
\o 
\o 
\o *Info*    Data Directory    =
\o           /home/hrahimi/projects/POTENTIOSTAT_26/Sim/Potentiostat_Top/top/maestro/results/maestro/Interactive.343/15/TIA_Gain_Linearity
\o 
\o Reusing AHDL Data dir
\o generate netlist...
\o function ansCdlCompPrim redefined
\o Ignoring netlist creation since ignoreDesignChangesDuringRun is set to true
\o       ...successful.
\o compose simulator input file...
\o       ...successful.
\o WARNING (ADE-3080): Fast viewing extensions for PSF XL format (also known as RTSF) will be discontinued  
\o        and Virtuoso Visualization and Analysis XL will not use RTSF data to plot waveforms from IC6.1.8 ISR7 onward. 
\o        There will be no performance impact on data visualization due to this change.
\o [2026-06-02 17:42:02.602 Z] [PROCESS] [cadence.virtuoso.ade.services.netlister] - Current memory used: 874.9062 MBytes, peak memory used: 874.9062 MBytes {"hostname": "il2244vt26_hrahimi", "processid": 2065497, "testname": "TIA_Gain_Linearity", "point": 15, "logfile": "/home/hrahimi/projects/POTENTIOSTAT_26/logs_hrahimi/logs0/Service211.log"}
\o [2026-06-02 17:42:02.603 Z] [INFO] [cadence.virtuoso.ade.services.netlister] - Finished netlisting {"point": 15, "testname": "TIA_Gain_Linearity"}
\o [2026-06-02 17:42:02.606 Z] [EVENT] [cadence.virtuoso.ade.services.netlister] - NewPoint {"point": 16, "testname": "TIA_Gain_Linearity", "event": "NewPoint", "EventSource": "Netlist Service", "HistoryName": "Interactive.343", "logFile": "/home/hrahimi/projects/POTENTIOSTAT_26/logs_hrahimi/logs0/Service211.log", "logFileSize": "274532"}
\o [2026-06-02 17:42:02.606 Z] [INFO] [cadence.virtuoso.ade.services.netlister] - Started netlisting {"point": 16, "testname": "TIA_Gain_Linearity"}
\o Resetting statistical vars
\o 
\o *Info*    Setting parameter values ...
\o 
\o Setting var temperature = "-40"
\o Setting temp(T) = -40
\o Setting var vdd = "3.63"
\o 
\o *Info*    Netlist Directory =
\o           /home/hrahimi/projects/POTENTIOSTAT_26/Sim/Potentiostat_Top/top/maestro/results/maestro/Interactive.343/16/TIA_Gain_Linearity/netlist
\o 
\o 
\o *Info*    Data Directory    =
\o           /home/hrahimi/projects/POTENTIOSTAT_26/Sim/Potentiostat_Top/top/maestro/results/maestro/Interactive.343/16/TIA_Gain_Linearity
\o 
\o Reusing AHDL Data dir
\o generate netlist...
\o function ansCdlCompPrim redefined
\o Ignoring netlist creation since ignoreDesignChangesDuringRun is set to true
\o       ...successful.
\o compose simulator input file...
\o       ...successful.
\o WARNING (ADE-3080): Fast viewing extensions for PSF XL format (also known as RTSF) will be discontinued  
\o        and Virtuoso Visualization and Analysis XL will not use RTSF data to plot waveforms from IC6.1.8 ISR7 onward. 
\o        There will be no performance impact on data visualization due to this change.
\o [2026-06-02 17:42:03.333 Z] [PROCESS] [cadence.virtuoso.ade.services.netlister] - Current memory used: 874.9062 MBytes, peak memory used: 874.9062 MBytes {"hostname": "il2244vt26_hrahimi", "processid": 2065497, "testname": "TIA_Gain_Linearity", "point": 16, "logfile": "/home/hrahimi/projects/POTENTIOSTAT_26/logs_hrahimi/logs0/Service211.log"}
\o [2026-06-02 17:42:03.335 Z] [INFO] [cadence.virtuoso.ade.services.netlister] - Finished netlisting {"point": 16, "testname": "TIA_Gain_Linearity"}
\o [2026-06-02 17:42:03.338 Z] [EVENT] [cadence.virtuoso.ade.services.netlister] - NewPoint {"point": 17, "testname": "TIA_Gain_Linearity", "event": "NewPoint", "EventSource": "Netlist Service", "HistoryName": "Interactive.343", "logFile": "/home/hrahimi/projects/POTENTIOSTAT_26/logs_hrahimi/logs0/Service211.log", "logFileSize": "276621"}
\o [2026-06-02 17:42:03.338 Z] [INFO] [cadence.virtuoso.ade.services.netlister] - Started netlisting {"point": 17, "testname": "TIA_Gain_Linearity"}
\o Resetting statistical vars
\o 
\o *Info*    Setting parameter values ...
\o 
\o Setting var temperature = "85"
\o Setting temp(T) = 85
\o 
\o *Info*    Netlist Directory =
\o           /home/hrahimi/projects/POTENTIOSTAT_26/Sim/Potentiostat_Top/top/maestro/results/maestro/Interactive.343/17/TIA_Gain_Linearity/netlist
\o 
\o 
\o *Info*    Data Directory    =
\o           /home/hrahimi/projects/POTENTIOSTAT_26/Sim/Potentiostat_Top/top/maestro/results/maestro/Interactive.343/17/TIA_Gain_Linearity
\o 
\o Reusing AHDL Data dir
\o generate netlist...
\o function ansCdlCompPrim redefined
\o Ignoring netlist creation since ignoreDesignChangesDuringRun is set to true
\o       ...successful.
\o compose simulator input file...
\o       ...successful.
\o WARNING (ADE-3080): Fast viewing extensions for PSF XL format (also known as RTSF) will be discontinued  
\o        and Virtuoso Visualization and Analysis XL will not use RTSF data to plot waveforms from IC6.1.8 ISR7 onward. 
\o        There will be no performance impact on data visualization due to this change.
\o [2026-06-02 17:42:04.051 Z] [PROCESS] [cadence.virtuoso.ade.services.netlister] - Current memory used: 874.9062 MBytes, peak memory used: 874.9062 MBytes {"hostname": "il2244vt26_hrahimi", "processid": 2065497, "testname": "TIA_Gain_Linearity", "point": 17, "logfile": "/home/hrahimi/projects/POTENTIOSTAT_26/logs_hrahimi/logs0/Service211.log"}
\o [2026-06-02 17:42:04.053 Z] [INFO] [cadence.virtuoso.ade.services.netlister] - Finished netlisting {"point": 17, "testname": "TIA_Gain_Linearity"}
\o [2026-06-02 17:42:04.055 Z] [EVENT] [cadence.virtuoso.ade.services.netlister] - NewPoint {"point": 18, "testname": "TIA_Gain_Linearity", "event": "NewPoint", "EventSource": "Netlist Service", "HistoryName": "Interactive.343", "logFile": "/home/hrahimi/projects/POTENTIOSTAT_26/logs_hrahimi/logs0/Service211.log", "logFileSize": "278680"}
\o [2026-06-02 17:42:04.055 Z] [INFO] [cadence.virtuoso.ade.services.netlister] - Started netlisting {"point": 18, "testname": "TIA_Gain_Linearity"}
\o Resetting statistical vars
\o 
\o *Info*    Setting parameter values ...
\o 
\o Setting var temperature = "-40"
\o Setting temp(T) = -40
\o Setting var vdd = "2.97"
\o 
\o *Info*    Netlist Directory =
\o           /home/hrahimi/projects/POTENTIOSTAT_26/Sim/Potentiostat_Top/top/maestro/results/maestro/Interactive.343/18/TIA_Gain_Linearity/netlist
\o 
\o 
\o *Info*    Data Directory    =
\o           /home/hrahimi/projects/POTENTIOSTAT_26/Sim/Potentiostat_Top/top/maestro/results/maestro/Interactive.343/18/TIA_Gain_Linearity
\o 
\o Reusing AHDL Data dir
\o generate netlist...
\o function ansCdlCompPrim redefined
\o Ignoring netlist creation since ignoreDesignChangesDuringRun is set to true
\o       ...successful.
\o compose simulator input file...
\o       ...successful.
\o WARNING (ADE-3080): Fast viewing extensions for PSF XL format (also known as RTSF) will be discontinued  
\o        and Virtuoso Visualization and Analysis XL will not use RTSF data to plot waveforms from IC6.1.8 ISR7 onward. 
\o        There will be no performance impact on data visualization due to this change.
\o [2026-06-02 17:42:04.795 Z] [PROCESS] [cadence.virtuoso.ade.services.netlister] - Current memory used: 874.9062 MBytes, peak memory used: 874.9062 MBytes {"hostname": "il2244vt26_hrahimi", "processid": 2065497, "testname": "TIA_Gain_Linearity", "point": 18, "logfile": "/home/hrahimi/projects/POTENTIOSTAT_26/logs_hrahimi/logs0/Service211.log"}
\o [2026-06-02 17:42:04.796 Z] [INFO] [cadence.virtuoso.ade.services.netlister] - Finished netlisting {"point": 18, "testname": "TIA_Gain_Linearity"}
\o [2026-06-02 17:42:04.799 Z] [EVENT] [cadence.virtuoso.ade.services.netlister] - NewPoint {"point": 19, "testname": "TIA_Gain_Linearity", "event": "NewPoint", "EventSource": "Netlist Service", "HistoryName": "Interactive.343", "logFile": "/home/hrahimi/projects/POTENTIOSTAT_26/logs_hrahimi/logs0/Service211.log", "logFileSize": "280769"}
\o [2026-06-02 17:42:04.799 Z] [INFO] [cadence.virtuoso.ade.services.netlister] - Started netlisting {"point": 19, "testname": "TIA_Gain_Linearity"}
\o Resetting statistical vars
\o 
\o *Info*    Setting parameter values ...
\o 
\o Setting var temperature = "85"
\o Setting temp(T) = 85
\o 
\o *Info*    Netlist Directory =
\o           /home/hrahimi/projects/POTENTIOSTAT_26/Sim/Potentiostat_Top/top/maestro/results/maestro/Interactive.343/19/TIA_Gain_Linearity/netlist
\o 
\o 
\o *Info*    Data Directory    =
\o           /home/hrahimi/projects/POTENTIOSTAT_26/Sim/Potentiostat_Top/top/maestro/results/maestro/Interactive.343/19/TIA_Gain_Linearity
\o 
\o Reusing AHDL Data dir
\o generate netlist...
\o function ansCdlCompPrim redefined
\o Ignoring netlist creation since ignoreDesignChangesDuringRun is set to true
\o       ...successful.
\o compose simulator input file...
\o       ...successful.
\o WARNING (ADE-3080): Fast viewing extensions for PSF XL format (also known as RTSF) will be discontinued  
\o        and Virtuoso Visualization and Analysis XL will not use RTSF data to plot waveforms from IC6.1.8 ISR7 onward. 
\o        There will be no performance impact on data visualization due to this change.
\o [2026-06-02 17:42:05.504 Z] [PROCESS] [cadence.virtuoso.ade.services.netlister] - Current memory used: 874.9062 MBytes, peak memory used: 874.9062 MBytes {"hostname": "il2244vt26_hrahimi", "processid": 2065497, "testname": "TIA_Gain_Linearity", "point": 19, "logfile": "/home/hrahimi/projects/POTENTIOSTAT_26/logs_hrahimi/logs0/Service211.log"}
\o [2026-06-02 17:42:05.505 Z] [INFO] [cadence.virtuoso.ade.services.netlister] - Finished netlisting {"point": 19, "testname": "TIA_Gain_Linearity"}
\o [2026-06-02 17:42:05.507 Z] [EVENT] [cadence.virtuoso.ade.services.netlister] - NewPoint {"point": 20, "testname": "TIA_Gain_Linearity", "event": "NewPoint", "EventSource": "Netlist Service", "HistoryName": "Interactive.343", "logFile": "/home/hrahimi/projects/POTENTIOSTAT_26/logs_hrahimi/logs0/Service211.log", "logFileSize": "282828"}
\o [2026-06-02 17:42:05.507 Z] [INFO] [cadence.virtuoso.ade.services.netlister] - Started netlisting {"point": 20, "testname": "TIA_Gain_Linearity"}
\o Resetting statistical vars
\o 
\o *Info*    Setting parameter values ...
\o 
\o Setting var temperature = "-40"
\o Setting temp(T) = -40
\o Setting var vdd = "3.63"
\o 
\o *Info*    Netlist Directory =
\o           /home/hrahimi/projects/POTENTIOSTAT_26/Sim/Potentiostat_Top/top/maestro/results/maestro/Interactive.343/20/TIA_Gain_Linearity/netlist
\o 
\o 
\o *Info*    Data Directory    =
\o           /home/hrahimi/projects/POTENTIOSTAT_26/Sim/Potentiostat_Top/top/maestro/results/maestro/Interactive.343/20/TIA_Gain_Linearity
\o 
\o Reusing AHDL Data dir
\o generate netlist...
\o function ansCdlCompPrim redefined
\o Ignoring netlist creation since ignoreDesignChangesDuringRun is set to true
\o       ...successful.
\o compose simulator input file...
\o       ...successful.
\o WARNING (ADE-3080): Fast viewing extensions for PSF XL format (also known as RTSF) will be discontinued  
\o        and Virtuoso Visualization and Analysis XL will not use RTSF data to plot waveforms from IC6.1.8 ISR7 onward. 
\o        There will be no performance impact on data visualization due to this change.
\o [2026-06-02 17:42:06.627 Z] [PROCESS] [cadence.virtuoso.ade.services.netlister] - Current memory used: 874.9062 MBytes, peak memory used: 874.9062 MBytes {"hostname": "il2244vt26_hrahimi", "processid": 2065497, "testname": "TIA_Gain_Linearity", "point": 20, "logfile": "/home/hrahimi/projects/POTENTIOSTAT_26/logs_hrahimi/logs0/Service211.log"}
\o [2026-06-02 17:42:06.628 Z] [INFO] [cadence.virtuoso.ade.services.netlister] - Finished netlisting {"point": 20, "testname": "TIA_Gain_Linearity"}
\o [2026-06-02 17:42:06.630 Z] [EVENT] [cadence.virtuoso.ade.services.netlister] - NewPoint {"point": 21, "testname": "TIA_Gain_Linearity", "event": "NewPoint", "EventSource": "Netlist Service", "HistoryName": "Interactive.343", "logFile": "/home/hrahimi/projects/POTENTIOSTAT_26/logs_hrahimi/logs0/Service211.log", "logFileSize": "284917"}
\o [2026-06-02 17:42:06.631 Z] [INFO] [cadence.virtuoso.ade.services.netlister] - Started netlisting {"point": 21, "testname": "TIA_Gain_Linearity"}
\o Resetting statistical vars
\o 
\o *Info*    Setting parameter values ...
\o 
\o Setting var temperature = "85"
\o Setting temp(T) = 85
\o 
\o *Info*    Netlist Directory =
\o           /home/hrahimi/projects/POTENTIOSTAT_26/Sim/Potentiostat_Top/top/maestro/results/maestro/Interactive.343/21/TIA_Gain_Linearity/netlist
\o 
\o 
\o *Info*    Data Directory    =
\o           /home/hrahimi/projects/POTENTIOSTAT_26/Sim/Potentiostat_Top/top/maestro/results/maestro/Interactive.343/21/TIA_Gain_Linearity
\o 
\o Reusing AHDL Data dir
\o generate netlist...
\o function ansCdlCompPrim redefined
\o Ignoring netlist creation since ignoreDesignChangesDuringRun is set to true
\o       ...successful.
\o compose simulator input file...
\o       ...successful.
\o WARNING (ADE-3080): Fast viewing extensions for PSF XL format (also known as RTSF) will be discontinued  
\o        and Virtuoso Visualization and Analysis XL will not use RTSF data to plot waveforms from IC6.1.8 ISR7 onward. 
\o        There will be no performance impact on data visualization due to this change.
\o [2026-06-02 17:42:07.457 Z] [PROCESS] [cadence.virtuoso.ade.services.netlister] - Current memory used: 874.9062 MBytes, peak memory used: 874.9062 MBytes {"hostname": "il2244vt26_hrahimi", "processid": 2065497, "testname": "TIA_Gain_Linearity", "point": 21, "logfile": "/home/hrahimi/projects/POTENTIOSTAT_26/logs_hrahimi/logs0/Service211.log"}
\o [2026-06-02 17:42:07.458 Z] [INFO] [cadence.virtuoso.ade.services.netlister] - Finished netlisting {"point": 21, "testname": "TIA_Gain_Linearity"}
\o [2026-06-02 17:42:07.461 Z] [EVENT] [cadence.virtuoso.ade.services.netlister] - NewPoint {"point": 22, "testname": "TIA_Gain_Linearity", "event": "NewPoint", "EventSource": "Netlist Service", "HistoryName": "Interactive.343", "logFile": "/home/hrahimi/projects/POTENTIOSTAT_26/logs_hrahimi/logs0/Service211.log", "logFileSize": "286976"}
\o [2026-06-02 17:42:07.462 Z] [INFO] [cadence.virtuoso.ade.services.netlister] - Started netlisting {"point": 22, "testname": "TIA_Gain_Linearity"}
\o Resetting statistical vars
\o 
\o *Info*    Setting parameter values ...
\o 
\o Setting var temperature = "-40"
\o Setting temp(T) = -40
\o Setting var vdd = "2.97"
\o 
\o *Info*    Netlist Directory =
\o           /home/hrahimi/projects/POTENTIOSTAT_26/Sim/Potentiostat_Top/top/maestro/results/maestro/Interactive.343/22/TIA_Gain_Linearity/netlist
\o 
\o 
\o *Info*    Data Directory    =
\o           /home/hrahimi/projects/POTENTIOSTAT_26/Sim/Potentiostat_Top/top/maestro/results/maestro/Interactive.343/22/TIA_Gain_Linearity
\o 
\o Reusing AHDL Data dir
\o generate netlist...
\o function ansCdlCompPrim redefined
\o Ignoring netlist creation since ignoreDesignChangesDuringRun is set to true
\o       ...successful.
\o compose simulator input file...
\o       ...successful.
\o WARNING (ADE-3080): Fast viewing extensions for PSF XL format (also known as RTSF) will be discontinued  
\o        and Virtuoso Visualization and Analysis XL will not use RTSF data to plot waveforms from IC6.1.8 ISR7 onward. 
\o        There will be no performance impact on data visualization due to this change.
\o [2026-06-02 17:42:08.265 Z] [PROCESS] [cadence.virtuoso.ade.services.netlister] - Current memory used: 874.9062 MBytes, peak memory used: 874.9062 MBytes {"hostname": "il2244vt26_hrahimi", "processid": 2065497, "testname": "TIA_Gain_Linearity", "point": 22, "logfile": "/home/hrahimi/projects/POTENTIOSTAT_26/logs_hrahimi/logs0/Service211.log"}
\o [2026-06-02 17:42:08.266 Z] [INFO] [cadence.virtuoso.ade.services.netlister] - Finished netlisting {"point": 22, "testname": "TIA_Gain_Linearity"}
\o [2026-06-02 17:42:08.268 Z] [EVENT] [cadence.virtuoso.ade.services.netlister] - NewPoint {"point": 23, "testname": "TIA_Gain_Linearity", "event": "NewPoint", "EventSource": "Netlist Service", "HistoryName": "Interactive.343", "logFile": "/home/hrahimi/projects/POTENTIOSTAT_26/logs_hrahimi/logs0/Service211.log", "logFileSize": "289065"}
\o [2026-06-02 17:42:08.269 Z] [INFO] [cadence.virtuoso.ade.services.netlister] - Started netlisting {"point": 23, "testname": "TIA_Gain_Linearity"}
\o Resetting statistical vars
\o 
\o *Info*    Setting parameter values ...
\o 
\o Setting var temperature = "85"
\o Setting temp(T) = 85
\o 
\o *Info*    Netlist Directory =
\o           /home/hrahimi/projects/POTENTIOSTAT_26/Sim/Potentiostat_Top/top/maestro/results/maestro/Interactive.343/23/TIA_Gain_Linearity/netlist
\o 
\o 
\o *Info*    Data Directory    =
\o           /home/hrahimi/projects/POTENTIOSTAT_26/Sim/Potentiostat_Top/top/maestro/results/maestro/Interactive.343/23/TIA_Gain_Linearity
\o 
\o Reusing AHDL Data dir
\o generate netlist...
\o function ansCdlCompPrim redefined
\o Ignoring netlist creation since ignoreDesignChangesDuringRun is set to true
\o       ...successful.
\o compose simulator input file...
\o       ...successful.
\o WARNING (ADE-3080): Fast viewing extensions for PSF XL format (also known as RTSF) will be discontinued  
\o        and Virtuoso Visualization and Analysis XL will not use RTSF data to plot waveforms from IC6.1.8 ISR7 onward. 
\o        There will be no performance impact on data visualization due to this change.
\o [2026-06-02 17:42:09.038 Z] [PROCESS] [cadence.virtuoso.ade.services.netlister] - Current memory used: 874.9062 MBytes, peak memory used: 874.9062 MBytes {"hostname": "il2244vt26_hrahimi", "processid": 2065497, "testname": "TIA_Gain_Linearity", "point": 23, "logfile": "/home/hrahimi/projects/POTENTIOSTAT_26/logs_hrahimi/logs0/Service211.log"}
\o [2026-06-02 17:42:09.039 Z] [INFO] [cadence.virtuoso.ade.services.netlister] - Finished netlisting {"point": 23, "testname": "TIA_Gain_Linearity"}
\o [2026-06-02 17:42:09.041 Z] [EVENT] [cadence.virtuoso.ade.services.netlister] - NewPoint {"point": 24, "testname": "TIA_Gain_Linearity", "event": "NewPoint", "EventSource": "Netlist Service", "HistoryName": "Interactive.343", "logFile": "/home/hrahimi/projects/POTENTIOSTAT_26/logs_hrahimi/logs0/Service211.log", "logFileSize": "291124"}
\o [2026-06-02 17:42:09.041 Z] [INFO] [cadence.virtuoso.ade.services.netlister] - Started netlisting {"point": 24, "testname": "TIA_Gain_Linearity"}
\o Resetting statistical vars
\o 
\o *Info*    Setting parameter values ...
\o 
\o Setting var temperature = "-40"
\o Setting temp(T) = -40
\o Setting var vdd = "3.63"
\o 
\o *Info*    Netlist Directory =
\o           /home/hrahimi/projects/POTENTIOSTAT_26/Sim/Potentiostat_Top/top/maestro/results/maestro/Interactive.343/24/TIA_Gain_Linearity/netlist
\o 
\o 
\o *Info*    Data Directory    =
\o           /home/hrahimi/projects/POTENTIOSTAT_26/Sim/Potentiostat_Top/top/maestro/results/maestro/Interactive.343/24/TIA_Gain_Linearity
\o 
\o Reusing AHDL Data dir
\o generate netlist...
\o function ansCdlCompPrim redefined
\o Ignoring netlist creation since ignoreDesignChangesDuringRun is set to true
\o       ...successful.
\o compose simulator input file...
\o       ...successful.
\o WARNING (ADE-3080): Fast viewing extensions for PSF XL format (also known as RTSF) will be discontinued  
\o        and Virtuoso Visualization and Analysis XL will not use RTSF data to plot waveforms from IC6.1.8 ISR7 onward. 
\o        There will be no performance impact on data visualization due to this change.
\o [2026-06-02 17:42:09.770 Z] [PROCESS] [cadence.virtuoso.ade.services.netlister] - Current memory used: 874.9062 MBytes, peak memory used: 874.9062 MBytes {"hostname": "il2244vt26_hrahimi", "processid": 2065497, "testname": "TIA_Gain_Linearity", "point": 24, "logfile": "/home/hrahimi/projects/POTENTIOSTAT_26/logs_hrahimi/logs0/Service211.log"}
\o [2026-06-02 17:42:09.771 Z] [INFO] [cadence.virtuoso.ade.services.netlister] - Finished netlisting {"point": 24, "testname": "TIA_Gain_Linearity"}
\o [2026-06-02 17:42:09.774 Z] [EVENT] [cadence.virtuoso.ade.services.netlister] - NewPoint {"point": 25, "testname": "TIA_Gain_Linearity", "event": "NewPoint", "EventSource": "Netlist Service", "HistoryName": "Interactive.343", "logFile": "/home/hrahimi/projects/POTENTIOSTAT_26/logs_hrahimi/logs0/Service211.log", "logFileSize": "293213"}
\o [2026-06-02 17:42:09.774 Z] [INFO] [cadence.virtuoso.ade.services.netlister] - Started netlisting {"point": 25, "testname": "TIA_Gain_Linearity"}
\o Resetting statistical vars
\o 
\o *Info*    Setting parameter values ...
\o 
\o Setting var temperature = "85"
\o Setting temp(T) = 85
\o 
\o *Info*    Netlist Directory =
\o           /home/hrahimi/projects/POTENTIOSTAT_26/Sim/Potentiostat_Top/top/maestro/results/maestro/Interactive.343/25/TIA_Gain_Linearity/netlist
\o 
\o 
\o *Info*    Data Directory    =
\o           /home/hrahimi/projects/POTENTIOSTAT_26/Sim/Potentiostat_Top/top/maestro/results/maestro/Interactive.343/25/TIA_Gain_Linearity
\o 
\o Reusing AHDL Data dir
\o generate netlist...
\o function ansCdlCompPrim redefined
\o Ignoring netlist creation since ignoreDesignChangesDuringRun is set to true
\o       ...successful.
\o compose simulator input file...
\o       ...successful.
\o WARNING (ADE-3080): Fast viewing extensions for PSF XL format (also known as RTSF) will be discontinued  
\o        and Virtuoso Visualization and Analysis XL will not use RTSF data to plot waveforms from IC6.1.8 ISR7 onward. 
\o        There will be no performance impact on data visualization due to this change.
\o [2026-06-02 17:42:10.593 Z] [PROCESS] [cadence.virtuoso.ade.services.netlister] - Current memory used: 874.9062 MBytes, peak memory used: 874.9062 MBytes {"hostname": "il2244vt26_hrahimi", "processid": 2065497, "testname": "TIA_Gain_Linearity", "point": 25, "logfile": "/home/hrahimi/projects/POTENTIOSTAT_26/logs_hrahimi/logs0/Service211.log"}
\o [2026-06-02 17:42:10.595 Z] [INFO] [cadence.virtuoso.ade.services.netlister] - Finished netlisting {"point": 25, "testname": "TIA_Gain_Linearity"}
\o [2026-06-02 17:42:10.597 Z] [EVENT] [cadence.virtuoso.ade.services.netlister] - NewPoint {"point": 26, "testname": "TIA_Gain_Linearity", "event": "NewPoint", "EventSource": "Netlist Service", "HistoryName": "Interactive.343", "logFile": "/home/hrahimi/projects/POTENTIOSTAT_26/logs_hrahimi/logs0/Service211.log", "logFileSize": "295272"}
\o [2026-06-02 17:42:10.598 Z] [INFO] [cadence.virtuoso.ade.services.netlister] - Started netlisting {"point": 26, "testname": "TIA_Gain_Linearity"}
\o Resetting statistical vars
\o 
\o *Info*    Setting parameter values ...
\o 
\o Setting var temperature = "-40"
\o Setting temp(T) = -40
\o Setting var vdd = "2.97"
\o 
\o *Info*    Netlist Directory =
\o           /home/hrahimi/projects/POTENTIOSTAT_26/Sim/Potentiostat_Top/top/maestro/results/maestro/Interactive.343/26/TIA_Gain_Linearity/netlist
\o 
\o 
\o *Info*    Data Directory    =
\o           /home/hrahimi/projects/POTENTIOSTAT_26/Sim/Potentiostat_Top/top/maestro/results/maestro/Interactive.343/26/TIA_Gain_Linearity
\o 
\o Reusing AHDL Data dir
\o generate netlist...
\o function ansCdlCompPrim redefined
\o Ignoring netlist creation since ignoreDesignChangesDuringRun is set to true
\o       ...successful.
\o compose simulator input file...
\o       ...successful.
\o WARNING (ADE-3080): Fast viewing extensions for PSF XL format (also known as RTSF) will be discontinued  
\o        and Virtuoso Visualization and Analysis XL will not use RTSF data to plot waveforms from IC6.1.8 ISR7 onward. 
\o        There will be no performance impact on data visualization due to this change.
\o [2026-06-02 17:42:11.420 Z] [PROCESS] [cadence.virtuoso.ade.services.netlister] - Current memory used: 874.9062 MBytes, peak memory used: 874.9062 MBytes {"hostname": "il2244vt26_hrahimi", "processid": 2065497, "testname": "TIA_Gain_Linearity", "point": 26, "logfile": "/home/hrahimi/projects/POTENTIOSTAT_26/logs_hrahimi/logs0/Service211.log"}
\o [2026-06-02 17:42:11.421 Z] [INFO] [cadence.virtuoso.ade.services.netlister] - Finished netlisting {"point": 26, "testname": "TIA_Gain_Linearity"}
\o [2026-06-02 17:42:11.424 Z] [EVENT] [cadence.virtuoso.ade.services.netlister] - NewPoint {"point": 27, "testname": "TIA_Gain_Linearity", "event": "NewPoint", "EventSource": "Netlist Service", "HistoryName": "Interactive.343", "logFile": "/home/hrahimi/projects/POTENTIOSTAT_26/logs_hrahimi/logs0/Service211.log", "logFileSize": "297361"}
\o [2026-06-02 17:42:11.424 Z] [INFO] [cadence.virtuoso.ade.services.netlister] - Started netlisting {"point": 27, "testname": "TIA_Gain_Linearity"}
\o Resetting statistical vars
\o 
\o *Info*    Setting parameter values ...
\o 
\o Setting var temperature = "85"
\o Setting temp(T) = 85
\o 
\o *Info*    Netlist Directory =
\o           /home/hrahimi/projects/POTENTIOSTAT_26/Sim/Potentiostat_Top/top/maestro/results/maestro/Interactive.343/27/TIA_Gain_Linearity/netlist
\o 
\o 
\o *Info*    Data Directory    =
\o           /home/hrahimi/projects/POTENTIOSTAT_26/Sim/Potentiostat_Top/top/maestro/results/maestro/Interactive.343/27/TIA_Gain_Linearity
\o 
\o Reusing AHDL Data dir
\o generate netlist...
\o function ansCdlCompPrim redefined
\o Ignoring netlist creation since ignoreDesignChangesDuringRun is set to true
\o       ...successful.
\o compose simulator input file...
\o       ...successful.
\o WARNING (ADE-3080): Fast viewing extensions for PSF XL format (also known as RTSF) will be discontinued  
\o        and Virtuoso Visualization and Analysis XL will not use RTSF data to plot waveforms from IC6.1.8 ISR7 onward. 
\o        There will be no performance impact on data visualization due to this change.
\o [2026-06-02 17:42:12.368 Z] [PROCESS] [cadence.virtuoso.ade.services.netlister] - Current memory used: 874.9062 MBytes, peak memory used: 874.9062 MBytes {"hostname": "il2244vt26_hrahimi", "processid": 2065497, "testname": "TIA_Gain_Linearity", "point": 27, "logfile": "/home/hrahimi/projects/POTENTIOSTAT_26/logs_hrahimi/logs0/Service211.log"}
\o [2026-06-02 17:42:12.369 Z] [INFO] [cadence.virtuoso.ade.services.netlister] - Finished netlisting {"point": 27, "testname": "TIA_Gain_Linearity"}
\o [2026-06-02 17:42:12.373 Z] [EVENT] [cadence.virtuoso.ade.services.netlister] - NewPoint {"point": 28, "testname": "TIA_Gain_Linearity", "event": "NewPoint", "EventSource": "Netlist Service", "HistoryName": "Interactive.343", "logFile": "/home/hrahimi/projects/POTENTIOSTAT_26/logs_hrahimi/logs0/Service211.log", "logFileSize": "299420"}
\o [2026-06-02 17:42:12.373 Z] [INFO] [cadence.virtuoso.ade.services.netlister] - Started netlisting {"point": 28, "testname": "TIA_Gain_Linearity"}
\o Resetting statistical vars
\o 
\o *Info*    Setting parameter values ...
\o 
\o Setting var temperature = "-40"
\o Setting temp(T) = -40
\o Setting var vdd = "3.63"
\o 
\o *Info*    Netlist Directory =
\o           /home/hrahimi/projects/POTENTIOSTAT_26/Sim/Potentiostat_Top/top/maestro/results/maestro/Interactive.343/28/TIA_Gain_Linearity/netlist
\o 
\o 
\o *Info*    Data Directory    =
\o           /home/hrahimi/projects/POTENTIOSTAT_26/Sim/Potentiostat_Top/top/maestro/results/maestro/Interactive.343/28/TIA_Gain_Linearity
\o 
\o Reusing AHDL Data dir
\o generate netlist...
\o function ansCdlCompPrim redefined
\o Ignoring netlist creation since ignoreDesignChangesDuringRun is set to true
\o       ...successful.
\o compose simulator input file...
\o       ...successful.
\o WARNING (ADE-3080): Fast viewing extensions for PSF XL format (also known as RTSF) will be discontinued  
\o        and Virtuoso Visualization and Analysis XL will not use RTSF data to plot waveforms from IC6.1.8 ISR7 onward. 
\o        There will be no performance impact on data visualization due to this change.
\o [2026-06-02 17:42:13.366 Z] [PROCESS] [cadence.virtuoso.ade.services.netlister] - Current memory used: 874.9062 MBytes, peak memory used: 874.9062 MBytes {"hostname": "il2244vt26_hrahimi", "processid": 2065497, "testname": "TIA_Gain_Linearity", "point": 28, "logfile": "/home/hrahimi/projects/POTENTIOSTAT_26/logs_hrahimi/logs0/Service211.log"}
\o [2026-06-02 17:42:13.367 Z] [INFO] [cadence.virtuoso.ade.services.netlister] - Finished netlisting {"point": 28, "testname": "TIA_Gain_Linearity"}
\o [2026-06-02 17:42:13.370 Z] [EVENT] [cadence.virtuoso.ade.services.netlister] - NewPoint {"point": 29, "testname": "TIA_Gain_Linearity", "event": "NewPoint", "EventSource": "Netlist Service", "HistoryName": "Interactive.343", "logFile": "/home/hrahimi/projects/POTENTIOSTAT_26/logs_hrahimi/logs0/Service211.log", "logFileSize": "301509"}
\o [2026-06-02 17:42:13.370 Z] [INFO] [cadence.virtuoso.ade.services.netlister] - Started netlisting {"point": 29, "testname": "TIA_Gain_Linearity"}
\o Resetting statistical vars
\o 
\o *Info*    Setting parameter values ...
\o 
\o Setting var temperature = "85"
\o Setting temp(T) = 85
\o 
\o *Info*    Netlist Directory =
\o           /home/hrahimi/projects/POTENTIOSTAT_26/Sim/Potentiostat_Top/top/maestro/results/maestro/Interactive.343/29/TIA_Gain_Linearity/netlist
\o 
\o 
\o *Info*    Data Directory    =
\o           /home/hrahimi/projects/POTENTIOSTAT_26/Sim/Potentiostat_Top/top/maestro/results/maestro/Interactive.343/29/TIA_Gain_Linearity
\o 
\o Reusing AHDL Data dir
\o generate netlist...
\o function ansCdlCompPrim redefined
\o Ignoring netlist creation since ignoreDesignChangesDuringRun is set to true
\o       ...successful.
\o compose simulator input file...
\o       ...successful.
\o WARNING (ADE-3080): Fast viewing extensions for PSF XL format (also known as RTSF) will be discontinued  
\o        and Virtuoso Visualization and Analysis XL will not use RTSF data to plot waveforms from IC6.1.8 ISR7 onward. 
\o        There will be no performance impact on data visualization due to this change.
\o [2026-06-02 17:42:14.511 Z] [PROCESS] [cadence.virtuoso.ade.services.netlister] - Current memory used: 874.9062 MBytes, peak memory used: 874.9062 MBytes {"hostname": "il2244vt26_hrahimi", "processid": 2065497, "testname": "TIA_Gain_Linearity", "point": 29, "logfile": "/home/hrahimi/projects/POTENTIOSTAT_26/logs_hrahimi/logs0/Service211.log"}
\o [2026-06-02 17:42:14.513 Z] [INFO] [cadence.virtuoso.ade.services.netlister] - Finished netlisting {"point": 29, "testname": "TIA_Gain_Linearity"}
\o [2026-06-02 17:42:14.515 Z] [EVENT] [cadence.virtuoso.ade.services.netlister] - NewPoint {"point": 30, "testname": "TIA_Gain_Linearity", "event": "NewPoint", "EventSource": "Netlist Service", "HistoryName": "Interactive.343", "logFile": "/home/hrahimi/projects/POTENTIOSTAT_26/logs_hrahimi/logs0/Service211.log", "logFileSize": "303568"}
\o [2026-06-02 17:42:14.516 Z] [INFO] [cadence.virtuoso.ade.services.netlister] - Started netlisting {"point": 30, "testname": "TIA_Gain_Linearity"}
\o Resetting statistical vars
\o 
\o *Info*    Setting parameter values ...
\o 
\o Setting var temperature = "-40"
\o Setting temp(T) = -40
\o Setting var vdd = "2.97"
\o 
\o *Info*    Netlist Directory =
\o           /home/hrahimi/projects/POTENTIOSTAT_26/Sim/Potentiostat_Top/top/maestro/results/maestro/Interactive.343/30/TIA_Gain_Linearity/netlist
\o 
\o 
\o *Info*    Data Directory    =
\o           /home/hrahimi/projects/POTENTIOSTAT_26/Sim/Potentiostat_Top/top/maestro/results/maestro/Interactive.343/30/TIA_Gain_Linearity
\o 
\o Reusing AHDL Data dir
\o generate netlist...
\o function ansCdlCompPrim redefined
\o Ignoring netlist creation since ignoreDesignChangesDuringRun is set to true
\o       ...successful.
\o compose simulator input file...
\o       ...successful.
\o WARNING (ADE-3080): Fast viewing extensions for PSF XL format (also known as RTSF) will be discontinued  
\o        and Virtuoso Visualization and Analysis XL will not use RTSF data to plot waveforms from IC6.1.8 ISR7 onward. 
\o        There will be no performance impact on data visualization due to this change.
\o [2026-06-02 17:42:15.434 Z] [PROCESS] [cadence.virtuoso.ade.services.netlister] - Current memory used: 874.9062 MBytes, peak memory used: 874.9062 MBytes {"hostname": "il2244vt26_hrahimi", "processid": 2065497, "testname": "TIA_Gain_Linearity", "point": 30, "logfile": "/home/hrahimi/projects/POTENTIOSTAT_26/logs_hrahimi/logs0/Service211.log"}
\o [2026-06-02 17:42:15.435 Z] [INFO] [cadence.virtuoso.ade.services.netlister] - Finished netlisting {"point": 30, "testname": "TIA_Gain_Linearity"}
\o [2026-06-02 17:42:15.438 Z] [EVENT] [cadence.virtuoso.ade.services.netlister] - NewPoint {"point": 31, "testname": "TIA_Gain_Linearity", "event": "NewPoint", "EventSource": "Netlist Service", "HistoryName": "Interactive.343", "logFile": "/home/hrahimi/projects/POTENTIOSTAT_26/logs_hrahimi/logs0/Service211.log", "logFileSize": "305657"}
\o [2026-06-02 17:42:15.438 Z] [INFO] [cadence.virtuoso.ade.services.netlister] - Started netlisting {"point": 31, "testname": "TIA_Gain_Linearity"}
\o Resetting statistical vars
\o 
\o *Info*    Setting parameter values ...
\o 
\o Setting var temperature = "85"
\o Setting temp(T) = 85
\o 
\o *Info*    Netlist Directory =
\o           /home/hrahimi/projects/POTENTIOSTAT_26/Sim/Potentiostat_Top/top/maestro/results/maestro/Interactive.343/31/TIA_Gain_Linearity/netlist
\o 
\o 
\o *Info*    Data Directory    =
\o           /home/hrahimi/projects/POTENTIOSTAT_26/Sim/Potentiostat_Top/top/maestro/results/maestro/Interactive.343/31/TIA_Gain_Linearity
\o 
\o Reusing AHDL Data dir
\o generate netlist...
\o function ansCdlCompPrim redefined
\o Ignoring netlist creation since ignoreDesignChangesDuringRun is set to true
\o       ...successful.
\o compose simulator input file...
\o       ...successful.
\o WARNING (ADE-3080): Fast viewing extensions for PSF XL format (also known as RTSF) will be discontinued  
\o        and Virtuoso Visualization and Analysis XL will not use RTSF data to plot waveforms from IC6.1.8 ISR7 onward. 
\o        There will be no performance impact on data visualization due to this change.
\o [2026-06-02 17:42:16.748 Z] [PROCESS] [cadence.virtuoso.ade.services.netlister] - Current memory used: 874.9062 MBytes, peak memory used: 874.9062 MBytes {"hostname": "il2244vt26_hrahimi", "processid": 2065497, "testname": "TIA_Gain_Linearity", "point": 31, "logfile": "/home/hrahimi/projects/POTENTIOSTAT_26/logs_hrahimi/logs0/Service211.log"}
\o [2026-06-02 17:42:16.749 Z] [INFO] [cadence.virtuoso.ade.services.netlister] - Finished netlisting {"point": 31, "testname": "TIA_Gain_Linearity"}
\o [2026-06-02 17:42:16.753 Z] [EVENT] [cadence.virtuoso.ade.services.netlister] - NewPoint {"point": 32, "testname": "TIA_Gain_Linearity", "event": "NewPoint", "EventSource": "Netlist Service", "HistoryName": "Interactive.343", "logFile": "/home/hrahimi/projects/POTENTIOSTAT_26/logs_hrahimi/logs0/Service211.log", "logFileSize": "307716"}
\o [2026-06-02 17:42:16.754 Z] [INFO] [cadence.virtuoso.ade.services.netlister] - Started netlisting {"point": 32, "testname": "TIA_Gain_Linearity"}
\o Resetting statistical vars
\o 
\o *Info*    Setting parameter values ...
\o 
\o Setting var temperature = "-40"
\o Setting temp(T) = -40
\o Setting var vdd = "3.63"
\o 
\o *Info*    Netlist Directory =
\o           /home/hrahimi/projects/POTENTIOSTAT_26/Sim/Potentiostat_Top/top/maestro/results/maestro/Interactive.343/32/TIA_Gain_Linearity/netlist
\o 
\o 
\o *Info*    Data Directory    =
\o           /home/hrahimi/projects/POTENTIOSTAT_26/Sim/Potentiostat_Top/top/maestro/results/maestro/Interactive.343/32/TIA_Gain_Linearity
\o 
\o Reusing AHDL Data dir
\o generate netlist...
\o function ansCdlCompPrim redefined
\o Ignoring netlist creation since ignoreDesignChangesDuringRun is set to true
\o       ...successful.
\o compose simulator input file...
\o       ...successful.
\o WARNING (ADE-3080): Fast viewing extensions for PSF XL format (also known as RTSF) will be discontinued  
\o        and Virtuoso Visualization and Analysis XL will not use RTSF data to plot waveforms from IC6.1.8 ISR7 onward. 
\o        There will be no performance impact on data visualization due to this change.
\o [2026-06-02 17:42:17.687 Z] [PROCESS] [cadence.virtuoso.ade.services.netlister] - Current memory used: 874.9062 MBytes, peak memory used: 874.9062 MBytes {"hostname": "il2244vt26_hrahimi", "processid": 2065497, "testname": "TIA_Gain_Linearity", "point": 32, "logfile": "/home/hrahimi/projects/POTENTIOSTAT_26/logs_hrahimi/logs0/Service211.log"}
\o [2026-06-02 17:42:17.688 Z] [INFO] [cadence.virtuoso.ade.services.netlister] - Finished netlisting {"point": 32, "testname": "TIA_Gain_Linearity"}
\o [2026-06-02 17:42:17.690 Z] [EVENT] [cadence.virtuoso.ade.services.netlister] - NewPoint {"point": 33, "testname": "TIA_Gain_Linearity", "event": "NewPoint", "EventSource": "Netlist Service", "HistoryName": "Interactive.343", "logFile": "/home/hrahimi/projects/POTENTIOSTAT_26/logs_hrahimi/logs0/Service211.log", "logFileSize": "309805"}
\o [2026-06-02 17:42:17.691 Z] [INFO] [cadence.virtuoso.ade.services.netlister] - Started netlisting {"point": 33, "testname": "TIA_Gain_Linearity"}
\o Resetting statistical vars
\o 
\o *Info*    Setting parameter values ...
\o 
\o Setting var temperature = "85"
\o Setting temp(T) = 85
\o 
\o *Info*    Netlist Directory =
\o           /home/hrahimi/projects/POTENTIOSTAT_26/Sim/Potentiostat_Top/top/maestro/results/maestro/Interactive.343/33/TIA_Gain_Linearity/netlist
\o 
\o 
\o *Info*    Data Directory    =
\o           /home/hrahimi/projects/POTENTIOSTAT_26/Sim/Potentiostat_Top/top/maestro/results/maestro/Interactive.343/33/TIA_Gain_Linearity
\o 
\o Reusing AHDL Data dir
\o generate netlist...
\o function ansCdlCompPrim redefined
\o Ignoring netlist creation since ignoreDesignChangesDuringRun is set to true
\o       ...successful.
\o compose simulator input file...
\o       ...successful.
\o WARNING (ADE-3080): Fast viewing extensions for PSF XL format (also known as RTSF) will be discontinued  
\o        and Virtuoso Visualization and Analysis XL will not use RTSF data to plot waveforms from IC6.1.8 ISR7 onward. 
\o        There will be no performance impact on data visualization due to this change.
\o [2026-06-02 17:42:18.477 Z] [PROCESS] [cadence.virtuoso.ade.services.netlister] - Current memory used: 874.9062 MBytes, peak memory used: 874.9062 MBytes {"hostname": "il2244vt26_hrahimi", "processid": 2065497, "testname": "TIA_Gain_Linearity", "point": 33, "logfile": "/home/hrahimi/projects/POTENTIOSTAT_26/logs_hrahimi/logs0/Service211.log"}
\o [2026-06-02 17:42:18.478 Z] [INFO] [cadence.virtuoso.ade.services.netlister] - Finished netlisting {"point": 33, "testname": "TIA_Gain_Linearity"}
\o [2026-06-02 17:42:18.481 Z] [EVENT] [cadence.virtuoso.ade.services.netlister] - NewPoint {"point": 34, "testname": "TIA_Gain_Linearity", "event": "NewPoint", "EventSource": "Netlist Service", "HistoryName": "Interactive.343", "logFile": "/home/hrahimi/projects/POTENTIOSTAT_26/logs_hrahimi/logs0/Service211.log", "logFileSize": "311864"}
\o [2026-06-02 17:42:18.481 Z] [INFO] [cadence.virtuoso.ade.services.netlister] - Started netlisting {"point": 34, "testname": "TIA_Gain_Linearity"}
\o Resetting statistical vars
\o 
\o *Info*    Setting parameter values ...
\o 
\o Setting var temperature = "-40"
\o Setting temp(T) = -40
\o Setting var vdd = "2.97"
\o 
\o *Info*    Netlist Directory =
\o           /home/hrahimi/projects/POTENTIOSTAT_26/Sim/Potentiostat_Top/top/maestro/results/maestro/Interactive.343/34/TIA_Gain_Linearity/netlist
\o 
\o 
\o *Info*    Data Directory    =
\o           /home/hrahimi/projects/POTENTIOSTAT_26/Sim/Potentiostat_Top/top/maestro/results/maestro/Interactive.343/34/TIA_Gain_Linearity
\o 
\o Reusing AHDL Data dir
\o generate netlist...
\o function ansCdlCompPrim redefined
\o Ignoring netlist creation since ignoreDesignChangesDuringRun is set to true
\o       ...successful.
\o compose simulator input file...
\o       ...successful.
\o WARNING (ADE-3080): Fast viewing extensions for PSF XL format (also known as RTSF) will be discontinued  
\o        and Virtuoso Visualization and Analysis XL will not use RTSF data to plot waveforms from IC6.1.8 ISR7 onward. 
\o        There will be no performance impact on data visualization due to this change.
\o [2026-06-02 17:42:19.320 Z] [PROCESS] [cadence.virtuoso.ade.services.netlister] - Current memory used: 874.9062 MBytes, peak memory used: 874.9062 MBytes {"hostname": "il2244vt26_hrahimi", "processid": 2065497, "testname": "TIA_Gain_Linearity", "point": 34, "logfile": "/home/hrahimi/projects/POTENTIOSTAT_26/logs_hrahimi/logs0/Service211.log"}
\o [2026-06-02 17:42:19.321 Z] [INFO] [cadence.virtuoso.ade.services.netlister] - Finished netlisting {"point": 34, "testname": "TIA_Gain_Linearity"}
\o [2026-06-02 17:42:19.326 Z] [EVENT] [cadence.virtuoso.ade.services.netlister] - NewPoint {"point": 35, "testname": "TIA_Gain_Linearity", "event": "NewPoint", "EventSource": "Netlist Service", "HistoryName": "Interactive.343", "logFile": "/home/hrahimi/projects/POTENTIOSTAT_26/logs_hrahimi/logs0/Service211.log", "logFileSize": "313953"}
\o [2026-06-02 17:42:19.327 Z] [INFO] [cadence.virtuoso.ade.services.netlister] - Started netlisting {"point": 35, "testname": "TIA_Gain_Linearity"}
\o Resetting statistical vars
\o 
\o *Info*    Setting parameter values ...
\o 
\o Setting var temperature = "85"
\o Setting temp(T) = 85
\o 
\o *Info*    Netlist Directory =
\o           /home/hrahimi/projects/POTENTIOSTAT_26/Sim/Potentiostat_Top/top/maestro/results/maestro/Interactive.343/35/TIA_Gain_Linearity/netlist
\o 
\o 
\o *Info*    Data Directory    =
\o           /home/hrahimi/projects/POTENTIOSTAT_26/Sim/Potentiostat_Top/top/maestro/results/maestro/Interactive.343/35/TIA_Gain_Linearity
\o 
\o Reusing AHDL Data dir
\o generate netlist...
\o function ansCdlCompPrim redefined
\o Ignoring netlist creation since ignoreDesignChangesDuringRun is set to true
\o       ...successful.
\o compose simulator input file...
\o       ...successful.
\o WARNING (ADE-3080): Fast viewing extensions for PSF XL format (also known as RTSF) will be discontinued  
\o        and Virtuoso Visualization and Analysis XL will not use RTSF data to plot waveforms from IC6.1.8 ISR7 onward. 
\o        There will be no performance impact on data visualization due to this change.
\o [2026-06-02 17:42:20.142 Z] [PROCESS] [cadence.virtuoso.ade.services.netlister] - Current memory used: 874.9062 MBytes, peak memory used: 874.9062 MBytes {"hostname": "il2244vt26_hrahimi", "processid": 2065497, "testname": "TIA_Gain_Linearity", "point": 35, "logfile": "/home/hrahimi/projects/POTENTIOSTAT_26/logs_hrahimi/logs0/Service211.log"}
\o [2026-06-02 17:42:20.143 Z] [INFO] [cadence.virtuoso.ade.services.netlister] - Finished netlisting {"point": 35, "testname": "TIA_Gain_Linearity"}
\o [2026-06-02 17:42:20.147 Z] [EVENT] [cadence.virtuoso.ade.services.netlister] - NewPoint {"point": 36, "testname": "TIA_Gain_Linearity", "event": "NewPoint", "EventSource": "Netlist Service", "HistoryName": "Interactive.343", "logFile": "/home/hrahimi/projects/POTENTIOSTAT_26/logs_hrahimi/logs0/Service211.log", "logFileSize": "316012"}
\o [2026-06-02 17:42:20.147 Z] [INFO] [cadence.virtuoso.ade.services.netlister] - Started netlisting {"point": 36, "testname": "TIA_Gain_Linearity"}
\o Resetting statistical vars
\o 
\o *Info*    Setting parameter values ...
\o 
\o Setting var temperature = "-40"
\o Setting temp(T) = -40
\o Setting var vdd = "3.63"
\o 
\o *Info*    Netlist Directory =
\o           /home/hrahimi/projects/POTENTIOSTAT_26/Sim/Potentiostat_Top/top/maestro/results/maestro/Interactive.343/36/TIA_Gain_Linearity/netlist
\o 
\o 
\o *Info*    Data Directory    =
\o           /home/hrahimi/projects/POTENTIOSTAT_26/Sim/Potentiostat_Top/top/maestro/results/maestro/Interactive.343/36/TIA_Gain_Linearity
\o 
\o Reusing AHDL Data dir
\o generate netlist...
\o function ansCdlCompPrim redefined
\o Ignoring netlist creation since ignoreDesignChangesDuringRun is set to true
\o       ...successful.
\o compose simulator input file...
\o       ...successful.
\o WARNING (ADE-3080): Fast viewing extensions for PSF XL format (also known as RTSF) will be discontinued  
\o        and Virtuoso Visualization and Analysis XL will not use RTSF data to plot waveforms from IC6.1.8 ISR7 onward. 
\o        There will be no performance impact on data visualization due to this change.
\o [2026-06-02 17:42:20.981 Z] [PROCESS] [cadence.virtuoso.ade.services.netlister] - Current memory used: 874.9062 MBytes, peak memory used: 874.9062 MBytes {"hostname": "il2244vt26_hrahimi", "processid": 2065497, "testname": "TIA_Gain_Linearity", "point": 36, "logfile": "/home/hrahimi/projects/POTENTIOSTAT_26/logs_hrahimi/logs0/Service211.log"}
\o [2026-06-02 17:42:20.982 Z] [INFO] [cadence.virtuoso.ade.services.netlister] - Finished netlisting {"point": 36, "testname": "TIA_Gain_Linearity"}
\o [2026-06-02 17:42:20.985 Z] [EVENT] [cadence.virtuoso.ade.services.netlister] - NewPoint {"point": 37, "testname": "TIA_Gain_Linearity", "event": "NewPoint", "EventSource": "Netlist Service", "HistoryName": "Interactive.343", "logFile": "/home/hrahimi/projects/POTENTIOSTAT_26/logs_hrahimi/logs0/Service211.log", "logFileSize": "318101"}
\o [2026-06-02 17:42:20.985 Z] [INFO] [cadence.virtuoso.ade.services.netlister] - Started netlisting {"point": 37, "testname": "TIA_Gain_Linearity"}
\o Resetting statistical vars
\o 
\o *Info*    Setting parameter values ...
\o 
\o Setting var temperature = "85"
\o Setting temp(T) = 85
\o 
\o *Info*    Netlist Directory =
\o           /home/hrahimi/projects/POTENTIOSTAT_26/Sim/Potentiostat_Top/top/maestro/results/maestro/Interactive.343/37/TIA_Gain_Linearity/netlist
\o 
\o 
\o *Info*    Data Directory    =
\o           /home/hrahimi/projects/POTENTIOSTAT_26/Sim/Potentiostat_Top/top/maestro/results/maestro/Interactive.343/37/TIA_Gain_Linearity
\o 
\o Reusing AHDL Data dir
\o generate netlist...
\o function ansCdlCompPrim redefined
\o Ignoring netlist creation since ignoreDesignChangesDuringRun is set to true
\o       ...successful.
\o compose simulator input file...
\o       ...successful.
\o WARNING (ADE-3080): Fast viewing extensions for PSF XL format (also known as RTSF) will be discontinued  
\o        and Virtuoso Visualization and Analysis XL will not use RTSF data to plot waveforms from IC6.1.8 ISR7 onward. 
\o        There will be no performance impact on data visualization due to this change.
\o [2026-06-02 17:42:22.035 Z] [PROCESS] [cadence.virtuoso.ade.services.netlister] - Current memory used: 874.9062 MBytes, peak memory used: 874.9062 MBytes {"hostname": "il2244vt26_hrahimi", "processid": 2065497, "testname": "TIA_Gain_Linearity", "point": 37, "logfile": "/home/hrahimi/projects/POTENTIOSTAT_26/logs_hrahimi/logs0/Service211.log"}
\o [2026-06-02 17:42:22.036 Z] [INFO] [cadence.virtuoso.ade.services.netlister] - Finished netlisting {"point": 37, "testname": "TIA_Gain_Linearity"}
\o [2026-06-02 17:42:22.039 Z] [EVENT] [cadence.virtuoso.ade.services.netlister] - NewPoint {"point": 38, "testname": "TIA_Gain_Linearity", "event": "NewPoint", "EventSource": "Netlist Service", "HistoryName": "Interactive.343", "logFile": "/home/hrahimi/projects/POTENTIOSTAT_26/logs_hrahimi/logs0/Service211.log", "logFileSize": "320160"}
\o [2026-06-02 17:42:22.040 Z] [INFO] [cadence.virtuoso.ade.services.netlister] - Started netlisting {"point": 38, "testname": "TIA_Gain_Linearity"}
\o Resetting statistical vars
\o 
\o *Info*    Setting parameter values ...
\o 
\o Setting var temperature = "-40"
\o Setting temp(T) = -40
\o Setting var vdd = "2.97"
\o 
\o *Info*    Netlist Directory =
\o           /home/hrahimi/projects/POTENTIOSTAT_26/Sim/Potentiostat_Top/top/maestro/results/maestro/Interactive.343/38/TIA_Gain_Linearity/netlist
\o 
\o 
\o *Info*    Data Directory    =
\o           /home/hrahimi/projects/POTENTIOSTAT_26/Sim/Potentiostat_Top/top/maestro/results/maestro/Interactive.343/38/TIA_Gain_Linearity
\o 
\o Reusing AHDL Data dir
\o generate netlist...
\o function ansCdlCompPrim redefined
\o Ignoring netlist creation since ignoreDesignChangesDuringRun is set to true
\o       ...successful.
\o compose simulator input file...
\o       ...successful.
\o WARNING (ADE-3080): Fast viewing extensions for PSF XL format (also known as RTSF) will be discontinued  
\o        and Virtuoso Visualization and Analysis XL will not use RTSF data to plot waveforms from IC6.1.8 ISR7 onward. 
\o        There will be no performance impact on data visualization due to this change.
\o [2026-06-02 17:42:22.970 Z] [PROCESS] [cadence.virtuoso.ade.services.netlister] - Current memory used: 874.9102 MBytes, peak memory used: 874.9102 MBytes {"hostname": "il2244vt26_hrahimi", "processid": 2065497, "testname": "TIA_Gain_Linearity", "point": 38, "logfile": "/home/hrahimi/projects/POTENTIOSTAT_26/logs_hrahimi/logs0/Service211.log"}
\o [2026-06-02 17:42:22.974 Z] [INFO] [cadence.virtuoso.ade.services.netlister] - Finished netlisting {"point": 38, "testname": "TIA_Gain_Linearity"}
\o [2026-06-02 17:42:22.978 Z] [EVENT] [cadence.virtuoso.ade.services.netlister] - NewPoint {"point": 39, "testname": "TIA_Gain_Linearity", "event": "NewPoint", "EventSource": "Netlist Service", "HistoryName": "Interactive.343", "logFile": "/home/hrahimi/projects/POTENTIOSTAT_26/logs_hrahimi/logs0/Service211.log", "logFileSize": "322249"}
\o [2026-06-02 17:42:22.978 Z] [INFO] [cadence.virtuoso.ade.services.netlister] - Started netlisting {"point": 39, "testname": "TIA_Gain_Linearity"}
\o Resetting statistical vars
\o 
\o *Info*    Setting parameter values ...
\o 
\o Setting var temperature = "85"
\o Setting temp(T) = 85
\o 
\o *Info*    Netlist Directory =
\o           /home/hrahimi/projects/POTENTIOSTAT_26/Sim/Potentiostat_Top/top/maestro/results/maestro/Interactive.343/39/TIA_Gain_Linearity/netlist
\o 
\o 
\o *Info*    Data Directory    =
\o           /home/hrahimi/projects/POTENTIOSTAT_26/Sim/Potentiostat_Top/top/maestro/results/maestro/Interactive.343/39/TIA_Gain_Linearity
\o 
\o Reusing AHDL Data dir
\o generate netlist...
\o function ansCdlCompPrim redefined
\o Ignoring netlist creation since ignoreDesignChangesDuringRun is set to true
\o       ...successful.
\o compose simulator input file...
\o       ...successful.
\o WARNING (ADE-3080): Fast viewing extensions for PSF XL format (also known as RTSF) will be discontinued  
\o        and Virtuoso Visualization and Analysis XL will not use RTSF data to plot waveforms from IC6.1.8 ISR7 onward. 
\o        There will be no performance impact on data visualization due to this change.
\o [2026-06-02 17:42:23.746 Z] [PROCESS] [cadence.virtuoso.ade.services.netlister] - Current memory used: 874.9102 MBytes, peak memory used: 874.9102 MBytes {"hostname": "il2244vt26_hrahimi", "processid": 2065497, "testname": "TIA_Gain_Linearity", "point": 39, "logfile": "/home/hrahimi/projects/POTENTIOSTAT_26/logs_hrahimi/logs0/Service211.log"}
\o [2026-06-02 17:42:23.747 Z] [INFO] [cadence.virtuoso.ade.services.netlister] - Finished netlisting {"point": 39, "testname": "TIA_Gain_Linearity"}
\o [2026-06-02 17:42:23.749 Z] [EVENT] [cadence.virtuoso.ade.services.netlister] - NewPoint {"point": 40, "testname": "TIA_Gain_Linearity", "event": "NewPoint", "EventSource": "Netlist Service", "HistoryName": "Interactive.343", "logFile": "/home/hrahimi/projects/POTENTIOSTAT_26/logs_hrahimi/logs0/Service211.log", "logFileSize": "324308"}
\o [2026-06-02 17:42:23.750 Z] [INFO] [cadence.virtuoso.ade.services.netlister] - Started netlisting {"point": 40, "testname": "TIA_Gain_Linearity"}
\o Resetting statistical vars
\o 
\o *Info*    Setting parameter values ...
\o 
\o Setting var temperature = "-40"
\o Setting temp(T) = -40
\o Setting var vdd = "3.63"
\o 
\o *Info*    Netlist Directory =
\o           /home/hrahimi/projects/POTENTIOSTAT_26/Sim/Potentiostat_Top/top/maestro/results/maestro/Interactive.343/40/TIA_Gain_Linearity/netlist
\o 
\o 
\o *Info*    Data Directory    =
\o           /home/hrahimi/projects/POTENTIOSTAT_26/Sim/Potentiostat_Top/top/maestro/results/maestro/Interactive.343/40/TIA_Gain_Linearity
\o 
\o Reusing AHDL Data dir
\o generate netlist...
\o function ansCdlCompPrim redefined
\o Ignoring netlist creation since ignoreDesignChangesDuringRun is set to true
\o       ...successful.
\o compose simulator input file...
\o       ...successful.
\o WARNING (ADE-3080): Fast viewing extensions for PSF XL format (also known as RTSF) will be discontinued  
\o        and Virtuoso Visualization and Analysis XL will not use RTSF data to plot waveforms from IC6.1.8 ISR7 onward. 
\o        There will be no performance impact on data visualization due to this change.
\o [2026-06-02 17:42:24.445 Z] [PROCESS] [cadence.virtuoso.ade.services.netlister] - Current memory used: 874.9102 MBytes, peak memory used: 874.9102 MBytes {"hostname": "il2244vt26_hrahimi", "processid": 2065497, "testname": "TIA_Gain_Linearity", "point": 40, "logfile": "/home/hrahimi/projects/POTENTIOSTAT_26/logs_hrahimi/logs0/Service211.log"}
\o [2026-06-02 17:42:24.446 Z] [INFO] [cadence.virtuoso.ade.services.netlister] - Finished netlisting {"point": 40, "testname": "TIA_Gain_Linearity"}
\o [2026-06-02 17:42:24.453 Z] [EVENT] [cadence.virtuoso.ade.services.netlister] - NewPoint {"point": 41, "testname": "TIA_Gain_Linearity", "event": "NewPoint", "EventSource": "Netlist Service", "HistoryName": "Interactive.343", "logFile": "/home/hrahimi/projects/POTENTIOSTAT_26/logs_hrahimi/logs0/Service211.log", "logFileSize": "326397"}
\o [2026-06-02 17:42:24.453 Z] [INFO] [cadence.virtuoso.ade.services.netlister] - Started netlisting {"point": 41, "testname": "TIA_Gain_Linearity"}
\o Resetting statistical vars
\o 
\o *Info*    Setting parameter values ...
\o 
\o Setting var temperature = "85"
\o Setting temp(T) = 85
\o 
\o *Info*    Netlist Directory =
\o           /home/hrahimi/projects/POTENTIOSTAT_26/Sim/Potentiostat_Top/top/maestro/results/maestro/Interactive.343/41/TIA_Gain_Linearity/netlist
\o 
\o 
\o *Info*    Data Directory    =
\o           /home/hrahimi/projects/POTENTIOSTAT_26/Sim/Potentiostat_Top/top/maestro/results/maestro/Interactive.343/41/TIA_Gain_Linearity
\o 
\o Reusing AHDL Data dir
\o generate netlist...
\o function ansCdlCompPrim redefined
\o Ignoring netlist creation since ignoreDesignChangesDuringRun is set to true
\o       ...successful.
\o compose simulator input file...
\o       ...successful.
\o WARNING (ADE-3080): Fast viewing extensions for PSF XL format (also known as RTSF) will be discontinued  
\o        and Virtuoso Visualization and Analysis XL will not use RTSF data to plot waveforms from IC6.1.8 ISR7 onward. 
\o        There will be no performance impact on data visualization due to this change.
\o [2026-06-02 17:42:25.360 Z] [PROCESS] [cadence.virtuoso.ade.services.netlister] - Current memory used: 874.9102 MBytes, peak memory used: 874.9102 MBytes {"hostname": "il2244vt26_hrahimi", "processid": 2065497, "testname": "TIA_Gain_Linearity", "point": 41, "logfile": "/home/hrahimi/projects/POTENTIOSTAT_26/logs_hrahimi/logs0/Service211.log"}
\o [2026-06-02 17:42:25.361 Z] [INFO] [cadence.virtuoso.ade.services.netlister] - Finished netlisting {"point": 41, "testname": "TIA_Gain_Linearity"}
\o [2026-06-02 17:42:25.363 Z] [EVENT] [cadence.virtuoso.ade.services.netlister] - NewPoint {"point": 42, "testname": "TIA_Gain_Linearity", "event": "NewPoint", "EventSource": "Netlist Service", "HistoryName": "Interactive.343", "logFile": "/home/hrahimi/projects/POTENTIOSTAT_26/logs_hrahimi/logs0/Service211.log", "logFileSize": "328456"}
\o [2026-06-02 17:42:25.364 Z] [INFO] [cadence.virtuoso.ade.services.netlister] - Started netlisting {"point": 42, "testname": "TIA_Gain_Linearity"}
\o Resetting statistical vars
\o 
\o *Info*    Setting parameter values ...
\o 
\o Setting var temperature = "-40"
\o Setting temp(T) = -40
\o Setting var vdd = "2.97"
\o 
\o *Info*    Netlist Directory =
\o           /home/hrahimi/projects/POTENTIOSTAT_26/Sim/Potentiostat_Top/top/maestro/results/maestro/Interactive.343/42/TIA_Gain_Linearity/netlist
\o 
\o 
\o *Info*    Data Directory    =
\o           /home/hrahimi/projects/POTENTIOSTAT_26/Sim/Potentiostat_Top/top/maestro/results/maestro/Interactive.343/42/TIA_Gain_Linearity
\o 
\o Reusing AHDL Data dir
\o generate netlist...
\o function ansCdlCompPrim redefined
\o Ignoring netlist creation since ignoreDesignChangesDuringRun is set to true
\o       ...successful.
\o compose simulator input file...
\o       ...successful.
\o WARNING (ADE-3080): Fast viewing extensions for PSF XL format (also known as RTSF) will be discontinued  
\o        and Virtuoso Visualization and Analysis XL will not use RTSF data to plot waveforms from IC6.1.8 ISR7 onward. 
\o        There will be no performance impact on data visualization due to this change.
\o [2026-06-02 17:42:26.048 Z] [PROCESS] [cadence.virtuoso.ade.services.netlister] - Current memory used: 874.9141 MBytes, peak memory used: 874.9141 MBytes {"hostname": "il2244vt26_hrahimi", "processid": 2065497, "testname": "TIA_Gain_Linearity", "point": 42, "logfile": "/home/hrahimi/projects/POTENTIOSTAT_26/logs_hrahimi/logs0/Service211.log"}
\o [2026-06-02 17:42:26.049 Z] [INFO] [cadence.virtuoso.ade.services.netlister] - Finished netlisting {"point": 42, "testname": "TIA_Gain_Linearity"}
\o [2026-06-02 17:42:26.052 Z] [EVENT] [cadence.virtuoso.ade.services.netlister] - NewPoint {"point": 43, "testname": "TIA_Gain_Linearity", "event": "NewPoint", "EventSource": "Netlist Service", "HistoryName": "Interactive.343", "logFile": "/home/hrahimi/projects/POTENTIOSTAT_26/logs_hrahimi/logs0/Service211.log", "logFileSize": "330545"}
\o [2026-06-02 17:42:26.052 Z] [INFO] [cadence.virtuoso.ade.services.netlister] - Started netlisting {"point": 43, "testname": "TIA_Gain_Linearity"}
\o Resetting statistical vars
\o 
\o *Info*    Setting parameter values ...
\o 
\o Setting var temperature = "85"
\o Setting temp(T) = 85
\o 
\o *Info*    Netlist Directory =
\o           /home/hrahimi/projects/POTENTIOSTAT_26/Sim/Potentiostat_Top/top/maestro/results/maestro/Interactive.343/43/TIA_Gain_Linearity/netlist
\o 
\o 
\o *Info*    Data Directory    =
\o           /home/hrahimi/projects/POTENTIOSTAT_26/Sim/Potentiostat_Top/top/maestro/results/maestro/Interactive.343/43/TIA_Gain_Linearity
\o 
\o Reusing AHDL Data dir
\o generate netlist...
\o function ansCdlCompPrim redefined
\o Ignoring netlist creation since ignoreDesignChangesDuringRun is set to true
\o       ...successful.
\o compose simulator input file...
\o       ...successful.
\o WARNING (ADE-3080): Fast viewing extensions for PSF XL format (also known as RTSF) will be discontinued  
\o        and Virtuoso Visualization and Analysis XL will not use RTSF data to plot waveforms from IC6.1.8 ISR7 onward. 
\o        There will be no performance impact on data visualization due to this change.
\o [2026-06-02 17:42:26.762 Z] [PROCESS] [cadence.virtuoso.ade.services.netlister] - Current memory used: 874.9141 MBytes, peak memory used: 874.9141 MBytes {"hostname": "il2244vt26_hrahimi", "processid": 2065497, "testname": "TIA_Gain_Linearity", "point": 43, "logfile": "/home/hrahimi/projects/POTENTIOSTAT_26/logs_hrahimi/logs0/Service211.log"}
\o [2026-06-02 17:42:26.763 Z] [INFO] [cadence.virtuoso.ade.services.netlister] - Finished netlisting {"point": 43, "testname": "TIA_Gain_Linearity"}
\o [2026-06-02 17:42:26.765 Z] [EVENT] [cadence.virtuoso.ade.services.netlister] - NewPoint {"point": 44, "testname": "TIA_Gain_Linearity", "event": "NewPoint", "EventSource": "Netlist Service", "HistoryName": "Interactive.343", "logFile": "/home/hrahimi/projects/POTENTIOSTAT_26/logs_hrahimi/logs0/Service211.log", "logFileSize": "332604"}
\o [2026-06-02 17:42:26.766 Z] [INFO] [cadence.virtuoso.ade.services.netlister] - Started netlisting {"point": 44, "testname": "TIA_Gain_Linearity"}
\o Resetting statistical vars
\o 
\o *Info*    Setting parameter values ...
\o 
\o Setting var temperature = "-40"
\o Setting temp(T) = -40
\o Setting var vdd = "3.63"
\o 
\o *Info*    Netlist Directory =
\o           /home/hrahimi/projects/POTENTIOSTAT_26/Sim/Potentiostat_Top/top/maestro/results/maestro/Interactive.343/44/TIA_Gain_Linearity/netlist
\o 
\o 
\o *Info*    Data Directory    =
\o           /home/hrahimi/projects/POTENTIOSTAT_26/Sim/Potentiostat_Top/top/maestro/results/maestro/Interactive.343/44/TIA_Gain_Linearity
\o 
\o Reusing AHDL Data dir
\o generate netlist...
\o function ansCdlCompPrim redefined
\o Ignoring netlist creation since ignoreDesignChangesDuringRun is set to true
\o       ...successful.
\o compose simulator input file...
\o       ...successful.
\o WARNING (ADE-3080): Fast viewing extensions for PSF XL format (also known as RTSF) will be discontinued  
\o        and Virtuoso Visualization and Analysis XL will not use RTSF data to plot waveforms from IC6.1.8 ISR7 onward. 
\o        There will be no performance impact on data visualization due to this change.
\o [2026-06-02 17:42:27.465 Z] [PROCESS] [cadence.virtuoso.ade.services.netlister] - Current memory used: 874.9141 MBytes, peak memory used: 874.9141 MBytes {"hostname": "il2244vt26_hrahimi", "processid": 2065497, "testname": "TIA_Gain_Linearity", "point": 44, "logfile": "/home/hrahimi/projects/POTENTIOSTAT_26/logs_hrahimi/logs0/Service211.log"}
\o [2026-06-02 17:42:27.466 Z] [INFO] [cadence.virtuoso.ade.services.netlister] - Finished netlisting {"point": 44, "testname": "TIA_Gain_Linearity"}
\o [2026-06-02 17:42:27.468 Z] [EVENT] [cadence.virtuoso.ade.services.netlister] - NewPoint {"point": 45, "testname": "TIA_Gain_Linearity", "event": "NewPoint", "EventSource": "Netlist Service", "HistoryName": "Interactive.343", "logFile": "/home/hrahimi/projects/POTENTIOSTAT_26/logs_hrahimi/logs0/Service211.log", "logFileSize": "334693"}
\o [2026-06-02 17:42:27.469 Z] [INFO] [cadence.virtuoso.ade.services.netlister] - Started netlisting {"point": 45, "testname": "TIA_Gain_Linearity"}
\o Resetting statistical vars
\o 
\o *Info*    Setting parameter values ...
\o 
\o Setting var temperature = "85"
\o Setting temp(T) = 85
\o 
\o *Info*    Netlist Directory =
\o           /home/hrahimi/projects/POTENTIOSTAT_26/Sim/Potentiostat_Top/top/maestro/results/maestro/Interactive.343/45/TIA_Gain_Linearity/netlist
\o 
\o 
\o *Info*    Data Directory    =
\o           /home/hrahimi/projects/POTENTIOSTAT_26/Sim/Potentiostat_Top/top/maestro/results/maestro/Interactive.343/45/TIA_Gain_Linearity
\o 
\o Reusing AHDL Data dir
\o generate netlist...
\o function ansCdlCompPrim redefined
\o Ignoring netlist creation since ignoreDesignChangesDuringRun is set to true
\o       ...successful.
\o compose simulator input file...
\o       ...successful.
\o WARNING (ADE-3080): Fast viewing extensions for PSF XL format (also known as RTSF) will be discontinued  
\o        and Virtuoso Visualization and Analysis XL will not use RTSF data to plot waveforms from IC6.1.8 ISR7 onward. 
\o        There will be no performance impact on data visualization due to this change.
\o [2026-06-02 17:42:28.194 Z] [PROCESS] [cadence.virtuoso.ade.services.netlister] - Current memory used: 874.9141 MBytes, peak memory used: 874.9141 MBytes {"hostname": "il2244vt26_hrahimi", "processid": 2065497, "testname": "TIA_Gain_Linearity", "point": 45, "logfile": "/home/hrahimi/projects/POTENTIOSTAT_26/logs_hrahimi/logs0/Service211.log"}
\o [2026-06-02 17:42:28.195 Z] [INFO] [cadence.virtuoso.ade.services.netlister] - Finished netlisting {"point": 45, "testname": "TIA_Gain_Linearity"}
\o [2026-06-02 17:42:28.197 Z] [EVENT] [cadence.virtuoso.ade.services.netlister] - NewPoint {"point": 46, "testname": "TIA_Gain_Linearity", "event": "NewPoint", "EventSource": "Netlist Service", "HistoryName": "Interactive.343", "logFile": "/home/hrahimi/projects/POTENTIOSTAT_26/logs_hrahimi/logs0/Service211.log", "logFileSize": "336752"}
\o [2026-06-02 17:42:28.198 Z] [INFO] [cadence.virtuoso.ade.services.netlister] - Started netlisting {"point": 46, "testname": "TIA_Gain_Linearity"}
\o Resetting statistical vars
\o 
\o *Info*    Setting parameter values ...
\o 
\o Setting var temperature = "-40"
\o Setting temp(T) = -40
\o Setting var vdd = "2.97"
\o 
\o *Info*    Netlist Directory =
\o           /home/hrahimi/projects/POTENTIOSTAT_26/Sim/Potentiostat_Top/top/maestro/results/maestro/Interactive.343/46/TIA_Gain_Linearity/netlist
\o 
\o 
\o *Info*    Data Directory    =
\o           /home/hrahimi/projects/POTENTIOSTAT_26/Sim/Potentiostat_Top/top/maestro/results/maestro/Interactive.343/46/TIA_Gain_Linearity
\o 
\o Reusing AHDL Data dir
\o generate netlist...
\o function ansCdlCompPrim redefined
\o Ignoring netlist creation since ignoreDesignChangesDuringRun is set to true
\o       ...successful.
\o compose simulator input file...
\o       ...successful.
\o WARNING (ADE-3080): Fast viewing extensions for PSF XL format (also known as RTSF) will be discontinued  
\o        and Virtuoso Visualization and Analysis XL will not use RTSF data to plot waveforms from IC6.1.8 ISR7 onward. 
\o        There will be no performance impact on data visualization due to this change.
\o [2026-06-02 17:42:28.949 Z] [PROCESS] [cadence.virtuoso.ade.services.netlister] - Current memory used: 874.9141 MBytes, peak memory used: 874.9141 MBytes {"hostname": "il2244vt26_hrahimi", "processid": 2065497, "testname": "TIA_Gain_Linearity", "point": 46, "logfile": "/home/hrahimi/projects/POTENTIOSTAT_26/logs_hrahimi/logs0/Service211.log"}
\o [2026-06-02 17:42:28.951 Z] [INFO] [cadence.virtuoso.ade.services.netlister] - Finished netlisting {"point": 46, "testname": "TIA_Gain_Linearity"}
\o [2026-06-02 17:42:28.954 Z] [EVENT] [cadence.virtuoso.ade.services.netlister] - NewPoint {"point": 47, "testname": "TIA_Gain_Linearity", "event": "NewPoint", "EventSource": "Netlist Service", "HistoryName": "Interactive.343", "logFile": "/home/hrahimi/projects/POTENTIOSTAT_26/logs_hrahimi/logs0/Service211.log", "logFileSize": "338841"}
\o [2026-06-02 17:42:28.955 Z] [INFO] [cadence.virtuoso.ade.services.netlister] - Started netlisting {"point": 47, "testname": "TIA_Gain_Linearity"}
\o Resetting statistical vars
\o 
\o *Info*    Setting parameter values ...
\o 
\o Setting var temperature = "85"
\o Setting temp(T) = 85
\o 
\o *Info*    Netlist Directory =
\o           /home/hrahimi/projects/POTENTIOSTAT_26/Sim/Potentiostat_Top/top/maestro/results/maestro/Interactive.343/47/TIA_Gain_Linearity/netlist
\o 
\o 
\o *Info*    Data Directory    =
\o           /home/hrahimi/projects/POTENTIOSTAT_26/Sim/Potentiostat_Top/top/maestro/results/maestro/Interactive.343/47/TIA_Gain_Linearity
\o 
\o Reusing AHDL Data dir
\o generate netlist...
\o function ansCdlCompPrim redefined
\o Ignoring netlist creation since ignoreDesignChangesDuringRun is set to true
\o       ...successful.
\o compose simulator input file...
\o       ...successful.
\o WARNING (ADE-3080): Fast viewing extensions for PSF XL format (also known as RTSF) will be discontinued  
\o        and Virtuoso Visualization and Analysis XL will not use RTSF data to plot waveforms from IC6.1.8 ISR7 onward. 
\o        There will be no performance impact on data visualization due to this change.
\o [2026-06-02 17:42:29.739 Z] [PROCESS] [cadence.virtuoso.ade.services.netlister] - Current memory used: 874.9141 MBytes, peak memory used: 874.9141 MBytes {"hostname": "il2244vt26_hrahimi", "processid": 2065497, "testname": "TIA_Gain_Linearity", "point": 47, "logfile": "/home/hrahimi/projects/POTENTIOSTAT_26/logs_hrahimi/logs0/Service211.log"}
\o [2026-06-02 17:42:29.740 Z] [INFO] [cadence.virtuoso.ade.services.netlister] - Finished netlisting {"point": 47, "testname": "TIA_Gain_Linearity"}
\o [2026-06-02 17:42:29.743 Z] [EVENT] [cadence.virtuoso.ade.services.netlister] - NewPoint {"point": 48, "testname": "TIA_Gain_Linearity", "event": "NewPoint", "EventSource": "Netlist Service", "HistoryName": "Interactive.343", "logFile": "/home/hrahimi/projects/POTENTIOSTAT_26/logs_hrahimi/logs0/Service211.log", "logFileSize": "340900"}
\o [2026-06-02 17:42:29.744 Z] [INFO] [cadence.virtuoso.ade.services.netlister] - Started netlisting {"point": 48, "testname": "TIA_Gain_Linearity"}
\o Resetting statistical vars
\o 
\o *Info*    Setting parameter values ...
\o 
\o Setting var temperature = "-40"
\o Setting temp(T) = -40
\o Setting var vdd = "3.63"
\o 
\o *Info*    Netlist Directory =
\o           /home/hrahimi/projects/POTENTIOSTAT_26/Sim/Potentiostat_Top/top/maestro/results/maestro/Interactive.343/48/TIA_Gain_Linearity/netlist
\o 
\o 
\o *Info*    Data Directory    =
\o           /home/hrahimi/projects/POTENTIOSTAT_26/Sim/Potentiostat_Top/top/maestro/results/maestro/Interactive.343/48/TIA_Gain_Linearity
\o 
\o Reusing AHDL Data dir
\o generate netlist...
\o function ansCdlCompPrim redefined
\o Ignoring netlist creation since ignoreDesignChangesDuringRun is set to true
\o       ...successful.
\o compose simulator input file...
\o       ...successful.
\o WARNING (ADE-3080): Fast viewing extensions for PSF XL format (also known as RTSF) will be discontinued  
\o        and Virtuoso Visualization and Analysis XL will not use RTSF data to plot waveforms from IC6.1.8 ISR7 onward. 
\o        There will be no performance impact on data visualization due to this change.
\o [2026-06-02 17:42:30.686 Z] [PROCESS] [cadence.virtuoso.ade.services.netlister] - Current memory used: 874.9141 MBytes, peak memory used: 874.9141 MBytes {"hostname": "il2244vt26_hrahimi", "processid": 2065497, "testname": "TIA_Gain_Linearity", "point": 48, "logfile": "/home/hrahimi/projects/POTENTIOSTAT_26/logs_hrahimi/logs0/Service211.log"}
\o [2026-06-02 17:42:30.687 Z] [INFO] [cadence.virtuoso.ade.services.netlister] - Finished netlisting {"point": 48, "testname": "TIA_Gain_Linearity"}
\o [2026-06-02 17:42:30.691 Z] [EVENT] [cadence.virtuoso.ade.services.netlister] - NewPoint {"point": 49, "testname": "TIA_Gain_Linearity", "event": "NewPoint", "EventSource": "Netlist Service", "HistoryName": "Interactive.343", "logFile": "/home/hrahimi/projects/POTENTIOSTAT_26/logs_hrahimi/logs0/Service211.log", "logFileSize": "342989"}
\o [2026-06-02 17:42:30.692 Z] [INFO] [cadence.virtuoso.ade.services.netlister] - Started netlisting {"point": 49, "testname": "TIA_Gain_Linearity"}
\o Resetting statistical vars
\o 
\o *Info*    Setting parameter values ...
\o 
\o Setting var temperature = "85"
\o Setting temp(T) = 85
\o 
\o *Info*    Netlist Directory =
\o           /home/hrahimi/projects/POTENTIOSTAT_26/Sim/Potentiostat_Top/top/maestro/results/maestro/Interactive.343/49/TIA_Gain_Linearity/netlist
\o 
\o 
\o *Info*    Data Directory    =
\o           /home/hrahimi/projects/POTENTIOSTAT_26/Sim/Potentiostat_Top/top/maestro/results/maestro/Interactive.343/49/TIA_Gain_Linearity
\o 
\o Reusing AHDL Data dir
\o generate netlist...
\o function ansCdlCompPrim redefined
\o Ignoring netlist creation since ignoreDesignChangesDuringRun is set to true
\o       ...successful.
\o compose simulator input file...
\o       ...successful.
\o WARNING (ADE-3080): Fast viewing extensions for PSF XL format (also known as RTSF) will be discontinued  
\o        and Virtuoso Visualization and Analysis XL will not use RTSF data to plot waveforms from IC6.1.8 ISR7 onward. 
\o        There will be no performance impact on data visualization due to this change.
\o [2026-06-02 17:42:31.708 Z] [PROCESS] [cadence.virtuoso.ade.services.netlister] - Current memory used: 874.9141 MBytes, peak memory used: 874.9141 MBytes {"hostname": "il2244vt26_hrahimi", "processid": 2065497, "testname": "TIA_Gain_Linearity", "point": 49, "logfile": "/home/hrahimi/projects/POTENTIOSTAT_26/logs_hrahimi/logs0/Service211.log"}
\o [2026-06-02 17:42:31.709 Z] [INFO] [cadence.virtuoso.ade.services.netlister] - Finished netlisting {"point": 49, "testname": "TIA_Gain_Linearity"}
\o [2026-06-02 17:42:31.712 Z] [EVENT] [cadence.virtuoso.ade.services.netlister] - NewPoint {"point": 50, "testname": "TIA_Gain_Linearity", "event": "NewPoint", "EventSource": "Netlist Service", "HistoryName": "Interactive.343", "logFile": "/home/hrahimi/projects/POTENTIOSTAT_26/logs_hrahimi/logs0/Service211.log", "logFileSize": "345048"}
\o [2026-06-02 17:42:31.712 Z] [INFO] [cadence.virtuoso.ade.services.netlister] - Started netlisting {"point": 50, "testname": "TIA_Gain_Linearity"}
\o Resetting statistical vars
\o 
\o *Info*    Setting parameter values ...
\o 
\o Setting var temperature = "-40"
\o Setting temp(T) = -40
\o Setting var vdd = "2.97"
\o 
\o *Info*    Netlist Directory =
\o           /home/hrahimi/projects/POTENTIOSTAT_26/Sim/Potentiostat_Top/top/maestro/results/maestro/Interactive.343/50/TIA_Gain_Linearity/netlist
\o 
\o 
\o *Info*    Data Directory    =
\o           /home/hrahimi/projects/POTENTIOSTAT_26/Sim/Potentiostat_Top/top/maestro/results/maestro/Interactive.343/50/TIA_Gain_Linearity
\o 
\o Reusing AHDL Data dir
\o generate netlist...
\o function ansCdlCompPrim redefined
\o Ignoring netlist creation since ignoreDesignChangesDuringRun is set to true
\o       ...successful.
\o compose simulator input file...
\o       ...successful.
\o WARNING (ADE-3080): Fast viewing extensions for PSF XL format (also known as RTSF) will be discontinued  
\o        and Virtuoso Visualization and Analysis XL will not use RTSF data to plot waveforms from IC6.1.8 ISR7 onward. 
\o        There will be no performance impact on data visualization due to this change.
\o [2026-06-02 17:42:32.715 Z] [PROCESS] [cadence.virtuoso.ade.services.netlister] - Current memory used: 874.9141 MBytes, peak memory used: 874.9141 MBytes {"hostname": "il2244vt26_hrahimi", "processid": 2065497, "testname": "TIA_Gain_Linearity", "point": 50, "logfile": "/home/hrahimi/projects/POTENTIOSTAT_26/logs_hrahimi/logs0/Service211.log"}
\o [2026-06-02 17:42:32.716 Z] [INFO] [cadence.virtuoso.ade.services.netlister] - Finished netlisting {"point": 50, "testname": "TIA_Gain_Linearity"}
\o [2026-06-02 17:42:32.719 Z] [EVENT] [cadence.virtuoso.ade.services.netlister] - NewPoint {"point": 51, "testname": "TIA_Gain_Linearity", "event": "NewPoint", "EventSource": "Netlist Service", "HistoryName": "Interactive.343", "logFile": "/home/hrahimi/projects/POTENTIOSTAT_26/logs_hrahimi/logs0/Service211.log", "logFileSize": "347137"}
\o [2026-06-02 17:42:32.719 Z] [INFO] [cadence.virtuoso.ade.services.netlister] - Started netlisting {"point": 51, "testname": "TIA_Gain_Linearity"}
\o Resetting statistical vars
\o 
\o *Info*    Setting parameter values ...
\o 
\o Setting var temperature = "85"
\o Setting temp(T) = 85
\o 
\o *Info*    Netlist Directory =
\o           /home/hrahimi/projects/POTENTIOSTAT_26/Sim/Potentiostat_Top/top/maestro/results/maestro/Interactive.343/51/TIA_Gain_Linearity/netlist
\o 
\o 
\o *Info*    Data Directory    =
\o           /home/hrahimi/projects/POTENTIOSTAT_26/Sim/Potentiostat_Top/top/maestro/results/maestro/Interactive.343/51/TIA_Gain_Linearity
\o 
\o Reusing AHDL Data dir
\o generate netlist...
\o function ansCdlCompPrim redefined
\o Ignoring netlist creation since ignoreDesignChangesDuringRun is set to true
\o       ...successful.
\o compose simulator input file...
\o       ...successful.
\o WARNING (ADE-3080): Fast viewing extensions for PSF XL format (also known as RTSF) will be discontinued  
\o        and Virtuoso Visualization and Analysis XL will not use RTSF data to plot waveforms from IC6.1.8 ISR7 onward. 
\o        There will be no performance impact on data visualization due to this change.
\o [2026-06-02 17:42:33.690 Z] [PROCESS] [cadence.virtuoso.ade.services.netlister] - Current memory used: 874.9141 MBytes, peak memory used: 874.9141 MBytes {"hostname": "il2244vt26_hrahimi", "processid": 2065497, "testname": "TIA_Gain_Linearity", "point": 51, "logfile": "/home/hrahimi/projects/POTENTIOSTAT_26/logs_hrahimi/logs0/Service211.log"}
\o [2026-06-02 17:42:33.691 Z] [INFO] [cadence.virtuoso.ade.services.netlister] - Finished netlisting {"point": 51, "testname": "TIA_Gain_Linearity"}
\o [2026-06-02 17:42:33.694 Z] [EVENT] [cadence.virtuoso.ade.services.netlister] - NewPoint {"point": 52, "testname": "TIA_Gain_Linearity", "event": "NewPoint", "EventSource": "Netlist Service", "HistoryName": "Interactive.343", "logFile": "/home/hrahimi/projects/POTENTIOSTAT_26/logs_hrahimi/logs0/Service211.log", "logFileSize": "349196"}
\o [2026-06-02 17:42:33.694 Z] [INFO] [cadence.virtuoso.ade.services.netlister] - Started netlisting {"point": 52, "testname": "TIA_Gain_Linearity"}
\o Resetting statistical vars
\o 
\o *Info*    Setting parameter values ...
\o 
\o Setting var temperature = "-40"
\o Setting temp(T) = -40
\o Setting var vdd = "3.63"
\o 
\o *Info*    Netlist Directory =
\o           /home/hrahimi/projects/POTENTIOSTAT_26/Sim/Potentiostat_Top/top/maestro/results/maestro/Interactive.343/52/TIA_Gain_Linearity/netlist
\o 
\o 
\o *Info*    Data Directory    =
\o           /home/hrahimi/projects/POTENTIOSTAT_26/Sim/Potentiostat_Top/top/maestro/results/maestro/Interactive.343/52/TIA_Gain_Linearity
\o 
\o Reusing AHDL Data dir
\o generate netlist...
\o function ansCdlCompPrim redefined
\o Ignoring netlist creation since ignoreDesignChangesDuringRun is set to true
\o       ...successful.
\o compose simulator input file...
\o       ...successful.
\o WARNING (ADE-3080): Fast viewing extensions for PSF XL format (also known as RTSF) will be discontinued  
\o        and Virtuoso Visualization and Analysis XL will not use RTSF data to plot waveforms from IC6.1.8 ISR7 onward. 
\o        There will be no performance impact on data visualization due to this change.
\o [2026-06-02 17:42:34.839 Z] [PROCESS] [cadence.virtuoso.ade.services.netlister] - Current memory used: 874.9141 MBytes, peak memory used: 874.9141 MBytes {"hostname": "il2244vt26_hrahimi", "processid": 2065497, "testname": "TIA_Gain_Linearity", "point": 52, "logfile": "/home/hrahimi/projects/POTENTIOSTAT_26/logs_hrahimi/logs0/Service211.log"}
\o [2026-06-02 17:42:34.841 Z] [INFO] [cadence.virtuoso.ade.services.netlister] - Finished netlisting {"point": 52, "testname": "TIA_Gain_Linearity"}
\o [2026-06-02 17:42:34.844 Z] [EVENT] [cadence.virtuoso.ade.services.netlister] - NewPoint {"point": 53, "testname": "TIA_Gain_Linearity", "event": "NewPoint", "EventSource": "Netlist Service", "HistoryName": "Interactive.343", "logFile": "/home/hrahimi/projects/POTENTIOSTAT_26/logs_hrahimi/logs0/Service211.log", "logFileSize": "351285"}
\o [2026-06-02 17:42:34.844 Z] [INFO] [cadence.virtuoso.ade.services.netlister] - Started netlisting {"point": 53, "testname": "TIA_Gain_Linearity"}
\o Resetting statistical vars
\o 
\o *Info*    Setting parameter values ...
\o 
\o Setting var temperature = "85"
\o Setting temp(T) = 85
\o 
\o *Info*    Netlist Directory =
\o           /home/hrahimi/projects/POTENTIOSTAT_26/Sim/Potentiostat_Top/top/maestro/results/maestro/Interactive.343/53/TIA_Gain_Linearity/netlist
\o 
\o 
\o *Info*    Data Directory    =
\o           /home/hrahimi/projects/POTENTIOSTAT_26/Sim/Potentiostat_Top/top/maestro/results/maestro/Interactive.343/53/TIA_Gain_Linearity
\o 
\o Reusing AHDL Data dir
\o generate netlist...
\o function ansCdlCompPrim redefined
\o Ignoring netlist creation since ignoreDesignChangesDuringRun is set to true
\o       ...successful.
\o compose simulator input file...
\o       ...successful.
\o WARNING (ADE-3080): Fast viewing extensions for PSF XL format (also known as RTSF) will be discontinued  
\o        and Virtuoso Visualization and Analysis XL will not use RTSF data to plot waveforms from IC6.1.8 ISR7 onward. 
\o        There will be no performance impact on data visualization due to this change.
\o [2026-06-02 17:42:35.751 Z] [PROCESS] [cadence.virtuoso.ade.services.netlister] - Current memory used: 874.9141 MBytes, peak memory used: 874.9141 MBytes {"hostname": "il2244vt26_hrahimi", "processid": 2065497, "testname": "TIA_Gain_Linearity", "point": 53, "logfile": "/home/hrahimi/projects/POTENTIOSTAT_26/logs_hrahimi/logs0/Service211.log"}
\o [2026-06-02 17:42:35.752 Z] [INFO] [cadence.virtuoso.ade.services.netlister] - Finished netlisting {"point": 53, "testname": "TIA_Gain_Linearity"}
\o [2026-06-02 17:42:35.754 Z] [EVENT] [cadence.virtuoso.ade.services.netlister] - NewPoint {"point": 54, "testname": "TIA_Gain_Linearity", "event": "NewPoint", "EventSource": "Netlist Service", "HistoryName": "Interactive.343", "logFile": "/home/hrahimi/projects/POTENTIOSTAT_26/logs_hrahimi/logs0/Service211.log", "logFileSize": "353344"}
\o [2026-06-02 17:42:35.755 Z] [INFO] [cadence.virtuoso.ade.services.netlister] - Started netlisting {"point": 54, "testname": "TIA_Gain_Linearity"}
\o Resetting statistical vars
\o 
\o *Info*    Setting parameter values ...
\o 
\o Setting var temperature = "-40"
\o Setting temp(T) = -40
\o Setting var vdd = "2.97"
\o 
\o *Info*    Netlist Directory =
\o           /home/hrahimi/projects/POTENTIOSTAT_26/Sim/Potentiostat_Top/top/maestro/results/maestro/Interactive.343/54/TIA_Gain_Linearity/netlist
\o 
\o 
\o *Info*    Data Directory    =
\o           /home/hrahimi/projects/POTENTIOSTAT_26/Sim/Potentiostat_Top/top/maestro/results/maestro/Interactive.343/54/TIA_Gain_Linearity
\o 
\o Reusing AHDL Data dir
\o generate netlist...
\o function ansCdlCompPrim redefined
\o Ignoring netlist creation since ignoreDesignChangesDuringRun is set to true
\o       ...successful.
\o compose simulator input file...
\o       ...successful.
\o WARNING (ADE-3080): Fast viewing extensions for PSF XL format (also known as RTSF) will be discontinued  
\o        and Virtuoso Visualization and Analysis XL will not use RTSF data to plot waveforms from IC6.1.8 ISR7 onward. 
\o        There will be no performance impact on data visualization due to this change.
\o [2026-06-02 17:42:36.643 Z] [PROCESS] [cadence.virtuoso.ade.services.netlister] - Current memory used: 874.9141 MBytes, peak memory used: 874.9141 MBytes {"hostname": "il2244vt26_hrahimi", "processid": 2065497, "testname": "TIA_Gain_Linearity", "point": 54, "logfile": "/home/hrahimi/projects/POTENTIOSTAT_26/logs_hrahimi/logs0/Service211.log"}
\o [2026-06-02 17:42:36.644 Z] [INFO] [cadence.virtuoso.ade.services.netlister] - Finished netlisting {"point": 54, "testname": "TIA_Gain_Linearity"}
\o [2026-06-02 17:42:36.647 Z] [EVENT] [cadence.virtuoso.ade.services.netlister] - NewPoint {"point": 55, "testname": "TIA_Gain_Linearity", "event": "NewPoint", "EventSource": "Netlist Service", "HistoryName": "Interactive.343", "logFile": "/home/hrahimi/projects/POTENTIOSTAT_26/logs_hrahimi/logs0/Service211.log", "logFileSize": "355433"}
\o [2026-06-02 17:42:36.647 Z] [INFO] [cadence.virtuoso.ade.services.netlister] - Started netlisting {"point": 55, "testname": "TIA_Gain_Linearity"}
\o Resetting statistical vars
\o 
\o *Info*    Setting parameter values ...
\o 
\o Setting var temperature = "85"
\o Setting temp(T) = 85
\o 
\o *Info*    Netlist Directory =
\o           /home/hrahimi/projects/POTENTIOSTAT_26/Sim/Potentiostat_Top/top/maestro/results/maestro/Interactive.343/55/TIA_Gain_Linearity/netlist
\o 
\o 
\o *Info*    Data Directory    =
\o           /home/hrahimi/projects/POTENTIOSTAT_26/Sim/Potentiostat_Top/top/maestro/results/maestro/Interactive.343/55/TIA_Gain_Linearity
\o 
\o Reusing AHDL Data dir
\o generate netlist...
\o function ansCdlCompPrim redefined
\o Ignoring netlist creation since ignoreDesignChangesDuringRun is set to true
\o       ...successful.
\o compose simulator input file...
\o       ...successful.
\o WARNING (ADE-3080): Fast viewing extensions for PSF XL format (also known as RTSF) will be discontinued  
\o        and Virtuoso Visualization and Analysis XL will not use RTSF data to plot waveforms from IC6.1.8 ISR7 onward. 
\o        There will be no performance impact on data visualization due to this change.
\o [2026-06-02 17:42:37.430 Z] [PROCESS] [cadence.virtuoso.ade.services.netlister] - Current memory used: 874.9141 MBytes, peak memory used: 874.9141 MBytes {"hostname": "il2244vt26_hrahimi", "processid": 2065497, "testname": "TIA_Gain_Linearity", "point": 55, "logfile": "/home/hrahimi/projects/POTENTIOSTAT_26/logs_hrahimi/logs0/Service211.log"}
\o [2026-06-02 17:42:37.431 Z] [INFO] [cadence.virtuoso.ade.services.netlister] - Finished netlisting {"point": 55, "testname": "TIA_Gain_Linearity"}
\o [2026-06-02 17:42:37.433 Z] [EVENT] [cadence.virtuoso.ade.services.netlister] - NewPoint {"point": 56, "testname": "TIA_Gain_Linearity", "event": "NewPoint", "EventSource": "Netlist Service", "HistoryName": "Interactive.343", "logFile": "/home/hrahimi/projects/POTENTIOSTAT_26/logs_hrahimi/logs0/Service211.log", "logFileSize": "357492"}
\o [2026-06-02 17:42:37.433 Z] [INFO] [cadence.virtuoso.ade.services.netlister] - Started netlisting {"point": 56, "testname": "TIA_Gain_Linearity"}
\o Resetting statistical vars
\o 
\o *Info*    Setting parameter values ...
\o 
\o Setting var temperature = "-40"
\o Setting temp(T) = -40
\o Setting var vdd = "3.63"
\o 
\o *Info*    Netlist Directory =
\o           /home/hrahimi/projects/POTENTIOSTAT_26/Sim/Potentiostat_Top/top/maestro/results/maestro/Interactive.343/56/TIA_Gain_Linearity/netlist
\o 
\o 
\o *Info*    Data Directory    =
\o           /home/hrahimi/projects/POTENTIOSTAT_26/Sim/Potentiostat_Top/top/maestro/results/maestro/Interactive.343/56/TIA_Gain_Linearity
\o 
\o Reusing AHDL Data dir
\o generate netlist...
\o function ansCdlCompPrim redefined
\o Ignoring netlist creation since ignoreDesignChangesDuringRun is set to true
\o       ...successful.
\o compose simulator input file...
\o       ...successful.
\o WARNING (ADE-3080): Fast viewing extensions for PSF XL format (also known as RTSF) will be discontinued  
\o        and Virtuoso Visualization and Analysis XL will not use RTSF data to plot waveforms from IC6.1.8 ISR7 onward. 
\o        There will be no performance impact on data visualization due to this change.
\o [2026-06-02 17:42:38.269 Z] [PROCESS] [cadence.virtuoso.ade.services.netlister] - Current memory used: 874.9141 MBytes, peak memory used: 874.9141 MBytes {"hostname": "il2244vt26_hrahimi", "processid": 2065497, "testname": "TIA_Gain_Linearity", "point": 56, "logfile": "/home/hrahimi/projects/POTENTIOSTAT_26/logs_hrahimi/logs0/Service211.log"}
\o [2026-06-02 17:42:38.270 Z] [INFO] [cadence.virtuoso.ade.services.netlister] - Finished netlisting {"point": 56, "testname": "TIA_Gain_Linearity"}
\o [2026-06-02 17:42:38.274 Z] [EVENT] [cadence.virtuoso.ade.services.netlister] - NewPoint {"point": 57, "testname": "TIA_Gain_Linearity", "event": "NewPoint", "EventSource": "Netlist Service", "HistoryName": "Interactive.343", "logFile": "/home/hrahimi/projects/POTENTIOSTAT_26/logs_hrahimi/logs0/Service211.log", "logFileSize": "359581"}
\o [2026-06-02 17:42:38.274 Z] [INFO] [cadence.virtuoso.ade.services.netlister] - Started netlisting {"point": 57, "testname": "TIA_Gain_Linearity"}
\o Resetting statistical vars
\o 
\o *Info*    Setting parameter values ...
\o 
\o Setting var temperature = "85"
\o Setting temp(T) = 85
\o 
\o *Info*    Netlist Directory =
\o           /home/hrahimi/projects/POTENTIOSTAT_26/Sim/Potentiostat_Top/top/maestro/results/maestro/Interactive.343/57/TIA_Gain_Linearity/netlist
\o 
\o 
\o *Info*    Data Directory    =
\o           /home/hrahimi/projects/POTENTIOSTAT_26/Sim/Potentiostat_Top/top/maestro/results/maestro/Interactive.343/57/TIA_Gain_Linearity
\o 
\o Reusing AHDL Data dir
\o generate netlist...
\o function ansCdlCompPrim redefined
\o Ignoring netlist creation since ignoreDesignChangesDuringRun is set to true
\o       ...successful.
\o compose simulator input file...
\o       ...successful.
\o WARNING (ADE-3080): Fast viewing extensions for PSF XL format (also known as RTSF) will be discontinued  
\o        and Virtuoso Visualization and Analysis XL will not use RTSF data to plot waveforms from IC6.1.8 ISR7 onward. 
\o        There will be no performance impact on data visualization due to this change.
\o [2026-06-02 17:42:39.086 Z] [PROCESS] [cadence.virtuoso.ade.services.netlister] - Current memory used: 874.9141 MBytes, peak memory used: 874.9141 MBytes {"hostname": "il2244vt26_hrahimi", "processid": 2065497, "testname": "TIA_Gain_Linearity", "point": 57, "logfile": "/home/hrahimi/projects/POTENTIOSTAT_26/logs_hrahimi/logs0/Service211.log"}
\o [2026-06-02 17:42:39.087 Z] [INFO] [cadence.virtuoso.ade.services.netlister] - Finished netlisting {"point": 57, "testname": "TIA_Gain_Linearity"}
\o [2026-06-02 17:42:39.091 Z] [EVENT] [cadence.virtuoso.ade.services.netlister] - NewPoint {"point": 58, "testname": "TIA_Gain_Linearity", "event": "NewPoint", "EventSource": "Netlist Service", "HistoryName": "Interactive.343", "logFile": "/home/hrahimi/projects/POTENTIOSTAT_26/logs_hrahimi/logs0/Service211.log", "logFileSize": "361640"}
\o [2026-06-02 17:42:39.091 Z] [INFO] [cadence.virtuoso.ade.services.netlister] - Started netlisting {"point": 58, "testname": "TIA_Gain_Linearity"}
\o Resetting statistical vars
\o 
\o *Info*    Setting parameter values ...
\o 
\o Setting var temperature = "-40"
\o Setting temp(T) = -40
\o Setting var vdd = "2.97"
\o 
\o *Info*    Netlist Directory =
\o           /home/hrahimi/projects/POTENTIOSTAT_26/Sim/Potentiostat_Top/top/maestro/results/maestro/Interactive.343/58/TIA_Gain_Linearity/netlist
\o 
\o 
\o *Info*    Data Directory    =
\o           /home/hrahimi/projects/POTENTIOSTAT_26/Sim/Potentiostat_Top/top/maestro/results/maestro/Interactive.343/58/TIA_Gain_Linearity
\o 
\o Reusing AHDL Data dir
\o generate netlist...
\o function ansCdlCompPrim redefined
\o Ignoring netlist creation since ignoreDesignChangesDuringRun is set to true
\o       ...successful.
\o compose simulator input file...
\o       ...successful.
\o WARNING (ADE-3080): Fast viewing extensions for PSF XL format (also known as RTSF) will be discontinued  
\o        and Virtuoso Visualization and Analysis XL will not use RTSF data to plot waveforms from IC6.1.8 ISR7 onward. 
\o        There will be no performance impact on data visualization due to this change.
\o [2026-06-02 17:42:39.881 Z] [PROCESS] [cadence.virtuoso.ade.services.netlister] - Current memory used: 874.9141 MBytes, peak memory used: 874.9141 MBytes {"hostname": "il2244vt26_hrahimi", "processid": 2065497, "testname": "TIA_Gain_Linearity", "point": 58, "logfile": "/home/hrahimi/projects/POTENTIOSTAT_26/logs_hrahimi/logs0/Service211.log"}
\o [2026-06-02 17:42:39.882 Z] [INFO] [cadence.virtuoso.ade.services.netlister] - Finished netlisting {"point": 58, "testname": "TIA_Gain_Linearity"}
\o [2026-06-02 17:42:39.885 Z] [EVENT] [cadence.virtuoso.ade.services.netlister] - NewPoint {"point": 59, "testname": "TIA_Gain_Linearity", "event": "NewPoint", "EventSource": "Netlist Service", "HistoryName": "Interactive.343", "logFile": "/home/hrahimi/projects/POTENTIOSTAT_26/logs_hrahimi/logs0/Service211.log", "logFileSize": "363729"}
\o [2026-06-02 17:42:39.885 Z] [INFO] [cadence.virtuoso.ade.services.netlister] - Started netlisting {"point": 59, "testname": "TIA_Gain_Linearity"}
\o Resetting statistical vars
\o 
\o *Info*    Setting parameter values ...
\o 
\o Setting var temperature = "85"
\o Setting temp(T) = 85
\o 
\o *Info*    Netlist Directory =
\o           /home/hrahimi/projects/POTENTIOSTAT_26/Sim/Potentiostat_Top/top/maestro/results/maestro/Interactive.343/59/TIA_Gain_Linearity/netlist
\o 
\o 
\o *Info*    Data Directory    =
\o           /home/hrahimi/projects/POTENTIOSTAT_26/Sim/Potentiostat_Top/top/maestro/results/maestro/Interactive.343/59/TIA_Gain_Linearity
\o 
\o Reusing AHDL Data dir
\o generate netlist...
\o function ansCdlCompPrim redefined
\o Ignoring netlist creation since ignoreDesignChangesDuringRun is set to true
\o       ...successful.
\o compose simulator input file...
\o       ...successful.
\o WARNING (ADE-3080): Fast viewing extensions for PSF XL format (also known as RTSF) will be discontinued  
\o        and Virtuoso Visualization and Analysis XL will not use RTSF data to plot waveforms from IC6.1.8 ISR7 onward. 
\o        There will be no performance impact on data visualization due to this change.
\o [2026-06-02 17:42:40.697 Z] [PROCESS] [cadence.virtuoso.ade.services.netlister] - Current memory used: 874.9141 MBytes, peak memory used: 874.9141 MBytes {"hostname": "il2244vt26_hrahimi", "processid": 2065497, "testname": "TIA_Gain_Linearity", "point": 59, "logfile": "/home/hrahimi/projects/POTENTIOSTAT_26/logs_hrahimi/logs0/Service211.log"}
\o [2026-06-02 17:42:40.698 Z] [INFO] [cadence.virtuoso.ade.services.netlister] - Finished netlisting {"point": 59, "testname": "TIA_Gain_Linearity"}
\o [2026-06-02 17:42:40.701 Z] [EVENT] [cadence.virtuoso.ade.services.netlister] - NewPoint {"point": 60, "testname": "TIA_Gain_Linearity", "event": "NewPoint", "EventSource": "Netlist Service", "HistoryName": "Interactive.343", "logFile": "/home/hrahimi/projects/POTENTIOSTAT_26/logs_hrahimi/logs0/Service211.log", "logFileSize": "365788"}
\o [2026-06-02 17:42:40.702 Z] [INFO] [cadence.virtuoso.ade.services.netlister] - Started netlisting {"point": 60, "testname": "TIA_Gain_Linearity"}
\o Resetting statistical vars
\o 
\o *Info*    Setting parameter values ...
\o 
\o Setting var temperature = "-40"
\o Setting temp(T) = -40
\o Setting var vdd = "3.63"
\o 
\o *Info*    Netlist Directory =
\o           /home/hrahimi/projects/POTENTIOSTAT_26/Sim/Potentiostat_Top/top/maestro/results/maestro/Interactive.343/60/TIA_Gain_Linearity/netlist
\o 
\o 
\o *Info*    Data Directory    =
\o           /home/hrahimi/projects/POTENTIOSTAT_26/Sim/Potentiostat_Top/top/maestro/results/maestro/Interactive.343/60/TIA_Gain_Linearity
\o 
\o Reusing AHDL Data dir
\o generate netlist...
\o function ansCdlCompPrim redefined
\o Ignoring netlist creation since ignoreDesignChangesDuringRun is set to true
\o       ...successful.
\o compose simulator input file...
\o       ...successful.
\o WARNING (ADE-3080): Fast viewing extensions for PSF XL format (also known as RTSF) will be discontinued  
\o        and Virtuoso Visualization and Analysis XL will not use RTSF data to plot waveforms from IC6.1.8 ISR7 onward. 
\o        There will be no performance impact on data visualization due to this change.
\o [2026-06-02 17:42:41.483 Z] [PROCESS] [cadence.virtuoso.ade.services.netlister] - Current memory used: 874.9141 MBytes, peak memory used: 874.9141 MBytes {"hostname": "il2244vt26_hrahimi", "processid": 2065497, "testname": "TIA_Gain_Linearity", "point": 60, "logfile": "/home/hrahimi/projects/POTENTIOSTAT_26/logs_hrahimi/logs0/Service211.log"}
\o [2026-06-02 17:42:41.484 Z] [INFO] [cadence.virtuoso.ade.services.netlister] - Finished netlisting {"point": 60, "testname": "TIA_Gain_Linearity"}
\o [2026-06-02 17:42:41.486 Z] [EVENT] [cadence.virtuoso.ade.services.netlister] - NewPoint {"point": 61, "testname": "TIA_Gain_Linearity", "event": "NewPoint", "EventSource": "Netlist Service", "HistoryName": "Interactive.343", "logFile": "/home/hrahimi/projects/POTENTIOSTAT_26/logs_hrahimi/logs0/Service211.log", "logFileSize": "367877"}
\o [2026-06-02 17:42:41.487 Z] [INFO] [cadence.virtuoso.ade.services.netlister] - Started netlisting {"point": 61, "testname": "TIA_Gain_Linearity"}
\o Resetting statistical vars
\o 
\o *Info*    Setting parameter values ...
\o 
\o Setting var temperature = "85"
\o Setting temp(T) = 85
\o 
\o *Info*    Netlist Directory =
\o           /home/hrahimi/projects/POTENTIOSTAT_26/Sim/Potentiostat_Top/top/maestro/results/maestro/Interactive.343/61/TIA_Gain_Linearity/netlist
\o 
\o 
\o *Info*    Data Directory    =
\o           /home/hrahimi/projects/POTENTIOSTAT_26/Sim/Potentiostat_Top/top/maestro/results/maestro/Interactive.343/61/TIA_Gain_Linearity
\o 
\o Reusing AHDL Data dir
\o generate netlist...
\o function ansCdlCompPrim redefined
\o Ignoring netlist creation since ignoreDesignChangesDuringRun is set to true
\o       ...successful.
\o compose simulator input file...
\o       ...successful.
\o WARNING (ADE-3080): Fast viewing extensions for PSF XL format (also known as RTSF) will be discontinued  
\o        and Virtuoso Visualization and Analysis XL will not use RTSF data to plot waveforms from IC6.1.8 ISR7 onward. 
\o        There will be no performance impact on data visualization due to this change.
\o [2026-06-02 17:42:42.525 Z] [PROCESS] [cadence.virtuoso.ade.services.netlister] - Current memory used: 874.9141 MBytes, peak memory used: 874.9141 MBytes {"hostname": "il2244vt26_hrahimi", "processid": 2065497, "testname": "TIA_Gain_Linearity", "point": 61, "logfile": "/home/hrahimi/projects/POTENTIOSTAT_26/logs_hrahimi/logs0/Service211.log"}
\o [2026-06-02 17:42:42.526 Z] [INFO] [cadence.virtuoso.ade.services.netlister] - Finished netlisting {"point": 61, "testname": "TIA_Gain_Linearity"}
\o [2026-06-02 17:42:42.528 Z] [EVENT] [cadence.virtuoso.ade.services.netlister] - NewPoint {"point": 62, "testname": "TIA_Gain_Linearity", "event": "NewPoint", "EventSource": "Netlist Service", "HistoryName": "Interactive.343", "logFile": "/home/hrahimi/projects/POTENTIOSTAT_26/logs_hrahimi/logs0/Service211.log", "logFileSize": "369936"}
\o [2026-06-02 17:42:42.529 Z] [INFO] [cadence.virtuoso.ade.services.netlister] - Started netlisting {"point": 62, "testname": "TIA_Gain_Linearity"}
\o Resetting statistical vars
\o 
\o *Info*    Setting parameter values ...
\o 
\o Setting var temperature = "-40"
\o Setting temp(T) = -40
\o Setting var vdd = "2.97"
\o 
\o *Info*    Netlist Directory =
\o           /home/hrahimi/projects/POTENTIOSTAT_26/Sim/Potentiostat_Top/top/maestro/results/maestro/Interactive.343/62/TIA_Gain_Linearity/netlist
\o 
\o 
\o *Info*    Data Directory    =
\o           /home/hrahimi/projects/POTENTIOSTAT_26/Sim/Potentiostat_Top/top/maestro/results/maestro/Interactive.343/62/TIA_Gain_Linearity
\o 
\o Reusing AHDL Data dir
\o generate netlist...
\o function ansCdlCompPrim redefined
\o Ignoring netlist creation since ignoreDesignChangesDuringRun is set to true
\o       ...successful.
\o compose simulator input file...
\o       ...successful.
\o WARNING (ADE-3080): Fast viewing extensions for PSF XL format (also known as RTSF) will be discontinued  
\o        and Virtuoso Visualization and Analysis XL will not use RTSF data to plot waveforms from IC6.1.8 ISR7 onward. 
\o        There will be no performance impact on data visualization due to this change.
\o [2026-06-02 17:42:43.774 Z] [PROCESS] [cadence.virtuoso.ade.services.netlister] - Current memory used: 874.9141 MBytes, peak memory used: 874.9141 MBytes {"hostname": "il2244vt26_hrahimi", "processid": 2065497, "testname": "TIA_Gain_Linearity", "point": 62, "logfile": "/home/hrahimi/projects/POTENTIOSTAT_26/logs_hrahimi/logs0/Service211.log"}
\o [2026-06-02 17:42:43.775 Z] [INFO] [cadence.virtuoso.ade.services.netlister] - Finished netlisting {"point": 62, "testname": "TIA_Gain_Linearity"}
\o [2026-06-02 17:42:43.778 Z] [EVENT] [cadence.virtuoso.ade.services.netlister] - NewPoint {"point": 63, "testname": "TIA_Gain_Linearity", "event": "NewPoint", "EventSource": "Netlist Service", "HistoryName": "Interactive.343", "logFile": "/home/hrahimi/projects/POTENTIOSTAT_26/logs_hrahimi/logs0/Service211.log", "logFileSize": "372025"}
\o [2026-06-02 17:42:43.778 Z] [INFO] [cadence.virtuoso.ade.services.netlister] - Started netlisting {"point": 63, "testname": "TIA_Gain_Linearity"}
\o Resetting statistical vars
\o 
\o *Info*    Setting parameter values ...
\o 
\o Setting var temperature = "85"
\o Setting temp(T) = 85
\o 
\o *Info*    Netlist Directory =
\o           /home/hrahimi/projects/POTENTIOSTAT_26/Sim/Potentiostat_Top/top/maestro/results/maestro/Interactive.343/63/TIA_Gain_Linearity/netlist
\o 
\o 
\o *Info*    Data Directory    =
\o           /home/hrahimi/projects/POTENTIOSTAT_26/Sim/Potentiostat_Top/top/maestro/results/maestro/Interactive.343/63/TIA_Gain_Linearity
\o 
\o Reusing AHDL Data dir
\o generate netlist...
\o function ansCdlCompPrim redefined
\o Ignoring netlist creation since ignoreDesignChangesDuringRun is set to true
\o       ...successful.
\o compose simulator input file...
\o       ...successful.
\o WARNING (ADE-3080): Fast viewing extensions for PSF XL format (also known as RTSF) will be discontinued  
\o        and Virtuoso Visualization and Analysis XL will not use RTSF data to plot waveforms from IC6.1.8 ISR7 onward. 
\o        There will be no performance impact on data visualization due to this change.
\o [2026-06-02 17:42:44.651 Z] [PROCESS] [cadence.virtuoso.ade.services.netlister] - Current memory used: 874.9141 MBytes, peak memory used: 874.9141 MBytes {"hostname": "il2244vt26_hrahimi", "processid": 2065497, "testname": "TIA_Gain_Linearity", "point": 63, "logfile": "/home/hrahimi/projects/POTENTIOSTAT_26/logs_hrahimi/logs0/Service211.log"}
\o [2026-06-02 17:42:44.652 Z] [INFO] [cadence.virtuoso.ade.services.netlister] - Finished netlisting {"point": 63, "testname": "TIA_Gain_Linearity"}
\o [2026-06-02 17:42:44.654 Z] [EVENT] [cadence.virtuoso.ade.services.netlister] - NewPoint {"point": 64, "testname": "TIA_Gain_Linearity", "event": "NewPoint", "EventSource": "Netlist Service", "HistoryName": "Interactive.343", "logFile": "/home/hrahimi/projects/POTENTIOSTAT_26/logs_hrahimi/logs0/Service211.log", "logFileSize": "374084"}
\o [2026-06-02 17:42:44.655 Z] [INFO] [cadence.virtuoso.ade.services.netlister] - Started netlisting {"point": 64, "testname": "TIA_Gain_Linearity"}
\o Resetting statistical vars
\o 
\o *Info*    Setting parameter values ...
\o 
\o Setting var temperature = "-40"
\o Setting temp(T) = -40
\o Setting var vdd = "3.63"
\o 
\o *Info*    Netlist Directory =
\o           /home/hrahimi/projects/POTENTIOSTAT_26/Sim/Potentiostat_Top/top/maestro/results/maestro/Interactive.343/64/TIA_Gain_Linearity/netlist
\o 
\o 
\o *Info*    Data Directory    =
\o           /home/hrahimi/projects/POTENTIOSTAT_26/Sim/Potentiostat_Top/top/maestro/results/maestro/Interactive.343/64/TIA_Gain_Linearity
\o 
\o Reusing AHDL Data dir
\o generate netlist...
\o function ansCdlCompPrim redefined
\o Ignoring netlist creation since ignoreDesignChangesDuringRun is set to true
\o       ...successful.
\o compose simulator input file...
\o       ...successful.
\o WARNING (ADE-3080): Fast viewing extensions for PSF XL format (also known as RTSF) will be discontinued  
\o        and Virtuoso Visualization and Analysis XL will not use RTSF data to plot waveforms from IC6.1.8 ISR7 onward. 
\o        There will be no performance impact on data visualization due to this change.
\o [2026-06-02 17:42:45.351 Z] [PROCESS] [cadence.virtuoso.ade.services.netlister] - Current memory used: 874.9141 MBytes, peak memory used: 874.9141 MBytes {"hostname": "il2244vt26_hrahimi", "processid": 2065497, "testname": "TIA_Gain_Linearity", "point": 64, "logfile": "/home/hrahimi/projects/POTENTIOSTAT_26/logs_hrahimi/logs0/Service211.log"}
\o [2026-06-02 17:42:45.352 Z] [INFO] [cadence.virtuoso.ade.services.netlister] - Finished netlisting {"point": 64, "testname": "TIA_Gain_Linearity"}
\o [2026-06-02 17:42:45.354 Z] [EVENT] [cadence.virtuoso.ade.services.netlister] - NewPoint {"point": 65, "testname": "TIA_Gain_Linearity", "event": "NewPoint", "EventSource": "Netlist Service", "HistoryName": "Interactive.343", "logFile": "/home/hrahimi/projects/POTENTIOSTAT_26/logs_hrahimi/logs0/Service211.log", "logFileSize": "376173"}
\o [2026-06-02 17:42:45.355 Z] [INFO] [cadence.virtuoso.ade.services.netlister] - Started netlisting {"point": 65, "testname": "TIA_Gain_Linearity"}
\o Resetting statistical vars
\o 
\o *Info*    Setting parameter values ...
\o 
\o Setting var temperature = "85"
\o Setting temp(T) = 85
\o 
\o *Info*    Netlist Directory =
\o           /home/hrahimi/projects/POTENTIOSTAT_26/Sim/Potentiostat_Top/top/maestro/results/maestro/Interactive.343/65/TIA_Gain_Linearity/netlist
\o 
\o 
\o *Info*    Data Directory    =
\o           /home/hrahimi/projects/POTENTIOSTAT_26/Sim/Potentiostat_Top/top/maestro/results/maestro/Interactive.343/65/TIA_Gain_Linearity
\o 
\o Reusing AHDL Data dir
\o generate netlist...
\o function ansCdlCompPrim redefined
\o Ignoring netlist creation since ignoreDesignChangesDuringRun is set to true
\o       ...successful.
\o compose simulator input file...
\o       ...successful.
\o WARNING (ADE-3080): Fast viewing extensions for PSF XL format (also known as RTSF) will be discontinued  
\o        and Virtuoso Visualization and Analysis XL will not use RTSF data to plot waveforms from IC6.1.8 ISR7 onward. 
\o        There will be no performance impact on data visualization due to this change.
\o [2026-06-02 17:42:46.030 Z] [PROCESS] [cadence.virtuoso.ade.services.netlister] - Current memory used: 874.9141 MBytes, peak memory used: 874.9141 MBytes {"hostname": "il2244vt26_hrahimi", "processid": 2065497, "testname": "TIA_Gain_Linearity", "point": 65, "logfile": "/home/hrahimi/projects/POTENTIOSTAT_26/logs_hrahimi/logs0/Service211.log"}
\o [2026-06-02 17:42:46.031 Z] [INFO] [cadence.virtuoso.ade.services.netlister] - Finished netlisting {"point": 65, "testname": "TIA_Gain_Linearity"}
\o [2026-06-02 17:42:47.036 Z] [EVENT] [cadence.virtuoso.ade.services.netlister] - NewPoint {"point": 1, "testname": "PTAT", "event": "NewPoint", "EventSource": "Netlist Service", "HistoryName": "Interactive.343", "logFile": "/home/hrahimi/projects/POTENTIOSTAT_26/logs_hrahimi/logs0/Service211.log", "logFileSize": "378232"}
\o [2026-06-02 17:42:47.037 Z] [INFO] [cadence.virtuoso.ade.services.netlister] - Started netlisting {"point": 1, "testname": "PTAT"}
\o Simulation design variables differ from those on the cellView,
\o they have been saved in the file "/tmp/saved-design-variables".
\o To save future changes, copy variables to cellView before exiting.
\o *Warning* AXL Context Manager : job 211 is already registered. 
\o 
\o 
\o 
\o *Info*    Configuring the session ...
\o 
\o 	Library      = Potentiostat_Top
\o 	Cell         = top
\o 	View         = config
\o 	Simulator    = spectre
\o 	State Path   = $AXL_SETUPDB_DIR/test_states
\o 	State Name   = Interactive.343
\o 	Results DB   = /home/hrahimi/projects/POTENTIOSTAT_26/Potentiostat_Top/top/maestro/results/maestro/Interactive.343.rdb
\o 	Results Dir  = /home/hrahimi/projects/POTENTIOSTAT_26/Sim/Potentiostat_Top/top/maestro/results/maestro/Interactive.343/1/PTAT
\o 	Results Loc  = /home/hrahimi/projects/POTENTIOSTAT_26/Sim/Potentiostat_Top/top/maestro/results/maestro
\o 	Project Dir  = /home/hrahimi/projects/POTENTIOSTAT_26/Sim
\o 	Setup DB loc = /home/hrahimi/projects/POTENTIOSTAT_26/Potentiostat_Top/top/maestro
\o 	File Encoding = 0
\o 
\o 
\o 
\o *Info*    The auto suspension is disabled.
\o 
\o Resetting statistical vars
\o 
\o *Info*    Setting parameter values ...
\o 
\o Setting var Calib_EN = "1"
\o Setting var Cdl = "10n"
\o Setting var Cdl_CE = "10n"
\o Setting var Idc = "0"
\o Setting var Iin_TIA_AC = "0"
\o Setting var Ipulse = "0"
\o Setting var PTAT_EN = "0"
\o Setting var R_ct = "500k"
\o Setting var Rct_CE = "100k"
\o Setting var Rs_CE = "10k"
\o Setting var Rs_WE = "10k"
\o Setting var S0 = "0"
\o Setting var S1 = "0"
\o Setting var S2 = "1"
\o Setting var S3 = "0"
\o Setting var Vb = "0"
\o Setting var Vin_CA_AC = "0"
\o Setting var temperature = "27"
\o Setting temp(T) = 27
\o Setting var vdd = "3.3"
\o Setting var vddpuls = "0"
\o Setting var vpuls = "0"
\o Setting var vref = "1.615"
\o Setting var vtran = "0"
\o 
\o *Info*    Netlist Directory =
\o           /home/hrahimi/projects/POTENTIOSTAT_26/Sim/Potentiostat_Top/top/maestro/results/maestro/Interactive.343/1/PTAT/netlist
\o 
\o 
\o *Info*    Data Directory    =
\o           /home/hrahimi/projects/POTENTIOSTAT_26/Sim/Potentiostat_Top/top/maestro/results/maestro/Interactive.343/1/PTAT
\o 
\o Reusing AHDL Data dir
\o generate netlist...
\o function ansCdlCompPrim redefined
\o Ignoring netlist creation since ignoreDesignChangesDuringRun is set to true
\o       ...successful.
\o compose simulator input file...
\o       ...successful.
\o WARNING (ADE-3080): Fast viewing extensions for PSF XL format (also known as RTSF) will be discontinued  
\o        and Virtuoso Visualization and Analysis XL will not use RTSF data to plot waveforms from IC6.1.8 ISR7 onward. 
\o        There will be no performance impact on data visualization due to this change.
\o [2026-06-02 17:42:51.560 Z] [PROCESS] [cadence.virtuoso.ade.services.netlister] - Current memory used: 874.9141 MBytes, peak memory used: 874.9141 MBytes {"hostname": "il2244vt26_hrahimi", "processid": 2065497, "testname": "PTAT", "point": 1, "logfile": "/home/hrahimi/projects/POTENTIOSTAT_26/logs_hrahimi/logs0/Service211.log"}
\o [2026-06-02 17:42:51.562 Z] [INFO] [cadence.virtuoso.ade.services.netlister] - Finished netlisting {"point": 1, "testname": "PTAT"}
\o [2026-06-02 17:42:51.565 Z] [EVENT] [cadence.virtuoso.ade.services.netlister] - NewPoint {"point": 2, "testname": "PTAT", "event": "NewPoint", "EventSource": "Netlist Service", "HistoryName": "Interactive.343", "logFile": "/home/hrahimi/projects/POTENTIOSTAT_26/logs_hrahimi/logs0/Service211.log", "logFileSize": "381926"}
\o [2026-06-02 17:42:51.566 Z] [INFO] [cadence.virtuoso.ade.services.netlister] - Started netlisting {"point": 2, "testname": "PTAT"}
\o Resetting statistical vars
\o 
\o *Info*    Setting parameter values ...
\o 
\o Setting var temperature = "-40"
\o Setting temp(T) = -40
\o Setting var vdd = "2.97"
\o 
\o *Info*    Netlist Directory =
\o           /home/hrahimi/projects/POTENTIOSTAT_26/Sim/Potentiostat_Top/top/maestro/results/maestro/Interactive.343/2/PTAT/netlist
\o 
\o 
\o *Info*    Data Directory    =
\o           /home/hrahimi/projects/POTENTIOSTAT_26/Sim/Potentiostat_Top/top/maestro/results/maestro/Interactive.343/2/PTAT
\o 
\o Reusing AHDL Data dir
\o generate netlist...
\o function ansCdlCompPrim redefined
\o Ignoring netlist creation since ignoreDesignChangesDuringRun is set to true
\o       ...successful.
\o compose simulator input file...
\o       ...successful.
\o WARNING (ADE-3080): Fast viewing extensions for PSF XL format (also known as RTSF) will be discontinued  
\o        and Virtuoso Visualization and Analysis XL will not use RTSF data to plot waveforms from IC6.1.8 ISR7 onward. 
\o        There will be no performance impact on data visualization due to this change.
\o [2026-06-02 17:42:52.635 Z] [PROCESS] [cadence.virtuoso.ade.services.netlister] - Current memory used: 874.9141 MBytes, peak memory used: 874.9141 MBytes {"hostname": "il2244vt26_hrahimi", "processid": 2065497, "testname": "PTAT", "point": 2, "logfile": "/home/hrahimi/projects/POTENTIOSTAT_26/logs_hrahimi/logs0/Service211.log"}
\o [2026-06-02 17:42:52.636 Z] [INFO] [cadence.virtuoso.ade.services.netlister] - Finished netlisting {"point": 2, "testname": "PTAT"}
\o [2026-06-02 17:42:52.639 Z] [EVENT] [cadence.virtuoso.ade.services.netlister] - NewPoint {"point": 3, "testname": "PTAT", "event": "NewPoint", "EventSource": "Netlist Service", "HistoryName": "Interactive.343", "logFile": "/home/hrahimi/projects/POTENTIOSTAT_26/logs_hrahimi/logs0/Service211.log", "logFileSize": "383925"}
\o [2026-06-02 17:42:52.639 Z] [INFO] [cadence.virtuoso.ade.services.netlister] - Started netlisting {"point": 3, "testname": "PTAT"}
\o Resetting statistical vars
\o 
\o *Info*    Setting parameter values ...
\o 
\o Setting var temperature = "85"
\o Setting temp(T) = 85
\o 
\o *Info*    Netlist Directory =
\o           /home/hrahimi/projects/POTENTIOSTAT_26/Sim/Potentiostat_Top/top/maestro/results/maestro/Interactive.343/3/PTAT/netlist
\o 
\o 
\o *Info*    Data Directory    =
\o           /home/hrahimi/projects/POTENTIOSTAT_26/Sim/Potentiostat_Top/top/maestro/results/maestro/Interactive.343/3/PTAT
\o 
\o Reusing AHDL Data dir
\o generate netlist...
\o function ansCdlCompPrim redefined
\o Ignoring netlist creation since ignoreDesignChangesDuringRun is set to true
\o       ...successful.
\o compose simulator input file...
\o       ...successful.
\o WARNING (ADE-3080): Fast viewing extensions for PSF XL format (also known as RTSF) will be discontinued  
\o        and Virtuoso Visualization and Analysis XL will not use RTSF data to plot waveforms from IC6.1.8 ISR7 onward. 
\o        There will be no performance impact on data visualization due to this change.
\o [2026-06-02 17:42:53.675 Z] [PROCESS] [cadence.virtuoso.ade.services.netlister] - Current memory used: 874.9141 MBytes, peak memory used: 874.9141 MBytes {"hostname": "il2244vt26_hrahimi", "processid": 2065497, "testname": "PTAT", "point": 3, "logfile": "/home/hrahimi/projects/POTENTIOSTAT_26/logs_hrahimi/logs0/Service211.log"}
\o [2026-06-02 17:42:53.676 Z] [INFO] [cadence.virtuoso.ade.services.netlister] - Finished netlisting {"point": 3, "testname": "PTAT"}
\o [2026-06-02 17:42:53.680 Z] [EVENT] [cadence.virtuoso.ade.services.netlister] - NewPoint {"point": 4, "testname": "PTAT", "event": "NewPoint", "EventSource": "Netlist Service", "HistoryName": "Interactive.343", "logFile": "/home/hrahimi/projects/POTENTIOSTAT_26/logs_hrahimi/logs0/Service211.log", "logFileSize": "385894"}
\o [2026-06-02 17:42:53.682 Z] [INFO] [cadence.virtuoso.ade.services.netlister] - Started netlisting {"point": 4, "testname": "PTAT"}
\o Resetting statistical vars
\o 
\o *Info*    Setting parameter values ...
\o 
\o Setting var temperature = "-40"
\o Setting temp(T) = -40
\o Setting var vdd = "3.63"
\o 
\o *Info*    Netlist Directory =
\o           /home/hrahimi/projects/POTENTIOSTAT_26/Sim/Potentiostat_Top/top/maestro/results/maestro/Interactive.343/4/PTAT/netlist
\o 
\o 
\o *Info*    Data Directory    =
\o           /home/hrahimi/projects/POTENTIOSTAT_26/Sim/Potentiostat_Top/top/maestro/results/maestro/Interactive.343/4/PTAT
\o 
\o Reusing AHDL Data dir
\o generate netlist...
\o function ansCdlCompPrim redefined
\o Ignoring netlist creation since ignoreDesignChangesDuringRun is set to true
\o       ...successful.
\o compose simulator input file...
\o       ...successful.
\o WARNING (ADE-3080): Fast viewing extensions for PSF XL format (also known as RTSF) will be discontinued  
\o        and Virtuoso Visualization and Analysis XL will not use RTSF data to plot waveforms from IC6.1.8 ISR7 onward. 
\o        There will be no performance impact on data visualization due to this change.
\o [2026-06-02 17:42:54.959 Z] [PROCESS] [cadence.virtuoso.ade.services.netlister] - Current memory used: 874.9141 MBytes, peak memory used: 874.9141 MBytes {"hostname": "il2244vt26_hrahimi", "processid": 2065497, "testname": "PTAT", "point": 4, "logfile": "/home/hrahimi/projects/POTENTIOSTAT_26/logs_hrahimi/logs0/Service211.log"}
\o [2026-06-02 17:42:54.960 Z] [INFO] [cadence.virtuoso.ade.services.netlister] - Finished netlisting {"point": 4, "testname": "PTAT"}
\o [2026-06-02 17:42:54.964 Z] [EVENT] [cadence.virtuoso.ade.services.netlister] - NewPoint {"point": 5, "testname": "PTAT", "event": "NewPoint", "EventSource": "Netlist Service", "HistoryName": "Interactive.343", "logFile": "/home/hrahimi/projects/POTENTIOSTAT_26/logs_hrahimi/logs0/Service211.log", "logFileSize": "387893"}
\o [2026-06-02 17:42:54.965 Z] [INFO] [cadence.virtuoso.ade.services.netlister] - Started netlisting {"point": 5, "testname": "PTAT"}
\o Resetting statistical vars
\o 
\o *Info*    Setting parameter values ...
\o 
\o Setting var temperature = "85"
\o Setting temp(T) = 85
\o 
\o *Info*    Netlist Directory =
\o           /home/hrahimi/projects/POTENTIOSTAT_26/Sim/Potentiostat_Top/top/maestro/results/maestro/Interactive.343/5/PTAT/netlist
\o 
\o 
\o *Info*    Data Directory    =
\o           /home/hrahimi/projects/POTENTIOSTAT_26/Sim/Potentiostat_Top/top/maestro/results/maestro/Interactive.343/5/PTAT
\o 
\o Reusing AHDL Data dir
\o generate netlist...
\o function ansCdlCompPrim redefined
\o Ignoring netlist creation since ignoreDesignChangesDuringRun is set to true
\o       ...successful.
\o compose simulator input file...
\o       ...successful.
\o WARNING (ADE-3080): Fast viewing extensions for PSF XL format (also known as RTSF) will be discontinued  
\o        and Virtuoso Visualization and Analysis XL will not use RTSF data to plot waveforms from IC6.1.8 ISR7 onward. 
\o        There will be no performance impact on data visualization due to this change.
\o [2026-06-02 17:42:55.936 Z] [PROCESS] [cadence.virtuoso.ade.services.netlister] - Current memory used: 874.9141 MBytes, peak memory used: 874.9141 MBytes {"hostname": "il2244vt26_hrahimi", "processid": 2065497, "testname": "PTAT", "point": 5, "logfile": "/home/hrahimi/projects/POTENTIOSTAT_26/logs_hrahimi/logs0/Service211.log"}
\o [2026-06-02 17:42:55.938 Z] [INFO] [cadence.virtuoso.ade.services.netlister] - Finished netlisting {"point": 5, "testname": "PTAT"}
\o [2026-06-02 17:42:55.947 Z] [EVENT] [cadence.virtuoso.ade.services.netlister] - NewPoint {"point": 6, "testname": "PTAT", "event": "NewPoint", "EventSource": "Netlist Service", "HistoryName": "Interactive.343", "logFile": "/home/hrahimi/projects/POTENTIOSTAT_26/logs_hrahimi/logs0/Service211.log", "logFileSize": "389862"}
\o [2026-06-02 17:42:55.949 Z] [INFO] [cadence.virtuoso.ade.services.netlister] - Started netlisting {"point": 6, "testname": "PTAT"}
\o Resetting statistical vars
\o 
\o *Info*    Setting parameter values ...
\o 
\o Setting var temperature = "-40"
\o Setting temp(T) = -40
\o Setting var vdd = "2.97"
\o 
\o *Info*    Netlist Directory =
\o           /home/hrahimi/projects/POTENTIOSTAT_26/Sim/Potentiostat_Top/top/maestro/results/maestro/Interactive.343/6/PTAT/netlist
\o 
\o 
\o *Info*    Data Directory    =
\o           /home/hrahimi/projects/POTENTIOSTAT_26/Sim/Potentiostat_Top/top/maestro/results/maestro/Interactive.343/6/PTAT
\o 
\o Reusing AHDL Data dir
\o generate netlist...
\o function ansCdlCompPrim redefined
\o Ignoring netlist creation since ignoreDesignChangesDuringRun is set to true
\o       ...successful.
\o compose simulator input file...
\o       ...successful.
\o WARNING (ADE-3080): Fast viewing extensions for PSF XL format (also known as RTSF) will be discontinued  
\o        and Virtuoso Visualization and Analysis XL will not use RTSF data to plot waveforms from IC6.1.8 ISR7 onward. 
\o        There will be no performance impact on data visualization due to this change.
\o [2026-06-02 17:42:56.953 Z] [PROCESS] [cadence.virtuoso.ade.services.netlister] - Current memory used: 874.9141 MBytes, peak memory used: 874.9141 MBytes {"hostname": "il2244vt26_hrahimi", "processid": 2065497, "testname": "PTAT", "point": 6, "logfile": "/home/hrahimi/projects/POTENTIOSTAT_26/logs_hrahimi/logs0/Service211.log"}
\o [2026-06-02 17:42:56.954 Z] [INFO] [cadence.virtuoso.ade.services.netlister] - Finished netlisting {"point": 6, "testname": "PTAT"}
\o [2026-06-02 17:42:56.957 Z] [EVENT] [cadence.virtuoso.ade.services.netlister] - NewPoint {"point": 7, "testname": "PTAT", "event": "NewPoint", "EventSource": "Netlist Service", "HistoryName": "Interactive.343", "logFile": "/home/hrahimi/projects/POTENTIOSTAT_26/logs_hrahimi/logs0/Service211.log", "logFileSize": "391861"}
\o [2026-06-02 17:42:56.957 Z] [INFO] [cadence.virtuoso.ade.services.netlister] - Started netlisting {"point": 7, "testname": "PTAT"}
\o Resetting statistical vars
\o 
\o *Info*    Setting parameter values ...
\o 
\o Setting var temperature = "85"
\o Setting temp(T) = 85
\o 
\o *Info*    Netlist Directory =
\o           /home/hrahimi/projects/POTENTIOSTAT_26/Sim/Potentiostat_Top/top/maestro/results/maestro/Interactive.343/7/PTAT/netlist
\o 
\o 
\o *Info*    Data Directory    =
\o           /home/hrahimi/projects/POTENTIOSTAT_26/Sim/Potentiostat_Top/top/maestro/results/maestro/Interactive.343/7/PTAT
\o 
\o Reusing AHDL Data dir
\o generate netlist...
\o function ansCdlCompPrim redefined
\o Ignoring netlist creation since ignoreDesignChangesDuringRun is set to true
\o       ...successful.
\o compose simulator input file...
\o       ...successful.
\o WARNING (ADE-3080): Fast viewing extensions for PSF XL format (also known as RTSF) will be discontinued  
\o        and Virtuoso Visualization and Analysis XL will not use RTSF data to plot waveforms from IC6.1.8 ISR7 onward. 
\o        There will be no performance impact on data visualization due to this change.
\o [2026-06-02 17:42:57.749 Z] [PROCESS] [cadence.virtuoso.ade.services.netlister] - Current memory used: 874.9141 MBytes, peak memory used: 874.9141 MBytes {"hostname": "il2244vt26_hrahimi", "processid": 2065497, "testname": "PTAT", "point": 7, "logfile": "/home/hrahimi/projects/POTENTIOSTAT_26/logs_hrahimi/logs0/Service211.log"}
\o [2026-06-02 17:42:57.750 Z] [INFO] [cadence.virtuoso.ade.services.netlister] - Finished netlisting {"point": 7, "testname": "PTAT"}
\o [2026-06-02 17:42:57.753 Z] [EVENT] [cadence.virtuoso.ade.services.netlister] - NewPoint {"point": 8, "testname": "PTAT", "event": "NewPoint", "EventSource": "Netlist Service", "HistoryName": "Interactive.343", "logFile": "/home/hrahimi/projects/POTENTIOSTAT_26/logs_hrahimi/logs0/Service211.log", "logFileSize": "393830"}
\o [2026-06-02 17:42:57.754 Z] [INFO] [cadence.virtuoso.ade.services.netlister] - Started netlisting {"point": 8, "testname": "PTAT"}
\o Resetting statistical vars
\o 
\o *Info*    Setting parameter values ...
\o 
\o Setting var temperature = "-40"
\o Setting temp(T) = -40
\o Setting var vdd = "3.63"
\o 
\o *Info*    Netlist Directory =
\o           /home/hrahimi/projects/POTENTIOSTAT_26/Sim/Potentiostat_Top/top/maestro/results/maestro/Interactive.343/8/PTAT/netlist
\o 
\o 
\o *Info*    Data Directory    =
\o           /home/hrahimi/projects/POTENTIOSTAT_26/Sim/Potentiostat_Top/top/maestro/results/maestro/Interactive.343/8/PTAT
\o 
\o Reusing AHDL Data dir
\o generate netlist...
\o function ansCdlCompPrim redefined
\o Ignoring netlist creation since ignoreDesignChangesDuringRun is set to true
\o       ...successful.
\o compose simulator input file...
\o       ...successful.
\o WARNING (ADE-3080): Fast viewing extensions for PSF XL format (also known as RTSF) will be discontinued  
\o        and Virtuoso Visualization and Analysis XL will not use RTSF data to plot waveforms from IC6.1.8 ISR7 onward. 
\o        There will be no performance impact on data visualization due to this change.
\o [2026-06-02 17:42:58.481 Z] [PROCESS] [cadence.virtuoso.ade.services.netlister] - Current memory used: 874.9141 MBytes, peak memory used: 874.9141 MBytes {"hostname": "il2244vt26_hrahimi", "processid": 2065497, "testname": "PTAT", "point": 8, "logfile": "/home/hrahimi/projects/POTENTIOSTAT_26/logs_hrahimi/logs0/Service211.log"}
\o [2026-06-02 17:42:58.482 Z] [INFO] [cadence.virtuoso.ade.services.netlister] - Finished netlisting {"point": 8, "testname": "PTAT"}
\o [2026-06-02 17:42:58.484 Z] [EVENT] [cadence.virtuoso.ade.services.netlister] - NewPoint {"point": 9, "testname": "PTAT", "event": "NewPoint", "EventSource": "Netlist Service", "HistoryName": "Interactive.343", "logFile": "/home/hrahimi/projects/POTENTIOSTAT_26/logs_hrahimi/logs0/Service211.log", "logFileSize": "395829"}
\o [2026-06-02 17:42:58.484 Z] [INFO] [cadence.virtuoso.ade.services.netlister] - Started netlisting {"point": 9, "testname": "PTAT"}
\o Resetting statistical vars
\o 
\o *Info*    Setting parameter values ...
\o 
\o Setting var temperature = "85"
\o Setting temp(T) = 85
\o 
\o *Info*    Netlist Directory =
\o           /home/hrahimi/projects/POTENTIOSTAT_26/Sim/Potentiostat_Top/top/maestro/results/maestro/Interactive.343/9/PTAT/netlist
\o 
\o 
\o *Info*    Data Directory    =
\o           /home/hrahimi/projects/POTENTIOSTAT_26/Sim/Potentiostat_Top/top/maestro/results/maestro/Interactive.343/9/PTAT
\o 
\o Reusing AHDL Data dir
\o generate netlist...
\o function ansCdlCompPrim redefined
\o Ignoring netlist creation since ignoreDesignChangesDuringRun is set to true
\o       ...successful.
\o compose simulator input file...
\o       ...successful.
\o WARNING (ADE-3080): Fast viewing extensions for PSF XL format (also known as RTSF) will be discontinued  
\o        and Virtuoso Visualization and Analysis XL will not use RTSF data to plot waveforms from IC6.1.8 ISR7 onward. 
\o        There will be no performance impact on data visualization due to this change.
\o [2026-06-02 17:42:59.175 Z] [PROCESS] [cadence.virtuoso.ade.services.netlister] - Current memory used: 874.9141 MBytes, peak memory used: 874.9141 MBytes {"hostname": "il2244vt26_hrahimi", "processid": 2065497, "testname": "PTAT", "point": 9, "logfile": "/home/hrahimi/projects/POTENTIOSTAT_26/logs_hrahimi/logs0/Service211.log"}
\o [2026-06-02 17:42:59.176 Z] [INFO] [cadence.virtuoso.ade.services.netlister] - Finished netlisting {"point": 9, "testname": "PTAT"}
\o [2026-06-02 17:42:59.178 Z] [EVENT] [cadence.virtuoso.ade.services.netlister] - NewPoint {"point": 10, "testname": "PTAT", "event": "NewPoint", "EventSource": "Netlist Service", "HistoryName": "Interactive.343", "logFile": "/home/hrahimi/projects/POTENTIOSTAT_26/logs_hrahimi/logs0/Service211.log", "logFileSize": "397798"}
\o [2026-06-02 17:42:59.178 Z] [INFO] [cadence.virtuoso.ade.services.netlister] - Started netlisting {"point": 10, "testname": "PTAT"}
\o Resetting statistical vars
\o 
\o *Info*    Setting parameter values ...
\o 
\o Setting var temperature = "-40"
\o Setting temp(T) = -40
\o Setting var vdd = "2.97"
\o 
\o *Info*    Netlist Directory =
\o           /home/hrahimi/projects/POTENTIOSTAT_26/Sim/Potentiostat_Top/top/maestro/results/maestro/Interactive.343/10/PTAT/netlist
\o 
\o 
\o *Info*    Data Directory    =
\o           /home/hrahimi/projects/POTENTIOSTAT_26/Sim/Potentiostat_Top/top/maestro/results/maestro/Interactive.343/10/PTAT
\o 
\o Reusing AHDL Data dir
\o generate netlist...
\o function ansCdlCompPrim redefined
\o Ignoring netlist creation since ignoreDesignChangesDuringRun is set to true
\o       ...successful.
\o compose simulator input file...
\o       ...successful.
\o WARNING (ADE-3080): Fast viewing extensions for PSF XL format (also known as RTSF) will be discontinued  
\o        and Virtuoso Visualization and Analysis XL will not use RTSF data to plot waveforms from IC6.1.8 ISR7 onward. 
\o        There will be no performance impact on data visualization due to this change.
\o [2026-06-02 17:43:00.001 Z] [PROCESS] [cadence.virtuoso.ade.services.netlister] - Current memory used: 874.9141 MBytes, peak memory used: 874.9141 MBytes {"hostname": "il2244vt26_hrahimi", "processid": 2065497, "testname": "PTAT", "point": 10, "logfile": "/home/hrahimi/projects/POTENTIOSTAT_26/logs_hrahimi/logs0/Service211.log"}
\o [2026-06-02 17:43:00.255 Z] [INFO] [cadence.virtuoso.ade.services.netlister] - Finished netlisting {"point": 10, "testname": "PTAT"}
\o [2026-06-02 17:43:00.276 Z] [EVENT] [cadence.virtuoso.ade.services.netlister] - NewPoint {"point": 11, "testname": "PTAT", "event": "NewPoint", "EventSource": "Netlist Service", "HistoryName": "Interactive.343", "logFile": "/home/hrahimi/projects/POTENTIOSTAT_26/logs_hrahimi/logs0/Service211.log", "logFileSize": "399803"}
\o [2026-06-02 17:43:00.277 Z] [INFO] [cadence.virtuoso.ade.services.netlister] - Started netlisting {"point": 11, "testname": "PTAT"}
\o Resetting statistical vars
\o 
\o *Info*    Setting parameter values ...
\o 
\o Setting var temperature = "85"
\o Setting temp(T) = 85
\o 
\o *Info*    Netlist Directory =
\o           /home/hrahimi/projects/POTENTIOSTAT_26/Sim/Potentiostat_Top/top/maestro/results/maestro/Interactive.343/11/PTAT/netlist
\o 
\o 
\o *Info*    Data Directory    =
\o           /home/hrahimi/projects/POTENTIOSTAT_26/Sim/Potentiostat_Top/top/maestro/results/maestro/Interactive.343/11/PTAT
\o 
\o Reusing AHDL Data dir
\o generate netlist...
\o function ansCdlCompPrim redefined
\o Ignoring netlist creation since ignoreDesignChangesDuringRun is set to true
\o       ...successful.
\o compose simulator input file...
\o       ...successful.
\o WARNING (ADE-3080): Fast viewing extensions for PSF XL format (also known as RTSF) will be discontinued  
\o        and Virtuoso Visualization and Analysis XL will not use RTSF data to plot waveforms from IC6.1.8 ISR7 onward. 
\o        There will be no performance impact on data visualization due to this change.
\o [2026-06-02 17:43:01.142 Z] [PROCESS] [cadence.virtuoso.ade.services.netlister] - Current memory used: 874.9141 MBytes, peak memory used: 874.9141 MBytes {"hostname": "il2244vt26_hrahimi", "processid": 2065497, "testname": "PTAT", "point": 11, "logfile": "/home/hrahimi/projects/POTENTIOSTAT_26/logs_hrahimi/logs0/Service211.log"}
\o [2026-06-02 17:43:01.143 Z] [INFO] [cadence.virtuoso.ade.services.netlister] - Finished netlisting {"point": 11, "testname": "PTAT"}
\o [2026-06-02 17:43:01.146 Z] [EVENT] [cadence.virtuoso.ade.services.netlister] - NewPoint {"point": 12, "testname": "PTAT", "event": "NewPoint", "EventSource": "Netlist Service", "HistoryName": "Interactive.343", "logFile": "/home/hrahimi/projects/POTENTIOSTAT_26/logs_hrahimi/logs0/Service211.log", "logFileSize": "401778"}
\o [2026-06-02 17:43:01.146 Z] [INFO] [cadence.virtuoso.ade.services.netlister] - Started netlisting {"point": 12, "testname": "PTAT"}
\o Resetting statistical vars
\o 
\o *Info*    Setting parameter values ...
\o 
\o Setting var temperature = "-40"
\o Setting temp(T) = -40
\o Setting var vdd = "3.63"
\o 
\o *Info*    Netlist Directory =
\o           /home/hrahimi/projects/POTENTIOSTAT_26/Sim/Potentiostat_Top/top/maestro/results/maestro/Interactive.343/12/PTAT/netlist
\o 
\o 
\o *Info*    Data Directory    =
\o           /home/hrahimi/projects/POTENTIOSTAT_26/Sim/Potentiostat_Top/top/maestro/results/maestro/Interactive.343/12/PTAT
\o 
\o Reusing AHDL Data dir
\o generate netlist...
\o function ansCdlCompPrim redefined
\o Ignoring netlist creation since ignoreDesignChangesDuringRun is set to true
\o       ...successful.
\o compose simulator input file...
\o       ...successful.
\o WARNING (ADE-3080): Fast viewing extensions for PSF XL format (also known as RTSF) will be discontinued  
\o        and Virtuoso Visualization and Analysis XL will not use RTSF data to plot waveforms from IC6.1.8 ISR7 onward. 
\o        There will be no performance impact on data visualization due to this change.
\o [2026-06-02 17:43:01.934 Z] [PROCESS] [cadence.virtuoso.ade.services.netlister] - Current memory used: 874.9141 MBytes, peak memory used: 874.9141 MBytes {"hostname": "il2244vt26_hrahimi", "processid": 2065497, "testname": "PTAT", "point": 12, "logfile": "/home/hrahimi/projects/POTENTIOSTAT_26/logs_hrahimi/logs0/Service211.log"}
\o [2026-06-02 17:43:01.935 Z] [INFO] [cadence.virtuoso.ade.services.netlister] - Finished netlisting {"point": 12, "testname": "PTAT"}
\o [2026-06-02 17:43:01.938 Z] [EVENT] [cadence.virtuoso.ade.services.netlister] - NewPoint {"point": 13, "testname": "PTAT", "event": "NewPoint", "EventSource": "Netlist Service", "HistoryName": "Interactive.343", "logFile": "/home/hrahimi/projects/POTENTIOSTAT_26/logs_hrahimi/logs0/Service211.log", "logFileSize": "403783"}
\o [2026-06-02 17:43:01.938 Z] [INFO] [cadence.virtuoso.ade.services.netlister] - Started netlisting {"point": 13, "testname": "PTAT"}
\o Resetting statistical vars
\o 
\o *Info*    Setting parameter values ...
\o 
\o Setting var temperature = "85"
\o Setting temp(T) = 85
\o 
\o *Info*    Netlist Directory =
\o           /home/hrahimi/projects/POTENTIOSTAT_26/Sim/Potentiostat_Top/top/maestro/results/maestro/Interactive.343/13/PTAT/netlist
\o 
\o 
\o *Info*    Data Directory    =
\o           /home/hrahimi/projects/POTENTIOSTAT_26/Sim/Potentiostat_Top/top/maestro/results/maestro/Interactive.343/13/PTAT
\o 
\o Reusing AHDL Data dir
\o generate netlist...
\o function ansCdlCompPrim redefined
\o Ignoring netlist creation since ignoreDesignChangesDuringRun is set to true
\o       ...successful.
\o compose simulator input file...
\o       ...successful.
\o WARNING (ADE-3080): Fast viewing extensions for PSF XL format (also known as RTSF) will be discontinued  
\o        and Virtuoso Visualization and Analysis XL will not use RTSF data to plot waveforms from IC6.1.8 ISR7 onward. 
\o        There will be no performance impact on data visualization due to this change.
\o [2026-06-02 17:43:02.581 Z] [PROCESS] [cadence.virtuoso.ade.services.netlister] - Current memory used: 874.9141 MBytes, peak memory used: 874.9141 MBytes {"hostname": "il2244vt26_hrahimi", "processid": 2065497, "testname": "PTAT", "point": 13, "logfile": "/home/hrahimi/projects/POTENTIOSTAT_26/logs_hrahimi/logs0/Service211.log"}
\o [2026-06-02 17:43:02.582 Z] [INFO] [cadence.virtuoso.ade.services.netlister] - Finished netlisting {"point": 13, "testname": "PTAT"}
\o [2026-06-02 17:43:02.585 Z] [EVENT] [cadence.virtuoso.ade.services.netlister] - NewPoint {"point": 14, "testname": "PTAT", "event": "NewPoint", "EventSource": "Netlist Service", "HistoryName": "Interactive.343", "logFile": "/home/hrahimi/projects/POTENTIOSTAT_26/logs_hrahimi/logs0/Service211.log", "logFileSize": "405758"}
\o [2026-06-02 17:43:02.585 Z] [INFO] [cadence.virtuoso.ade.services.netlister] - Started netlisting {"point": 14, "testname": "PTAT"}
\o Resetting statistical vars
\o 
\o *Info*    Setting parameter values ...
\o 
\o Setting var temperature = "-40"
\o Setting temp(T) = -40
\o Setting var vdd = "2.97"
\o 
\o *Info*    Netlist Directory =
\o           /home/hrahimi/projects/POTENTIOSTAT_26/Sim/Potentiostat_Top/top/maestro/results/maestro/Interactive.343/14/PTAT/netlist
\o 
\o 
\o *Info*    Data Directory    =
\o           /home/hrahimi/projects/POTENTIOSTAT_26/Sim/Potentiostat_Top/top/maestro/results/maestro/Interactive.343/14/PTAT
\o 
\o Reusing AHDL Data dir
\o generate netlist...
\o function ansCdlCompPrim redefined
\o Ignoring netlist creation since ignoreDesignChangesDuringRun is set to true
\o       ...successful.
\o compose simulator input file...
\o       ...successful.
\o WARNING (ADE-3080): Fast viewing extensions for PSF XL format (also known as RTSF) will be discontinued  
\o        and Virtuoso Visualization and Analysis XL will not use RTSF data to plot waveforms from IC6.1.8 ISR7 onward. 
\o        There will be no performance impact on data visualization due to this change.
\o [2026-06-02 17:43:03.272 Z] [PROCESS] [cadence.virtuoso.ade.services.netlister] - Current memory used: 874.9141 MBytes, peak memory used: 874.9141 MBytes {"hostname": "il2244vt26_hrahimi", "processid": 2065497, "testname": "PTAT", "point": 14, "logfile": "/home/hrahimi/projects/POTENTIOSTAT_26/logs_hrahimi/logs0/Service211.log"}
\o [2026-06-02 17:43:03.273 Z] [INFO] [cadence.virtuoso.ade.services.netlister] - Finished netlisting {"point": 14, "testname": "PTAT"}
\o [2026-06-02 17:43:03.276 Z] [EVENT] [cadence.virtuoso.ade.services.netlister] - NewPoint {"point": 15, "testname": "PTAT", "event": "NewPoint", "EventSource": "Netlist Service", "HistoryName": "Interactive.343", "logFile": "/home/hrahimi/projects/POTENTIOSTAT_26/logs_hrahimi/logs0/Service211.log", "logFileSize": "407763"}
\o [2026-06-02 17:43:03.277 Z] [INFO] [cadence.virtuoso.ade.services.netlister] - Started netlisting {"point": 15, "testname": "PTAT"}
\o Resetting statistical vars
\o 
\o *Info*    Setting parameter values ...
\o 
\o Setting var temperature = "85"
\o Setting temp(T) = 85
\o 
\o *Info*    Netlist Directory =
\o           /home/hrahimi/projects/POTENTIOSTAT_26/Sim/Potentiostat_Top/top/maestro/results/maestro/Interactive.343/15/PTAT/netlist
\o 
\o 
\o *Info*    Data Directory    =
\o           /home/hrahimi/projects/POTENTIOSTAT_26/Sim/Potentiostat_Top/top/maestro/results/maestro/Interactive.343/15/PTAT
\o 
\o Reusing AHDL Data dir
\o generate netlist...
\o function ansCdlCompPrim redefined
\o Ignoring netlist creation since ignoreDesignChangesDuringRun is set to true
\o       ...successful.
\o compose simulator input file...
\o       ...successful.
\o WARNING (ADE-3080): Fast viewing extensions for PSF XL format (also known as RTSF) will be discontinued  
\o        and Virtuoso Visualization and Analysis XL will not use RTSF data to plot waveforms from IC6.1.8 ISR7 onward. 
\o        There will be no performance impact on data visualization due to this change.
\o [2026-06-02 17:43:03.903 Z] [PROCESS] [cadence.virtuoso.ade.services.netlister] - Current memory used: 874.9141 MBytes, peak memory used: 874.9141 MBytes {"hostname": "il2244vt26_hrahimi", "processid": 2065497, "testname": "PTAT", "point": 15, "logfile": "/home/hrahimi/projects/POTENTIOSTAT_26/logs_hrahimi/logs0/Service211.log"}
\o [2026-06-02 17:43:03.903 Z] [INFO] [cadence.virtuoso.ade.services.netlister] - Finished netlisting {"point": 15, "testname": "PTAT"}
\o [2026-06-02 17:43:03.906 Z] [EVENT] [cadence.virtuoso.ade.services.netlister] - NewPoint {"point": 16, "testname": "PTAT", "event": "NewPoint", "EventSource": "Netlist Service", "HistoryName": "Interactive.343", "logFile": "/home/hrahimi/projects/POTENTIOSTAT_26/logs_hrahimi/logs0/Service211.log", "logFileSize": "409738"}
\o [2026-06-02 17:43:03.906 Z] [INFO] [cadence.virtuoso.ade.services.netlister] - Started netlisting {"point": 16, "testname": "PTAT"}
\o Resetting statistical vars
\o 
\o *Info*    Setting parameter values ...
\o 
\o Setting var temperature = "-40"
\o Setting temp(T) = -40
\o Setting var vdd = "3.63"
\o 
\o *Info*    Netlist Directory =
\o           /home/hrahimi/projects/POTENTIOSTAT_26/Sim/Potentiostat_Top/top/maestro/results/maestro/Interactive.343/16/PTAT/netlist
\o 
\o 
\o *Info*    Data Directory    =
\o           /home/hrahimi/projects/POTENTIOSTAT_26/Sim/Potentiostat_Top/top/maestro/results/maestro/Interactive.343/16/PTAT
\o 
\o Reusing AHDL Data dir
\o generate netlist...
\o function ansCdlCompPrim redefined
\o Ignoring netlist creation since ignoreDesignChangesDuringRun is set to true
\o       ...successful.
\o compose simulator input file...
\o       ...successful.
\o WARNING (ADE-3080): Fast viewing extensions for PSF XL format (also known as RTSF) will be discontinued  
\o        and Virtuoso Visualization and Analysis XL will not use RTSF data to plot waveforms from IC6.1.8 ISR7 onward. 
\o        There will be no performance impact on data visualization due to this change.
\o [2026-06-02 17:43:04.495 Z] [PROCESS] [cadence.virtuoso.ade.services.netlister] - Current memory used: 874.9141 MBytes, peak memory used: 874.9141 MBytes {"hostname": "il2244vt26_hrahimi", "processid": 2065497, "testname": "PTAT", "point": 16, "logfile": "/home/hrahimi/projects/POTENTIOSTAT_26/logs_hrahimi/logs0/Service211.log"}
\o [2026-06-02 17:43:04.496 Z] [INFO] [cadence.virtuoso.ade.services.netlister] - Finished netlisting {"point": 16, "testname": "PTAT"}
\o [2026-06-02 17:43:04.498 Z] [EVENT] [cadence.virtuoso.ade.services.netlister] - NewPoint {"point": 17, "testname": "PTAT", "event": "NewPoint", "EventSource": "Netlist Service", "HistoryName": "Interactive.343", "logFile": "/home/hrahimi/projects/POTENTIOSTAT_26/logs_hrahimi/logs0/Service211.log", "logFileSize": "411743"}
\o [2026-06-02 17:43:04.499 Z] [INFO] [cadence.virtuoso.ade.services.netlister] - Started netlisting {"point": 17, "testname": "PTAT"}
\o Resetting statistical vars
\o 
\o *Info*    Setting parameter values ...
\o 
\o Setting var temperature = "85"
\o Setting temp(T) = 85
\o 
\o *Info*    Netlist Directory =
\o           /home/hrahimi/projects/POTENTIOSTAT_26/Sim/Potentiostat_Top/top/maestro/results/maestro/Interactive.343/17/PTAT/netlist
\o 
\o 
\o *Info*    Data Directory    =
\o           /home/hrahimi/projects/POTENTIOSTAT_26/Sim/Potentiostat_Top/top/maestro/results/maestro/Interactive.343/17/PTAT
\o 
\o Reusing AHDL Data dir
\o generate netlist...
\o function ansCdlCompPrim redefined
\o Ignoring netlist creation since ignoreDesignChangesDuringRun is set to true
\o       ...successful.
\o compose simulator input file...
\o       ...successful.
\o WARNING (ADE-3080): Fast viewing extensions for PSF XL format (also known as RTSF) will be discontinued  
\o        and Virtuoso Visualization and Analysis XL will not use RTSF data to plot waveforms from IC6.1.8 ISR7 onward. 
\o        There will be no performance impact on data visualization due to this change.
\o [2026-06-02 17:43:05.078 Z] [PROCESS] [cadence.virtuoso.ade.services.netlister] - Current memory used: 874.9141 MBytes, peak memory used: 874.9141 MBytes {"hostname": "il2244vt26_hrahimi", "processid": 2065497, "testname": "PTAT", "point": 17, "logfile": "/home/hrahimi/projects/POTENTIOSTAT_26/logs_hrahimi/logs0/Service211.log"}
\o [2026-06-02 17:43:05.079 Z] [INFO] [cadence.virtuoso.ade.services.netlister] - Finished netlisting {"point": 17, "testname": "PTAT"}
\o [2026-06-02 17:43:05.081 Z] [EVENT] [cadence.virtuoso.ade.services.netlister] - NewPoint {"point": 18, "testname": "PTAT", "event": "NewPoint", "EventSource": "Netlist Service", "HistoryName": "Interactive.343", "logFile": "/home/hrahimi/projects/POTENTIOSTAT_26/logs_hrahimi/logs0/Service211.log", "logFileSize": "413718"}
\o [2026-06-02 17:43:05.081 Z] [INFO] [cadence.virtuoso.ade.services.netlister] - Started netlisting {"point": 18, "testname": "PTAT"}
\o Resetting statistical vars
\o 
\o *Info*    Setting parameter values ...
\o 
\o Setting var temperature = "-40"
\o Setting temp(T) = -40
\o Setting var vdd = "2.97"
\o 
\o *Info*    Netlist Directory =
\o           /home/hrahimi/projects/POTENTIOSTAT_26/Sim/Potentiostat_Top/top/maestro/results/maestro/Interactive.343/18/PTAT/netlist
\o 
\o 
\o *Info*    Data Directory    =
\o           /home/hrahimi/projects/POTENTIOSTAT_26/Sim/Potentiostat_Top/top/maestro/results/maestro/Interactive.343/18/PTAT
\o 
\o Reusing AHDL Data dir
\o generate netlist...
\o function ansCdlCompPrim redefined
\o Ignoring netlist creation since ignoreDesignChangesDuringRun is set to true
\o       ...successful.
\o compose simulator input file...
\o       ...successful.
\o WARNING (ADE-3080): Fast viewing extensions for PSF XL format (also known as RTSF) will be discontinued  
\o        and Virtuoso Visualization and Analysis XL will not use RTSF data to plot waveforms from IC6.1.8 ISR7 onward. 
\o        There will be no performance impact on data visualization due to this change.
\o [2026-06-02 17:43:05.639 Z] [PROCESS] [cadence.virtuoso.ade.services.netlister] - Current memory used: 874.9141 MBytes, peak memory used: 874.9141 MBytes {"hostname": "il2244vt26_hrahimi", "processid": 2065497, "testname": "PTAT", "point": 18, "logfile": "/home/hrahimi/projects/POTENTIOSTAT_26/logs_hrahimi/logs0/Service211.log"}
\o [2026-06-02 17:43:05.640 Z] [INFO] [cadence.virtuoso.ade.services.netlister] - Finished netlisting {"point": 18, "testname": "PTAT"}
\o [2026-06-02 17:43:05.642 Z] [EVENT] [cadence.virtuoso.ade.services.netlister] - NewPoint {"point": 19, "testname": "PTAT", "event": "NewPoint", "EventSource": "Netlist Service", "HistoryName": "Interactive.343", "logFile": "/home/hrahimi/projects/POTENTIOSTAT_26/logs_hrahimi/logs0/Service211.log", "logFileSize": "415723"}
\o [2026-06-02 17:43:05.643 Z] [INFO] [cadence.virtuoso.ade.services.netlister] - Started netlisting {"point": 19, "testname": "PTAT"}
\o Resetting statistical vars
\o 
\o *Info*    Setting parameter values ...
\o 
\o Setting var temperature = "85"
\o Setting temp(T) = 85
\o 
\o *Info*    Netlist Directory =
\o           /home/hrahimi/projects/POTENTIOSTAT_26/Sim/Potentiostat_Top/top/maestro/results/maestro/Interactive.343/19/PTAT/netlist
\o 
\o 
\o *Info*    Data Directory    =
\o           /home/hrahimi/projects/POTENTIOSTAT_26/Sim/Potentiostat_Top/top/maestro/results/maestro/Interactive.343/19/PTAT
\o 
\o Reusing AHDL Data dir
\o generate netlist...
\o function ansCdlCompPrim redefined
\o Ignoring netlist creation since ignoreDesignChangesDuringRun is set to true
\o       ...successful.
\o compose simulator input file...
\o       ...successful.
\o WARNING (ADE-3080): Fast viewing extensions for PSF XL format (also known as RTSF) will be discontinued  
\o        and Virtuoso Visualization and Analysis XL will not use RTSF data to plot waveforms from IC6.1.8 ISR7 onward. 
\o        There will be no performance impact on data visualization due to this change.
\o [2026-06-02 17:43:06.223 Z] [PROCESS] [cadence.virtuoso.ade.services.netlister] - Current memory used: 874.9141 MBytes, peak memory used: 874.9141 MBytes {"hostname": "il2244vt26_hrahimi", "processid": 2065497, "testname": "PTAT", "point": 19, "logfile": "/home/hrahimi/projects/POTENTIOSTAT_26/logs_hrahimi/logs0/Service211.log"}
\o [2026-06-02 17:43:06.224 Z] [INFO] [cadence.virtuoso.ade.services.netlister] - Finished netlisting {"point": 19, "testname": "PTAT"}
\o [2026-06-02 17:43:06.226 Z] [EVENT] [cadence.virtuoso.ade.services.netlister] - NewPoint {"point": 20, "testname": "PTAT", "event": "NewPoint", "EventSource": "Netlist Service", "HistoryName": "Interactive.343", "logFile": "/home/hrahimi/projects/POTENTIOSTAT_26/logs_hrahimi/logs0/Service211.log", "logFileSize": "417698"}
\o [2026-06-02 17:43:06.227 Z] [INFO] [cadence.virtuoso.ade.services.netlister] - Started netlisting {"point": 20, "testname": "PTAT"}
\o Resetting statistical vars
\o 
\o *Info*    Setting parameter values ...
\o 
\o Setting var temperature = "-40"
\o Setting temp(T) = -40
\o Setting var vdd = "3.63"
\o 
\o *Info*    Netlist Directory =
\o           /home/hrahimi/projects/POTENTIOSTAT_26/Sim/Potentiostat_Top/top/maestro/results/maestro/Interactive.343/20/PTAT/netlist
\o 
\o 
\o *Info*    Data Directory    =
\o           /home/hrahimi/projects/POTENTIOSTAT_26/Sim/Potentiostat_Top/top/maestro/results/maestro/Interactive.343/20/PTAT
\o 
\o Reusing AHDL Data dir
\o generate netlist...
\o function ansCdlCompPrim redefined
\o Ignoring netlist creation since ignoreDesignChangesDuringRun is set to true
\o       ...successful.
\o compose simulator input file...
\o       ...successful.
\o WARNING (ADE-3080): Fast viewing extensions for PSF XL format (also known as RTSF) will be discontinued  
\o        and Virtuoso Visualization and Analysis XL will not use RTSF data to plot waveforms from IC6.1.8 ISR7 onward. 
\o        There will be no performance impact on data visualization due to this change.
\o [2026-06-02 17:43:06.829 Z] [PROCESS] [cadence.virtuoso.ade.services.netlister] - Current memory used: 874.9141 MBytes, peak memory used: 874.9141 MBytes {"hostname": "il2244vt26_hrahimi", "processid": 2065497, "testname": "PTAT", "point": 20, "logfile": "/home/hrahimi/projects/POTENTIOSTAT_26/logs_hrahimi/logs0/Service211.log"}
\o [2026-06-02 17:43:06.830 Z] [INFO] [cadence.virtuoso.ade.services.netlister] - Finished netlisting {"point": 20, "testname": "PTAT"}
\o [2026-06-02 17:43:06.832 Z] [EVENT] [cadence.virtuoso.ade.services.netlister] - NewPoint {"point": 21, "testname": "PTAT", "event": "NewPoint", "EventSource": "Netlist Service", "HistoryName": "Interactive.343", "logFile": "/home/hrahimi/projects/POTENTIOSTAT_26/logs_hrahimi/logs0/Service211.log", "logFileSize": "419703"}
\o [2026-06-02 17:43:06.833 Z] [INFO] [cadence.virtuoso.ade.services.netlister] - Started netlisting {"point": 21, "testname": "PTAT"}
\o Resetting statistical vars
\o 
\o *Info*    Setting parameter values ...
\o 
\o Setting var temperature = "85"
\o Setting temp(T) = 85
\o 
\o *Info*    Netlist Directory =
\o           /home/hrahimi/projects/POTENTIOSTAT_26/Sim/Potentiostat_Top/top/maestro/results/maestro/Interactive.343/21/PTAT/netlist
\o 
\o 
\o *Info*    Data Directory    =
\o           /home/hrahimi/projects/POTENTIOSTAT_26/Sim/Potentiostat_Top/top/maestro/results/maestro/Interactive.343/21/PTAT
\o 
\o Reusing AHDL Data dir
\o generate netlist...
\o function ansCdlCompPrim redefined
\o Ignoring netlist creation since ignoreDesignChangesDuringRun is set to true
\o       ...successful.
\o compose simulator input file...
\o       ...successful.
\o WARNING (ADE-3080): Fast viewing extensions for PSF XL format (also known as RTSF) will be discontinued  
\o        and Virtuoso Visualization and Analysis XL will not use RTSF data to plot waveforms from IC6.1.8 ISR7 onward. 
\o        There will be no performance impact on data visualization due to this change.
\o [2026-06-02 17:43:07.403 Z] [PROCESS] [cadence.virtuoso.ade.services.netlister] - Current memory used: 874.9141 MBytes, peak memory used: 874.9141 MBytes {"hostname": "il2244vt26_hrahimi", "processid": 2065497, "testname": "PTAT", "point": 21, "logfile": "/home/hrahimi/projects/POTENTIOSTAT_26/logs_hrahimi/logs0/Service211.log"}
\o [2026-06-02 17:43:07.404 Z] [INFO] [cadence.virtuoso.ade.services.netlister] - Finished netlisting {"point": 21, "testname": "PTAT"}
\o [2026-06-02 17:43:07.406 Z] [EVENT] [cadence.virtuoso.ade.services.netlister] - NewPoint {"point": 22, "testname": "PTAT", "event": "NewPoint", "EventSource": "Netlist Service", "HistoryName": "Interactive.343", "logFile": "/home/hrahimi/projects/POTENTIOSTAT_26/logs_hrahimi/logs0/Service211.log", "logFileSize": "421678"}
\o [2026-06-02 17:43:07.406 Z] [INFO] [cadence.virtuoso.ade.services.netlister] - Started netlisting {"point": 22, "testname": "PTAT"}
\o Resetting statistical vars
\o 
\o *Info*    Setting parameter values ...
\o 
\o Setting var temperature = "-40"
\o Setting temp(T) = -40
\o Setting var vdd = "2.97"
\o 
\o *Info*    Netlist Directory =
\o           /home/hrahimi/projects/POTENTIOSTAT_26/Sim/Potentiostat_Top/top/maestro/results/maestro/Interactive.343/22/PTAT/netlist
\o 
\o 
\o *Info*    Data Directory    =
\o           /home/hrahimi/projects/POTENTIOSTAT_26/Sim/Potentiostat_Top/top/maestro/results/maestro/Interactive.343/22/PTAT
\o 
\o Reusing AHDL Data dir
\o generate netlist...
\o function ansCdlCompPrim redefined
\o Ignoring netlist creation since ignoreDesignChangesDuringRun is set to true
\o       ...successful.
\o compose simulator input file...
\o       ...successful.
\o WARNING (ADE-3080): Fast viewing extensions for PSF XL format (also known as RTSF) will be discontinued  
\o        and Virtuoso Visualization and Analysis XL will not use RTSF data to plot waveforms from IC6.1.8 ISR7 onward. 
\o        There will be no performance impact on data visualization due to this change.
\o [2026-06-02 17:43:08.195 Z] [PROCESS] [cadence.virtuoso.ade.services.netlister] - Current memory used: 874.9141 MBytes, peak memory used: 874.9141 MBytes {"hostname": "il2244vt26_hrahimi", "processid": 2065497, "testname": "PTAT", "point": 22, "logfile": "/home/hrahimi/projects/POTENTIOSTAT_26/logs_hrahimi/logs0/Service211.log"}
\o [2026-06-02 17:43:08.196 Z] [INFO] [cadence.virtuoso.ade.services.netlister] - Finished netlisting {"point": 22, "testname": "PTAT"}
\o [2026-06-02 17:43:08.198 Z] [EVENT] [cadence.virtuoso.ade.services.netlister] - NewPoint {"point": 23, "testname": "PTAT", "event": "NewPoint", "EventSource": "Netlist Service", "HistoryName": "Interactive.343", "logFile": "/home/hrahimi/projects/POTENTIOSTAT_26/logs_hrahimi/logs0/Service211.log", "logFileSize": "423683"}
\o [2026-06-02 17:43:08.199 Z] [INFO] [cadence.virtuoso.ade.services.netlister] - Started netlisting {"point": 23, "testname": "PTAT"}
\o Resetting statistical vars
\o 
\o *Info*    Setting parameter values ...
\o 
\o Setting var temperature = "85"
\o Setting temp(T) = 85
\o 
\o *Info*    Netlist Directory =
\o           /home/hrahimi/projects/POTENTIOSTAT_26/Sim/Potentiostat_Top/top/maestro/results/maestro/Interactive.343/23/PTAT/netlist
\o 
\o 
\o *Info*    Data Directory    =
\o           /home/hrahimi/projects/POTENTIOSTAT_26/Sim/Potentiostat_Top/top/maestro/results/maestro/Interactive.343/23/PTAT
\o 
\o Reusing AHDL Data dir
\o generate netlist...
\o function ansCdlCompPrim redefined
\o Ignoring netlist creation since ignoreDesignChangesDuringRun is set to true
\o       ...successful.
\o compose simulator input file...
\o       ...successful.
\o WARNING (ADE-3080): Fast viewing extensions for PSF XL format (also known as RTSF) will be discontinued  
\o        and Virtuoso Visualization and Analysis XL will not use RTSF data to plot waveforms from IC6.1.8 ISR7 onward. 
\o        There will be no performance impact on data visualization due to this change.
\o [2026-06-02 17:43:08.762 Z] [PROCESS] [cadence.virtuoso.ade.services.netlister] - Current memory used: 874.9141 MBytes, peak memory used: 874.9141 MBytes {"hostname": "il2244vt26_hrahimi", "processid": 2065497, "testname": "PTAT", "point": 23, "logfile": "/home/hrahimi/projects/POTENTIOSTAT_26/logs_hrahimi/logs0/Service211.log"}
\o [2026-06-02 17:43:08.763 Z] [INFO] [cadence.virtuoso.ade.services.netlister] - Finished netlisting {"point": 23, "testname": "PTAT"}
\o [2026-06-02 17:43:08.765 Z] [EVENT] [cadence.virtuoso.ade.services.netlister] - NewPoint {"point": 24, "testname": "PTAT", "event": "NewPoint", "EventSource": "Netlist Service", "HistoryName": "Interactive.343", "logFile": "/home/hrahimi/projects/POTENTIOSTAT_26/logs_hrahimi/logs0/Service211.log", "logFileSize": "425658"}
\o [2026-06-02 17:43:08.765 Z] [INFO] [cadence.virtuoso.ade.services.netlister] - Started netlisting {"point": 24, "testname": "PTAT"}
\o Resetting statistical vars
\o 
\o *Info*    Setting parameter values ...
\o 
\o Setting var temperature = "-40"
\o Setting temp(T) = -40
\o Setting var vdd = "3.63"
\o 
\o *Info*    Netlist Directory =
\o           /home/hrahimi/projects/POTENTIOSTAT_26/Sim/Potentiostat_Top/top/maestro/results/maestro/Interactive.343/24/PTAT/netlist
\o 
\o 
\o *Info*    Data Directory    =
\o           /home/hrahimi/projects/POTENTIOSTAT_26/Sim/Potentiostat_Top/top/maestro/results/maestro/Interactive.343/24/PTAT
\o 
\o Reusing AHDL Data dir
\o generate netlist...
\o function ansCdlCompPrim redefined
\o Ignoring netlist creation since ignoreDesignChangesDuringRun is set to true
\o       ...successful.
\o compose simulator input file...
\o       ...successful.
\o WARNING (ADE-3080): Fast viewing extensions for PSF XL format (also known as RTSF) will be discontinued  
\o        and Virtuoso Visualization and Analysis XL will not use RTSF data to plot waveforms from IC6.1.8 ISR7 onward. 
\o        There will be no performance impact on data visualization due to this change.
\o [2026-06-02 17:43:09.330 Z] [PROCESS] [cadence.virtuoso.ade.services.netlister] - Current memory used: 874.9141 MBytes, peak memory used: 874.9141 MBytes {"hostname": "il2244vt26_hrahimi", "processid": 2065497, "testname": "PTAT", "point": 24, "logfile": "/home/hrahimi/projects/POTENTIOSTAT_26/logs_hrahimi/logs0/Service211.log"}
\o [2026-06-02 17:43:09.331 Z] [INFO] [cadence.virtuoso.ade.services.netlister] - Finished netlisting {"point": 24, "testname": "PTAT"}
\o [2026-06-02 17:43:09.333 Z] [EVENT] [cadence.virtuoso.ade.services.netlister] - NewPoint {"point": 25, "testname": "PTAT", "event": "NewPoint", "EventSource": "Netlist Service", "HistoryName": "Interactive.343", "logFile": "/home/hrahimi/projects/POTENTIOSTAT_26/logs_hrahimi/logs0/Service211.log", "logFileSize": "427663"}
\o [2026-06-02 17:43:09.334 Z] [INFO] [cadence.virtuoso.ade.services.netlister] - Started netlisting {"point": 25, "testname": "PTAT"}
\o Resetting statistical vars
\o 
\o *Info*    Setting parameter values ...
\o 
\o Setting var temperature = "85"
\o Setting temp(T) = 85
\o 
\o *Info*    Netlist Directory =
\o           /home/hrahimi/projects/POTENTIOSTAT_26/Sim/Potentiostat_Top/top/maestro/results/maestro/Interactive.343/25/PTAT/netlist
\o 
\o 
\o *Info*    Data Directory    =
\o           /home/hrahimi/projects/POTENTIOSTAT_26/Sim/Potentiostat_Top/top/maestro/results/maestro/Interactive.343/25/PTAT
\o 
\o Reusing AHDL Data dir
\o generate netlist...
\o function ansCdlCompPrim redefined
\o Ignoring netlist creation since ignoreDesignChangesDuringRun is set to true
\o       ...successful.
\o compose simulator input file...
\o       ...successful.
\o WARNING (ADE-3080): Fast viewing extensions for PSF XL format (also known as RTSF) will be discontinued  
\o        and Virtuoso Visualization and Analysis XL will not use RTSF data to plot waveforms from IC6.1.8 ISR7 onward. 
\o        There will be no performance impact on data visualization due to this change.
\o [2026-06-02 17:43:09.925 Z] [PROCESS] [cadence.virtuoso.ade.services.netlister] - Current memory used: 874.9141 MBytes, peak memory used: 874.9141 MBytes {"hostname": "il2244vt26_hrahimi", "processid": 2065497, "testname": "PTAT", "point": 25, "logfile": "/home/hrahimi/projects/POTENTIOSTAT_26/logs_hrahimi/logs0/Service211.log"}
\o [2026-06-02 17:43:09.925 Z] [INFO] [cadence.virtuoso.ade.services.netlister] - Finished netlisting {"point": 25, "testname": "PTAT"}
\o [2026-06-02 17:43:09.928 Z] [EVENT] [cadence.virtuoso.ade.services.netlister] - NewPoint {"point": 26, "testname": "PTAT", "event": "NewPoint", "EventSource": "Netlist Service", "HistoryName": "Interactive.343", "logFile": "/home/hrahimi/projects/POTENTIOSTAT_26/logs_hrahimi/logs0/Service211.log", "logFileSize": "429638"}
\o [2026-06-02 17:43:09.928 Z] [INFO] [cadence.virtuoso.ade.services.netlister] - Started netlisting {"point": 26, "testname": "PTAT"}
\o Resetting statistical vars
\o 
\o *Info*    Setting parameter values ...
\o 
\o Setting var temperature = "-40"
\o Setting temp(T) = -40
\o Setting var vdd = "2.97"
\o 
\o *Info*    Netlist Directory =
\o           /home/hrahimi/projects/POTENTIOSTAT_26/Sim/Potentiostat_Top/top/maestro/results/maestro/Interactive.343/26/PTAT/netlist
\o 
\o 
\o *Info*    Data Directory    =
\o           /home/hrahimi/projects/POTENTIOSTAT_26/Sim/Potentiostat_Top/top/maestro/results/maestro/Interactive.343/26/PTAT
\o 
\o Reusing AHDL Data dir
\o generate netlist...
\o function ansCdlCompPrim redefined
\o Ignoring netlist creation since ignoreDesignChangesDuringRun is set to true
\o       ...successful.
\o compose simulator input file...
\o       ...successful.
\o WARNING (ADE-3080): Fast viewing extensions for PSF XL format (also known as RTSF) will be discontinued  
\o        and Virtuoso Visualization and Analysis XL will not use RTSF data to plot waveforms from IC6.1.8 ISR7 onward. 
\o        There will be no performance impact on data visualization due to this change.
\o [2026-06-02 17:43:10.493 Z] [PROCESS] [cadence.virtuoso.ade.services.netlister] - Current memory used: 874.9141 MBytes, peak memory used: 874.9141 MBytes {"hostname": "il2244vt26_hrahimi", "processid": 2065497, "testname": "PTAT", "point": 26, "logfile": "/home/hrahimi/projects/POTENTIOSTAT_26/logs_hrahimi/logs0/Service211.log"}
\o [2026-06-02 17:43:10.498 Z] [INFO] [cadence.virtuoso.ade.services.netlister] - Finished netlisting {"point": 26, "testname": "PTAT"}
\o [2026-06-02 17:43:10.501 Z] [EVENT] [cadence.virtuoso.ade.services.netlister] - NewPoint {"point": 27, "testname": "PTAT", "event": "NewPoint", "EventSource": "Netlist Service", "HistoryName": "Interactive.343", "logFile": "/home/hrahimi/projects/POTENTIOSTAT_26/logs_hrahimi/logs0/Service211.log", "logFileSize": "431643"}
\o [2026-06-02 17:43:10.502 Z] [INFO] [cadence.virtuoso.ade.services.netlister] - Started netlisting {"point": 27, "testname": "PTAT"}
\o Resetting statistical vars
\o 
\o *Info*    Setting parameter values ...
\o 
\o Setting var temperature = "85"
\o Setting temp(T) = 85
\o 
\o *Info*    Netlist Directory =
\o           /home/hrahimi/projects/POTENTIOSTAT_26/Sim/Potentiostat_Top/top/maestro/results/maestro/Interactive.343/27/PTAT/netlist
\o 
\o 
\o *Info*    Data Directory    =
\o           /home/hrahimi/projects/POTENTIOSTAT_26/Sim/Potentiostat_Top/top/maestro/results/maestro/Interactive.343/27/PTAT
\o 
\o Reusing AHDL Data dir
\o generate netlist...
\o function ansCdlCompPrim redefined
\o Ignoring netlist creation since ignoreDesignChangesDuringRun is set to true
\o       ...successful.
\o compose simulator input file...
\o       ...successful.
\o WARNING (ADE-3080): Fast viewing extensions for PSF XL format (also known as RTSF) will be discontinued  
\o        and Virtuoso Visualization and Analysis XL will not use RTSF data to plot waveforms from IC6.1.8 ISR7 onward. 
\o        There will be no performance impact on data visualization due to this change.
\o [2026-06-02 17:43:11.122 Z] [PROCESS] [cadence.virtuoso.ade.services.netlister] - Current memory used: 874.9141 MBytes, peak memory used: 874.9141 MBytes {"hostname": "il2244vt26_hrahimi", "processid": 2065497, "testname": "PTAT", "point": 27, "logfile": "/home/hrahimi/projects/POTENTIOSTAT_26/logs_hrahimi/logs0/Service211.log"}
\o [2026-06-02 17:43:11.123 Z] [INFO] [cadence.virtuoso.ade.services.netlister] - Finished netlisting {"point": 27, "testname": "PTAT"}
\o [2026-06-02 17:43:11.126 Z] [EVENT] [cadence.virtuoso.ade.services.netlister] - NewPoint {"point": 28, "testname": "PTAT", "event": "NewPoint", "EventSource": "Netlist Service", "HistoryName": "Interactive.343", "logFile": "/home/hrahimi/projects/POTENTIOSTAT_26/logs_hrahimi/logs0/Service211.log", "logFileSize": "433618"}
\o [2026-06-02 17:43:11.126 Z] [INFO] [cadence.virtuoso.ade.services.netlister] - Started netlisting {"point": 28, "testname": "PTAT"}
\o Resetting statistical vars
\o 
\o *Info*    Setting parameter values ...
\o 
\o Setting var temperature = "-40"
\o Setting temp(T) = -40
\o Setting var vdd = "3.63"
\o 
\o *Info*    Netlist Directory =
\o           /home/hrahimi/projects/POTENTIOSTAT_26/Sim/Potentiostat_Top/top/maestro/results/maestro/Interactive.343/28/PTAT/netlist
\o 
\o 
\o *Info*    Data Directory    =
\o           /home/hrahimi/projects/POTENTIOSTAT_26/Sim/Potentiostat_Top/top/maestro/results/maestro/Interactive.343/28/PTAT
\o 
\o Reusing AHDL Data dir
\o generate netlist...
\o function ansCdlCompPrim redefined
\o Ignoring netlist creation since ignoreDesignChangesDuringRun is set to true
\o       ...successful.
\o compose simulator input file...
\o       ...successful.
\o WARNING (ADE-3080): Fast viewing extensions for PSF XL format (also known as RTSF) will be discontinued  
\o        and Virtuoso Visualization and Analysis XL will not use RTSF data to plot waveforms from IC6.1.8 ISR7 onward. 
\o        There will be no performance impact on data visualization due to this change.
\o [2026-06-02 17:43:11.744 Z] [PROCESS] [cadence.virtuoso.ade.services.netlister] - Current memory used: 874.9141 MBytes, peak memory used: 874.9141 MBytes {"hostname": "il2244vt26_hrahimi", "processid": 2065497, "testname": "PTAT", "point": 28, "logfile": "/home/hrahimi/projects/POTENTIOSTAT_26/logs_hrahimi/logs0/Service211.log"}
\o [2026-06-02 17:43:11.745 Z] [INFO] [cadence.virtuoso.ade.services.netlister] - Finished netlisting {"point": 28, "testname": "PTAT"}
\o [2026-06-02 17:43:11.748 Z] [EVENT] [cadence.virtuoso.ade.services.netlister] - NewPoint {"point": 29, "testname": "PTAT", "event": "NewPoint", "EventSource": "Netlist Service", "HistoryName": "Interactive.343", "logFile": "/home/hrahimi/projects/POTENTIOSTAT_26/logs_hrahimi/logs0/Service211.log", "logFileSize": "435623"}
\o [2026-06-02 17:43:11.748 Z] [INFO] [cadence.virtuoso.ade.services.netlister] - Started netlisting {"point": 29, "testname": "PTAT"}
\o Resetting statistical vars
\o 
\o *Info*    Setting parameter values ...
\o 
\o Setting var temperature = "85"
\o Setting temp(T) = 85
\o 
\o *Info*    Netlist Directory =
\o           /home/hrahimi/projects/POTENTIOSTAT_26/Sim/Potentiostat_Top/top/maestro/results/maestro/Interactive.343/29/PTAT/netlist
\o 
\o 
\o *Info*    Data Directory    =
\o           /home/hrahimi/projects/POTENTIOSTAT_26/Sim/Potentiostat_Top/top/maestro/results/maestro/Interactive.343/29/PTAT
\o 
\o Reusing AHDL Data dir
\o generate netlist...
\o function ansCdlCompPrim redefined
\o Ignoring netlist creation since ignoreDesignChangesDuringRun is set to true
\o       ...successful.
\o compose simulator input file...
\o       ...successful.
\o WARNING (ADE-3080): Fast viewing extensions for PSF XL format (also known as RTSF) will be discontinued  
\o        and Virtuoso Visualization and Analysis XL will not use RTSF data to plot waveforms from IC6.1.8 ISR7 onward. 
\o        There will be no performance impact on data visualization due to this change.
\o [2026-06-02 17:43:12.377 Z] [PROCESS] [cadence.virtuoso.ade.services.netlister] - Current memory used: 874.9141 MBytes, peak memory used: 874.9141 MBytes {"hostname": "il2244vt26_hrahimi", "processid": 2065497, "testname": "PTAT", "point": 29, "logfile": "/home/hrahimi/projects/POTENTIOSTAT_26/logs_hrahimi/logs0/Service211.log"}
\o [2026-06-02 17:43:12.378 Z] [INFO] [cadence.virtuoso.ade.services.netlister] - Finished netlisting {"point": 29, "testname": "PTAT"}
\o [2026-06-02 17:43:12.381 Z] [EVENT] [cadence.virtuoso.ade.services.netlister] - NewPoint {"point": 30, "testname": "PTAT", "event": "NewPoint", "EventSource": "Netlist Service", "HistoryName": "Interactive.343", "logFile": "/home/hrahimi/projects/POTENTIOSTAT_26/logs_hrahimi/logs0/Service211.log", "logFileSize": "437598"}
\o [2026-06-02 17:43:12.381 Z] [INFO] [cadence.virtuoso.ade.services.netlister] - Started netlisting {"point": 30, "testname": "PTAT"}
\o Resetting statistical vars
\o 
\o *Info*    Setting parameter values ...
\o 
\o Setting var temperature = "-40"
\o Setting temp(T) = -40
\o Setting var vdd = "2.97"
\o 
\o *Info*    Netlist Directory =
\o           /home/hrahimi/projects/POTENTIOSTAT_26/Sim/Potentiostat_Top/top/maestro/results/maestro/Interactive.343/30/PTAT/netlist
\o 
\o 
\o *Info*    Data Directory    =
\o           /home/hrahimi/projects/POTENTIOSTAT_26/Sim/Potentiostat_Top/top/maestro/results/maestro/Interactive.343/30/PTAT
\o 
\o Reusing AHDL Data dir
\o generate netlist...
\o function ansCdlCompPrim redefined
\o Ignoring netlist creation since ignoreDesignChangesDuringRun is set to true
\o       ...successful.
\o compose simulator input file...
\o       ...successful.
\o WARNING (ADE-3080): Fast viewing extensions for PSF XL format (also known as RTSF) will be discontinued  
\o        and Virtuoso Visualization and Analysis XL will not use RTSF data to plot waveforms from IC6.1.8 ISR7 onward. 
\o        There will be no performance impact on data visualization due to this change.
\o [2026-06-02 17:43:13.037 Z] [PROCESS] [cadence.virtuoso.ade.services.netlister] - Current memory used: 874.9141 MBytes, peak memory used: 874.9141 MBytes {"hostname": "il2244vt26_hrahimi", "processid": 2065497, "testname": "PTAT", "point": 30, "logfile": "/home/hrahimi/projects/POTENTIOSTAT_26/logs_hrahimi/logs0/Service211.log"}
\o [2026-06-02 17:43:13.038 Z] [INFO] [cadence.virtuoso.ade.services.netlister] - Finished netlisting {"point": 30, "testname": "PTAT"}
\o [2026-06-02 17:43:13.040 Z] [EVENT] [cadence.virtuoso.ade.services.netlister] - NewPoint {"point": 31, "testname": "PTAT", "event": "NewPoint", "EventSource": "Netlist Service", "HistoryName": "Interactive.343", "logFile": "/home/hrahimi/projects/POTENTIOSTAT_26/logs_hrahimi/logs0/Service211.log", "logFileSize": "439603"}
\o [2026-06-02 17:43:13.041 Z] [INFO] [cadence.virtuoso.ade.services.netlister] - Started netlisting {"point": 31, "testname": "PTAT"}
\o Resetting statistical vars
\o 
\o *Info*    Setting parameter values ...
\o 
\o Setting var temperature = "85"
\o Setting temp(T) = 85
\o 
\o *Info*    Netlist Directory =
\o           /home/hrahimi/projects/POTENTIOSTAT_26/Sim/Potentiostat_Top/top/maestro/results/maestro/Interactive.343/31/PTAT/netlist
\o 
\o 
\o *Info*    Data Directory    =
\o           /home/hrahimi/projects/POTENTIOSTAT_26/Sim/Potentiostat_Top/top/maestro/results/maestro/Interactive.343/31/PTAT
\o 
\o Reusing AHDL Data dir
\o generate netlist...
\o function ansCdlCompPrim redefined
\o Ignoring netlist creation since ignoreDesignChangesDuringRun is set to true
\o       ...successful.
\o compose simulator input file...
\o       ...successful.
\o WARNING (ADE-3080): Fast viewing extensions for PSF XL format (also known as RTSF) will be discontinued  
\o        and Virtuoso Visualization and Analysis XL will not use RTSF data to plot waveforms from IC6.1.8 ISR7 onward. 
\o        There will be no performance impact on data visualization due to this change.
\o [2026-06-02 17:43:13.615 Z] [PROCESS] [cadence.virtuoso.ade.services.netlister] - Current memory used: 874.9141 MBytes, peak memory used: 874.9141 MBytes {"hostname": "il2244vt26_hrahimi", "processid": 2065497, "testname": "PTAT", "point": 31, "logfile": "/home/hrahimi/projects/POTENTIOSTAT_26/logs_hrahimi/logs0/Service211.log"}
\o [2026-06-02 17:43:13.616 Z] [INFO] [cadence.virtuoso.ade.services.netlister] - Finished netlisting {"point": 31, "testname": "PTAT"}
\o [2026-06-02 17:43:13.619 Z] [EVENT] [cadence.virtuoso.ade.services.netlister] - NewPoint {"point": 32, "testname": "PTAT", "event": "NewPoint", "EventSource": "Netlist Service", "HistoryName": "Interactive.343", "logFile": "/home/hrahimi/projects/POTENTIOSTAT_26/logs_hrahimi/logs0/Service211.log", "logFileSize": "441578"}
\o [2026-06-02 17:43:13.619 Z] [INFO] [cadence.virtuoso.ade.services.netlister] - Started netlisting {"point": 32, "testname": "PTAT"}
\o Resetting statistical vars
\o 
\o *Info*    Setting parameter values ...
\o 
\o Setting var temperature = "-40"
\o Setting temp(T) = -40
\o Setting var vdd = "3.63"
\o 
\o *Info*    Netlist Directory =
\o           /home/hrahimi/projects/POTENTIOSTAT_26/Sim/Potentiostat_Top/top/maestro/results/maestro/Interactive.343/32/PTAT/netlist
\o 
\o 
\o *Info*    Data Directory    =
\o           /home/hrahimi/projects/POTENTIOSTAT_26/Sim/Potentiostat_Top/top/maestro/results/maestro/Interactive.343/32/PTAT
\o 
\o Reusing AHDL Data dir
\o generate netlist...
\o function ansCdlCompPrim redefined
\o Ignoring netlist creation since ignoreDesignChangesDuringRun is set to true
\o       ...successful.
\o compose simulator input file...
\o       ...successful.
\o WARNING (ADE-3080): Fast viewing extensions for PSF XL format (also known as RTSF) will be discontinued  
\o        and Virtuoso Visualization and Analysis XL will not use RTSF data to plot waveforms from IC6.1.8 ISR7 onward. 
\o        There will be no performance impact on data visualization due to this change.
\o [2026-06-02 17:43:14.283 Z] [PROCESS] [cadence.virtuoso.ade.services.netlister] - Current memory used: 874.9141 MBytes, peak memory used: 874.9141 MBytes {"hostname": "il2244vt26_hrahimi", "processid": 2065497, "testname": "PTAT", "point": 32, "logfile": "/home/hrahimi/projects/POTENTIOSTAT_26/logs_hrahimi/logs0/Service211.log"}
\o [2026-06-02 17:43:14.284 Z] [INFO] [cadence.virtuoso.ade.services.netlister] - Finished netlisting {"point": 32, "testname": "PTAT"}
\o [2026-06-02 17:43:14.286 Z] [EVENT] [cadence.virtuoso.ade.services.netlister] - NewPoint {"point": 33, "testname": "PTAT", "event": "NewPoint", "EventSource": "Netlist Service", "HistoryName": "Interactive.343", "logFile": "/home/hrahimi/projects/POTENTIOSTAT_26/logs_hrahimi/logs0/Service211.log", "logFileSize": "443583"}
\o [2026-06-02 17:43:14.286 Z] [INFO] [cadence.virtuoso.ade.services.netlister] - Started netlisting {"point": 33, "testname": "PTAT"}
\o Resetting statistical vars
\o 
\o *Info*    Setting parameter values ...
\o 
\o Setting var temperature = "85"
\o Setting temp(T) = 85
\o 
\o *Info*    Netlist Directory =
\o           /home/hrahimi/projects/POTENTIOSTAT_26/Sim/Potentiostat_Top/top/maestro/results/maestro/Interactive.343/33/PTAT/netlist
\o 
\o 
\o *Info*    Data Directory    =
\o           /home/hrahimi/projects/POTENTIOSTAT_26/Sim/Potentiostat_Top/top/maestro/results/maestro/Interactive.343/33/PTAT
\o 
\o Reusing AHDL Data dir
\o generate netlist...
\o function ansCdlCompPrim redefined
\o Ignoring netlist creation since ignoreDesignChangesDuringRun is set to true
\o       ...successful.
\o compose simulator input file...
\o       ...successful.
\o WARNING (ADE-3080): Fast viewing extensions for PSF XL format (also known as RTSF) will be discontinued  
\o        and Virtuoso Visualization and Analysis XL will not use RTSF data to plot waveforms from IC6.1.8 ISR7 onward. 
\o        There will be no performance impact on data visualization due to this change.
\o [2026-06-02 17:43:15.003 Z] [PROCESS] [cadence.virtuoso.ade.services.netlister] - Current memory used: 874.9141 MBytes, peak memory used: 874.9141 MBytes {"hostname": "il2244vt26_hrahimi", "processid": 2065497, "testname": "PTAT", "point": 33, "logfile": "/home/hrahimi/projects/POTENTIOSTAT_26/logs_hrahimi/logs0/Service211.log"}
\o [2026-06-02 17:43:15.005 Z] [INFO] [cadence.virtuoso.ade.services.netlister] - Finished netlisting {"point": 33, "testname": "PTAT"}
\o [2026-06-02 17:43:15.008 Z] [EVENT] [cadence.virtuoso.ade.services.netlister] - NewPoint {"point": 34, "testname": "PTAT", "event": "NewPoint", "EventSource": "Netlist Service", "HistoryName": "Interactive.343", "logFile": "/home/hrahimi/projects/POTENTIOSTAT_26/logs_hrahimi/logs0/Service211.log", "logFileSize": "445558"}
\o [2026-06-02 17:43:15.008 Z] [INFO] [cadence.virtuoso.ade.services.netlister] - Started netlisting {"point": 34, "testname": "PTAT"}
\o Resetting statistical vars
\o 
\o *Info*    Setting parameter values ...
\o 
\o Setting var temperature = "-40"
\o Setting temp(T) = -40
\o Setting var vdd = "2.97"
\o 
\o *Info*    Netlist Directory =
\o           /home/hrahimi/projects/POTENTIOSTAT_26/Sim/Potentiostat_Top/top/maestro/results/maestro/Interactive.343/34/PTAT/netlist
\o 
\o 
\o *Info*    Data Directory    =
\o           /home/hrahimi/projects/POTENTIOSTAT_26/Sim/Potentiostat_Top/top/maestro/results/maestro/Interactive.343/34/PTAT
\o 
\o Reusing AHDL Data dir
\o generate netlist...
\o function ansCdlCompPrim redefined
\o Ignoring netlist creation since ignoreDesignChangesDuringRun is set to true
\o       ...successful.
\o compose simulator input file...
\o       ...successful.
\o WARNING (ADE-3080): Fast viewing extensions for PSF XL format (also known as RTSF) will be discontinued  
\o        and Virtuoso Visualization and Analysis XL will not use RTSF data to plot waveforms from IC6.1.8 ISR7 onward. 
\o        There will be no performance impact on data visualization due to this change.
\o [2026-06-02 17:43:15.962 Z] [PROCESS] [cadence.virtuoso.ade.services.netlister] - Current memory used: 874.9141 MBytes, peak memory used: 874.9141 MBytes {"hostname": "il2244vt26_hrahimi", "processid": 2065497, "testname": "PTAT", "point": 34, "logfile": "/home/hrahimi/projects/POTENTIOSTAT_26/logs_hrahimi/logs0/Service211.log"}
\o [2026-06-02 17:43:15.963 Z] [INFO] [cadence.virtuoso.ade.services.netlister] - Finished netlisting {"point": 34, "testname": "PTAT"}
\o [2026-06-02 17:43:15.965 Z] [EVENT] [cadence.virtuoso.ade.services.netlister] - NewPoint {"point": 35, "testname": "PTAT", "event": "NewPoint", "EventSource": "Netlist Service", "HistoryName": "Interactive.343", "logFile": "/home/hrahimi/projects/POTENTIOSTAT_26/logs_hrahimi/logs0/Service211.log", "logFileSize": "447563"}
\o [2026-06-02 17:43:15.966 Z] [INFO] [cadence.virtuoso.ade.services.netlister] - Started netlisting {"point": 35, "testname": "PTAT"}
\o Resetting statistical vars
\o 
\o *Info*    Setting parameter values ...
\o 
\o Setting var temperature = "85"
\o Setting temp(T) = 85
\o 
\o *Info*    Netlist Directory =
\o           /home/hrahimi/projects/POTENTIOSTAT_26/Sim/Potentiostat_Top/top/maestro/results/maestro/Interactive.343/35/PTAT/netlist
\o 
\o 
\o *Info*    Data Directory    =
\o           /home/hrahimi/projects/POTENTIOSTAT_26/Sim/Potentiostat_Top/top/maestro/results/maestro/Interactive.343/35/PTAT
\o 
\o Reusing AHDL Data dir
\o generate netlist...
\o function ansCdlCompPrim redefined
\o Ignoring netlist creation since ignoreDesignChangesDuringRun is set to true
\o       ...successful.
\o compose simulator input file...
\o       ...successful.
\o WARNING (ADE-3080): Fast viewing extensions for PSF XL format (also known as RTSF) will be discontinued  
\o        and Virtuoso Visualization and Analysis XL will not use RTSF data to plot waveforms from IC6.1.8 ISR7 onward. 
\o        There will be no performance impact on data visualization due to this change.
\o [2026-06-02 17:43:16.710 Z] [PROCESS] [cadence.virtuoso.ade.services.netlister] - Current memory used: 874.9141 MBytes, peak memory used: 874.9141 MBytes {"hostname": "il2244vt26_hrahimi", "processid": 2065497, "testname": "PTAT", "point": 35, "logfile": "/home/hrahimi/projects/POTENTIOSTAT_26/logs_hrahimi/logs0/Service211.log"}
\o [2026-06-02 17:43:16.711 Z] [INFO] [cadence.virtuoso.ade.services.netlister] - Finished netlisting {"point": 35, "testname": "PTAT"}
\o [2026-06-02 17:43:16.713 Z] [EVENT] [cadence.virtuoso.ade.services.netlister] - NewPoint {"point": 36, "testname": "PTAT", "event": "NewPoint", "EventSource": "Netlist Service", "HistoryName": "Interactive.343", "logFile": "/home/hrahimi/projects/POTENTIOSTAT_26/logs_hrahimi/logs0/Service211.log", "logFileSize": "449538"}
\o [2026-06-02 17:43:16.714 Z] [INFO] [cadence.virtuoso.ade.services.netlister] - Started netlisting {"point": 36, "testname": "PTAT"}
\o Resetting statistical vars
\o 
\o *Info*    Setting parameter values ...
\o 
\o Setting var temperature = "-40"
\o Setting temp(T) = -40
\o Setting var vdd = "3.63"
\o 
\o *Info*    Netlist Directory =
\o           /home/hrahimi/projects/POTENTIOSTAT_26/Sim/Potentiostat_Top/top/maestro/results/maestro/Interactive.343/36/PTAT/netlist
\o 
\o 
\o *Info*    Data Directory    =
\o           /home/hrahimi/projects/POTENTIOSTAT_26/Sim/Potentiostat_Top/top/maestro/results/maestro/Interactive.343/36/PTAT
\o 
\o Reusing AHDL Data dir
\o generate netlist...
\o function ansCdlCompPrim redefined
\o Ignoring netlist creation since ignoreDesignChangesDuringRun is set to true
\o       ...successful.
\o compose simulator input file...
\o       ...successful.
\o WARNING (ADE-3080): Fast viewing extensions for PSF XL format (also known as RTSF) will be discontinued  
\o        and Virtuoso Visualization and Analysis XL will not use RTSF data to plot waveforms from IC6.1.8 ISR7 onward. 
\o        There will be no performance impact on data visualization due to this change.
\o [2026-06-02 17:43:17.482 Z] [PROCESS] [cadence.virtuoso.ade.services.netlister] - Current memory used: 874.9141 MBytes, peak memory used: 874.9141 MBytes {"hostname": "il2244vt26_hrahimi", "processid": 2065497, "testname": "PTAT", "point": 36, "logfile": "/home/hrahimi/projects/POTENTIOSTAT_26/logs_hrahimi/logs0/Service211.log"}
\o [2026-06-02 17:43:17.483 Z] [INFO] [cadence.virtuoso.ade.services.netlister] - Finished netlisting {"point": 36, "testname": "PTAT"}
\o [2026-06-02 17:43:17.489 Z] [EVENT] [cadence.virtuoso.ade.services.netlister] - NewPoint {"point": 37, "testname": "PTAT", "event": "NewPoint", "EventSource": "Netlist Service", "HistoryName": "Interactive.343", "logFile": "/home/hrahimi/projects/POTENTIOSTAT_26/logs_hrahimi/logs0/Service211.log", "logFileSize": "451543"}
\o [2026-06-02 17:43:17.490 Z] [INFO] [cadence.virtuoso.ade.services.netlister] - Started netlisting {"point": 37, "testname": "PTAT"}
\o Resetting statistical vars
\o 
\o *Info*    Setting parameter values ...
\o 
\o Setting var temperature = "85"
\o Setting temp(T) = 85
\o 
\o *Info*    Netlist Directory =
\o           /home/hrahimi/projects/POTENTIOSTAT_26/Sim/Potentiostat_Top/top/maestro/results/maestro/Interactive.343/37/PTAT/netlist
\o 
\o 
\o *Info*    Data Directory    =
\o           /home/hrahimi/projects/POTENTIOSTAT_26/Sim/Potentiostat_Top/top/maestro/results/maestro/Interactive.343/37/PTAT
\o 
\o Reusing AHDL Data dir
\o generate netlist...
\o function ansCdlCompPrim redefined
\o Ignoring netlist creation since ignoreDesignChangesDuringRun is set to true
\o       ...successful.
\o compose simulator input file...
\o       ...successful.
\o WARNING (ADE-3080): Fast viewing extensions for PSF XL format (also known as RTSF) will be discontinued  
\o        and Virtuoso Visualization and Analysis XL will not use RTSF data to plot waveforms from IC6.1.8 ISR7 onward. 
\o        There will be no performance impact on data visualization due to this change.
\o [2026-06-02 17:43:18.278 Z] [PROCESS] [cadence.virtuoso.ade.services.netlister] - Current memory used: 874.9141 MBytes, peak memory used: 874.9141 MBytes {"hostname": "il2244vt26_hrahimi", "processid": 2065497, "testname": "PTAT", "point": 37, "logfile": "/home/hrahimi/projects/POTENTIOSTAT_26/logs_hrahimi/logs0/Service211.log"}
\o [2026-06-02 17:43:18.279 Z] [INFO] [cadence.virtuoso.ade.services.netlister] - Finished netlisting {"point": 37, "testname": "PTAT"}
\o [2026-06-02 17:43:18.281 Z] [EVENT] [cadence.virtuoso.ade.services.netlister] - NewPoint {"point": 38, "testname": "PTAT", "event": "NewPoint", "EventSource": "Netlist Service", "HistoryName": "Interactive.343", "logFile": "/home/hrahimi/projects/POTENTIOSTAT_26/logs_hrahimi/logs0/Service211.log", "logFileSize": "453518"}
\o [2026-06-02 17:43:18.282 Z] [INFO] [cadence.virtuoso.ade.services.netlister] - Started netlisting {"point": 38, "testname": "PTAT"}
\o Resetting statistical vars
\o 
\o *Info*    Setting parameter values ...
\o 
\o Setting var temperature = "-40"
\o Setting temp(T) = -40
\o Setting var vdd = "2.97"
\o 
\o *Info*    Netlist Directory =
\o           /home/hrahimi/projects/POTENTIOSTAT_26/Sim/Potentiostat_Top/top/maestro/results/maestro/Interactive.343/38/PTAT/netlist
\o 
\o 
\o *Info*    Data Directory    =
\o           /home/hrahimi/projects/POTENTIOSTAT_26/Sim/Potentiostat_Top/top/maestro/results/maestro/Interactive.343/38/PTAT
\o 
\o Reusing AHDL Data dir
\o generate netlist...
\o function ansCdlCompPrim redefined
\o Ignoring netlist creation since ignoreDesignChangesDuringRun is set to true
\o       ...successful.
\o compose simulator input file...
\o       ...successful.
\o WARNING (ADE-3080): Fast viewing extensions for PSF XL format (also known as RTSF) will be discontinued  
\o        and Virtuoso Visualization and Analysis XL will not use RTSF data to plot waveforms from IC6.1.8 ISR7 onward. 
\o        There will be no performance impact on data visualization due to this change.
\o [2026-06-02 17:43:19.059 Z] [PROCESS] [cadence.virtuoso.ade.services.netlister] - Current memory used: 874.9141 MBytes, peak memory used: 874.9141 MBytes {"hostname": "il2244vt26_hrahimi", "processid": 2065497, "testname": "PTAT", "point": 38, "logfile": "/home/hrahimi/projects/POTENTIOSTAT_26/logs_hrahimi/logs0/Service211.log"}
\o [2026-06-02 17:43:19.060 Z] [INFO] [cadence.virtuoso.ade.services.netlister] - Finished netlisting {"point": 38, "testname": "PTAT"}
\o [2026-06-02 17:43:19.066 Z] [EVENT] [cadence.virtuoso.ade.services.netlister] - NewPoint {"point": 39, "testname": "PTAT", "event": "NewPoint", "EventSource": "Netlist Service", "HistoryName": "Interactive.343", "logFile": "/home/hrahimi/projects/POTENTIOSTAT_26/logs_hrahimi/logs0/Service211.log", "logFileSize": "455523"}
\o [2026-06-02 17:43:19.066 Z] [INFO] [cadence.virtuoso.ade.services.netlister] - Started netlisting {"point": 39, "testname": "PTAT"}
\o Resetting statistical vars
\o 
\o *Info*    Setting parameter values ...
\o 
\o Setting var temperature = "85"
\o Setting temp(T) = 85
\o 
\o *Info*    Netlist Directory =
\o           /home/hrahimi/projects/POTENTIOSTAT_26/Sim/Potentiostat_Top/top/maestro/results/maestro/Interactive.343/39/PTAT/netlist
\o 
\o 
\o *Info*    Data Directory    =
\o           /home/hrahimi/projects/POTENTIOSTAT_26/Sim/Potentiostat_Top/top/maestro/results/maestro/Interactive.343/39/PTAT
\o 
\o Reusing AHDL Data dir
\o generate netlist...
\o function ansCdlCompPrim redefined
\o Ignoring netlist creation since ignoreDesignChangesDuringRun is set to true
\o       ...successful.
\o compose simulator input file...
\o       ...successful.
\o WARNING (ADE-3080): Fast viewing extensions for PSF XL format (also known as RTSF) will be discontinued  
\o        and Virtuoso Visualization and Analysis XL will not use RTSF data to plot waveforms from IC6.1.8 ISR7 onward. 
\o        There will be no performance impact on data visualization due to this change.
\o [2026-06-02 17:43:19.839 Z] [PROCESS] [cadence.virtuoso.ade.services.netlister] - Current memory used: 874.9141 MBytes, peak memory used: 874.9141 MBytes {"hostname": "il2244vt26_hrahimi", "processid": 2065497, "testname": "PTAT", "point": 39, "logfile": "/home/hrahimi/projects/POTENTIOSTAT_26/logs_hrahimi/logs0/Service211.log"}
\o [2026-06-02 17:43:19.840 Z] [INFO] [cadence.virtuoso.ade.services.netlister] - Finished netlisting {"point": 39, "testname": "PTAT"}
\o [2026-06-02 17:43:19.843 Z] [EVENT] [cadence.virtuoso.ade.services.netlister] - NewPoint {"point": 40, "testname": "PTAT", "event": "NewPoint", "EventSource": "Netlist Service", "HistoryName": "Interactive.343", "logFile": "/home/hrahimi/projects/POTENTIOSTAT_26/logs_hrahimi/logs0/Service211.log", "logFileSize": "457498"}
\o [2026-06-02 17:43:19.843 Z] [INFO] [cadence.virtuoso.ade.services.netlister] - Started netlisting {"point": 40, "testname": "PTAT"}
\o Resetting statistical vars
\o 
\o *Info*    Setting parameter values ...
\o 
\o Setting var temperature = "-40"
\o Setting temp(T) = -40
\o Setting var vdd = "3.63"
\o 
\o *Info*    Netlist Directory =
\o           /home/hrahimi/projects/POTENTIOSTAT_26/Sim/Potentiostat_Top/top/maestro/results/maestro/Interactive.343/40/PTAT/netlist
\o 
\o 
\o *Info*    Data Directory    =
\o           /home/hrahimi/projects/POTENTIOSTAT_26/Sim/Potentiostat_Top/top/maestro/results/maestro/Interactive.343/40/PTAT
\o 
\o Reusing AHDL Data dir
\o generate netlist...
\o function ansCdlCompPrim redefined
\o Ignoring netlist creation since ignoreDesignChangesDuringRun is set to true
\o       ...successful.
\o compose simulator input file...
\o       ...successful.
\o WARNING (ADE-3080): Fast viewing extensions for PSF XL format (also known as RTSF) will be discontinued  
\o        and Virtuoso Visualization and Analysis XL will not use RTSF data to plot waveforms from IC6.1.8 ISR7 onward. 
\o        There will be no performance impact on data visualization due to this change.
\o [2026-06-02 17:43:20.512 Z] [PROCESS] [cadence.virtuoso.ade.services.netlister] - Current memory used: 874.9141 MBytes, peak memory used: 874.9141 MBytes {"hostname": "il2244vt26_hrahimi", "processid": 2065497, "testname": "PTAT", "point": 40, "logfile": "/home/hrahimi/projects/POTENTIOSTAT_26/logs_hrahimi/logs0/Service211.log"}
\o [2026-06-02 17:43:20.513 Z] [INFO] [cadence.virtuoso.ade.services.netlister] - Finished netlisting {"point": 40, "testname": "PTAT"}
\o [2026-06-02 17:43:20.516 Z] [EVENT] [cadence.virtuoso.ade.services.netlister] - NewPoint {"point": 41, "testname": "PTAT", "event": "NewPoint", "EventSource": "Netlist Service", "HistoryName": "Interactive.343", "logFile": "/home/hrahimi/projects/POTENTIOSTAT_26/logs_hrahimi/logs0/Service211.log", "logFileSize": "459503"}
\o [2026-06-02 17:43:20.516 Z] [INFO] [cadence.virtuoso.ade.services.netlister] - Started netlisting {"point": 41, "testname": "PTAT"}
\o Resetting statistical vars
\o 
\o *Info*    Setting parameter values ...
\o 
\o Setting var temperature = "85"
\o Setting temp(T) = 85
\o 
\o *Info*    Netlist Directory =
\o           /home/hrahimi/projects/POTENTIOSTAT_26/Sim/Potentiostat_Top/top/maestro/results/maestro/Interactive.343/41/PTAT/netlist
\o 
\o 
\o *Info*    Data Directory    =
\o           /home/hrahimi/projects/POTENTIOSTAT_26/Sim/Potentiostat_Top/top/maestro/results/maestro/Interactive.343/41/PTAT
\o 
\o Reusing AHDL Data dir
\o generate netlist...
\o function ansCdlCompPrim redefined
\o Ignoring netlist creation since ignoreDesignChangesDuringRun is set to true
\o       ...successful.
\o compose simulator input file...
\o       ...successful.
\o WARNING (ADE-3080): Fast viewing extensions for PSF XL format (also known as RTSF) will be discontinued  
\o        and Virtuoso Visualization and Analysis XL will not use RTSF data to plot waveforms from IC6.1.8 ISR7 onward. 
\o        There will be no performance impact on data visualization due to this change.
\o [2026-06-02 17:43:21.174 Z] [PROCESS] [cadence.virtuoso.ade.services.netlister] - Current memory used: 874.9141 MBytes, peak memory used: 874.9141 MBytes {"hostname": "il2244vt26_hrahimi", "processid": 2065497, "testname": "PTAT", "point": 41, "logfile": "/home/hrahimi/projects/POTENTIOSTAT_26/logs_hrahimi/logs0/Service211.log"}
\o [2026-06-02 17:43:21.175 Z] [INFO] [cadence.virtuoso.ade.services.netlister] - Finished netlisting {"point": 41, "testname": "PTAT"}
\o [2026-06-02 17:43:21.177 Z] [EVENT] [cadence.virtuoso.ade.services.netlister] - NewPoint {"point": 42, "testname": "PTAT", "event": "NewPoint", "EventSource": "Netlist Service", "HistoryName": "Interactive.343", "logFile": "/home/hrahimi/projects/POTENTIOSTAT_26/logs_hrahimi/logs0/Service211.log", "logFileSize": "461478"}
\o [2026-06-02 17:43:21.178 Z] [INFO] [cadence.virtuoso.ade.services.netlister] - Started netlisting {"point": 42, "testname": "PTAT"}
\o Resetting statistical vars
\o 
\o *Info*    Setting parameter values ...
\o 
\o Setting var temperature = "-40"
\o Setting temp(T) = -40
\o Setting var vdd = "2.97"
\o 
\o *Info*    Netlist Directory =
\o           /home/hrahimi/projects/POTENTIOSTAT_26/Sim/Potentiostat_Top/top/maestro/results/maestro/Interactive.343/42/PTAT/netlist
\o 
\o 
\o *Info*    Data Directory    =
\o           /home/hrahimi/projects/POTENTIOSTAT_26/Sim/Potentiostat_Top/top/maestro/results/maestro/Interactive.343/42/PTAT
\o 
\o Reusing AHDL Data dir
\o generate netlist...
\o function ansCdlCompPrim redefined
\o Ignoring netlist creation since ignoreDesignChangesDuringRun is set to true
\o       ...successful.
\o compose simulator input file...
\o       ...successful.
\o WARNING (ADE-3080): Fast viewing extensions for PSF XL format (also known as RTSF) will be discontinued  
\o        and Virtuoso Visualization and Analysis XL will not use RTSF data to plot waveforms from IC6.1.8 ISR7 onward. 
\o        There will be no performance impact on data visualization due to this change.
\o [2026-06-02 17:43:21.797 Z] [PROCESS] [cadence.virtuoso.ade.services.netlister] - Current memory used: 874.9141 MBytes, peak memory used: 874.9141 MBytes {"hostname": "il2244vt26_hrahimi", "processid": 2065497, "testname": "PTAT", "point": 42, "logfile": "/home/hrahimi/projects/POTENTIOSTAT_26/logs_hrahimi/logs0/Service211.log"}
\o [2026-06-02 17:43:21.798 Z] [INFO] [cadence.virtuoso.ade.services.netlister] - Finished netlisting {"point": 42, "testname": "PTAT"}
\o [2026-06-02 17:43:21.801 Z] [EVENT] [cadence.virtuoso.ade.services.netlister] - NewPoint {"point": 43, "testname": "PTAT", "event": "NewPoint", "EventSource": "Netlist Service", "HistoryName": "Interactive.343", "logFile": "/home/hrahimi/projects/POTENTIOSTAT_26/logs_hrahimi/logs0/Service211.log", "logFileSize": "463483"}
\o [2026-06-02 17:43:21.801 Z] [INFO] [cadence.virtuoso.ade.services.netlister] - Started netlisting {"point": 43, "testname": "PTAT"}
\o Resetting statistical vars
\o 
\o *Info*    Setting parameter values ...
\o 
\o Setting var temperature = "85"
\o Setting temp(T) = 85
\o 
\o *Info*    Netlist Directory =
\o           /home/hrahimi/projects/POTENTIOSTAT_26/Sim/Potentiostat_Top/top/maestro/results/maestro/Interactive.343/43/PTAT/netlist
\o 
\o 
\o *Info*    Data Directory    =
\o           /home/hrahimi/projects/POTENTIOSTAT_26/Sim/Potentiostat_Top/top/maestro/results/maestro/Interactive.343/43/PTAT
\o 
\o Reusing AHDL Data dir
\o generate netlist...
\o function ansCdlCompPrim redefined
\o Ignoring netlist creation since ignoreDesignChangesDuringRun is set to true
\o       ...successful.
\o compose simulator input file...
\o       ...successful.
\o WARNING (ADE-3080): Fast viewing extensions for PSF XL format (also known as RTSF) will be discontinued  
\o        and Virtuoso Visualization and Analysis XL will not use RTSF data to plot waveforms from IC6.1.8 ISR7 onward. 
\o        There will be no performance impact on data visualization due to this change.
\o [2026-06-02 17:43:22.451 Z] [PROCESS] [cadence.virtuoso.ade.services.netlister] - Current memory used: 874.9141 MBytes, peak memory used: 874.9141 MBytes {"hostname": "il2244vt26_hrahimi", "processid": 2065497, "testname": "PTAT", "point": 43, "logfile": "/home/hrahimi/projects/POTENTIOSTAT_26/logs_hrahimi/logs0/Service211.log"}
\o [2026-06-02 17:43:22.452 Z] [INFO] [cadence.virtuoso.ade.services.netlister] - Finished netlisting {"point": 43, "testname": "PTAT"}
\o [2026-06-02 17:43:22.455 Z] [EVENT] [cadence.virtuoso.ade.services.netlister] - NewPoint {"point": 44, "testname": "PTAT", "event": "NewPoint", "EventSource": "Netlist Service", "HistoryName": "Interactive.343", "logFile": "/home/hrahimi/projects/POTENTIOSTAT_26/logs_hrahimi/logs0/Service211.log", "logFileSize": "465458"}
\o [2026-06-02 17:43:22.455 Z] [INFO] [cadence.virtuoso.ade.services.netlister] - Started netlisting {"point": 44, "testname": "PTAT"}
\o Resetting statistical vars
\o 
\o *Info*    Setting parameter values ...
\o 
\o Setting var temperature = "-40"
\o Setting temp(T) = -40
\o Setting var vdd = "3.63"
\o 
\o *Info*    Netlist Directory =
\o           /home/hrahimi/projects/POTENTIOSTAT_26/Sim/Potentiostat_Top/top/maestro/results/maestro/Interactive.343/44/PTAT/netlist
\o 
\o 
\o *Info*    Data Directory    =
\o           /home/hrahimi/projects/POTENTIOSTAT_26/Sim/Potentiostat_Top/top/maestro/results/maestro/Interactive.343/44/PTAT
\o 
\o Reusing AHDL Data dir
\o generate netlist...
\o function ansCdlCompPrim redefined
\o Ignoring netlist creation since ignoreDesignChangesDuringRun is set to true
\o       ...successful.
\o compose simulator input file...
\o       ...successful.
\o WARNING (ADE-3080): Fast viewing extensions for PSF XL format (also known as RTSF) will be discontinued  
\o        and Virtuoso Visualization and Analysis XL will not use RTSF data to plot waveforms from IC6.1.8 ISR7 onward. 
\o        There will be no performance impact on data visualization due to this change.
\o [2026-06-02 17:43:23.080 Z] [PROCESS] [cadence.virtuoso.ade.services.netlister] - Current memory used: 874.9141 MBytes, peak memory used: 874.9141 MBytes {"hostname": "il2244vt26_hrahimi", "processid": 2065497, "testname": "PTAT", "point": 44, "logfile": "/home/hrahimi/projects/POTENTIOSTAT_26/logs_hrahimi/logs0/Service211.log"}
\o [2026-06-02 17:43:23.081 Z] [INFO] [cadence.virtuoso.ade.services.netlister] - Finished netlisting {"point": 44, "testname": "PTAT"}
\o [2026-06-02 17:43:23.083 Z] [EVENT] [cadence.virtuoso.ade.services.netlister] - NewPoint {"point": 45, "testname": "PTAT", "event": "NewPoint", "EventSource": "Netlist Service", "HistoryName": "Interactive.343", "logFile": "/home/hrahimi/projects/POTENTIOSTAT_26/logs_hrahimi/logs0/Service211.log", "logFileSize": "467463"}
\o [2026-06-02 17:43:23.083 Z] [INFO] [cadence.virtuoso.ade.services.netlister] - Started netlisting {"point": 45, "testname": "PTAT"}
\o Resetting statistical vars
\o 
\o *Info*    Setting parameter values ...
\o 
\o Setting var temperature = "85"
\o Setting temp(T) = 85
\o 
\o *Info*    Netlist Directory =
\o           /home/hrahimi/projects/POTENTIOSTAT_26/Sim/Potentiostat_Top/top/maestro/results/maestro/Interactive.343/45/PTAT/netlist
\o 
\o 
\o *Info*    Data Directory    =
\o           /home/hrahimi/projects/POTENTIOSTAT_26/Sim/Potentiostat_Top/top/maestro/results/maestro/Interactive.343/45/PTAT
\o 
\o Reusing AHDL Data dir
\o generate netlist...
\o function ansCdlCompPrim redefined
\o Ignoring netlist creation since ignoreDesignChangesDuringRun is set to true
\o       ...successful.
\o compose simulator input file...
\o       ...successful.
\o WARNING (ADE-3080): Fast viewing extensions for PSF XL format (also known as RTSF) will be discontinued  
\o        and Virtuoso Visualization and Analysis XL will not use RTSF data to plot waveforms from IC6.1.8 ISR7 onward. 
\o        There will be no performance impact on data visualization due to this change.
\o [2026-06-02 17:43:23.703 Z] [PROCESS] [cadence.virtuoso.ade.services.netlister] - Current memory used: 874.9141 MBytes, peak memory used: 874.9141 MBytes {"hostname": "il2244vt26_hrahimi", "processid": 2065497, "testname": "PTAT", "point": 45, "logfile": "/home/hrahimi/projects/POTENTIOSTAT_26/logs_hrahimi/logs0/Service211.log"}
\o [2026-06-02 17:43:23.704 Z] [INFO] [cadence.virtuoso.ade.services.netlister] - Finished netlisting {"point": 45, "testname": "PTAT"}
\o [2026-06-02 17:43:23.706 Z] [EVENT] [cadence.virtuoso.ade.services.netlister] - NewPoint {"point": 46, "testname": "PTAT", "event": "NewPoint", "EventSource": "Netlist Service", "HistoryName": "Interactive.343", "logFile": "/home/hrahimi/projects/POTENTIOSTAT_26/logs_hrahimi/logs0/Service211.log", "logFileSize": "469438"}
\o [2026-06-02 17:43:23.707 Z] [INFO] [cadence.virtuoso.ade.services.netlister] - Started netlisting {"point": 46, "testname": "PTAT"}
\o Resetting statistical vars
\o 
\o *Info*    Setting parameter values ...
\o 
\o Setting var temperature = "-40"
\o Setting temp(T) = -40
\o Setting var vdd = "2.97"
\o 
\o *Info*    Netlist Directory =
\o           /home/hrahimi/projects/POTENTIOSTAT_26/Sim/Potentiostat_Top/top/maestro/results/maestro/Interactive.343/46/PTAT/netlist
\o 
\o 
\o *Info*    Data Directory    =
\o           /home/hrahimi/projects/POTENTIOSTAT_26/Sim/Potentiostat_Top/top/maestro/results/maestro/Interactive.343/46/PTAT
\o 
\o Reusing AHDL Data dir
\o generate netlist...
\o function ansCdlCompPrim redefined
\o Ignoring netlist creation since ignoreDesignChangesDuringRun is set to true
\o       ...successful.
\o compose simulator input file...
\o       ...successful.
\o WARNING (ADE-3080): Fast viewing extensions for PSF XL format (also known as RTSF) will be discontinued  
\o        and Virtuoso Visualization and Analysis XL will not use RTSF data to plot waveforms from IC6.1.8 ISR7 onward. 
\o        There will be no performance impact on data visualization due to this change.
\o [2026-06-02 17:43:24.585 Z] [PROCESS] [cadence.virtuoso.ade.services.netlister] - Current memory used: 874.9141 MBytes, peak memory used: 874.9141 MBytes {"hostname": "il2244vt26_hrahimi", "processid": 2065497, "testname": "PTAT", "point": 46, "logfile": "/home/hrahimi/projects/POTENTIOSTAT_26/logs_hrahimi/logs0/Service211.log"}
\o [2026-06-02 17:43:24.586 Z] [INFO] [cadence.virtuoso.ade.services.netlister] - Finished netlisting {"point": 46, "testname": "PTAT"}
\o [2026-06-02 17:43:24.589 Z] [EVENT] [cadence.virtuoso.ade.services.netlister] - NewPoint {"point": 47, "testname": "PTAT", "event": "NewPoint", "EventSource": "Netlist Service", "HistoryName": "Interactive.343", "logFile": "/home/hrahimi/projects/POTENTIOSTAT_26/logs_hrahimi/logs0/Service211.log", "logFileSize": "471443"}
\o [2026-06-02 17:43:24.589 Z] [INFO] [cadence.virtuoso.ade.services.netlister] - Started netlisting {"point": 47, "testname": "PTAT"}
\o Resetting statistical vars
\o 
\o *Info*    Setting parameter values ...
\o 
\o Setting var temperature = "85"
\o Setting temp(T) = 85
\o 
\o *Info*    Netlist Directory =
\o           /home/hrahimi/projects/POTENTIOSTAT_26/Sim/Potentiostat_Top/top/maestro/results/maestro/Interactive.343/47/PTAT/netlist
\o 
\o 
\o *Info*    Data Directory    =
\o           /home/hrahimi/projects/POTENTIOSTAT_26/Sim/Potentiostat_Top/top/maestro/results/maestro/Interactive.343/47/PTAT
\o 
\o Reusing AHDL Data dir
\o generate netlist...
\o function ansCdlCompPrim redefined
\o Ignoring netlist creation since ignoreDesignChangesDuringRun is set to true
\o       ...successful.
\o compose simulator input file...
\o       ...successful.
\o WARNING (ADE-3080): Fast viewing extensions for PSF XL format (also known as RTSF) will be discontinued  
\o        and Virtuoso Visualization and Analysis XL will not use RTSF data to plot waveforms from IC6.1.8 ISR7 onward. 
\o        There will be no performance impact on data visualization due to this change.
\o [2026-06-02 17:43:25.433 Z] [PROCESS] [cadence.virtuoso.ade.services.netlister] - Current memory used: 874.9141 MBytes, peak memory used: 874.9141 MBytes {"hostname": "il2244vt26_hrahimi", "processid": 2065497, "testname": "PTAT", "point": 47, "logfile": "/home/hrahimi/projects/POTENTIOSTAT_26/logs_hrahimi/logs0/Service211.log"}
\o [2026-06-02 17:43:25.434 Z] [INFO] [cadence.virtuoso.ade.services.netlister] - Finished netlisting {"point": 47, "testname": "PTAT"}
\o [2026-06-02 17:43:25.436 Z] [EVENT] [cadence.virtuoso.ade.services.netlister] - NewPoint {"point": 48, "testname": "PTAT", "event": "NewPoint", "EventSource": "Netlist Service", "HistoryName": "Interactive.343", "logFile": "/home/hrahimi/projects/POTENTIOSTAT_26/logs_hrahimi/logs0/Service211.log", "logFileSize": "473418"}
\o [2026-06-02 17:43:25.436 Z] [INFO] [cadence.virtuoso.ade.services.netlister] - Started netlisting {"point": 48, "testname": "PTAT"}
\o Resetting statistical vars
\o 
\o *Info*    Setting parameter values ...
\o 
\o Setting var temperature = "-40"
\o Setting temp(T) = -40
\o Setting var vdd = "3.63"
\o 
\o *Info*    Netlist Directory =
\o           /home/hrahimi/projects/POTENTIOSTAT_26/Sim/Potentiostat_Top/top/maestro/results/maestro/Interactive.343/48/PTAT/netlist
\o 
\o 
\o *Info*    Data Directory    =
\o           /home/hrahimi/projects/POTENTIOSTAT_26/Sim/Potentiostat_Top/top/maestro/results/maestro/Interactive.343/48/PTAT
\o 
\o Reusing AHDL Data dir
\o generate netlist...
\o function ansCdlCompPrim redefined
\o Ignoring netlist creation since ignoreDesignChangesDuringRun is set to true
\o       ...successful.
\o compose simulator input file...
\o       ...successful.
\o WARNING (ADE-3080): Fast viewing extensions for PSF XL format (also known as RTSF) will be discontinued  
\o        and Virtuoso Visualization and Analysis XL will not use RTSF data to plot waveforms from IC6.1.8 ISR7 onward. 
\o        There will be no performance impact on data visualization due to this change.
\o [2026-06-02 17:43:26.056 Z] [PROCESS] [cadence.virtuoso.ade.services.netlister] - Current memory used: 874.9141 MBytes, peak memory used: 874.9141 MBytes {"hostname": "il2244vt26_hrahimi", "processid": 2065497, "testname": "PTAT", "point": 48, "logfile": "/home/hrahimi/projects/POTENTIOSTAT_26/logs_hrahimi/logs0/Service211.log"}
\o [2026-06-02 17:43:26.057 Z] [INFO] [cadence.virtuoso.ade.services.netlister] - Finished netlisting {"point": 48, "testname": "PTAT"}
\o [2026-06-02 17:43:26.064 Z] [EVENT] [cadence.virtuoso.ade.services.netlister] - NewPoint {"point": 49, "testname": "PTAT", "event": "NewPoint", "EventSource": "Netlist Service", "HistoryName": "Interactive.343", "logFile": "/home/hrahimi/projects/POTENTIOSTAT_26/logs_hrahimi/logs0/Service211.log", "logFileSize": "475423"}
\o [2026-06-02 17:43:26.065 Z] [INFO] [cadence.virtuoso.ade.services.netlister] - Started netlisting {"point": 49, "testname": "PTAT"}
\o Resetting statistical vars
\o 
\o *Info*    Setting parameter values ...
\o 
\o Setting var temperature = "85"
\o Setting temp(T) = 85
\o 
\o *Info*    Netlist Directory =
\o           /home/hrahimi/projects/POTENTIOSTAT_26/Sim/Potentiostat_Top/top/maestro/results/maestro/Interactive.343/49/PTAT/netlist
\o 
\o 
\o *Info*    Data Directory    =
\o           /home/hrahimi/projects/POTENTIOSTAT_26/Sim/Potentiostat_Top/top/maestro/results/maestro/Interactive.343/49/PTAT
\o 
\o Reusing AHDL Data dir
\o generate netlist...
\o function ansCdlCompPrim redefined
\o Ignoring netlist creation since ignoreDesignChangesDuringRun is set to true
\o       ...successful.
\o compose simulator input file...
\o       ...successful.
\o WARNING (ADE-3080): Fast viewing extensions for PSF XL format (also known as RTSF) will be discontinued  
\o        and Virtuoso Visualization and Analysis XL will not use RTSF data to plot waveforms from IC6.1.8 ISR7 onward. 
\o        There will be no performance impact on data visualization due to this change.
\o [2026-06-02 17:43:26.661 Z] [PROCESS] [cadence.virtuoso.ade.services.netlister] - Current memory used: 874.9141 MBytes, peak memory used: 874.9141 MBytes {"hostname": "il2244vt26_hrahimi", "processid": 2065497, "testname": "PTAT", "point": 49, "logfile": "/home/hrahimi/projects/POTENTIOSTAT_26/logs_hrahimi/logs0/Service211.log"}
\o [2026-06-02 17:43:26.662 Z] [INFO] [cadence.virtuoso.ade.services.netlister] - Finished netlisting {"point": 49, "testname": "PTAT"}
\o [2026-06-02 17:43:26.665 Z] [EVENT] [cadence.virtuoso.ade.services.netlister] - NewPoint {"point": 50, "testname": "PTAT", "event": "NewPoint", "EventSource": "Netlist Service", "HistoryName": "Interactive.343", "logFile": "/home/hrahimi/projects/POTENTIOSTAT_26/logs_hrahimi/logs0/Service211.log", "logFileSize": "477398"}
\o [2026-06-02 17:43:26.665 Z] [INFO] [cadence.virtuoso.ade.services.netlister] - Started netlisting {"point": 50, "testname": "PTAT"}
\o Resetting statistical vars
\o 
\o *Info*    Setting parameter values ...
\o 
\o Setting var temperature = "-40"
\o Setting temp(T) = -40
\o Setting var vdd = "2.97"
\o 
\o *Info*    Netlist Directory =
\o           /home/hrahimi/projects/POTENTIOSTAT_26/Sim/Potentiostat_Top/top/maestro/results/maestro/Interactive.343/50/PTAT/netlist
\o 
\o 
\o *Info*    Data Directory    =
\o           /home/hrahimi/projects/POTENTIOSTAT_26/Sim/Potentiostat_Top/top/maestro/results/maestro/Interactive.343/50/PTAT
\o 
\o Reusing AHDL Data dir
\o generate netlist...
\o function ansCdlCompPrim redefined
\o Ignoring netlist creation since ignoreDesignChangesDuringRun is set to true
\o       ...successful.
\o compose simulator input file...
\o       ...successful.
\o WARNING (ADE-3080): Fast viewing extensions for PSF XL format (also known as RTSF) will be discontinued  
\o        and Virtuoso Visualization and Analysis XL will not use RTSF data to plot waveforms from IC6.1.8 ISR7 onward. 
\o        There will be no performance impact on data visualization due to this change.
\o [2026-06-02 17:43:27.297 Z] [PROCESS] [cadence.virtuoso.ade.services.netlister] - Current memory used: 874.9141 MBytes, peak memory used: 874.9141 MBytes {"hostname": "il2244vt26_hrahimi", "processid": 2065497, "testname": "PTAT", "point": 50, "logfile": "/home/hrahimi/projects/POTENTIOSTAT_26/logs_hrahimi/logs0/Service211.log"}
\o [2026-06-02 17:43:27.298 Z] [INFO] [cadence.virtuoso.ade.services.netlister] - Finished netlisting {"point": 50, "testname": "PTAT"}
\o [2026-06-02 17:43:27.301 Z] [EVENT] [cadence.virtuoso.ade.services.netlister] - NewPoint {"point": 51, "testname": "PTAT", "event": "NewPoint", "EventSource": "Netlist Service", "HistoryName": "Interactive.343", "logFile": "/home/hrahimi/projects/POTENTIOSTAT_26/logs_hrahimi/logs0/Service211.log", "logFileSize": "479403"}
\o [2026-06-02 17:43:27.301 Z] [INFO] [cadence.virtuoso.ade.services.netlister] - Started netlisting {"point": 51, "testname": "PTAT"}
\o Resetting statistical vars
\o 
\o *Info*    Setting parameter values ...
\o 
\o Setting var temperature = "85"
\o Setting temp(T) = 85
\o 
\o *Info*    Netlist Directory =
\o           /home/hrahimi/projects/POTENTIOSTAT_26/Sim/Potentiostat_Top/top/maestro/results/maestro/Interactive.343/51/PTAT/netlist
\o 
\o 
\o *Info*    Data Directory    =
\o           /home/hrahimi/projects/POTENTIOSTAT_26/Sim/Potentiostat_Top/top/maestro/results/maestro/Interactive.343/51/PTAT
\o 
\o Reusing AHDL Data dir
\o generate netlist...
\o function ansCdlCompPrim redefined
\o Ignoring netlist creation since ignoreDesignChangesDuringRun is set to true
\o       ...successful.
\o compose simulator input file...
\o       ...successful.
\o WARNING (ADE-3080): Fast viewing extensions for PSF XL format (also known as RTSF) will be discontinued  
\o        and Virtuoso Visualization and Analysis XL will not use RTSF data to plot waveforms from IC6.1.8 ISR7 onward. 
\o        There will be no performance impact on data visualization due to this change.
\o [2026-06-02 17:43:27.898 Z] [PROCESS] [cadence.virtuoso.ade.services.netlister] - Current memory used: 874.9141 MBytes, peak memory used: 874.9141 MBytes {"hostname": "il2244vt26_hrahimi", "processid": 2065497, "testname": "PTAT", "point": 51, "logfile": "/home/hrahimi/projects/POTENTIOSTAT_26/logs_hrahimi/logs0/Service211.log"}
\o [2026-06-02 17:43:27.899 Z] [INFO] [cadence.virtuoso.ade.services.netlister] - Finished netlisting {"point": 51, "testname": "PTAT"}
\o [2026-06-02 17:43:27.902 Z] [EVENT] [cadence.virtuoso.ade.services.netlister] - NewPoint {"point": 52, "testname": "PTAT", "event": "NewPoint", "EventSource": "Netlist Service", "HistoryName": "Interactive.343", "logFile": "/home/hrahimi/projects/POTENTIOSTAT_26/logs_hrahimi/logs0/Service211.log", "logFileSize": "481378"}
\o [2026-06-02 17:43:27.903 Z] [INFO] [cadence.virtuoso.ade.services.netlister] - Started netlisting {"point": 52, "testname": "PTAT"}
\o Resetting statistical vars
\o 
\o *Info*    Setting parameter values ...
\o 
\o Setting var temperature = "-40"
\o Setting temp(T) = -40
\o Setting var vdd = "3.63"
\o 
\o *Info*    Netlist Directory =
\o           /home/hrahimi/projects/POTENTIOSTAT_26/Sim/Potentiostat_Top/top/maestro/results/maestro/Interactive.343/52/PTAT/netlist
\o 
\o 
\o *Info*    Data Directory    =
\o           /home/hrahimi/projects/POTENTIOSTAT_26/Sim/Potentiostat_Top/top/maestro/results/maestro/Interactive.343/52/PTAT
\o 
\o Reusing AHDL Data dir
\o generate netlist...
\o function ansCdlCompPrim redefined
\o Ignoring netlist creation since ignoreDesignChangesDuringRun is set to true
\o       ...successful.
\o compose simulator input file...
\o       ...successful.
\o WARNING (ADE-3080): Fast viewing extensions for PSF XL format (also known as RTSF) will be discontinued  
\o        and Virtuoso Visualization and Analysis XL will not use RTSF data to plot waveforms from IC6.1.8 ISR7 onward. 
\o        There will be no performance impact on data visualization due to this change.
\o [2026-06-02 17:43:28.516 Z] [PROCESS] [cadence.virtuoso.ade.services.netlister] - Current memory used: 874.9141 MBytes, peak memory used: 874.9141 MBytes {"hostname": "il2244vt26_hrahimi", "processid": 2065497, "testname": "PTAT", "point": 52, "logfile": "/home/hrahimi/projects/POTENTIOSTAT_26/logs_hrahimi/logs0/Service211.log"}
\o [2026-06-02 17:43:28.517 Z] [INFO] [cadence.virtuoso.ade.services.netlister] - Finished netlisting {"point": 52, "testname": "PTAT"}
\o [2026-06-02 17:43:28.519 Z] [EVENT] [cadence.virtuoso.ade.services.netlister] - NewPoint {"point": 53, "testname": "PTAT", "event": "NewPoint", "EventSource": "Netlist Service", "HistoryName": "Interactive.343", "logFile": "/home/hrahimi/projects/POTENTIOSTAT_26/logs_hrahimi/logs0/Service211.log", "logFileSize": "483383"}
\o [2026-06-02 17:43:28.520 Z] [INFO] [cadence.virtuoso.ade.services.netlister] - Started netlisting {"point": 53, "testname": "PTAT"}
\o Resetting statistical vars
\o 
\o *Info*    Setting parameter values ...
\o 
\o Setting var temperature = "85"
\o Setting temp(T) = 85
\o 
\o *Info*    Netlist Directory =
\o           /home/hrahimi/projects/POTENTIOSTAT_26/Sim/Potentiostat_Top/top/maestro/results/maestro/Interactive.343/53/PTAT/netlist
\o 
\o 
\o *Info*    Data Directory    =
\o           /home/hrahimi/projects/POTENTIOSTAT_26/Sim/Potentiostat_Top/top/maestro/results/maestro/Interactive.343/53/PTAT
\o 
\o Reusing AHDL Data dir
\o generate netlist...
\o function ansCdlCompPrim redefined
\o Ignoring netlist creation since ignoreDesignChangesDuringRun is set to true
\o       ...successful.
\o compose simulator input file...
\o       ...successful.
\o WARNING (ADE-3080): Fast viewing extensions for PSF XL format (also known as RTSF) will be discontinued  
\o        and Virtuoso Visualization and Analysis XL will not use RTSF data to plot waveforms from IC6.1.8 ISR7 onward. 
\o        There will be no performance impact on data visualization due to this change.
\o [2026-06-02 17:43:29.157 Z] [PROCESS] [cadence.virtuoso.ade.services.netlister] - Current memory used: 874.9141 MBytes, peak memory used: 874.9141 MBytes {"hostname": "il2244vt26_hrahimi", "processid": 2065497, "testname": "PTAT", "point": 53, "logfile": "/home/hrahimi/projects/POTENTIOSTAT_26/logs_hrahimi/logs0/Service211.log"}
\o [2026-06-02 17:43:29.158 Z] [INFO] [cadence.virtuoso.ade.services.netlister] - Finished netlisting {"point": 53, "testname": "PTAT"}
\o [2026-06-02 17:43:29.161 Z] [EVENT] [cadence.virtuoso.ade.services.netlister] - NewPoint {"point": 54, "testname": "PTAT", "event": "NewPoint", "EventSource": "Netlist Service", "HistoryName": "Interactive.343", "logFile": "/home/hrahimi/projects/POTENTIOSTAT_26/logs_hrahimi/logs0/Service211.log", "logFileSize": "485358"}
\o [2026-06-02 17:43:29.161 Z] [INFO] [cadence.virtuoso.ade.services.netlister] - Started netlisting {"point": 54, "testname": "PTAT"}
\o Resetting statistical vars
\o 
\o *Info*    Setting parameter values ...
\o 
\o Setting var temperature = "-40"
\o Setting temp(T) = -40
\o Setting var vdd = "2.97"
\o 
\o *Info*    Netlist Directory =
\o           /home/hrahimi/projects/POTENTIOSTAT_26/Sim/Potentiostat_Top/top/maestro/results/maestro/Interactive.343/54/PTAT/netlist
\o 
\o 
\o *Info*    Data Directory    =
\o           /home/hrahimi/projects/POTENTIOSTAT_26/Sim/Potentiostat_Top/top/maestro/results/maestro/Interactive.343/54/PTAT
\o 
\o Reusing AHDL Data dir
\o generate netlist...
\o function ansCdlCompPrim redefined
\o Ignoring netlist creation since ignoreDesignChangesDuringRun is set to true
\o       ...successful.
\o compose simulator input file...
\o       ...successful.
\o WARNING (ADE-3080): Fast viewing extensions for PSF XL format (also known as RTSF) will be discontinued  
\o        and Virtuoso Visualization and Analysis XL will not use RTSF data to plot waveforms from IC6.1.8 ISR7 onward. 
\o        There will be no performance impact on data visualization due to this change.
\o [2026-06-02 17:43:29.787 Z] [PROCESS] [cadence.virtuoso.ade.services.netlister] - Current memory used: 874.9141 MBytes, peak memory used: 874.9141 MBytes {"hostname": "il2244vt26_hrahimi", "processid": 2065497, "testname": "PTAT", "point": 54, "logfile": "/home/hrahimi/projects/POTENTIOSTAT_26/logs_hrahimi/logs0/Service211.log"}
\o [2026-06-02 17:43:29.788 Z] [INFO] [cadence.virtuoso.ade.services.netlister] - Finished netlisting {"point": 54, "testname": "PTAT"}
\o [2026-06-02 17:43:29.790 Z] [EVENT] [cadence.virtuoso.ade.services.netlister] - NewPoint {"point": 55, "testname": "PTAT", "event": "NewPoint", "EventSource": "Netlist Service", "HistoryName": "Interactive.343", "logFile": "/home/hrahimi/projects/POTENTIOSTAT_26/logs_hrahimi/logs0/Service211.log", "logFileSize": "487363"}
\o [2026-06-02 17:43:29.791 Z] [INFO] [cadence.virtuoso.ade.services.netlister] - Started netlisting {"point": 55, "testname": "PTAT"}
\o Resetting statistical vars
\o 
\o *Info*    Setting parameter values ...
\o 
\o Setting var temperature = "85"
\o Setting temp(T) = 85
\o 
\o *Info*    Netlist Directory =
\o           /home/hrahimi/projects/POTENTIOSTAT_26/Sim/Potentiostat_Top/top/maestro/results/maestro/Interactive.343/55/PTAT/netlist
\o 
\o 
\o *Info*    Data Directory    =
\o           /home/hrahimi/projects/POTENTIOSTAT_26/Sim/Potentiostat_Top/top/maestro/results/maestro/Interactive.343/55/PTAT
\o 
\o Reusing AHDL Data dir
\o generate netlist...
\o function ansCdlCompPrim redefined
\o Ignoring netlist creation since ignoreDesignChangesDuringRun is set to true
\o       ...successful.
\o compose simulator input file...
\o       ...successful.
\o WARNING (ADE-3080): Fast viewing extensions for PSF XL format (also known as RTSF) will be discontinued  
\o        and Virtuoso Visualization and Analysis XL will not use RTSF data to plot waveforms from IC6.1.8 ISR7 onward. 
\o        There will be no performance impact on data visualization due to this change.
\o [2026-06-02 17:43:30.403 Z] [PROCESS] [cadence.virtuoso.ade.services.netlister] - Current memory used: 874.9141 MBytes, peak memory used: 874.9141 MBytes {"hostname": "il2244vt26_hrahimi", "processid": 2065497, "testname": "PTAT", "point": 55, "logfile": "/home/hrahimi/projects/POTENTIOSTAT_26/logs_hrahimi/logs0/Service211.log"}
\o [2026-06-02 17:43:30.404 Z] [INFO] [cadence.virtuoso.ade.services.netlister] - Finished netlisting {"point": 55, "testname": "PTAT"}
\o [2026-06-02 17:43:30.405 Z] [EVENT] [cadence.virtuoso.ade.services.netlister] - NewPoint {"point": 56, "testname": "PTAT", "event": "NewPoint", "EventSource": "Netlist Service", "HistoryName": "Interactive.343", "logFile": "/home/hrahimi/projects/POTENTIOSTAT_26/logs_hrahimi/logs0/Service211.log", "logFileSize": "489338"}
\o [2026-06-02 17:43:30.406 Z] [INFO] [cadence.virtuoso.ade.services.netlister] - Started netlisting {"point": 56, "testname": "PTAT"}
\o Resetting statistical vars
\o 
\o *Info*    Setting parameter values ...
\o 
\o Setting var temperature = "-40"
\o Setting temp(T) = -40
\o Setting var vdd = "3.63"
\o 
\o *Info*    Netlist Directory =
\o           /home/hrahimi/projects/POTENTIOSTAT_26/Sim/Potentiostat_Top/top/maestro/results/maestro/Interactive.343/56/PTAT/netlist
\o 
\o 
\o *Info*    Data Directory    =
\o           /home/hrahimi/projects/POTENTIOSTAT_26/Sim/Potentiostat_Top/top/maestro/results/maestro/Interactive.343/56/PTAT
\o 
\o Reusing AHDL Data dir
\o generate netlist...
\o function ansCdlCompPrim redefined
\o Ignoring netlist creation since ignoreDesignChangesDuringRun is set to true
\o       ...successful.
\o compose simulator input file...
\o       ...successful.
\o WARNING (ADE-3080): Fast viewing extensions for PSF XL format (also known as RTSF) will be discontinued  
\o        and Virtuoso Visualization and Analysis XL will not use RTSF data to plot waveforms from IC6.1.8 ISR7 onward. 
\o        There will be no performance impact on data visualization due to this change.
\o [2026-06-02 17:43:31.015 Z] [PROCESS] [cadence.virtuoso.ade.services.netlister] - Current memory used: 874.9141 MBytes, peak memory used: 874.9141 MBytes {"hostname": "il2244vt26_hrahimi", "processid": 2065497, "testname": "PTAT", "point": 56, "logfile": "/home/hrahimi/projects/POTENTIOSTAT_26/logs_hrahimi/logs0/Service211.log"}
\o [2026-06-02 17:43:31.016 Z] [INFO] [cadence.virtuoso.ade.services.netlister] - Finished netlisting {"point": 56, "testname": "PTAT"}
\o [2026-06-02 17:43:31.019 Z] [EVENT] [cadence.virtuoso.ade.services.netlister] - NewPoint {"point": 57, "testname": "PTAT", "event": "NewPoint", "EventSource": "Netlist Service", "HistoryName": "Interactive.343", "logFile": "/home/hrahimi/projects/POTENTIOSTAT_26/logs_hrahimi/logs0/Service211.log", "logFileSize": "491343"}
\o [2026-06-02 17:43:31.019 Z] [INFO] [cadence.virtuoso.ade.services.netlister] - Started netlisting {"point": 57, "testname": "PTAT"}
\o Resetting statistical vars
\o 
\o *Info*    Setting parameter values ...
\o 
\o Setting var temperature = "85"
\o Setting temp(T) = 85
\o 
\o *Info*    Netlist Directory =
\o           /home/hrahimi/projects/POTENTIOSTAT_26/Sim/Potentiostat_Top/top/maestro/results/maestro/Interactive.343/57/PTAT/netlist
\o 
\o 
\o *Info*    Data Directory    =
\o           /home/hrahimi/projects/POTENTIOSTAT_26/Sim/Potentiostat_Top/top/maestro/results/maestro/Interactive.343/57/PTAT
\o 
\o Reusing AHDL Data dir
\o generate netlist...
\o function ansCdlCompPrim redefined
\o Ignoring netlist creation since ignoreDesignChangesDuringRun is set to true
\o       ...successful.
\o compose simulator input file...
\o       ...successful.
\o WARNING (ADE-3080): Fast viewing extensions for PSF XL format (also known as RTSF) will be discontinued  
\o        and Virtuoso Visualization and Analysis XL will not use RTSF data to plot waveforms from IC6.1.8 ISR7 onward. 
\o        There will be no performance impact on data visualization due to this change.
\o [2026-06-02 17:43:31.619 Z] [PROCESS] [cadence.virtuoso.ade.services.netlister] - Current memory used: 874.9141 MBytes, peak memory used: 874.9141 MBytes {"hostname": "il2244vt26_hrahimi", "processid": 2065497, "testname": "PTAT", "point": 57, "logfile": "/home/hrahimi/projects/POTENTIOSTAT_26/logs_hrahimi/logs0/Service211.log"}
\o [2026-06-02 17:43:31.619 Z] [INFO] [cadence.virtuoso.ade.services.netlister] - Finished netlisting {"point": 57, "testname": "PTAT"}
\o [2026-06-02 17:43:31.622 Z] [EVENT] [cadence.virtuoso.ade.services.netlister] - NewPoint {"point": 58, "testname": "PTAT", "event": "NewPoint", "EventSource": "Netlist Service", "HistoryName": "Interactive.343", "logFile": "/home/hrahimi/projects/POTENTIOSTAT_26/logs_hrahimi/logs0/Service211.log", "logFileSize": "493318"}
\o [2026-06-02 17:43:31.622 Z] [INFO] [cadence.virtuoso.ade.services.netlister] - Started netlisting {"point": 58, "testname": "PTAT"}
\o Resetting statistical vars
\o 
\o *Info*    Setting parameter values ...
\o 
\o Setting var temperature = "-40"
\o Setting temp(T) = -40
\o Setting var vdd = "2.97"
\o 
\o *Info*    Netlist Directory =
\o           /home/hrahimi/projects/POTENTIOSTAT_26/Sim/Potentiostat_Top/top/maestro/results/maestro/Interactive.343/58/PTAT/netlist
\o 
\o 
\o *Info*    Data Directory    =
\o           /home/hrahimi/projects/POTENTIOSTAT_26/Sim/Potentiostat_Top/top/maestro/results/maestro/Interactive.343/58/PTAT
\o 
\o Reusing AHDL Data dir
\o generate netlist...
\o function ansCdlCompPrim redefined
\o Ignoring netlist creation since ignoreDesignChangesDuringRun is set to true
\o       ...successful.
\o compose simulator input file...
\o       ...successful.
\o WARNING (ADE-3080): Fast viewing extensions for PSF XL format (also known as RTSF) will be discontinued  
\o        and Virtuoso Visualization and Analysis XL will not use RTSF data to plot waveforms from IC6.1.8 ISR7 onward. 
\o        There will be no performance impact on data visualization due to this change.
\o [2026-06-02 17:43:32.462 Z] [PROCESS] [cadence.virtuoso.ade.services.netlister] - Current memory used: 874.9141 MBytes, peak memory used: 874.9141 MBytes {"hostname": "il2244vt26_hrahimi", "processid": 2065497, "testname": "PTAT", "point": 58, "logfile": "/home/hrahimi/projects/POTENTIOSTAT_26/logs_hrahimi/logs0/Service211.log"}
\o [2026-06-02 17:43:32.463 Z] [INFO] [cadence.virtuoso.ade.services.netlister] - Finished netlisting {"point": 58, "testname": "PTAT"}
\o [2026-06-02 17:43:32.465 Z] [EVENT] [cadence.virtuoso.ade.services.netlister] - NewPoint {"point": 59, "testname": "PTAT", "event": "NewPoint", "EventSource": "Netlist Service", "HistoryName": "Interactive.343", "logFile": "/home/hrahimi/projects/POTENTIOSTAT_26/logs_hrahimi/logs0/Service211.log", "logFileSize": "495323"}
\o [2026-06-02 17:43:32.466 Z] [INFO] [cadence.virtuoso.ade.services.netlister] - Started netlisting {"point": 59, "testname": "PTAT"}
\o Resetting statistical vars
\o 
\o *Info*    Setting parameter values ...
\o 
\o Setting var temperature = "85"
\o Setting temp(T) = 85
\o 
\o *Info*    Netlist Directory =
\o           /home/hrahimi/projects/POTENTIOSTAT_26/Sim/Potentiostat_Top/top/maestro/results/maestro/Interactive.343/59/PTAT/netlist
\o 
\o 
\o *Info*    Data Directory    =
\o           /home/hrahimi/projects/POTENTIOSTAT_26/Sim/Potentiostat_Top/top/maestro/results/maestro/Interactive.343/59/PTAT
\o 
\o Reusing AHDL Data dir
\o generate netlist...
\o function ansCdlCompPrim redefined
\o Ignoring netlist creation since ignoreDesignChangesDuringRun is set to true
\o       ...successful.
\o compose simulator input file...
\o       ...successful.
\o WARNING (ADE-3080): Fast viewing extensions for PSF XL format (also known as RTSF) will be discontinued  
\o        and Virtuoso Visualization and Analysis XL will not use RTSF data to plot waveforms from IC6.1.8 ISR7 onward. 
\o        There will be no performance impact on data visualization due to this change.
\o [2026-06-02 17:43:33.101 Z] [PROCESS] [cadence.virtuoso.ade.services.netlister] - Current memory used: 874.9141 MBytes, peak memory used: 874.9141 MBytes {"hostname": "il2244vt26_hrahimi", "processid": 2065497, "testname": "PTAT", "point": 59, "logfile": "/home/hrahimi/projects/POTENTIOSTAT_26/logs_hrahimi/logs0/Service211.log"}
\o [2026-06-02 17:43:33.102 Z] [INFO] [cadence.virtuoso.ade.services.netlister] - Finished netlisting {"point": 59, "testname": "PTAT"}
\o [2026-06-02 17:43:33.105 Z] [EVENT] [cadence.virtuoso.ade.services.netlister] - NewPoint {"point": 60, "testname": "PTAT", "event": "NewPoint", "EventSource": "Netlist Service", "HistoryName": "Interactive.343", "logFile": "/home/hrahimi/projects/POTENTIOSTAT_26/logs_hrahimi/logs0/Service211.log", "logFileSize": "497298"}
\o [2026-06-02 17:43:33.105 Z] [INFO] [cadence.virtuoso.ade.services.netlister] - Started netlisting {"point": 60, "testname": "PTAT"}
\o Resetting statistical vars
\o 
\o *Info*    Setting parameter values ...
\o 
\o Setting var temperature = "-40"
\o Setting temp(T) = -40
\o Setting var vdd = "3.63"
\o 
\o *Info*    Netlist Directory =
\o           /home/hrahimi/projects/POTENTIOSTAT_26/Sim/Potentiostat_Top/top/maestro/results/maestro/Interactive.343/60/PTAT/netlist
\o 
\o 
\o *Info*    Data Directory    =
\o           /home/hrahimi/projects/POTENTIOSTAT_26/Sim/Potentiostat_Top/top/maestro/results/maestro/Interactive.343/60/PTAT
\o 
\o Reusing AHDL Data dir
\o generate netlist...
\o function ansCdlCompPrim redefined
\o Ignoring netlist creation since ignoreDesignChangesDuringRun is set to true
\o       ...successful.
\o compose simulator input file...
\o       ...successful.
\o WARNING (ADE-3080): Fast viewing extensions for PSF XL format (also known as RTSF) will be discontinued  
\o        and Virtuoso Visualization and Analysis XL will not use RTSF data to plot waveforms from IC6.1.8 ISR7 onward. 
\o        There will be no performance impact on data visualization due to this change.
\o [2026-06-02 17:43:33.807 Z] [PROCESS] [cadence.virtuoso.ade.services.netlister] - Current memory used: 874.9141 MBytes, peak memory used: 874.9141 MBytes {"hostname": "il2244vt26_hrahimi", "processid": 2065497, "testname": "PTAT", "point": 60, "logfile": "/home/hrahimi/projects/POTENTIOSTAT_26/logs_hrahimi/logs0/Service211.log"}
\o [2026-06-02 17:43:33.808 Z] [INFO] [cadence.virtuoso.ade.services.netlister] - Finished netlisting {"point": 60, "testname": "PTAT"}
\o [2026-06-02 17:43:33.811 Z] [EVENT] [cadence.virtuoso.ade.services.netlister] - NewPoint {"point": 61, "testname": "PTAT", "event": "NewPoint", "EventSource": "Netlist Service", "HistoryName": "Interactive.343", "logFile": "/home/hrahimi/projects/POTENTIOSTAT_26/logs_hrahimi/logs0/Service211.log", "logFileSize": "499303"}
\o [2026-06-02 17:43:33.811 Z] [INFO] [cadence.virtuoso.ade.services.netlister] - Started netlisting {"point": 61, "testname": "PTAT"}
\o Resetting statistical vars
\o 
\o *Info*    Setting parameter values ...
\o 
\o Setting var temperature = "85"
\o Setting temp(T) = 85
\o 
\o *Info*    Netlist Directory =
\o           /home/hrahimi/projects/POTENTIOSTAT_26/Sim/Potentiostat_Top/top/maestro/results/maestro/Interactive.343/61/PTAT/netlist
\o 
\o 
\o *Info*    Data Directory    =
\o           /home/hrahimi/projects/POTENTIOSTAT_26/Sim/Potentiostat_Top/top/maestro/results/maestro/Interactive.343/61/PTAT
\o 
\o Reusing AHDL Data dir
\o generate netlist...
\o function ansCdlCompPrim redefined
\o Ignoring netlist creation since ignoreDesignChangesDuringRun is set to true
\o       ...successful.
\o compose simulator input file...
\o       ...successful.
\o WARNING (ADE-3080): Fast viewing extensions for PSF XL format (also known as RTSF) will be discontinued  
\o        and Virtuoso Visualization and Analysis XL will not use RTSF data to plot waveforms from IC6.1.8 ISR7 onward. 
\o        There will be no performance impact on data visualization due to this change.
\o [2026-06-02 17:43:34.476 Z] [PROCESS] [cadence.virtuoso.ade.services.netlister] - Current memory used: 874.9141 MBytes, peak memory used: 874.9141 MBytes {"hostname": "il2244vt26_hrahimi", "processid": 2065497, "testname": "PTAT", "point": 61, "logfile": "/home/hrahimi/projects/POTENTIOSTAT_26/logs_hrahimi/logs0/Service211.log"}
\o [2026-06-02 17:43:34.477 Z] [INFO] [cadence.virtuoso.ade.services.netlister] - Finished netlisting {"point": 61, "testname": "PTAT"}
\o [2026-06-02 17:43:34.479 Z] [EVENT] [cadence.virtuoso.ade.services.netlister] - NewPoint {"point": 62, "testname": "PTAT", "event": "NewPoint", "EventSource": "Netlist Service", "HistoryName": "Interactive.343", "logFile": "/home/hrahimi/projects/POTENTIOSTAT_26/logs_hrahimi/logs0/Service211.log", "logFileSize": "501278"}
\o [2026-06-02 17:43:34.480 Z] [INFO] [cadence.virtuoso.ade.services.netlister] - Started netlisting {"point": 62, "testname": "PTAT"}
\o Resetting statistical vars
\o 
\o *Info*    Setting parameter values ...
\o 
\o Setting var temperature = "-40"
\o Setting temp(T) = -40
\o Setting var vdd = "2.97"
\o 
\o *Info*    Netlist Directory =
\o           /home/hrahimi/projects/POTENTIOSTAT_26/Sim/Potentiostat_Top/top/maestro/results/maestro/Interactive.343/62/PTAT/netlist
\o 
\o 
\o *Info*    Data Directory    =
\o           /home/hrahimi/projects/POTENTIOSTAT_26/Sim/Potentiostat_Top/top/maestro/results/maestro/Interactive.343/62/PTAT
\o 
\o Reusing AHDL Data dir
\o generate netlist...
\o function ansCdlCompPrim redefined
\o Ignoring netlist creation since ignoreDesignChangesDuringRun is set to true
\o       ...successful.
\o compose simulator input file...
\o       ...successful.
\o WARNING (ADE-3080): Fast viewing extensions for PSF XL format (also known as RTSF) will be discontinued  
\o        and Virtuoso Visualization and Analysis XL will not use RTSF data to plot waveforms from IC6.1.8 ISR7 onward. 
\o        There will be no performance impact on data visualization due to this change.
\o [2026-06-02 17:43:35.194 Z] [PROCESS] [cadence.virtuoso.ade.services.netlister] - Current memory used: 874.9141 MBytes, peak memory used: 874.9141 MBytes {"hostname": "il2244vt26_hrahimi", "processid": 2065497, "testname": "PTAT", "point": 62, "logfile": "/home/hrahimi/projects/POTENTIOSTAT_26/logs_hrahimi/logs0/Service211.log"}
\o [2026-06-02 17:43:35.195 Z] [INFO] [cadence.virtuoso.ade.services.netlister] - Finished netlisting {"point": 62, "testname": "PTAT"}
\o [2026-06-02 17:43:35.198 Z] [EVENT] [cadence.virtuoso.ade.services.netlister] - NewPoint {"point": 63, "testname": "PTAT", "event": "NewPoint", "EventSource": "Netlist Service", "HistoryName": "Interactive.343", "logFile": "/home/hrahimi/projects/POTENTIOSTAT_26/logs_hrahimi/logs0/Service211.log", "logFileSize": "503283"}
\o [2026-06-02 17:43:35.198 Z] [INFO] [cadence.virtuoso.ade.services.netlister] - Started netlisting {"point": 63, "testname": "PTAT"}
\o Resetting statistical vars
\o 
\o *Info*    Setting parameter values ...
\o 
\o Setting var temperature = "85"
\o Setting temp(T) = 85
\o 
\o *Info*    Netlist Directory =
\o           /home/hrahimi/projects/POTENTIOSTAT_26/Sim/Potentiostat_Top/top/maestro/results/maestro/Interactive.343/63/PTAT/netlist
\o 
\o 
\o *Info*    Data Directory    =
\o           /home/hrahimi/projects/POTENTIOSTAT_26/Sim/Potentiostat_Top/top/maestro/results/maestro/Interactive.343/63/PTAT
\o 
\o Reusing AHDL Data dir
\o generate netlist...
\o function ansCdlCompPrim redefined
\o Ignoring netlist creation since ignoreDesignChangesDuringRun is set to true
\o       ...successful.
\o compose simulator input file...
\o       ...successful.
\o WARNING (ADE-3080): Fast viewing extensions for PSF XL format (also known as RTSF) will be discontinued  
\o        and Virtuoso Visualization and Analysis XL will not use RTSF data to plot waveforms from IC6.1.8 ISR7 onward. 
\o        There will be no performance impact on data visualization due to this change.
\o [2026-06-02 17:43:35.915 Z] [PROCESS] [cadence.virtuoso.ade.services.netlister] - Current memory used: 874.9141 MBytes, peak memory used: 874.9141 MBytes {"hostname": "il2244vt26_hrahimi", "processid": 2065497, "testname": "PTAT", "point": 63, "logfile": "/home/hrahimi/projects/POTENTIOSTAT_26/logs_hrahimi/logs0/Service211.log"}
\o [2026-06-02 17:43:35.916 Z] [INFO] [cadence.virtuoso.ade.services.netlister] - Finished netlisting {"point": 63, "testname": "PTAT"}
\o [2026-06-02 17:43:35.919 Z] [EVENT] [cadence.virtuoso.ade.services.netlister] - NewPoint {"point": 64, "testname": "PTAT", "event": "NewPoint", "EventSource": "Netlist Service", "HistoryName": "Interactive.343", "logFile": "/home/hrahimi/projects/POTENTIOSTAT_26/logs_hrahimi/logs0/Service211.log", "logFileSize": "505258"}
\o [2026-06-02 17:43:35.919 Z] [INFO] [cadence.virtuoso.ade.services.netlister] - Started netlisting {"point": 64, "testname": "PTAT"}
\o Resetting statistical vars
\o 
\o *Info*    Setting parameter values ...
\o 
\o Setting var temperature = "-40"
\o Setting temp(T) = -40
\o Setting var vdd = "3.63"
\o 
\o *Info*    Netlist Directory =
\o           /home/hrahimi/projects/POTENTIOSTAT_26/Sim/Potentiostat_Top/top/maestro/results/maestro/Interactive.343/64/PTAT/netlist
\o 
\o 
\o *Info*    Data Directory    =
\o           /home/hrahimi/projects/POTENTIOSTAT_26/Sim/Potentiostat_Top/top/maestro/results/maestro/Interactive.343/64/PTAT
\o 
\o Reusing AHDL Data dir
\o generate netlist...
\o function ansCdlCompPrim redefined
\o Ignoring netlist creation since ignoreDesignChangesDuringRun is set to true
\o       ...successful.
\o compose simulator input file...
\o       ...successful.
\o WARNING (ADE-3080): Fast viewing extensions for PSF XL format (also known as RTSF) will be discontinued  
\o        and Virtuoso Visualization and Analysis XL will not use RTSF data to plot waveforms from IC6.1.8 ISR7 onward. 
\o        There will be no performance impact on data visualization due to this change.
\o [2026-06-02 17:43:36.659 Z] [PROCESS] [cadence.virtuoso.ade.services.netlister] - Current memory used: 874.9141 MBytes, peak memory used: 874.9141 MBytes {"hostname": "il2244vt26_hrahimi", "processid": 2065497, "testname": "PTAT", "point": 64, "logfile": "/home/hrahimi/projects/POTENTIOSTAT_26/logs_hrahimi/logs0/Service211.log"}
\o [2026-06-02 17:43:36.661 Z] [INFO] [cadence.virtuoso.ade.services.netlister] - Finished netlisting {"point": 64, "testname": "PTAT"}
\o [2026-06-02 17:43:36.663 Z] [EVENT] [cadence.virtuoso.ade.services.netlister] - NewPoint {"point": 65, "testname": "PTAT", "event": "NewPoint", "EventSource": "Netlist Service", "HistoryName": "Interactive.343", "logFile": "/home/hrahimi/projects/POTENTIOSTAT_26/logs_hrahimi/logs0/Service211.log", "logFileSize": "507263"}
\o [2026-06-02 17:43:36.663 Z] [INFO] [cadence.virtuoso.ade.services.netlister] - Started netlisting {"point": 65, "testname": "PTAT"}
\o Resetting statistical vars
\o 
\o *Info*    Setting parameter values ...
\o 
\o Setting var temperature = "85"
\o Setting temp(T) = 85
\o 
\o *Info*    Netlist Directory =
\o           /home/hrahimi/projects/POTENTIOSTAT_26/Sim/Potentiostat_Top/top/maestro/results/maestro/Interactive.343/65/PTAT/netlist
\o 
\o 
\o *Info*    Data Directory    =
\o           /home/hrahimi/projects/POTENTIOSTAT_26/Sim/Potentiostat_Top/top/maestro/results/maestro/Interactive.343/65/PTAT
\o 
\o Reusing AHDL Data dir
\o generate netlist...
\o function ansCdlCompPrim redefined
\o Ignoring netlist creation since ignoreDesignChangesDuringRun is set to true
\o       ...successful.
\o compose simulator input file...
\o       ...successful.
\o WARNING (ADE-3080): Fast viewing extensions for PSF XL format (also known as RTSF) will be discontinued  
\o        and Virtuoso Visualization and Analysis XL will not use RTSF data to plot waveforms from IC6.1.8 ISR7 onward. 
\o        There will be no performance impact on data visualization due to this change.
\o [2026-06-02 17:43:37.569 Z] [PROCESS] [cadence.virtuoso.ade.services.netlister] - Current memory used: 874.9141 MBytes, peak memory used: 874.9141 MBytes {"hostname": "il2244vt26_hrahimi", "processid": 2065497, "testname": "PTAT", "point": 65, "logfile": "/home/hrahimi/projects/POTENTIOSTAT_26/logs_hrahimi/logs0/Service211.log"}
\o [2026-06-02 17:43:37.570 Z] [INFO] [cadence.virtuoso.ade.services.netlister] - Finished netlisting {"point": 65, "testname": "PTAT"}
\o Simulation design variables differ from those on the cellView,
\o they have been saved in the file "/tmp/saved-design-variables".
\o To save future changes, copy variables to cellView before exiting.
\# Lic Summary:
\# [17:48:40.425144] Cdslmd servers:3000@lic08.ug.kth.se:29000@lic06.ug.kth.se
\# [17:48:40.425168] Feature usage summary:
\# Memory report: on exit            590 MB, process size 2,352 MB at UTC 2026.06.02 17:48:40.949
\# Memory report: peak usage         590 MB, process size 2,355 MB
